match_id,season_id,division,group_id,player_a_id,player_b_id,score_a,score_b,winner_id,score_model
2005-s1-single-GA-0-1,2005-s1,single,2005-s1-single-GA,P0027,P0141,7,3,P0027,set-scores
2005-s1-single-GA-0-2,2005-s1,single,2005-s1-single-GA,P0027,P0082,6,4,P0027,set-scores
2005-s1-single-GA-0-3,2005-s1,single,2005-s1-single-GA,P0027,P0131,9,1,P0027,set-scores
2005-s1-single-GA-0-4,2005-s1,single,2005-s1-single-GA,P0027,P0014,8,2,P0027,set-scores
2005-s1-single-GA-0-5,2005-s1,single,2005-s1-single-GA,P0027,P0099,7,3,P0027,set-scores
2005-s1-single-GA-0-6,2005-s1,single,2005-s1-single-GA,P0027,P0055,7,3,P0027,set-scores
2005-s1-single-GA-0-7,2005-s1,single,2005-s1-single-GA,P0027,P0156,9,1,P0027,set-scores
2005-s1-single-GA-1-2,2005-s1,single,2005-s1-single-GA,P0141,P0082,3,7,P0082,set-scores
2005-s1-single-GA-1-4,2005-s1,single,2005-s1-single-GA,P0141,P0014,1,9,P0014,set-scores
2005-s1-single-GA-1-6,2005-s1,single,2005-s1-single-GA,P0141,P0055,6,4,P0141,set-scores
2005-s1-single-GA-2-3,2005-s1,single,2005-s1-single-GA,P0082,P0131,8,2,P0082,set-scores
2005-s1-single-GA-2-4,2005-s1,single,2005-s1-single-GA,P0082,P0014,4,6,P0014,set-scores
2005-s1-single-GA-2-5,2005-s1,single,2005-s1-single-GA,P0082,P0099,7,3,P0082,set-scores
2005-s1-single-GA-2-6,2005-s1,single,2005-s1-single-GA,P0082,P0055,4,6,P0055,set-scores
2005-s1-single-GA-2-7,2005-s1,single,2005-s1-single-GA,P0082,P0156,7,3,P0082,set-scores
2005-s1-single-GA-3-4,2005-s1,single,2005-s1-single-GA,P0131,P0014,2,8,P0014,set-scores
2005-s1-single-GA-3-5,2005-s1,single,2005-s1-single-GA,P0131,P0099,6,4,P0131,set-scores
2005-s1-single-GA-3-6,2005-s1,single,2005-s1-single-GA,P0131,P0055,3,7,P0055,set-scores
2005-s1-single-GA-3-7,2005-s1,single,2005-s1-single-GA,P0131,P0156,9,1,P0131,set-scores
2005-s1-single-GA-4-5,2005-s1,single,2005-s1-single-GA,P0014,P0099,3,7,P0099,set-scores
2005-s1-single-GA-4-6,2005-s1,single,2005-s1-single-GA,P0014,P0055,8,2,P0014,set-scores
2005-s1-single-GA-4-7,2005-s1,single,2005-s1-single-GA,P0014,P0156,6,4,P0014,set-scores
2005-s1-single-GA-5-6,2005-s1,single,2005-s1-single-GA,P0099,P0055,2,8,P0055,set-scores
2005-s1-single-GA-5-7,2005-s1,single,2005-s1-single-GA,P0099,P0156,4,6,P0156,set-scores
2005-s1-single-GB-0-1,2005-s1,single,2005-s1-single-GB,P0018,P0006,7,3,P0018,set-scores
2005-s1-single-GB-0-2,2005-s1,single,2005-s1-single-GB,P0018,P0008,3,7,P0008,set-scores
2005-s1-single-GB-0-3,2005-s1,single,2005-s1-single-GB,P0018,P0137,6,4,P0018,set-scores
2005-s1-single-GB-0-4,2005-s1,single,2005-s1-single-GB,P0018,P0108,10,0,P0018,set-scores
2005-s1-single-GB-0-5,2005-s1,single,2005-s1-single-GB,P0018,P0002,6,4,P0018,set-scores
2005-s1-single-GB-0-6,2005-s1,single,2005-s1-single-GB,P0018,P0143,8,2,P0018,set-scores
2005-s1-single-GB-0-7,2005-s1,single,2005-s1-single-GB,P0018,P0115,8,2,P0018,set-scores
2005-s1-single-GB-1-2,2005-s1,single,2005-s1-single-GB,P0006,P0008,4,6,P0008,set-scores
2005-s1-single-GB-1-3,2005-s1,single,2005-s1-single-GB,P0006,P0137,6,4,P0006,set-scores
2005-s1-single-GB-1-4,2005-s1,single,2005-s1-single-GB,P0006,P0108,7,3,P0006,set-scores
2005-s1-single-GB-1-5,2005-s1,single,2005-s1-single-GB,P0006,P0002,7,3,P0006,set-scores
2005-s1-single-GB-1-6,2005-s1,single,2005-s1-single-GB,P0006,P0143,6,4,P0006,set-scores
2005-s1-single-GB-1-7,2005-s1,single,2005-s1-single-GB,P0006,P0115,7,3,P0006,set-scores
2005-s1-single-GB-2-4,2005-s1,single,2005-s1-single-GB,P0008,P0108,8,2,P0008,set-scores
2005-s1-single-GB-2-5,2005-s1,single,2005-s1-single-GB,P0008,P0002,5,5,,set-scores
2005-s1-single-GB-2-6,2005-s1,single,2005-s1-single-GB,P0008,P0143,7,3,P0008,set-scores
2005-s1-single-GB-3-5,2005-s1,single,2005-s1-single-GB,P0137,P0002,2,8,P0002,set-scores
2005-s1-single-GB-4-5,2005-s1,single,2005-s1-single-GB,P0108,P0002,3,7,P0002,set-scores
2005-s1-single-GB-5-6,2005-s1,single,2005-s1-single-GB,P0002,P0143,4,6,P0143,set-scores
2005-s1-single-GB-5-7,2005-s1,single,2005-s1-single-GB,P0002,P0115,6,4,P0002,set-scores
2005-s1-single-GC-0-1,2005-s1,single,2005-s1-single-GC,P0058,P0107,7,3,P0058,set-scores
2005-s1-single-GC-0-3,2005-s1,single,2005-s1-single-GC,P0058,P0067,4,6,P0067,set-scores
2005-s1-single-GC-0-4,2005-s1,single,2005-s1-single-GC,P0058,P0155,9,1,P0058,set-scores
2005-s1-single-GC-0-7,2005-s1,single,2005-s1-single-GC,P0058,P0078,4,6,P0078,set-scores
2005-s1-single-GC-1-2,2005-s1,single,2005-s1-single-GC,P0107,P0044,8,2,P0107,set-scores
2005-s1-single-GC-1-3,2005-s1,single,2005-s1-single-GC,P0107,P0067,3,7,P0067,set-scores
2005-s1-single-GC-1-4,2005-s1,single,2005-s1-single-GC,P0107,P0155,7,3,P0107,set-scores
2005-s1-single-GC-1-6,2005-s1,single,2005-s1-single-GC,P0107,P0052,9,1,P0107,set-scores
2005-s1-single-GC-1-7,2005-s1,single,2005-s1-single-GC,P0107,P0078,6,4,P0107,set-scores
2005-s1-single-GC-3-4,2005-s1,single,2005-s1-single-GC,P0067,P0155,7,3,P0067,set-scores
2005-s1-single-GC-3-5,2005-s1,single,2005-s1-single-GC,P0067,P0134,7,3,P0067,set-scores
2005-s1-single-GC-3-7,2005-s1,single,2005-s1-single-GC,P0067,P0078,5,5,,set-scores
2005-s1-single-GC-4-6,2005-s1,single,2005-s1-single-GC,P0155,P0052,2,8,P0052,set-scores
2005-s1-single-GC-4-7,2005-s1,single,2005-s1-single-GC,P0155,P0078,1,9,P0078,set-scores
2005-s1-single-GC-5-6,2005-s1,single,2005-s1-single-GC,P0134,P0052,1,9,P0052,set-scores
2005-s1-single-GD-0-1,2005-s1,single,2005-s1-single-GD,P0036,P0049,4,6,P0049,set-scores
2005-s1-single-GD-0-2,2005-s1,single,2005-s1-single-GD,P0036,P0122,9,1,P0036,set-scores
2005-s1-single-GD-0-3,2005-s1,single,2005-s1-single-GD,P0036,P0046,6,4,P0036,set-scores
2005-s1-single-GD-0-5,2005-s1,single,2005-s1-single-GD,P0036,P0121,8,2,P0036,set-scores
2005-s1-single-GD-0-6,2005-s1,single,2005-s1-single-GD,P0036,P0007,5,5,,set-scores
2005-s1-single-GD-1-2,2005-s1,single,2005-s1-single-GD,P0049,P0122,10,0,P0049,set-scores
2005-s1-single-GD-1-3,2005-s1,single,2005-s1-single-GD,P0049,P0046,5,5,,set-scores
2005-s1-single-GD-1-4,2005-s1,single,2005-s1-single-GD,P0049,P0015,8,2,P0049,set-scores
2005-s1-single-GD-1-5,2005-s1,single,2005-s1-single-GD,P0049,P0121,6,4,P0049,set-scores
2005-s1-single-GD-1-6,2005-s1,single,2005-s1-single-GD,P0049,P0007,5,5,,set-scores
2005-s1-single-GD-1-7,2005-s1,single,2005-s1-single-GD,P0049,P0092,7,3,P0049,set-scores
2005-s1-single-GD-2-3,2005-s1,single,2005-s1-single-GD,P0122,P0046,0,10,P0046,set-scores
2005-s1-single-GD-2-5,2005-s1,single,2005-s1-single-GD,P0122,P0121,8,2,P0122,set-scores
2005-s1-single-GD-3-5,2005-s1,single,2005-s1-single-GD,P0046,P0121,5,5,,set-scores
2005-s1-single-GD-3-6,2005-s1,single,2005-s1-single-GD,P0046,P0007,4,6,P0007,set-scores
2005-s1-single-GD-3-7,2005-s1,single,2005-s1-single-GD,P0046,P0092,10,0,P0046,set-scores
2005-s1-single-GD-4-5,2005-s1,single,2005-s1-single-GD,P0015,P0121,6,4,P0015,set-scores
2005-s1-single-GD-4-6,2005-s1,single,2005-s1-single-GD,P0015,P0007,7,3,P0015,set-scores
2005-s1-single-GD-5-6,2005-s1,single,2005-s1-single-GD,P0121,P0007,3,7,P0007,set-scores
2005-s1-single-GD-5-7,2005-s1,single,2005-s1-single-GD,P0121,P0092,6,4,P0121,set-scores
2005-s1-single-GD-6-7,2005-s1,single,2005-s1-single-GD,P0007,P0092,2,8,P0092,set-scores
2005-s2-single-GA-0-1,2005-s2,single,2005-s2-single-GA,P0005,P0018,3,7,P0018,set-scores
2005-s2-single-GA-0-2,2005-s2,single,2005-s2-single-GA,P0005,P0082,6,4,P0005,set-scores
2005-s2-single-GA-0-3,2005-s2,single,2005-s2-single-GA,P0005,P0092,9,1,P0005,set-scores
2005-s2-single-GA-0-4,2005-s2,single,2005-s2-single-GA,P0005,P0150,10,0,P0005,set-scores
2005-s2-single-GA-0-5,2005-s2,single,2005-s2-single-GA,P0005,P0043,6,4,P0005,set-scores
2005-s2-single-GA-0-6,2005-s2,single,2005-s2-single-GA,P0005,P0058,4,6,P0058,set-scores
2005-s2-single-GA-1-2,2005-s2,single,2005-s2-single-GA,P0018,P0082,7,3,P0018,set-scores
2005-s2-single-GA-1-3,2005-s2,single,2005-s2-single-GA,P0018,P0092,6,4,P0018,set-scores
2005-s2-single-GA-1-4,2005-s2,single,2005-s2-single-GA,P0018,P0150,10,0,P0018,set-scores
2005-s2-single-GA-1-6,2005-s2,single,2005-s2-single-GA,P0018,P0058,9,1,P0018,set-scores
2005-s2-single-GA-2-4,2005-s2,single,2005-s2-single-GA,P0082,P0150,10,0,P0082,set-scores
2005-s2-single-GA-2-5,2005-s2,single,2005-s2-single-GA,P0082,P0043,6,4,P0082,set-scores
2005-s2-single-GA-2-6,2005-s2,single,2005-s2-single-GA,P0082,P0058,7,3,P0082,set-scores
2005-s2-single-GA-3-4,2005-s2,single,2005-s2-single-GA,P0092,P0150,10,0,P0092,set-scores
2005-s2-single-GA-4-5,2005-s2,single,2005-s2-single-GA,P0150,P0043,0,10,P0043,set-scores
2005-s2-single-GA-4-6,2005-s2,single,2005-s2-single-GA,P0150,P0058,0,10,P0058,set-scores
2005-s2-single-GA-5-6,2005-s2,single,2005-s2-single-GA,P0043,P0058,2,8,P0058,set-scores
2005-s2-single-GB-0-1,2005-s2,single,2005-s2-single-GB,P0027,P0003,6,4,P0027,set-scores
2005-s2-single-GB-0-2,2005-s2,single,2005-s2-single-GB,P0027,P0145,8,2,P0027,set-scores
2005-s2-single-GB-0-3,2005-s2,single,2005-s2-single-GB,P0027,P0144,6,4,P0027,set-scores
2005-s2-single-GB-0-4,2005-s2,single,2005-s2-single-GB,P0027,P0148,9,1,P0027,set-scores
2005-s2-single-GB-0-5,2005-s2,single,2005-s2-single-GB,P0027,P0012,5,5,,set-scores
2005-s2-single-GB-0-6,2005-s2,single,2005-s2-single-GB,P0027,P0100,10,0,P0027,set-scores
2005-s2-single-GB-1-2,2005-s2,single,2005-s2-single-GB,P0003,P0145,3,7,P0145,set-scores
2005-s2-single-GB-1-6,2005-s2,single,2005-s2-single-GB,P0003,P0100,10,0,P0003,set-scores
2005-s2-single-GB-2-3,2005-s2,single,2005-s2-single-GB,P0145,P0144,10,0,P0145,set-scores
2005-s2-single-GB-2-4,2005-s2,single,2005-s2-single-GB,P0145,P0148,6,4,P0145,set-scores
2005-s2-single-GB-2-5,2005-s2,single,2005-s2-single-GB,P0145,P0012,6,4,P0145,set-scores
2005-s2-single-GB-2-6,2005-s2,single,2005-s2-single-GB,P0145,P0100,10,0,P0145,set-scores
2005-s2-single-GB-3-6,2005-s2,single,2005-s2-single-GB,P0144,P0100,10,0,P0144,set-scores
2005-s2-single-GB-4-6,2005-s2,single,2005-s2-single-GB,P0148,P0100,10,0,P0148,set-scores
2005-s2-single-GB-5-6,2005-s2,single,2005-s2-single-GB,P0012,P0100,10,0,P0012,set-scores
2005-s2-single-GC-0-3,2005-s2,single,2005-s2-single-GC,P0038,P0125,10,0,P0038,set-scores
2005-s2-single-GC-0-4,2005-s2,single,2005-s2-single-GC,P0038,P0007,4,6,P0007,set-scores
2005-s2-single-GC-0-6,2005-s2,single,2005-s2-single-GC,P0038,P0131,7,3,P0038,set-scores
2005-s2-single-GC-1-2,2005-s2,single,2005-s2-single-GC,P0046,P0019,6,4,P0046,set-scores
2005-s2-single-GC-1-3,2005-s2,single,2005-s2-single-GC,P0046,P0125,10,0,P0046,set-scores
2005-s2-single-GC-1-4,2005-s2,single,2005-s2-single-GC,P0046,P0007,7,3,P0046,set-scores
2005-s2-single-GC-1-5,2005-s2,single,2005-s2-single-GC,P0046,P0096,7,3,P0046,set-scores
2005-s2-single-GC-1-6,2005-s2,single,2005-s2-single-GC,P0046,P0131,5,5,,set-scores
2005-s2-single-GC-2-3,2005-s2,single,2005-s2-single-GC,P0019,P0125,10,0,P0019,set-scores
2005-s2-single-GC-2-4,2005-s2,single,2005-s2-single-GC,P0019,P0007,0,10,P0007,set-scores
2005-s2-single-GC-2-5,2005-s2,single,2005-s2-single-GC,P0019,P0096,5,5,,set-scores
2005-s2-single-GC-2-6,2005-s2,single,2005-s2-single-GC,P0019,P0131,3,7,P0131,set-scores
2005-s2-single-GC-4-5,2005-s2,single,2005-s2-single-GC,P0007,P0096,7,3,P0007,set-scores
2005-s2-single-GC-4-6,2005-s2,single,2005-s2-single-GC,P0007,P0131,1,9,P0131,set-scores
2005-s2-single-GC-5-6,2005-s2,single,2005-s2-single-GC,P0096,P0131,2,8,P0131,set-scores
2005-s2-single-GD-0-4,2005-s2,single,2005-s2-single-GD,P0128,P0080,3,7,P0080,set-scores
2005-s2-single-GD-0-5,2005-s2,single,2005-s2-single-GD,P0128,P0079,10,0,P0128,set-scores
2005-s2-single-GD-1-2,2005-s2,single,2005-s2-single-GD,P0060,P0143,7,3,P0060,set-scores
2005-s2-single-GD-1-3,2005-s2,single,2005-s2-single-GD,P0060,P0041,8,2,P0060,set-scores
2005-s2-single-GD-1-4,2005-s2,single,2005-s2-single-GD,P0060,P0080,4,6,P0080,set-scores
2005-s2-single-GD-1-5,2005-s2,single,2005-s2-single-GD,P0060,P0079,10,0,P0060,set-scores
2005-s2-single-GD-1-6,2005-s2,single,2005-s2-single-GD,P0060,P0024,4,6,P0024,set-scores
2005-s2-single-GD-2-3,2005-s2,single,2005-s2-single-GD,P0143,P0041,6,4,P0143,set-scores
2005-s2-single-GD-2-4,2005-s2,single,2005-s2-single-GD,P0143,P0080,7,3,P0143,set-scores
2005-s2-single-GD-2-5,2005-s2,single,2005-s2-single-GD,P0143,P0079,10,0,P0143,set-scores
2005-s2-single-GD-2-6,2005-s2,single,2005-s2-single-GD,P0143,P0024,5,5,,set-scores
2005-s2-single-GD-3-4,2005-s2,single,2005-s2-single-GD,P0041,P0080,2,8,P0080,set-scores
2005-s2-single-GD-3-5,2005-s2,single,2005-s2-single-GD,P0041,P0079,10,0,P0041,set-scores
2005-s2-single-GD-3-6,2005-s2,single,2005-s2-single-GD,P0041,P0024,7,3,P0041,set-scores
2005-s2-single-GD-4-5,2005-s2,single,2005-s2-single-GD,P0080,P0079,10,0,P0080,set-scores
2005-s2-single-GD-4-6,2005-s2,single,2005-s2-single-GD,P0080,P0024,4,6,P0024,set-scores
2005-s2-single-GE-0-1,2005-s2,single,2005-s2-single-GE,P0057,P0103,0,10,P0103,set-scores
2005-s2-single-GE-0-2,2005-s2,single,2005-s2-single-GE,P0057,P0095,7,3,P0057,set-scores
2005-s2-single-GE-0-3,2005-s2,single,2005-s2-single-GE,P0057,P0127,7,3,P0057,set-scores
2005-s2-single-GE-0-4,2005-s2,single,2005-s2-single-GE,P0057,P0101,10,0,P0057,set-scores
2005-s2-single-GE-0-5,2005-s2,single,2005-s2-single-GE,P0057,P0040,7,3,P0057,set-scores
2005-s2-single-GE-0-6,2005-s2,single,2005-s2-single-GE,P0057,P0037,1,9,P0037,set-scores
2005-s2-single-GE-1-2,2005-s2,single,2005-s2-single-GE,P0103,P0095,8,2,P0103,set-scores
2005-s2-single-GE-1-3,2005-s2,single,2005-s2-single-GE,P0103,P0127,9,1,P0103,set-scores
2005-s2-single-GE-1-4,2005-s2,single,2005-s2-single-GE,P0103,P0101,10,0,P0103,set-scores
2005-s2-single-GE-1-5,2005-s2,single,2005-s2-single-GE,P0103,P0040,8,2,P0103,set-scores
2005-s2-single-GE-1-6,2005-s2,single,2005-s2-single-GE,P0103,P0037,6,4,P0103,set-scores
2005-s2-single-GE-2-3,2005-s2,single,2005-s2-single-GE,P0095,P0127,10,0,P0095,set-scores
2005-s2-single-GE-2-4,2005-s2,single,2005-s2-single-GE,P0095,P0101,10,0,P0095,set-scores
2005-s2-single-GE-2-5,2005-s2,single,2005-s2-single-GE,P0095,P0040,5,5,,set-scores
2005-s2-single-GE-2-6,2005-s2,single,2005-s2-single-GE,P0095,P0037,3,7,P0037,set-scores
2005-s2-single-GE-3-4,2005-s2,single,2005-s2-single-GE,P0127,P0101,10,0,P0127,set-scores
2005-s2-single-GE-3-5,2005-s2,single,2005-s2-single-GE,P0127,P0040,6,4,P0127,set-scores
2005-s2-single-GE-3-6,2005-s2,single,2005-s2-single-GE,P0127,P0037,3,7,P0037,set-scores
2005-s2-single-GE-5-6,2005-s2,single,2005-s2-single-GE,P0040,P0037,2,8,P0037,set-scores
2005-s2-single-GF-0-1,2005-s2,single,2005-s2-single-GF,P0063,P0087,3,7,P0087,set-scores
2005-s2-single-GF-0-2,2005-s2,single,2005-s2-single-GF,P0063,P0004,1,9,P0004,set-scores
2005-s2-single-GF-0-3,2005-s2,single,2005-s2-single-GF,P0063,P0089,5,5,,set-scores
2005-s2-single-GF-0-5,2005-s2,single,2005-s2-single-GF,P0063,P0070,0,10,P0070,set-scores
2005-s2-single-GF-1-2,2005-s2,single,2005-s2-single-GF,P0087,P0004,4,6,P0004,set-scores
2005-s2-single-GF-1-3,2005-s2,single,2005-s2-single-GF,P0087,P0089,5,5,,set-scores
2005-s2-single-GF-1-4,2005-s2,single,2005-s2-single-GF,P0087,P0108,6,4,P0087,set-scores
2005-s2-single-GF-1-5,2005-s2,single,2005-s2-single-GF,P0087,P0070,10,0,P0087,set-scores
2005-s2-single-GF-2-3,2005-s2,single,2005-s2-single-GF,P0004,P0089,4,6,P0089,set-scores
2005-s2-single-GF-2-4,2005-s2,single,2005-s2-single-GF,P0004,P0108,7,3,P0004,set-scores
2005-s2-single-GF-2-5,2005-s2,single,2005-s2-single-GF,P0004,P0070,5,5,,set-scores
2005-s2-single-GF-2-6,2005-s2,single,2005-s2-single-GF,P0004,P0081,4,6,P0081,set-scores
2005-s2-single-GF-3-4,2005-s2,single,2005-s2-single-GF,P0089,P0108,5,5,,set-scores
2005-s2-single-GF-3-5,2005-s2,single,2005-s2-single-GF,P0089,P0070,3,7,P0070,set-scores
2005-s2-single-GF-3-6,2005-s2,single,2005-s2-single-GF,P0089,P0081,2,8,P0081,set-scores
2005-s2-single-GF-4-5,2005-s2,single,2005-s2-single-GF,P0108,P0070,2,8,P0070,set-scores
2005-s2-single-GF-4-6,2005-s2,single,2005-s2-single-GF,P0108,P0081,1,9,P0081,set-scores
2005-s2-single-GF-5-6,2005-s2,single,2005-s2-single-GF,P0070,P0081,0,10,P0081,set-scores
2005-s3-single-GA-0-1,2005-s3,single,2005-s3-single-GA,P0005,P0007,6,4,P0005,set-scores
2005-s3-single-GA-0-2,2005-s3,single,2005-s3-single-GA,P0005,P0069,7,3,P0005,set-scores
2005-s3-single-GA-0-3,2005-s3,single,2005-s3-single-GA,P0005,P0139,7,3,P0005,set-scores
2005-s3-single-GA-0-4,2005-s3,single,2005-s3-single-GA,P0005,P0118,7,3,P0005,set-scores
2005-s3-single-GA-0-5,2005-s3,single,2005-s3-single-GA,P0005,P0109,8,2,P0005,set-scores
2005-s3-single-GA-1-2,2005-s3,single,2005-s3-single-GA,P0007,P0069,6,4,P0007,set-scores
2005-s3-single-GA-1-4,2005-s3,single,2005-s3-single-GA,P0007,P0118,6,4,P0007,set-scores
2005-s3-single-GA-1-5,2005-s3,single,2005-s3-single-GA,P0007,P0109,10,0,P0007,set-scores
2005-s3-single-GA-1-6,2005-s3,single,2005-s3-single-GA,P0007,P0082,8,2,P0007,set-scores
2005-s3-single-GA-2-3,2005-s3,single,2005-s3-single-GA,P0069,P0139,6,4,P0069,set-scores
2005-s3-single-GA-2-4,2005-s3,single,2005-s3-single-GA,P0069,P0118,3,7,P0118,set-scores
2005-s3-single-GA-2-5,2005-s3,single,2005-s3-single-GA,P0069,P0109,6,4,P0069,set-scores
2005-s3-single-GA-3-4,2005-s3,single,2005-s3-single-GA,P0139,P0118,4,6,P0118,set-scores
2005-s3-single-GA-3-5,2005-s3,single,2005-s3-single-GA,P0139,P0109,5,5,,set-scores
2005-s3-single-GA-3-6,2005-s3,single,2005-s3-single-GA,P0139,P0082,5,5,,set-scores
2005-s3-single-GA-4-5,2005-s3,single,2005-s3-single-GA,P0118,P0109,7,3,P0118,set-scores
2005-s3-single-GA-4-6,2005-s3,single,2005-s3-single-GA,P0118,P0082,0,10,P0082,set-scores
2005-s3-single-GB-0-1,2005-s3,single,2005-s3-single-GB,P0027,P0042,9,1,P0027,set-scores
2005-s3-single-GB-0-2,2005-s3,single,2005-s3-single-GB,P0027,P0072,5,5,,set-scores
2005-s3-single-GB-0-3,2005-s3,single,2005-s3-single-GB,P0027,P0022,10,0,P0027,set-scores
2005-s3-single-GB-0-4,2005-s3,single,2005-s3-single-GB,P0027,P0143,7,3,P0027,set-scores
2005-s3-single-GB-0-5,2005-s3,single,2005-s3-single-GB,P0027,P0099,8,2,P0027,set-scores
2005-s3-single-GB-1-2,2005-s3,single,2005-s3-single-GB,P0042,P0072,7,3,P0042,set-scores
2005-s3-single-GB-1-3,2005-s3,single,2005-s3-single-GB,P0042,P0022,10,0,P0042,set-scores
2005-s3-single-GB-1-4,2005-s3,single,2005-s3-single-GB,P0042,P0143,4,6,P0143,set-scores
2005-s3-single-GB-1-5,2005-s3,single,2005-s3-single-GB,P0042,P0099,8,2,P0042,set-scores
2005-s3-single-GB-1-6,2005-s3,single,2005-s3-single-GB,P0042,P0041,8,2,P0042,set-scores
2005-s3-single-GB-2-3,2005-s3,single,2005-s3-single-GB,P0072,P0022,10,0,P0072,set-scores
2005-s3-single-GB-2-4,2005-s3,single,2005-s3-single-GB,P0072,P0143,4,6,P0143,set-scores
2005-s3-single-GB-2-5,2005-s3,single,2005-s3-single-GB,P0072,P0099,8,2,P0072,set-scores
2005-s3-single-GB-2-6,2005-s3,single,2005-s3-single-GB,P0072,P0041,4,6,P0041,set-scores
2005-s3-single-GB-4-5,2005-s3,single,2005-s3-single-GB,P0143,P0099,6,4,P0143,set-scores
2005-s3-single-GB-4-6,2005-s3,single,2005-s3-single-GB,P0143,P0041,4,6,P0041,set-scores
2005-s3-single-GC-0-1,2005-s3,single,2005-s3-single-GC,P0130,P0053,7,3,P0130,set-scores
2005-s3-single-GC-0-2,2005-s3,single,2005-s3-single-GC,P0130,P0045,6,4,P0130,set-scores
2005-s3-single-GC-0-3,2005-s3,single,2005-s3-single-GC,P0130,P0105,3,7,P0105,set-scores
2005-s3-single-GC-0-4,2005-s3,single,2005-s3-single-GC,P0130,P0097,9,1,P0130,set-scores
2005-s3-single-GC-0-5,2005-s3,single,2005-s3-single-GC,P0130,P0123,6,4,P0130,set-scores
2005-s3-single-GC-0-6,2005-s3,single,2005-s3-single-GC,P0130,P0124,8,2,P0130,set-scores
2005-s3-single-GC-1-2,2005-s3,single,2005-s3-single-GC,P0053,P0045,4,6,P0045,set-scores
2005-s3-single-GC-1-3,2005-s3,single,2005-s3-single-GC,P0053,P0105,0,10,P0105,set-scores
2005-s3-single-GC-1-4,2005-s3,single,2005-s3-single-GC,P0053,P0097,3,7,P0097,set-scores
2005-s3-single-GC-1-5,2005-s3,single,2005-s3-single-GC,P0053,P0123,3,7,P0123,set-scores
2005-s3-single-GC-1-6,2005-s3,single,2005-s3-single-GC,P0053,P0124,6,4,P0053,set-scores
2005-s3-single-GC-2-3,2005-s3,single,2005-s3-single-GC,P0045,P0105,5,5,,set-scores
2005-s3-single-GC-2-4,2005-s3,single,2005-s3-single-GC,P0045,P0097,7,3,P0045,set-scores
2005-s3-single-GC-2-5,2005-s3,single,2005-s3-single-GC,P0045,P0123,5,5,,set-scores
2005-s3-single-GC-2-6,2005-s3,single,2005-s3-single-GC,P0045,P0124,6,4,P0045,set-scores
2005-s3-single-GC-3-4,2005-s3,single,2005-s3-single-GC,P0105,P0097,5,5,,set-scores
2005-s3-single-GC-3-5,2005-s3,single,2005-s3-single-GC,P0105,P0123,3,7,P0123,set-scores
2005-s3-single-GC-3-6,2005-s3,single,2005-s3-single-GC,P0105,P0124,4,6,P0124,set-scores
2005-s3-single-GC-4-5,2005-s3,single,2005-s3-single-GC,P0097,P0123,4,6,P0123,set-scores
2005-s3-single-GC-4-6,2005-s3,single,2005-s3-single-GC,P0097,P0124,3,7,P0124,set-scores
2005-s3-single-GD-0-1,2005-s3,single,2005-s3-single-GD,P0073,P0080,5,5,,set-scores
2005-s3-single-GD-0-2,2005-s3,single,2005-s3-single-GD,P0073,P0061,8,2,P0073,set-scores
2005-s3-single-GD-0-3,2005-s3,single,2005-s3-single-GD,P0073,P0016,6,4,P0073,set-scores
2005-s3-single-GD-0-4,2005-s3,single,2005-s3-single-GD,P0073,P0047,8,2,P0073,set-scores
2005-s3-single-GD-0-5,2005-s3,single,2005-s3-single-GD,P0073,P0011,7,3,P0073,set-scores
2005-s3-single-GD-0-6,2005-s3,single,2005-s3-single-GD,P0073,P0096,6,4,P0073,set-scores
2005-s3-single-GD-1-2,2005-s3,single,2005-s3-single-GD,P0080,P0061,6,4,P0080,set-scores
2005-s3-single-GD-1-4,2005-s3,single,2005-s3-single-GD,P0080,P0047,5,5,,set-scores
2005-s3-single-GD-1-5,2005-s3,single,2005-s3-single-GD,P0080,P0011,8,2,P0080,set-scores
2005-s3-single-GD-1-6,2005-s3,single,2005-s3-single-GD,P0080,P0096,9,1,P0080,set-scores
2005-s3-single-GD-2-4,2005-s3,single,2005-s3-single-GD,P0061,P0047,5,5,,set-scores
2005-s3-single-GD-2-5,2005-s3,single,2005-s3-single-GD,P0061,P0011,8,2,P0061,set-scores
2005-s3-single-GD-2-6,2005-s3,single,2005-s3-single-GD,P0061,P0096,8,2,P0061,set-scores
2005-s3-single-GD-3-6,2005-s3,single,2005-s3-single-GD,P0016,P0096,5,5,,set-scores
2005-s3-single-GD-4-6,2005-s3,single,2005-s3-single-GD,P0047,P0096,6,4,P0047,set-scores
2005-s3-single-GD-5-6,2005-s3,single,2005-s3-single-GD,P0011,P0096,3,7,P0096,set-scores
2005-s3-single-GE-0-1,2005-s3,single,2005-s3-single-GE,P0113,P0031,10,0,P0113,set-scores
2005-s3-single-GE-0-2,2005-s3,single,2005-s3-single-GE,P0113,P0002,6,4,P0113,set-scores
2005-s3-single-GE-0-3,2005-s3,single,2005-s3-single-GE,P0113,P0132,5,5,,set-scores
2005-s3-single-GE-0-4,2005-s3,single,2005-s3-single-GE,P0113,P0089,6,4,P0113,set-scores
2005-s3-single-GE-0-6,2005-s3,single,2005-s3-single-GE,P0113,P0039,8,2,P0113,set-scores
2005-s3-single-GE-2-3,2005-s3,single,2005-s3-single-GE,P0002,P0132,2,8,P0132,set-scores
2005-s3-single-GE-2-4,2005-s3,single,2005-s3-single-GE,P0002,P0089,6,4,P0002,set-scores
2005-s3-single-GE-2-6,2005-s3,single,2005-s3-single-GE,P0002,P0039,10,0,P0002,set-scores
2005-s3-single-GE-3-4,2005-s3,single,2005-s3-single-GE,P0132,P0089,8,2,P0132,set-scores
2005-s3-single-GE-3-5,2005-s3,single,2005-s3-single-GE,P0132,P0064,8,2,P0132,set-scores
2005-s3-single-GE-3-6,2005-s3,single,2005-s3-single-GE,P0132,P0039,7,3,P0132,set-scores
2005-s3-single-GE-4-6,2005-s3,single,2005-s3-single-GE,P0089,P0039,4,6,P0039,set-scores
2005-s3-single-GF-1-2,2005-s3,single,2005-s3-single-GF,P0076,P0004,3,7,P0004,set-scores
2005-s3-single-GF-1-3,2005-s3,single,2005-s3-single-GF,P0076,P0024,4,6,P0024,set-scores
2005-s3-single-GF-1-4,2005-s3,single,2005-s3-single-GF,P0076,P0068,4,6,P0068,set-scores
2005-s3-single-GF-1-6,2005-s3,single,2005-s3-single-GF,P0076,P0063,4,6,P0063,set-scores
2005-s3-single-GF-2-3,2005-s3,single,2005-s3-single-GF,P0004,P0024,6,4,P0004,set-scores
2005-s3-single-GF-2-4,2005-s3,single,2005-s3-single-GF,P0004,P0068,6,4,P0004,set-scores
2005-s3-single-GF-2-5,2005-s3,single,2005-s3-single-GF,P0004,P0142,9,1,P0004,set-scores
2005-s3-single-GF-2-6,2005-s3,single,2005-s3-single-GF,P0004,P0063,6,4,P0004,set-scores
2005-s3-single-GF-3-4,2005-s3,single,2005-s3-single-GF,P0024,P0068,5,5,,set-scores
2005-s3-single-GF-3-5,2005-s3,single,2005-s3-single-GF,P0024,P0142,3,7,P0142,set-scores
2005-s3-single-GF-3-6,2005-s3,single,2005-s3-single-GF,P0024,P0063,6,4,P0024,set-scores
2005-s3-single-GF-4-5,2005-s3,single,2005-s3-single-GF,P0068,P0142,4,6,P0142,set-scores
2005-s3-single-GF-4-6,2005-s3,single,2005-s3-single-GF,P0068,P0063,4,6,P0063,set-scores
2005-s3-single-GG-0-4,2005-s3,single,2005-s3-single-GG,P0084,P0025,5,5,,set-scores
2005-s3-single-GG-0-6,2005-s3,single,2005-s3-single-GG,P0084,P0001,0,10,P0001,set-scores
2005-s3-single-GG-1-2,2005-s3,single,2005-s3-single-GG,P0009,P0062,3,7,P0062,set-scores
2005-s3-single-GG-1-3,2005-s3,single,2005-s3-single-GG,P0009,P0017,3,7,P0017,set-scores
2005-s3-single-GG-1-6,2005-s3,single,2005-s3-single-GG,P0009,P0001,2,8,P0001,set-scores
2005-s3-single-GG-2-3,2005-s3,single,2005-s3-single-GG,P0062,P0017,4,6,P0017,set-scores
2005-s3-single-GG-2-4,2005-s3,single,2005-s3-single-GG,P0062,P0025,6,4,P0062,set-scores
2005-s3-single-GG-2-5,2005-s3,single,2005-s3-single-GG,P0062,P0030,6,4,P0062,set-scores
2005-s3-single-GG-2-6,2005-s3,single,2005-s3-single-GG,P0062,P0001,4,6,P0001,set-scores
2005-s3-single-GG-3-4,2005-s3,single,2005-s3-single-GG,P0017,P0025,8,2,P0017,set-scores
2005-s3-single-GG-3-5,2005-s3,single,2005-s3-single-GG,P0017,P0030,6,4,P0017,set-scores
2005-s3-single-GG-3-6,2005-s3,single,2005-s3-single-GG,P0017,P0001,0,10,P0001,set-scores
2005-s3-single-GG-4-6,2005-s3,single,2005-s3-single-GG,P0025,P0001,1,9,P0001,set-scores
2005-s4-single-GA-0-1,2005-s4,single,2005-s4-single-GA,P0123,P0132,1,9,P0132,set-scores
2005-s4-single-GA-0-2,2005-s4,single,2005-s4-single-GA,P0123,P0051,6,4,P0123,set-scores
2005-s4-single-GA-0-3,2005-s4,single,2005-s4-single-GA,P0123,P0153,10,0,P0123,set-scores
2005-s4-single-GA-0-4,2005-s4,single,2005-s4-single-GA,P0123,P0143,9,1,P0123,set-scores
2005-s4-single-GA-0-5,2005-s4,single,2005-s4-single-GA,P0123,P0009,8,2,P0123,set-scores
2005-s4-single-GA-0-6,2005-s4,single,2005-s4-single-GA,P0123,P0086,6,4,P0123,set-scores
2005-s4-single-GA-1-2,2005-s4,single,2005-s4-single-GA,P0132,P0051,7,3,P0132,set-scores
2005-s4-single-GA-1-3,2005-s4,single,2005-s4-single-GA,P0132,P0153,8,2,P0132,set-scores
2005-s4-single-GA-1-4,2005-s4,single,2005-s4-single-GA,P0132,P0143,4,6,P0143,set-scores
2005-s4-single-GA-1-5,2005-s4,single,2005-s4-single-GA,P0132,P0009,6,4,P0132,set-scores
2005-s4-single-GA-1-6,2005-s4,single,2005-s4-single-GA,P0132,P0086,6,4,P0132,set-scores
2005-s4-single-GA-2-3,2005-s4,single,2005-s4-single-GA,P0051,P0153,7,3,P0051,set-scores
2005-s4-single-GA-2-4,2005-s4,single,2005-s4-single-GA,P0051,P0143,2,8,P0143,set-scores
2005-s4-single-GA-2-5,2005-s4,single,2005-s4-single-GA,P0051,P0009,5,5,,set-scores
2005-s4-single-GA-2-6,2005-s4,single,2005-s4-single-GA,P0051,P0086,6,4,P0051,set-scores
2005-s4-single-GA-3-4,2005-s4,single,2005-s4-single-GA,P0153,P0143,4,6,P0143,set-scores
2005-s4-single-GA-3-5,2005-s4,single,2005-s4-single-GA,P0153,P0009,4,6,P0009,set-scores
2005-s4-single-GA-3-6,2005-s4,single,2005-s4-single-GA,P0153,P0086,3,7,P0086,set-scores
2005-s4-single-GA-4-5,2005-s4,single,2005-s4-single-GA,P0143,P0009,4,6,P0009,set-scores
2005-s4-single-GA-4-6,2005-s4,single,2005-s4-single-GA,P0143,P0086,5,5,,set-scores
2005-s4-single-GA-5-6,2005-s4,single,2005-s4-single-GA,P0009,P0086,8,2,P0009,set-scores
2005-s4-single-GB-0-1,2005-s4,single,2005-s4-single-GB,P0073,P0032,1,9,P0032,set-scores
2005-s4-single-GB-0-2,2005-s4,single,2005-s4-single-GB,P0073,P0151,4,6,P0151,set-scores
2005-s4-single-GB-0-3,2005-s4,single,2005-s4-single-GB,P0073,P0091,8,2,P0073,set-scores
2005-s4-single-GB-0-4,2005-s4,single,2005-s4-single-GB,P0073,P0072,8,2,P0073,set-scores
2005-s4-single-GB-0-5,2005-s4,single,2005-s4-single-GB,P0073,P0124,6,4,P0073,set-scores
2005-s4-single-GB-0-6,2005-s4,single,2005-s4-single-GB,P0073,P0120,8,2,P0073,set-scores
2005-s4-single-GB-1-2,2005-s4,single,2005-s4-single-GB,P0032,P0151,10,0,P0032,set-scores
2005-s4-single-GB-1-3,2005-s4,single,2005-s4-single-GB,P0032,P0091,6,4,P0032,set-scores
2005-s4-single-GB-1-4,2005-s4,single,2005-s4-single-GB,P0032,P0072,7,3,P0032,set-scores
2005-s4-single-GB-1-5,2005-s4,single,2005-s4-single-GB,P0032,P0124,10,0,P0032,set-scores
2005-s4-single-GB-1-6,2005-s4,single,2005-s4-single-GB,P0032,P0120,7,3,P0032,set-scores
2005-s4-single-GB-2-3,2005-s4,single,2005-s4-single-GB,P0151,P0091,0,10,P0091,set-scores
2005-s4-single-GB-2-4,2005-s4,single,2005-s4-single-GB,P0151,P0072,1,9,P0072,set-scores
2005-s4-single-GB-2-5,2005-s4,single,2005-s4-single-GB,P0151,P0124,4,6,P0124,set-scores
2005-s4-single-GB-3-4,2005-s4,single,2005-s4-single-GB,P0091,P0072,6,4,P0091,set-scores
2005-s4-single-GB-3-5,2005-s4,single,2005-s4-single-GB,P0091,P0124,4,6,P0124,set-scores
2005-s4-single-GB-3-6,2005-s4,single,2005-s4-single-GB,P0091,P0120,7,3,P0091,set-scores
2005-s4-single-GB-4-5,2005-s4,single,2005-s4-single-GB,P0072,P0124,1,9,P0124,set-scores
2005-s4-single-GB-4-6,2005-s4,single,2005-s4-single-GB,P0072,P0120,8,2,P0072,set-scores
2005-s4-single-GB-5-6,2005-s4,single,2005-s4-single-GB,P0124,P0120,3,7,P0120,set-scores
2005-s4-single-GC-0-1,2005-s4,single,2005-s4-single-GC,P0027,P0135,7,3,P0027,set-scores
2005-s4-single-GC-0-2,2005-s4,single,2005-s4-single-GC,P0027,P0116,6,4,P0027,set-scores
2005-s4-single-GC-0-3,2005-s4,single,2005-s4-single-GC,P0027,P0102,0,10,P0102,set-scores
2005-s4-single-GC-0-4,2005-s4,single,2005-s4-single-GC,P0027,P0063,6,4,P0027,set-scores
2005-s4-single-GC-0-5,2005-s4,single,2005-s4-single-GC,P0027,P0147,10,0,P0027,set-scores
2005-s4-single-GC-0-6,2005-s4,single,2005-s4-single-GC,P0027,P0099,8,2,P0027,set-scores
2005-s4-single-GC-1-2,2005-s4,single,2005-s4-single-GC,P0135,P0116,10,0,P0135,set-scores
2005-s4-single-GC-1-3,2005-s4,single,2005-s4-single-GC,P0135,P0102,10,0,P0135,set-scores
2005-s4-single-GC-1-4,2005-s4,single,2005-s4-single-GC,P0135,P0063,10,0,P0135,set-scores
2005-s4-single-GC-1-5,2005-s4,single,2005-s4-single-GC,P0135,P0147,6,4,P0135,set-scores
2005-s4-single-GC-1-6,2005-s4,single,2005-s4-single-GC,P0135,P0099,7,3,P0135,set-scores
2005-s4-single-GC-2-3,2005-s4,single,2005-s4-single-GC,P0116,P0102,10,0,P0116,set-scores
2005-s4-single-GC-2-4,2005-s4,single,2005-s4-single-GC,P0116,P0063,0,10,P0063,set-scores
2005-s4-single-GC-2-6,2005-s4,single,2005-s4-single-GC,P0116,P0099,0,10,P0099,set-scores
2005-s4-single-GC-3-4,2005-s4,single,2005-s4-single-GC,P0102,P0063,0,10,P0063,set-scores
2005-s4-single-GC-3-5,2005-s4,single,2005-s4-single-GC,P0102,P0147,0,10,P0147,set-scores
2005-s4-single-GC-4-5,2005-s4,single,2005-s4-single-GC,P0063,P0147,6,4,P0063,set-scores
2005-s4-single-GC-4-6,2005-s4,single,2005-s4-single-GC,P0063,P0099,6,4,P0063,set-scores
2005-s4-single-GC-5-6,2005-s4,single,2005-s4-single-GC,P0147,P0099,6,4,P0147,set-scores
2005-s4-single-GD-0-2,2005-s4,single,2005-s4-single-GD,P0062,P0126,5,5,,set-scores
2005-s4-single-GD-0-4,2005-s4,single,2005-s4-single-GD,P0062,P0089,6,4,P0062,set-scores
2005-s4-single-GD-0-5,2005-s4,single,2005-s4-single-GD,P0062,P0033,4,6,P0033,set-scores
2005-s4-single-GD-0-6,2005-s4,single,2005-s4-single-GD,P0062,P0106,10,0,P0062,set-scores
2005-s4-single-GD-1-2,2005-s4,single,2005-s4-single-GD,P0054,P0126,5,5,,set-scores
2005-s4-single-GD-1-4,2005-s4,single,2005-s4-single-GD,P0054,P0089,6,4,P0054,set-scores
2005-s4-single-GD-1-5,2005-s4,single,2005-s4-single-GD,P0054,P0033,7,3,P0054,set-scores
2005-s4-single-GD-1-6,2005-s4,single,2005-s4-single-GD,P0054,P0106,6,4,P0054,set-scores
2005-s4-single-GD-2-3,2005-s4,single,2005-s4-single-GD,P0126,P0077,1,9,P0077,set-scores
2005-s4-single-GD-2-4,2005-s4,single,2005-s4-single-GD,P0126,P0089,2,8,P0089,set-scores
2005-s4-single-GD-2-5,2005-s4,single,2005-s4-single-GD,P0126,P0033,1,9,P0033,set-scores
2005-s4-single-GD-2-6,2005-s4,single,2005-s4-single-GD,P0126,P0106,7,3,P0126,set-scores
2005-s4-single-GD-3-4,2005-s4,single,2005-s4-single-GD,P0077,P0089,3,7,P0089,set-scores
2005-s4-single-GD-3-5,2005-s4,single,2005-s4-single-GD,P0077,P0033,7,3,P0077,set-scores
2005-s4-single-GD-3-6,2005-s4,single,2005-s4-single-GD,P0077,P0106,8,2,P0077,set-scores
2005-s4-single-GD-4-5,2005-s4,single,2005-s4-single-GD,P0089,P0033,3,7,P0033,set-scores
2005-s4-single-GD-4-6,2005-s4,single,2005-s4-single-GD,P0089,P0106,4,6,P0106,set-scores
2005-s4-single-GD-5-6,2005-s4,single,2005-s4-single-GD,P0033,P0106,7,3,P0033,set-scores
2005-s4-single-GE-0-1,2005-s4,single,2005-s4-single-GE,P0133,P0114,6,4,P0133,set-scores
2005-s4-single-GE-0-2,2005-s4,single,2005-s4-single-GE,P0133,P0140,3,7,P0140,set-scores
2005-s4-single-GE-0-3,2005-s4,single,2005-s4-single-GE,P0133,P0138,0,10,P0138,set-scores
2005-s4-single-GE-0-4,2005-s4,single,2005-s4-single-GE,P0133,P0088,6,4,P0133,set-scores
2005-s4-single-GE-0-5,2005-s4,single,2005-s4-single-GE,P0133,P0119,5,5,,set-scores
2005-s4-single-GE-0-6,2005-s4,single,2005-s4-single-GE,P0133,P0075,8,2,P0133,set-scores
2005-s4-single-GE-1-2,2005-s4,single,2005-s4-single-GE,P0114,P0140,4,6,P0140,set-scores
2005-s4-single-GE-1-3,2005-s4,single,2005-s4-single-GE,P0114,P0138,4,6,P0138,set-scores
2005-s4-single-GE-1-4,2005-s4,single,2005-s4-single-GE,P0114,P0088,10,0,P0114,set-scores
2005-s4-single-GE-1-5,2005-s4,single,2005-s4-single-GE,P0114,P0119,5,5,,set-scores
2005-s4-single-GE-1-6,2005-s4,single,2005-s4-single-GE,P0114,P0075,8,2,P0114,set-scores
2005-s4-single-GE-2-3,2005-s4,single,2005-s4-single-GE,P0140,P0138,6,4,P0140,set-scores
2005-s4-single-GE-2-4,2005-s4,single,2005-s4-single-GE,P0140,P0088,7,3,P0140,set-scores
2005-s4-single-GE-2-5,2005-s4,single,2005-s4-single-GE,P0140,P0119,6,4,P0140,set-scores
2005-s4-single-GE-2-6,2005-s4,single,2005-s4-single-GE,P0140,P0075,5,5,,set-scores
2005-s4-single-GE-3-4,2005-s4,single,2005-s4-single-GE,P0138,P0088,4,6,P0088,set-scores
2005-s4-single-GE-3-5,2005-s4,single,2005-s4-single-GE,P0138,P0119,8,2,P0138,set-scores
2005-s4-single-GE-3-6,2005-s4,single,2005-s4-single-GE,P0138,P0075,6,4,P0138,set-scores
2005-s4-single-GE-4-5,2005-s4,single,2005-s4-single-GE,P0088,P0119,3,7,P0119,set-scores
2005-s4-single-GE-4-6,2005-s4,single,2005-s4-single-GE,P0088,P0075,3,7,P0075,set-scores
2005-s4-single-GE-5-6,2005-s4,single,2005-s4-single-GE,P0119,P0075,4,6,P0075,set-scores
2005-s4-single-GF-0-1,2005-s4,single,2005-s4-single-GF,P0005,P0042,8,2,P0005,set-scores
2005-s4-single-GF-0-2,2005-s4,single,2005-s4-single-GF,P0005,P0045,10,0,P0005,set-scores
2005-s4-single-GF-0-3,2005-s4,single,2005-s4-single-GF,P0005,P0074,5,5,,set-scores
2005-s4-single-GF-0-4,2005-s4,single,2005-s4-single-GF,P0005,P0002,6,4,P0005,set-scores
2005-s4-single-GF-0-5,2005-s4,single,2005-s4-single-GF,P0005,P0098,7,3,P0005,set-scores
2005-s4-single-GF-0-6,2005-s4,single,2005-s4-single-GF,P0005,P0020,7,3,P0005,set-scores
2005-s4-single-GF-1-2,2005-s4,single,2005-s4-single-GF,P0042,P0045,10,0,P0042,set-scores
2005-s4-single-GF-1-3,2005-s4,single,2005-s4-single-GF,P0042,P0074,8,2,P0042,set-scores
2005-s4-single-GF-1-4,2005-s4,single,2005-s4-single-GF,P0042,P0002,7,3,P0042,set-scores
2005-s4-single-GF-1-5,2005-s4,single,2005-s4-single-GF,P0042,P0098,7,3,P0042,set-scores
2005-s4-single-GF-1-6,2005-s4,single,2005-s4-single-GF,P0042,P0020,4,6,P0020,set-scores
2005-s4-single-GF-2-3,2005-s4,single,2005-s4-single-GF,P0045,P0074,4,6,P0074,set-scores
2005-s4-single-GF-2-4,2005-s4,single,2005-s4-single-GF,P0045,P0002,6,4,P0045,set-scores
2005-s4-single-GF-2-5,2005-s4,single,2005-s4-single-GF,P0045,P0098,6,4,P0045,set-scores
2005-s4-single-GF-3-4,2005-s4,single,2005-s4-single-GF,P0074,P0002,7,3,P0074,set-scores
2005-s4-single-GF-3-5,2005-s4,single,2005-s4-single-GF,P0074,P0098,7,3,P0074,set-scores
2005-s4-single-GF-3-6,2005-s4,single,2005-s4-single-GF,P0074,P0020,0,10,P0020,set-scores
2005-s4-single-GF-4-5,2005-s4,single,2005-s4-single-GF,P0002,P0098,6,4,P0002,set-scores
2005-s4-single-GF-4-6,2005-s4,single,2005-s4-single-GF,P0002,P0020,8,2,P0002,set-scores
2005-s4-single-GF-5-6,2005-s4,single,2005-s4-single-GF,P0098,P0020,0,10,P0020,set-scores
2005-s4-single-GG-0-1,2005-s4,single,2005-s4-single-GG,P0105,P0094,3,7,P0094,set-scores
2005-s4-single-GG-0-2,2005-s4,single,2005-s4-single-GG,P0105,P0104,4,6,P0104,set-scores
2005-s4-single-GG-0-3,2005-s4,single,2005-s4-single-GG,P0105,P0076,2,8,P0076,set-scores
2005-s4-single-GG-0-4,2005-s4,single,2005-s4-single-GG,P0105,P0064,6,4,P0105,set-scores
2005-s4-single-GG-0-5,2005-s4,single,2005-s4-single-GG,P0105,P0146,8,2,P0105,set-scores
2005-s4-single-GG-0-6,2005-s4,single,2005-s4-single-GG,P0105,P0110,6,4,P0105,set-scores
2005-s4-single-GG-1-3,2005-s4,single,2005-s4-single-GG,P0094,P0076,4,6,P0076,set-scores
2005-s4-single-GG-1-4,2005-s4,single,2005-s4-single-GG,P0094,P0064,5,5,,set-scores
2005-s4-single-GG-1-5,2005-s4,single,2005-s4-single-GG,P0094,P0146,9,1,P0094,set-scores
2005-s4-single-GG-1-6,2005-s4,single,2005-s4-single-GG,P0094,P0110,10,0,P0094,set-scores
2005-s4-single-GG-2-3,2005-s4,single,2005-s4-single-GG,P0104,P0076,5,5,,set-scores
2005-s4-single-GG-2-4,2005-s4,single,2005-s4-single-GG,P0104,P0064,8,2,P0104,set-scores
2005-s4-single-GG-2-5,2005-s4,single,2005-s4-single-GG,P0104,P0146,8,2,P0104,set-scores
2005-s4-single-GG-2-6,2005-s4,single,2005-s4-single-GG,P0104,P0110,10,0,P0104,set-scores
2005-s4-single-GG-3-4,2005-s4,single,2005-s4-single-GG,P0076,P0064,7,3,P0076,set-scores
2005-s4-single-GG-3-5,2005-s4,single,2005-s4-single-GG,P0076,P0146,7,3,P0076,set-scores
2005-s4-single-GG-3-6,2005-s4,single,2005-s4-single-GG,P0076,P0110,6,4,P0076,set-scores
2005-s4-single-GG-4-5,2005-s4,single,2005-s4-single-GG,P0064,P0146,4,6,P0146,set-scores
2005-s4-single-GG-4-6,2005-s4,single,2005-s4-single-GG,P0064,P0110,7,3,P0064,set-scores
2005-s4-single-GG-5-6,2005-s4,single,2005-s4-single-GG,P0146,P0110,4,6,P0110,set-scores
2005-s4-single-GH-0-3,2005-s4,single,2005-s4-single-GH,P0050,P0024,6,4,P0050,set-scores
2005-s4-single-GH-0-5,2005-s4,single,2005-s4-single-GH,P0050,P0111,5,5,,set-scores
2005-s4-single-GH-0-6,2005-s4,single,2005-s4-single-GH,P0050,P0011,9,1,P0050,set-scores
2005-s4-single-GH-1-3,2005-s4,single,2005-s4-single-GH,P0080,P0024,8,2,P0080,set-scores
2005-s4-single-GH-1-4,2005-s4,single,2005-s4-single-GH,P0080,P0017,9,1,P0080,set-scores
2005-s4-single-GH-1-5,2005-s4,single,2005-s4-single-GH,P0080,P0111,6,4,P0080,set-scores
2005-s4-single-GH-2-3,2005-s4,single,2005-s4-single-GH,P0021,P0024,2,8,P0024,set-scores
2005-s4-single-GH-2-4,2005-s4,single,2005-s4-single-GH,P0021,P0017,3,7,P0017,set-scores
2005-s4-single-GH-2-5,2005-s4,single,2005-s4-single-GH,P0021,P0111,5,5,,set-scores
2005-s4-single-GH-2-6,2005-s4,single,2005-s4-single-GH,P0021,P0011,7,3,P0021,set-scores
2005-s4-single-GH-3-4,2005-s4,single,2005-s4-single-GH,P0024,P0017,2,8,P0017,set-scores
2005-s4-single-GH-3-5,2005-s4,single,2005-s4-single-GH,P0024,P0111,3,7,P0111,set-scores
2005-s4-single-GH-3-6,2005-s4,single,2005-s4-single-GH,P0024,P0011,6,4,P0024,set-scores
2005-s4-single-GH-4-5,2005-s4,single,2005-s4-single-GH,P0017,P0111,7,3,P0017,set-scores
2005-s4-single-GH-4-6,2005-s4,single,2005-s4-single-GH,P0017,P0011,7,3,P0017,set-scores
2005-s4-single-GH-5-6,2005-s4,single,2005-s4-single-GH,P0111,P0011,7,3,P0111,set-scores
2005-s4-single-GI-0-1,2005-s4,single,2005-s4-single-GI,P0034,P0035,9,1,P0034,set-scores
2005-s4-single-GI-0-2,2005-s4,single,2005-s4-single-GI,P0034,P0026,3,7,P0026,set-scores
2005-s4-single-GI-0-3,2005-s4,single,2005-s4-single-GI,P0034,P0093,8,2,P0034,set-scores
2005-s4-single-GI-0-4,2005-s4,single,2005-s4-single-GI,P0034,P0129,5,5,,set-scores
2005-s4-single-GI-0-5,2005-s4,single,2005-s4-single-GI,P0034,P0071,7,3,P0034,set-scores
2005-s4-single-GI-0-6,2005-s4,single,2005-s4-single-GI,P0034,P0152,8,2,P0034,set-scores
2005-s4-single-GI-1-2,2005-s4,single,2005-s4-single-GI,P0035,P0026,6,4,P0035,set-scores
2005-s4-single-GI-1-3,2005-s4,single,2005-s4-single-GI,P0035,P0093,7,3,P0035,set-scores
2005-s4-single-GI-1-4,2005-s4,single,2005-s4-single-GI,P0035,P0129,10,0,P0035,set-scores
2005-s4-single-GI-1-5,2005-s4,single,2005-s4-single-GI,P0035,P0071,3,7,P0071,set-scores
2005-s4-single-GI-1-6,2005-s4,single,2005-s4-single-GI,P0035,P0152,5,5,,set-scores
2005-s4-single-GI-2-3,2005-s4,single,2005-s4-single-GI,P0026,P0093,5,5,,set-scores
2005-s4-single-GI-2-4,2005-s4,single,2005-s4-single-GI,P0026,P0129,10,0,P0026,set-scores
2005-s4-single-GI-2-5,2005-s4,single,2005-s4-single-GI,P0026,P0071,7,3,P0026,set-scores
2005-s4-single-GI-2-6,2005-s4,single,2005-s4-single-GI,P0026,P0152,10,0,P0026,set-scores
2005-s4-single-GI-3-4,2005-s4,single,2005-s4-single-GI,P0093,P0129,2,8,P0129,set-scores
2005-s4-single-GI-3-5,2005-s4,single,2005-s4-single-GI,P0093,P0071,2,8,P0071,set-scores
2005-s4-single-GI-3-6,2005-s4,single,2005-s4-single-GI,P0093,P0152,2,8,P0152,set-scores
2005-s4-single-GI-4-5,2005-s4,single,2005-s4-single-GI,P0129,P0071,0,10,P0071,set-scores
2005-s4-single-GI-5-6,2005-s4,single,2005-s4-single-GI,P0071,P0152,7,3,P0071,set-scores
2005-s4-single-GJ-0-2,2005-s4,single,2005-s4-single-GJ,P0048,P0066,7,3,P0048,set-scores
2005-s4-single-GJ-0-3,2005-s4,single,2005-s4-single-GJ,P0048,P0149,6,4,P0048,set-scores
2005-s4-single-GJ-0-4,2005-s4,single,2005-s4-single-GJ,P0048,P0010,3,7,P0010,set-scores
2005-s4-single-GJ-0-5,2005-s4,single,2005-s4-single-GJ,P0048,P0117,10,0,P0048,set-scores
2005-s4-single-GJ-0-6,2005-s4,single,2005-s4-single-GJ,P0048,P0090,7,3,P0048,set-scores
2005-s4-single-GJ-1-2,2005-s4,single,2005-s4-single-GJ,P0013,P0066,7,3,P0013,set-scores
2005-s4-single-GJ-1-3,2005-s4,single,2005-s4-single-GJ,P0013,P0149,5,5,,set-scores
2005-s4-single-GJ-1-4,2005-s4,single,2005-s4-single-GJ,P0013,P0010,3,7,P0010,set-scores
2005-s4-single-GJ-1-5,2005-s4,single,2005-s4-single-GJ,P0013,P0117,10,0,P0013,set-scores
2005-s4-single-GJ-2-3,2005-s4,single,2005-s4-single-GJ,P0066,P0149,0,10,P0149,set-scores
2005-s4-single-GJ-2-4,2005-s4,single,2005-s4-single-GJ,P0066,P0010,0,10,P0010,set-scores
2005-s4-single-GJ-2-5,2005-s4,single,2005-s4-single-GJ,P0066,P0117,2,8,P0117,set-scores
2005-s4-single-GJ-2-6,2005-s4,single,2005-s4-single-GJ,P0066,P0090,4,6,P0090,set-scores
2005-s4-single-GJ-3-4,2005-s4,single,2005-s4-single-GJ,P0149,P0010,3,7,P0010,set-scores
2005-s4-single-GJ-3-5,2005-s4,single,2005-s4-single-GJ,P0149,P0117,2,8,P0117,set-scores
2005-s4-single-GJ-3-6,2005-s4,single,2005-s4-single-GJ,P0149,P0090,2,8,P0090,set-scores
2005-s4-single-GJ-4-5,2005-s4,single,2005-s4-single-GJ,P0010,P0117,7,3,P0010,set-scores
2005-s4-single-GJ-4-6,2005-s4,single,2005-s4-single-GJ,P0010,P0090,6,4,P0010,set-scores
2005-s4-single-GJ-5-6,2005-s4,single,2005-s4-single-GJ,P0117,P0090,0,10,P0090,set-scores
2005-s4-single-GK-0-1,2005-s4,single,2005-s4-single-GK,P0065,P0029,2,8,P0029,set-scores
2005-s4-single-GK-0-2,2005-s4,single,2005-s4-single-GK,P0065,P0085,7,3,P0065,set-scores
2005-s4-single-GK-0-3,2005-s4,single,2005-s4-single-GK,P0065,P0060,3,7,P0060,set-scores
2005-s4-single-GK-0-4,2005-s4,single,2005-s4-single-GK,P0065,P0043,6,4,P0065,set-scores
2005-s4-single-GK-0-5,2005-s4,single,2005-s4-single-GK,P0065,P0056,10,0,P0065,set-scores
2005-s4-single-GK-0-6,2005-s4,single,2005-s4-single-GK,P0065,P0112,5,5,,set-scores
2005-s4-single-GK-1-2,2005-s4,single,2005-s4-single-GK,P0029,P0085,8,2,P0029,set-scores
2005-s4-single-GK-1-3,2005-s4,single,2005-s4-single-GK,P0029,P0060,4,6,P0060,set-scores
2005-s4-single-GK-1-4,2005-s4,single,2005-s4-single-GK,P0029,P0043,10,0,P0029,set-scores
2005-s4-single-GK-1-5,2005-s4,single,2005-s4-single-GK,P0029,P0056,7,3,P0029,set-scores
2005-s4-single-GK-1-6,2005-s4,single,2005-s4-single-GK,P0029,P0112,7,3,P0029,set-scores
2005-s4-single-GK-2-3,2005-s4,single,2005-s4-single-GK,P0085,P0060,4,6,P0060,set-scores
2005-s4-single-GK-2-4,2005-s4,single,2005-s4-single-GK,P0085,P0043,8,2,P0085,set-scores
2005-s4-single-GK-2-5,2005-s4,single,2005-s4-single-GK,P0085,P0056,4,6,P0056,set-scores
2005-s4-single-GK-2-6,2005-s4,single,2005-s4-single-GK,P0085,P0112,5,5,,set-scores
2005-s4-single-GK-3-4,2005-s4,single,2005-s4-single-GK,P0060,P0043,8,2,P0060,set-scores
2005-s4-single-GK-3-5,2005-s4,single,2005-s4-single-GK,P0060,P0056,8,2,P0060,set-scores
2005-s4-single-GK-4-5,2005-s4,single,2005-s4-single-GK,P0043,P0056,4,6,P0056,set-scores
2005-s4-single-GK-4-6,2005-s4,single,2005-s4-single-GK,P0043,P0112,3,7,P0112,set-scores
2005-s4-single-GK-5-6,2005-s4,single,2005-s4-single-GK,P0056,P0112,0,10,P0112,set-scores
2006-s1-single-GA-0-1,2006-s1,single,2006-s1-single-GA,P0258,P0111,9,1,P0258,set-scores
2006-s1-single-GA-0-2,2006-s1,single,2006-s1-single-GA,P0258,P0332,6,4,P0258,set-scores
2006-s1-single-GA-0-3,2006-s1,single,2006-s1-single-GA,P0258,P0146,8,2,P0258,set-scores
2006-s1-single-GA-0-4,2006-s1,single,2006-s1-single-GA,P0258,P0635,10,0,P0258,set-scores
2006-s1-single-GA-0-5,2006-s1,single,2006-s1-single-GA,P0258,P0007,7,3,P0258,set-scores
2006-s1-single-GA-0-6,2006-s1,single,2006-s1-single-GA,P0258,P0410,6,4,P0258,set-scores
2006-s1-single-GA-1-2,2006-s1,single,2006-s1-single-GA,P0111,P0332,5,5,,set-scores
2006-s1-single-GA-1-3,2006-s1,single,2006-s1-single-GA,P0111,P0146,8,2,P0111,set-scores
2006-s1-single-GA-1-4,2006-s1,single,2006-s1-single-GA,P0111,P0635,3,7,P0635,set-scores
2006-s1-single-GA-1-5,2006-s1,single,2006-s1-single-GA,P0111,P0007,6,4,P0111,set-scores
2006-s1-single-GA-1-6,2006-s1,single,2006-s1-single-GA,P0111,P0410,0,10,P0410,set-scores
2006-s1-single-GA-2-3,2006-s1,single,2006-s1-single-GA,P0332,P0146,8,2,P0332,set-scores
2006-s1-single-GA-2-4,2006-s1,single,2006-s1-single-GA,P0332,P0635,7,3,P0332,set-scores
2006-s1-single-GA-2-6,2006-s1,single,2006-s1-single-GA,P0332,P0410,6,4,P0332,set-scores
2006-s1-single-GA-3-4,2006-s1,single,2006-s1-single-GA,P0146,P0635,3,7,P0635,set-scores
2006-s1-single-GA-3-6,2006-s1,single,2006-s1-single-GA,P0146,P0410,2,8,P0410,set-scores
2006-s1-single-GA-4-5,2006-s1,single,2006-s1-single-GA,P0635,P0007,5,5,,set-scores
2006-s1-single-GA-4-6,2006-s1,single,2006-s1-single-GA,P0635,P0410,1,9,P0410,set-scores
2006-s1-single-GA-5-6,2006-s1,single,2006-s1-single-GA,P0007,P0410,4,6,P0410,set-scores
2006-s1-single-GB-0-1,2006-s1,single,2006-s1-single-GB,P0478,P0503,8,2,P0478,set-scores
2006-s1-single-GB-0-2,2006-s1,single,2006-s1-single-GB,P0478,P0029,8,2,P0478,set-scores
2006-s1-single-GB-0-3,2006-s1,single,2006-s1-single-GB,P0478,P0636,9,1,P0478,set-scores
2006-s1-single-GB-0-4,2006-s1,single,2006-s1-single-GB,P0478,P0089,10,0,P0478,set-scores
2006-s1-single-GB-0-5,2006-s1,single,2006-s1-single-GB,P0478,P0619,10,0,P0478,set-scores
2006-s1-single-GB-0-6,2006-s1,single,2006-s1-single-GB,P0478,P0444,4,6,P0444,set-scores
2006-s1-single-GB-1-2,2006-s1,single,2006-s1-single-GB,P0503,P0029,5,5,,set-scores
2006-s1-single-GB-1-3,2006-s1,single,2006-s1-single-GB,P0503,P0636,10,0,P0503,set-scores
2006-s1-single-GB-1-4,2006-s1,single,2006-s1-single-GB,P0503,P0089,10,0,P0503,set-scores
2006-s1-single-GB-1-5,2006-s1,single,2006-s1-single-GB,P0503,P0619,0,10,P0619,set-scores
2006-s1-single-GB-1-6,2006-s1,single,2006-s1-single-GB,P0503,P0444,6,4,P0503,set-scores
2006-s1-single-GB-2-3,2006-s1,single,2006-s1-single-GB,P0029,P0636,10,0,P0029,set-scores
2006-s1-single-GB-2-4,2006-s1,single,2006-s1-single-GB,P0029,P0089,10,0,P0029,set-scores
2006-s1-single-GB-2-5,2006-s1,single,2006-s1-single-GB,P0029,P0619,0,10,P0619,set-scores
2006-s1-single-GB-2-6,2006-s1,single,2006-s1-single-GB,P0029,P0444,8,2,P0029,set-scores
2006-s1-single-GB-3-5,2006-s1,single,2006-s1-single-GB,P0636,P0619,0,10,P0619,set-scores
2006-s1-single-GB-3-6,2006-s1,single,2006-s1-single-GB,P0636,P0444,0,10,P0444,set-scores
2006-s1-single-GB-5-6,2006-s1,single,2006-s1-single-GB,P0619,P0444,5,5,,set-scores
2006-s1-single-GC-0-1,2006-s1,single,2006-s1-single-GC,P0490,P0584,8,2,P0490,set-scores
2006-s1-single-GC-0-2,2006-s1,single,2006-s1-single-GC,P0490,P0091,6,4,P0490,set-scores
2006-s1-single-GC-0-4,2006-s1,single,2006-s1-single-GC,P0490,P0196,7,3,P0490,set-scores
2006-s1-single-GC-0-5,2006-s1,single,2006-s1-single-GC,P0490,P0386,6,4,P0490,set-scores
2006-s1-single-GC-0-6,2006-s1,single,2006-s1-single-GC,P0490,P0164,8,2,P0490,set-scores
2006-s1-single-GC-1-2,2006-s1,single,2006-s1-single-GC,P0584,P0091,3,7,P0091,set-scores
2006-s1-single-GC-1-3,2006-s1,single,2006-s1-single-GC,P0584,P0045,6,4,P0584,set-scores
2006-s1-single-GC-1-4,2006-s1,single,2006-s1-single-GC,P0584,P0196,3,7,P0196,set-scores
2006-s1-single-GC-1-5,2006-s1,single,2006-s1-single-GC,P0584,P0386,5,5,,set-scores
2006-s1-single-GC-1-6,2006-s1,single,2006-s1-single-GC,P0584,P0164,2,8,P0164,set-scores
2006-s1-single-GC-2-3,2006-s1,single,2006-s1-single-GC,P0091,P0045,3,7,P0045,set-scores
2006-s1-single-GC-2-4,2006-s1,single,2006-s1-single-GC,P0091,P0196,3,7,P0196,set-scores
2006-s1-single-GC-2-5,2006-s1,single,2006-s1-single-GC,P0091,P0386,3,7,P0386,set-scores
2006-s1-single-GC-2-6,2006-s1,single,2006-s1-single-GC,P0091,P0164,1,9,P0164,set-scores
2006-s1-single-GC-3-4,2006-s1,single,2006-s1-single-GC,P0045,P0196,5,5,,set-scores
2006-s1-single-GC-3-5,2006-s1,single,2006-s1-single-GC,P0045,P0386,6,4,P0045,set-scores
2006-s1-single-GC-3-6,2006-s1,single,2006-s1-single-GC,P0045,P0164,4,6,P0164,set-scores
2006-s1-single-GC-4-5,2006-s1,single,2006-s1-single-GC,P0196,P0386,4,6,P0386,set-scores
2006-s1-single-GC-4-6,2006-s1,single,2006-s1-single-GC,P0196,P0164,6,4,P0196,set-scores
2006-s1-single-GC-5-6,2006-s1,single,2006-s1-single-GC,P0386,P0164,10,0,P0386,set-scores
2006-s1-single-GD-0-1,2006-s1,single,2006-s1-single-GD,P0547,P0257,2,8,P0257,set-scores
2006-s1-single-GD-0-2,2006-s1,single,2006-s1-single-GD,P0547,P0024,3,7,P0024,set-scores
2006-s1-single-GD-0-3,2006-s1,single,2006-s1-single-GD,P0547,P0566,10,0,P0547,set-scores
2006-s1-single-GD-0-4,2006-s1,single,2006-s1-single-GD,P0547,P0334,2,8,P0334,set-scores
2006-s1-single-GD-0-5,2006-s1,single,2006-s1-single-GD,P0547,P0051,6,4,P0547,set-scores
2006-s1-single-GD-0-6,2006-s1,single,2006-s1-single-GD,P0547,P0337,5,5,,set-scores
2006-s1-single-GD-1-2,2006-s1,single,2006-s1-single-GD,P0257,P0024,8,2,P0257,set-scores
2006-s1-single-GD-1-3,2006-s1,single,2006-s1-single-GD,P0257,P0566,10,0,P0257,set-scores
2006-s1-single-GD-1-4,2006-s1,single,2006-s1-single-GD,P0257,P0334,8,2,P0257,set-scores
2006-s1-single-GD-1-5,2006-s1,single,2006-s1-single-GD,P0257,P0051,9,1,P0257,set-scores
2006-s1-single-GD-1-6,2006-s1,single,2006-s1-single-GD,P0257,P0337,8,2,P0257,set-scores
2006-s1-single-GD-2-3,2006-s1,single,2006-s1-single-GD,P0024,P0566,10,0,P0024,set-scores
2006-s1-single-GD-2-4,2006-s1,single,2006-s1-single-GD,P0024,P0334,3,7,P0334,set-scores
2006-s1-single-GD-2-5,2006-s1,single,2006-s1-single-GD,P0024,P0051,3,7,P0051,set-scores
2006-s1-single-GD-2-6,2006-s1,single,2006-s1-single-GD,P0024,P0337,8,2,P0024,set-scores
2006-s1-single-GD-3-4,2006-s1,single,2006-s1-single-GD,P0566,P0334,0,10,P0334,set-scores
2006-s1-single-GD-3-5,2006-s1,single,2006-s1-single-GD,P0566,P0051,0,10,P0051,set-scores
2006-s1-single-GD-3-6,2006-s1,single,2006-s1-single-GD,P0566,P0337,0,10,P0337,set-scores
2006-s1-single-GD-4-5,2006-s1,single,2006-s1-single-GD,P0334,P0051,5,5,,set-scores
2006-s1-single-GD-4-6,2006-s1,single,2006-s1-single-GD,P0334,P0337,7,3,P0334,set-scores
2006-s1-single-GD-5-6,2006-s1,single,2006-s1-single-GD,P0051,P0337,5,5,,set-scores
2006-s1-single-GE-0-1,2006-s1,single,2006-s1-single-GE,P0297,P0033,6,4,P0297,set-scores
2006-s1-single-GE-0-2,2006-s1,single,2006-s1-single-GE,P0297,P0381,5,5,,set-scores
2006-s1-single-GE-0-3,2006-s1,single,2006-s1-single-GE,P0297,P0002,8,2,P0297,set-scores
2006-s1-single-GE-0-4,2006-s1,single,2006-s1-single-GE,P0297,P0426,10,0,P0297,set-scores
2006-s1-single-GE-0-5,2006-s1,single,2006-s1-single-GE,P0297,P0379,6,4,P0297,set-scores
2006-s1-single-GE-0-6,2006-s1,single,2006-s1-single-GE,P0297,P0351,7,3,P0297,set-scores
2006-s1-single-GE-1-2,2006-s1,single,2006-s1-single-GE,P0033,P0381,8,2,P0033,set-scores
2006-s1-single-GE-1-3,2006-s1,single,2006-s1-single-GE,P0033,P0002,8,2,P0033,set-scores
2006-s1-single-GE-1-4,2006-s1,single,2006-s1-single-GE,P0033,P0426,6,4,P0033,set-scores
2006-s1-single-GE-1-5,2006-s1,single,2006-s1-single-GE,P0033,P0379,6,4,P0033,set-scores
2006-s1-single-GE-1-6,2006-s1,single,2006-s1-single-GE,P0033,P0351,7,3,P0033,set-scores
2006-s1-single-GE-2-3,2006-s1,single,2006-s1-single-GE,P0381,P0002,7,3,P0381,set-scores
2006-s1-single-GE-2-4,2006-s1,single,2006-s1-single-GE,P0381,P0426,10,0,P0381,set-scores
2006-s1-single-GE-2-5,2006-s1,single,2006-s1-single-GE,P0381,P0379,5,5,,set-scores
2006-s1-single-GE-2-6,2006-s1,single,2006-s1-single-GE,P0381,P0351,7,3,P0381,set-scores
2006-s1-single-GE-3-4,2006-s1,single,2006-s1-single-GE,P0002,P0426,9,1,P0002,set-scores
2006-s1-single-GE-3-5,2006-s1,single,2006-s1-single-GE,P0002,P0379,4,6,P0379,set-scores
2006-s1-single-GE-3-6,2006-s1,single,2006-s1-single-GE,P0002,P0351,5,5,,set-scores
2006-s1-single-GE-4-5,2006-s1,single,2006-s1-single-GE,P0426,P0379,4,6,P0379,set-scores
2006-s1-single-GE-5-6,2006-s1,single,2006-s1-single-GE,P0379,P0351,9,1,P0379,set-scores
2006-s1-single-GF-0-1,2006-s1,single,2006-s1-single-GF,P0077,P0349,2,8,P0349,set-scores
2006-s1-single-GF-0-2,2006-s1,single,2006-s1-single-GF,P0077,P0017,6,4,P0077,set-scores
2006-s1-single-GF-0-3,2006-s1,single,2006-s1-single-GF,P0077,P0238,5,5,,set-scores
2006-s1-single-GF-0-5,2006-s1,single,2006-s1-single-GF,P0077,P0419,10,0,P0077,set-scores
2006-s1-single-GF-0-6,2006-s1,single,2006-s1-single-GF,P0077,P0440,9,1,P0077,set-scores
2006-s1-single-GF-1-2,2006-s1,single,2006-s1-single-GF,P0349,P0017,4,6,P0017,set-scores
2006-s1-single-GF-1-3,2006-s1,single,2006-s1-single-GF,P0349,P0238,9,1,P0349,set-scores
2006-s1-single-GF-1-4,2006-s1,single,2006-s1-single-GF,P0349,P0613,10,0,P0349,set-scores
2006-s1-single-GF-1-5,2006-s1,single,2006-s1-single-GF,P0349,P0419,10,0,P0349,set-scores
2006-s1-single-GF-1-6,2006-s1,single,2006-s1-single-GF,P0349,P0440,6,4,P0349,set-scores
2006-s1-single-GF-2-3,2006-s1,single,2006-s1-single-GF,P0017,P0238,7,3,P0017,set-scores
2006-s1-single-GF-2-4,2006-s1,single,2006-s1-single-GF,P0017,P0613,7,3,P0017,set-scores
2006-s1-single-GF-2-5,2006-s1,single,2006-s1-single-GF,P0017,P0419,10,0,P0017,set-scores
2006-s1-single-GF-2-6,2006-s1,single,2006-s1-single-GF,P0017,P0440,4,6,P0440,set-scores
2006-s1-single-GF-3-4,2006-s1,single,2006-s1-single-GF,P0238,P0613,6,4,P0238,set-scores
2006-s1-single-GF-3-5,2006-s1,single,2006-s1-single-GF,P0238,P0419,10,0,P0238,set-scores
2006-s1-single-GF-3-6,2006-s1,single,2006-s1-single-GF,P0238,P0440,9,1,P0238,set-scores
2006-s1-single-GF-4-5,2006-s1,single,2006-s1-single-GF,P0613,P0419,10,0,P0613,set-scores
2006-s1-single-GF-4-6,2006-s1,single,2006-s1-single-GF,P0613,P0440,3,7,P0440,set-scores
2006-s1-single-GG-0-1,2006-s1,single,2006-s1-single-GG,P0073,P0569,7,3,P0073,set-scores
2006-s1-single-GG-0-2,2006-s1,single,2006-s1-single-GG,P0073,P0360,7,3,P0073,set-scores
2006-s1-single-GG-0-3,2006-s1,single,2006-s1-single-GG,P0073,P0060,6,4,P0073,set-scores
2006-s1-single-GG-0-4,2006-s1,single,2006-s1-single-GG,P0073,P0126,7,3,P0073,set-scores
2006-s1-single-GG-0-5,2006-s1,single,2006-s1-single-GG,P0073,P0243,8,2,P0073,set-scores
2006-s1-single-GG-0-6,2006-s1,single,2006-s1-single-GG,P0073,P0286,8,2,P0073,set-scores
2006-s1-single-GG-1-2,2006-s1,single,2006-s1-single-GG,P0569,P0360,4,6,P0360,set-scores
2006-s1-single-GG-1-3,2006-s1,single,2006-s1-single-GG,P0569,P0060,6,4,P0569,set-scores
2006-s1-single-GG-1-4,2006-s1,single,2006-s1-single-GG,P0569,P0126,10,0,P0569,set-scores
2006-s1-single-GG-1-5,2006-s1,single,2006-s1-single-GG,P0569,P0243,5,5,,set-scores
2006-s1-single-GG-1-6,2006-s1,single,2006-s1-single-GG,P0569,P0286,7,3,P0569,set-scores
2006-s1-single-GG-2-3,2006-s1,single,2006-s1-single-GG,P0360,P0060,3,7,P0060,set-scores
2006-s1-single-GG-2-4,2006-s1,single,2006-s1-single-GG,P0360,P0126,3,7,P0126,set-scores
2006-s1-single-GG-2-5,2006-s1,single,2006-s1-single-GG,P0360,P0243,2,8,P0243,set-scores
2006-s1-single-GG-2-6,2006-s1,single,2006-s1-single-GG,P0360,P0286,4,6,P0286,set-scores
2006-s1-single-GG-3-4,2006-s1,single,2006-s1-single-GG,P0060,P0126,7,3,P0060,set-scores
2006-s1-single-GG-3-5,2006-s1,single,2006-s1-single-GG,P0060,P0243,5,5,,set-scores
2006-s1-single-GG-3-6,2006-s1,single,2006-s1-single-GG,P0060,P0286,8,2,P0060,set-scores
2006-s1-single-GG-4-5,2006-s1,single,2006-s1-single-GG,P0126,P0243,2,8,P0243,set-scores
2006-s1-single-GG-4-6,2006-s1,single,2006-s1-single-GG,P0126,P0286,7,3,P0126,set-scores
2006-s1-single-GG-5-6,2006-s1,single,2006-s1-single-GG,P0243,P0286,7,3,P0243,set-scores
2006-s1-single-GH-0-1,2006-s1,single,2006-s1-single-GH,P0362,P0168,10,0,P0362,set-scores
2006-s1-single-GH-0-2,2006-s1,single,2006-s1-single-GH,P0362,P0063,10,0,P0362,set-scores
2006-s1-single-GH-0-4,2006-s1,single,2006-s1-single-GH,P0362,P0053,6,4,P0362,set-scores
2006-s1-single-GH-0-5,2006-s1,single,2006-s1-single-GH,P0362,P0325,7,3,P0362,set-scores
2006-s1-single-GH-0-6,2006-s1,single,2006-s1-single-GH,P0362,P0236,5,5,,set-scores
2006-s1-single-GH-2-3,2006-s1,single,2006-s1-single-GH,P0063,P0476,0,10,P0476,set-scores
2006-s1-single-GH-2-4,2006-s1,single,2006-s1-single-GH,P0063,P0053,2,8,P0053,set-scores
2006-s1-single-GH-2-5,2006-s1,single,2006-s1-single-GH,P0063,P0325,10,0,P0063,set-scores
2006-s1-single-GH-2-6,2006-s1,single,2006-s1-single-GH,P0063,P0236,10,0,P0063,set-scores
2006-s1-single-GH-3-4,2006-s1,single,2006-s1-single-GH,P0476,P0053,4,6,P0053,set-scores
2006-s1-single-GH-3-5,2006-s1,single,2006-s1-single-GH,P0476,P0325,3,7,P0325,set-scores
2006-s1-single-GH-3-6,2006-s1,single,2006-s1-single-GH,P0476,P0236,5,5,,set-scores
2006-s1-single-GH-4-5,2006-s1,single,2006-s1-single-GH,P0053,P0325,5,5,,set-scores
2006-s1-single-GH-4-6,2006-s1,single,2006-s1-single-GH,P0053,P0236,9,1,P0053,set-scores
2006-s1-single-GH-5-6,2006-s1,single,2006-s1-single-GH,P0325,P0236,9,1,P0325,set-scores
2006-s1-single-GI-0-1,2006-s1,single,2006-s1-single-GI,P0140,P0330,6,4,P0140,set-scores
2006-s1-single-GI-0-2,2006-s1,single,2006-s1-single-GI,P0140,P0026,6,4,P0140,set-scores
2006-s1-single-GI-0-3,2006-s1,single,2006-s1-single-GI,P0140,P0562,7,3,P0140,set-scores
2006-s1-single-GI-0-5,2006-s1,single,2006-s1-single-GI,P0140,P0047,8,2,P0140,set-scores
2006-s1-single-GI-0-6,2006-s1,single,2006-s1-single-GI,P0140,P0316,8,2,P0140,set-scores
2006-s1-single-GI-1-2,2006-s1,single,2006-s1-single-GI,P0330,P0026,6,4,P0330,set-scores
2006-s1-single-GI-1-3,2006-s1,single,2006-s1-single-GI,P0330,P0562,7,3,P0330,set-scores
2006-s1-single-GI-1-4,2006-s1,single,2006-s1-single-GI,P0330,P0009,6,4,P0330,set-scores
2006-s1-single-GI-1-5,2006-s1,single,2006-s1-single-GI,P0330,P0047,8,2,P0330,set-scores
2006-s1-single-GI-1-6,2006-s1,single,2006-s1-single-GI,P0330,P0316,2,8,P0316,set-scores
2006-s1-single-GI-2-3,2006-s1,single,2006-s1-single-GI,P0026,P0562,4,6,P0562,set-scores
2006-s1-single-GI-2-4,2006-s1,single,2006-s1-single-GI,P0026,P0009,10,0,P0026,set-scores
2006-s1-single-GI-2-5,2006-s1,single,2006-s1-single-GI,P0026,P0047,7,3,P0026,set-scores
2006-s1-single-GI-2-6,2006-s1,single,2006-s1-single-GI,P0026,P0316,3,7,P0316,set-scores
2006-s1-single-GI-3-4,2006-s1,single,2006-s1-single-GI,P0562,P0009,7,3,P0562,set-scores
2006-s1-single-GI-3-5,2006-s1,single,2006-s1-single-GI,P0562,P0047,7,3,P0562,set-scores
2006-s1-single-GI-3-6,2006-s1,single,2006-s1-single-GI,P0562,P0316,6,4,P0562,set-scores
2006-s1-single-GI-4-6,2006-s1,single,2006-s1-single-GI,P0009,P0316,2,8,P0316,set-scores
2006-s1-single-GI-5-6,2006-s1,single,2006-s1-single-GI,P0047,P0316,5,5,,set-scores
2006-s1-single-GN-0-2,2006-s1,single,2006-s1-single-GN,P0094,P0062,10,0,P0094,set-scores
2006-s1-single-GN-0-3,2006-s1,single,2006-s1-single-GN,P0094,P0076,10,0,P0094,set-scores
2006-s1-single-GN-0-4,2006-s1,single,2006-s1-single-GN,P0094,P0545,2,8,P0545,set-scores
2006-s1-single-GN-0-5,2006-s1,single,2006-s1-single-GN,P0094,P0598,10,0,P0094,set-scores
2006-s1-single-GN-0-6,2006-s1,single,2006-s1-single-GN,P0094,P0075,6,4,P0094,set-scores
2006-s1-single-GN-1-2,2006-s1,single,2006-s1-single-GN,P0042,P0062,9,1,P0042,set-scores
2006-s1-single-GN-1-4,2006-s1,single,2006-s1-single-GN,P0042,P0545,3,7,P0545,set-scores
2006-s1-single-GN-1-5,2006-s1,single,2006-s1-single-GN,P0042,P0598,10,0,P0042,set-scores
2006-s1-single-GN-1-6,2006-s1,single,2006-s1-single-GN,P0042,P0075,7,3,P0042,set-scores
2006-s1-single-GN-2-3,2006-s1,single,2006-s1-single-GN,P0062,P0076,8,2,P0062,set-scores
2006-s1-single-GN-2-4,2006-s1,single,2006-s1-single-GN,P0062,P0545,6,4,P0062,set-scores
2006-s1-single-GN-2-5,2006-s1,single,2006-s1-single-GN,P0062,P0598,9,1,P0062,set-scores
2006-s1-single-GN-2-6,2006-s1,single,2006-s1-single-GN,P0062,P0075,6,4,P0062,set-scores
2006-s1-single-GN-3-4,2006-s1,single,2006-s1-single-GN,P0076,P0545,0,10,P0545,set-scores
2006-s1-single-GN-3-6,2006-s1,single,2006-s1-single-GN,P0076,P0075,5,5,,set-scores
2006-s1-single-GN-4-5,2006-s1,single,2006-s1-single-GN,P0545,P0598,7,3,P0545,set-scores
2006-s1-single-GN-4-6,2006-s1,single,2006-s1-single-GN,P0545,P0075,5,5,,set-scores
2006-s1-single-GN-5-6,2006-s1,single,2006-s1-single-GN,P0598,P0075,1,9,P0075,set-scores
2006-s1-single-GJ-0-1,2006-s1,single,2006-s1-single-GJ,P0610,P0502,4,6,P0502,set-scores
2006-s1-single-GJ-0-2,2006-s1,single,2006-s1-single-GJ,P0610,P0057,4,6,P0057,set-scores
2006-s1-single-GJ-0-4,2006-s1,single,2006-s1-single-GJ,P0610,P0352,4,6,P0352,set-scores
2006-s1-single-GJ-0-5,2006-s1,single,2006-s1-single-GJ,P0610,P0185,5,5,,set-scores
2006-s1-single-GJ-0-6,2006-s1,single,2006-s1-single-GJ,P0610,P0200,8,2,P0610,set-scores
2006-s1-single-GJ-1-2,2006-s1,single,2006-s1-single-GJ,P0502,P0057,8,2,P0502,set-scores
2006-s1-single-GJ-1-3,2006-s1,single,2006-s1-single-GJ,P0502,P0468,4,6,P0468,set-scores
2006-s1-single-GJ-1-4,2006-s1,single,2006-s1-single-GJ,P0502,P0352,5,5,,set-scores
2006-s1-single-GJ-1-5,2006-s1,single,2006-s1-single-GJ,P0502,P0185,4,6,P0185,set-scores
2006-s1-single-GJ-1-6,2006-s1,single,2006-s1-single-GJ,P0502,P0200,6,4,P0502,set-scores
2006-s1-single-GJ-2-3,2006-s1,single,2006-s1-single-GJ,P0057,P0468,5,5,,set-scores
2006-s1-single-GJ-2-4,2006-s1,single,2006-s1-single-GJ,P0057,P0352,6,4,P0057,set-scores
2006-s1-single-GJ-2-5,2006-s1,single,2006-s1-single-GJ,P0057,P0185,4,6,P0185,set-scores
2006-s1-single-GJ-2-6,2006-s1,single,2006-s1-single-GJ,P0057,P0200,7,3,P0057,set-scores
2006-s1-single-GJ-3-4,2006-s1,single,2006-s1-single-GJ,P0468,P0352,4,6,P0352,set-scores
2006-s1-single-GJ-3-5,2006-s1,single,2006-s1-single-GJ,P0468,P0185,6,4,P0468,set-scores
2006-s1-single-GJ-3-6,2006-s1,single,2006-s1-single-GJ,P0468,P0200,3,7,P0200,set-scores
2006-s1-single-GJ-4-5,2006-s1,single,2006-s1-single-GJ,P0352,P0185,1,9,P0185,set-scores
2006-s1-single-GJ-4-6,2006-s1,single,2006-s1-single-GJ,P0352,P0200,7,3,P0352,set-scores
2006-s1-single-GJ-5-6,2006-s1,single,2006-s1-single-GJ,P0185,P0200,3,7,P0200,set-scores
2006-s1-single-GK-0-1,2006-s1,single,2006-s1-single-GK,P0260,P0171,4,6,P0171,set-scores
2006-s1-single-GK-0-2,2006-s1,single,2006-s1-single-GK,P0260,P0450,4,6,P0450,set-scores
2006-s1-single-GK-0-3,2006-s1,single,2006-s1-single-GK,P0260,P0259,3,7,P0259,set-scores
2006-s1-single-GK-0-5,2006-s1,single,2006-s1-single-GK,P0260,P0374,3,7,P0374,set-scores
2006-s1-single-GK-1-4,2006-s1,single,2006-s1-single-GK,P0171,P0231,7,3,P0171,set-scores
2006-s1-single-GK-1-6,2006-s1,single,2006-s1-single-GK,P0171,P0486,9,1,P0171,set-scores
2006-s1-single-GK-2-3,2006-s1,single,2006-s1-single-GK,P0450,P0259,8,2,P0450,set-scores
2006-s1-single-GK-2-4,2006-s1,single,2006-s1-single-GK,P0450,P0231,4,6,P0231,set-scores
2006-s1-single-GK-2-5,2006-s1,single,2006-s1-single-GK,P0450,P0374,0,10,P0374,set-scores
2006-s1-single-GK-2-6,2006-s1,single,2006-s1-single-GK,P0450,P0486,0,10,P0486,set-scores
2006-s1-single-GK-3-4,2006-s1,single,2006-s1-single-GK,P0259,P0231,0,10,P0231,set-scores
2006-s1-single-GK-3-5,2006-s1,single,2006-s1-single-GK,P0259,P0374,3,7,P0374,set-scores
2006-s1-single-GK-3-6,2006-s1,single,2006-s1-single-GK,P0259,P0486,8,2,P0259,set-scores
2006-s1-single-GK-4-5,2006-s1,single,2006-s1-single-GK,P0231,P0374,9,1,P0231,set-scores
2006-s1-single-GK-4-6,2006-s1,single,2006-s1-single-GK,P0231,P0486,9,1,P0231,set-scores
2006-s1-single-GK-5-6,2006-s1,single,2006-s1-single-GK,P0374,P0486,10,0,P0374,set-scores
2006-s1-single-GL-0-1,2006-s1,single,2006-s1-single-GL,P0341,P0086,8,2,P0341,set-scores
2006-s1-single-GL-0-2,2006-s1,single,2006-s1-single-GL,P0341,P0088,8,2,P0341,set-scores
2006-s1-single-GL-0-3,2006-s1,single,2006-s1-single-GL,P0341,P0398,2,8,P0398,set-scores
2006-s1-single-GL-0-4,2006-s1,single,2006-s1-single-GL,P0341,P0429,5,5,,set-scores
2006-s1-single-GL-0-5,2006-s1,single,2006-s1-single-GL,P0341,P0287,7,3,P0341,set-scores
2006-s1-single-GL-0-6,2006-s1,single,2006-s1-single-GL,P0341,P0564,8,2,P0341,set-scores
2006-s1-single-GL-1-2,2006-s1,single,2006-s1-single-GL,P0086,P0088,4,6,P0088,set-scores
2006-s1-single-GL-1-3,2006-s1,single,2006-s1-single-GL,P0086,P0398,3,7,P0398,set-scores
2006-s1-single-GL-1-4,2006-s1,single,2006-s1-single-GL,P0086,P0429,1,9,P0429,set-scores
2006-s1-single-GL-1-5,2006-s1,single,2006-s1-single-GL,P0086,P0287,4,6,P0287,set-scores
2006-s1-single-GL-1-6,2006-s1,single,2006-s1-single-GL,P0086,P0564,8,2,P0086,set-scores
2006-s1-single-GL-2-3,2006-s1,single,2006-s1-single-GL,P0088,P0398,7,3,P0088,set-scores
2006-s1-single-GL-2-4,2006-s1,single,2006-s1-single-GL,P0088,P0429,4,6,P0429,set-scores
2006-s1-single-GL-2-6,2006-s1,single,2006-s1-single-GL,P0088,P0564,8,2,P0088,set-scores
2006-s1-single-GL-3-5,2006-s1,single,2006-s1-single-GL,P0398,P0287,7,3,P0398,set-scores
2006-s1-single-GL-3-6,2006-s1,single,2006-s1-single-GL,P0398,P0564,9,1,P0398,set-scores
2006-s1-single-GL-4-5,2006-s1,single,2006-s1-single-GL,P0429,P0287,4,6,P0287,set-scores
2006-s1-single-GL-5-6,2006-s1,single,2006-s1-single-GL,P0287,P0564,5,5,,set-scores
2006-s1-single-GM-0-1,2006-s1,single,2006-s1-single-GM,P0649,P0387,3,7,P0387,set-scores
2006-s1-single-GM-0-2,2006-s1,single,2006-s1-single-GM,P0649,P0443,5,5,,set-scores
2006-s1-single-GM-0-3,2006-s1,single,2006-s1-single-GM,P0649,P0308,5,5,,set-scores
2006-s1-single-GM-0-4,2006-s1,single,2006-s1-single-GM,P0649,P0425,2,8,P0425,set-scores
2006-s1-single-GM-0-5,2006-s1,single,2006-s1-single-GM,P0649,P0514,4,6,P0514,set-scores
2006-s1-single-GM-0-6,2006-s1,single,2006-s1-single-GM,P0649,P0160,4,6,P0160,set-scores
2006-s1-single-GM-1-2,2006-s1,single,2006-s1-single-GM,P0387,P0443,0,10,P0443,set-scores
2006-s1-single-GM-1-3,2006-s1,single,2006-s1-single-GM,P0387,P0308,10,0,P0387,set-scores
2006-s1-single-GM-1-4,2006-s1,single,2006-s1-single-GM,P0387,P0425,3,7,P0425,set-scores
2006-s1-single-GM-1-5,2006-s1,single,2006-s1-single-GM,P0387,P0514,6,4,P0387,set-scores
2006-s1-single-GM-1-6,2006-s1,single,2006-s1-single-GM,P0387,P0160,3,7,P0160,set-scores
2006-s1-single-GM-2-3,2006-s1,single,2006-s1-single-GM,P0443,P0308,4,6,P0308,set-scores
2006-s1-single-GM-2-4,2006-s1,single,2006-s1-single-GM,P0443,P0425,3,7,P0425,set-scores
2006-s1-single-GM-2-5,2006-s1,single,2006-s1-single-GM,P0443,P0514,5,5,,set-scores
2006-s1-single-GM-2-6,2006-s1,single,2006-s1-single-GM,P0443,P0160,6,4,P0443,set-scores
2006-s1-single-GM-3-4,2006-s1,single,2006-s1-single-GM,P0308,P0425,0,10,P0425,set-scores
2006-s1-single-GM-3-5,2006-s1,single,2006-s1-single-GM,P0308,P0514,2,8,P0514,set-scores
2006-s1-single-GM-3-6,2006-s1,single,2006-s1-single-GM,P0308,P0160,0,10,P0160,set-scores
2006-s1-single-GM-4-5,2006-s1,single,2006-s1-single-GM,P0425,P0514,2,8,P0514,set-scores
2006-s1-single-GM-4-6,2006-s1,single,2006-s1-single-GM,P0425,P0160,7,3,P0425,set-scores
2006-s1-single-GM-5-6,2006-s1,single,2006-s1-single-GM,P0514,P0160,4,6,P0160,set-scores
2006-s2-single-GA-0-1,2006-s2,single,2006-s2-single-GA,P0158,P0570,6,4,P0158,set-scores
2006-s2-single-GA-0-2,2006-s2,single,2006-s2-single-GA,P0158,P0488,5,5,,set-scores
2006-s2-single-GA-0-3,2006-s2,single,2006-s2-single-GA,P0158,P0091,0,10,P0091,set-scores
2006-s2-single-GA-0-4,2006-s2,single,2006-s2-single-GA,P0158,P0500,5,5,,set-scores
2006-s2-single-GA-0-5,2006-s2,single,2006-s2-single-GA,P0158,P0300,6,4,P0158,set-scores
2006-s2-single-GA-0-6,2006-s2,single,2006-s2-single-GA,P0158,P0491,6,4,P0158,set-scores
2006-s2-single-GA-1-2,2006-s2,single,2006-s2-single-GA,P0570,P0488,10,0,P0570,set-scores
2006-s2-single-GA-1-3,2006-s2,single,2006-s2-single-GA,P0570,P0091,5,5,,set-scores
2006-s2-single-GA-1-4,2006-s2,single,2006-s2-single-GA,P0570,P0500,3,7,P0500,set-scores
2006-s2-single-GA-1-5,2006-s2,single,2006-s2-single-GA,P0570,P0300,6,4,P0570,set-scores
2006-s2-single-GA-1-6,2006-s2,single,2006-s2-single-GA,P0570,P0491,5,5,,set-scores
2006-s2-single-GA-2-3,2006-s2,single,2006-s2-single-GA,P0488,P0091,6,4,P0488,set-scores
2006-s2-single-GA-2-4,2006-s2,single,2006-s2-single-GA,P0488,P0500,5,5,,set-scores
2006-s2-single-GA-2-5,2006-s2,single,2006-s2-single-GA,P0488,P0300,6,4,P0488,set-scores
2006-s2-single-GA-2-6,2006-s2,single,2006-s2-single-GA,P0488,P0491,6,4,P0488,set-scores
2006-s2-single-GA-3-4,2006-s2,single,2006-s2-single-GA,P0091,P0500,3,7,P0500,set-scores
2006-s2-single-GA-3-5,2006-s2,single,2006-s2-single-GA,P0091,P0300,3,7,P0300,set-scores
2006-s2-single-GA-3-6,2006-s2,single,2006-s2-single-GA,P0091,P0491,2,8,P0491,set-scores
2006-s2-single-GA-4-5,2006-s2,single,2006-s2-single-GA,P0500,P0300,4,6,P0300,set-scores
2006-s2-single-GA-4-6,2006-s2,single,2006-s2-single-GA,P0500,P0491,7,3,P0500,set-scores
2006-s2-single-GA-5-6,2006-s2,single,2006-s2-single-GA,P0300,P0491,6,4,P0300,set-scores
2006-s2-single-GB-0-1,2006-s2,single,2006-s2-single-GB,P0478,P0274,6,4,P0478,set-scores
2006-s2-single-GB-0-2,2006-s2,single,2006-s2-single-GB,P0478,P0397,7,3,P0478,set-scores
2006-s2-single-GB-0-3,2006-s2,single,2006-s2-single-GB,P0478,P0165,6,4,P0478,set-scores
2006-s2-single-GB-0-4,2006-s2,single,2006-s2-single-GB,P0478,P0024,4,6,P0024,set-scores
2006-s2-single-GB-0-5,2006-s2,single,2006-s2-single-GB,P0478,P0476,8,2,P0478,set-scores
2006-s2-single-GB-0-6,2006-s2,single,2006-s2-single-GB,P0478,P0602,8,2,P0478,set-scores
2006-s2-single-GB-1-2,2006-s2,single,2006-s2-single-GB,P0274,P0397,7,3,P0274,set-scores
2006-s2-single-GB-1-3,2006-s2,single,2006-s2-single-GB,P0274,P0165,7,3,P0274,set-scores
2006-s2-single-GB-1-4,2006-s2,single,2006-s2-single-GB,P0274,P0024,9,1,P0274,set-scores
2006-s2-single-GB-1-5,2006-s2,single,2006-s2-single-GB,P0274,P0476,5,5,,set-scores
2006-s2-single-GB-1-6,2006-s2,single,2006-s2-single-GB,P0274,P0602,7,3,P0274,set-scores
2006-s2-single-GB-2-3,2006-s2,single,2006-s2-single-GB,P0397,P0165,0,10,P0165,set-scores
2006-s2-single-GB-2-4,2006-s2,single,2006-s2-single-GB,P0397,P0024,4,6,P0024,set-scores
2006-s2-single-GB-2-5,2006-s2,single,2006-s2-single-GB,P0397,P0476,2,8,P0476,set-scores
2006-s2-single-GB-3-4,2006-s2,single,2006-s2-single-GB,P0165,P0024,6,4,P0165,set-scores
2006-s2-single-GB-3-5,2006-s2,single,2006-s2-single-GB,P0165,P0476,5,5,,set-scores
2006-s2-single-GB-3-6,2006-s2,single,2006-s2-single-GB,P0165,P0602,6,4,P0165,set-scores
2006-s2-single-GB-4-5,2006-s2,single,2006-s2-single-GB,P0024,P0476,7,3,P0024,set-scores
2006-s2-single-GB-4-6,2006-s2,single,2006-s2-single-GB,P0024,P0602,7,3,P0024,set-scores
2006-s2-single-GB-5-6,2006-s2,single,2006-s2-single-GB,P0476,P0602,7,3,P0476,set-scores
2006-s2-single-GC-0-2,2006-s2,single,2006-s2-single-GC,P0226,P0051,6,4,P0226,set-scores
2006-s2-single-GC-0-3,2006-s2,single,2006-s2-single-GC,P0226,P0434,6,4,P0226,set-scores
2006-s2-single-GC-0-4,2006-s2,single,2006-s2-single-GC,P0226,P0620,10,0,P0226,set-scores
2006-s2-single-GC-0-5,2006-s2,single,2006-s2-single-GC,P0226,P0331,6,4,P0226,set-scores
2006-s2-single-GC-0-6,2006-s2,single,2006-s2-single-GC,P0226,P0334,5,5,,set-scores
2006-s2-single-GC-1-2,2006-s2,single,2006-s2-single-GC,P0349,P0051,4,6,P0051,set-scores
2006-s2-single-GC-1-3,2006-s2,single,2006-s2-single-GC,P0349,P0434,3,7,P0434,set-scores
2006-s2-single-GC-1-4,2006-s2,single,2006-s2-single-GC,P0349,P0620,10,0,P0349,set-scores
2006-s2-single-GC-1-5,2006-s2,single,2006-s2-single-GC,P0349,P0331,6,4,P0349,set-scores
2006-s2-single-GC-1-6,2006-s2,single,2006-s2-single-GC,P0349,P0334,6,4,P0349,set-scores
2006-s2-single-GC-2-3,2006-s2,single,2006-s2-single-GC,P0051,P0434,7,3,P0051,set-scores
2006-s2-single-GC-2-4,2006-s2,single,2006-s2-single-GC,P0051,P0620,10,0,P0051,set-scores
2006-s2-single-GC-2-5,2006-s2,single,2006-s2-single-GC,P0051,P0331,3,7,P0331,set-scores
2006-s2-single-GC-2-6,2006-s2,single,2006-s2-single-GC,P0051,P0334,3,7,P0334,set-scores
2006-s2-single-GC-3-4,2006-s2,single,2006-s2-single-GC,P0434,P0620,10,0,P0434,set-scores
2006-s2-single-GC-3-5,2006-s2,single,2006-s2-single-GC,P0434,P0331,3,7,P0331,set-scores
2006-s2-single-GC-3-6,2006-s2,single,2006-s2-single-GC,P0434,P0334,1,9,P0334,set-scores
2006-s2-single-GC-4-5,2006-s2,single,2006-s2-single-GC,P0620,P0331,0,10,P0331,set-scores
2006-s2-single-GC-4-6,2006-s2,single,2006-s2-single-GC,P0620,P0334,0,10,P0334,set-scores
2006-s2-single-GC-5-6,2006-s2,single,2006-s2-single-GC,P0331,P0334,7,3,P0331,set-scores
2006-s2-single-GD-0-1,2006-s2,single,2006-s2-single-GD,P0258,P0603,4,6,P0603,set-scores
2006-s2-single-GD-0-2,2006-s2,single,2006-s2-single-GD,P0258,P0455,8,2,P0258,set-scores
2006-s2-single-GD-0-3,2006-s2,single,2006-s2-single-GD,P0258,P0061,8,2,P0258,set-scores
2006-s2-single-GD-0-4,2006-s2,single,2006-s2-single-GD,P0258,P0571,5,5,,set-scores
2006-s2-single-GD-0-5,2006-s2,single,2006-s2-single-GD,P0258,P0013,9,1,P0258,set-scores
2006-s2-single-GD-0-6,2006-s2,single,2006-s2-single-GD,P0258,P0053,3,7,P0053,set-scores
2006-s2-single-GD-1-2,2006-s2,single,2006-s2-single-GD,P0603,P0455,9,1,P0603,set-scores
2006-s2-single-GD-1-3,2006-s2,single,2006-s2-single-GD,P0603,P0061,6,4,P0603,set-scores
2006-s2-single-GD-1-4,2006-s2,single,2006-s2-single-GD,P0603,P0571,3,7,P0571,set-scores
2006-s2-single-GD-1-5,2006-s2,single,2006-s2-single-GD,P0603,P0013,8,2,P0603,set-scores
2006-s2-single-GD-1-6,2006-s2,single,2006-s2-single-GD,P0603,P0053,9,1,P0603,set-scores
2006-s2-single-GD-2-3,2006-s2,single,2006-s2-single-GD,P0455,P0061,9,1,P0455,set-scores
2006-s2-single-GD-2-4,2006-s2,single,2006-s2-single-GD,P0455,P0571,6,4,P0455,set-scores
2006-s2-single-GD-2-5,2006-s2,single,2006-s2-single-GD,P0455,P0013,8,2,P0455,set-scores
2006-s2-single-GD-2-6,2006-s2,single,2006-s2-single-GD,P0455,P0053,3,7,P0053,set-scores
2006-s2-single-GD-3-6,2006-s2,single,2006-s2-single-GD,P0061,P0053,6,4,P0061,set-scores
2006-s2-single-GD-4-5,2006-s2,single,2006-s2-single-GD,P0571,P0013,7,3,P0571,set-scores
2006-s2-single-GD-4-6,2006-s2,single,2006-s2-single-GD,P0571,P0053,2,8,P0053,set-scores
2006-s2-single-GD-5-6,2006-s2,single,2006-s2-single-GD,P0013,P0053,0,10,P0053,set-scores
2006-s2-single-GE-0-1,2006-s2,single,2006-s2-single-GE,P0297,P0261,5,5,,set-scores
2006-s2-single-GE-0-2,2006-s2,single,2006-s2-single-GE,P0297,P0399,9,1,P0297,set-scores
2006-s2-single-GE-0-3,2006-s2,single,2006-s2-single-GE,P0297,P0568,8,2,P0297,set-scores
2006-s2-single-GE-0-4,2006-s2,single,2006-s2-single-GE,P0297,P0243,5,5,,set-scores
2006-s2-single-GE-0-5,2006-s2,single,2006-s2-single-GE,P0297,P0569,6,4,P0297,set-scores
2006-s2-single-GE-0-6,2006-s2,single,2006-s2-single-GE,P0297,P0063,7,3,P0297,set-scores
2006-s2-single-GE-1-2,2006-s2,single,2006-s2-single-GE,P0261,P0399,8,2,P0261,set-scores
2006-s2-single-GE-1-3,2006-s2,single,2006-s2-single-GE,P0261,P0568,6,4,P0261,set-scores
2006-s2-single-GE-1-4,2006-s2,single,2006-s2-single-GE,P0261,P0243,5,5,,set-scores
2006-s2-single-GE-1-5,2006-s2,single,2006-s2-single-GE,P0261,P0569,6,4,P0261,set-scores
2006-s2-single-GE-1-6,2006-s2,single,2006-s2-single-GE,P0261,P0063,9,1,P0261,set-scores
2006-s2-single-GE-2-3,2006-s2,single,2006-s2-single-GE,P0399,P0568,3,7,P0568,set-scores
2006-s2-single-GE-2-4,2006-s2,single,2006-s2-single-GE,P0399,P0243,4,6,P0243,set-scores
2006-s2-single-GE-2-6,2006-s2,single,2006-s2-single-GE,P0399,P0063,6,4,P0399,set-scores
2006-s2-single-GE-3-4,2006-s2,single,2006-s2-single-GE,P0568,P0243,5,5,,set-scores
2006-s2-single-GE-3-6,2006-s2,single,2006-s2-single-GE,P0568,P0063,7,3,P0568,set-scores
2006-s2-single-GE-4-5,2006-s2,single,2006-s2-single-GE,P0243,P0569,6,4,P0243,set-scores
2006-s2-single-GE-4-6,2006-s2,single,2006-s2-single-GE,P0243,P0063,6,4,P0243,set-scores
2006-s2-single-GF-0-2,2006-s2,single,2006-s2-single-GF,P0382,P0337,7,3,P0382,set-scores
2006-s2-single-GF-0-4,2006-s2,single,2006-s2-single-GF,P0382,P0076,5,5,,set-scores
2006-s2-single-GF-0-5,2006-s2,single,2006-s2-single-GF,P0382,P0224,4,6,P0224,set-scores
2006-s2-single-GF-1-2,2006-s2,single,2006-s2-single-GF,P0077,P0337,8,2,P0077,set-scores
2006-s2-single-GF-1-3,2006-s2,single,2006-s2-single-GF,P0077,P0317,5,5,,set-scores
2006-s2-single-GF-1-4,2006-s2,single,2006-s2-single-GF,P0077,P0076,7,3,P0077,set-scores
2006-s2-single-GF-1-5,2006-s2,single,2006-s2-single-GF,P0077,P0224,1,9,P0224,set-scores
2006-s2-single-GF-1-6,2006-s2,single,2006-s2-single-GF,P0077,P0146,7,3,P0077,set-scores
2006-s2-single-GF-2-3,2006-s2,single,2006-s2-single-GF,P0337,P0317,3,7,P0317,set-scores
2006-s2-single-GF-2-4,2006-s2,single,2006-s2-single-GF,P0337,P0076,1,9,P0076,set-scores
2006-s2-single-GF-2-5,2006-s2,single,2006-s2-single-GF,P0337,P0224,1,9,P0224,set-scores
2006-s2-single-GF-2-6,2006-s2,single,2006-s2-single-GF,P0337,P0146,2,8,P0146,set-scores
2006-s2-single-GF-3-4,2006-s2,single,2006-s2-single-GF,P0317,P0076,3,7,P0076,set-scores
2006-s2-single-GF-3-5,2006-s2,single,2006-s2-single-GF,P0317,P0224,7,3,P0317,set-scores
2006-s2-single-GF-3-6,2006-s2,single,2006-s2-single-GF,P0317,P0146,6,4,P0317,set-scores
2006-s2-single-GF-4-5,2006-s2,single,2006-s2-single-GF,P0076,P0224,10,0,P0076,set-scores
2006-s2-single-GF-4-6,2006-s2,single,2006-s2-single-GF,P0076,P0146,6,4,P0076,set-scores
2006-s2-single-GF-5-6,2006-s2,single,2006-s2-single-GF,P0224,P0146,7,3,P0224,set-scores
2006-s2-single-GG-0-1,2006-s2,single,2006-s2-single-GG,P0271,P0545,6,4,P0271,set-scores
2006-s2-single-GG-0-2,2006-s2,single,2006-s2-single-GG,P0271,P0055,6,4,P0271,set-scores
2006-s2-single-GG-0-3,2006-s2,single,2006-s2-single-GG,P0271,P0255,5,5,,set-scores
2006-s2-single-GG-0-4,2006-s2,single,2006-s2-single-GG,P0271,P0622,5,5,,set-scores
2006-s2-single-GG-0-5,2006-s2,single,2006-s2-single-GG,P0271,P0388,4,6,P0388,set-scores
2006-s2-single-GG-0-6,2006-s2,single,2006-s2-single-GG,P0271,P0445,5,5,,set-scores
2006-s2-single-GG-1-3,2006-s2,single,2006-s2-single-GG,P0545,P0255,5,5,,set-scores
2006-s2-single-GG-1-5,2006-s2,single,2006-s2-single-GG,P0545,P0388,7,3,P0545,set-scores
2006-s2-single-GG-1-6,2006-s2,single,2006-s2-single-GG,P0545,P0445,7,3,P0545,set-scores
2006-s2-single-GG-2-3,2006-s2,single,2006-s2-single-GG,P0055,P0255,3,7,P0255,set-scores
2006-s2-single-GG-2-4,2006-s2,single,2006-s2-single-GG,P0055,P0622,5,5,,set-scores
2006-s2-single-GG-2-5,2006-s2,single,2006-s2-single-GG,P0055,P0388,4,6,P0388,set-scores
2006-s2-single-GG-3-4,2006-s2,single,2006-s2-single-GG,P0255,P0622,6,4,P0255,set-scores
2006-s2-single-GG-3-5,2006-s2,single,2006-s2-single-GG,P0255,P0388,7,3,P0255,set-scores
2006-s2-single-GG-3-6,2006-s2,single,2006-s2-single-GG,P0255,P0445,7,3,P0255,set-scores
2006-s2-single-GG-4-5,2006-s2,single,2006-s2-single-GG,P0622,P0388,4,6,P0388,set-scores
2006-s2-single-GG-4-6,2006-s2,single,2006-s2-single-GG,P0622,P0445,5,5,,set-scores
2006-s2-single-GG-5-6,2006-s2,single,2006-s2-single-GG,P0388,P0445,6,4,P0388,set-scores
2006-s2-single-GH-0-1,2006-s2,single,2006-s2-single-GH,P0535,P0411,3,7,P0411,set-scores
2006-s2-single-GH-0-2,2006-s2,single,2006-s2-single-GH,P0535,P0575,10,0,P0535,set-scores
2006-s2-single-GH-0-3,2006-s2,single,2006-s2-single-GH,P0535,P0012,6,4,P0535,set-scores
2006-s2-single-GH-0-4,2006-s2,single,2006-s2-single-GH,P0535,P0033,5,5,,set-scores
2006-s2-single-GH-0-5,2006-s2,single,2006-s2-single-GH,P0535,P0440,8,2,P0535,set-scores
2006-s2-single-GH-0-6,2006-s2,single,2006-s2-single-GH,P0535,P0166,6,4,P0535,set-scores
2006-s2-single-GH-1-3,2006-s2,single,2006-s2-single-GH,P0411,P0012,3,7,P0012,set-scores
2006-s2-single-GH-1-4,2006-s2,single,2006-s2-single-GH,P0411,P0033,3,7,P0033,set-scores
2006-s2-single-GH-1-5,2006-s2,single,2006-s2-single-GH,P0411,P0440,6,4,P0411,set-scores
2006-s2-single-GH-1-6,2006-s2,single,2006-s2-single-GH,P0411,P0166,6,4,P0411,set-scores
2006-s2-single-GH-2-3,2006-s2,single,2006-s2-single-GH,P0575,P0012,6,4,P0575,set-scores
2006-s2-single-GH-2-4,2006-s2,single,2006-s2-single-GH,P0575,P0033,1,9,P0033,set-scores
2006-s2-single-GH-2-6,2006-s2,single,2006-s2-single-GH,P0575,P0166,4,6,P0166,set-scores
2006-s2-single-GH-3-4,2006-s2,single,2006-s2-single-GH,P0012,P0033,3,7,P0033,set-scores
2006-s2-single-GH-3-6,2006-s2,single,2006-s2-single-GH,P0012,P0166,5,5,,set-scores
2006-s2-single-GH-4-5,2006-s2,single,2006-s2-single-GH,P0033,P0440,9,1,P0033,set-scores
2006-s2-single-GH-4-6,2006-s2,single,2006-s2-single-GH,P0033,P0166,9,1,P0033,set-scores
2006-s2-single-GH-5-6,2006-s2,single,2006-s2-single-GH,P0440,P0166,6,4,P0440,set-scores
2006-s2-single-GI-0-1,2006-s2,single,2006-s2-single-GI,P0140,P0487,5,5,,set-scores
2006-s2-single-GI-0-2,2006-s2,single,2006-s2-single-GI,P0140,P0172,6,4,P0140,set-scores
2006-s2-single-GI-0-3,2006-s2,single,2006-s2-single-GI,P0140,P0126,6,4,P0140,set-scores
2006-s2-single-GI-0-4,2006-s2,single,2006-s2-single-GI,P0140,P0504,10,0,P0140,set-scores
2006-s2-single-GI-0-5,2006-s2,single,2006-s2-single-GI,P0140,P0029,8,2,P0140,set-scores
2006-s2-single-GI-0-6,2006-s2,single,2006-s2-single-GI,P0140,P0252,5,5,,set-scores
2006-s2-single-GI-1-2,2006-s2,single,2006-s2-single-GI,P0487,P0172,5,5,,set-scores
2006-s2-single-GI-1-3,2006-s2,single,2006-s2-single-GI,P0487,P0126,8,2,P0487,set-scores
2006-s2-single-GI-1-4,2006-s2,single,2006-s2-single-GI,P0487,P0504,10,0,P0487,set-scores
2006-s2-single-GI-1-5,2006-s2,single,2006-s2-single-GI,P0487,P0029,4,6,P0029,set-scores
2006-s2-single-GI-1-6,2006-s2,single,2006-s2-single-GI,P0487,P0252,5,5,,set-scores
2006-s2-single-GI-2-4,2006-s2,single,2006-s2-single-GI,P0172,P0504,10,0,P0172,set-scores
2006-s2-single-GI-2-5,2006-s2,single,2006-s2-single-GI,P0172,P0029,6,4,P0172,set-scores
2006-s2-single-GI-2-6,2006-s2,single,2006-s2-single-GI,P0172,P0252,5,5,,set-scores
2006-s2-single-GI-3-4,2006-s2,single,2006-s2-single-GI,P0126,P0504,10,0,P0126,set-scores
2006-s2-single-GI-3-5,2006-s2,single,2006-s2-single-GI,P0126,P0029,3,7,P0029,set-scores
2006-s2-single-GI-3-6,2006-s2,single,2006-s2-single-GI,P0126,P0252,3,7,P0252,set-scores
2006-s2-single-GI-4-5,2006-s2,single,2006-s2-single-GI,P0504,P0029,0,10,P0029,set-scores
2006-s2-single-GI-4-6,2006-s2,single,2006-s2-single-GI,P0504,P0252,0,10,P0252,set-scores
2006-s2-single-GI-5-6,2006-s2,single,2006-s2-single-GI,P0029,P0252,6,4,P0029,set-scores
2006-s2-single-GJ-0-1,2006-s2,single,2006-s2-single-GJ,P0490,P0335,0,10,P0335,set-scores
2006-s2-single-GJ-0-2,2006-s2,single,2006-s2-single-GJ,P0490,P0528,0,10,P0528,set-scores
2006-s2-single-GJ-0-3,2006-s2,single,2006-s2-single-GJ,P0490,P0425,0,10,P0425,set-scores
2006-s2-single-GJ-0-4,2006-s2,single,2006-s2-single-GJ,P0490,P0197,0,10,P0197,set-scores
2006-s2-single-GJ-0-5,2006-s2,single,2006-s2-single-GJ,P0490,P0062,0,10,P0062,set-scores
2006-s2-single-GJ-0-6,2006-s2,single,2006-s2-single-GJ,P0490,P0635,0,10,P0635,set-scores
2006-s2-single-GJ-1-2,2006-s2,single,2006-s2-single-GJ,P0335,P0528,6,4,P0335,set-scores
2006-s2-single-GJ-1-3,2006-s2,single,2006-s2-single-GJ,P0335,P0425,10,0,P0335,set-scores
2006-s2-single-GJ-1-4,2006-s2,single,2006-s2-single-GJ,P0335,P0197,7,3,P0335,set-scores
2006-s2-single-GJ-1-5,2006-s2,single,2006-s2-single-GJ,P0335,P0062,6,4,P0335,set-scores
2006-s2-single-GJ-1-6,2006-s2,single,2006-s2-single-GJ,P0335,P0635,6,4,P0335,set-scores
2006-s2-single-GJ-2-4,2006-s2,single,2006-s2-single-GJ,P0528,P0197,4,6,P0197,set-scores
2006-s2-single-GJ-2-5,2006-s2,single,2006-s2-single-GJ,P0528,P0062,4,6,P0062,set-scores
2006-s2-single-GJ-2-6,2006-s2,single,2006-s2-single-GJ,P0528,P0635,3,7,P0635,set-scores
2006-s2-single-GJ-3-5,2006-s2,single,2006-s2-single-GJ,P0425,P0062,0,10,P0062,set-scores
2006-s2-single-GJ-3-6,2006-s2,single,2006-s2-single-GJ,P0425,P0635,1,9,P0635,set-scores
2006-s2-single-GJ-4-5,2006-s2,single,2006-s2-single-GJ,P0197,P0062,4,6,P0062,set-scores
2006-s2-single-GJ-4-6,2006-s2,single,2006-s2-single-GJ,P0197,P0635,6,4,P0197,set-scores
2006-s2-single-GJ-5-6,2006-s2,single,2006-s2-single-GJ,P0062,P0635,6,4,P0062,set-scores
2006-s2-single-GW-0-1,2006-s2,single,2006-s2-single-GW,P0559,P0515,4,6,P0515,set-scores
2006-s2-single-GW-0-4,2006-s2,single,2006-s2-single-GW,P0559,P0357,4,6,P0357,set-scores
2006-s2-single-GW-0-6,2006-s2,single,2006-s2-single-GW,P0559,P0058,2,8,P0058,set-scores
2006-s2-single-GW-1-2,2006-s2,single,2006-s2-single-GW,P0515,P0629,5,5,,set-scores
2006-s2-single-GW-1-3,2006-s2,single,2006-s2-single-GW,P0515,P0628,7,3,P0515,set-scores
2006-s2-single-GW-1-4,2006-s2,single,2006-s2-single-GW,P0515,P0357,5,5,,set-scores
2006-s2-single-GW-1-5,2006-s2,single,2006-s2-single-GW,P0515,P0228,10,0,P0515,set-scores
2006-s2-single-GW-1-6,2006-s2,single,2006-s2-single-GW,P0515,P0058,5,5,,set-scores
2006-s2-single-GW-1-7,2006-s2,single,2006-s2-single-GW,P0515,P0451,7,3,P0515,set-scores
2006-s2-single-GW-2-3,2006-s2,single,2006-s2-single-GW,P0629,P0628,4,6,P0628,set-scores
2006-s2-single-GW-3-6,2006-s2,single,2006-s2-single-GW,P0628,P0058,3,7,P0058,set-scores
2006-s2-single-GW-4-5,2006-s2,single,2006-s2-single-GW,P0357,P0228,9,1,P0357,set-scores
2006-s2-single-GW-4-6,2006-s2,single,2006-s2-single-GW,P0357,P0058,5,5,,set-scores
2006-s2-single-GW-5-6,2006-s2,single,2006-s2-single-GW,P0228,P0058,2,8,P0058,set-scores
2006-s2-single-GX-0-1,2006-s2,single,2006-s2-single-GX,P0160,P0200,6,4,P0160,set-scores
2006-s2-single-GX-0-2,2006-s2,single,2006-s2-single-GX,P0160,P0458,6,4,P0160,set-scores
2006-s2-single-GX-0-3,2006-s2,single,2006-s2-single-GX,P0160,P0577,6,4,P0160,set-scores
2006-s2-single-GX-0-4,2006-s2,single,2006-s2-single-GX,P0160,P0443,7,3,P0160,set-scores
2006-s2-single-GX-0-5,2006-s2,single,2006-s2-single-GX,P0160,P0483,8,2,P0160,set-scores
2006-s2-single-GX-0-6,2006-s2,single,2006-s2-single-GX,P0160,P0288,2,8,P0288,set-scores
2006-s2-single-GX-0-7,2006-s2,single,2006-s2-single-GX,P0160,P0289,5,5,,set-scores
2006-s2-single-GX-1-2,2006-s2,single,2006-s2-single-GX,P0200,P0458,2,8,P0458,set-scores
2006-s2-single-GX-1-3,2006-s2,single,2006-s2-single-GX,P0200,P0577,5,5,,set-scores
2006-s2-single-GX-1-4,2006-s2,single,2006-s2-single-GX,P0200,P0443,7,3,P0200,set-scores
2006-s2-single-GX-1-5,2006-s2,single,2006-s2-single-GX,P0200,P0483,4,6,P0483,set-scores
2006-s2-single-GX-1-6,2006-s2,single,2006-s2-single-GX,P0200,P0288,3,7,P0288,set-scores
2006-s2-single-GX-1-7,2006-s2,single,2006-s2-single-GX,P0200,P0289,3,7,P0289,set-scores
2006-s2-single-GX-2-3,2006-s2,single,2006-s2-single-GX,P0458,P0577,7,3,P0458,set-scores
2006-s2-single-GX-2-4,2006-s2,single,2006-s2-single-GX,P0458,P0443,4,6,P0443,set-scores
2006-s2-single-GX-2-5,2006-s2,single,2006-s2-single-GX,P0458,P0483,1,9,P0483,set-scores
2006-s2-single-GX-2-6,2006-s2,single,2006-s2-single-GX,P0458,P0288,5,5,,set-scores
2006-s2-single-GX-2-7,2006-s2,single,2006-s2-single-GX,P0458,P0289,4,6,P0289,set-scores
2006-s2-single-GX-3-4,2006-s2,single,2006-s2-single-GX,P0577,P0443,6,4,P0577,set-scores
2006-s2-single-GX-3-5,2006-s2,single,2006-s2-single-GX,P0577,P0483,3,7,P0483,set-scores
2006-s2-single-GX-3-6,2006-s2,single,2006-s2-single-GX,P0577,P0288,5,5,,set-scores
2006-s2-single-GX-3-7,2006-s2,single,2006-s2-single-GX,P0577,P0289,1,9,P0289,set-scores
2006-s2-single-GX-4-5,2006-s2,single,2006-s2-single-GX,P0443,P0483,3,7,P0483,set-scores
2006-s2-single-GX-4-6,2006-s2,single,2006-s2-single-GX,P0443,P0288,5,5,,set-scores
2006-s2-single-GX-4-7,2006-s2,single,2006-s2-single-GX,P0443,P0289,8,2,P0443,set-scores
2006-s2-single-GX-5-6,2006-s2,single,2006-s2-single-GX,P0483,P0288,3,7,P0288,set-scores
2006-s2-single-GX-5-7,2006-s2,single,2006-s2-single-GX,P0483,P0289,6,4,P0483,set-scores
2006-s2-single-GX-6-7,2006-s2,single,2006-s2-single-GX,P0288,P0289,2,8,P0289,set-scores
2006-s2-single-GY-0-1,2006-s2,single,2006-s2-single-GY,P0206,P0431,8,2,P0206,set-scores
2006-s2-single-GY-0-2,2006-s2,single,2006-s2-single-GY,P0206,P0075,4,6,P0075,set-scores
2006-s2-single-GY-0-3,2006-s2,single,2006-s2-single-GY,P0206,P0502,6,4,P0206,set-scores
2006-s2-single-GY-0-4,2006-s2,single,2006-s2-single-GY,P0206,P0585,9,1,P0206,set-scores
2006-s2-single-GY-0-5,2006-s2,single,2006-s2-single-GY,P0206,P0617,7,3,P0206,set-scores
2006-s2-single-GY-0-6,2006-s2,single,2006-s2-single-GY,P0206,P0614,4,6,P0614,set-scores
2006-s2-single-GY-0-7,2006-s2,single,2006-s2-single-GY,P0206,P0173,7,3,P0206,set-scores
2006-s2-single-GY-1-2,2006-s2,single,2006-s2-single-GY,P0431,P0075,5,5,,set-scores
2006-s2-single-GY-1-3,2006-s2,single,2006-s2-single-GY,P0431,P0502,4,6,P0502,set-scores
2006-s2-single-GY-1-4,2006-s2,single,2006-s2-single-GY,P0431,P0585,3,7,P0585,set-scores
2006-s2-single-GY-1-5,2006-s2,single,2006-s2-single-GY,P0431,P0617,4,6,P0617,set-scores
2006-s2-single-GY-1-6,2006-s2,single,2006-s2-single-GY,P0431,P0614,2,8,P0614,set-scores
2006-s2-single-GY-1-7,2006-s2,single,2006-s2-single-GY,P0431,P0173,6,4,P0431,set-scores
2006-s2-single-GY-2-3,2006-s2,single,2006-s2-single-GY,P0075,P0502,5,5,,set-scores
2006-s2-single-GY-2-4,2006-s2,single,2006-s2-single-GY,P0075,P0585,5,5,,set-scores
2006-s2-single-GY-2-5,2006-s2,single,2006-s2-single-GY,P0075,P0617,5,5,,set-scores
2006-s2-single-GY-2-6,2006-s2,single,2006-s2-single-GY,P0075,P0614,6,4,P0075,set-scores
2006-s2-single-GY-2-7,2006-s2,single,2006-s2-single-GY,P0075,P0173,7,3,P0075,set-scores
2006-s2-single-GY-3-4,2006-s2,single,2006-s2-single-GY,P0502,P0585,9,1,P0502,set-scores
2006-s2-single-GY-3-5,2006-s2,single,2006-s2-single-GY,P0502,P0617,3,7,P0617,set-scores
2006-s2-single-GY-3-6,2006-s2,single,2006-s2-single-GY,P0502,P0614,7,3,P0502,set-scores
2006-s2-single-GY-3-7,2006-s2,single,2006-s2-single-GY,P0502,P0173,9,1,P0502,set-scores
2006-s2-single-GY-4-5,2006-s2,single,2006-s2-single-GY,P0585,P0617,5,5,,set-scores
2006-s2-single-GY-4-6,2006-s2,single,2006-s2-single-GY,P0585,P0614,0,10,P0614,set-scores
2006-s2-single-GY-5-6,2006-s2,single,2006-s2-single-GY,P0617,P0614,3,7,P0614,set-scores
2006-s2-single-GY-5-7,2006-s2,single,2006-s2-single-GY,P0617,P0173,10,0,P0617,set-scores
2006-s2-single-GZ-0-1,2006-s2,single,2006-s2-single-GZ,P0531,P0272,5,5,,set-scores
2006-s2-single-GZ-0-2,2006-s2,single,2006-s2-single-GZ,P0531,P0457,3,7,P0457,set-scores
2006-s2-single-GZ-0-3,2006-s2,single,2006-s2-single-GZ,P0531,P0009,5,5,,set-scores
2006-s2-single-GZ-1-2,2006-s2,single,2006-s2-single-GZ,P0272,P0457,3,7,P0457,set-scores
2006-s2-single-GZ-1-3,2006-s2,single,2006-s2-single-GZ,P0272,P0009,8,2,P0272,set-scores
2006-s2-single-GZ-2-3,2006-s2,single,2006-s2-single-GZ,P0457,P0009,8,2,P0457,set-scores
2006-s2-single-GZ-2-4,2006-s2,single,2006-s2-single-GZ,P0457,P0208,5,5,,set-scores
2006-s2-single-GZ-3-4,2006-s2,single,2006-s2-single-GZ,P0009,P0208,4,6,P0208,set-scores
2006-s3-A-GA-0-1,2006-s3,A,2006-s3-A-GA,P0440,P0314,0,10,P0314,set-scores
2006-s3-A-GA-0-2,2006-s3,A,2006-s3-A-GA,P0440,P0297,0,10,P0297,set-scores
2006-s3-A-GA-0-3,2006-s3,A,2006-s3-A-GA,P0440,P0011,0,10,P0011,set-scores
2006-s3-A-GA-0-4,2006-s3,A,2006-s3-A-GA,P0440,P0029,0,10,P0029,set-scores
2006-s3-A-GA-0-5,2006-s3,A,2006-s3-A-GA,P0440,P0545,0,10,P0545,set-scores
2006-s3-A-GA-0-6,2006-s3,A,2006-s3-A-GA,P0440,P0389,0,10,P0389,set-scores
2006-s3-A-GA-1-2,2006-s3,A,2006-s3-A-GA,P0314,P0297,5,5,,set-scores
2006-s3-A-GA-1-4,2006-s3,A,2006-s3-A-GA,P0314,P0029,4,6,P0029,set-scores
2006-s3-A-GA-1-5,2006-s3,A,2006-s3-A-GA,P0314,P0545,5,5,,set-scores
2006-s3-A-GA-1-6,2006-s3,A,2006-s3-A-GA,P0314,P0389,6,4,P0314,set-scores
2006-s3-A-GA-2-3,2006-s3,A,2006-s3-A-GA,P0297,P0011,7,3,P0297,set-scores
2006-s3-A-GA-2-4,2006-s3,A,2006-s3-A-GA,P0297,P0029,5,5,,set-scores
2006-s3-A-GA-2-5,2006-s3,A,2006-s3-A-GA,P0297,P0545,5,5,,set-scores
2006-s3-A-GA-2-6,2006-s3,A,2006-s3-A-GA,P0297,P0389,10,0,P0297,set-scores
2006-s3-A-GA-3-4,2006-s3,A,2006-s3-A-GA,P0011,P0029,2,8,P0029,set-scores
2006-s3-A-GA-3-5,2006-s3,A,2006-s3-A-GA,P0011,P0545,2,8,P0545,set-scores
2006-s3-A-GA-3-6,2006-s3,A,2006-s3-A-GA,P0011,P0389,4,6,P0389,set-scores
2006-s3-A-GA-4-5,2006-s3,A,2006-s3-A-GA,P0029,P0545,5,5,,set-scores
2006-s3-A-GA-4-6,2006-s3,A,2006-s3-A-GA,P0029,P0389,10,0,P0029,set-scores
2006-s3-A-GA-5-6,2006-s3,A,2006-s3-A-GA,P0545,P0389,8,2,P0545,set-scores
2006-s3-A-GB-0-1,2006-s3,A,2006-s3-A-GB,P0472,P0279,9,1,P0472,set-scores
2006-s3-A-GB-0-3,2006-s3,A,2006-s3-A-GB,P0472,P0478,1,9,P0478,set-scores
2006-s3-A-GB-0-4,2006-s3,A,2006-s3-A-GB,P0472,P0289,2,8,P0289,set-scores
2006-s3-A-GB-0-6,2006-s3,A,2006-s3-A-GB,P0472,P0333,3,7,P0333,set-scores
2006-s3-A-GB-1-2,2006-s3,A,2006-s3-A-GB,P0279,P0094,3,7,P0094,set-scores
2006-s3-A-GB-1-3,2006-s3,A,2006-s3-A-GB,P0279,P0478,2,8,P0478,set-scores
2006-s3-A-GB-1-4,2006-s3,A,2006-s3-A-GB,P0279,P0289,3,7,P0289,set-scores
2006-s3-A-GB-1-6,2006-s3,A,2006-s3-A-GB,P0279,P0333,4,6,P0333,set-scores
2006-s3-A-GB-2-4,2006-s3,A,2006-s3-A-GB,P0094,P0289,5,5,,set-scores
2006-s3-A-GB-2-5,2006-s3,A,2006-s3-A-GB,P0094,P0335,5,5,,set-scores
2006-s3-A-GB-3-4,2006-s3,A,2006-s3-A-GB,P0478,P0289,8,2,P0478,set-scores
2006-s3-A-GB-3-5,2006-s3,A,2006-s3-A-GB,P0478,P0335,8,2,P0478,set-scores
2006-s3-A-GB-3-6,2006-s3,A,2006-s3-A-GB,P0478,P0333,4,6,P0333,set-scores
2006-s3-A-GB-4-5,2006-s3,A,2006-s3-A-GB,P0289,P0335,5,5,,set-scores
2006-s3-A-GB-4-6,2006-s3,A,2006-s3-A-GB,P0289,P0333,6,4,P0289,set-scores
2006-s3-A-GB-5-6,2006-s3,A,2006-s3-A-GB,P0335,P0333,6,4,P0335,set-scores
2006-s3-A-GC-0-1,2006-s3,A,2006-s3-A-GC,P0378,P0400,8,2,P0378,set-scores
2006-s3-A-GC-0-2,2006-s3,A,2006-s3-A-GC,P0378,P0018,1,9,P0018,set-scores
2006-s3-A-GC-0-3,2006-s3,A,2006-s3-A-GC,P0378,P0118,10,0,P0378,set-scores
2006-s3-A-GC-0-4,2006-s3,A,2006-s3-A-GC,P0378,P0276,3,7,P0276,set-scores
2006-s3-A-GC-0-5,2006-s3,A,2006-s3-A-GC,P0378,P0244,4,6,P0244,set-scores
2006-s3-A-GC-0-6,2006-s3,A,2006-s3-A-GC,P0378,P0427,7,3,P0378,set-scores
2006-s3-A-GC-1-2,2006-s3,A,2006-s3-A-GC,P0400,P0018,0,10,P0018,set-scores
2006-s3-A-GC-1-3,2006-s3,A,2006-s3-A-GC,P0400,P0118,10,0,P0400,set-scores
2006-s3-A-GC-1-4,2006-s3,A,2006-s3-A-GC,P0400,P0276,2,8,P0276,set-scores
2006-s3-A-GC-1-5,2006-s3,A,2006-s3-A-GC,P0400,P0244,5,5,,set-scores
2006-s3-A-GC-1-6,2006-s3,A,2006-s3-A-GC,P0400,P0427,2,8,P0427,set-scores
2006-s3-A-GC-2-3,2006-s3,A,2006-s3-A-GC,P0018,P0118,10,0,P0018,set-scores
2006-s3-A-GC-2-5,2006-s3,A,2006-s3-A-GC,P0018,P0244,8,2,P0018,set-scores
2006-s3-A-GC-2-6,2006-s3,A,2006-s3-A-GC,P0018,P0427,6,4,P0018,set-scores
2006-s3-A-GC-3-4,2006-s3,A,2006-s3-A-GC,P0118,P0276,0,10,P0276,set-scores
2006-s3-A-GC-3-5,2006-s3,A,2006-s3-A-GC,P0118,P0244,0,10,P0244,set-scores
2006-s3-A-GC-3-6,2006-s3,A,2006-s3-A-GC,P0118,P0427,0,10,P0427,set-scores
2006-s3-A-GC-4-5,2006-s3,A,2006-s3-A-GC,P0276,P0244,7,3,P0276,set-scores
2006-s3-A-GC-4-6,2006-s3,A,2006-s3-A-GC,P0276,P0427,2,8,P0427,set-scores
2006-s3-A-GC-5-6,2006-s3,A,2006-s3-A-GC,P0244,P0427,6,4,P0244,set-scores
2006-s3-A-GD-0-1,2006-s3,A,2006-s3-A-GD,P0275,P0535,4,6,P0535,set-scores
2006-s3-A-GD-0-2,2006-s3,A,2006-s3-A-GD,P0275,P0555,10,0,P0275,set-scores
2006-s3-A-GD-0-3,2006-s3,A,2006-s3-A-GD,P0275,P0149,7,3,P0275,set-scores
2006-s3-A-GD-0-4,2006-s3,A,2006-s3-A-GD,P0275,P0511,10,0,P0275,set-scores
2006-s3-A-GD-0-5,2006-s3,A,2006-s3-A-GD,P0275,P0075,2,8,P0075,set-scores
2006-s3-A-GD-0-6,2006-s3,A,2006-s3-A-GD,P0275,P0637,9,1,P0275,set-scores
2006-s3-A-GD-1-2,2006-s3,A,2006-s3-A-GD,P0535,P0555,8,2,P0535,set-scores
2006-s3-A-GD-1-3,2006-s3,A,2006-s3-A-GD,P0535,P0149,5,5,,set-scores
2006-s3-A-GD-1-4,2006-s3,A,2006-s3-A-GD,P0535,P0511,10,0,P0535,set-scores
2006-s3-A-GD-1-5,2006-s3,A,2006-s3-A-GD,P0535,P0075,5,5,,set-scores
2006-s3-A-GD-1-6,2006-s3,A,2006-s3-A-GD,P0535,P0637,5,5,,set-scores
2006-s3-A-GD-2-3,2006-s3,A,2006-s3-A-GD,P0555,P0149,8,2,P0555,set-scores
2006-s3-A-GD-2-4,2006-s3,A,2006-s3-A-GD,P0555,P0511,10,0,P0555,set-scores
2006-s3-A-GD-2-6,2006-s3,A,2006-s3-A-GD,P0555,P0637,5,5,,set-scores
2006-s3-A-GD-3-4,2006-s3,A,2006-s3-A-GD,P0149,P0511,10,0,P0149,set-scores
2006-s3-A-GD-3-5,2006-s3,A,2006-s3-A-GD,P0149,P0075,1,9,P0075,set-scores
2006-s3-A-GD-3-6,2006-s3,A,2006-s3-A-GD,P0149,P0637,0,10,P0637,set-scores
2006-s3-A-GD-4-5,2006-s3,A,2006-s3-A-GD,P0511,P0075,0,10,P0075,set-scores
2006-s3-A-GD-4-6,2006-s3,A,2006-s3-A-GD,P0511,P0637,0,10,P0637,set-scores
2006-s3-A-GD-5-6,2006-s3,A,2006-s3-A-GD,P0075,P0637,4,6,P0637,set-scores
2006-s3-A-GE-0-1,2006-s3,A,2006-s3-A-GE,P0492,P0258,1,9,P0258,set-scores
2006-s3-A-GE-0-2,2006-s3,A,2006-s3-A-GE,P0492,P0445,5,5,,set-scores
2006-s3-A-GE-0-3,2006-s3,A,2006-s3-A-GE,P0492,P0459,6,4,P0492,set-scores
2006-s3-A-GE-0-5,2006-s3,A,2006-s3-A-GE,P0492,P0174,4,6,P0174,set-scores
2006-s3-A-GE-1-2,2006-s3,A,2006-s3-A-GE,P0258,P0445,7,3,P0258,set-scores
2006-s3-A-GE-1-3,2006-s3,A,2006-s3-A-GE,P0258,P0459,7,3,P0258,set-scores
2006-s3-A-GE-1-6,2006-s3,A,2006-s3-A-GE,P0258,P0487,5,5,,set-scores
2006-s3-A-GE-2-3,2006-s3,A,2006-s3-A-GE,P0445,P0459,3,7,P0459,set-scores
2006-s3-A-GE-2-4,2006-s3,A,2006-s3-A-GE,P0445,P0091,7,3,P0445,set-scores
2006-s3-A-GE-2-5,2006-s3,A,2006-s3-A-GE,P0445,P0174,4,6,P0174,set-scores
2006-s3-A-GE-3-4,2006-s3,A,2006-s3-A-GE,P0459,P0091,8,2,P0459,set-scores
2006-s3-A-GE-3-5,2006-s3,A,2006-s3-A-GE,P0459,P0174,1,9,P0174,set-scores
2006-s3-A-GE-4-5,2006-s3,A,2006-s3-A-GE,P0091,P0174,3,7,P0174,set-scores
2006-s3-A-GE-4-6,2006-s3,A,2006-s3-A-GE,P0091,P0487,2,8,P0487,set-scores
2006-s3-A-GE-5-6,2006-s3,A,2006-s3-A-GE,P0174,P0487,3,7,P0487,set-scores
2006-s3-A-GF-0-1,2006-s3,A,2006-s3-A-GF,P0430,P0324,5,5,,set-scores
2006-s3-A-GF-0-2,2006-s3,A,2006-s3-A-GF,P0430,P0337,8,2,P0430,set-scores
2006-s3-A-GF-0-3,2006-s3,A,2006-s3-A-GF,P0430,P0491,6,4,P0430,set-scores
2006-s3-A-GF-0-4,2006-s3,A,2006-s3-A-GF,P0430,P0583,4,6,P0583,set-scores
2006-s3-A-GF-0-5,2006-s3,A,2006-s3-A-GF,P0430,P0262,7,3,P0430,set-scores
2006-s3-A-GF-1-2,2006-s3,A,2006-s3-A-GF,P0324,P0337,7,3,P0324,set-scores
2006-s3-A-GF-1-3,2006-s3,A,2006-s3-A-GF,P0324,P0491,8,2,P0324,set-scores
2006-s3-A-GF-1-4,2006-s3,A,2006-s3-A-GF,P0324,P0583,7,3,P0324,set-scores
2006-s3-A-GF-1-5,2006-s3,A,2006-s3-A-GF,P0324,P0262,9,1,P0324,set-scores
2006-s3-A-GF-1-6,2006-s3,A,2006-s3-A-GF,P0324,P0194,5,5,,set-scores
2006-s3-A-GF-2-3,2006-s3,A,2006-s3-A-GF,P0337,P0491,4,6,P0491,set-scores
2006-s3-A-GF-2-4,2006-s3,A,2006-s3-A-GF,P0337,P0583,4,6,P0583,set-scores
2006-s3-A-GF-2-5,2006-s3,A,2006-s3-A-GF,P0337,P0262,0,10,P0262,set-scores
2006-s3-A-GF-2-6,2006-s3,A,2006-s3-A-GF,P0337,P0194,0,10,P0194,set-scores
2006-s3-A-GF-3-4,2006-s3,A,2006-s3-A-GF,P0491,P0583,6,4,P0491,set-scores
2006-s3-A-GF-3-5,2006-s3,A,2006-s3-A-GF,P0491,P0262,2,8,P0262,set-scores
2006-s3-A-GF-3-6,2006-s3,A,2006-s3-A-GF,P0491,P0194,8,2,P0491,set-scores
2006-s3-A-GF-4-5,2006-s3,A,2006-s3-A-GF,P0583,P0262,4,6,P0262,set-scores
2006-s3-A-GG-0-2,2006-s3,A,2006-s3-A-GG,P0255,P0616,7,3,P0255,set-scores
2006-s3-A-GG-0-3,2006-s3,A,2006-s3-A-GG,P0255,P0617,4,6,P0617,set-scores
2006-s3-A-GG-0-4,2006-s3,A,2006-s3-A-GG,P0255,P0252,2,8,P0252,set-scores
2006-s3-A-GG-0-5,2006-s3,A,2006-s3-A-GG,P0255,P0309,5,5,,set-scores
2006-s3-A-GG-0-6,2006-s3,A,2006-s3-A-GG,P0255,P0186,3,7,P0186,set-scores
2006-s3-A-GG-1-4,2006-s3,A,2006-s3-A-GG,P0077,P0252,4,6,P0252,set-scores
2006-s3-A-GG-1-6,2006-s3,A,2006-s3-A-GG,P0077,P0186,5,5,,set-scores
2006-s3-A-GG-2-3,2006-s3,A,2006-s3-A-GG,P0616,P0617,2,8,P0617,set-scores
2006-s3-A-GG-2-4,2006-s3,A,2006-s3-A-GG,P0616,P0252,2,8,P0252,set-scores
2006-s3-A-GG-2-5,2006-s3,A,2006-s3-A-GG,P0616,P0309,4,6,P0309,set-scores
2006-s3-A-GG-2-6,2006-s3,A,2006-s3-A-GG,P0616,P0186,3,7,P0186,set-scores
2006-s3-A-GG-3-4,2006-s3,A,2006-s3-A-GG,P0617,P0252,6,4,P0617,set-scores
2006-s3-A-GG-3-5,2006-s3,A,2006-s3-A-GG,P0617,P0309,7,3,P0617,set-scores
2006-s3-A-GG-3-6,2006-s3,A,2006-s3-A-GG,P0617,P0186,3,7,P0186,set-scores
2006-s3-A-GG-4-5,2006-s3,A,2006-s3-A-GG,P0252,P0309,6,4,P0252,set-scores
2006-s3-A-GG-4-6,2006-s3,A,2006-s3-A-GG,P0252,P0186,7,3,P0252,set-scores
2006-s3-A-GG-5-6,2006-s3,A,2006-s3-A-GG,P0309,P0186,5,5,,set-scores
2006-s3-A-GH-0-1,2006-s3,A,2006-s3-A-GH,P0166,P0532,0,10,P0532,set-scores
2006-s3-A-GH-0-2,2006-s3,A,2006-s3-A-GH,P0166,P0622,5,5,,set-scores
2006-s3-A-GH-0-3,2006-s3,A,2006-s3-A-GH,P0166,P0206,5,5,,set-scores
2006-s3-A-GH-0-4,2006-s3,A,2006-s3-A-GH,P0166,P0557,8,2,P0166,set-scores
2006-s3-A-GH-0-5,2006-s3,A,2006-s3-A-GH,P0166,P0261,1,9,P0261,set-scores
2006-s3-A-GH-0-6,2006-s3,A,2006-s3-A-GH,P0166,P0479,6,4,P0166,set-scores
2006-s3-A-GH-1-2,2006-s3,A,2006-s3-A-GH,P0532,P0622,5,5,,set-scores
2006-s3-A-GH-1-3,2006-s3,A,2006-s3-A-GH,P0532,P0206,6,4,P0532,set-scores
2006-s3-A-GH-1-4,2006-s3,A,2006-s3-A-GH,P0532,P0557,7,3,P0532,set-scores
2006-s3-A-GH-1-5,2006-s3,A,2006-s3-A-GH,P0532,P0261,9,1,P0532,set-scores
2006-s3-A-GH-1-6,2006-s3,A,2006-s3-A-GH,P0532,P0479,3,7,P0479,set-scores
2006-s3-A-GH-2-3,2006-s3,A,2006-s3-A-GH,P0622,P0206,7,3,P0622,set-scores
2006-s3-A-GH-2-4,2006-s3,A,2006-s3-A-GH,P0622,P0557,8,2,P0622,set-scores
2006-s3-A-GH-2-5,2006-s3,A,2006-s3-A-GH,P0622,P0261,6,4,P0622,set-scores
2006-s3-A-GH-2-6,2006-s3,A,2006-s3-A-GH,P0622,P0479,6,4,P0622,set-scores
2006-s3-A-GH-3-4,2006-s3,A,2006-s3-A-GH,P0206,P0557,7,3,P0206,set-scores
2006-s3-A-GH-3-5,2006-s3,A,2006-s3-A-GH,P0206,P0261,4,6,P0261,set-scores
2006-s3-A-GH-3-6,2006-s3,A,2006-s3-A-GH,P0206,P0479,4,6,P0479,set-scores
2006-s3-A-GH-4-5,2006-s3,A,2006-s3-A-GH,P0557,P0261,3,7,P0261,set-scores
2006-s3-A-GH-4-6,2006-s3,A,2006-s3-A-GH,P0557,P0479,1,9,P0479,set-scores
2006-s3-A-GH-5-6,2006-s3,A,2006-s3-A-GH,P0261,P0479,9,1,P0261,set-scores
2006-s3-A-GI-0-1,2006-s3,A,2006-s3-A-GI,P0331,P0488,5,5,,set-scores
2006-s3-A-GI-0-3,2006-s3,A,2006-s3-A-GI,P0331,P0423,10,0,P0331,set-scores
2006-s3-A-GI-0-4,2006-s3,A,2006-s3-A-GI,P0331,P0161,6,4,P0331,set-scores
2006-s3-A-GI-0-5,2006-s3,A,2006-s3-A-GI,P0331,P0586,5,5,,set-scores
2006-s3-A-GI-0-6,2006-s3,A,2006-s3-A-GI,P0331,P0548,6,4,P0331,set-scores
2006-s3-A-GI-1-5,2006-s3,A,2006-s3-A-GI,P0488,P0586,8,2,P0488,set-scores
2006-s3-A-GI-1-6,2006-s3,A,2006-s3-A-GI,P0488,P0548,6,4,P0488,set-scores
2006-s3-A-GI-2-4,2006-s3,A,2006-s3-A-GI,P0328,P0161,1,9,P0161,set-scores
2006-s3-A-GI-3-4,2006-s3,A,2006-s3-A-GI,P0423,P0161,0,10,P0161,set-scores
2006-s3-A-GI-4-5,2006-s3,A,2006-s3-A-GI,P0161,P0586,10,0,P0161,set-scores
2006-s3-A-GI-4-6,2006-s3,A,2006-s3-A-GI,P0161,P0548,9,1,P0161,set-scores
2006-s3-A-GJ-0-1,2006-s3,A,2006-s3-A-GJ,P0428,P0318,3,7,P0318,set-scores
2006-s3-A-GJ-0-2,2006-s3,A,2006-s3-A-GJ,P0428,P0393,6,4,P0428,set-scores
2006-s3-A-GJ-0-3,2006-s3,A,2006-s3-A-GJ,P0428,P0551,7,3,P0428,set-scores
2006-s3-A-GJ-0-4,2006-s3,A,2006-s3-A-GJ,P0428,P0592,10,0,P0428,set-scores
2006-s3-A-GJ-0-5,2006-s3,A,2006-s3-A-GJ,P0428,P0055,10,0,P0428,set-scores
2006-s3-A-GJ-1-2,2006-s3,A,2006-s3-A-GJ,P0318,P0393,6,4,P0318,set-scores
2006-s3-A-GJ-1-3,2006-s3,A,2006-s3-A-GJ,P0318,P0551,10,0,P0318,set-scores
2006-s3-A-GJ-1-4,2006-s3,A,2006-s3-A-GJ,P0318,P0592,5,5,,set-scores
2006-s3-A-GJ-1-5,2006-s3,A,2006-s3-A-GJ,P0318,P0055,7,3,P0318,set-scores
2006-s3-A-GJ-1-6,2006-s3,A,2006-s3-A-GJ,P0318,P0169,4,6,P0169,set-scores
2006-s3-A-GJ-2-3,2006-s3,A,2006-s3-A-GJ,P0393,P0551,9,1,P0393,set-scores
2006-s3-A-GJ-2-4,2006-s3,A,2006-s3-A-GJ,P0393,P0592,4,6,P0592,set-scores
2006-s3-A-GJ-2-5,2006-s3,A,2006-s3-A-GJ,P0393,P0055,10,0,P0393,set-scores
2006-s3-A-GJ-2-6,2006-s3,A,2006-s3-A-GJ,P0393,P0169,6,4,P0393,set-scores
2006-s3-A-GJ-3-4,2006-s3,A,2006-s3-A-GJ,P0551,P0592,7,3,P0551,set-scores
2006-s3-A-GJ-3-5,2006-s3,A,2006-s3-A-GJ,P0551,P0055,1,9,P0055,set-scores
2006-s3-A-GJ-3-6,2006-s3,A,2006-s3-A-GJ,P0551,P0169,1,9,P0169,set-scores
2006-s3-A-GJ-4-5,2006-s3,A,2006-s3-A-GJ,P0592,P0055,3,7,P0055,set-scores
2006-s3-A-GJ-4-6,2006-s3,A,2006-s3-A-GJ,P0592,P0169,4,6,P0169,set-scores
2006-s3-A-GJ-5-6,2006-s3,A,2006-s3-A-GJ,P0055,P0169,2,8,P0169,set-scores
2006-s3-A-GW-0-1,2006-s3,A,2006-s3-A-GW,P0281,P0390,8,2,P0281,set-scores
2006-s3-A-GW-0-2,2006-s3,A,2006-s3-A-GW,P0281,P0614,8,2,P0281,set-scores
2006-s3-A-GW-0-3,2006-s3,A,2006-s3-A-GW,P0281,P0220,6,4,P0281,set-scores
2006-s3-A-GW-0-4,2006-s3,A,2006-s3-A-GW,P0281,P0631,4,6,P0631,set-scores
2006-s3-A-GW-0-5,2006-s3,A,2006-s3-A-GW,P0281,P0454,2,8,P0454,set-scores
2006-s3-A-GW-0-6,2006-s3,A,2006-s3-A-GW,P0281,P0383,6,4,P0281,set-scores
2006-s3-A-GW-1-2,2006-s3,A,2006-s3-A-GW,P0390,P0614,6,4,P0390,set-scores
2006-s3-A-GW-2-3,2006-s3,A,2006-s3-A-GW,P0614,P0220,2,8,P0220,set-scores
2006-s3-A-GW-2-6,2006-s3,A,2006-s3-A-GW,P0614,P0383,4,6,P0383,set-scores
2006-s3-A-GW-3-4,2006-s3,A,2006-s3-A-GW,P0220,P0631,7,3,P0220,set-scores
2006-s3-A-GW-3-5,2006-s3,A,2006-s3-A-GW,P0220,P0454,3,7,P0454,set-scores
2006-s3-A-GW-3-6,2006-s3,A,2006-s3-A-GW,P0220,P0383,3,7,P0383,set-scores
2006-s3-A-GW-4-6,2006-s3,A,2006-s3-A-GW,P0631,P0383,5,5,,set-scores
2006-s3-A-GW-5-6,2006-s3,A,2006-s3-A-GW,P0454,P0383,8,2,P0454,set-scores
2006-s3-A-GX-0-1,2006-s3,A,2006-s3-A-GX,P0329,P0431,6,4,P0329,set-scores
2006-s3-A-GX-0-2,2006-s3,A,2006-s3-A-GX,P0329,P0607,6,4,P0329,set-scores
2006-s3-A-GX-0-3,2006-s3,A,2006-s3-A-GX,P0329,P0502,5,5,,set-scores
2006-s3-A-GX-0-4,2006-s3,A,2006-s3-A-GX,P0329,P0514,2,8,P0514,set-scores
2006-s3-A-GX-0-5,2006-s3,A,2006-s3-A-GX,P0329,P0524,8,2,P0329,set-scores
2006-s3-A-GX-0-6,2006-s3,A,2006-s3-A-GX,P0329,P0209,7,3,P0329,set-scores
2006-s3-A-GX-1-2,2006-s3,A,2006-s3-A-GX,P0431,P0607,4,6,P0607,set-scores
2006-s3-A-GX-1-3,2006-s3,A,2006-s3-A-GX,P0431,P0502,4,6,P0502,set-scores
2006-s3-A-GX-1-4,2006-s3,A,2006-s3-A-GX,P0431,P0514,4,6,P0514,set-scores
2006-s3-A-GX-1-5,2006-s3,A,2006-s3-A-GX,P0431,P0524,2,8,P0524,set-scores
2006-s3-A-GX-1-6,2006-s3,A,2006-s3-A-GX,P0431,P0209,0,10,P0209,set-scores
2006-s3-A-GX-2-3,2006-s3,A,2006-s3-A-GX,P0607,P0502,7,3,P0607,set-scores
2006-s3-A-GX-2-4,2006-s3,A,2006-s3-A-GX,P0607,P0514,8,2,P0607,set-scores
2006-s3-A-GX-2-5,2006-s3,A,2006-s3-A-GX,P0607,P0524,6,4,P0607,set-scores
2006-s3-A-GX-2-6,2006-s3,A,2006-s3-A-GX,P0607,P0209,5,5,,set-scores
2006-s3-A-GX-3-4,2006-s3,A,2006-s3-A-GX,P0502,P0514,9,1,P0502,set-scores
2006-s3-A-GX-3-5,2006-s3,A,2006-s3-A-GX,P0502,P0524,6,4,P0502,set-scores
2006-s3-A-GX-3-6,2006-s3,A,2006-s3-A-GX,P0502,P0209,2,8,P0209,set-scores
2006-s3-A-GX-4-6,2006-s3,A,2006-s3-A-GX,P0514,P0209,5,5,,set-scores
2006-s3-A-GX-5-6,2006-s3,A,2006-s3-A-GX,P0524,P0209,3,7,P0209,set-scores
2006-s3-A-GY-0-1,2006-s3,A,2006-s3-A-GY,P0218,P0434,4,6,P0434,set-scores
2006-s3-A-GY-0-2,2006-s3,A,2006-s3-A-GY,P0218,P0577,5,5,,set-scores
2006-s3-A-GY-0-3,2006-s3,A,2006-s3-A-GY,P0218,P0359,3,7,P0359,set-scores
2006-s3-A-GY-0-4,2006-s3,A,2006-s3-A-GY,P0218,P0529,7,3,P0218,set-scores
2006-s3-A-GY-0-5,2006-s3,A,2006-s3-A-GY,P0218,P0560,10,0,P0218,set-scores
2006-s3-A-GY-0-6,2006-s3,A,2006-s3-A-GY,P0218,P0247,5,5,,set-scores
2006-s3-A-GY-1-2,2006-s3,A,2006-s3-A-GY,P0434,P0577,6,4,P0434,set-scores
2006-s3-A-GY-1-3,2006-s3,A,2006-s3-A-GY,P0434,P0359,6,4,P0434,set-scores
2006-s3-A-GY-1-4,2006-s3,A,2006-s3-A-GY,P0434,P0529,7,3,P0434,set-scores
2006-s3-A-GY-1-5,2006-s3,A,2006-s3-A-GY,P0434,P0560,8,2,P0434,set-scores
2006-s3-A-GY-1-6,2006-s3,A,2006-s3-A-GY,P0434,P0247,3,7,P0247,set-scores
2006-s3-A-GY-2-3,2006-s3,A,2006-s3-A-GY,P0577,P0359,5,5,,set-scores
2006-s3-A-GY-2-4,2006-s3,A,2006-s3-A-GY,P0577,P0529,4,6,P0529,set-scores
2006-s3-A-GY-2-5,2006-s3,A,2006-s3-A-GY,P0577,P0560,10,0,P0577,set-scores
2006-s3-A-GY-2-6,2006-s3,A,2006-s3-A-GY,P0577,P0247,5,5,,set-scores
2006-s3-A-GY-3-4,2006-s3,A,2006-s3-A-GY,P0359,P0529,3,7,P0529,set-scores
2006-s3-A-GY-3-5,2006-s3,A,2006-s3-A-GY,P0359,P0560,8,2,P0359,set-scores
2006-s3-A-GY-3-6,2006-s3,A,2006-s3-A-GY,P0359,P0247,1,9,P0247,set-scores
2006-s3-A-GY-4-5,2006-s3,A,2006-s3-A-GY,P0529,P0560,7,3,P0529,set-scores
2006-s3-A-GY-4-6,2006-s3,A,2006-s3-A-GY,P0529,P0247,2,8,P0247,set-scores
2006-s3-A-GY-5-6,2006-s3,A,2006-s3-A-GY,P0560,P0247,2,8,P0247,set-scores
2006-s3-A-GZ-0-1,2006-s3,A,2006-s3-A-GZ,P0353,P0650,7,3,P0353,set-scores
2006-s3-A-GZ-0-2,2006-s3,A,2006-s3-A-GZ,P0353,P0558,8,2,P0353,set-scores
2006-s3-A-GZ-0-3,2006-s3,A,2006-s3-A-GZ,P0353,P0288,5,5,,set-scores
2006-s3-A-GZ-0-4,2006-s3,A,2006-s3-A-GZ,P0353,P0572,6,4,P0353,set-scores
2006-s3-A-GZ-0-5,2006-s3,A,2006-s3-A-GZ,P0353,P0214,7,3,P0353,set-scores
2006-s3-A-GZ-0-6,2006-s3,A,2006-s3-A-GZ,P0353,P0196,3,7,P0196,set-scores
2006-s3-A-GZ-1-2,2006-s3,A,2006-s3-A-GZ,P0650,P0558,4,6,P0558,set-scores
2006-s3-A-GZ-1-3,2006-s3,A,2006-s3-A-GZ,P0650,P0288,4,6,P0288,set-scores
2006-s3-A-GZ-1-4,2006-s3,A,2006-s3-A-GZ,P0650,P0572,5,5,,set-scores
2006-s3-A-GZ-1-5,2006-s3,A,2006-s3-A-GZ,P0650,P0214,4,6,P0214,set-scores
2006-s3-A-GZ-1-6,2006-s3,A,2006-s3-A-GZ,P0650,P0196,2,8,P0196,set-scores
2006-s3-A-GZ-2-3,2006-s3,A,2006-s3-A-GZ,P0558,P0288,2,8,P0288,set-scores
2006-s3-A-GZ-2-4,2006-s3,A,2006-s3-A-GZ,P0558,P0572,4,6,P0572,set-scores
2006-s3-A-GZ-2-5,2006-s3,A,2006-s3-A-GZ,P0558,P0214,3,7,P0214,set-scores
2006-s3-A-GZ-2-6,2006-s3,A,2006-s3-A-GZ,P0558,P0196,2,8,P0196,set-scores
2006-s3-A-GZ-3-4,2006-s3,A,2006-s3-A-GZ,P0288,P0572,9,1,P0288,set-scores
2006-s3-A-GZ-3-5,2006-s3,A,2006-s3-A-GZ,P0288,P0214,5,5,,set-scores
2006-s3-A-GZ-3-6,2006-s3,A,2006-s3-A-GZ,P0288,P0196,4,6,P0196,set-scores
2006-s3-A-GZ-4-5,2006-s3,A,2006-s3-A-GZ,P0572,P0214,4,6,P0214,set-scores
2006-s3-A-GZ-4-6,2006-s3,A,2006-s3-A-GZ,P0572,P0196,3,7,P0196,set-scores
2006-s3-A-GZ-5-6,2006-s3,A,2006-s3-A-GZ,P0214,P0196,6,4,P0214,set-scores
2006-s3-B-GA-0-1,2006-s3,B,2006-s3-B-GA,P0440,P0314,0,10,P0314,set-scores
2006-s3-B-GA-0-2,2006-s3,B,2006-s3-B-GA,P0440,P0297,0,10,P0297,set-scores
2006-s3-B-GA-0-3,2006-s3,B,2006-s3-B-GA,P0440,P0011,0,10,P0011,set-scores
2006-s3-B-GA-0-4,2006-s3,B,2006-s3-B-GA,P0440,P0029,0,10,P0029,set-scores
2006-s3-B-GA-0-5,2006-s3,B,2006-s3-B-GA,P0440,P0545,0,10,P0545,set-scores
2006-s3-B-GA-0-6,2006-s3,B,2006-s3-B-GA,P0440,P0389,0,10,P0389,set-scores
2006-s3-B-GA-1-2,2006-s3,B,2006-s3-B-GA,P0314,P0297,5,5,,set-scores
2006-s3-B-GA-1-4,2006-s3,B,2006-s3-B-GA,P0314,P0029,4,6,P0029,set-scores
2006-s3-B-GA-1-5,2006-s3,B,2006-s3-B-GA,P0314,P0545,5,5,,set-scores
2006-s3-B-GA-1-6,2006-s3,B,2006-s3-B-GA,P0314,P0389,6,4,P0314,set-scores
2006-s3-B-GA-2-3,2006-s3,B,2006-s3-B-GA,P0297,P0011,7,3,P0297,set-scores
2006-s3-B-GA-2-4,2006-s3,B,2006-s3-B-GA,P0297,P0029,5,5,,set-scores
2006-s3-B-GA-2-5,2006-s3,B,2006-s3-B-GA,P0297,P0545,5,5,,set-scores
2006-s3-B-GA-2-6,2006-s3,B,2006-s3-B-GA,P0297,P0389,10,0,P0297,set-scores
2006-s3-B-GA-3-4,2006-s3,B,2006-s3-B-GA,P0011,P0029,2,8,P0029,set-scores
2006-s3-B-GA-3-5,2006-s3,B,2006-s3-B-GA,P0011,P0545,2,8,P0545,set-scores
2006-s3-B-GA-3-6,2006-s3,B,2006-s3-B-GA,P0011,P0389,4,6,P0389,set-scores
2006-s3-B-GA-4-5,2006-s3,B,2006-s3-B-GA,P0029,P0545,5,5,,set-scores
2006-s3-B-GA-4-6,2006-s3,B,2006-s3-B-GA,P0029,P0389,10,0,P0029,set-scores
2006-s3-B-GA-5-6,2006-s3,B,2006-s3-B-GA,P0545,P0389,8,2,P0545,set-scores
2006-s3-B-GB-0-1,2006-s3,B,2006-s3-B-GB,P0472,P0279,9,1,P0472,set-scores
2006-s3-B-GB-0-3,2006-s3,B,2006-s3-B-GB,P0472,P0478,1,9,P0478,set-scores
2006-s3-B-GB-0-4,2006-s3,B,2006-s3-B-GB,P0472,P0289,2,8,P0289,set-scores
2006-s3-B-GB-0-6,2006-s3,B,2006-s3-B-GB,P0472,P0333,3,7,P0333,set-scores
2006-s3-B-GB-1-2,2006-s3,B,2006-s3-B-GB,P0279,P0094,3,7,P0094,set-scores
2006-s3-B-GB-1-3,2006-s3,B,2006-s3-B-GB,P0279,P0478,2,8,P0478,set-scores
2006-s3-B-GB-1-4,2006-s3,B,2006-s3-B-GB,P0279,P0289,3,7,P0289,set-scores
2006-s3-B-GB-1-6,2006-s3,B,2006-s3-B-GB,P0279,P0333,4,6,P0333,set-scores
2006-s3-B-GB-2-4,2006-s3,B,2006-s3-B-GB,P0094,P0289,5,5,,set-scores
2006-s3-B-GB-2-5,2006-s3,B,2006-s3-B-GB,P0094,P0335,5,5,,set-scores
2006-s3-B-GB-3-4,2006-s3,B,2006-s3-B-GB,P0478,P0289,8,2,P0478,set-scores
2006-s3-B-GB-3-5,2006-s3,B,2006-s3-B-GB,P0478,P0335,8,2,P0478,set-scores
2006-s3-B-GB-3-6,2006-s3,B,2006-s3-B-GB,P0478,P0333,4,6,P0333,set-scores
2006-s3-B-GB-4-5,2006-s3,B,2006-s3-B-GB,P0289,P0335,5,5,,set-scores
2006-s3-B-GB-4-6,2006-s3,B,2006-s3-B-GB,P0289,P0333,6,4,P0289,set-scores
2006-s3-B-GB-5-6,2006-s3,B,2006-s3-B-GB,P0335,P0333,6,4,P0335,set-scores
2006-s3-B-GC-0-1,2006-s3,B,2006-s3-B-GC,P0378,P0400,8,2,P0378,set-scores
2006-s3-B-GC-0-2,2006-s3,B,2006-s3-B-GC,P0378,P0018,1,9,P0018,set-scores
2006-s3-B-GC-0-3,2006-s3,B,2006-s3-B-GC,P0378,P0118,10,0,P0378,set-scores
2006-s3-B-GC-0-4,2006-s3,B,2006-s3-B-GC,P0378,P0276,3,7,P0276,set-scores
2006-s3-B-GC-0-5,2006-s3,B,2006-s3-B-GC,P0378,P0244,4,6,P0244,set-scores
2006-s3-B-GC-0-6,2006-s3,B,2006-s3-B-GC,P0378,P0427,7,3,P0378,set-scores
2006-s3-B-GC-1-2,2006-s3,B,2006-s3-B-GC,P0400,P0018,0,10,P0018,set-scores
2006-s3-B-GC-1-3,2006-s3,B,2006-s3-B-GC,P0400,P0118,10,0,P0400,set-scores
2006-s3-B-GC-1-4,2006-s3,B,2006-s3-B-GC,P0400,P0276,2,8,P0276,set-scores
2006-s3-B-GC-1-5,2006-s3,B,2006-s3-B-GC,P0400,P0244,5,5,,set-scores
2006-s3-B-GC-1-6,2006-s3,B,2006-s3-B-GC,P0400,P0427,2,8,P0427,set-scores
2006-s3-B-GC-2-3,2006-s3,B,2006-s3-B-GC,P0018,P0118,10,0,P0018,set-scores
2006-s3-B-GC-2-5,2006-s3,B,2006-s3-B-GC,P0018,P0244,8,2,P0018,set-scores
2006-s3-B-GC-2-6,2006-s3,B,2006-s3-B-GC,P0018,P0427,6,4,P0018,set-scores
2006-s3-B-GC-3-4,2006-s3,B,2006-s3-B-GC,P0118,P0276,0,10,P0276,set-scores
2006-s3-B-GC-3-5,2006-s3,B,2006-s3-B-GC,P0118,P0244,0,10,P0244,set-scores
2006-s3-B-GC-3-6,2006-s3,B,2006-s3-B-GC,P0118,P0427,0,10,P0427,set-scores
2006-s3-B-GC-4-5,2006-s3,B,2006-s3-B-GC,P0276,P0244,7,3,P0276,set-scores
2006-s3-B-GC-4-6,2006-s3,B,2006-s3-B-GC,P0276,P0427,2,8,P0427,set-scores
2006-s3-B-GC-5-6,2006-s3,B,2006-s3-B-GC,P0244,P0427,6,4,P0244,set-scores
2006-s3-B-GD-0-1,2006-s3,B,2006-s3-B-GD,P0275,P0535,4,6,P0535,set-scores
2006-s3-B-GD-0-2,2006-s3,B,2006-s3-B-GD,P0275,P0555,10,0,P0275,set-scores
2006-s3-B-GD-0-3,2006-s3,B,2006-s3-B-GD,P0275,P0149,7,3,P0275,set-scores
2006-s3-B-GD-0-4,2006-s3,B,2006-s3-B-GD,P0275,P0511,10,0,P0275,set-scores
2006-s3-B-GD-0-5,2006-s3,B,2006-s3-B-GD,P0275,P0075,2,8,P0075,set-scores
2006-s3-B-GD-0-6,2006-s3,B,2006-s3-B-GD,P0275,P0637,9,1,P0275,set-scores
2006-s3-B-GD-1-2,2006-s3,B,2006-s3-B-GD,P0535,P0555,8,2,P0535,set-scores
2006-s3-B-GD-1-3,2006-s3,B,2006-s3-B-GD,P0535,P0149,5,5,,set-scores
2006-s3-B-GD-1-4,2006-s3,B,2006-s3-B-GD,P0535,P0511,10,0,P0535,set-scores
2006-s3-B-GD-1-5,2006-s3,B,2006-s3-B-GD,P0535,P0075,5,5,,set-scores
2006-s3-B-GD-1-6,2006-s3,B,2006-s3-B-GD,P0535,P0637,5,5,,set-scores
2006-s3-B-GD-2-3,2006-s3,B,2006-s3-B-GD,P0555,P0149,8,2,P0555,set-scores
2006-s3-B-GD-2-4,2006-s3,B,2006-s3-B-GD,P0555,P0511,10,0,P0555,set-scores
2006-s3-B-GD-2-6,2006-s3,B,2006-s3-B-GD,P0555,P0637,5,5,,set-scores
2006-s3-B-GD-3-4,2006-s3,B,2006-s3-B-GD,P0149,P0511,10,0,P0149,set-scores
2006-s3-B-GD-3-5,2006-s3,B,2006-s3-B-GD,P0149,P0075,1,9,P0075,set-scores
2006-s3-B-GD-3-6,2006-s3,B,2006-s3-B-GD,P0149,P0637,0,10,P0637,set-scores
2006-s3-B-GD-4-5,2006-s3,B,2006-s3-B-GD,P0511,P0075,0,10,P0075,set-scores
2006-s3-B-GD-4-6,2006-s3,B,2006-s3-B-GD,P0511,P0637,0,10,P0637,set-scores
2006-s3-B-GD-5-6,2006-s3,B,2006-s3-B-GD,P0075,P0637,4,6,P0637,set-scores
2006-s3-B-GE-0-1,2006-s3,B,2006-s3-B-GE,P0492,P0258,1,9,P0258,set-scores
2006-s3-B-GE-0-2,2006-s3,B,2006-s3-B-GE,P0492,P0445,5,5,,set-scores
2006-s3-B-GE-0-3,2006-s3,B,2006-s3-B-GE,P0492,P0459,6,4,P0492,set-scores
2006-s3-B-GE-0-5,2006-s3,B,2006-s3-B-GE,P0492,P0174,4,6,P0174,set-scores
2006-s3-B-GE-1-2,2006-s3,B,2006-s3-B-GE,P0258,P0445,7,3,P0258,set-scores
2006-s3-B-GE-1-3,2006-s3,B,2006-s3-B-GE,P0258,P0459,7,3,P0258,set-scores
2006-s3-B-GE-1-6,2006-s3,B,2006-s3-B-GE,P0258,P0487,5,5,,set-scores
2006-s3-B-GE-2-3,2006-s3,B,2006-s3-B-GE,P0445,P0459,3,7,P0459,set-scores
2006-s3-B-GE-2-4,2006-s3,B,2006-s3-B-GE,P0445,P0091,7,3,P0445,set-scores
2006-s3-B-GE-2-5,2006-s3,B,2006-s3-B-GE,P0445,P0174,4,6,P0174,set-scores
2006-s3-B-GE-3-4,2006-s3,B,2006-s3-B-GE,P0459,P0091,8,2,P0459,set-scores
2006-s3-B-GE-3-5,2006-s3,B,2006-s3-B-GE,P0459,P0174,1,9,P0174,set-scores
2006-s3-B-GE-4-5,2006-s3,B,2006-s3-B-GE,P0091,P0174,3,7,P0174,set-scores
2006-s3-B-GE-4-6,2006-s3,B,2006-s3-B-GE,P0091,P0487,2,8,P0487,set-scores
2006-s3-B-GE-5-6,2006-s3,B,2006-s3-B-GE,P0174,P0487,3,7,P0487,set-scores
2006-s3-B-GF-0-1,2006-s3,B,2006-s3-B-GF,P0430,P0324,5,5,,set-scores
2006-s3-B-GF-0-2,2006-s3,B,2006-s3-B-GF,P0430,P0337,8,2,P0430,set-scores
2006-s3-B-GF-0-3,2006-s3,B,2006-s3-B-GF,P0430,P0491,6,4,P0430,set-scores
2006-s3-B-GF-0-4,2006-s3,B,2006-s3-B-GF,P0430,P0583,4,6,P0583,set-scores
2006-s3-B-GF-0-5,2006-s3,B,2006-s3-B-GF,P0430,P0262,7,3,P0430,set-scores
2006-s3-B-GF-1-2,2006-s3,B,2006-s3-B-GF,P0324,P0337,7,3,P0324,set-scores
2006-s3-B-GF-1-3,2006-s3,B,2006-s3-B-GF,P0324,P0491,8,2,P0324,set-scores
2006-s3-B-GF-1-4,2006-s3,B,2006-s3-B-GF,P0324,P0583,7,3,P0324,set-scores
2006-s3-B-GF-1-5,2006-s3,B,2006-s3-B-GF,P0324,P0262,9,1,P0324,set-scores
2006-s3-B-GF-1-6,2006-s3,B,2006-s3-B-GF,P0324,P0194,5,5,,set-scores
2006-s3-B-GF-2-3,2006-s3,B,2006-s3-B-GF,P0337,P0491,4,6,P0491,set-scores
2006-s3-B-GF-2-4,2006-s3,B,2006-s3-B-GF,P0337,P0583,4,6,P0583,set-scores
2006-s3-B-GF-2-5,2006-s3,B,2006-s3-B-GF,P0337,P0262,0,10,P0262,set-scores
2006-s3-B-GF-2-6,2006-s3,B,2006-s3-B-GF,P0337,P0194,0,10,P0194,set-scores
2006-s3-B-GF-3-4,2006-s3,B,2006-s3-B-GF,P0491,P0583,6,4,P0491,set-scores
2006-s3-B-GF-3-5,2006-s3,B,2006-s3-B-GF,P0491,P0262,2,8,P0262,set-scores
2006-s3-B-GF-3-6,2006-s3,B,2006-s3-B-GF,P0491,P0194,8,2,P0491,set-scores
2006-s3-B-GF-4-5,2006-s3,B,2006-s3-B-GF,P0583,P0262,4,6,P0262,set-scores
2006-s3-B-GG-0-2,2006-s3,B,2006-s3-B-GG,P0255,P0616,7,3,P0255,set-scores
2006-s3-B-GG-0-3,2006-s3,B,2006-s3-B-GG,P0255,P0617,4,6,P0617,set-scores
2006-s3-B-GG-0-4,2006-s3,B,2006-s3-B-GG,P0255,P0252,2,8,P0252,set-scores
2006-s3-B-GG-0-5,2006-s3,B,2006-s3-B-GG,P0255,P0309,5,5,,set-scores
2006-s3-B-GG-0-6,2006-s3,B,2006-s3-B-GG,P0255,P0186,3,7,P0186,set-scores
2006-s3-B-GG-1-4,2006-s3,B,2006-s3-B-GG,P0077,P0252,4,6,P0252,set-scores
2006-s3-B-GG-1-6,2006-s3,B,2006-s3-B-GG,P0077,P0186,5,5,,set-scores
2006-s3-B-GG-2-3,2006-s3,B,2006-s3-B-GG,P0616,P0617,2,8,P0617,set-scores
2006-s3-B-GG-2-4,2006-s3,B,2006-s3-B-GG,P0616,P0252,2,8,P0252,set-scores
2006-s3-B-GG-2-5,2006-s3,B,2006-s3-B-GG,P0616,P0309,4,6,P0309,set-scores
2006-s3-B-GG-2-6,2006-s3,B,2006-s3-B-GG,P0616,P0186,3,7,P0186,set-scores
2006-s3-B-GG-3-4,2006-s3,B,2006-s3-B-GG,P0617,P0252,6,4,P0617,set-scores
2006-s3-B-GG-3-5,2006-s3,B,2006-s3-B-GG,P0617,P0309,7,3,P0617,set-scores
2006-s3-B-GG-3-6,2006-s3,B,2006-s3-B-GG,P0617,P0186,3,7,P0186,set-scores
2006-s3-B-GG-4-5,2006-s3,B,2006-s3-B-GG,P0252,P0309,6,4,P0252,set-scores
2006-s3-B-GG-4-6,2006-s3,B,2006-s3-B-GG,P0252,P0186,7,3,P0252,set-scores
2006-s3-B-GG-5-6,2006-s3,B,2006-s3-B-GG,P0309,P0186,5,5,,set-scores
2006-s3-B-GH-0-1,2006-s3,B,2006-s3-B-GH,P0166,P0532,0,10,P0532,set-scores
2006-s3-B-GH-0-2,2006-s3,B,2006-s3-B-GH,P0166,P0622,5,5,,set-scores
2006-s3-B-GH-0-3,2006-s3,B,2006-s3-B-GH,P0166,P0206,5,5,,set-scores
2006-s3-B-GH-0-4,2006-s3,B,2006-s3-B-GH,P0166,P0557,8,2,P0166,set-scores
2006-s3-B-GH-0-5,2006-s3,B,2006-s3-B-GH,P0166,P0261,1,9,P0261,set-scores
2006-s3-B-GH-0-6,2006-s3,B,2006-s3-B-GH,P0166,P0479,6,4,P0166,set-scores
2006-s3-B-GH-1-2,2006-s3,B,2006-s3-B-GH,P0532,P0622,5,5,,set-scores
2006-s3-B-GH-1-3,2006-s3,B,2006-s3-B-GH,P0532,P0206,6,4,P0532,set-scores
2006-s3-B-GH-1-4,2006-s3,B,2006-s3-B-GH,P0532,P0557,7,3,P0532,set-scores
2006-s3-B-GH-1-5,2006-s3,B,2006-s3-B-GH,P0532,P0261,9,1,P0532,set-scores
2006-s3-B-GH-1-6,2006-s3,B,2006-s3-B-GH,P0532,P0479,3,7,P0479,set-scores
2006-s3-B-GH-2-3,2006-s3,B,2006-s3-B-GH,P0622,P0206,7,3,P0622,set-scores
2006-s3-B-GH-2-4,2006-s3,B,2006-s3-B-GH,P0622,P0557,8,2,P0622,set-scores
2006-s3-B-GH-2-5,2006-s3,B,2006-s3-B-GH,P0622,P0261,6,4,P0622,set-scores
2006-s3-B-GH-2-6,2006-s3,B,2006-s3-B-GH,P0622,P0479,6,4,P0622,set-scores
2006-s3-B-GH-3-4,2006-s3,B,2006-s3-B-GH,P0206,P0557,7,3,P0206,set-scores
2006-s3-B-GH-3-5,2006-s3,B,2006-s3-B-GH,P0206,P0261,4,6,P0261,set-scores
2006-s3-B-GH-3-6,2006-s3,B,2006-s3-B-GH,P0206,P0479,4,6,P0479,set-scores
2006-s3-B-GH-4-5,2006-s3,B,2006-s3-B-GH,P0557,P0261,3,7,P0261,set-scores
2006-s3-B-GH-4-6,2006-s3,B,2006-s3-B-GH,P0557,P0479,1,9,P0479,set-scores
2006-s3-B-GH-5-6,2006-s3,B,2006-s3-B-GH,P0261,P0479,9,1,P0261,set-scores
2006-s3-B-GI-0-1,2006-s3,B,2006-s3-B-GI,P0331,P0488,5,5,,set-scores
2006-s3-B-GI-0-3,2006-s3,B,2006-s3-B-GI,P0331,P0423,10,0,P0331,set-scores
2006-s3-B-GI-0-4,2006-s3,B,2006-s3-B-GI,P0331,P0161,6,4,P0331,set-scores
2006-s3-B-GI-0-5,2006-s3,B,2006-s3-B-GI,P0331,P0586,5,5,,set-scores
2006-s3-B-GI-0-6,2006-s3,B,2006-s3-B-GI,P0331,P0548,6,4,P0331,set-scores
2006-s3-B-GI-1-5,2006-s3,B,2006-s3-B-GI,P0488,P0586,8,2,P0488,set-scores
2006-s3-B-GI-1-6,2006-s3,B,2006-s3-B-GI,P0488,P0548,6,4,P0488,set-scores
2006-s3-B-GI-2-4,2006-s3,B,2006-s3-B-GI,P0328,P0161,1,9,P0161,set-scores
2006-s3-B-GI-3-4,2006-s3,B,2006-s3-B-GI,P0423,P0161,0,10,P0161,set-scores
2006-s3-B-GI-4-5,2006-s3,B,2006-s3-B-GI,P0161,P0586,10,0,P0161,set-scores
2006-s3-B-GI-4-6,2006-s3,B,2006-s3-B-GI,P0161,P0548,9,1,P0161,set-scores
2006-s3-B-GJ-0-1,2006-s3,B,2006-s3-B-GJ,P0428,P0318,3,7,P0318,set-scores
2006-s3-B-GJ-0-2,2006-s3,B,2006-s3-B-GJ,P0428,P0393,6,4,P0428,set-scores
2006-s3-B-GJ-0-3,2006-s3,B,2006-s3-B-GJ,P0428,P0551,7,3,P0428,set-scores
2006-s3-B-GJ-0-4,2006-s3,B,2006-s3-B-GJ,P0428,P0592,10,0,P0428,set-scores
2006-s3-B-GJ-0-5,2006-s3,B,2006-s3-B-GJ,P0428,P0055,10,0,P0428,set-scores
2006-s3-B-GJ-1-2,2006-s3,B,2006-s3-B-GJ,P0318,P0393,6,4,P0318,set-scores
2006-s3-B-GJ-1-3,2006-s3,B,2006-s3-B-GJ,P0318,P0551,10,0,P0318,set-scores
2006-s3-B-GJ-1-4,2006-s3,B,2006-s3-B-GJ,P0318,P0592,5,5,,set-scores
2006-s3-B-GJ-1-5,2006-s3,B,2006-s3-B-GJ,P0318,P0055,7,3,P0318,set-scores
2006-s3-B-GJ-1-6,2006-s3,B,2006-s3-B-GJ,P0318,P0169,4,6,P0169,set-scores
2006-s3-B-GJ-2-3,2006-s3,B,2006-s3-B-GJ,P0393,P0551,9,1,P0393,set-scores
2006-s3-B-GJ-2-4,2006-s3,B,2006-s3-B-GJ,P0393,P0592,4,6,P0592,set-scores
2006-s3-B-GJ-2-5,2006-s3,B,2006-s3-B-GJ,P0393,P0055,10,0,P0393,set-scores
2006-s3-B-GJ-2-6,2006-s3,B,2006-s3-B-GJ,P0393,P0169,6,4,P0393,set-scores
2006-s3-B-GJ-3-4,2006-s3,B,2006-s3-B-GJ,P0551,P0592,7,3,P0551,set-scores
2006-s3-B-GJ-3-5,2006-s3,B,2006-s3-B-GJ,P0551,P0055,1,9,P0055,set-scores
2006-s3-B-GJ-3-6,2006-s3,B,2006-s3-B-GJ,P0551,P0169,1,9,P0169,set-scores
2006-s3-B-GJ-4-5,2006-s3,B,2006-s3-B-GJ,P0592,P0055,3,7,P0055,set-scores
2006-s3-B-GJ-4-6,2006-s3,B,2006-s3-B-GJ,P0592,P0169,4,6,P0169,set-scores
2006-s3-B-GJ-5-6,2006-s3,B,2006-s3-B-GJ,P0055,P0169,2,8,P0169,set-scores
2006-s3-B-GW-0-1,2006-s3,B,2006-s3-B-GW,P0281,P0390,8,2,P0281,set-scores
2006-s3-B-GW-0-2,2006-s3,B,2006-s3-B-GW,P0281,P0614,8,2,P0281,set-scores
2006-s3-B-GW-0-3,2006-s3,B,2006-s3-B-GW,P0281,P0220,6,4,P0281,set-scores
2006-s3-B-GW-0-4,2006-s3,B,2006-s3-B-GW,P0281,P0631,4,6,P0631,set-scores
2006-s3-B-GW-0-5,2006-s3,B,2006-s3-B-GW,P0281,P0454,2,8,P0454,set-scores
2006-s3-B-GW-0-6,2006-s3,B,2006-s3-B-GW,P0281,P0383,6,4,P0281,set-scores
2006-s3-B-GW-1-2,2006-s3,B,2006-s3-B-GW,P0390,P0614,6,4,P0390,set-scores
2006-s3-B-GW-2-3,2006-s3,B,2006-s3-B-GW,P0614,P0220,2,8,P0220,set-scores
2006-s3-B-GW-2-6,2006-s3,B,2006-s3-B-GW,P0614,P0383,4,6,P0383,set-scores
2006-s3-B-GW-3-4,2006-s3,B,2006-s3-B-GW,P0220,P0631,7,3,P0220,set-scores
2006-s3-B-GW-3-5,2006-s3,B,2006-s3-B-GW,P0220,P0454,3,7,P0454,set-scores
2006-s3-B-GW-3-6,2006-s3,B,2006-s3-B-GW,P0220,P0383,3,7,P0383,set-scores
2006-s3-B-GW-4-6,2006-s3,B,2006-s3-B-GW,P0631,P0383,5,5,,set-scores
2006-s3-B-GW-5-6,2006-s3,B,2006-s3-B-GW,P0454,P0383,8,2,P0454,set-scores
2006-s3-B-GX-0-1,2006-s3,B,2006-s3-B-GX,P0329,P0431,6,4,P0329,set-scores
2006-s3-B-GX-0-2,2006-s3,B,2006-s3-B-GX,P0329,P0607,6,4,P0329,set-scores
2006-s3-B-GX-0-3,2006-s3,B,2006-s3-B-GX,P0329,P0502,5,5,,set-scores
2006-s3-B-GX-0-4,2006-s3,B,2006-s3-B-GX,P0329,P0514,2,8,P0514,set-scores
2006-s3-B-GX-0-5,2006-s3,B,2006-s3-B-GX,P0329,P0524,8,2,P0329,set-scores
2006-s3-B-GX-0-6,2006-s3,B,2006-s3-B-GX,P0329,P0209,7,3,P0329,set-scores
2006-s3-B-GX-1-2,2006-s3,B,2006-s3-B-GX,P0431,P0607,4,6,P0607,set-scores
2006-s3-B-GX-1-3,2006-s3,B,2006-s3-B-GX,P0431,P0502,4,6,P0502,set-scores
2006-s3-B-GX-1-4,2006-s3,B,2006-s3-B-GX,P0431,P0514,4,6,P0514,set-scores
2006-s3-B-GX-1-5,2006-s3,B,2006-s3-B-GX,P0431,P0524,2,8,P0524,set-scores
2006-s3-B-GX-1-6,2006-s3,B,2006-s3-B-GX,P0431,P0209,0,10,P0209,set-scores
2006-s3-B-GX-2-3,2006-s3,B,2006-s3-B-GX,P0607,P0502,7,3,P0607,set-scores
2006-s3-B-GX-2-4,2006-s3,B,2006-s3-B-GX,P0607,P0514,8,2,P0607,set-scores
2006-s3-B-GX-2-5,2006-s3,B,2006-s3-B-GX,P0607,P0524,6,4,P0607,set-scores
2006-s3-B-GX-2-6,2006-s3,B,2006-s3-B-GX,P0607,P0209,5,5,,set-scores
2006-s3-B-GX-3-4,2006-s3,B,2006-s3-B-GX,P0502,P0514,9,1,P0502,set-scores
2006-s3-B-GX-3-5,2006-s3,B,2006-s3-B-GX,P0502,P0524,6,4,P0502,set-scores
2006-s3-B-GX-3-6,2006-s3,B,2006-s3-B-GX,P0502,P0209,2,8,P0209,set-scores
2006-s3-B-GX-4-6,2006-s3,B,2006-s3-B-GX,P0514,P0209,5,5,,set-scores
2006-s3-B-GX-5-6,2006-s3,B,2006-s3-B-GX,P0524,P0209,3,7,P0209,set-scores
2006-s3-B-GY-0-1,2006-s3,B,2006-s3-B-GY,P0218,P0434,4,6,P0434,set-scores
2006-s3-B-GY-0-2,2006-s3,B,2006-s3-B-GY,P0218,P0577,5,5,,set-scores
2006-s3-B-GY-0-3,2006-s3,B,2006-s3-B-GY,P0218,P0359,3,7,P0359,set-scores
2006-s3-B-GY-0-4,2006-s3,B,2006-s3-B-GY,P0218,P0529,7,3,P0218,set-scores
2006-s3-B-GY-0-5,2006-s3,B,2006-s3-B-GY,P0218,P0560,10,0,P0218,set-scores
2006-s3-B-GY-0-6,2006-s3,B,2006-s3-B-GY,P0218,P0247,5,5,,set-scores
2006-s3-B-GY-1-2,2006-s3,B,2006-s3-B-GY,P0434,P0577,6,4,P0434,set-scores
2006-s3-B-GY-1-3,2006-s3,B,2006-s3-B-GY,P0434,P0359,6,4,P0434,set-scores
2006-s3-B-GY-1-4,2006-s3,B,2006-s3-B-GY,P0434,P0529,7,3,P0434,set-scores
2006-s3-B-GY-1-5,2006-s3,B,2006-s3-B-GY,P0434,P0560,8,2,P0434,set-scores
2006-s3-B-GY-1-6,2006-s3,B,2006-s3-B-GY,P0434,P0247,3,7,P0247,set-scores
2006-s3-B-GY-2-3,2006-s3,B,2006-s3-B-GY,P0577,P0359,5,5,,set-scores
2006-s3-B-GY-2-4,2006-s3,B,2006-s3-B-GY,P0577,P0529,4,6,P0529,set-scores
2006-s3-B-GY-2-5,2006-s3,B,2006-s3-B-GY,P0577,P0560,10,0,P0577,set-scores
2006-s3-B-GY-2-6,2006-s3,B,2006-s3-B-GY,P0577,P0247,5,5,,set-scores
2006-s3-B-GY-3-4,2006-s3,B,2006-s3-B-GY,P0359,P0529,3,7,P0529,set-scores
2006-s3-B-GY-3-5,2006-s3,B,2006-s3-B-GY,P0359,P0560,8,2,P0359,set-scores
2006-s3-B-GY-3-6,2006-s3,B,2006-s3-B-GY,P0359,P0247,1,9,P0247,set-scores
2006-s3-B-GY-4-5,2006-s3,B,2006-s3-B-GY,P0529,P0560,7,3,P0529,set-scores
2006-s3-B-GY-4-6,2006-s3,B,2006-s3-B-GY,P0529,P0247,2,8,P0247,set-scores
2006-s3-B-GY-5-6,2006-s3,B,2006-s3-B-GY,P0560,P0247,2,8,P0247,set-scores
2006-s3-B-GZ-0-1,2006-s3,B,2006-s3-B-GZ,P0353,P0650,7,3,P0353,set-scores
2006-s3-B-GZ-0-2,2006-s3,B,2006-s3-B-GZ,P0353,P0558,8,2,P0353,set-scores
2006-s3-B-GZ-0-3,2006-s3,B,2006-s3-B-GZ,P0353,P0288,5,5,,set-scores
2006-s3-B-GZ-0-4,2006-s3,B,2006-s3-B-GZ,P0353,P0572,6,4,P0353,set-scores
2006-s3-B-GZ-0-5,2006-s3,B,2006-s3-B-GZ,P0353,P0214,7,3,P0353,set-scores
2006-s3-B-GZ-0-6,2006-s3,B,2006-s3-B-GZ,P0353,P0196,3,7,P0196,set-scores
2006-s3-B-GZ-1-2,2006-s3,B,2006-s3-B-GZ,P0650,P0558,4,6,P0558,set-scores
2006-s3-B-GZ-1-3,2006-s3,B,2006-s3-B-GZ,P0650,P0288,4,6,P0288,set-scores
2006-s3-B-GZ-1-4,2006-s3,B,2006-s3-B-GZ,P0650,P0572,5,5,,set-scores
2006-s3-B-GZ-1-5,2006-s3,B,2006-s3-B-GZ,P0650,P0214,4,6,P0214,set-scores
2006-s3-B-GZ-1-6,2006-s3,B,2006-s3-B-GZ,P0650,P0196,2,8,P0196,set-scores
2006-s3-B-GZ-2-3,2006-s3,B,2006-s3-B-GZ,P0558,P0288,2,8,P0288,set-scores
2006-s3-B-GZ-2-4,2006-s3,B,2006-s3-B-GZ,P0558,P0572,4,6,P0572,set-scores
2006-s3-B-GZ-2-5,2006-s3,B,2006-s3-B-GZ,P0558,P0214,3,7,P0214,set-scores
2006-s3-B-GZ-2-6,2006-s3,B,2006-s3-B-GZ,P0558,P0196,2,8,P0196,set-scores
2006-s3-B-GZ-3-4,2006-s3,B,2006-s3-B-GZ,P0288,P0572,9,1,P0288,set-scores
2006-s3-B-GZ-3-5,2006-s3,B,2006-s3-B-GZ,P0288,P0214,5,5,,set-scores
2006-s3-B-GZ-3-6,2006-s3,B,2006-s3-B-GZ,P0288,P0196,4,6,P0196,set-scores
2006-s3-B-GZ-4-5,2006-s3,B,2006-s3-B-GZ,P0572,P0214,4,6,P0214,set-scores
2006-s3-B-GZ-4-6,2006-s3,B,2006-s3-B-GZ,P0572,P0196,3,7,P0196,set-scores
2006-s3-B-GZ-5-6,2006-s3,B,2006-s3-B-GZ,P0214,P0196,6,4,P0214,set-scores
2006-s4-A-GA-0-1,2006-s4,A,2006-s4-A-GA,P0478,P0161,4,6,P0161,set-scores
2006-s4-A-GA-0-2,2006-s4,A,2006-s4-A-GA,P0478,P0392,7,3,P0478,set-scores
2006-s4-A-GA-0-3,2006-s4,A,2006-s4-A-GA,P0478,P0289,5,5,,set-scores
2006-s4-A-GA-0-4,2006-s4,A,2006-s4-A-GA,P0478,P0209,10,0,P0478,set-scores
2006-s4-A-GA-0-5,2006-s4,A,2006-s4-A-GA,P0478,P0446,8,2,P0478,set-scores
2006-s4-A-GA-0-6,2006-s4,A,2006-s4-A-GA,P0478,P0521,9,1,P0478,set-scores
2006-s4-A-GA-1-2,2006-s4,A,2006-s4-A-GA,P0161,P0392,8,2,P0161,set-scores
2006-s4-A-GA-1-3,2006-s4,A,2006-s4-A-GA,P0161,P0289,6,4,P0161,set-scores
2006-s4-A-GA-1-4,2006-s4,A,2006-s4-A-GA,P0161,P0209,6,4,P0161,set-scores
2006-s4-A-GA-1-5,2006-s4,A,2006-s4-A-GA,P0161,P0446,4,6,P0446,set-scores
2006-s4-A-GA-1-6,2006-s4,A,2006-s4-A-GA,P0161,P0521,9,1,P0161,set-scores
2006-s4-A-GA-2-4,2006-s4,A,2006-s4-A-GA,P0392,P0209,0,10,P0209,set-scores
2006-s4-A-GA-2-5,2006-s4,A,2006-s4-A-GA,P0392,P0446,3,7,P0446,set-scores
2006-s4-A-GA-3-4,2006-s4,A,2006-s4-A-GA,P0289,P0209,3,7,P0209,set-scores
2006-s4-A-GA-3-5,2006-s4,A,2006-s4-A-GA,P0289,P0446,4,6,P0446,set-scores
2006-s4-A-GA-3-6,2006-s4,A,2006-s4-A-GA,P0289,P0521,6,4,P0289,set-scores
2006-s4-A-GA-4-5,2006-s4,A,2006-s4-A-GA,P0209,P0446,8,2,P0209,set-scores
2006-s4-A-GA-4-6,2006-s4,A,2006-s4-A-GA,P0209,P0521,10,0,P0209,set-scores
2006-s4-A-GA-5-6,2006-s4,A,2006-s4-A-GA,P0446,P0521,6,4,P0446,set-scores
2006-s4-A-GB-0-1,2006-s4,A,2006-s4-A-GB,P0018,P0583,8,2,P0018,set-scores
2006-s4-A-GB-0-2,2006-s4,A,2006-s4-A-GB,P0018,P0534,5,5,,set-scores
2006-s4-A-GB-0-3,2006-s4,A,2006-s4-A-GB,P0018,P0247,4,6,P0247,set-scores
2006-s4-A-GB-0-4,2006-s4,A,2006-s4-A-GB,P0018,P0166,4,6,P0166,set-scores
2006-s4-A-GB-0-5,2006-s4,A,2006-s4-A-GB,P0018,P0415,10,0,P0018,set-scores
2006-s4-A-GB-0-6,2006-s4,A,2006-s4-A-GB,P0018,P0187,9,1,P0018,set-scores
2006-s4-A-GB-1-2,2006-s4,A,2006-s4-A-GB,P0583,P0534,4,6,P0534,set-scores
2006-s4-A-GB-1-3,2006-s4,A,2006-s4-A-GB,P0583,P0247,7,3,P0583,set-scores
2006-s4-A-GB-1-4,2006-s4,A,2006-s4-A-GB,P0583,P0166,2,8,P0166,set-scores
2006-s4-A-GB-1-5,2006-s4,A,2006-s4-A-GB,P0583,P0415,5,5,,set-scores
2006-s4-A-GB-1-6,2006-s4,A,2006-s4-A-GB,P0583,P0187,2,8,P0187,set-scores
2006-s4-A-GB-2-3,2006-s4,A,2006-s4-A-GB,P0534,P0247,10,0,P0534,set-scores
2006-s4-A-GB-2-4,2006-s4,A,2006-s4-A-GB,P0534,P0166,5,5,,set-scores
2006-s4-A-GB-2-5,2006-s4,A,2006-s4-A-GB,P0534,P0415,6,4,P0534,set-scores
2006-s4-A-GB-2-6,2006-s4,A,2006-s4-A-GB,P0534,P0187,3,7,P0187,set-scores
2006-s4-A-GB-3-4,2006-s4,A,2006-s4-A-GB,P0247,P0166,9,1,P0247,set-scores
2006-s4-A-GB-3-5,2006-s4,A,2006-s4-A-GB,P0247,P0415,7,3,P0247,set-scores
2006-s4-A-GB-3-6,2006-s4,A,2006-s4-A-GB,P0247,P0187,6,4,P0247,set-scores
2006-s4-A-GB-4-5,2006-s4,A,2006-s4-A-GB,P0166,P0415,9,1,P0166,set-scores
2006-s4-A-GB-4-6,2006-s4,A,2006-s4-A-GB,P0166,P0187,1,9,P0187,set-scores
2006-s4-A-GB-5-6,2006-s4,A,2006-s4-A-GB,P0415,P0187,6,4,P0415,set-scores
2006-s4-A-GC-0-1,2006-s4,A,2006-s4-A-GC,P0181,P0378,6,4,P0181,set-scores
2006-s4-A-GC-0-2,2006-s4,A,2006-s4-A-GC,P0181,P0354,8,2,P0181,set-scores
2006-s4-A-GC-0-3,2006-s4,A,2006-s4-A-GC,P0181,P0198,5,5,,set-scores
2006-s4-A-GC-0-4,2006-s4,A,2006-s4-A-GC,P0181,P0319,5,5,,set-scores
2006-s4-A-GC-0-5,2006-s4,A,2006-s4-A-GC,P0181,P0126,9,1,P0181,set-scores
2006-s4-A-GC-0-6,2006-s4,A,2006-s4-A-GC,P0181,P0358,10,0,P0181,set-scores
2006-s4-A-GC-1-2,2006-s4,A,2006-s4-A-GC,P0378,P0354,6,4,P0378,set-scores
2006-s4-A-GC-1-3,2006-s4,A,2006-s4-A-GC,P0378,P0198,4,6,P0198,set-scores
2006-s4-A-GC-1-4,2006-s4,A,2006-s4-A-GC,P0378,P0319,10,0,P0378,set-scores
2006-s4-A-GC-1-5,2006-s4,A,2006-s4-A-GC,P0378,P0126,4,6,P0126,set-scores
2006-s4-A-GC-1-6,2006-s4,A,2006-s4-A-GC,P0378,P0358,10,0,P0378,set-scores
2006-s4-A-GC-2-3,2006-s4,A,2006-s4-A-GC,P0354,P0198,4,6,P0198,set-scores
2006-s4-A-GC-2-4,2006-s4,A,2006-s4-A-GC,P0354,P0319,4,6,P0319,set-scores
2006-s4-A-GC-2-5,2006-s4,A,2006-s4-A-GC,P0354,P0126,8,2,P0354,set-scores
2006-s4-A-GC-2-6,2006-s4,A,2006-s4-A-GC,P0354,P0358,10,0,P0354,set-scores
2006-s4-A-GC-3-4,2006-s4,A,2006-s4-A-GC,P0198,P0319,4,6,P0319,set-scores
2006-s4-A-GC-3-5,2006-s4,A,2006-s4-A-GC,P0198,P0126,7,3,P0198,set-scores
2006-s4-A-GC-3-6,2006-s4,A,2006-s4-A-GC,P0198,P0358,10,0,P0198,set-scores
2006-s4-A-GC-4-5,2006-s4,A,2006-s4-A-GC,P0319,P0126,7,3,P0319,set-scores
2006-s4-A-GC-4-6,2006-s4,A,2006-s4-A-GC,P0319,P0358,10,0,P0319,set-scores
2006-s4-A-GC-5-6,2006-s4,A,2006-s4-A-GC,P0126,P0358,10,0,P0126,set-scores
2006-s4-A-GD-0-1,2006-s4,A,2006-s4-A-GD,P0297,P0080,6,4,P0297,set-scores
2006-s4-A-GD-0-2,2006-s4,A,2006-s4-A-GD,P0297,P0547,5,5,,set-scores
2006-s4-A-GD-0-3,2006-s4,A,2006-s4-A-GD,P0297,P0554,4,6,P0554,set-scores
2006-s4-A-GD-0-4,2006-s4,A,2006-s4-A-GD,P0297,P0364,8,2,P0297,set-scores
2006-s4-A-GD-0-5,2006-s4,A,2006-s4-A-GD,P0297,P0311,7,3,P0297,set-scores
2006-s4-A-GD-0-6,2006-s4,A,2006-s4-A-GD,P0297,P0288,9,1,P0297,set-scores
2006-s4-A-GD-1-2,2006-s4,A,2006-s4-A-GD,P0080,P0547,7,3,P0080,set-scores
2006-s4-A-GD-1-3,2006-s4,A,2006-s4-A-GD,P0080,P0554,6,4,P0080,set-scores
2006-s4-A-GD-1-4,2006-s4,A,2006-s4-A-GD,P0080,P0364,2,8,P0364,set-scores
2006-s4-A-GD-1-5,2006-s4,A,2006-s4-A-GD,P0080,P0311,10,0,P0080,set-scores
2006-s4-A-GD-1-6,2006-s4,A,2006-s4-A-GD,P0080,P0288,10,0,P0080,set-scores
2006-s4-A-GD-2-4,2006-s4,A,2006-s4-A-GD,P0547,P0364,2,8,P0364,set-scores
2006-s4-A-GD-2-5,2006-s4,A,2006-s4-A-GD,P0547,P0311,10,0,P0547,set-scores
2006-s4-A-GD-2-6,2006-s4,A,2006-s4-A-GD,P0547,P0288,7,3,P0547,set-scores
2006-s4-A-GD-3-4,2006-s4,A,2006-s4-A-GD,P0554,P0364,4,6,P0364,set-scores
2006-s4-A-GD-3-5,2006-s4,A,2006-s4-A-GD,P0554,P0311,10,0,P0554,set-scores
2006-s4-A-GD-3-6,2006-s4,A,2006-s4-A-GD,P0554,P0288,6,4,P0554,set-scores
2006-s4-A-GD-4-5,2006-s4,A,2006-s4-A-GD,P0364,P0311,9,1,P0364,set-scores
2006-s4-A-GD-4-6,2006-s4,A,2006-s4-A-GD,P0364,P0288,8,2,P0364,set-scores
2006-s4-A-GD-5-6,2006-s4,A,2006-s4-A-GD,P0311,P0288,4,6,P0288,set-scores
2006-s4-A-GE-0-1,2006-s4,A,2006-s4-A-GE,P0505,P0263,3,7,P0263,set-scores
2006-s4-A-GE-0-2,2006-s4,A,2006-s4-A-GE,P0505,P0252,4,6,P0252,set-scores
2006-s4-A-GE-0-4,2006-s4,A,2006-s4-A-GE,P0505,P0514,4,6,P0514,set-scores
2006-s4-A-GE-0-5,2006-s4,A,2006-s4-A-GE,P0505,P0333,4,6,P0333,set-scores
2006-s4-A-GE-0-6,2006-s4,A,2006-s4-A-GE,P0505,P0051,3,7,P0051,set-scores
2006-s4-A-GE-1-2,2006-s4,A,2006-s4-A-GE,P0263,P0252,6,4,P0263,set-scores
2006-s4-A-GE-1-3,2006-s4,A,2006-s4-A-GE,P0263,P0300,9,1,P0263,set-scores
2006-s4-A-GE-1-4,2006-s4,A,2006-s4-A-GE,P0263,P0514,6,4,P0263,set-scores
2006-s4-A-GE-1-5,2006-s4,A,2006-s4-A-GE,P0263,P0333,6,4,P0263,set-scores
2006-s4-A-GE-1-6,2006-s4,A,2006-s4-A-GE,P0263,P0051,8,2,P0263,set-scores
2006-s4-A-GE-2-4,2006-s4,A,2006-s4-A-GE,P0252,P0514,4,6,P0514,set-scores
2006-s4-A-GE-2-5,2006-s4,A,2006-s4-A-GE,P0252,P0333,3,7,P0333,set-scores
2006-s4-A-GE-2-6,2006-s4,A,2006-s4-A-GE,P0252,P0051,8,2,P0252,set-scores
2006-s4-A-GE-3-4,2006-s4,A,2006-s4-A-GE,P0300,P0514,0,10,P0514,set-scores
2006-s4-A-GE-3-5,2006-s4,A,2006-s4-A-GE,P0300,P0333,6,4,P0300,set-scores
2006-s4-A-GE-3-6,2006-s4,A,2006-s4-A-GE,P0300,P0051,4,6,P0051,set-scores
2006-s4-A-GE-4-5,2006-s4,A,2006-s4-A-GE,P0514,P0333,5,5,,set-scores
2006-s4-A-GE-4-6,2006-s4,A,2006-s4-A-GE,P0514,P0051,1,9,P0051,set-scores
2006-s4-A-GE-5-6,2006-s4,A,2006-s4-A-GE,P0333,P0051,5,5,,set-scores
2006-s4-A-GF-0-1,2006-s4,A,2006-s4-A-GF,P0030,P0179,6,4,P0030,set-scores
2006-s4-A-GF-0-2,2006-s4,A,2006-s4-A-GF,P0030,P0245,6,4,P0030,set-scores
2006-s4-A-GF-0-3,2006-s4,A,2006-s4-A-GF,P0030,P0653,2,8,P0653,set-scores
2006-s4-A-GF-0-4,2006-s4,A,2006-s4-A-GF,P0030,P0611,8,2,P0030,set-scores
2006-s4-A-GF-0-5,2006-s4,A,2006-s4-A-GF,P0030,P0578,3,7,P0578,set-scores
2006-s4-A-GF-0-6,2006-s4,A,2006-s4-A-GF,P0030,P0460,3,7,P0460,set-scores
2006-s4-A-GF-1-2,2006-s4,A,2006-s4-A-GF,P0179,P0245,5,5,,set-scores
2006-s4-A-GF-1-3,2006-s4,A,2006-s4-A-GF,P0179,P0653,6,4,P0179,set-scores
2006-s4-A-GF-1-4,2006-s4,A,2006-s4-A-GF,P0179,P0611,4,6,P0611,set-scores
2006-s4-A-GF-1-5,2006-s4,A,2006-s4-A-GF,P0179,P0578,8,2,P0179,set-scores
2006-s4-A-GF-1-6,2006-s4,A,2006-s4-A-GF,P0179,P0460,5,5,,set-scores
2006-s4-A-GF-2-3,2006-s4,A,2006-s4-A-GF,P0245,P0653,2,8,P0653,set-scores
2006-s4-A-GF-2-4,2006-s4,A,2006-s4-A-GF,P0245,P0611,4,6,P0611,set-scores
2006-s4-A-GF-2-5,2006-s4,A,2006-s4-A-GF,P0245,P0578,5,5,,set-scores
2006-s4-A-GF-2-6,2006-s4,A,2006-s4-A-GF,P0245,P0460,4,6,P0460,set-scores
2006-s4-A-GF-3-4,2006-s4,A,2006-s4-A-GF,P0653,P0611,5,5,,set-scores
2006-s4-A-GF-3-5,2006-s4,A,2006-s4-A-GF,P0653,P0578,6,4,P0653,set-scores
2006-s4-A-GF-3-6,2006-s4,A,2006-s4-A-GF,P0653,P0460,8,2,P0653,set-scores
2006-s4-A-GF-4-5,2006-s4,A,2006-s4-A-GF,P0611,P0578,7,3,P0611,set-scores
2006-s4-A-GF-4-6,2006-s4,A,2006-s4-A-GF,P0611,P0460,6,4,P0611,set-scores
2006-s4-A-GF-5-6,2006-s4,A,2006-s4-A-GF,P0578,P0460,7,3,P0578,set-scores
2006-s4-A-GG-0-1,2006-s4,A,2006-s4-A-GG,P0029,P0623,4,6,P0623,set-scores
2006-s4-A-GG-0-2,2006-s4,A,2006-s4-A-GG,P0029,P0210,6,4,P0029,set-scores
2006-s4-A-GG-0-3,2006-s4,A,2006-s4-A-GG,P0029,P0206,5,5,,set-scores
2006-s4-A-GG-0-4,2006-s4,A,2006-s4-A-GG,P0029,P0258,6,4,P0029,set-scores
2006-s4-A-GG-0-5,2006-s4,A,2006-s4-A-GG,P0029,P0336,10,0,P0029,set-scores
2006-s4-A-GG-0-6,2006-s4,A,2006-s4-A-GG,P0029,P0607,7,3,P0029,set-scores
2006-s4-A-GG-1-2,2006-s4,A,2006-s4-A-GG,P0623,P0210,9,1,P0623,set-scores
2006-s4-A-GG-1-3,2006-s4,A,2006-s4-A-GG,P0623,P0206,6,4,P0623,set-scores
2006-s4-A-GG-1-4,2006-s4,A,2006-s4-A-GG,P0623,P0258,3,7,P0258,set-scores
2006-s4-A-GG-1-5,2006-s4,A,2006-s4-A-GG,P0623,P0336,5,5,,set-scores
2006-s4-A-GG-1-6,2006-s4,A,2006-s4-A-GG,P0623,P0607,7,3,P0623,set-scores
2006-s4-A-GG-2-3,2006-s4,A,2006-s4-A-GG,P0210,P0206,4,6,P0206,set-scores
2006-s4-A-GG-2-4,2006-s4,A,2006-s4-A-GG,P0210,P0258,4,6,P0258,set-scores
2006-s4-A-GG-2-6,2006-s4,A,2006-s4-A-GG,P0210,P0607,3,7,P0607,set-scores
2006-s4-A-GG-3-4,2006-s4,A,2006-s4-A-GG,P0206,P0258,5,5,,set-scores
2006-s4-A-GG-3-6,2006-s4,A,2006-s4-A-GG,P0206,P0607,2,8,P0607,set-scores
2006-s4-A-GG-4-5,2006-s4,A,2006-s4-A-GG,P0258,P0336,6,4,P0258,set-scores
2006-s4-A-GG-4-6,2006-s4,A,2006-s4-A-GG,P0258,P0607,5,5,,set-scores
2006-s4-A-GG-5-6,2006-s4,A,2006-s4-A-GG,P0336,P0607,5,5,,set-scores
2006-s4-A-GH-0-1,2006-s4,A,2006-s4-A-GH,P0324,P0232,6,4,P0324,set-scores
2006-s4-A-GH-0-3,2006-s4,A,2006-s4-A-GH,P0324,P0407,10,0,P0324,set-scores
2006-s4-A-GH-0-4,2006-s4,A,2006-s4-A-GH,P0324,P0493,0,10,P0493,set-scores
2006-s4-A-GH-0-5,2006-s4,A,2006-s4-A-GH,P0324,P0280,10,0,P0324,set-scores
2006-s4-A-GH-0-6,2006-s4,A,2006-s4-A-GH,P0324,P0491,6,4,P0324,set-scores
2006-s4-A-GH-1-2,2006-s4,A,2006-s4-A-GH,P0232,P0331,5,5,,set-scores
2006-s4-A-GH-1-3,2006-s4,A,2006-s4-A-GH,P0232,P0407,6,4,P0232,set-scores
2006-s4-A-GH-1-4,2006-s4,A,2006-s4-A-GH,P0232,P0493,6,4,P0232,set-scores
2006-s4-A-GH-1-5,2006-s4,A,2006-s4-A-GH,P0232,P0280,7,3,P0232,set-scores
2006-s4-A-GH-1-6,2006-s4,A,2006-s4-A-GH,P0232,P0491,9,1,P0232,set-scores
2006-s4-A-GH-2-4,2006-s4,A,2006-s4-A-GH,P0331,P0493,7,3,P0331,set-scores
2006-s4-A-GH-2-5,2006-s4,A,2006-s4-A-GH,P0331,P0280,6,4,P0331,set-scores
2006-s4-A-GH-2-6,2006-s4,A,2006-s4-A-GH,P0331,P0491,0,10,P0491,set-scores
2006-s4-A-GH-3-4,2006-s4,A,2006-s4-A-GH,P0407,P0493,7,3,P0407,set-scores
2006-s4-A-GH-3-5,2006-s4,A,2006-s4-A-GH,P0407,P0280,6,4,P0407,set-scores
2006-s4-A-GH-3-6,2006-s4,A,2006-s4-A-GH,P0407,P0491,7,3,P0407,set-scores
2006-s4-A-GH-4-5,2006-s4,A,2006-s4-A-GH,P0493,P0280,3,7,P0280,set-scores
2006-s4-A-GH-4-6,2006-s4,A,2006-s4-A-GH,P0493,P0491,7,3,P0493,set-scores
2006-s4-A-GH-5-6,2006-s4,A,2006-s4-A-GH,P0280,P0491,6,4,P0280,set-scores
2006-s4-A-GI-0-1,2006-s4,A,2006-s4-A-GI,P0264,P0035,2,8,P0035,set-scores
2006-s4-A-GI-0-2,2006-s4,A,2006-s4-A-GI,P0264,P0094,5,5,,set-scores
2006-s4-A-GI-0-3,2006-s4,A,2006-s4-A-GI,P0264,P0175,3,7,P0175,set-scores
2006-s4-A-GI-0-4,2006-s4,A,2006-s4-A-GI,P0264,P0383,7,3,P0264,set-scores
2006-s4-A-GI-0-5,2006-s4,A,2006-s4-A-GI,P0264,P0427,6,4,P0264,set-scores
2006-s4-A-GI-0-6,2006-s4,A,2006-s4-A-GI,P0264,P0633,9,1,P0264,set-scores
2006-s4-A-GI-1-2,2006-s4,A,2006-s4-A-GI,P0035,P0094,8,2,P0035,set-scores
2006-s4-A-GI-1-3,2006-s4,A,2006-s4-A-GI,P0035,P0175,4,6,P0175,set-scores
2006-s4-A-GI-1-4,2006-s4,A,2006-s4-A-GI,P0035,P0383,2,8,P0383,set-scores
2006-s4-A-GI-1-5,2006-s4,A,2006-s4-A-GI,P0035,P0427,5,5,,set-scores
2006-s4-A-GI-1-6,2006-s4,A,2006-s4-A-GI,P0035,P0633,6,4,P0035,set-scores
2006-s4-A-GI-2-3,2006-s4,A,2006-s4-A-GI,P0094,P0175,0,10,P0175,set-scores
2006-s4-A-GI-2-4,2006-s4,A,2006-s4-A-GI,P0094,P0383,0,10,P0383,set-scores
2006-s4-A-GI-2-5,2006-s4,A,2006-s4-A-GI,P0094,P0427,0,10,P0427,set-scores
2006-s4-A-GI-2-6,2006-s4,A,2006-s4-A-GI,P0094,P0633,7,3,P0094,set-scores
2006-s4-A-GI-3-4,2006-s4,A,2006-s4-A-GI,P0175,P0383,9,1,P0175,set-scores
2006-s4-A-GI-3-5,2006-s4,A,2006-s4-A-GI,P0175,P0427,5,5,,set-scores
2006-s4-A-GI-4-5,2006-s4,A,2006-s4-A-GI,P0383,P0427,4,6,P0427,set-scores
2006-s4-A-GI-4-6,2006-s4,A,2006-s4-A-GI,P0383,P0633,10,0,P0383,set-scores
2006-s4-A-GI-5-6,2006-s4,A,2006-s4-A-GI,P0427,P0633,8,2,P0427,set-scores
2006-s4-B-GV-0-1,2006-s4,B,2006-s4-B-GV,P0469,P0513,3,7,P0513,set-scores
2006-s4-B-GV-0-2,2006-s4,B,2006-s4-B-GV,P0469,P0558,7,3,P0469,set-scores
2006-s4-B-GV-0-3,2006-s4,B,2006-s4-B-GV,P0469,P0201,4,6,P0201,set-scores
2006-s4-B-GV-0-4,2006-s4,B,2006-s4-B-GV,P0469,P0250,4,6,P0250,set-scores
2006-s4-B-GV-0-5,2006-s4,B,2006-s4-B-GV,P0469,P0542,4,6,P0542,set-scores
2006-s4-B-GV-0-6,2006-s4,B,2006-s4-B-GV,P0469,P0180,6,4,P0469,set-scores
2006-s4-B-GV-0-7,2006-s4,B,2006-s4-B-GV,P0469,P0394,4,6,P0394,set-scores
2006-s4-B-GV-1-2,2006-s4,B,2006-s4-B-GV,P0513,P0558,4,6,P0558,set-scores
2006-s4-B-GV-1-3,2006-s4,B,2006-s4-B-GV,P0513,P0201,5,5,,set-scores
2006-s4-B-GV-1-4,2006-s4,B,2006-s4-B-GV,P0513,P0250,6,4,P0513,set-scores
2006-s4-B-GV-1-5,2006-s4,B,2006-s4-B-GV,P0513,P0542,3,7,P0542,set-scores
2006-s4-B-GV-1-6,2006-s4,B,2006-s4-B-GV,P0513,P0180,7,3,P0513,set-scores
2006-s4-B-GV-1-7,2006-s4,B,2006-s4-B-GV,P0513,P0394,5,5,,set-scores
2006-s4-B-GV-2-3,2006-s4,B,2006-s4-B-GV,P0558,P0201,0,10,P0201,set-scores
2006-s4-B-GV-2-4,2006-s4,B,2006-s4-B-GV,P0558,P0250,0,10,P0250,set-scores
2006-s4-B-GV-2-5,2006-s4,B,2006-s4-B-GV,P0558,P0542,0,10,P0542,set-scores
2006-s4-B-GV-2-7,2006-s4,B,2006-s4-B-GV,P0558,P0394,5,5,,set-scores
2006-s4-B-GV-3-4,2006-s4,B,2006-s4-B-GV,P0201,P0250,5,5,,set-scores
2006-s4-B-GV-3-5,2006-s4,B,2006-s4-B-GV,P0201,P0542,3,7,P0542,set-scores
2006-s4-B-GV-3-6,2006-s4,B,2006-s4-B-GV,P0201,P0180,5,5,,set-scores
2006-s4-B-GV-3-7,2006-s4,B,2006-s4-B-GV,P0201,P0394,7,3,P0201,set-scores
2006-s4-B-GV-4-5,2006-s4,B,2006-s4-B-GV,P0250,P0542,6,4,P0250,set-scores
2006-s4-B-GV-4-6,2006-s4,B,2006-s4-B-GV,P0250,P0180,9,1,P0250,set-scores
2006-s4-B-GV-4-7,2006-s4,B,2006-s4-B-GV,P0250,P0394,8,2,P0250,set-scores
2006-s4-B-GV-5-6,2006-s4,B,2006-s4-B-GV,P0542,P0180,6,4,P0542,set-scores
2006-s4-B-GV-5-7,2006-s4,B,2006-s4-B-GV,P0542,P0394,5,5,,set-scores
2006-s4-B-GV-6-7,2006-s4,B,2006-s4-B-GV,P0180,P0394,6,4,P0180,set-scores
2006-s4-B-GW-0-1,2006-s4,B,2006-s4-B-GW,P0303,P0009,5,5,,set-scores
2006-s4-B-GW-0-2,2006-s4,B,2006-s4-B-GW,P0303,P0632,10,0,P0303,set-scores
2006-s4-B-GW-0-3,2006-s4,B,2006-s4-B-GW,P0303,P0338,10,0,P0303,set-scores
2006-s4-B-GW-0-4,2006-s4,B,2006-s4-B-GW,P0303,P0376,4,6,P0376,set-scores
2006-s4-B-GW-0-5,2006-s4,B,2006-s4-B-GW,P0303,P0593,7,3,P0303,set-scores
2006-s4-B-GW-0-6,2006-s4,B,2006-s4-B-GW,P0303,P0577,7,3,P0303,set-scores
2006-s4-B-GW-0-7,2006-s4,B,2006-s4-B-GW,P0303,P0556,3,7,P0556,set-scores
2006-s4-B-GW-1-2,2006-s4,B,2006-s4-B-GW,P0009,P0632,10,0,P0009,set-scores
2006-s4-B-GW-1-3,2006-s4,B,2006-s4-B-GW,P0009,P0338,10,0,P0009,set-scores
2006-s4-B-GW-1-4,2006-s4,B,2006-s4-B-GW,P0009,P0376,5,5,,set-scores
2006-s4-B-GW-1-5,2006-s4,B,2006-s4-B-GW,P0009,P0593,5,5,,set-scores
2006-s4-B-GW-1-6,2006-s4,B,2006-s4-B-GW,P0009,P0577,6,4,P0009,set-scores
2006-s4-B-GW-1-7,2006-s4,B,2006-s4-B-GW,P0009,P0556,4,6,P0556,set-scores
2006-s4-B-GW-2-4,2006-s4,B,2006-s4-B-GW,P0632,P0376,4,6,P0376,set-scores
2006-s4-B-GW-2-5,2006-s4,B,2006-s4-B-GW,P0632,P0593,0,10,P0593,set-scores
2006-s4-B-GW-2-6,2006-s4,B,2006-s4-B-GW,P0632,P0577,3,7,P0577,set-scores
2006-s4-B-GW-2-7,2006-s4,B,2006-s4-B-GW,P0632,P0556,2,8,P0556,set-scores
2006-s4-B-GW-3-4,2006-s4,B,2006-s4-B-GW,P0338,P0376,3,7,P0376,set-scores
2006-s4-B-GW-3-5,2006-s4,B,2006-s4-B-GW,P0338,P0593,0,10,P0593,set-scores
2006-s4-B-GW-3-6,2006-s4,B,2006-s4-B-GW,P0338,P0577,0,10,P0577,set-scores
2006-s4-B-GW-3-7,2006-s4,B,2006-s4-B-GW,P0338,P0556,2,8,P0556,set-scores
2006-s4-B-GW-4-5,2006-s4,B,2006-s4-B-GW,P0376,P0593,7,3,P0376,set-scores
2006-s4-B-GW-4-6,2006-s4,B,2006-s4-B-GW,P0376,P0577,8,2,P0376,set-scores
2006-s4-B-GW-4-7,2006-s4,B,2006-s4-B-GW,P0376,P0556,3,7,P0556,set-scores
2006-s4-B-GW-5-6,2006-s4,B,2006-s4-B-GW,P0593,P0577,0,10,P0577,set-scores
2006-s4-B-GW-5-7,2006-s4,B,2006-s4-B-GW,P0593,P0556,2,8,P0556,set-scores
2006-s4-B-GW-6-7,2006-s4,B,2006-s4-B-GW,P0577,P0556,3,7,P0556,set-scores
2006-s4-B-GX-0-1,2006-s4,B,2006-s4-B-GX,P0283,P0527,0,10,P0527,set-scores
2006-s4-B-GX-0-2,2006-s4,B,2006-s4-B-GX,P0283,P0347,0,10,P0347,set-scores
2006-s4-B-GX-0-3,2006-s4,B,2006-s4-B-GX,P0283,P0436,8,2,P0283,set-scores
2006-s4-B-GX-0-4,2006-s4,B,2006-s4-B-GX,P0283,P0616,0,10,P0616,set-scores
2006-s4-B-GX-0-5,2006-s4,B,2006-s4-B-GX,P0283,P0466,6,4,P0283,set-scores
2006-s4-B-GX-0-6,2006-s4,B,2006-s4-B-GX,P0283,P0281,0,10,P0281,set-scores
2006-s4-B-GX-0-7,2006-s4,B,2006-s4-B-GX,P0283,P0618,6,4,P0283,set-scores
2006-s4-B-GX-1-2,2006-s4,B,2006-s4-B-GX,P0527,P0347,10,0,P0527,set-scores
2006-s4-B-GX-1-3,2006-s4,B,2006-s4-B-GX,P0527,P0436,4,6,P0436,set-scores
2006-s4-B-GX-1-4,2006-s4,B,2006-s4-B-GX,P0527,P0616,6,4,P0527,set-scores
2006-s4-B-GX-1-5,2006-s4,B,2006-s4-B-GX,P0527,P0466,6,4,P0527,set-scores
2006-s4-B-GX-1-6,2006-s4,B,2006-s4-B-GX,P0527,P0281,5,5,,set-scores
2006-s4-B-GX-1-7,2006-s4,B,2006-s4-B-GX,P0527,P0618,1,9,P0618,set-scores
2006-s4-B-GX-2-3,2006-s4,B,2006-s4-B-GX,P0347,P0436,4,6,P0436,set-scores
2006-s4-B-GX-2-4,2006-s4,B,2006-s4-B-GX,P0347,P0616,3,7,P0616,set-scores
2006-s4-B-GX-2-5,2006-s4,B,2006-s4-B-GX,P0347,P0466,3,7,P0466,set-scores
2006-s4-B-GX-2-6,2006-s4,B,2006-s4-B-GX,P0347,P0281,2,8,P0281,set-scores
2006-s4-B-GX-2-7,2006-s4,B,2006-s4-B-GX,P0347,P0618,2,8,P0618,set-scores
2006-s4-B-GX-3-4,2006-s4,B,2006-s4-B-GX,P0436,P0616,3,7,P0616,set-scores
2006-s4-B-GX-3-5,2006-s4,B,2006-s4-B-GX,P0436,P0466,3,7,P0466,set-scores
2006-s4-B-GX-3-6,2006-s4,B,2006-s4-B-GX,P0436,P0281,1,9,P0281,set-scores
2006-s4-B-GX-3-7,2006-s4,B,2006-s4-B-GX,P0436,P0618,2,8,P0618,set-scores
2006-s4-B-GX-4-5,2006-s4,B,2006-s4-B-GX,P0616,P0466,8,2,P0616,set-scores
2006-s4-B-GX-4-6,2006-s4,B,2006-s4-B-GX,P0616,P0281,1,9,P0281,set-scores
2006-s4-B-GX-4-7,2006-s4,B,2006-s4-B-GX,P0616,P0618,4,6,P0618,set-scores
2006-s4-B-GX-5-6,2006-s4,B,2006-s4-B-GX,P0466,P0281,6,4,P0466,set-scores
2006-s4-B-GX-5-7,2006-s4,B,2006-s4-B-GX,P0466,P0618,5,5,,set-scores
2006-s4-B-GX-6-7,2006-s4,B,2006-s4-B-GX,P0281,P0618,7,3,P0281,set-scores
2006-s4-B-GY-0-1,2006-s4,B,2006-s4-B-GY,P0428,P0582,7,3,P0428,set-scores
2006-s4-B-GY-0-2,2006-s4,B,2006-s4-B-GY,P0428,P0401,5,5,,set-scores
2006-s4-B-GY-0-4,2006-s4,B,2006-s4-B-GY,P0428,P0489,1,9,P0489,set-scores
2006-s4-B-GY-0-5,2006-s4,B,2006-s4-B-GY,P0428,P0285,5,5,,set-scores
2006-s4-B-GY-0-6,2006-s4,B,2006-s4-B-GY,P0428,P0601,1,9,P0601,set-scores
2006-s4-B-GY-0-7,2006-s4,B,2006-s4-B-GY,P0428,P0157,0,10,P0157,set-scores
2006-s4-B-GY-1-2,2006-s4,B,2006-s4-B-GY,P0582,P0401,7,3,P0582,set-scores
2006-s4-B-GY-1-6,2006-s4,B,2006-s4-B-GY,P0582,P0601,4,6,P0601,set-scores
2006-s4-B-GY-1-7,2006-s4,B,2006-s4-B-GY,P0582,P0157,8,2,P0582,set-scores
2006-s4-B-GY-2-3,2006-s4,B,2006-s4-B-GY,P0401,P0595,6,4,P0401,set-scores
2006-s4-B-GY-2-4,2006-s4,B,2006-s4-B-GY,P0401,P0489,5,5,,set-scores
2006-s4-B-GY-2-5,2006-s4,B,2006-s4-B-GY,P0401,P0285,3,7,P0285,set-scores
2006-s4-B-GY-2-6,2006-s4,B,2006-s4-B-GY,P0401,P0601,3,7,P0601,set-scores
2006-s4-B-GY-2-7,2006-s4,B,2006-s4-B-GY,P0401,P0157,6,4,P0401,set-scores
2006-s4-B-GY-3-4,2006-s4,B,2006-s4-B-GY,P0595,P0489,2,8,P0489,set-scores
2006-s4-B-GY-3-5,2006-s4,B,2006-s4-B-GY,P0595,P0285,0,10,P0285,set-scores
2006-s4-B-GY-3-6,2006-s4,B,2006-s4-B-GY,P0595,P0601,0,10,P0601,set-scores
2006-s4-B-GY-3-7,2006-s4,B,2006-s4-B-GY,P0595,P0157,3,7,P0157,set-scores
2006-s4-B-GY-4-5,2006-s4,B,2006-s4-B-GY,P0489,P0285,4,6,P0285,set-scores
2006-s4-B-GY-4-6,2006-s4,B,2006-s4-B-GY,P0489,P0601,4,6,P0601,set-scores
2006-s4-B-GY-4-7,2006-s4,B,2006-s4-B-GY,P0489,P0157,0,10,P0157,set-scores
2006-s4-B-GY-5-6,2006-s4,B,2006-s4-B-GY,P0285,P0601,3,7,P0601,set-scores
2006-s4-B-GY-5-7,2006-s4,B,2006-s4-B-GY,P0285,P0157,9,1,P0285,set-scores
2006-s4-B-GY-6-7,2006-s4,B,2006-s4-B-GY,P0601,P0157,9,1,P0601,set-scores
2006-s4-B-GZ-0-1,2006-s4,B,2006-s4-B-GZ,P0359,P0221,6,4,P0359,set-scores
2006-s4-B-GZ-0-2,2006-s4,B,2006-s4-B-GZ,P0359,P0525,6,4,P0359,set-scores
2006-s4-B-GZ-0-3,2006-s4,B,2006-s4-B-GZ,P0359,P0309,5,5,,set-scores
2006-s4-B-GZ-0-4,2006-s4,B,2006-s4-B-GZ,P0359,P0431,7,3,P0359,set-scores
2006-s4-B-GZ-0-5,2006-s4,B,2006-s4-B-GZ,P0359,P0322,3,7,P0322,set-scores
2006-s4-B-GZ-0-6,2006-s4,B,2006-s4-B-GZ,P0359,P0590,10,0,P0359,set-scores
2006-s4-B-GZ-0-7,2006-s4,B,2006-s4-B-GZ,P0359,P0183,4,6,P0183,set-scores
2006-s4-B-GZ-1-2,2006-s4,B,2006-s4-B-GZ,P0221,P0525,4,6,P0525,set-scores
2006-s4-B-GZ-1-4,2006-s4,B,2006-s4-B-GZ,P0221,P0431,7,3,P0221,set-scores
2006-s4-B-GZ-1-5,2006-s4,B,2006-s4-B-GZ,P0221,P0322,6,4,P0221,set-scores
2006-s4-B-GZ-1-6,2006-s4,B,2006-s4-B-GZ,P0221,P0590,10,0,P0221,set-scores
2006-s4-B-GZ-1-7,2006-s4,B,2006-s4-B-GZ,P0221,P0183,7,3,P0221,set-scores
2006-s4-B-GZ-2-3,2006-s4,B,2006-s4-B-GZ,P0525,P0309,5,5,,set-scores
2006-s4-B-GZ-2-4,2006-s4,B,2006-s4-B-GZ,P0525,P0431,6,4,P0525,set-scores
2006-s4-B-GZ-2-5,2006-s4,B,2006-s4-B-GZ,P0525,P0322,5,5,,set-scores
2006-s4-B-GZ-2-6,2006-s4,B,2006-s4-B-GZ,P0525,P0590,1,9,P0590,set-scores
2006-s4-B-GZ-2-7,2006-s4,B,2006-s4-B-GZ,P0525,P0183,1,9,P0183,set-scores
2006-s4-B-GZ-3-4,2006-s4,B,2006-s4-B-GZ,P0309,P0431,6,4,P0309,set-scores
2006-s4-B-GZ-3-6,2006-s4,B,2006-s4-B-GZ,P0309,P0590,3,7,P0590,set-scores
2006-s4-B-GZ-4-5,2006-s4,B,2006-s4-B-GZ,P0431,P0322,5,5,,set-scores
2006-s4-B-GZ-4-7,2006-s4,B,2006-s4-B-GZ,P0431,P0183,2,8,P0183,set-scores
2006-s4-B-GZ-5-6,2006-s4,B,2006-s4-B-GZ,P0322,P0590,4,6,P0590,set-scores
2006-s4-B-GZ-5-7,2006-s4,B,2006-s4-B-GZ,P0322,P0183,6,4,P0322,set-scores
2006-s4-B-GZ-6-7,2006-s4,B,2006-s4-B-GZ,P0590,P0183,0,10,P0183,set-scores
2006-s5-A-GA-0-1,2006-s5,A,2006-s5-A-GA,P0073,P0378,9,1,P0073,set-scores
2006-s5-A-GA-0-2,2006-s5,A,2006-s5-A-GA,P0073,P0140,5,5,,set-scores
2006-s5-A-GA-0-3,2006-s5,A,2006-s5-A-GA,P0073,P0585,2,8,P0585,set-scores
2006-s5-A-GA-0-4,2006-s5,A,2006-s5-A-GA,P0073,P0166,5,5,,set-scores
2006-s5-A-GA-0-5,2006-s5,A,2006-s5-A-GA,P0073,P0616,8,2,P0073,set-scores
2006-s5-A-GA-0-6,2006-s5,A,2006-s5-A-GA,P0073,P0593,7,3,P0073,set-scores
2006-s5-A-GA-1-2,2006-s5,A,2006-s5-A-GA,P0378,P0140,6,4,P0378,set-scores
2006-s5-A-GA-1-3,2006-s5,A,2006-s5-A-GA,P0378,P0585,5,5,,set-scores
2006-s5-A-GA-1-4,2006-s5,A,2006-s5-A-GA,P0378,P0166,5,5,,set-scores
2006-s5-A-GA-1-5,2006-s5,A,2006-s5-A-GA,P0378,P0616,5,5,,set-scores
2006-s5-A-GA-1-6,2006-s5,A,2006-s5-A-GA,P0378,P0593,7,3,P0378,set-scores
2006-s5-A-GA-2-3,2006-s5,A,2006-s5-A-GA,P0140,P0585,5,5,,set-scores
2006-s5-A-GA-2-4,2006-s5,A,2006-s5-A-GA,P0140,P0166,8,2,P0140,set-scores
2006-s5-A-GA-2-5,2006-s5,A,2006-s5-A-GA,P0140,P0616,9,1,P0140,set-scores
2006-s5-A-GA-2-6,2006-s5,A,2006-s5-A-GA,P0140,P0593,7,3,P0140,set-scores
2006-s5-A-GA-3-4,2006-s5,A,2006-s5-A-GA,P0585,P0166,4,6,P0166,set-scores
2006-s5-A-GA-3-5,2006-s5,A,2006-s5-A-GA,P0585,P0616,6,4,P0585,set-scores
2006-s5-A-GA-3-6,2006-s5,A,2006-s5-A-GA,P0585,P0593,7,3,P0585,set-scores
2006-s5-A-GA-4-5,2006-s5,A,2006-s5-A-GA,P0166,P0616,4,6,P0616,set-scores
2006-s5-A-GA-4-6,2006-s5,A,2006-s5-A-GA,P0166,P0593,6,4,P0166,set-scores
2006-s5-A-GA-5-6,2006-s5,A,2006-s5-A-GA,P0616,P0593,4,6,P0593,set-scores
2006-s5-A-GB-0-1,2006-s5,A,2006-s5-A-GB,P0430,P0257,5,5,,set-scores
2006-s5-A-GB-0-2,2006-s5,A,2006-s5-A-GB,P0430,P0349,10,0,P0430,set-scores
2006-s5-A-GB-0-3,2006-s5,A,2006-s5-A-GB,P0430,P0282,5,5,,set-scores
2006-s5-A-GB-0-4,2006-s5,A,2006-s5-A-GB,P0430,P0250,7,3,P0430,set-scores
2006-s5-A-GB-0-5,2006-s5,A,2006-s5-A-GB,P0430,P0416,7,3,P0430,set-scores
2006-s5-A-GB-0-6,2006-s5,A,2006-s5-A-GB,P0430,P0494,6,4,P0430,set-scores
2006-s5-A-GB-1-2,2006-s5,A,2006-s5-A-GB,P0257,P0349,8,2,P0257,set-scores
2006-s5-A-GB-1-3,2006-s5,A,2006-s5-A-GB,P0257,P0282,5,5,,set-scores
2006-s5-A-GB-1-4,2006-s5,A,2006-s5-A-GB,P0257,P0250,8,2,P0257,set-scores
2006-s5-A-GB-1-5,2006-s5,A,2006-s5-A-GB,P0257,P0416,9,1,P0257,set-scores
2006-s5-A-GB-1-6,2006-s5,A,2006-s5-A-GB,P0257,P0494,1,9,P0494,set-scores
2006-s5-A-GB-2-3,2006-s5,A,2006-s5-A-GB,P0349,P0282,4,6,P0282,set-scores
2006-s5-A-GB-2-4,2006-s5,A,2006-s5-A-GB,P0349,P0250,3,7,P0250,set-scores
2006-s5-A-GB-2-5,2006-s5,A,2006-s5-A-GB,P0349,P0416,7,3,P0349,set-scores
2006-s5-A-GB-2-6,2006-s5,A,2006-s5-A-GB,P0349,P0494,6,4,P0349,set-scores
2006-s5-A-GB-3-4,2006-s5,A,2006-s5-A-GB,P0282,P0250,4,6,P0250,set-scores
2006-s5-A-GB-3-5,2006-s5,A,2006-s5-A-GB,P0282,P0416,4,6,P0416,set-scores
2006-s5-A-GB-3-6,2006-s5,A,2006-s5-A-GB,P0282,P0494,4,6,P0494,set-scores
2006-s5-A-GB-4-5,2006-s5,A,2006-s5-A-GB,P0250,P0416,9,1,P0250,set-scores
2006-s5-A-GB-4-6,2006-s5,A,2006-s5-A-GB,P0250,P0494,6,4,P0250,set-scores
2006-s5-A-GB-5-6,2006-s5,A,2006-s5-A-GB,P0416,P0494,5,5,,set-scores
2006-s5-A-GC-0-1,2006-s5,A,2006-s5-A-GC,P0179,P0480,6,4,P0179,set-scores
2006-s5-A-GC-0-2,2006-s5,A,2006-s5-A-GC,P0179,P0578,9,1,P0179,set-scores
2006-s5-A-GC-0-3,2006-s5,A,2006-s5-A-GC,P0179,P0542,5,5,,set-scores
2006-s5-A-GC-0-4,2006-s5,A,2006-s5-A-GC,P0179,P0333,3,7,P0333,set-scores
2006-s5-A-GC-0-5,2006-s5,A,2006-s5-A-GC,P0179,P0220,7,3,P0179,set-scores
2006-s5-A-GC-0-6,2006-s5,A,2006-s5-A-GC,P0179,P0601,6,4,P0179,set-scores
2006-s5-A-GC-1-2,2006-s5,A,2006-s5-A-GC,P0480,P0578,7,3,P0480,set-scores
2006-s5-A-GC-1-3,2006-s5,A,2006-s5-A-GC,P0480,P0542,2,8,P0542,set-scores
2006-s5-A-GC-1-4,2006-s5,A,2006-s5-A-GC,P0480,P0333,7,3,P0480,set-scores
2006-s5-A-GC-1-5,2006-s5,A,2006-s5-A-GC,P0480,P0220,7,3,P0480,set-scores
2006-s5-A-GC-1-6,2006-s5,A,2006-s5-A-GC,P0480,P0601,5,5,,set-scores
2006-s5-A-GC-2-3,2006-s5,A,2006-s5-A-GC,P0578,P0542,4,6,P0542,set-scores
2006-s5-A-GC-2-4,2006-s5,A,2006-s5-A-GC,P0578,P0333,7,3,P0578,set-scores
2006-s5-A-GC-2-6,2006-s5,A,2006-s5-A-GC,P0578,P0601,5,5,,set-scores
2006-s5-A-GC-3-4,2006-s5,A,2006-s5-A-GC,P0542,P0333,5,5,,set-scores
2006-s5-A-GC-3-5,2006-s5,A,2006-s5-A-GC,P0542,P0220,9,1,P0542,set-scores
2006-s5-A-GC-3-6,2006-s5,A,2006-s5-A-GC,P0542,P0601,6,4,P0542,set-scores
2006-s5-A-GC-4-5,2006-s5,A,2006-s5-A-GC,P0333,P0220,10,0,P0333,set-scores
2006-s5-A-GC-4-6,2006-s5,A,2006-s5-A-GC,P0333,P0601,7,3,P0333,set-scores
2006-s5-A-GC-5-6,2006-s5,A,2006-s5-A-GC,P0220,P0601,2,8,P0601,set-scores
2006-s5-A-GD-0-1,2006-s5,A,2006-s5-A-GD,P0252,P0172,3,7,P0172,set-scores
2006-s5-A-GD-0-2,2006-s5,A,2006-s5-A-GD,P0252,P0495,4,6,P0495,set-scores
2006-s5-A-GD-0-3,2006-s5,A,2006-s5-A-GD,P0252,P0091,6,4,P0252,set-scores
2006-s5-A-GD-0-4,2006-s5,A,2006-s5-A-GD,P0252,P0646,5,5,,set-scores
2006-s5-A-GD-0-5,2006-s5,A,2006-s5-A-GD,P0252,P0210,0,10,P0210,set-scores
2006-s5-A-GD-0-6,2006-s5,A,2006-s5-A-GD,P0252,P0366,4,6,P0366,set-scores
2006-s5-A-GD-1-2,2006-s5,A,2006-s5-A-GD,P0172,P0495,4,6,P0495,set-scores
2006-s5-A-GD-1-3,2006-s5,A,2006-s5-A-GD,P0172,P0091,8,2,P0172,set-scores
2006-s5-A-GD-1-4,2006-s5,A,2006-s5-A-GD,P0172,P0646,7,3,P0172,set-scores
2006-s5-A-GD-1-5,2006-s5,A,2006-s5-A-GD,P0172,P0210,5,5,,set-scores
2006-s5-A-GD-1-6,2006-s5,A,2006-s5-A-GD,P0172,P0366,4,6,P0366,set-scores
2006-s5-A-GD-2-3,2006-s5,A,2006-s5-A-GD,P0495,P0091,4,6,P0091,set-scores
2006-s5-A-GD-2-4,2006-s5,A,2006-s5-A-GD,P0495,P0646,10,0,P0495,set-scores
2006-s5-A-GD-2-5,2006-s5,A,2006-s5-A-GD,P0495,P0210,7,3,P0495,set-scores
2006-s5-A-GD-2-6,2006-s5,A,2006-s5-A-GD,P0495,P0366,3,7,P0366,set-scores
2006-s5-A-GD-3-4,2006-s5,A,2006-s5-A-GD,P0091,P0646,4,6,P0646,set-scores
2006-s5-A-GD-3-6,2006-s5,A,2006-s5-A-GD,P0091,P0366,6,4,P0091,set-scores
2006-s5-A-GD-4-5,2006-s5,A,2006-s5-A-GD,P0646,P0210,6,4,P0646,set-scores
2006-s5-A-GD-4-6,2006-s5,A,2006-s5-A-GD,P0646,P0366,5,5,,set-scores
2006-s5-A-GD-5-6,2006-s5,A,2006-s5-A-GD,P0210,P0366,3,7,P0366,set-scores
2006-s5-A-GE-0-1,2006-s5,A,2006-s5-A-GE,P0233,P0440,10,0,P0233,set-scores
2006-s5-A-GE-0-3,2006-s5,A,2006-s5-A-GE,P0233,P0394,8,2,P0233,set-scores
2006-s5-A-GE-0-4,2006-s5,A,2006-s5-A-GE,P0233,P0510,8,2,P0233,set-scores
2006-s5-A-GE-0-5,2006-s5,A,2006-s5-A-GE,P0233,P0211,8,2,P0233,set-scores
2006-s5-A-GE-0-6,2006-s5,A,2006-s5-A-GE,P0233,P0461,8,2,P0233,set-scores
2006-s5-A-GE-1-4,2006-s5,A,2006-s5-A-GE,P0440,P0510,8,2,P0440,set-scores
2006-s5-A-GE-1-5,2006-s5,A,2006-s5-A-GE,P0440,P0211,4,6,P0211,set-scores
2006-s5-A-GE-1-6,2006-s5,A,2006-s5-A-GE,P0440,P0461,5,5,,set-scores
2006-s5-A-GE-2-4,2006-s5,A,2006-s5-A-GE,P0487,P0510,8,2,P0487,set-scores
2006-s5-A-GE-2-6,2006-s5,A,2006-s5-A-GE,P0487,P0461,8,2,P0487,set-scores
2006-s5-A-GE-3-6,2006-s5,A,2006-s5-A-GE,P0394,P0461,5,5,,set-scores
2006-s5-A-GE-4-6,2006-s5,A,2006-s5-A-GE,P0510,P0461,4,6,P0461,set-scores
2006-s5-A-GF-0-1,2006-s5,A,2006-s5-A-GF,P0297,P0237,7,3,P0297,set-scores
2006-s5-A-GF-0-2,2006-s5,A,2006-s5-A-GF,P0297,P0186,3,7,P0186,set-scores
2006-s5-A-GF-0-3,2006-s5,A,2006-s5-A-GF,P0297,P0012,8,2,P0297,set-scores
2006-s5-A-GF-0-4,2006-s5,A,2006-s5-A-GF,P0297,P0617,6,4,P0297,set-scores
2006-s5-A-GF-0-5,2006-s5,A,2006-s5-A-GF,P0297,P0359,7,3,P0297,set-scores
2006-s5-A-GF-0-6,2006-s5,A,2006-s5-A-GF,P0297,P0011,6,4,P0297,set-scores
2006-s5-A-GF-1-2,2006-s5,A,2006-s5-A-GF,P0237,P0186,6,4,P0237,set-scores
2006-s5-A-GF-1-3,2006-s5,A,2006-s5-A-GF,P0237,P0012,5,5,,set-scores
2006-s5-A-GF-1-4,2006-s5,A,2006-s5-A-GF,P0237,P0617,4,6,P0617,set-scores
2006-s5-A-GF-1-5,2006-s5,A,2006-s5-A-GF,P0237,P0359,9,1,P0237,set-scores
2006-s5-A-GF-1-6,2006-s5,A,2006-s5-A-GF,P0237,P0011,5,5,,set-scores
2006-s5-A-GF-2-3,2006-s5,A,2006-s5-A-GF,P0186,P0012,5,5,,set-scores
2006-s5-A-GF-2-4,2006-s5,A,2006-s5-A-GF,P0186,P0617,7,3,P0186,set-scores
2006-s5-A-GF-2-5,2006-s5,A,2006-s5-A-GF,P0186,P0359,7,3,P0186,set-scores
2006-s5-A-GF-2-6,2006-s5,A,2006-s5-A-GF,P0186,P0011,9,1,P0186,set-scores
2006-s5-A-GF-3-4,2006-s5,A,2006-s5-A-GF,P0012,P0617,1,9,P0617,set-scores
2006-s5-A-GF-3-5,2006-s5,A,2006-s5-A-GF,P0012,P0359,8,2,P0012,set-scores
2006-s5-A-GF-3-6,2006-s5,A,2006-s5-A-GF,P0012,P0011,9,1,P0012,set-scores
2006-s5-A-GF-4-5,2006-s5,A,2006-s5-A-GF,P0617,P0359,5,5,,set-scores
2006-s5-A-GF-4-6,2006-s5,A,2006-s5-A-GF,P0617,P0011,4,6,P0011,set-scores
2006-s5-A-GF-5-6,2006-s5,A,2006-s5-A-GF,P0359,P0011,3,7,P0011,set-scores
2006-s5-A-GG-0-1,2006-s5,A,2006-s5-A-GG,P0060,P0653,3,7,P0653,set-scores
2006-s5-A-GG-0-2,2006-s5,A,2006-s5-A-GG,P0060,P0638,10,0,P0060,set-scores
2006-s5-A-GG-0-3,2006-s5,A,2006-s5-A-GG,P0060,P0076,5,5,,set-scores
2006-s5-A-GG-0-4,2006-s5,A,2006-s5-A-GG,P0060,P0402,7,3,P0060,set-scores
2006-s5-A-GG-0-5,2006-s5,A,2006-s5-A-GG,P0060,P0642,6,4,P0060,set-scores
2006-s5-A-GG-0-6,2006-s5,A,2006-s5-A-GG,P0060,P0420,6,4,P0060,set-scores
2006-s5-A-GG-1-2,2006-s5,A,2006-s5-A-GG,P0653,P0638,8,2,P0653,set-scores
2006-s5-A-GG-1-3,2006-s5,A,2006-s5-A-GG,P0653,P0076,9,1,P0653,set-scores
2006-s5-A-GG-1-4,2006-s5,A,2006-s5-A-GG,P0653,P0402,7,3,P0653,set-scores
2006-s5-A-GG-1-5,2006-s5,A,2006-s5-A-GG,P0653,P0642,5,5,,set-scores
2006-s5-A-GG-1-6,2006-s5,A,2006-s5-A-GG,P0653,P0420,4,6,P0420,set-scores
2006-s5-A-GG-2-3,2006-s5,A,2006-s5-A-GG,P0638,P0076,0,10,P0076,set-scores
2006-s5-A-GG-2-4,2006-s5,A,2006-s5-A-GG,P0638,P0402,2,8,P0402,set-scores
2006-s5-A-GG-2-5,2006-s5,A,2006-s5-A-GG,P0638,P0642,2,8,P0642,set-scores
2006-s5-A-GG-2-6,2006-s5,A,2006-s5-A-GG,P0638,P0420,4,6,P0420,set-scores
2006-s5-A-GG-3-4,2006-s5,A,2006-s5-A-GG,P0076,P0402,6,4,P0076,set-scores
2006-s5-A-GG-3-5,2006-s5,A,2006-s5-A-GG,P0076,P0642,4,6,P0642,set-scores
2006-s5-A-GG-3-6,2006-s5,A,2006-s5-A-GG,P0076,P0420,7,3,P0076,set-scores
2006-s5-A-GG-4-5,2006-s5,A,2006-s5-A-GG,P0402,P0642,6,4,P0402,set-scores
2006-s5-A-GG-4-6,2006-s5,A,2006-s5-A-GG,P0402,P0420,2,8,P0420,set-scores
2006-s5-A-GG-5-6,2006-s5,A,2006-s5-A-GG,P0642,P0420,10,0,P0642,set-scores
2006-s5-A-GH-0-1,2006-s5,A,2006-s5-A-GH,P0206,P0227,5,5,,set-scores
2006-s5-A-GH-0-2,2006-s5,A,2006-s5-A-GH,P0206,P0622,4,6,P0622,set-scores
2006-s5-A-GH-0-3,2006-s5,A,2006-s5-A-GH,P0206,P0335,5,5,,set-scores
2006-s5-A-GH-0-4,2006-s5,A,2006-s5-A-GH,P0206,P0290,8,2,P0206,set-scores
2006-s5-A-GH-0-5,2006-s5,A,2006-s5-A-GH,P0206,P0514,5,5,,set-scores
2006-s5-A-GH-0-6,2006-s5,A,2006-s5-A-GH,P0206,P0157,6,4,P0206,set-scores
2006-s5-A-GH-1-2,2006-s5,A,2006-s5-A-GH,P0227,P0622,3,7,P0622,set-scores
2006-s5-A-GH-1-3,2006-s5,A,2006-s5-A-GH,P0227,P0335,8,2,P0227,set-scores
2006-s5-A-GH-1-4,2006-s5,A,2006-s5-A-GH,P0227,P0290,6,4,P0227,set-scores
2006-s5-A-GH-1-5,2006-s5,A,2006-s5-A-GH,P0227,P0514,6,4,P0227,set-scores
2006-s5-A-GH-1-6,2006-s5,A,2006-s5-A-GH,P0227,P0157,6,4,P0227,set-scores
2006-s5-A-GH-2-3,2006-s5,A,2006-s5-A-GH,P0622,P0335,5,5,,set-scores
2006-s5-A-GH-2-4,2006-s5,A,2006-s5-A-GH,P0622,P0290,6,4,P0622,set-scores
2006-s5-A-GH-2-5,2006-s5,A,2006-s5-A-GH,P0622,P0514,6,4,P0622,set-scores
2006-s5-A-GH-2-6,2006-s5,A,2006-s5-A-GH,P0622,P0157,7,3,P0622,set-scores
2006-s5-A-GH-3-4,2006-s5,A,2006-s5-A-GH,P0335,P0290,4,6,P0290,set-scores
2006-s5-A-GH-3-5,2006-s5,A,2006-s5-A-GH,P0335,P0514,6,4,P0335,set-scores
2006-s5-A-GH-3-6,2006-s5,A,2006-s5-A-GH,P0335,P0157,0,10,P0157,set-scores
2006-s5-A-GH-4-5,2006-s5,A,2006-s5-A-GH,P0290,P0514,2,8,P0514,set-scores
2006-s5-A-GH-5-6,2006-s5,A,2006-s5-A-GH,P0514,P0157,6,4,P0514,set-scores
2006-s5-A-GI-0-1,2006-s5,A,2006-s5-A-GI,P0324,P0030,2,8,P0030,set-scores
2006-s5-A-GI-0-2,2006-s5,A,2006-s5-A-GI,P0324,P0383,9,1,P0324,set-scores
2006-s5-A-GI-0-3,2006-s5,A,2006-s5-A-GI,P0324,P0265,7,3,P0324,set-scores
2006-s5-A-GI-0-4,2006-s5,A,2006-s5-A-GI,P0324,P0245,6,4,P0324,set-scores
2006-s5-A-GI-0-5,2006-s5,A,2006-s5-A-GI,P0324,P0196,9,1,P0324,set-scores
2006-s5-A-GI-0-6,2006-s5,A,2006-s5-A-GI,P0324,P0589,7,3,P0324,set-scores
2006-s5-A-GI-1-2,2006-s5,A,2006-s5-A-GI,P0030,P0383,4,6,P0383,set-scores
2006-s5-A-GI-1-3,2006-s5,A,2006-s5-A-GI,P0030,P0265,8,2,P0030,set-scores
2006-s5-A-GI-1-4,2006-s5,A,2006-s5-A-GI,P0030,P0245,8,2,P0030,set-scores
2006-s5-A-GI-1-5,2006-s5,A,2006-s5-A-GI,P0030,P0196,3,7,P0196,set-scores
2006-s5-A-GI-1-6,2006-s5,A,2006-s5-A-GI,P0030,P0589,8,2,P0030,set-scores
2006-s5-A-GI-2-3,2006-s5,A,2006-s5-A-GI,P0383,P0265,3,7,P0265,set-scores
2006-s5-A-GI-2-4,2006-s5,A,2006-s5-A-GI,P0383,P0245,4,6,P0245,set-scores
2006-s5-A-GI-2-5,2006-s5,A,2006-s5-A-GI,P0383,P0196,3,7,P0196,set-scores
2006-s5-A-GI-2-6,2006-s5,A,2006-s5-A-GI,P0383,P0589,6,4,P0383,set-scores
2006-s5-A-GI-3-4,2006-s5,A,2006-s5-A-GI,P0265,P0245,4,6,P0245,set-scores
2006-s5-A-GI-3-5,2006-s5,A,2006-s5-A-GI,P0265,P0196,3,7,P0196,set-scores
2006-s5-A-GI-3-6,2006-s5,A,2006-s5-A-GI,P0265,P0589,4,6,P0589,set-scores
2006-s5-A-GI-4-5,2006-s5,A,2006-s5-A-GI,P0245,P0196,4,6,P0196,set-scores
2006-s5-A-GI-4-6,2006-s5,A,2006-s5-A-GI,P0245,P0589,7,3,P0245,set-scores
2006-s5-A-GI-5-6,2006-s5,A,2006-s5-A-GI,P0196,P0589,8,2,P0196,set-scores
2006-s5-A-GJ-1-2,2006-s5,A,2006-s5-A-GJ,P0565,P0609,5,5,,set-scores
2006-s5-A-GJ-1-3,2006-s5,A,2006-s5-A-GJ,P0565,P0082,7,3,P0565,set-scores
2006-s5-A-GJ-1-4,2006-s5,A,2006-s5-A-GJ,P0565,P0447,9,1,P0565,set-scores
2006-s5-A-GJ-1-5,2006-s5,A,2006-s5-A-GJ,P0565,P0029,2,8,P0029,set-scores
2006-s5-A-GJ-1-6,2006-s5,A,2006-s5-A-GJ,P0565,P0018,3,7,P0018,set-scores
2006-s5-A-GJ-2-3,2006-s5,A,2006-s5-A-GJ,P0609,P0082,7,3,P0609,set-scores
2006-s5-A-GJ-2-4,2006-s5,A,2006-s5-A-GJ,P0609,P0447,4,6,P0447,set-scores
2006-s5-A-GJ-2-5,2006-s5,A,2006-s5-A-GJ,P0609,P0029,8,2,P0609,set-scores
2006-s5-A-GJ-2-6,2006-s5,A,2006-s5-A-GJ,P0609,P0018,5,5,,set-scores
2006-s5-A-GJ-3-4,2006-s5,A,2006-s5-A-GJ,P0082,P0447,6,4,P0082,set-scores
2006-s5-A-GJ-3-5,2006-s5,A,2006-s5-A-GJ,P0082,P0029,0,10,P0029,set-scores
2006-s5-A-GJ-3-6,2006-s5,A,2006-s5-A-GJ,P0082,P0018,0,10,P0018,set-scores
2006-s5-A-GJ-4-5,2006-s5,A,2006-s5-A-GJ,P0447,P0029,2,8,P0029,set-scores
2006-s5-A-GJ-4-6,2006-s5,A,2006-s5-A-GJ,P0447,P0018,4,6,P0018,set-scores
2006-s5-A-GJ-5-6,2006-s5,A,2006-s5-A-GJ,P0029,P0018,4,6,P0018,set-scores
2006-s5-A-GK-0-1,2006-s5,A,2006-s5-A-GK,P0474,P0239,4,6,P0239,set-scores
2006-s5-A-GK-0-2,2006-s5,A,2006-s5-A-GK,P0474,P0478,0,10,P0478,set-scores
2006-s5-A-GK-0-3,2006-s5,A,2006-s5-A-GK,P0474,P0375,4,6,P0375,set-scores
2006-s5-A-GK-0-4,2006-s5,A,2006-s5-A-GK,P0474,P0377,3,7,P0377,set-scores
2006-s5-A-GK-0-5,2006-s5,A,2006-s5-A-GK,P0474,P0242,1,9,P0242,set-scores
2006-s5-A-GK-0-6,2006-s5,A,2006-s5-A-GK,P0474,P0075,6,4,P0474,set-scores
2006-s5-A-GK-1-2,2006-s5,A,2006-s5-A-GK,P0239,P0478,3,7,P0478,set-scores
2006-s5-A-GK-1-3,2006-s5,A,2006-s5-A-GK,P0239,P0375,4,6,P0375,set-scores
2006-s5-A-GK-1-4,2006-s5,A,2006-s5-A-GK,P0239,P0377,0,10,P0377,set-scores
2006-s5-A-GK-1-5,2006-s5,A,2006-s5-A-GK,P0239,P0242,3,7,P0242,set-scores
2006-s5-A-GK-2-3,2006-s5,A,2006-s5-A-GK,P0478,P0375,5,5,,set-scores
2006-s5-A-GK-2-4,2006-s5,A,2006-s5-A-GK,P0478,P0377,7,3,P0478,set-scores
2006-s5-A-GK-2-5,2006-s5,A,2006-s5-A-GK,P0478,P0242,7,3,P0478,set-scores
2006-s5-A-GK-2-6,2006-s5,A,2006-s5-A-GK,P0478,P0075,7,3,P0478,set-scores
2006-s5-A-GK-3-4,2006-s5,A,2006-s5-A-GK,P0375,P0377,5,5,,set-scores
2006-s5-A-GK-3-5,2006-s5,A,2006-s5-A-GK,P0375,P0242,6,4,P0375,set-scores
2006-s5-A-GK-3-6,2006-s5,A,2006-s5-A-GK,P0375,P0075,7,3,P0375,set-scores
2006-s5-A-GK-4-5,2006-s5,A,2006-s5-A-GK,P0377,P0242,6,4,P0377,set-scores
2006-s5-A-GK-4-6,2006-s5,A,2006-s5-A-GK,P0377,P0075,4,6,P0075,set-scores
2006-s5-A-GK-5-6,2006-s5,A,2006-s5-A-GK,P0242,P0075,6,4,P0242,set-scores
2006-s5-B-GA-0-1,2006-s5,B,2006-s5-B-GA,P0183,P0639,7,3,P0183,set-scores
2006-s5-B-GA-0-2,2006-s5,B,2006-s5-B-GA,P0183,P0519,6,4,P0183,set-scores
2006-s5-B-GA-0-3,2006-s5,B,2006-s5-B-GA,P0183,P0518,5,5,,set-scores
2006-s5-B-GA-0-4,2006-s5,B,2006-s5-B-GA,P0183,P0327,5,5,,set-scores
2006-s5-B-GA-0-5,2006-s5,B,2006-s5-B-GA,P0183,P0467,7,3,P0183,set-scores
2006-s5-B-GA-0-6,2006-s5,B,2006-s5-B-GA,P0183,P0470,5,5,,set-scores
2006-s5-B-GA-1-2,2006-s5,B,2006-s5-B-GA,P0639,P0519,1,9,P0519,set-scores
2006-s5-B-GA-1-3,2006-s5,B,2006-s5-B-GA,P0639,P0518,2,8,P0518,set-scores
2006-s5-B-GA-1-4,2006-s5,B,2006-s5-B-GA,P0639,P0327,1,9,P0327,set-scores
2006-s5-B-GA-1-5,2006-s5,B,2006-s5-B-GA,P0639,P0467,4,6,P0467,set-scores
2006-s5-B-GA-1-6,2006-s5,B,2006-s5-B-GA,P0639,P0470,3,7,P0470,set-scores
2006-s5-B-GA-2-3,2006-s5,B,2006-s5-B-GA,P0519,P0518,10,0,P0519,set-scores
2006-s5-B-GA-2-4,2006-s5,B,2006-s5-B-GA,P0519,P0327,6,4,P0519,set-scores
2006-s5-B-GA-2-5,2006-s5,B,2006-s5-B-GA,P0519,P0467,7,3,P0519,set-scores
2006-s5-B-GA-2-6,2006-s5,B,2006-s5-B-GA,P0519,P0470,4,6,P0470,set-scores
2006-s5-B-GA-3-4,2006-s5,B,2006-s5-B-GA,P0518,P0327,10,0,P0518,set-scores
2006-s5-B-GA-3-5,2006-s5,B,2006-s5-B-GA,P0518,P0467,2,8,P0467,set-scores
2006-s5-B-GA-3-6,2006-s5,B,2006-s5-B-GA,P0518,P0470,2,8,P0470,set-scores
2006-s5-B-GA-4-5,2006-s5,B,2006-s5-B-GA,P0327,P0467,8,2,P0327,set-scores
2006-s5-B-GA-4-6,2006-s5,B,2006-s5-B-GA,P0327,P0470,7,3,P0327,set-scores
2006-s5-B-GA-5-6,2006-s5,B,2006-s5-B-GA,P0467,P0470,3,7,P0470,set-scores
2006-s5-B-GB-0-1,2006-s5,B,2006-s5-B-GB,P0009,P0436,5,5,,set-scores
2006-s5-B-GB-0-2,2006-s5,B,2006-s5-B-GB,P0009,P0266,3,7,P0266,set-scores
2006-s5-B-GB-0-3,2006-s5,B,2006-s5-B-GB,P0009,P0217,4,6,P0217,set-scores
2006-s5-B-GB-0-4,2006-s5,B,2006-s5-B-GB,P0009,P0323,10,0,P0009,set-scores
2006-s5-B-GB-0-5,2006-s5,B,2006-s5-B-GB,P0009,P0437,3,7,P0437,set-scores
2006-s5-B-GB-0-6,2006-s5,B,2006-s5-B-GB,P0009,P0641,10,0,P0009,set-scores
2006-s5-B-GB-1-2,2006-s5,B,2006-s5-B-GB,P0436,P0266,3,7,P0266,set-scores
2006-s5-B-GB-1-3,2006-s5,B,2006-s5-B-GB,P0436,P0217,3,7,P0217,set-scores
2006-s5-B-GB-1-4,2006-s5,B,2006-s5-B-GB,P0436,P0323,8,2,P0436,set-scores
2006-s5-B-GB-1-5,2006-s5,B,2006-s5-B-GB,P0436,P0437,4,6,P0437,set-scores
2006-s5-B-GB-1-6,2006-s5,B,2006-s5-B-GB,P0436,P0641,3,7,P0641,set-scores
2006-s5-B-GB-2-3,2006-s5,B,2006-s5-B-GB,P0266,P0217,5,5,,set-scores
2006-s5-B-GB-2-4,2006-s5,B,2006-s5-B-GB,P0266,P0323,5,5,,set-scores
2006-s5-B-GB-2-5,2006-s5,B,2006-s5-B-GB,P0266,P0437,6,4,P0266,set-scores
2006-s5-B-GB-2-6,2006-s5,B,2006-s5-B-GB,P0266,P0641,6,4,P0266,set-scores
2006-s5-B-GB-3-4,2006-s5,B,2006-s5-B-GB,P0217,P0323,5,5,,set-scores
2006-s5-B-GB-3-5,2006-s5,B,2006-s5-B-GB,P0217,P0437,6,4,P0217,set-scores
2006-s5-B-GB-3-6,2006-s5,B,2006-s5-B-GB,P0217,P0641,3,7,P0641,set-scores
2006-s5-B-GB-4-5,2006-s5,B,2006-s5-B-GB,P0323,P0437,0,10,P0437,set-scores
2006-s5-B-GB-4-6,2006-s5,B,2006-s5-B-GB,P0323,P0641,5,5,,set-scores
2006-s5-B-GB-5-6,2006-s5,B,2006-s5-B-GB,P0437,P0641,6,4,P0437,set-scores
2006-s5-B-GC-0-1,2006-s5,B,2006-s5-B-GC,P0350,P0434,4,6,P0434,set-scores
2006-s5-B-GC-0-2,2006-s5,B,2006-s5-B-GC,P0350,P0537,7,3,P0350,set-scores
2006-s5-B-GC-0-3,2006-s5,B,2006-s5-B-GC,P0350,P0530,9,1,P0350,set-scores
2006-s5-B-GC-0-4,2006-s5,B,2006-s5-B-GC,P0350,P0524,4,6,P0524,set-scores
2006-s5-B-GC-0-5,2006-s5,B,2006-s5-B-GC,P0350,P0163,6,4,P0350,set-scores
2006-s5-B-GC-0-6,2006-s5,B,2006-s5-B-GC,P0350,P0580,5,5,,set-scores
2006-s5-B-GC-1-2,2006-s5,B,2006-s5-B-GC,P0434,P0537,7,3,P0434,set-scores
2006-s5-B-GC-1-3,2006-s5,B,2006-s5-B-GC,P0434,P0530,5,5,,set-scores
2006-s5-B-GC-1-4,2006-s5,B,2006-s5-B-GC,P0434,P0524,3,7,P0524,set-scores
2006-s5-B-GC-1-5,2006-s5,B,2006-s5-B-GC,P0434,P0163,3,7,P0163,set-scores
2006-s5-B-GC-1-6,2006-s5,B,2006-s5-B-GC,P0434,P0580,5,5,,set-scores
2006-s5-B-GC-2-3,2006-s5,B,2006-s5-B-GC,P0537,P0530,3,7,P0530,set-scores
2006-s5-B-GC-2-4,2006-s5,B,2006-s5-B-GC,P0537,P0524,2,8,P0524,set-scores
2006-s5-B-GC-2-5,2006-s5,B,2006-s5-B-GC,P0537,P0163,2,8,P0163,set-scores
2006-s5-B-GC-2-6,2006-s5,B,2006-s5-B-GC,P0537,P0580,2,8,P0580,set-scores
2006-s5-B-GC-3-4,2006-s5,B,2006-s5-B-GC,P0530,P0524,2,8,P0524,set-scores
2006-s5-B-GC-3-5,2006-s5,B,2006-s5-B-GC,P0530,P0163,4,6,P0163,set-scores
2006-s5-B-GC-3-6,2006-s5,B,2006-s5-B-GC,P0530,P0580,1,9,P0580,set-scores
2006-s5-B-GC-4-5,2006-s5,B,2006-s5-B-GC,P0524,P0163,4,6,P0163,set-scores
2006-s5-B-GC-4-6,2006-s5,B,2006-s5-B-GC,P0524,P0580,5,5,,set-scores
2006-s5-B-GC-5-6,2006-s5,B,2006-s5-B-GC,P0163,P0580,5,5,,set-scores
2006-s5-B-GD-0-1,2006-s5,B,2006-s5-B-GD,P0475,P0347,8,2,P0475,set-scores
2006-s5-B-GD-0-2,2006-s5,B,2006-s5-B-GD,P0475,P0176,6,4,P0475,set-scores
2006-s5-B-GD-0-3,2006-s5,B,2006-s5-B-GD,P0475,P0249,5,5,,set-scores
2006-s5-B-GD-0-4,2006-s5,B,2006-s5-B-GD,P0475,P0361,2,8,P0361,set-scores
2006-s5-B-GD-0-5,2006-s5,B,2006-s5-B-GD,P0475,P0499,4,6,P0499,set-scores
2006-s5-B-GD-0-6,2006-s5,B,2006-s5-B-GD,P0475,P0291,6,4,P0475,set-scores
2006-s5-B-GD-1-2,2006-s5,B,2006-s5-B-GD,P0347,P0176,6,4,P0347,set-scores
2006-s5-B-GD-1-3,2006-s5,B,2006-s5-B-GD,P0347,P0249,1,9,P0249,set-scores
2006-s5-B-GD-1-4,2006-s5,B,2006-s5-B-GD,P0347,P0361,5,5,,set-scores
2006-s5-B-GD-1-5,2006-s5,B,2006-s5-B-GD,P0347,P0499,10,0,P0347,set-scores
2006-s5-B-GD-1-6,2006-s5,B,2006-s5-B-GD,P0347,P0291,2,8,P0291,set-scores
2006-s5-B-GD-2-3,2006-s5,B,2006-s5-B-GD,P0176,P0249,4,6,P0249,set-scores
2006-s5-B-GD-2-4,2006-s5,B,2006-s5-B-GD,P0176,P0361,0,10,P0361,set-scores
2006-s5-B-GD-2-5,2006-s5,B,2006-s5-B-GD,P0176,P0499,4,6,P0499,set-scores
2006-s5-B-GD-2-6,2006-s5,B,2006-s5-B-GD,P0176,P0291,3,7,P0291,set-scores
2006-s5-B-GD-3-4,2006-s5,B,2006-s5-B-GD,P0249,P0361,4,6,P0361,set-scores
2006-s5-B-GD-3-5,2006-s5,B,2006-s5-B-GD,P0249,P0499,5,5,,set-scores
2006-s5-B-GD-3-6,2006-s5,B,2006-s5-B-GD,P0249,P0291,5,5,,set-scores
2006-s5-B-GD-4-5,2006-s5,B,2006-s5-B-GD,P0361,P0499,6,4,P0361,set-scores
2006-s5-B-GD-4-6,2006-s5,B,2006-s5-B-GD,P0361,P0291,3,7,P0291,set-scores
2006-s5-B-GD-5-6,2006-s5,B,2006-s5-B-GD,P0499,P0291,3,7,P0291,set-scores
2006-s5-B-GE-0-1,2006-s5,B,2006-s5-B-GE,P0406,P0223,2,8,P0223,set-scores
2006-s5-B-GE-0-2,2006-s5,B,2006-s5-B-GE,P0406,P0522,10,0,P0406,set-scores
2006-s5-B-GE-0-3,2006-s5,B,2006-s5-B-GE,P0406,P0346,10,0,P0406,set-scores
2006-s5-B-GE-0-4,2006-s5,B,2006-s5-B-GE,P0406,P0248,3,7,P0248,set-scores
2006-s5-B-GE-0-5,2006-s5,B,2006-s5-B-GE,P0406,P0205,3,7,P0205,set-scores
2006-s5-B-GE-0-6,2006-s5,B,2006-s5-B-GE,P0406,P0131,2,8,P0131,set-scores
2006-s5-B-GE-1-2,2006-s5,B,2006-s5-B-GE,P0223,P0522,10,0,P0223,set-scores
2006-s5-B-GE-1-3,2006-s5,B,2006-s5-B-GE,P0223,P0346,6,4,P0223,set-scores
2006-s5-B-GE-1-4,2006-s5,B,2006-s5-B-GE,P0223,P0248,10,0,P0223,set-scores
2006-s5-B-GE-1-5,2006-s5,B,2006-s5-B-GE,P0223,P0205,4,6,P0205,set-scores
2006-s5-B-GE-1-6,2006-s5,B,2006-s5-B-GE,P0223,P0131,4,6,P0131,set-scores
2006-s5-B-GE-2-4,2006-s5,B,2006-s5-B-GE,P0522,P0248,0,10,P0248,set-scores
2006-s5-B-GE-2-5,2006-s5,B,2006-s5-B-GE,P0522,P0205,0,10,P0205,set-scores
2006-s5-B-GE-2-6,2006-s5,B,2006-s5-B-GE,P0522,P0131,2,8,P0131,set-scores
2006-s5-B-GE-3-4,2006-s5,B,2006-s5-B-GE,P0346,P0248,2,8,P0248,set-scores
2006-s5-B-GE-3-5,2006-s5,B,2006-s5-B-GE,P0346,P0205,0,10,P0205,set-scores
2006-s5-B-GE-3-6,2006-s5,B,2006-s5-B-GE,P0346,P0131,0,10,P0131,set-scores
2006-s5-B-GE-4-5,2006-s5,B,2006-s5-B-GE,P0248,P0205,6,4,P0248,set-scores
2006-s5-B-GE-4-6,2006-s5,B,2006-s5-B-GE,P0248,P0131,7,3,P0248,set-scores
2006-s5-B-GE-5-6,2006-s5,B,2006-s5-B-GE,P0205,P0131,4,6,P0131,set-scores
2006-s6-A-GA-0-1,2006-s6,A,2006-s6-A-GA,P0361,P0579,3,7,P0579,set-scores
2006-s6-A-GA-0-2,2006-s6,A,2006-s6-A-GA,P0361,P0475,2,8,P0475,set-scores
2006-s6-A-GA-0-3,2006-s6,A,2006-s6-A-GA,P0361,P0549,4,6,P0549,set-scores
2006-s6-A-GA-0-4,2006-s6,A,2006-s6-A-GA,P0361,P0210,5,5,,set-scores
2006-s6-A-GA-0-5,2006-s6,A,2006-s6-A-GA,P0361,P0355,1,9,P0355,set-scores
2006-s6-A-GA-0-6,2006-s6,A,2006-s6-A-GA,P0361,P0290,6,4,P0361,set-scores
2006-s6-A-GA-1-2,2006-s6,A,2006-s6-A-GA,P0579,P0475,6,4,P0579,set-scores
2006-s6-A-GA-1-3,2006-s6,A,2006-s6-A-GA,P0579,P0549,4,6,P0549,set-scores
2006-s6-A-GA-1-4,2006-s6,A,2006-s6-A-GA,P0579,P0210,5,5,,set-scores
2006-s6-A-GA-1-5,2006-s6,A,2006-s6-A-GA,P0579,P0355,3,7,P0355,set-scores
2006-s6-A-GA-1-6,2006-s6,A,2006-s6-A-GA,P0579,P0290,7,3,P0579,set-scores
2006-s6-A-GA-2-3,2006-s6,A,2006-s6-A-GA,P0475,P0549,5,5,,set-scores
2006-s6-A-GA-2-5,2006-s6,A,2006-s6-A-GA,P0475,P0355,4,6,P0355,set-scores
2006-s6-A-GA-2-6,2006-s6,A,2006-s6-A-GA,P0475,P0290,3,7,P0290,set-scores
2006-s6-A-GA-3-4,2006-s6,A,2006-s6-A-GA,P0549,P0210,7,3,P0549,set-scores
2006-s6-A-GA-3-5,2006-s6,A,2006-s6-A-GA,P0549,P0355,4,6,P0355,set-scores
2006-s6-A-GA-3-6,2006-s6,A,2006-s6-A-GA,P0549,P0290,4,6,P0290,set-scores
2006-s6-A-GA-4-5,2006-s6,A,2006-s6-A-GA,P0210,P0355,4,6,P0355,set-scores
2006-s6-A-GA-4-6,2006-s6,A,2006-s6-A-GA,P0210,P0290,4,6,P0290,set-scores
2006-s6-A-GA-5-6,2006-s6,A,2006-s6-A-GA,P0355,P0290,6,4,P0355,set-scores
2006-s6-A-GB-0-1,2006-s6,A,2006-s6-A-GB,P0199,P0494,7,3,P0199,set-scores
2006-s6-A-GB-0-2,2006-s6,A,2006-s6-A-GB,P0199,P0266,5,5,,set-scores
2006-s6-A-GB-0-3,2006-s6,A,2006-s6-A-GB,P0199,P0456,0,10,P0456,set-scores
2006-s6-A-GB-0-4,2006-s6,A,2006-s6-A-GB,P0199,P0625,7,3,P0199,set-scores
2006-s6-A-GB-0-5,2006-s6,A,2006-s6-A-GB,P0199,P0462,7,3,P0199,set-scores
2006-s6-A-GB-0-6,2006-s6,A,2006-s6-A-GB,P0199,P0237,7,3,P0199,set-scores
2006-s6-A-GB-1-2,2006-s6,A,2006-s6-A-GB,P0494,P0266,3,7,P0266,set-scores
2006-s6-A-GB-1-3,2006-s6,A,2006-s6-A-GB,P0494,P0456,3,7,P0456,set-scores
2006-s6-A-GB-1-4,2006-s6,A,2006-s6-A-GB,P0494,P0625,4,6,P0625,set-scores
2006-s6-A-GB-1-5,2006-s6,A,2006-s6-A-GB,P0494,P0462,2,8,P0462,set-scores
2006-s6-A-GB-1-6,2006-s6,A,2006-s6-A-GB,P0494,P0237,4,6,P0237,set-scores
2006-s6-A-GB-2-3,2006-s6,A,2006-s6-A-GB,P0266,P0456,3,7,P0456,set-scores
2006-s6-A-GB-2-4,2006-s6,A,2006-s6-A-GB,P0266,P0625,0,10,P0625,set-scores
2006-s6-A-GB-2-5,2006-s6,A,2006-s6-A-GB,P0266,P0462,3,7,P0462,set-scores
2006-s6-A-GB-3-4,2006-s6,A,2006-s6-A-GB,P0456,P0625,5,5,,set-scores
2006-s6-A-GB-3-5,2006-s6,A,2006-s6-A-GB,P0456,P0462,7,3,P0456,set-scores
2006-s6-A-GB-3-6,2006-s6,A,2006-s6-A-GB,P0456,P0237,6,4,P0456,set-scores
2006-s6-A-GB-4-5,2006-s6,A,2006-s6-A-GB,P0625,P0462,8,2,P0625,set-scores
2006-s6-A-GB-4-6,2006-s6,A,2006-s6-A-GB,P0625,P0237,8,2,P0625,set-scores
2006-s6-A-GB-5-6,2006-s6,A,2006-s6-A-GB,P0462,P0237,4,6,P0237,set-scores
2006-s6-A-GC-0-1,2006-s6,A,2006-s6-A-GC,P0182,P0565,0,10,P0565,set-scores
2006-s6-A-GC-0-2,2006-s6,A,2006-s6-A-GC,P0182,P0412,6,4,P0182,set-scores
2006-s6-A-GC-0-3,2006-s6,A,2006-s6-A-GC,P0182,P0421,3,7,P0421,set-scores
2006-s6-A-GC-0-4,2006-s6,A,2006-s6-A-GC,P0182,P0167,0,10,P0167,set-scores
2006-s6-A-GC-0-6,2006-s6,A,2006-s6-A-GC,P0182,P0506,2,8,P0506,set-scores
2006-s6-A-GC-1-2,2006-s6,A,2006-s6-A-GC,P0565,P0412,1,9,P0412,set-scores
2006-s6-A-GC-1-3,2006-s6,A,2006-s6-A-GC,P0565,P0421,4,6,P0421,set-scores
2006-s6-A-GC-1-4,2006-s6,A,2006-s6-A-GC,P0565,P0167,9,1,P0565,set-scores
2006-s6-A-GC-1-5,2006-s6,A,2006-s6-A-GC,P0565,P0640,3,7,P0640,set-scores
2006-s6-A-GC-1-6,2006-s6,A,2006-s6-A-GC,P0565,P0506,7,3,P0565,set-scores
2006-s6-A-GC-2-3,2006-s6,A,2006-s6-A-GC,P0412,P0421,6,4,P0412,set-scores
2006-s6-A-GC-2-4,2006-s6,A,2006-s6-A-GC,P0412,P0167,8,2,P0412,set-scores
2006-s6-A-GC-2-5,2006-s6,A,2006-s6-A-GC,P0412,P0640,5,5,,set-scores
2006-s6-A-GC-2-6,2006-s6,A,2006-s6-A-GC,P0412,P0506,0,10,P0506,set-scores
2006-s6-A-GC-3-4,2006-s6,A,2006-s6-A-GC,P0421,P0167,6,4,P0421,set-scores
2006-s6-A-GC-3-5,2006-s6,A,2006-s6-A-GC,P0421,P0640,6,4,P0421,set-scores
2006-s6-A-GC-3-6,2006-s6,A,2006-s6-A-GC,P0421,P0506,6,4,P0421,set-scores
2006-s6-A-GC-4-5,2006-s6,A,2006-s6-A-GC,P0167,P0640,6,4,P0167,set-scores
2006-s6-A-GC-4-6,2006-s6,A,2006-s6-A-GC,P0167,P0506,7,3,P0167,set-scores
2006-s6-A-GC-5-6,2006-s6,A,2006-s6-A-GC,P0640,P0506,1,9,P0506,set-scores
2006-s6-A-GD-0-1,2006-s6,A,2006-s6-A-GD,P0447,P0359,4,6,P0359,set-scores
2006-s6-A-GD-0-2,2006-s6,A,2006-s6-A-GD,P0447,P0188,4,6,P0188,set-scores
2006-s6-A-GD-0-3,2006-s6,A,2006-s6-A-GD,P0447,P0267,4,6,P0267,set-scores
2006-s6-A-GD-0-4,2006-s6,A,2006-s6-A-GD,P0447,P0507,4,6,P0507,set-scores
2006-s6-A-GD-0-5,2006-s6,A,2006-s6-A-GD,P0447,P0481,4,6,P0481,set-scores
2006-s6-A-GD-0-6,2006-s6,A,2006-s6-A-GD,P0447,P0225,4,6,P0225,set-scores
2006-s6-A-GD-1-2,2006-s6,A,2006-s6-A-GD,P0359,P0188,4,6,P0188,set-scores
2006-s6-A-GD-1-3,2006-s6,A,2006-s6-A-GD,P0359,P0267,6,4,P0359,set-scores
2006-s6-A-GD-1-4,2006-s6,A,2006-s6-A-GD,P0359,P0507,5,5,,set-scores
2006-s6-A-GD-1-5,2006-s6,A,2006-s6-A-GD,P0359,P0481,2,8,P0481,set-scores
2006-s6-A-GD-1-6,2006-s6,A,2006-s6-A-GD,P0359,P0225,4,6,P0225,set-scores
2006-s6-A-GD-2-3,2006-s6,A,2006-s6-A-GD,P0188,P0267,2,8,P0267,set-scores
2006-s6-A-GD-2-4,2006-s6,A,2006-s6-A-GD,P0188,P0507,7,3,P0188,set-scores
2006-s6-A-GD-2-5,2006-s6,A,2006-s6-A-GD,P0188,P0481,6,4,P0188,set-scores
2006-s6-A-GD-2-6,2006-s6,A,2006-s6-A-GD,P0188,P0225,3,7,P0225,set-scores
2006-s6-A-GD-3-4,2006-s6,A,2006-s6-A-GD,P0267,P0507,5,5,,set-scores
2006-s6-A-GD-3-5,2006-s6,A,2006-s6-A-GD,P0267,P0481,9,1,P0267,set-scores
2006-s6-A-GD-3-6,2006-s6,A,2006-s6-A-GD,P0267,P0225,7,3,P0267,set-scores
2006-s6-A-GD-4-5,2006-s6,A,2006-s6-A-GD,P0507,P0481,7,3,P0507,set-scores
2006-s6-A-GD-4-6,2006-s6,A,2006-s6-A-GD,P0507,P0225,9,1,P0507,set-scores
2006-s6-A-GD-5-6,2006-s6,A,2006-s6-A-GD,P0481,P0225,4,6,P0225,set-scores
2006-s6-A-GE-0-1,2006-s6,A,2006-s6-A-GE,P0348,P0189,4,6,P0189,set-scores
2006-s6-A-GE-0-2,2006-s6,A,2006-s6-A-GE,P0348,P0482,0,10,P0482,set-scores
2006-s6-A-GE-0-3,2006-s6,A,2006-s6-A-GE,P0348,P0493,8,2,P0348,set-scores
2006-s6-A-GE-0-4,2006-s6,A,2006-s6-A-GE,P0348,P0540,0,10,P0540,set-scores
2006-s6-A-GE-0-5,2006-s6,A,2006-s6-A-GE,P0348,P0616,6,4,P0348,set-scores
2006-s6-A-GE-1-2,2006-s6,A,2006-s6-A-GE,P0189,P0482,3,7,P0482,set-scores
2006-s6-A-GE-1-3,2006-s6,A,2006-s6-A-GE,P0189,P0493,6,4,P0189,set-scores
2006-s6-A-GE-1-4,2006-s6,A,2006-s6-A-GE,P0189,P0540,6,4,P0189,set-scores
2006-s6-A-GE-1-5,2006-s6,A,2006-s6-A-GE,P0189,P0616,6,4,P0189,set-scores
2006-s6-A-GE-1-6,2006-s6,A,2006-s6-A-GE,P0189,P0233,6,4,P0189,set-scores
2006-s6-A-GE-2-3,2006-s6,A,2006-s6-A-GE,P0482,P0493,6,4,P0482,set-scores
2006-s6-A-GE-2-4,2006-s6,A,2006-s6-A-GE,P0482,P0540,10,0,P0482,set-scores
2006-s6-A-GE-2-5,2006-s6,A,2006-s6-A-GE,P0482,P0616,10,0,P0482,set-scores
2006-s6-A-GE-2-6,2006-s6,A,2006-s6-A-GE,P0482,P0233,6,4,P0482,set-scores
2006-s6-A-GE-3-4,2006-s6,A,2006-s6-A-GE,P0493,P0540,9,1,P0493,set-scores
2006-s6-A-GE-3-5,2006-s6,A,2006-s6-A-GE,P0493,P0616,7,3,P0493,set-scores
2006-s6-A-GE-3-6,2006-s6,A,2006-s6-A-GE,P0493,P0233,5,5,,set-scores
2006-s6-A-GE-4-5,2006-s6,A,2006-s6-A-GE,P0540,P0616,6,4,P0540,set-scores
2006-s6-A-GE-4-6,2006-s6,A,2006-s6-A-GE,P0540,P0233,10,0,P0540,set-scores
2006-s6-A-GE-5-6,2006-s6,A,2006-s6-A-GE,P0616,P0233,10,0,P0616,set-scores
2006-s6-A-GF-0-1,2006-s6,A,2006-s6-A-GF,P0643,P0212,7,3,P0643,set-scores
2006-s6-A-GF-0-2,2006-s6,A,2006-s6-A-GF,P0643,P0251,5,5,,set-scores
2006-s6-A-GF-0-3,2006-s6,A,2006-s6-A-GF,P0643,P0594,7,3,P0643,set-scores
2006-s6-A-GF-0-4,2006-s6,A,2006-s6-A-GF,P0643,P0268,3,7,P0268,set-scores
2006-s6-A-GF-0-5,2006-s6,A,2006-s6-A-GF,P0643,P0587,1,9,P0587,set-scores
2006-s6-A-GF-0-6,2006-s6,A,2006-s6-A-GF,P0643,P0427,6,4,P0643,set-scores
2006-s6-A-GF-1-3,2006-s6,A,2006-s6-A-GF,P0212,P0594,6,4,P0212,set-scores
2006-s6-A-GF-1-4,2006-s6,A,2006-s6-A-GF,P0212,P0268,2,8,P0268,set-scores
2006-s6-A-GF-1-5,2006-s6,A,2006-s6-A-GF,P0212,P0587,0,10,P0587,set-scores
2006-s6-A-GF-1-6,2006-s6,A,2006-s6-A-GF,P0212,P0427,5,5,,set-scores
2006-s6-A-GF-2-3,2006-s6,A,2006-s6-A-GF,P0251,P0594,7,3,P0251,set-scores
2006-s6-A-GF-2-4,2006-s6,A,2006-s6-A-GF,P0251,P0268,5,5,,set-scores
2006-s6-A-GF-2-5,2006-s6,A,2006-s6-A-GF,P0251,P0587,4,6,P0587,set-scores
2006-s6-A-GF-2-6,2006-s6,A,2006-s6-A-GF,P0251,P0427,6,4,P0251,set-scores
2006-s6-A-GF-3-4,2006-s6,A,2006-s6-A-GF,P0594,P0268,2,8,P0268,set-scores
2006-s6-A-GF-3-5,2006-s6,A,2006-s6-A-GF,P0594,P0587,2,8,P0587,set-scores
2006-s6-A-GF-3-6,2006-s6,A,2006-s6-A-GF,P0594,P0427,5,5,,set-scores
2006-s6-A-GF-4-5,2006-s6,A,2006-s6-A-GF,P0268,P0587,10,0,P0268,set-scores
2006-s6-A-GF-4-6,2006-s6,A,2006-s6-A-GF,P0268,P0427,6,4,P0268,set-scores
2006-s6-A-GF-5-6,2006-s6,A,2006-s6-A-GF,P0587,P0427,2,8,P0427,set-scores
2006-s6-A-GG-0-1,2006-s6,A,2006-s6-A-GG,P0654,P0310,8,2,P0654,set-scores
2006-s6-A-GG-0-2,2006-s6,A,2006-s6-A-GG,P0654,P0202,7,3,P0654,set-scores
2006-s6-A-GG-0-3,2006-s6,A,2006-s6-A-GG,P0654,P0177,6,4,P0654,set-scores
2006-s6-A-GG-0-4,2006-s6,A,2006-s6-A-GG,P0654,P0281,7,3,P0654,set-scores
2006-s6-A-GG-0-5,2006-s6,A,2006-s6-A-GG,P0654,P0305,7,3,P0654,set-scores
2006-s6-A-GG-0-6,2006-s6,A,2006-s6-A-GG,P0654,P0277,7,3,P0654,set-scores
2006-s6-A-GG-1-2,2006-s6,A,2006-s6-A-GG,P0310,P0202,6,4,P0310,set-scores
2006-s6-A-GG-1-3,2006-s6,A,2006-s6-A-GG,P0310,P0177,3,7,P0177,set-scores
2006-s6-A-GG-1-4,2006-s6,A,2006-s6-A-GG,P0310,P0281,6,4,P0310,set-scores
2006-s6-A-GG-1-5,2006-s6,A,2006-s6-A-GG,P0310,P0305,4,6,P0305,set-scores
2006-s6-A-GG-2-3,2006-s6,A,2006-s6-A-GG,P0202,P0177,6,4,P0202,set-scores
2006-s6-A-GG-2-4,2006-s6,A,2006-s6-A-GG,P0202,P0281,9,1,P0202,set-scores
2006-s6-A-GG-2-5,2006-s6,A,2006-s6-A-GG,P0202,P0305,3,7,P0305,set-scores
2006-s6-A-GG-2-6,2006-s6,A,2006-s6-A-GG,P0202,P0277,10,0,P0202,set-scores
2006-s6-A-GG-3-4,2006-s6,A,2006-s6-A-GG,P0177,P0281,8,2,P0177,set-scores
2006-s6-A-GG-3-5,2006-s6,A,2006-s6-A-GG,P0177,P0305,7,3,P0177,set-scores
2006-s6-A-GG-3-6,2006-s6,A,2006-s6-A-GG,P0177,P0277,6,4,P0177,set-scores
2006-s6-A-GG-4-5,2006-s6,A,2006-s6-A-GG,P0281,P0305,2,8,P0305,set-scores
2006-s6-A-GG-4-6,2006-s6,A,2006-s6-A-GG,P0281,P0277,1,9,P0277,set-scores
2006-s6-A-GG-5-6,2006-s6,A,2006-s6-A-GG,P0305,P0277,5,5,,set-scores
2006-s6-A-GH-0-1,2006-s6,A,2006-s6-A-GH,P0367,P0253,7,3,P0367,set-scores
2006-s6-A-GH-0-2,2006-s6,A,2006-s6-A-GH,P0367,P0333,6,4,P0367,set-scores
2006-s6-A-GH-0-3,2006-s6,A,2006-s6-A-GH,P0367,P0403,5,5,,set-scores
2006-s6-A-GH-0-4,2006-s6,A,2006-s6-A-GH,P0367,P0417,8,2,P0367,set-scores
2006-s6-A-GH-0-5,2006-s6,A,2006-s6-A-GH,P0367,P0246,2,8,P0246,set-scores
2006-s6-A-GH-0-6,2006-s6,A,2006-s6-A-GH,P0367,P0516,8,2,P0367,set-scores
2006-s6-A-GH-1-2,2006-s6,A,2006-s6-A-GH,P0253,P0333,7,3,P0253,set-scores
2006-s6-A-GH-1-3,2006-s6,A,2006-s6-A-GH,P0253,P0403,7,3,P0253,set-scores
2006-s6-A-GH-1-4,2006-s6,A,2006-s6-A-GH,P0253,P0417,2,8,P0417,set-scores
2006-s6-A-GH-1-5,2006-s6,A,2006-s6-A-GH,P0253,P0246,6,4,P0253,set-scores
2006-s6-A-GH-1-6,2006-s6,A,2006-s6-A-GH,P0253,P0516,6,4,P0253,set-scores
2006-s6-A-GH-2-3,2006-s6,A,2006-s6-A-GH,P0333,P0403,6,4,P0333,set-scores
2006-s6-A-GH-2-4,2006-s6,A,2006-s6-A-GH,P0333,P0417,3,7,P0417,set-scores
2006-s6-A-GH-2-5,2006-s6,A,2006-s6-A-GH,P0333,P0246,5,5,,set-scores
2006-s6-A-GH-2-6,2006-s6,A,2006-s6-A-GH,P0333,P0516,8,2,P0333,set-scores
2006-s6-A-GH-3-4,2006-s6,A,2006-s6-A-GH,P0403,P0417,0,10,P0417,set-scores
2006-s6-A-GH-3-5,2006-s6,A,2006-s6-A-GH,P0403,P0246,6,4,P0403,set-scores
2006-s6-A-GH-3-6,2006-s6,A,2006-s6-A-GH,P0403,P0516,4,6,P0516,set-scores
2006-s6-A-GH-4-5,2006-s6,A,2006-s6-A-GH,P0417,P0246,2,8,P0246,set-scores
2006-s6-A-GH-5-6,2006-s6,A,2006-s6-A-GH,P0246,P0516,5,5,,set-scores
2006-s6-A-GI-0-1,2006-s6,A,2006-s6-A-GI,P0609,P0601,5,5,,set-scores
2006-s6-A-GI-0-2,2006-s6,A,2006-s6-A-GI,P0609,P0395,3,7,P0395,set-scores
2006-s6-A-GI-0-3,2006-s6,A,2006-s6-A-GI,P0609,P0624,7,3,P0609,set-scores
2006-s6-A-GI-0-4,2006-s6,A,2006-s6-A-GI,P0609,P0216,6,4,P0609,set-scores
2006-s6-A-GI-0-6,2006-s6,A,2006-s6-A-GI,P0609,P0384,3,7,P0384,set-scores
2006-s6-A-GI-1-2,2006-s6,A,2006-s6-A-GI,P0601,P0395,5,5,,set-scores
2006-s6-A-GI-1-3,2006-s6,A,2006-s6-A-GI,P0601,P0624,6,4,P0601,set-scores
2006-s6-A-GI-1-4,2006-s6,A,2006-s6-A-GI,P0601,P0216,3,7,P0216,set-scores
2006-s6-A-GI-1-5,2006-s6,A,2006-s6-A-GI,P0601,P0320,2,8,P0320,set-scores
2006-s6-A-GI-1-6,2006-s6,A,2006-s6-A-GI,P0601,P0384,0,10,P0384,set-scores
2006-s6-A-GI-2-3,2006-s6,A,2006-s6-A-GI,P0395,P0624,4,6,P0624,set-scores
2006-s6-A-GI-2-4,2006-s6,A,2006-s6-A-GI,P0395,P0216,6,4,P0395,set-scores
2006-s6-A-GI-2-5,2006-s6,A,2006-s6-A-GI,P0395,P0320,7,3,P0395,set-scores
2006-s6-A-GI-2-6,2006-s6,A,2006-s6-A-GI,P0395,P0384,7,3,P0395,set-scores
2006-s6-A-GI-3-4,2006-s6,A,2006-s6-A-GI,P0624,P0216,8,2,P0624,set-scores
2006-s6-A-GI-3-5,2006-s6,A,2006-s6-A-GI,P0624,P0320,7,3,P0624,set-scores
2006-s6-A-GI-3-6,2006-s6,A,2006-s6-A-GI,P0624,P0384,3,7,P0384,set-scores
2006-s6-A-GI-4-5,2006-s6,A,2006-s6-A-GI,P0216,P0320,4,6,P0320,set-scores
2006-s6-A-GI-5-6,2006-s6,A,2006-s6-A-GI,P0320,P0384,3,7,P0384,set-scores
2006-s6-A-GJ-0-1,2006-s6,A,2006-s6-A-GJ,P0254,P0207,9,1,P0254,set-scores
2006-s6-A-GJ-0-2,2006-s6,A,2006-s6-A-GJ,P0254,P0227,10,0,P0254,set-scores
2006-s6-A-GJ-0-3,2006-s6,A,2006-s6-A-GJ,P0254,P0269,6,4,P0254,set-scores
2006-s6-A-GJ-0-4,2006-s6,A,2006-s6-A-GJ,P0254,P0391,7,3,P0254,set-scores
2006-s6-A-GJ-0-5,2006-s6,A,2006-s6-A-GJ,P0254,P0024,7,3,P0254,set-scores
2006-s6-A-GJ-0-6,2006-s6,A,2006-s6-A-GJ,P0254,P0217,5,5,,set-scores
2006-s6-A-GJ-1-2,2006-s6,A,2006-s6-A-GJ,P0207,P0227,6,4,P0207,set-scores
2006-s6-A-GJ-1-3,2006-s6,A,2006-s6-A-GJ,P0207,P0269,7,3,P0207,set-scores
2006-s6-A-GJ-1-4,2006-s6,A,2006-s6-A-GJ,P0207,P0391,4,6,P0391,set-scores
2006-s6-A-GJ-1-5,2006-s6,A,2006-s6-A-GJ,P0207,P0024,6,4,P0207,set-scores
2006-s6-A-GJ-1-6,2006-s6,A,2006-s6-A-GJ,P0207,P0217,6,4,P0207,set-scores
2006-s6-A-GJ-2-3,2006-s6,A,2006-s6-A-GJ,P0227,P0269,7,3,P0227,set-scores
2006-s6-A-GJ-2-4,2006-s6,A,2006-s6-A-GJ,P0227,P0391,3,7,P0391,set-scores
2006-s6-A-GJ-2-5,2006-s6,A,2006-s6-A-GJ,P0227,P0024,4,6,P0024,set-scores
2006-s6-A-GJ-2-6,2006-s6,A,2006-s6-A-GJ,P0227,P0217,7,3,P0227,set-scores
2006-s6-A-GJ-3-4,2006-s6,A,2006-s6-A-GJ,P0269,P0391,4,6,P0391,set-scores
2006-s6-A-GJ-3-6,2006-s6,A,2006-s6-A-GJ,P0269,P0217,7,3,P0269,set-scores
2006-s6-A-GJ-4-5,2006-s6,A,2006-s6-A-GJ,P0391,P0024,6,4,P0391,set-scores
2006-s6-A-GJ-4-6,2006-s6,A,2006-s6-A-GJ,P0391,P0217,9,1,P0391,set-scores
2006-s6-A-GJ-5-6,2006-s6,A,2006-s6-A-GJ,P0024,P0217,5,5,,set-scores
2006-s6-B-GA-0-1,2006-s6,B,2006-s6-B-GA,P0558,P0413,6,4,P0558,set-scores
2006-s6-B-GA-0-2,2006-s6,B,2006-s6-B-GA,P0558,P0471,8,2,P0558,set-scores
2006-s6-B-GA-0-3,2006-s6,B,2006-s6-B-GA,P0558,P0573,3,7,P0573,set-scores
2006-s6-B-GA-0-4,2006-s6,B,2006-s6-B-GA,P0558,P0292,4,6,P0292,set-scores
2006-s6-B-GA-0-5,2006-s6,B,2006-s6-B-GA,P0558,P0312,3,7,P0312,set-scores
2006-s6-B-GA-0-6,2006-s6,B,2006-s6-B-GA,P0558,P0326,2,8,P0326,set-scores
2006-s6-B-GA-1-2,2006-s6,B,2006-s6-B-GA,P0413,P0471,4,6,P0471,set-scores
2006-s6-B-GA-1-4,2006-s6,B,2006-s6-B-GA,P0413,P0292,2,8,P0292,set-scores
2006-s6-B-GA-1-5,2006-s6,B,2006-s6-B-GA,P0413,P0312,8,2,P0413,set-scores
2006-s6-B-GA-1-6,2006-s6,B,2006-s6-B-GA,P0413,P0326,3,7,P0326,set-scores
2006-s6-B-GA-2-3,2006-s6,B,2006-s6-B-GA,P0471,P0573,1,9,P0573,set-scores
2006-s6-B-GA-2-4,2006-s6,B,2006-s6-B-GA,P0471,P0292,2,8,P0292,set-scores
2006-s6-B-GA-2-5,2006-s6,B,2006-s6-B-GA,P0471,P0312,6,4,P0471,set-scores
2006-s6-B-GA-2-6,2006-s6,B,2006-s6-B-GA,P0471,P0326,6,4,P0471,set-scores
2006-s6-B-GA-3-4,2006-s6,B,2006-s6-B-GA,P0573,P0292,2,8,P0292,set-scores
2006-s6-B-GA-3-5,2006-s6,B,2006-s6-B-GA,P0573,P0312,4,6,P0312,set-scores
2006-s6-B-GA-3-6,2006-s6,B,2006-s6-B-GA,P0573,P0326,7,3,P0573,set-scores
2006-s6-B-GA-4-5,2006-s6,B,2006-s6-B-GA,P0292,P0312,7,3,P0292,set-scores
2006-s6-B-GA-4-6,2006-s6,B,2006-s6-B-GA,P0292,P0326,7,3,P0292,set-scores
2006-s6-B-GA-5-6,2006-s6,B,2006-s6-B-GA,P0312,P0326,4,6,P0326,set-scores
2006-s6-B-GB-0-1,2006-s6,B,2006-s6-B-GB,P0606,P0641,9,1,P0606,set-scores
2006-s6-B-GB-0-2,2006-s6,B,2006-s6-B-GB,P0606,P0526,1,9,P0526,set-scores
2006-s6-B-GB-0-3,2006-s6,B,2006-s6-B-GB,P0606,P0539,6,4,P0606,set-scores
2006-s6-B-GB-0-4,2006-s6,B,2006-s6-B-GB,P0606,P0567,4,6,P0567,set-scores
2006-s6-B-GB-0-5,2006-s6,B,2006-s6-B-GB,P0606,P0432,8,2,P0606,set-scores
2006-s6-B-GB-0-6,2006-s6,B,2006-s6-B-GB,P0606,P0467,9,1,P0606,set-scores
2006-s6-B-GB-1-2,2006-s6,B,2006-s6-B-GB,P0641,P0526,2,8,P0526,set-scores
2006-s6-B-GB-1-3,2006-s6,B,2006-s6-B-GB,P0641,P0539,5,5,,set-scores
2006-s6-B-GB-1-4,2006-s6,B,2006-s6-B-GB,P0641,P0567,7,3,P0641,set-scores
2006-s6-B-GB-1-5,2006-s6,B,2006-s6-B-GB,P0641,P0432,10,0,P0641,set-scores
2006-s6-B-GB-2-3,2006-s6,B,2006-s6-B-GB,P0526,P0539,7,3,P0526,set-scores
2006-s6-B-GB-2-4,2006-s6,B,2006-s6-B-GB,P0526,P0567,6,4,P0526,set-scores
2006-s6-B-GB-2-5,2006-s6,B,2006-s6-B-GB,P0526,P0432,8,2,P0526,set-scores
2006-s6-B-GB-2-6,2006-s6,B,2006-s6-B-GB,P0526,P0467,9,1,P0526,set-scores
2006-s6-B-GB-3-4,2006-s6,B,2006-s6-B-GB,P0539,P0567,7,3,P0539,set-scores
2006-s6-B-GB-3-5,2006-s6,B,2006-s6-B-GB,P0539,P0432,7,3,P0539,set-scores
2006-s6-B-GB-3-6,2006-s6,B,2006-s6-B-GB,P0539,P0467,8,2,P0539,set-scores
2006-s6-B-GB-4-5,2006-s6,B,2006-s6-B-GB,P0567,P0432,6,4,P0567,set-scores
2006-s6-B-GB-4-6,2006-s6,B,2006-s6-B-GB,P0567,P0467,8,2,P0567,set-scores
2006-s6-B-GB-5-6,2006-s6,B,2006-s6-B-GB,P0432,P0467,10,0,P0432,set-scores
2006-s6-B-GC-0-1,2006-s6,B,2006-s6-B-GC,P0438,P0343,5,5,,set-scores
2006-s6-B-GC-0-2,2006-s6,B,2006-s6-B-GC,P0438,P0496,2,8,P0496,set-scores
2006-s6-B-GC-0-3,2006-s6,B,2006-s6-B-GC,P0438,P0370,2,8,P0370,set-scores
2006-s6-B-GC-0-4,2006-s6,B,2006-s6-B-GC,P0438,P0345,2,8,P0345,set-scores
2006-s6-B-GC-0-5,2006-s6,B,2006-s6-B-GC,P0438,P0405,5,5,,set-scores
2006-s6-B-GC-1-2,2006-s6,B,2006-s6-B-GC,P0343,P0496,4,6,P0496,set-scores
2006-s6-B-GC-1-3,2006-s6,B,2006-s6-B-GC,P0343,P0370,1,9,P0370,set-scores
2006-s6-B-GC-1-4,2006-s6,B,2006-s6-B-GC,P0343,P0345,3,7,P0345,set-scores
2006-s6-B-GC-1-5,2006-s6,B,2006-s6-B-GC,P0343,P0405,3,7,P0405,set-scores
2006-s6-B-GC-1-6,2006-s6,B,2006-s6-B-GC,P0343,P0563,7,3,P0343,set-scores
2006-s6-B-GC-2-3,2006-s6,B,2006-s6-B-GC,P0496,P0370,5,5,,set-scores
2006-s6-B-GC-2-4,2006-s6,B,2006-s6-B-GC,P0496,P0345,4,6,P0345,set-scores
2006-s6-B-GC-2-5,2006-s6,B,2006-s6-B-GC,P0496,P0405,5,5,,set-scores
2006-s6-B-GC-2-6,2006-s6,B,2006-s6-B-GC,P0496,P0563,7,3,P0496,set-scores
2006-s6-B-GC-3-4,2006-s6,B,2006-s6-B-GC,P0370,P0345,5,5,,set-scores
2006-s6-B-GC-3-5,2006-s6,B,2006-s6-B-GC,P0370,P0405,5,5,,set-scores
2006-s6-B-GC-3-6,2006-s6,B,2006-s6-B-GC,P0370,P0563,6,4,P0370,set-scores
2006-s6-B-GC-4-5,2006-s6,B,2006-s6-B-GC,P0345,P0405,6,4,P0345,set-scores
2006-s6-B-GC-4-6,2006-s6,B,2006-s6-B-GC,P0345,P0563,8,2,P0345,set-scores
2006-s6-B-GC-5-6,2006-s6,B,2006-s6-B-GC,P0405,P0563,8,2,P0405,set-scores
2006-s6-B-GD-0-1,2006-s6,B,2006-s6-B-GD,P0647,P0439,4,6,P0439,set-scores
2006-s6-B-GD-0-2,2006-s6,B,2006-s6-B-GD,P0647,P0369,7,3,P0647,set-scores
2006-s6-B-GD-0-3,2006-s6,B,2006-s6-B-GD,P0647,P0537,6,4,P0647,set-scores
2006-s6-B-GD-0-4,2006-s6,B,2006-s6-B-GD,P0647,P0068,6,4,P0647,set-scores
2006-s6-B-GD-0-5,2006-s6,B,2006-s6-B-GD,P0647,P0193,5,5,,set-scores
2006-s6-B-GD-0-6,2006-s6,B,2006-s6-B-GD,P0647,P0453,8,2,P0647,set-scores
2006-s6-B-GD-1-2,2006-s6,B,2006-s6-B-GD,P0439,P0369,5,5,,set-scores
2006-s6-B-GD-1-3,2006-s6,B,2006-s6-B-GD,P0439,P0537,10,0,P0439,set-scores
2006-s6-B-GD-1-4,2006-s6,B,2006-s6-B-GD,P0439,P0068,6,4,P0439,set-scores
2006-s6-B-GD-1-5,2006-s6,B,2006-s6-B-GD,P0439,P0193,6,4,P0439,set-scores
2006-s6-B-GD-1-6,2006-s6,B,2006-s6-B-GD,P0439,P0453,6,4,P0439,set-scores
2006-s6-B-GD-2-3,2006-s6,B,2006-s6-B-GD,P0369,P0537,10,0,P0369,set-scores
2006-s6-B-GD-2-4,2006-s6,B,2006-s6-B-GD,P0369,P0068,8,2,P0369,set-scores
2006-s6-B-GD-2-5,2006-s6,B,2006-s6-B-GD,P0369,P0193,4,6,P0193,set-scores
2006-s6-B-GD-2-6,2006-s6,B,2006-s6-B-GD,P0369,P0453,6,4,P0369,set-scores
2006-s6-B-GD-3-4,2006-s6,B,2006-s6-B-GD,P0537,P0068,0,10,P0068,set-scores
2006-s6-B-GD-3-5,2006-s6,B,2006-s6-B-GD,P0537,P0193,2,8,P0193,set-scores
2006-s6-B-GD-3-6,2006-s6,B,2006-s6-B-GD,P0537,P0453,4,6,P0453,set-scores
2006-s6-B-GD-4-5,2006-s6,B,2006-s6-B-GD,P0068,P0193,7,3,P0068,set-scores
2006-s6-B-GD-4-6,2006-s6,B,2006-s6-B-GD,P0068,P0453,6,4,P0068,set-scores
2006-s6-B-GD-5-6,2006-s6,B,2006-s6-B-GD,P0193,P0453,7,3,P0193,set-scores
2006-s6-B-GE-0-1,2006-s6,B,2006-s6-B-GE,P0191,P0298,10,0,P0191,set-scores
2006-s6-B-GE-0-2,2006-s6,B,2006-s6-B-GE,P0191,P0373,6,4,P0191,set-scores
2006-s6-B-GE-0-3,2006-s6,B,2006-s6-B-GE,P0191,P0435,5,5,,set-scores
2006-s6-B-GE-0-4,2006-s6,B,2006-s6-B-GE,P0191,P0229,7,3,P0191,set-scores
2006-s6-B-GE-0-5,2006-s6,B,2006-s6-B-GE,P0191,P0406,9,1,P0191,set-scores
2006-s6-B-GE-0-6,2006-s6,B,2006-s6-B-GE,P0191,P0536,5,5,,set-scores
2006-s6-B-GE-1-2,2006-s6,B,2006-s6-B-GE,P0298,P0373,6,4,P0298,set-scores
2006-s6-B-GE-1-3,2006-s6,B,2006-s6-B-GE,P0298,P0435,5,5,,set-scores
2006-s6-B-GE-1-4,2006-s6,B,2006-s6-B-GE,P0298,P0229,3,7,P0229,set-scores
2006-s6-B-GE-1-5,2006-s6,B,2006-s6-B-GE,P0298,P0406,6,4,P0298,set-scores
2006-s6-B-GE-1-6,2006-s6,B,2006-s6-B-GE,P0298,P0536,9,1,P0298,set-scores
2006-s6-B-GE-2-3,2006-s6,B,2006-s6-B-GE,P0373,P0435,5,5,,set-scores
2006-s6-B-GE-2-4,2006-s6,B,2006-s6-B-GE,P0373,P0229,5,5,,set-scores
2006-s6-B-GE-2-5,2006-s6,B,2006-s6-B-GE,P0373,P0406,8,2,P0373,set-scores
2006-s6-B-GE-2-6,2006-s6,B,2006-s6-B-GE,P0373,P0536,6,4,P0373,set-scores
2006-s6-B-GE-3-4,2006-s6,B,2006-s6-B-GE,P0435,P0229,7,3,P0435,set-scores
2006-s6-B-GE-3-5,2006-s6,B,2006-s6-B-GE,P0435,P0406,8,2,P0435,set-scores
2006-s6-B-GE-3-6,2006-s6,B,2006-s6-B-GE,P0435,P0536,6,4,P0435,set-scores
2006-s6-B-GE-4-5,2006-s6,B,2006-s6-B-GE,P0229,P0406,7,3,P0229,set-scores
2006-s6-B-GE-4-6,2006-s6,B,2006-s6-B-GE,P0229,P0536,4,6,P0536,set-scores
2006-s6-B-GE-5-6,2006-s6,B,2006-s6-B-GE,P0406,P0536,4,6,P0536,set-scores
2006-s7-A-GA-0-1,2006-s7,A,2006-s7-A-GA,P0644,P0206,3,7,P0206,set-scores
2006-s7-A-GA-0-2,2006-s7,A,2006-s7-A-GA,P0644,P0184,3,7,P0184,set-scores
2006-s7-A-GA-0-3,2006-s7,A,2006-s7-A-GA,P0644,P0258,5,5,,set-scores
2006-s7-A-GA-0-4,2006-s7,A,2006-s7-A-GA,P0644,P0297,2,8,P0297,set-scores
2006-s7-A-GA-0-5,2006-s7,A,2006-s7-A-GA,P0644,P0073,7,3,P0644,set-scores
2006-s7-A-GA-1-2,2006-s7,A,2006-s7-A-GA,P0206,P0184,4,6,P0184,set-scores
2006-s7-A-GA-1-3,2006-s7,A,2006-s7-A-GA,P0206,P0258,3,7,P0258,set-scores
2006-s7-A-GA-1-4,2006-s7,A,2006-s7-A-GA,P0206,P0297,1,9,P0297,set-scores
2006-s7-A-GA-1-5,2006-s7,A,2006-s7-A-GA,P0206,P0073,3,7,P0073,set-scores
2006-s7-A-GA-1-6,2006-s7,A,2006-s7-A-GA,P0206,P0411,4,6,P0411,set-scores
2006-s7-A-GA-2-3,2006-s7,A,2006-s7-A-GA,P0184,P0258,5,5,,set-scores
2006-s7-A-GA-2-4,2006-s7,A,2006-s7-A-GA,P0184,P0297,3,7,P0297,set-scores
2006-s7-A-GA-2-5,2006-s7,A,2006-s7-A-GA,P0184,P0073,5,5,,set-scores
2006-s7-A-GA-2-6,2006-s7,A,2006-s7-A-GA,P0184,P0411,7,3,P0184,set-scores
2006-s7-A-GA-3-4,2006-s7,A,2006-s7-A-GA,P0258,P0297,3,7,P0297,set-scores
2006-s7-A-GA-3-5,2006-s7,A,2006-s7-A-GA,P0258,P0073,5,5,,set-scores
2006-s7-A-GA-3-6,2006-s7,A,2006-s7-A-GA,P0258,P0411,8,2,P0258,set-scores
2006-s7-A-GA-4-5,2006-s7,A,2006-s7-A-GA,P0297,P0073,3,7,P0073,set-scores
2006-s7-A-GA-4-6,2006-s7,A,2006-s7-A-GA,P0297,P0411,6,4,P0297,set-scores
2006-s7-A-GA-5-6,2006-s7,A,2006-s7-A-GA,P0073,P0411,6,4,P0073,set-scores
2006-s7-A-GB-0-1,2006-s7,A,2006-s7-A-GB,P0609,P0140,2,8,P0140,set-scores
2006-s7-A-GB-0-2,2006-s7,A,2006-s7-A-GB,P0609,P0126,4,6,P0126,set-scores
2006-s7-A-GB-0-3,2006-s7,A,2006-s7-A-GB,P0609,P0356,4,6,P0356,set-scores
2006-s7-A-GB-0-4,2006-s7,A,2006-s7-A-GB,P0609,P0278,6,4,P0609,set-scores
2006-s7-A-GB-0-5,2006-s7,A,2006-s7-A-GB,P0609,P0060,7,3,P0609,set-scores
2006-s7-A-GB-0-6,2006-s7,A,2006-s7-A-GB,P0609,P0450,7,3,P0609,set-scores
2006-s7-A-GB-1-2,2006-s7,A,2006-s7-A-GB,P0140,P0126,5,5,,set-scores
2006-s7-A-GB-1-3,2006-s7,A,2006-s7-A-GB,P0140,P0356,5,5,,set-scores
2006-s7-A-GB-1-4,2006-s7,A,2006-s7-A-GB,P0140,P0278,6,4,P0140,set-scores
2006-s7-A-GB-1-5,2006-s7,A,2006-s7-A-GB,P0140,P0060,4,6,P0060,set-scores
2006-s7-A-GB-1-6,2006-s7,A,2006-s7-A-GB,P0140,P0450,6,4,P0140,set-scores
2006-s7-A-GB-2-3,2006-s7,A,2006-s7-A-GB,P0126,P0356,5,5,,set-scores
2006-s7-A-GB-2-4,2006-s7,A,2006-s7-A-GB,P0126,P0278,0,10,P0278,set-scores
2006-s7-A-GB-2-5,2006-s7,A,2006-s7-A-GB,P0126,P0060,3,7,P0060,set-scores
2006-s7-A-GB-2-6,2006-s7,A,2006-s7-A-GB,P0126,P0450,0,10,P0450,set-scores
2006-s7-A-GB-3-4,2006-s7,A,2006-s7-A-GB,P0356,P0278,1,9,P0278,set-scores
2006-s7-A-GB-3-5,2006-s7,A,2006-s7-A-GB,P0356,P0060,3,7,P0060,set-scores
2006-s7-A-GB-3-6,2006-s7,A,2006-s7-A-GB,P0356,P0450,6,4,P0356,set-scores
2006-s7-A-GB-4-5,2006-s7,A,2006-s7-A-GB,P0278,P0060,7,3,P0278,set-scores
2006-s7-A-GB-4-6,2006-s7,A,2006-s7-A-GB,P0278,P0450,7,3,P0278,set-scores
2006-s7-A-GB-5-6,2006-s7,A,2006-s7-A-GB,P0060,P0450,7,3,P0060,set-scores
2006-s7-A-GC-0-1,2006-s7,A,2006-s7-A-GC,P0300,P0029,4,6,P0029,set-scores
2006-s7-A-GC-0-2,2006-s7,A,2006-s7-A-GC,P0300,P0321,4,6,P0321,set-scores
2006-s7-A-GC-0-3,2006-s7,A,2006-s7-A-GC,P0300,P0437,8,2,P0300,set-scores
2006-s7-A-GC-0-4,2006-s7,A,2006-s7-A-GC,P0300,P0501,6,4,P0300,set-scores
2006-s7-A-GC-0-5,2006-s7,A,2006-s7-A-GC,P0300,P0024,6,4,P0300,set-scores
2006-s7-A-GC-0-6,2006-s7,A,2006-s7-A-GC,P0300,P0378,8,2,P0300,set-scores
2006-s7-A-GC-1-2,2006-s7,A,2006-s7-A-GC,P0029,P0321,4,6,P0321,set-scores
2006-s7-A-GC-1-3,2006-s7,A,2006-s7-A-GC,P0029,P0437,4,6,P0437,set-scores
2006-s7-A-GC-1-5,2006-s7,A,2006-s7-A-GC,P0029,P0024,9,1,P0029,set-scores
2006-s7-A-GC-1-6,2006-s7,A,2006-s7-A-GC,P0029,P0378,5,5,,set-scores
2006-s7-A-GC-2-3,2006-s7,A,2006-s7-A-GC,P0321,P0437,7,3,P0321,set-scores
2006-s7-A-GC-2-4,2006-s7,A,2006-s7-A-GC,P0321,P0501,5,5,,set-scores
2006-s7-A-GC-2-5,2006-s7,A,2006-s7-A-GC,P0321,P0024,6,4,P0321,set-scores
2006-s7-A-GC-2-6,2006-s7,A,2006-s7-A-GC,P0321,P0378,4,6,P0378,set-scores
2006-s7-A-GC-3-4,2006-s7,A,2006-s7-A-GC,P0437,P0501,6,4,P0437,set-scores
2006-s7-A-GC-3-5,2006-s7,A,2006-s7-A-GC,P0437,P0024,3,7,P0024,set-scores
2006-s7-A-GC-3-6,2006-s7,A,2006-s7-A-GC,P0437,P0378,5,5,,set-scores
2006-s7-A-GC-4-6,2006-s7,A,2006-s7-A-GC,P0501,P0378,1,9,P0378,set-scores
2006-s7-A-GC-5-6,2006-s7,A,2006-s7-A-GC,P0024,P0378,2,8,P0378,set-scores
2006-s7-A-GD-0-1,2006-s7,A,2006-s7-A-GD,P0261,P0422,3,7,P0422,set-scores
2006-s7-A-GD-0-2,2006-s7,A,2006-s7-A-GD,P0261,P0653,2,8,P0653,set-scores
2006-s7-A-GD-0-3,2006-s7,A,2006-s7-A-GD,P0261,P0213,4,6,P0213,set-scores
2006-s7-A-GD-0-4,2006-s7,A,2006-s7-A-GD,P0261,P0630,10,0,P0261,set-scores
2006-s7-A-GD-0-5,2006-s7,A,2006-s7-A-GD,P0261,P0293,7,3,P0261,set-scores
2006-s7-A-GD-0-6,2006-s7,A,2006-s7-A-GD,P0261,P0359,4,6,P0359,set-scores
2006-s7-A-GD-1-2,2006-s7,A,2006-s7-A-GD,P0422,P0653,3,7,P0653,set-scores
2006-s7-A-GD-1-3,2006-s7,A,2006-s7-A-GD,P0422,P0213,7,3,P0422,set-scores
2006-s7-A-GD-1-4,2006-s7,A,2006-s7-A-GD,P0422,P0630,10,0,P0422,set-scores
2006-s7-A-GD-1-5,2006-s7,A,2006-s7-A-GD,P0422,P0293,9,1,P0422,set-scores
2006-s7-A-GD-1-6,2006-s7,A,2006-s7-A-GD,P0422,P0359,7,3,P0422,set-scores
2006-s7-A-GD-2-3,2006-s7,A,2006-s7-A-GD,P0653,P0213,6,4,P0653,set-scores
2006-s7-A-GD-2-4,2006-s7,A,2006-s7-A-GD,P0653,P0630,10,0,P0653,set-scores
2006-s7-A-GD-2-5,2006-s7,A,2006-s7-A-GD,P0653,P0293,8,2,P0653,set-scores
2006-s7-A-GD-2-6,2006-s7,A,2006-s7-A-GD,P0653,P0359,9,1,P0653,set-scores
2006-s7-A-GD-3-4,2006-s7,A,2006-s7-A-GD,P0213,P0630,10,0,P0213,set-scores
2006-s7-A-GD-3-5,2006-s7,A,2006-s7-A-GD,P0213,P0293,6,4,P0213,set-scores
2006-s7-A-GD-3-6,2006-s7,A,2006-s7-A-GD,P0213,P0359,6,4,P0213,set-scores
2006-s7-A-GD-4-5,2006-s7,A,2006-s7-A-GD,P0630,P0293,2,8,P0293,set-scores
2006-s7-A-GD-4-6,2006-s7,A,2006-s7-A-GD,P0630,P0359,4,6,P0359,set-scores
2006-s7-A-GD-5-6,2006-s7,A,2006-s7-A-GD,P0293,P0359,6,4,P0293,set-scores
2006-s7-A-GE-0-1,2006-s7,A,2006-s7-A-GE,P0178,P0616,4,6,P0616,set-scores
2006-s7-A-GE-0-2,2006-s7,A,2006-s7-A-GE,P0178,P0294,1,9,P0294,set-scores
2006-s7-A-GE-0-3,2006-s7,A,2006-s7-A-GE,P0178,P0075,7,3,P0178,set-scores
2006-s7-A-GE-0-4,2006-s7,A,2006-s7-A-GE,P0178,P0172,3,7,P0172,set-scores
2006-s7-A-GE-0-5,2006-s7,A,2006-s7-A-GE,P0178,P0204,0,10,P0204,set-scores
2006-s7-A-GE-0-6,2006-s7,A,2006-s7-A-GE,P0178,P0385,0,10,P0385,set-scores
2006-s7-A-GE-1-2,2006-s7,A,2006-s7-A-GE,P0616,P0294,6,4,P0616,set-scores
2006-s7-A-GE-1-3,2006-s7,A,2006-s7-A-GE,P0616,P0075,2,8,P0075,set-scores
2006-s7-A-GE-1-4,2006-s7,A,2006-s7-A-GE,P0616,P0172,6,4,P0616,set-scores
2006-s7-A-GE-1-5,2006-s7,A,2006-s7-A-GE,P0616,P0204,2,8,P0204,set-scores
2006-s7-A-GE-1-6,2006-s7,A,2006-s7-A-GE,P0616,P0385,3,7,P0385,set-scores
2006-s7-A-GE-2-3,2006-s7,A,2006-s7-A-GE,P0294,P0075,8,2,P0294,set-scores
2006-s7-A-GE-2-4,2006-s7,A,2006-s7-A-GE,P0294,P0172,4,6,P0172,set-scores
2006-s7-A-GE-2-5,2006-s7,A,2006-s7-A-GE,P0294,P0204,4,6,P0204,set-scores
2006-s7-A-GE-2-6,2006-s7,A,2006-s7-A-GE,P0294,P0385,4,6,P0385,set-scores
2006-s7-A-GE-3-4,2006-s7,A,2006-s7-A-GE,P0075,P0172,1,9,P0172,set-scores
2006-s7-A-GE-3-5,2006-s7,A,2006-s7-A-GE,P0075,P0204,4,6,P0204,set-scores
2006-s7-A-GE-3-6,2006-s7,A,2006-s7-A-GE,P0075,P0385,5,5,,set-scores
2006-s7-A-GE-4-5,2006-s7,A,2006-s7-A-GE,P0172,P0204,7,3,P0172,set-scores
2006-s7-A-GE-4-6,2006-s7,A,2006-s7-A-GE,P0172,P0385,4,6,P0385,set-scores
2006-s7-A-GE-5-6,2006-s7,A,2006-s7-A-GE,P0204,P0385,4,6,P0385,set-scores
2006-s7-A-GF-0-1,2006-s7,A,2006-s7-A-GF,P0427,P0167,6,4,P0427,set-scores
2006-s7-A-GF-0-2,2006-s7,A,2006-s7-A-GF,P0427,P0430,3,7,P0430,set-scores
2006-s7-A-GF-0-3,2006-s7,A,2006-s7-A-GF,P0427,P0565,8,2,P0427,set-scores
2006-s7-A-GF-0-4,2006-s7,A,2006-s7-A-GF,P0427,P0512,3,7,P0512,set-scores
2006-s7-A-GF-0-5,2006-s7,A,2006-s7-A-GF,P0427,P0215,6,4,P0427,set-scores
2006-s7-A-GF-0-6,2006-s7,A,2006-s7-A-GF,P0427,P0340,9,1,P0427,set-scores
2006-s7-A-GF-1-3,2006-s7,A,2006-s7-A-GF,P0167,P0565,4,6,P0565,set-scores
2006-s7-A-GF-1-4,2006-s7,A,2006-s7-A-GF,P0167,P0512,2,8,P0512,set-scores
2006-s7-A-GF-1-5,2006-s7,A,2006-s7-A-GF,P0167,P0215,4,6,P0215,set-scores
2006-s7-A-GF-1-6,2006-s7,A,2006-s7-A-GF,P0167,P0340,8,2,P0167,set-scores
2006-s7-A-GF-2-4,2006-s7,A,2006-s7-A-GF,P0430,P0512,4,6,P0512,set-scores
2006-s7-A-GF-2-6,2006-s7,A,2006-s7-A-GF,P0430,P0340,9,1,P0430,set-scores
2006-s7-A-GF-3-4,2006-s7,A,2006-s7-A-GF,P0565,P0512,3,7,P0512,set-scores
2006-s7-A-GF-3-6,2006-s7,A,2006-s7-A-GF,P0565,P0340,7,3,P0565,set-scores
2006-s7-A-GF-4-5,2006-s7,A,2006-s7-A-GF,P0512,P0215,5,5,,set-scores
2006-s7-A-GF-4-6,2006-s7,A,2006-s7-A-GF,P0512,P0340,10,0,P0512,set-scores
2006-s7-A-GF-5-6,2006-s7,A,2006-s7-A-GF,P0215,P0340,7,3,P0215,set-scores
2006-s7-A-GG-0-1,2006-s7,A,2006-s7-A-GG,P0239,P0270,2,8,P0270,set-scores
2006-s7-A-GG-0-2,2006-s7,A,2006-s7-A-GG,P0239,P0310,8,2,P0239,set-scores
2006-s7-A-GG-0-3,2006-s7,A,2006-s7-A-GG,P0239,P0186,7,3,P0239,set-scores
2006-s7-A-GG-0-4,2006-s7,A,2006-s7-A-GG,P0239,P0588,7,3,P0239,set-scores
2006-s7-A-GG-0-5,2006-s7,A,2006-s7-A-GG,P0239,P0051,9,1,P0239,set-scores
2006-s7-A-GG-0-6,2006-s7,A,2006-s7-A-GG,P0239,P0533,4,6,P0533,set-scores
2006-s7-A-GG-1-2,2006-s7,A,2006-s7-A-GG,P0270,P0310,6,4,P0270,set-scores
2006-s7-A-GG-1-3,2006-s7,A,2006-s7-A-GG,P0270,P0186,6,4,P0270,set-scores
2006-s7-A-GG-1-4,2006-s7,A,2006-s7-A-GG,P0270,P0588,6,4,P0270,set-scores
2006-s7-A-GG-1-5,2006-s7,A,2006-s7-A-GG,P0270,P0051,7,3,P0270,set-scores
2006-s7-A-GG-1-6,2006-s7,A,2006-s7-A-GG,P0270,P0533,4,6,P0533,set-scores
2006-s7-A-GG-2-4,2006-s7,A,2006-s7-A-GG,P0310,P0588,5,5,,set-scores
2006-s7-A-GG-3-4,2006-s7,A,2006-s7-A-GG,P0186,P0588,7,3,P0186,set-scores
2006-s7-A-GG-3-5,2006-s7,A,2006-s7-A-GG,P0186,P0051,9,1,P0186,set-scores
2006-s7-A-GG-3-6,2006-s7,A,2006-s7-A-GG,P0186,P0533,7,3,P0186,set-scores
2006-s7-A-GG-4-6,2006-s7,A,2006-s7-A-GG,P0588,P0533,8,2,P0588,set-scores
2006-s7-A-GG-5-6,2006-s7,A,2006-s7-A-GG,P0051,P0533,1,9,P0533,set-scores
2006-s7-A-GH-0-1,2006-s7,A,2006-s7-A-GH,P0342,P0493,2,8,P0493,set-scores
2006-s7-A-GH-0-2,2006-s7,A,2006-s7-A-GH,P0342,P0404,6,4,P0342,set-scores
2006-s7-A-GH-0-4,2006-s7,A,2006-s7-A-GH,P0342,P0434,6,4,P0342,set-scores
2006-s7-A-GH-0-5,2006-s7,A,2006-s7-A-GH,P0342,P0377,4,6,P0377,set-scores
2006-s7-A-GH-0-6,2006-s7,A,2006-s7-A-GH,P0342,P0076,2,8,P0076,set-scores
2006-s7-A-GH-1-2,2006-s7,A,2006-s7-A-GH,P0493,P0404,9,1,P0493,set-scores
2006-s7-A-GH-1-3,2006-s7,A,2006-s7-A-GH,P0493,P0234,6,4,P0493,set-scores
2006-s7-A-GH-1-4,2006-s7,A,2006-s7-A-GH,P0493,P0434,7,3,P0493,set-scores
2006-s7-A-GH-1-5,2006-s7,A,2006-s7-A-GH,P0493,P0377,6,4,P0493,set-scores
2006-s7-A-GH-1-6,2006-s7,A,2006-s7-A-GH,P0493,P0076,6,4,P0493,set-scores
2006-s7-A-GH-2-4,2006-s7,A,2006-s7-A-GH,P0404,P0434,6,4,P0404,set-scores
2006-s7-A-GH-2-5,2006-s7,A,2006-s7-A-GH,P0404,P0377,3,7,P0377,set-scores
2006-s7-A-GH-2-6,2006-s7,A,2006-s7-A-GH,P0404,P0076,2,8,P0076,set-scores
2006-s7-A-GH-3-4,2006-s7,A,2006-s7-A-GH,P0234,P0434,3,7,P0434,set-scores
2006-s7-A-GH-3-6,2006-s7,A,2006-s7-A-GH,P0234,P0076,4,6,P0076,set-scores
2006-s7-A-GH-4-5,2006-s7,A,2006-s7-A-GH,P0434,P0377,4,6,P0377,set-scores
2006-s7-A-GH-4-6,2006-s7,A,2006-s7-A-GH,P0434,P0076,8,2,P0434,set-scores
2006-s7-A-GH-5-6,2006-s7,A,2006-s7-A-GH,P0377,P0076,5,5,,set-scores
2006-s7-A-GI-0-1,2006-s7,A,2006-s7-A-GI,P0535,P0195,6,4,P0535,set-scores
2006-s7-A-GI-0-2,2006-s7,A,2006-s7-A-GI,P0535,P0250,6,4,P0535,set-scores
2006-s7-A-GI-0-3,2006-s7,A,2006-s7-A-GI,P0535,P0627,6,4,P0535,set-scores
2006-s7-A-GI-0-4,2006-s7,A,2006-s7-A-GI,P0535,P0615,10,0,P0535,set-scores
2006-s7-A-GI-0-5,2006-s7,A,2006-s7-A-GI,P0535,P0363,4,6,P0363,set-scores
2006-s7-A-GI-0-6,2006-s7,A,2006-s7-A-GI,P0535,P0205,3,7,P0205,set-scores
2006-s7-A-GI-1-2,2006-s7,A,2006-s7-A-GI,P0195,P0250,0,10,P0250,set-scores
2006-s7-A-GI-1-3,2006-s7,A,2006-s7-A-GI,P0195,P0627,4,6,P0627,set-scores
2006-s7-A-GI-1-5,2006-s7,A,2006-s7-A-GI,P0195,P0363,6,4,P0195,set-scores
2006-s7-A-GI-1-6,2006-s7,A,2006-s7-A-GI,P0195,P0205,0,10,P0205,set-scores
2006-s7-A-GI-2-4,2006-s7,A,2006-s7-A-GI,P0250,P0615,10,0,P0250,set-scores
2006-s7-A-GI-2-5,2006-s7,A,2006-s7-A-GI,P0250,P0363,4,6,P0363,set-scores
2006-s7-A-GI-2-6,2006-s7,A,2006-s7-A-GI,P0250,P0205,3,7,P0205,set-scores
2006-s7-A-GI-3-4,2006-s7,A,2006-s7-A-GI,P0627,P0615,2,8,P0615,set-scores
2006-s7-A-GI-3-5,2006-s7,A,2006-s7-A-GI,P0627,P0363,4,6,P0363,set-scores
2006-s7-A-GI-3-6,2006-s7,A,2006-s7-A-GI,P0627,P0205,2,8,P0205,set-scores
2006-s7-A-GI-5-6,2006-s7,A,2006-s7-A-GI,P0363,P0205,5,5,,set-scores
2006-s7-A-GJ-0-1,2006-s7,A,2006-s7-A-GJ,P0333,P0485,6,4,P0333,set-scores
2006-s7-A-GJ-0-2,2006-s7,A,2006-s7-A-GJ,P0333,P0581,6,4,P0333,set-scores
2006-s7-A-GJ-0-3,2006-s7,A,2006-s7-A-GJ,P0333,P0216,6,4,P0333,set-scores
2006-s7-A-GJ-0-4,2006-s7,A,2006-s7-A-GJ,P0333,P0464,10,0,P0333,set-scores
2006-s7-A-GJ-0-5,2006-s7,A,2006-s7-A-GJ,P0333,P0235,3,7,P0235,set-scores
2006-s7-A-GJ-0-6,2006-s7,A,2006-s7-A-GJ,P0333,P0192,4,6,P0192,set-scores
2006-s7-A-GJ-1-2,2006-s7,A,2006-s7-A-GJ,P0485,P0581,3,7,P0581,set-scores
2006-s7-A-GJ-1-3,2006-s7,A,2006-s7-A-GJ,P0485,P0216,4,6,P0216,set-scores
2006-s7-A-GJ-1-4,2006-s7,A,2006-s7-A-GJ,P0485,P0464,10,0,P0485,set-scores
2006-s7-A-GJ-1-5,2006-s7,A,2006-s7-A-GJ,P0485,P0235,3,7,P0235,set-scores
2006-s7-A-GJ-2-3,2006-s7,A,2006-s7-A-GJ,P0581,P0216,7,3,P0581,set-scores
2006-s7-A-GJ-2-4,2006-s7,A,2006-s7-A-GJ,P0581,P0464,8,2,P0581,set-scores
2006-s7-A-GJ-2-5,2006-s7,A,2006-s7-A-GJ,P0581,P0235,4,6,P0235,set-scores
2006-s7-A-GJ-2-6,2006-s7,A,2006-s7-A-GJ,P0581,P0192,4,6,P0192,set-scores
2006-s7-A-GJ-3-4,2006-s7,A,2006-s7-A-GJ,P0216,P0464,7,3,P0216,set-scores
2006-s7-A-GJ-3-5,2006-s7,A,2006-s7-A-GJ,P0216,P0235,3,7,P0235,set-scores
2006-s7-A-GJ-3-6,2006-s7,A,2006-s7-A-GJ,P0216,P0192,10,0,P0216,set-scores
2006-s7-A-GJ-4-5,2006-s7,A,2006-s7-A-GJ,P0464,P0235,0,10,P0235,set-scores
2006-s7-A-GJ-5-6,2006-s7,A,2006-s7-A-GJ,P0235,P0192,6,4,P0235,set-scores
2006-s7-A-GK-0-2,2006-s7,A,2006-s7-A-GK,P0497,P0247,3,7,P0247,set-scores
2006-s7-A-GK-0-3,2006-s7,A,2006-s7-A-GK,P0497,P0380,3,7,P0380,set-scores
2006-s7-A-GK-0-4,2006-s7,A,2006-s7-A-GK,P0497,P0463,10,0,P0497,set-scores
2006-s7-A-GK-0-5,2006-s7,A,2006-s7-A-GK,P0497,P0541,6,4,P0497,set-scores
2006-s7-A-GK-0-6,2006-s7,A,2006-s7-A-GK,P0497,P0418,2,8,P0418,set-scores
2006-s7-A-GK-1-2,2006-s7,A,2006-s7-A-GK,P0621,P0247,5,5,,set-scores
2006-s7-A-GK-1-3,2006-s7,A,2006-s7-A-GK,P0621,P0380,6,4,P0621,set-scores
2006-s7-A-GK-1-4,2006-s7,A,2006-s7-A-GK,P0621,P0463,10,0,P0621,set-scores
2006-s7-A-GK-2-3,2006-s7,A,2006-s7-A-GK,P0247,P0380,9,1,P0247,set-scores
2006-s7-A-GK-2-4,2006-s7,A,2006-s7-A-GK,P0247,P0463,10,0,P0247,set-scores
2006-s7-A-GK-2-5,2006-s7,A,2006-s7-A-GK,P0247,P0541,8,2,P0247,set-scores
2006-s7-A-GK-2-6,2006-s7,A,2006-s7-A-GK,P0247,P0418,4,6,P0418,set-scores
2006-s7-A-GK-3-4,2006-s7,A,2006-s7-A-GK,P0380,P0463,10,0,P0380,set-scores
2006-s7-A-GK-3-5,2006-s7,A,2006-s7-A-GK,P0380,P0541,3,7,P0541,set-scores
2006-s7-A-GK-3-6,2006-s7,A,2006-s7-A-GK,P0380,P0418,6,4,P0380,set-scores
2006-s7-A-GK-4-5,2006-s7,A,2006-s7-A-GK,P0463,P0541,0,10,P0541,set-scores
2006-s7-A-GK-4-6,2006-s7,A,2006-s7-A-GK,P0463,P0418,0,10,P0418,set-scores
2006-s7-A-GK-5-6,2006-s7,A,2006-s7-A-GK,P0541,P0418,8,2,P0541,set-scores
2006-s7-A-GL-0-1,2006-s7,A,2006-s7-A-GL,P0509,P0409,0,10,P0409,set-scores
2006-s7-A-GL-0-2,2006-s7,A,2006-s7-A-GL,P0509,P0383,0,10,P0383,set-scores
2006-s7-A-GL-0-3,2006-s7,A,2006-s7-A-GL,P0509,P0508,0,10,P0508,set-scores
2006-s7-A-GL-0-4,2006-s7,A,2006-s7-A-GL,P0509,P0440,0,10,P0440,set-scores
2006-s7-A-GL-0-5,2006-s7,A,2006-s7-A-GL,P0509,P0210,0,10,P0210,set-scores
2006-s7-A-GL-0-6,2006-s7,A,2006-s7-A-GL,P0509,P0622,0,10,P0622,set-scores
2006-s7-A-GL-1-2,2006-s7,A,2006-s7-A-GL,P0409,P0383,6,4,P0409,set-scores
2006-s7-A-GL-1-3,2006-s7,A,2006-s7-A-GL,P0409,P0508,8,2,P0409,set-scores
2006-s7-A-GL-1-4,2006-s7,A,2006-s7-A-GL,P0409,P0440,5,5,,set-scores
2006-s7-A-GL-1-5,2006-s7,A,2006-s7-A-GL,P0409,P0210,2,8,P0210,set-scores
2006-s7-A-GL-1-6,2006-s7,A,2006-s7-A-GL,P0409,P0622,6,4,P0409,set-scores
2006-s7-A-GL-2-3,2006-s7,A,2006-s7-A-GL,P0383,P0508,7,3,P0383,set-scores
2006-s7-A-GL-2-4,2006-s7,A,2006-s7-A-GL,P0383,P0440,3,7,P0440,set-scores
2006-s7-A-GL-2-5,2006-s7,A,2006-s7-A-GL,P0383,P0210,6,4,P0383,set-scores
2006-s7-A-GL-2-6,2006-s7,A,2006-s7-A-GL,P0383,P0622,4,6,P0622,set-scores
2006-s7-A-GL-3-4,2006-s7,A,2006-s7-A-GL,P0508,P0440,2,8,P0440,set-scores
2006-s7-A-GL-3-5,2006-s7,A,2006-s7-A-GL,P0508,P0210,4,6,P0210,set-scores
2006-s7-A-GL-3-6,2006-s7,A,2006-s7-A-GL,P0508,P0622,2,8,P0622,set-scores
2006-s7-A-GL-4-5,2006-s7,A,2006-s7-A-GL,P0440,P0210,9,1,P0440,set-scores
2006-s7-A-GL-4-6,2006-s7,A,2006-s7-A-GL,P0440,P0622,6,4,P0440,set-scores
2006-s7-A-GL-5-6,2006-s7,A,2006-s7-A-GL,P0210,P0622,5,5,,set-scores
2006-s7-B-GA-0-1,2006-s7,B,2006-s7-B-GA,P0307,P0217,4,6,P0217,set-scores
2006-s7-B-GA-0-2,2006-s7,B,2006-s7-B-GA,P0307,P0604,7,3,P0307,set-scores
2006-s7-B-GA-0-3,2006-s7,B,2006-s7-B-GA,P0307,P0347,8,2,P0307,set-scores
2006-s7-B-GA-0-4,2006-s7,B,2006-s7-B-GA,P0307,P0326,7,3,P0307,set-scores
2006-s7-B-GA-0-5,2006-s7,B,2006-s7-B-GA,P0307,P0591,6,4,P0307,set-scores
2006-s7-B-GA-0-6,2006-s7,B,2006-s7-B-GA,P0307,P0431,7,3,P0307,set-scores
2006-s7-B-GA-1-2,2006-s7,B,2006-s7-B-GA,P0217,P0604,9,1,P0217,set-scores
2006-s7-B-GA-1-3,2006-s7,B,2006-s7-B-GA,P0217,P0347,7,3,P0217,set-scores
2006-s7-B-GA-1-4,2006-s7,B,2006-s7-B-GA,P0217,P0326,6,4,P0217,set-scores
2006-s7-B-GA-1-5,2006-s7,B,2006-s7-B-GA,P0217,P0591,4,6,P0591,set-scores
2006-s7-B-GA-1-6,2006-s7,B,2006-s7-B-GA,P0217,P0431,8,2,P0217,set-scores
2006-s7-B-GA-2-3,2006-s7,B,2006-s7-B-GA,P0604,P0347,3,7,P0347,set-scores
2006-s7-B-GA-2-5,2006-s7,B,2006-s7-B-GA,P0604,P0591,2,8,P0591,set-scores
2006-s7-B-GA-2-6,2006-s7,B,2006-s7-B-GA,P0604,P0431,4,6,P0431,set-scores
2006-s7-B-GA-3-5,2006-s7,B,2006-s7-B-GA,P0347,P0591,3,7,P0591,set-scores
2006-s7-B-GA-3-6,2006-s7,B,2006-s7-B-GA,P0347,P0431,2,8,P0431,set-scores
2006-s7-B-GA-4-5,2006-s7,B,2006-s7-B-GA,P0326,P0591,3,7,P0591,set-scores
2006-s7-B-GA-4-6,2006-s7,B,2006-s7-B-GA,P0326,P0431,7,3,P0326,set-scores
2006-s7-B-GB-0-1,2006-s7,B,2006-s7-B-GB,P0601,P0313,4,6,P0313,set-scores
2006-s7-B-GB-0-2,2006-s7,B,2006-s7-B-GB,P0601,P0441,5,5,,set-scores
2006-s7-B-GB-0-3,2006-s7,B,2006-s7-B-GB,P0601,P0304,6,4,P0601,set-scores
2006-s7-B-GB-0-4,2006-s7,B,2006-s7-B-GB,P0601,P0219,4,6,P0219,set-scores
2006-s7-B-GB-0-5,2006-s7,B,2006-s7-B-GB,P0601,P0159,5,5,,set-scores
2006-s7-B-GB-0-6,2006-s7,B,2006-s7-B-GB,P0601,P0484,3,7,P0484,set-scores
2006-s7-B-GB-1-2,2006-s7,B,2006-s7-B-GB,P0313,P0441,6,4,P0313,set-scores
2006-s7-B-GB-1-3,2006-s7,B,2006-s7-B-GB,P0313,P0304,10,0,P0313,set-scores
2006-s7-B-GB-1-4,2006-s7,B,2006-s7-B-GB,P0313,P0219,4,6,P0219,set-scores
2006-s7-B-GB-1-5,2006-s7,B,2006-s7-B-GB,P0313,P0159,4,6,P0159,set-scores
2006-s7-B-GB-1-6,2006-s7,B,2006-s7-B-GB,P0313,P0484,4,6,P0484,set-scores
2006-s7-B-GB-2-3,2006-s7,B,2006-s7-B-GB,P0441,P0304,10,0,P0441,set-scores
2006-s7-B-GB-2-4,2006-s7,B,2006-s7-B-GB,P0441,P0219,5,5,,set-scores
2006-s7-B-GB-2-5,2006-s7,B,2006-s7-B-GB,P0441,P0159,6,4,P0441,set-scores
2006-s7-B-GB-2-6,2006-s7,B,2006-s7-B-GB,P0441,P0484,5,5,,set-scores
2006-s7-B-GB-3-4,2006-s7,B,2006-s7-B-GB,P0304,P0219,1,9,P0219,set-scores
2006-s7-B-GB-3-5,2006-s7,B,2006-s7-B-GB,P0304,P0159,4,6,P0159,set-scores
2006-s7-B-GB-3-6,2006-s7,B,2006-s7-B-GB,P0304,P0484,0,10,P0484,set-scores
2006-s7-B-GB-4-5,2006-s7,B,2006-s7-B-GB,P0219,P0159,2,8,P0159,set-scores
2006-s7-B-GB-4-6,2006-s7,B,2006-s7-B-GB,P0219,P0484,4,6,P0484,set-scores
2006-s7-B-GB-5-6,2006-s7,B,2006-s7-B-GB,P0159,P0484,6,4,P0159,set-scores
2006-s7-B-GC-0-1,2006-s7,B,2006-s7-B-GC,P0408,P0371,0,10,P0371,set-scores
2006-s7-B-GC-0-2,2006-s7,B,2006-s7-B-GC,P0408,P0230,3,7,P0230,set-scores
2006-s7-B-GC-0-3,2006-s7,B,2006-s7-B-GC,P0408,P0414,10,0,P0408,set-scores
2006-s7-B-GC-0-4,2006-s7,B,2006-s7-B-GC,P0408,P0203,10,0,P0408,set-scores
2006-s7-B-GC-0-5,2006-s7,B,2006-s7-B-GC,P0408,P0296,0,10,P0296,set-scores
2006-s7-B-GC-0-6,2006-s7,B,2006-s7-B-GC,P0408,P0009,1,9,P0009,set-scores
2006-s7-B-GC-1-2,2006-s7,B,2006-s7-B-GC,P0371,P0230,7,3,P0371,set-scores
2006-s7-B-GC-1-3,2006-s7,B,2006-s7-B-GC,P0371,P0414,8,2,P0371,set-scores
2006-s7-B-GC-1-4,2006-s7,B,2006-s7-B-GC,P0371,P0203,7,3,P0371,set-scores
2006-s7-B-GC-1-5,2006-s7,B,2006-s7-B-GC,P0371,P0296,6,4,P0371,set-scores
2006-s7-B-GC-1-6,2006-s7,B,2006-s7-B-GC,P0371,P0009,6,4,P0371,set-scores
2006-s7-B-GC-2-3,2006-s7,B,2006-s7-B-GC,P0230,P0414,10,0,P0230,set-scores
2006-s7-B-GC-2-4,2006-s7,B,2006-s7-B-GC,P0230,P0203,8,2,P0230,set-scores
2006-s7-B-GC-2-5,2006-s7,B,2006-s7-B-GC,P0230,P0296,3,7,P0296,set-scores
2006-s7-B-GC-2-6,2006-s7,B,2006-s7-B-GC,P0230,P0009,3,7,P0009,set-scores
2006-s7-B-GC-3-4,2006-s7,B,2006-s7-B-GC,P0414,P0203,0,10,P0203,set-scores
2006-s7-B-GC-3-5,2006-s7,B,2006-s7-B-GC,P0414,P0296,0,10,P0296,set-scores
2006-s7-B-GC-3-6,2006-s7,B,2006-s7-B-GC,P0414,P0009,1,9,P0009,set-scores
2006-s7-B-GC-4-5,2006-s7,B,2006-s7-B-GC,P0203,P0296,4,6,P0296,set-scores
2006-s7-B-GC-4-6,2006-s7,B,2006-s7-B-GC,P0203,P0009,3,7,P0009,set-scores
2006-s7-B-GC-5-6,2006-s7,B,2006-s7-B-GC,P0296,P0009,5,5,,set-scores
2006-s7-B-GD-0-1,2006-s7,B,2006-s7-B-GD,P0538,P0453,7,3,P0538,set-scores
2006-s7-B-GD-0-2,2006-s7,B,2006-s7-B-GD,P0538,P0498,4,6,P0498,set-scores
2006-s7-B-GD-0-3,2006-s7,B,2006-s7-B-GD,P0538,P0550,0,10,P0550,set-scores
2006-s7-B-GD-0-4,2006-s7,B,2006-s7-B-GD,P0538,P0266,6,4,P0538,set-scores
2006-s7-B-GD-0-5,2006-s7,B,2006-s7-B-GD,P0538,P0223,1,9,P0223,set-scores
2006-s7-B-GD-0-6,2006-s7,B,2006-s7-B-GD,P0538,P0626,6,4,P0538,set-scores
2006-s7-B-GD-1-2,2006-s7,B,2006-s7-B-GD,P0453,P0498,4,6,P0498,set-scores
2006-s7-B-GD-1-3,2006-s7,B,2006-s7-B-GD,P0453,P0550,1,9,P0550,set-scores
2006-s7-B-GD-1-5,2006-s7,B,2006-s7-B-GD,P0453,P0223,2,8,P0223,set-scores
2006-s7-B-GD-2-3,2006-s7,B,2006-s7-B-GD,P0498,P0550,1,9,P0550,set-scores
2006-s7-B-GD-2-4,2006-s7,B,2006-s7-B-GD,P0498,P0266,5,5,,set-scores
2006-s7-B-GD-2-5,2006-s7,B,2006-s7-B-GD,P0498,P0223,3,7,P0223,set-scores
2006-s7-B-GD-2-6,2006-s7,B,2006-s7-B-GD,P0498,P0626,4,6,P0626,set-scores
2006-s7-B-GD-3-4,2006-s7,B,2006-s7-B-GD,P0550,P0266,7,3,P0550,set-scores
2006-s7-B-GD-3-5,2006-s7,B,2006-s7-B-GD,P0550,P0223,5,5,,set-scores
2006-s7-B-GD-3-6,2006-s7,B,2006-s7-B-GD,P0550,P0626,8,2,P0550,set-scores
2006-s7-B-GD-4-5,2006-s7,B,2006-s7-B-GD,P0266,P0223,1,9,P0223,set-scores
2006-s7-B-GD-5-6,2006-s7,B,2006-s7-B-GD,P0223,P0626,7,3,P0223,set-scores
2006-s7-B-GE-0-1,2006-s7,B,2006-s7-B-GE,P0452,P0241,6,4,P0452,set-scores
2006-s7-B-GE-0-2,2006-s7,B,2006-s7-B-GE,P0452,P0396,10,0,P0452,set-scores
2006-s7-B-GE-0-3,2006-s7,B,2006-s7-B-GE,P0452,P0344,5,5,,set-scores
2006-s7-B-GE-0-4,2006-s7,B,2006-s7-B-GE,P0452,P0327,3,7,P0327,set-scores
2006-s7-B-GE-0-5,2006-s7,B,2006-s7-B-GE,P0452,P0339,4,6,P0339,set-scores
2006-s7-B-GE-0-6,2006-s7,B,2006-s7-B-GE,P0452,P0424,2,8,P0424,set-scores
2006-s7-B-GE-1-2,2006-s7,B,2006-s7-B-GE,P0241,P0396,10,0,P0241,set-scores
2006-s7-B-GE-1-3,2006-s7,B,2006-s7-B-GE,P0241,P0344,4,6,P0344,set-scores
2006-s7-B-GE-1-4,2006-s7,B,2006-s7-B-GE,P0241,P0327,5,5,,set-scores
2006-s7-B-GE-1-5,2006-s7,B,2006-s7-B-GE,P0241,P0339,7,3,P0241,set-scores
2006-s7-B-GE-2-3,2006-s7,B,2006-s7-B-GE,P0396,P0344,2,8,P0344,set-scores
2006-s7-B-GE-2-4,2006-s7,B,2006-s7-B-GE,P0396,P0327,0,10,P0327,set-scores
2006-s7-B-GE-2-5,2006-s7,B,2006-s7-B-GE,P0396,P0339,0,10,P0339,set-scores
2006-s7-B-GE-2-6,2006-s7,B,2006-s7-B-GE,P0396,P0424,0,10,P0424,set-scores
2006-s7-B-GE-3-4,2006-s7,B,2006-s7-B-GE,P0344,P0327,6,4,P0344,set-scores
2006-s7-B-GE-3-5,2006-s7,B,2006-s7-B-GE,P0344,P0339,6,4,P0344,set-scores
2006-s7-B-GE-4-5,2006-s7,B,2006-s7-B-GE,P0327,P0339,7,3,P0327,set-scores
2006-s7-B-GE-4-6,2006-s7,B,2006-s7-B-GE,P0327,P0424,10,0,P0327,set-scores
2006-s7-B-GF-0-1,2006-s7,B,2006-s7-B-GF,P0282,P0447,4,6,P0447,set-scores
2006-s7-B-GF-0-2,2006-s7,B,2006-s7-B-GF,P0282,P0465,0,10,P0465,set-scores
2006-s7-B-GF-0-3,2006-s7,B,2006-s7-B-GF,P0282,P0438,7,3,P0282,set-scores
2006-s7-B-GF-0-4,2006-s7,B,2006-s7-B-GF,P0282,P0222,6,4,P0282,set-scores
2006-s7-B-GF-0-5,2006-s7,B,2006-s7-B-GF,P0282,P0544,5,5,,set-scores
2006-s7-B-GF-0-6,2006-s7,B,2006-s7-B-GF,P0282,P0273,4,6,P0273,set-scores
2006-s7-B-GF-1-2,2006-s7,B,2006-s7-B-GF,P0447,P0465,8,2,P0447,set-scores
2006-s7-B-GF-1-3,2006-s7,B,2006-s7-B-GF,P0447,P0438,4,6,P0438,set-scores
2006-s7-B-GF-1-4,2006-s7,B,2006-s7-B-GF,P0447,P0222,8,2,P0447,set-scores
2006-s7-B-GF-1-5,2006-s7,B,2006-s7-B-GF,P0447,P0544,8,2,P0447,set-scores
2006-s7-B-GF-1-6,2006-s7,B,2006-s7-B-GF,P0447,P0273,7,3,P0447,set-scores
2006-s7-B-GF-2-3,2006-s7,B,2006-s7-B-GF,P0465,P0438,6,4,P0465,set-scores
2006-s7-B-GF-2-4,2006-s7,B,2006-s7-B-GF,P0465,P0222,6,4,P0465,set-scores
2006-s7-B-GF-2-5,2006-s7,B,2006-s7-B-GF,P0465,P0544,10,0,P0465,set-scores
2006-s7-B-GF-2-6,2006-s7,B,2006-s7-B-GF,P0465,P0273,3,7,P0273,set-scores
2006-s7-B-GF-3-4,2006-s7,B,2006-s7-B-GF,P0438,P0222,5,5,,set-scores
2006-s7-B-GF-3-5,2006-s7,B,2006-s7-B-GF,P0438,P0544,5,5,,set-scores
2006-s7-B-GF-4-5,2006-s7,B,2006-s7-B-GF,P0222,P0544,1,9,P0544,set-scores
2006-s7-B-GF-4-6,2006-s7,B,2006-s7-B-GF,P0222,P0273,1,9,P0273,set-scores
2006-s7-B-GF-5-6,2006-s7,B,2006-s7-B-GF,P0544,P0273,4,6,P0273,set-scores
2006-s7-B-GG-0-1,2006-s7,B,2006-s7-B-GG,P0284,P0302,2,8,P0302,set-scores
2006-s7-B-GG-0-3,2006-s7,B,2006-s7-B-GG,P0284,P0315,6,4,P0284,set-scores
2006-s7-B-GG-0-4,2006-s7,B,2006-s7-B-GG,P0284,P0196,3,7,P0196,set-scores
2006-s7-B-GG-0-5,2006-s7,B,2006-s7-B-GG,P0284,P0240,4,6,P0240,set-scores
2006-s7-B-GG-0-6,2006-s7,B,2006-s7-B-GG,P0284,P0491,2,8,P0491,set-scores
2006-s7-B-GG-1-2,2006-s7,B,2006-s7-B-GG,P0302,P0190,6,4,P0302,set-scores
2006-s7-B-GG-1-3,2006-s7,B,2006-s7-B-GG,P0302,P0315,7,3,P0302,set-scores
2006-s7-B-GG-1-4,2006-s7,B,2006-s7-B-GG,P0302,P0196,8,2,P0302,set-scores
2006-s7-B-GG-1-5,2006-s7,B,2006-s7-B-GG,P0302,P0240,4,6,P0240,set-scores
2006-s7-B-GG-1-6,2006-s7,B,2006-s7-B-GG,P0302,P0491,7,3,P0302,set-scores
2006-s7-B-GG-2-4,2006-s7,B,2006-s7-B-GG,P0190,P0196,0,10,P0196,set-scores
2006-s7-B-GG-2-5,2006-s7,B,2006-s7-B-GG,P0190,P0240,1,9,P0240,set-scores
2006-s7-B-GG-2-6,2006-s7,B,2006-s7-B-GG,P0190,P0491,0,10,P0491,set-scores
2006-s7-B-GG-3-4,2006-s7,B,2006-s7-B-GG,P0315,P0196,2,8,P0196,set-scores
2006-s7-B-GG-3-5,2006-s7,B,2006-s7-B-GG,P0315,P0240,3,7,P0240,set-scores
2006-s7-B-GG-3-6,2006-s7,B,2006-s7-B-GG,P0315,P0491,2,8,P0491,set-scores
2006-s7-B-GG-4-5,2006-s7,B,2006-s7-B-GG,P0196,P0240,3,7,P0240,set-scores
2006-s7-B-GG-4-6,2006-s7,B,2006-s7-B-GG,P0196,P0491,6,4,P0196,set-scores
2006-s7-B-GG-5-6,2006-s7,B,2006-s7-B-GG,P0240,P0491,6,4,P0240,set-scores
2007-s1-A-GA-0-1,2007-s1,A,2007-s1-A-GA,P0385,P0235,4,6,P0235,games-tally
2007-s1-A-GA-0-2,2007-s1,A,2007-s1-A-GA,P0385,P0776,7,3,P0385,games-tally
2007-s1-A-GA-0-3,2007-s1,A,2007-s1-A-GA,P0385,P0808,6,4,P0385,games-tally
2007-s1-A-GA-0-4,2007-s1,A,2007-s1-A-GA,P0385,P0007,5,5,,games-tally
2007-s1-A-GA-0-5,2007-s1,A,2007-s1-A-GA,P0385,P0297,4,6,P0297,games-tally
2007-s1-A-GA-0-6,2007-s1,A,2007-s1-A-GA,P0385,P0863,8,2,P0385,games-tally
2007-s1-A-GA-1-2,2007-s1,A,2007-s1-A-GA,P0235,P0776,8,2,P0235,games-tally
2007-s1-A-GA-1-3,2007-s1,A,2007-s1-A-GA,P0235,P0808,4,6,P0808,games-tally
2007-s1-A-GA-1-4,2007-s1,A,2007-s1-A-GA,P0235,P0007,4,6,P0007,games-tally
2007-s1-A-GA-1-5,2007-s1,A,2007-s1-A-GA,P0235,P0297,10,0,P0235,games-tally
2007-s1-A-GA-2-3,2007-s1,A,2007-s1-A-GA,P0776,P0808,1,9,P0808,games-tally
2007-s1-A-GA-2-4,2007-s1,A,2007-s1-A-GA,P0776,P0007,7,3,P0776,games-tally
2007-s1-A-GA-2-5,2007-s1,A,2007-s1-A-GA,P0776,P0297,6,4,P0776,games-tally
2007-s1-A-GA-2-6,2007-s1,A,2007-s1-A-GA,P0776,P0863,6,4,P0776,games-tally
2007-s1-A-GA-3-4,2007-s1,A,2007-s1-A-GA,P0808,P0007,6,4,P0808,games-tally
2007-s1-A-GA-3-5,2007-s1,A,2007-s1-A-GA,P0808,P0297,5,5,,games-tally
2007-s1-A-GA-3-6,2007-s1,A,2007-s1-A-GA,P0808,P0863,9,1,P0808,games-tally
2007-s1-A-GA-4-5,2007-s1,A,2007-s1-A-GA,P0007,P0297,10,0,P0007,games-tally
2007-s1-A-GA-4-6,2007-s1,A,2007-s1-A-GA,P0007,P0863,7,3,P0007,games-tally
2007-s1-A-GA-5-6,2007-s1,A,2007-s1-A-GA,P0297,P0863,6,4,P0297,games-tally
2007-s1-A-GB-0-1,2007-s1,A,2007-s1-A-GB,P0029,P0655,5,5,,games-tally
2007-s1-A-GB-0-2,2007-s1,A,2007-s1-A-GB,P0029,P0076,6,4,P0029,games-tally
2007-s1-A-GB-0-3,2007-s1,A,2007-s1-A-GB,P0029,P0710,10,0,P0029,games-tally
2007-s1-A-GB-0-4,2007-s1,A,2007-s1-A-GB,P0029,P0925,5,5,,games-tally
2007-s1-A-GB-0-5,2007-s1,A,2007-s1-A-GB,P0029,P0653,3,7,P0653,games-tally
2007-s1-A-GB-0-6,2007-s1,A,2007-s1-A-GB,P0029,P0609,8,2,P0029,games-tally
2007-s1-A-GB-1-2,2007-s1,A,2007-s1-A-GB,P0655,P0076,4,6,P0076,games-tally
2007-s1-A-GB-1-3,2007-s1,A,2007-s1-A-GB,P0655,P0710,5,5,,games-tally
2007-s1-A-GB-1-4,2007-s1,A,2007-s1-A-GB,P0655,P0925,5,5,,games-tally
2007-s1-A-GB-1-5,2007-s1,A,2007-s1-A-GB,P0655,P0653,10,0,P0655,games-tally
2007-s1-A-GB-1-6,2007-s1,A,2007-s1-A-GB,P0655,P0609,6,4,P0655,games-tally
2007-s1-A-GB-2-3,2007-s1,A,2007-s1-A-GB,P0076,P0710,4,6,P0710,games-tally
2007-s1-A-GB-2-4,2007-s1,A,2007-s1-A-GB,P0076,P0925,10,0,P0076,games-tally
2007-s1-A-GB-2-5,2007-s1,A,2007-s1-A-GB,P0076,P0653,7,3,P0076,games-tally
2007-s1-A-GB-2-6,2007-s1,A,2007-s1-A-GB,P0076,P0609,10,0,P0076,games-tally
2007-s1-A-GB-3-5,2007-s1,A,2007-s1-A-GB,P0710,P0653,5,5,,games-tally
2007-s1-A-GB-4-5,2007-s1,A,2007-s1-A-GB,P0925,P0653,4,6,P0653,games-tally
2007-s1-A-GB-4-6,2007-s1,A,2007-s1-A-GB,P0925,P0609,6,4,P0925,games-tally
2007-s1-A-GB-5-6,2007-s1,A,2007-s1-A-GB,P0653,P0609,5,5,,games-tally
2007-s1-A-GC-0-1,2007-s1,A,2007-s1-A-GC,P0239,P0258,6,4,P0239,games-tally
2007-s1-A-GC-0-2,2007-s1,A,2007-s1-A-GC,P0239,P0259,8,2,P0239,games-tally
2007-s1-A-GC-0-3,2007-s1,A,2007-s1-A-GC,P0239,P0697,10,0,P0239,games-tally
2007-s1-A-GC-0-4,2007-s1,A,2007-s1-A-GC,P0239,P0659,7,3,P0239,games-tally
2007-s1-A-GC-0-5,2007-s1,A,2007-s1-A-GC,P0239,P0271,10,0,P0239,games-tally
2007-s1-A-GC-0-6,2007-s1,A,2007-s1-A-GC,P0239,P0812,6,4,P0239,games-tally
2007-s1-A-GC-1-2,2007-s1,A,2007-s1-A-GC,P0258,P0259,6,4,P0258,games-tally
2007-s1-A-GC-1-3,2007-s1,A,2007-s1-A-GC,P0258,P0697,5,5,,games-tally
2007-s1-A-GC-1-4,2007-s1,A,2007-s1-A-GC,P0258,P0659,7,3,P0258,games-tally
2007-s1-A-GC-1-5,2007-s1,A,2007-s1-A-GC,P0258,P0271,6,4,P0258,games-tally
2007-s1-A-GC-1-6,2007-s1,A,2007-s1-A-GC,P0258,P0812,1,9,P0812,games-tally
2007-s1-A-GC-2-3,2007-s1,A,2007-s1-A-GC,P0259,P0697,6,4,P0259,games-tally
2007-s1-A-GC-2-4,2007-s1,A,2007-s1-A-GC,P0259,P0659,5,5,,games-tally
2007-s1-A-GC-2-5,2007-s1,A,2007-s1-A-GC,P0259,P0271,10,0,P0259,games-tally
2007-s1-A-GC-2-6,2007-s1,A,2007-s1-A-GC,P0259,P0812,2,8,P0812,games-tally
2007-s1-A-GC-3-4,2007-s1,A,2007-s1-A-GC,P0697,P0659,7,3,P0697,games-tally
2007-s1-A-GC-3-5,2007-s1,A,2007-s1-A-GC,P0697,P0271,10,0,P0697,games-tally
2007-s1-A-GC-3-6,2007-s1,A,2007-s1-A-GC,P0697,P0812,8,2,P0697,games-tally
2007-s1-A-GC-4-5,2007-s1,A,2007-s1-A-GC,P0659,P0271,3,7,P0271,games-tally
2007-s1-A-GC-4-6,2007-s1,A,2007-s1-A-GC,P0659,P0812,4,6,P0812,games-tally
2007-s1-A-GC-5-6,2007-s1,A,2007-s1-A-GC,P0271,P0812,3,7,P0812,games-tally
2007-s1-A-GD-0-1,2007-s1,A,2007-s1-A-GD,P0024,P0411,3,7,P0411,games-tally
2007-s1-A-GD-0-2,2007-s1,A,2007-s1-A-GD,P0024,P0223,4,6,P0223,games-tally
2007-s1-A-GD-0-3,2007-s1,A,2007-s1-A-GD,P0024,P0493,1,9,P0493,games-tally
2007-s1-A-GD-0-4,2007-s1,A,2007-s1-A-GD,P0024,P0484,5,5,,games-tally
2007-s1-A-GD-0-5,2007-s1,A,2007-s1-A-GD,P0024,P0240,4,6,P0240,games-tally
2007-s1-A-GD-0-6,2007-s1,A,2007-s1-A-GD,P0024,P0073,4,6,P0073,games-tally
2007-s1-A-GD-1-2,2007-s1,A,2007-s1-A-GD,P0411,P0223,6,4,P0411,games-tally
2007-s1-A-GD-1-3,2007-s1,A,2007-s1-A-GD,P0411,P0493,5,5,,games-tally
2007-s1-A-GD-1-4,2007-s1,A,2007-s1-A-GD,P0411,P0484,6,4,P0411,games-tally
2007-s1-A-GD-1-5,2007-s1,A,2007-s1-A-GD,P0411,P0240,6,4,P0411,games-tally
2007-s1-A-GD-1-6,2007-s1,A,2007-s1-A-GD,P0411,P0073,6,4,P0411,games-tally
2007-s1-A-GD-2-3,2007-s1,A,2007-s1-A-GD,P0223,P0493,4,6,P0493,games-tally
2007-s1-A-GD-2-4,2007-s1,A,2007-s1-A-GD,P0223,P0484,6,4,P0223,games-tally
2007-s1-A-GD-2-5,2007-s1,A,2007-s1-A-GD,P0223,P0240,6,4,P0223,games-tally
2007-s1-A-GD-2-6,2007-s1,A,2007-s1-A-GD,P0223,P0073,4,6,P0073,games-tally
2007-s1-A-GD-3-4,2007-s1,A,2007-s1-A-GD,P0493,P0484,4,6,P0484,games-tally
2007-s1-A-GD-3-5,2007-s1,A,2007-s1-A-GD,P0493,P0240,6,4,P0493,games-tally
2007-s1-A-GD-3-6,2007-s1,A,2007-s1-A-GD,P0493,P0073,4,6,P0073,games-tally
2007-s1-A-GD-4-5,2007-s1,A,2007-s1-A-GD,P0484,P0240,6,4,P0484,games-tally
2007-s1-A-GD-4-6,2007-s1,A,2007-s1-A-GD,P0484,P0073,6,4,P0484,games-tally
2007-s1-A-GD-5-6,2007-s1,A,2007-s1-A-GD,P0240,P0073,2,8,P0073,games-tally
2007-s1-A-GE-0-1,2007-s1,A,2007-s1-A-GE,P0300,P0378,6,4,P0300,games-tally
2007-s1-A-GE-0-2,2007-s1,A,2007-s1-A-GE,P0300,P0172,3,7,P0172,games-tally
2007-s1-A-GE-0-3,2007-s1,A,2007-s1-A-GE,P0300,P0800,4,6,P0800,games-tally
2007-s1-A-GE-0-4,2007-s1,A,2007-s1-A-GE,P0300,P0430,4,6,P0430,games-tally
2007-s1-A-GE-0-5,2007-s1,A,2007-s1-A-GE,P0300,P0321,6,4,P0300,games-tally
2007-s1-A-GE-0-6,2007-s1,A,2007-s1-A-GE,P0300,P0140,6,4,P0300,games-tally
2007-s1-A-GE-1-2,2007-s1,A,2007-s1-A-GE,P0378,P0172,3,7,P0172,games-tally
2007-s1-A-GE-1-3,2007-s1,A,2007-s1-A-GE,P0378,P0800,6,4,P0378,games-tally
2007-s1-A-GE-1-4,2007-s1,A,2007-s1-A-GE,P0378,P0430,3,7,P0430,games-tally
2007-s1-A-GE-1-5,2007-s1,A,2007-s1-A-GE,P0378,P0321,2,8,P0321,games-tally
2007-s1-A-GE-2-3,2007-s1,A,2007-s1-A-GE,P0172,P0800,9,1,P0172,games-tally
2007-s1-A-GE-2-4,2007-s1,A,2007-s1-A-GE,P0172,P0430,4,6,P0430,games-tally
2007-s1-A-GE-2-5,2007-s1,A,2007-s1-A-GE,P0172,P0321,5,5,,games-tally
2007-s1-A-GE-2-6,2007-s1,A,2007-s1-A-GE,P0172,P0140,8,2,P0172,games-tally
2007-s1-A-GE-3-4,2007-s1,A,2007-s1-A-GE,P0800,P0430,8,2,P0800,games-tally
2007-s1-A-GE-3-5,2007-s1,A,2007-s1-A-GE,P0800,P0321,4,6,P0321,games-tally
2007-s1-A-GE-3-6,2007-s1,A,2007-s1-A-GE,P0800,P0140,4,6,P0140,games-tally
2007-s1-A-GE-4-5,2007-s1,A,2007-s1-A-GE,P0430,P0321,6,4,P0430,games-tally
2007-s1-A-GE-4-6,2007-s1,A,2007-s1-A-GE,P0430,P0140,7,3,P0430,games-tally
2007-s1-A-GE-5-6,2007-s1,A,2007-s1-A-GE,P0321,P0140,6,4,P0321,games-tally
2007-s1-A-GF-0-1,2007-s1,A,2007-s1-A-GF,P0333,P0359,7,3,P0333,games-tally
2007-s1-A-GF-0-2,2007-s1,A,2007-s1-A-GF,P0333,P0018,4,6,P0018,games-tally
2007-s1-A-GF-0-3,2007-s1,A,2007-s1-A-GF,P0333,P0541,10,0,P0333,games-tally
2007-s1-A-GF-0-4,2007-s1,A,2007-s1-A-GF,P0333,P0383,10,0,P0333,games-tally
2007-s1-A-GF-0-5,2007-s1,A,2007-s1-A-GF,P0333,P0166,6,4,P0333,games-tally
2007-s1-A-GF-0-6,2007-s1,A,2007-s1-A-GF,P0333,P0939,4,6,P0939,games-tally
2007-s1-A-GF-1-2,2007-s1,A,2007-s1-A-GF,P0359,P0018,4,6,P0018,games-tally
2007-s1-A-GF-1-3,2007-s1,A,2007-s1-A-GF,P0359,P0541,4,6,P0541,games-tally
2007-s1-A-GF-1-5,2007-s1,A,2007-s1-A-GF,P0359,P0166,3,7,P0166,games-tally
2007-s1-A-GF-1-6,2007-s1,A,2007-s1-A-GF,P0359,P0939,0,10,P0939,games-tally
2007-s1-A-GF-2-3,2007-s1,A,2007-s1-A-GF,P0018,P0541,10,0,P0018,games-tally
2007-s1-A-GF-2-4,2007-s1,A,2007-s1-A-GF,P0018,P0383,6,4,P0018,games-tally
2007-s1-A-GF-2-5,2007-s1,A,2007-s1-A-GF,P0018,P0166,5,5,,games-tally
2007-s1-A-GF-2-6,2007-s1,A,2007-s1-A-GF,P0018,P0939,5,5,,games-tally
2007-s1-A-GF-3-5,2007-s1,A,2007-s1-A-GF,P0541,P0166,4,6,P0166,games-tally
2007-s1-A-GF-3-6,2007-s1,A,2007-s1-A-GF,P0541,P0939,7,3,P0541,games-tally
2007-s1-A-GF-4-5,2007-s1,A,2007-s1-A-GF,P0383,P0166,7,3,P0383,games-tally
2007-s1-A-GF-4-6,2007-s1,A,2007-s1-A-GF,P0383,P0939,4,6,P0939,games-tally
2007-s1-A-GF-5-6,2007-s1,A,2007-s1-A-GF,P0166,P0939,3,7,P0939,games-tally
2007-s1-A-GG-0-1,2007-s1,A,2007-s1-A-GG,P0205,P0788,7,3,P0205,games-tally
2007-s1-A-GG-0-2,2007-s1,A,2007-s1-A-GG,P0205,P0512,4,6,P0512,games-tally
2007-s1-A-GG-0-3,2007-s1,A,2007-s1-A-GG,P0205,P0666,6,4,P0205,games-tally
2007-s1-A-GG-0-4,2007-s1,A,2007-s1-A-GG,P0205,P0250,4,6,P0250,games-tally
2007-s1-A-GG-0-5,2007-s1,A,2007-s1-A-GG,P0205,P0616,6,4,P0205,games-tally
2007-s1-A-GG-0-6,2007-s1,A,2007-s1-A-GG,P0205,P0717,6,4,P0205,games-tally
2007-s1-A-GG-1-2,2007-s1,A,2007-s1-A-GG,P0788,P0512,4,6,P0512,games-tally
2007-s1-A-GG-1-3,2007-s1,A,2007-s1-A-GG,P0788,P0666,6,4,P0788,games-tally
2007-s1-A-GG-1-4,2007-s1,A,2007-s1-A-GG,P0788,P0250,2,8,P0250,games-tally
2007-s1-A-GG-1-5,2007-s1,A,2007-s1-A-GG,P0788,P0616,7,3,P0788,games-tally
2007-s1-A-GG-1-6,2007-s1,A,2007-s1-A-GG,P0788,P0717,4,6,P0717,games-tally
2007-s1-A-GG-2-3,2007-s1,A,2007-s1-A-GG,P0512,P0666,6,4,P0512,games-tally
2007-s1-A-GG-2-4,2007-s1,A,2007-s1-A-GG,P0512,P0250,5,5,,games-tally
2007-s1-A-GG-2-5,2007-s1,A,2007-s1-A-GG,P0512,P0616,6,4,P0512,games-tally
2007-s1-A-GG-2-6,2007-s1,A,2007-s1-A-GG,P0512,P0717,6,4,P0512,games-tally
2007-s1-A-GG-3-4,2007-s1,A,2007-s1-A-GG,P0666,P0250,3,7,P0250,games-tally
2007-s1-A-GG-3-5,2007-s1,A,2007-s1-A-GG,P0666,P0616,8,2,P0666,games-tally
2007-s1-A-GG-3-6,2007-s1,A,2007-s1-A-GG,P0666,P0717,4,6,P0717,games-tally
2007-s1-A-GG-4-5,2007-s1,A,2007-s1-A-GG,P0250,P0616,7,3,P0250,games-tally
2007-s1-A-GG-4-6,2007-s1,A,2007-s1-A-GG,P0250,P0717,4,6,P0717,games-tally
2007-s1-A-GG-5-6,2007-s1,A,2007-s1-A-GG,P0616,P0717,4,6,P0717,games-tally
2007-s1-A-GH-0-1,2007-s1,A,2007-s1-A-GH,P0270,P0418,6,4,P0270,games-tally
2007-s1-A-GH-0-2,2007-s1,A,2007-s1-A-GH,P0270,P0363,6,4,P0270,games-tally
2007-s1-A-GH-0-3,2007-s1,A,2007-s1-A-GH,P0270,P0261,4,6,P0261,games-tally
2007-s1-A-GH-0-4,2007-s1,A,2007-s1-A-GH,P0270,P0617,5,5,,games-tally
2007-s1-A-GH-0-5,2007-s1,A,2007-s1-A-GH,P0270,P0682,6,4,P0270,games-tally
2007-s1-A-GH-0-6,2007-s1,A,2007-s1-A-GH,P0270,P0427,4,6,P0427,games-tally
2007-s1-A-GH-1-2,2007-s1,A,2007-s1-A-GH,P0418,P0363,1,9,P0363,games-tally
2007-s1-A-GH-1-3,2007-s1,A,2007-s1-A-GH,P0418,P0261,2,8,P0261,games-tally
2007-s1-A-GH-1-4,2007-s1,A,2007-s1-A-GH,P0418,P0617,3,7,P0617,games-tally
2007-s1-A-GH-1-5,2007-s1,A,2007-s1-A-GH,P0418,P0682,3,7,P0682,games-tally
2007-s1-A-GH-1-6,2007-s1,A,2007-s1-A-GH,P0418,P0427,0,10,P0427,games-tally
2007-s1-A-GH-2-3,2007-s1,A,2007-s1-A-GH,P0363,P0261,5,5,,games-tally
2007-s1-A-GH-2-4,2007-s1,A,2007-s1-A-GH,P0363,P0617,4,6,P0617,games-tally
2007-s1-A-GH-2-5,2007-s1,A,2007-s1-A-GH,P0363,P0682,8,2,P0363,games-tally
2007-s1-A-GH-2-6,2007-s1,A,2007-s1-A-GH,P0363,P0427,6,4,P0363,games-tally
2007-s1-A-GH-3-4,2007-s1,A,2007-s1-A-GH,P0261,P0617,4,6,P0617,games-tally
2007-s1-A-GH-3-5,2007-s1,A,2007-s1-A-GH,P0261,P0682,7,3,P0261,games-tally
2007-s1-A-GH-3-6,2007-s1,A,2007-s1-A-GH,P0261,P0427,6,4,P0261,games-tally
2007-s1-A-GH-4-5,2007-s1,A,2007-s1-A-GH,P0617,P0682,4,6,P0682,games-tally
2007-s1-A-GH-4-6,2007-s1,A,2007-s1-A-GH,P0617,P0427,3,7,P0427,games-tally
2007-s1-A-GH-5-6,2007-s1,A,2007-s1-A-GH,P0682,P0427,8,2,P0682,games-tally
2007-s1-A-GI-0-1,2007-s1,A,2007-s1-A-GI,P0242,P0440,4,6,P0440,games-tally
2007-s1-A-GI-0-3,2007-s1,A,2007-s1-A-GI,P0242,P0853,4,6,P0853,games-tally
2007-s1-A-GI-0-4,2007-s1,A,2007-s1-A-GI,P0242,P0897,5,5,,games-tally
2007-s1-A-GI-0-6,2007-s1,A,2007-s1-A-GI,P0242,P0878,7,3,P0242,games-tally
2007-s1-A-GI-1-2,2007-s1,A,2007-s1-A-GI,P0440,P0246,4,6,P0246,games-tally
2007-s1-A-GI-1-3,2007-s1,A,2007-s1-A-GI,P0440,P0853,0,10,P0853,games-tally
2007-s1-A-GI-1-4,2007-s1,A,2007-s1-A-GI,P0440,P0897,9,1,P0440,games-tally
2007-s1-A-GI-1-5,2007-s1,A,2007-s1-A-GI,P0440,P0588,6,4,P0440,games-tally
2007-s1-A-GI-1-6,2007-s1,A,2007-s1-A-GI,P0440,P0878,5,5,,games-tally
2007-s1-A-GI-2-3,2007-s1,A,2007-s1-A-GI,P0246,P0853,2,8,P0853,games-tally
2007-s1-A-GI-2-4,2007-s1,A,2007-s1-A-GI,P0246,P0897,3,7,P0897,games-tally
2007-s1-A-GI-2-5,2007-s1,A,2007-s1-A-GI,P0246,P0588,8,2,P0246,games-tally
2007-s1-A-GI-2-6,2007-s1,A,2007-s1-A-GI,P0246,P0878,7,3,P0246,games-tally
2007-s1-A-GI-3-4,2007-s1,A,2007-s1-A-GI,P0853,P0897,9,1,P0853,games-tally
2007-s1-A-GI-3-5,2007-s1,A,2007-s1-A-GI,P0853,P0588,8,2,P0853,games-tally
2007-s1-A-GI-3-6,2007-s1,A,2007-s1-A-GI,P0853,P0878,10,0,P0853,games-tally
2007-s1-A-GI-4-5,2007-s1,A,2007-s1-A-GI,P0897,P0588,6,4,P0897,games-tally
2007-s1-A-GI-4-6,2007-s1,A,2007-s1-A-GI,P0897,P0878,7,3,P0897,games-tally
2007-s1-A-GI-5-6,2007-s1,A,2007-s1-A-GI,P0588,P0878,4,6,P0878,games-tally
2007-s1-B-GA-0-1,2007-s1,B,2007-s1-B-GA,P0068,P0770,6,4,P0068,games-tally
2007-s1-B-GA-0-2,2007-s1,B,2007-s1-B-GA,P0068,P0340,4,6,P0340,games-tally
2007-s1-B-GA-0-3,2007-s1,B,2007-s1-B-GA,P0068,P0809,6,4,P0068,games-tally
2007-s1-B-GA-0-4,2007-s1,B,2007-s1-B-GA,P0068,P0508,7,3,P0068,games-tally
2007-s1-B-GA-0-6,2007-s1,B,2007-s1-B-GA,P0068,P0938,5,5,,games-tally
2007-s1-B-GA-1-2,2007-s1,B,2007-s1-B-GA,P0770,P0340,6,4,P0770,games-tally
2007-s1-B-GA-1-3,2007-s1,B,2007-s1-B-GA,P0770,P0809,2,8,P0809,games-tally
2007-s1-B-GA-1-4,2007-s1,B,2007-s1-B-GA,P0770,P0508,2,8,P0508,games-tally
2007-s1-B-GA-1-6,2007-s1,B,2007-s1-B-GA,P0770,P0938,4,6,P0938,games-tally
2007-s1-B-GA-2-3,2007-s1,B,2007-s1-B-GA,P0340,P0809,4,6,P0809,games-tally
2007-s1-B-GA-2-4,2007-s1,B,2007-s1-B-GA,P0340,P0508,3,7,P0508,games-tally
2007-s1-B-GA-2-5,2007-s1,B,2007-s1-B-GA,P0340,P0558,6,5,P0340,games-tally
2007-s1-B-GA-2-6,2007-s1,B,2007-s1-B-GA,P0340,P0938,1,9,P0938,games-tally
2007-s1-B-GA-3-4,2007-s1,B,2007-s1-B-GA,P0809,P0508,6,4,P0809,games-tally
2007-s1-B-GA-3-5,2007-s1,B,2007-s1-B-GA,P0809,P0558,9,1,P0809,games-tally
2007-s1-B-GA-3-6,2007-s1,B,2007-s1-B-GA,P0809,P0938,3,7,P0938,games-tally
2007-s1-B-GA-4-5,2007-s1,B,2007-s1-B-GA,P0508,P0558,3,7,P0558,games-tally
2007-s1-B-GA-4-6,2007-s1,B,2007-s1-B-GA,P0508,P0938,2,8,P0938,games-tally
2007-s1-B-GA-5-6,2007-s1,B,2007-s1-B-GA,P0558,P0938,4,6,P0938,games-tally
2007-s1-B-GB-0-1,2007-s1,B,2007-s1-B-GB,P0917,P0648,7,3,P0917,games-tally
2007-s1-B-GB-0-2,2007-s1,B,2007-s1-B-GB,P0917,P0693,1,9,P0693,games-tally
2007-s1-B-GB-0-3,2007-s1,B,2007-s1-B-GB,P0917,P0307,10,0,P0917,games-tally
2007-s1-B-GB-0-4,2007-s1,B,2007-s1-B-GB,P0917,P0183,7,3,P0917,games-tally
2007-s1-B-GB-0-5,2007-s1,B,2007-s1-B-GB,P0917,P0441,6,4,P0917,games-tally
2007-s1-B-GB-0-6,2007-s1,B,2007-s1-B-GB,P0917,P0467,4,6,P0467,games-tally
2007-s1-B-GB-1-2,2007-s1,B,2007-s1-B-GB,P0648,P0693,3,7,P0693,games-tally
2007-s1-B-GB-1-3,2007-s1,B,2007-s1-B-GB,P0648,P0307,3,7,P0307,games-tally
2007-s1-B-GB-1-4,2007-s1,B,2007-s1-B-GB,P0648,P0183,10,0,P0648,games-tally
2007-s1-B-GB-1-5,2007-s1,B,2007-s1-B-GB,P0648,P0441,6,4,P0648,games-tally
2007-s1-B-GB-1-6,2007-s1,B,2007-s1-B-GB,P0648,P0467,3,7,P0467,games-tally
2007-s1-B-GB-2-3,2007-s1,B,2007-s1-B-GB,P0693,P0307,3,7,P0307,games-tally
2007-s1-B-GB-2-4,2007-s1,B,2007-s1-B-GB,P0693,P0183,5,5,,games-tally
2007-s1-B-GB-2-5,2007-s1,B,2007-s1-B-GB,P0693,P0441,5,5,,games-tally
2007-s1-B-GB-2-6,2007-s1,B,2007-s1-B-GB,P0693,P0467,6,4,P0693,games-tally
2007-s1-B-GB-3-4,2007-s1,B,2007-s1-B-GB,P0307,P0183,2,8,P0183,games-tally
2007-s1-B-GB-3-5,2007-s1,B,2007-s1-B-GB,P0307,P0441,6,4,P0307,games-tally
2007-s1-B-GB-3-6,2007-s1,B,2007-s1-B-GB,P0307,P0467,6,4,P0307,games-tally
2007-s1-B-GB-4-5,2007-s1,B,2007-s1-B-GB,P0183,P0441,7,3,P0183,games-tally
2007-s1-B-GB-4-6,2007-s1,B,2007-s1-B-GB,P0183,P0467,3,7,P0467,games-tally
2007-s1-B-GB-5-6,2007-s1,B,2007-s1-B-GB,P0441,P0467,4,6,P0467,games-tally
2007-s1-B-GC-0-1,2007-s1,B,2007-s1-B-GC,P0296,P0821,6,4,P0296,games-tally
2007-s1-B-GC-0-2,2007-s1,B,2007-s1-B-GC,P0296,P0491,6,4,P0296,games-tally
2007-s1-B-GC-0-3,2007-s1,B,2007-s1-B-GC,P0296,P0766,6,4,P0296,games-tally
2007-s1-B-GC-0-4,2007-s1,B,2007-s1-B-GC,P0296,P0485,4,6,P0485,games-tally
2007-s1-B-GC-0-5,2007-s1,B,2007-s1-B-GC,P0296,P0698,8,2,P0296,games-tally
2007-s1-B-GC-0-6,2007-s1,B,2007-s1-B-GC,P0296,P0876,4,6,P0876,games-tally
2007-s1-B-GC-1-3,2007-s1,B,2007-s1-B-GC,P0821,P0766,7,3,P0821,games-tally
2007-s1-B-GC-1-4,2007-s1,B,2007-s1-B-GC,P0821,P0485,6,4,P0821,games-tally
2007-s1-B-GC-1-5,2007-s1,B,2007-s1-B-GC,P0821,P0698,7,3,P0821,games-tally
2007-s1-B-GC-1-6,2007-s1,B,2007-s1-B-GC,P0821,P0876,4,6,P0876,games-tally
2007-s1-B-GC-2-3,2007-s1,B,2007-s1-B-GC,P0491,P0766,7,4,P0491,games-tally
2007-s1-B-GC-2-4,2007-s1,B,2007-s1-B-GC,P0491,P0485,5,5,,games-tally
2007-s1-B-GC-2-5,2007-s1,B,2007-s1-B-GC,P0491,P0698,5,5,,games-tally
2007-s1-B-GC-2-6,2007-s1,B,2007-s1-B-GC,P0491,P0876,2,8,P0876,games-tally
2007-s1-B-GC-3-5,2007-s1,B,2007-s1-B-GC,P0766,P0698,1,9,P0698,games-tally
2007-s1-B-GC-3-6,2007-s1,B,2007-s1-B-GC,P0766,P0876,2,8,P0876,games-tally
2007-s1-B-GC-4-5,2007-s1,B,2007-s1-B-GC,P0485,P0698,6,4,P0485,games-tally
2007-s1-B-GC-4-6,2007-s1,B,2007-s1-B-GC,P0485,P0876,4,6,P0876,games-tally
2007-s1-B-GC-5-6,2007-s1,B,2007-s1-B-GC,P0698,P0876,6,4,P0698,games-tally
2007-s1-B-GD-0-1,2007-s1,B,2007-s1-B-GD,P0695,P0872,7,3,P0695,games-tally
2007-s1-B-GD-0-3,2007-s1,B,2007-s1-B-GD,P0695,P0842,6,4,P0695,games-tally
2007-s1-B-GD-0-4,2007-s1,B,2007-s1-B-GD,P0695,P0591,3,7,P0591,games-tally
2007-s1-B-GD-0-5,2007-s1,B,2007-s1-B-GD,P0695,P0665,7,3,P0695,games-tally
2007-s1-B-GD-0-6,2007-s1,B,2007-s1-B-GD,P0695,P0663,5,5,,games-tally
2007-s1-B-GD-1-3,2007-s1,B,2007-s1-B-GD,P0872,P0842,7,3,P0872,games-tally
2007-s1-B-GD-1-4,2007-s1,B,2007-s1-B-GD,P0872,P0591,3,7,P0591,games-tally
2007-s1-B-GD-1-5,2007-s1,B,2007-s1-B-GD,P0872,P0665,4,6,P0665,games-tally
2007-s1-B-GD-1-6,2007-s1,B,2007-s1-B-GD,P0872,P0663,10,0,P0872,games-tally
2007-s1-B-GD-2-3,2007-s1,B,2007-s1-B-GD,P0887,P0842,7,3,P0887,games-tally
2007-s1-B-GD-2-4,2007-s1,B,2007-s1-B-GD,P0887,P0591,0,10,P0591,games-tally
2007-s1-B-GD-2-5,2007-s1,B,2007-s1-B-GD,P0887,P0665,8,2,P0887,games-tally
2007-s1-B-GD-2-6,2007-s1,B,2007-s1-B-GD,P0887,P0663,9,1,P0887,games-tally
2007-s1-B-GD-3-4,2007-s1,B,2007-s1-B-GD,P0842,P0591,0,10,P0591,games-tally
2007-s1-B-GD-3-5,2007-s1,B,2007-s1-B-GD,P0842,P0665,4,6,P0665,games-tally
2007-s1-B-GD-3-6,2007-s1,B,2007-s1-B-GD,P0842,P0663,4,6,P0663,games-tally
2007-s1-B-GD-4-5,2007-s1,B,2007-s1-B-GD,P0591,P0665,7,3,P0591,games-tally
2007-s1-B-GD-4-6,2007-s1,B,2007-s1-B-GD,P0591,P0663,4,6,P0663,games-tally
2007-s1-B-GD-5-6,2007-s1,B,2007-s1-B-GD,P0665,P0663,6,4,P0665,games-tally
2007-s1-B-GE-0-1,2007-s1,B,2007-s1-B-GE,P0404,P0217,6,4,P0404,games-tally
2007-s1-B-GE-0-2,2007-s1,B,2007-s1-B-GE,P0404,P0795,4,6,P0795,games-tally
2007-s1-B-GE-0-3,2007-s1,B,2007-s1-B-GE,P0404,P0731,6,4,P0404,games-tally
2007-s1-B-GE-0-4,2007-s1,B,2007-s1-B-GE,P0404,P0673,7,3,P0404,games-tally
2007-s1-B-GE-0-5,2007-s1,B,2007-s1-B-GE,P0404,P0813,7,3,P0404,games-tally
2007-s1-B-GE-0-6,2007-s1,B,2007-s1-B-GE,P0404,P0835,5,5,,games-tally
2007-s1-B-GE-1-2,2007-s1,B,2007-s1-B-GE,P0217,P0795,6,4,P0217,games-tally
2007-s1-B-GE-1-3,2007-s1,B,2007-s1-B-GE,P0217,P0731,0,10,P0731,games-tally
2007-s1-B-GE-1-4,2007-s1,B,2007-s1-B-GE,P0217,P0673,6,4,P0217,games-tally
2007-s1-B-GE-1-5,2007-s1,B,2007-s1-B-GE,P0217,P0813,7,3,P0217,games-tally
2007-s1-B-GE-1-6,2007-s1,B,2007-s1-B-GE,P0217,P0835,4,6,P0835,games-tally
2007-s1-B-GE-2-3,2007-s1,B,2007-s1-B-GE,P0795,P0731,3,7,P0731,games-tally
2007-s1-B-GE-2-4,2007-s1,B,2007-s1-B-GE,P0795,P0673,10,0,P0795,games-tally
2007-s1-B-GE-2-5,2007-s1,B,2007-s1-B-GE,P0795,P0813,3,7,P0813,games-tally
2007-s1-B-GE-2-6,2007-s1,B,2007-s1-B-GE,P0795,P0835,8,2,P0795,games-tally
2007-s1-B-GE-3-4,2007-s1,B,2007-s1-B-GE,P0731,P0673,6,4,P0731,games-tally
2007-s1-B-GE-3-5,2007-s1,B,2007-s1-B-GE,P0731,P0813,0,10,P0813,games-tally
2007-s1-B-GE-3-6,2007-s1,B,2007-s1-B-GE,P0731,P0835,7,3,P0731,games-tally
2007-s1-B-GE-4-5,2007-s1,B,2007-s1-B-GE,P0673,P0813,0,10,P0813,games-tally
2007-s1-B-GE-4-6,2007-s1,B,2007-s1-B-GE,P0673,P0835,6,4,P0673,games-tally
2007-s1-B-GE-5-6,2007-s1,B,2007-s1-B-GE,P0813,P0835,6,4,P0813,games-tally
2007-s1-B-GF-0-1,2007-s1,B,2007-s1-B-GF,P0315,P0913,4,6,P0913,games-tally
2007-s1-B-GF-0-2,2007-s1,B,2007-s1-B-GF,P0315,P0683,7,3,P0315,games-tally
2007-s1-B-GF-0-3,2007-s1,B,2007-s1-B-GF,P0315,P0344,4,6,P0344,games-tally
2007-s1-B-GF-0-4,2007-s1,B,2007-s1-B-GF,P0315,P0819,6,4,P0315,games-tally
2007-s1-B-GF-0-5,2007-s1,B,2007-s1-B-GF,P0315,P0465,6,4,P0315,games-tally
2007-s1-B-GF-0-6,2007-s1,B,2007-s1-B-GF,P0315,P0126,6,4,P0315,games-tally
2007-s1-B-GF-1-2,2007-s1,B,2007-s1-B-GF,P0913,P0683,8,2,P0913,games-tally
2007-s1-B-GF-1-3,2007-s1,B,2007-s1-B-GF,P0913,P0344,4,6,P0344,games-tally
2007-s1-B-GF-1-4,2007-s1,B,2007-s1-B-GF,P0913,P0819,4,6,P0819,games-tally
2007-s1-B-GF-1-5,2007-s1,B,2007-s1-B-GF,P0913,P0465,9,1,P0913,games-tally
2007-s1-B-GF-1-6,2007-s1,B,2007-s1-B-GF,P0913,P0126,5,5,,games-tally
2007-s1-B-GF-2-3,2007-s1,B,2007-s1-B-GF,P0683,P0344,0,10,P0344,games-tally
2007-s1-B-GF-2-4,2007-s1,B,2007-s1-B-GF,P0683,P0819,0,10,P0819,games-tally
2007-s1-B-GF-2-5,2007-s1,B,2007-s1-B-GF,P0683,P0465,5,5,,games-tally
2007-s1-B-GF-2-6,2007-s1,B,2007-s1-B-GF,P0683,P0126,0,10,P0126,games-tally
2007-s1-B-GF-3-4,2007-s1,B,2007-s1-B-GF,P0344,P0819,2,8,P0819,games-tally
2007-s1-B-GF-3-5,2007-s1,B,2007-s1-B-GF,P0344,P0465,4,6,P0465,games-tally
2007-s1-B-GF-3-6,2007-s1,B,2007-s1-B-GF,P0344,P0126,7,3,P0344,games-tally
2007-s1-B-GF-4-5,2007-s1,B,2007-s1-B-GF,P0819,P0465,5,5,,games-tally
2007-s1-B-GF-4-6,2007-s1,B,2007-s1-B-GF,P0819,P0126,6,4,P0819,games-tally
2007-s1-B-GF-5-6,2007-s1,B,2007-s1-B-GF,P0465,P0126,3,7,P0126,games-tally
2007-s1-B-GG-0-2,2007-s1,B,2007-s1-B-GG,P0009,P0241,10,0,P0009,games-tally
2007-s1-B-GG-0-4,2007-s1,B,2007-s1-B-GG,P0009,P0447,3,7,P0447,games-tally
2007-s1-B-GG-0-5,2007-s1,B,2007-s1-B-GG,P0009,P0327,4,6,P0327,games-tally
2007-s1-B-GG-1-2,2007-s1,B,2007-s1-B-GG,P0822,P0241,6,4,P0822,games-tally
2007-s1-B-GG-1-5,2007-s1,B,2007-s1-B-GG,P0822,P0327,3,7,P0327,games-tally
2007-s1-B-GG-2-3,2007-s1,B,2007-s1-B-GG,P0241,P0831,4,6,P0831,games-tally
2007-s1-B-GG-2-4,2007-s1,B,2007-s1-B-GG,P0241,P0447,3,7,P0447,games-tally
2007-s1-B-GG-2-5,2007-s1,B,2007-s1-B-GG,P0241,P0327,4,6,P0327,games-tally
2007-s1-B-GG-3-4,2007-s1,B,2007-s1-B-GG,P0831,P0447,6,4,P0831,games-tally
2007-s1-B-GG-3-5,2007-s1,B,2007-s1-B-GG,P0831,P0327,7,3,P0831,games-tally
2007-s1-B-GG-4-5,2007-s1,B,2007-s1-B-GG,P0447,P0327,6,4,P0447,games-tally
2007-s1-B-GG-4-6,2007-s1,B,2007-s1-B-GG,P0447,P0914,3,7,P0914,games-tally
2007-s1-B-GG-5-6,2007-s1,B,2007-s1-B-GG,P0327,P0914,7,3,P0327,games-tally
2007-s1-B-GH-0-1,2007-s1,B,2007-s1-B-GH,P0741,P0771,3,7,P0771,games-tally
2007-s1-B-GH-0-2,2007-s1,B,2007-s1-B-GH,P0741,P0452,5,5,,games-tally
2007-s1-B-GH-0-3,2007-s1,B,2007-s1-B-GH,P0741,P0932,5,5,,games-tally
2007-s1-B-GH-0-4,2007-s1,B,2007-s1-B-GH,P0741,P0051,5,5,,games-tally
2007-s1-B-GH-0-5,2007-s1,B,2007-s1-B-GH,P0741,P0544,5,5,,games-tally
2007-s1-B-GH-0-6,2007-s1,B,2007-s1-B-GH,P0741,P0772,7,3,P0741,games-tally
2007-s1-B-GH-1-2,2007-s1,B,2007-s1-B-GH,P0771,P0452,5,5,,games-tally
2007-s1-B-GH-1-3,2007-s1,B,2007-s1-B-GH,P0771,P0932,3,7,P0932,games-tally
2007-s1-B-GH-1-4,2007-s1,B,2007-s1-B-GH,P0771,P0051,7,3,P0771,games-tally
2007-s1-B-GH-1-5,2007-s1,B,2007-s1-B-GH,P0771,P0544,2,8,P0544,games-tally
2007-s1-B-GH-1-6,2007-s1,B,2007-s1-B-GH,P0771,P0772,7,3,P0771,games-tally
2007-s1-B-GH-2-4,2007-s1,B,2007-s1-B-GH,P0452,P0051,6,4,P0452,games-tally
2007-s1-B-GH-2-5,2007-s1,B,2007-s1-B-GH,P0452,P0544,4,6,P0544,games-tally
2007-s1-B-GH-2-6,2007-s1,B,2007-s1-B-GH,P0452,P0772,7,3,P0452,games-tally
2007-s1-B-GH-3-4,2007-s1,B,2007-s1-B-GH,P0932,P0051,2,8,P0051,games-tally
2007-s1-B-GH-3-5,2007-s1,B,2007-s1-B-GH,P0932,P0544,6,4,P0932,games-tally
2007-s1-B-GH-3-6,2007-s1,B,2007-s1-B-GH,P0932,P0772,5,5,,games-tally
2007-s1-B-GH-4-5,2007-s1,B,2007-s1-B-GH,P0051,P0544,3,7,P0544,games-tally
2007-s1-B-GH-4-6,2007-s1,B,2007-s1-B-GH,P0051,P0772,9,1,P0051,games-tally
2007-s1-B-GH-5-6,2007-s1,B,2007-s1-B-GH,P0544,P0772,6,4,P0544,games-tally
2007-s1-B-GI-0-1,2007-s1,B,2007-s1-B-GI,P0667,P0431,2,8,P0431,games-tally
2007-s1-B-GI-0-2,2007-s1,B,2007-s1-B-GI,P0667,P0763,1,9,P0763,games-tally
2007-s1-B-GI-0-3,2007-s1,B,2007-s1-B-GI,P0667,P0406,6,4,P0667,games-tally
2007-s1-B-GI-0-4,2007-s1,B,2007-s1-B-GI,P0667,P0862,3,7,P0862,games-tally
2007-s1-B-GI-0-5,2007-s1,B,2007-s1-B-GI,P0667,P0514,3,7,P0514,games-tally
2007-s1-B-GI-0-6,2007-s1,B,2007-s1-B-GI,P0667,P0742,3,7,P0742,games-tally
2007-s1-B-GI-1-2,2007-s1,B,2007-s1-B-GI,P0431,P0763,3,7,P0763,games-tally
2007-s1-B-GI-1-3,2007-s1,B,2007-s1-B-GI,P0431,P0406,8,2,P0431,games-tally
2007-s1-B-GI-1-4,2007-s1,B,2007-s1-B-GI,P0431,P0862,8,2,P0431,games-tally
2007-s1-B-GI-1-5,2007-s1,B,2007-s1-B-GI,P0431,P0514,2,8,P0514,games-tally
2007-s1-B-GI-1-6,2007-s1,B,2007-s1-B-GI,P0431,P0742,6,4,P0431,games-tally
2007-s1-B-GI-2-3,2007-s1,B,2007-s1-B-GI,P0763,P0406,0,10,P0406,games-tally
2007-s1-B-GI-2-4,2007-s1,B,2007-s1-B-GI,P0763,P0862,0,10,P0862,games-tally
2007-s1-B-GI-2-5,2007-s1,B,2007-s1-B-GI,P0763,P0514,8,2,P0763,games-tally
2007-s1-B-GI-2-6,2007-s1,B,2007-s1-B-GI,P0763,P0742,9,1,P0763,games-tally
2007-s1-B-GI-3-4,2007-s1,B,2007-s1-B-GI,P0406,P0862,0,10,P0862,games-tally
2007-s1-B-GI-3-5,2007-s1,B,2007-s1-B-GI,P0406,P0514,1,9,P0514,games-tally
2007-s1-B-GI-3-6,2007-s1,B,2007-s1-B-GI,P0406,P0742,4,6,P0742,games-tally
2007-s1-B-GI-4-5,2007-s1,B,2007-s1-B-GI,P0862,P0514,2,8,P0514,games-tally
2007-s1-B-GI-4-6,2007-s1,B,2007-s1-B-GI,P0862,P0742,6,4,P0862,games-tally
2007-s1-B-GI-5-6,2007-s1,B,2007-s1-B-GI,P0514,P0742,6,4,P0514,games-tally
2007-s2-A-GA-0-1,2007-s2,A,2007-s2-A-GA,P0920,P0843,6,4,P0920,set-scores
2007-s2-A-GA-0-2,2007-s2,A,2007-s2-A-GA,P0920,P0223,6,4,P0920,set-scores
2007-s2-A-GA-0-3,2007-s2,A,2007-s2-A-GA,P0920,P0363,6,4,P0920,set-scores
2007-s2-A-GA-0-5,2007-s2,A,2007-s2-A-GA,P0920,P0905,10,0,P0920,set-scores
2007-s2-A-GA-0-6,2007-s2,A,2007-s2-A-GA,P0920,P0491,2,8,P0491,set-scores
2007-s2-A-GA-1-2,2007-s2,A,2007-s2-A-GA,P0843,P0223,8,2,P0843,set-scores
2007-s2-A-GA-1-3,2007-s2,A,2007-s2-A-GA,P0843,P0363,3,7,P0363,set-scores
2007-s2-A-GA-1-4,2007-s2,A,2007-s2-A-GA,P0843,P0140,4,6,P0140,set-scores
2007-s2-A-GA-1-5,2007-s2,A,2007-s2-A-GA,P0843,P0905,5,5,,set-scores
2007-s2-A-GA-1-6,2007-s2,A,2007-s2-A-GA,P0843,P0491,6,4,P0843,set-scores
2007-s2-A-GA-2-3,2007-s2,A,2007-s2-A-GA,P0223,P0363,4,6,P0363,set-scores
2007-s2-A-GA-2-4,2007-s2,A,2007-s2-A-GA,P0223,P0140,6,4,P0223,set-scores
2007-s2-A-GA-2-5,2007-s2,A,2007-s2-A-GA,P0223,P0905,7,3,P0223,set-scores
2007-s2-A-GA-2-6,2007-s2,A,2007-s2-A-GA,P0223,P0491,4,6,P0491,set-scores
2007-s2-A-GA-3-4,2007-s2,A,2007-s2-A-GA,P0363,P0140,2,8,P0140,set-scores
2007-s2-A-GA-3-5,2007-s2,A,2007-s2-A-GA,P0363,P0905,5,5,,set-scores
2007-s2-A-GA-3-6,2007-s2,A,2007-s2-A-GA,P0363,P0491,8,2,P0363,set-scores
2007-s2-A-GA-4-5,2007-s2,A,2007-s2-A-GA,P0140,P0905,4,6,P0905,set-scores
2007-s2-A-GA-4-6,2007-s2,A,2007-s2-A-GA,P0140,P0491,5,5,,set-scores
2007-s2-A-GA-5-6,2007-s2,A,2007-s2-A-GA,P0905,P0491,6,4,P0905,set-scores
2007-s2-A-GB-0-1,2007-s2,A,2007-s2-A-GB,P0385,P0362,6,4,P0385,set-scores
2007-s2-A-GB-0-2,2007-s2,A,2007-s2-A-GB,P0385,P0029,3,7,P0029,set-scores
2007-s2-A-GB-0-3,2007-s2,A,2007-s2-A-GB,P0385,P0617,5,5,,set-scores
2007-s2-A-GB-0-4,2007-s2,A,2007-s2-A-GB,P0385,P0068,10,0,P0385,set-scores
2007-s2-A-GB-0-5,2007-s2,A,2007-s2-A-GB,P0385,P0196,6,4,P0385,set-scores
2007-s2-A-GB-0-6,2007-s2,A,2007-s2-A-GB,P0385,P0242,8,2,P0385,set-scores
2007-s2-A-GB-1-6,2007-s2,A,2007-s2-A-GB,P0362,P0242,3,7,P0242,set-scores
2007-s2-A-GB-2-3,2007-s2,A,2007-s2-A-GB,P0029,P0617,7,3,P0029,set-scores
2007-s2-A-GB-2-4,2007-s2,A,2007-s2-A-GB,P0029,P0068,4,6,P0068,set-scores
2007-s2-A-GB-2-5,2007-s2,A,2007-s2-A-GB,P0029,P0196,4,6,P0196,set-scores
2007-s2-A-GB-2-6,2007-s2,A,2007-s2-A-GB,P0029,P0242,6,4,P0029,set-scores
2007-s2-A-GB-3-5,2007-s2,A,2007-s2-A-GB,P0617,P0196,3,7,P0196,set-scores
2007-s2-A-GC-0-1,2007-s2,A,2007-s2-A-GC,P0609,P0655,3,7,P0655,set-scores
2007-s2-A-GC-0-2,2007-s2,A,2007-s2-A-GC,P0609,P0812,4,6,P0812,set-scores
2007-s2-A-GC-0-3,2007-s2,A,2007-s2-A-GC,P0609,P0258,1,9,P0258,set-scores
2007-s2-A-GC-0-4,2007-s2,A,2007-s2-A-GC,P0609,P0024,3,7,P0024,set-scores
2007-s2-A-GC-0-5,2007-s2,A,2007-s2-A-GC,P0609,P0378,5,5,,set-scores
2007-s2-A-GC-0-6,2007-s2,A,2007-s2-A-GC,P0609,P0659,4,6,P0659,set-scores
2007-s2-A-GC-1-2,2007-s2,A,2007-s2-A-GC,P0655,P0812,4,6,P0812,set-scores
2007-s2-A-GC-1-3,2007-s2,A,2007-s2-A-GC,P0655,P0258,2,8,P0258,set-scores
2007-s2-A-GC-1-4,2007-s2,A,2007-s2-A-GC,P0655,P0024,5,5,,set-scores
2007-s2-A-GC-1-5,2007-s2,A,2007-s2-A-GC,P0655,P0378,5,5,,set-scores
2007-s2-A-GC-1-6,2007-s2,A,2007-s2-A-GC,P0655,P0659,6,4,P0655,set-scores
2007-s2-A-GC-2-3,2007-s2,A,2007-s2-A-GC,P0812,P0258,5,5,,set-scores
2007-s2-A-GC-2-4,2007-s2,A,2007-s2-A-GC,P0812,P0024,5,5,,set-scores
2007-s2-A-GC-2-5,2007-s2,A,2007-s2-A-GC,P0812,P0378,7,3,P0812,set-scores
2007-s2-A-GC-2-6,2007-s2,A,2007-s2-A-GC,P0812,P0659,3,7,P0659,set-scores
2007-s2-A-GC-3-4,2007-s2,A,2007-s2-A-GC,P0258,P0024,9,1,P0258,set-scores
2007-s2-A-GC-3-5,2007-s2,A,2007-s2-A-GC,P0258,P0378,5,5,,set-scores
2007-s2-A-GC-3-6,2007-s2,A,2007-s2-A-GC,P0258,P0659,8,2,P0258,set-scores
2007-s2-A-GC-4-5,2007-s2,A,2007-s2-A-GC,P0024,P0378,5,5,,set-scores
2007-s2-A-GC-4-6,2007-s2,A,2007-s2-A-GC,P0024,P0659,4,6,P0659,set-scores
2007-s2-A-GC-5-6,2007-s2,A,2007-s2-A-GC,P0378,P0659,7,3,P0378,set-scores
2007-s2-A-GD-0-1,2007-s2,A,2007-s2-A-GD,P0321,P0335,9,1,P0321,set-scores
2007-s2-A-GD-0-2,2007-s2,A,2007-s2-A-GD,P0321,P0541,7,3,P0321,set-scores
2007-s2-A-GD-0-3,2007-s2,A,2007-s2-A-GD,P0321,P0131,8,2,P0321,set-scores
2007-s2-A-GD-0-4,2007-s2,A,2007-s2-A-GD,P0321,P0300,3,7,P0300,set-scores
2007-s2-A-GD-0-5,2007-s2,A,2007-s2-A-GD,P0321,P0897,6,4,P0321,set-scores
2007-s2-A-GD-0-6,2007-s2,A,2007-s2-A-GD,P0321,P0205,5,5,,set-scores
2007-s2-A-GD-1-2,2007-s2,A,2007-s2-A-GD,P0335,P0541,3,7,P0541,set-scores
2007-s2-A-GD-1-4,2007-s2,A,2007-s2-A-GD,P0335,P0300,5,5,,set-scores
2007-s2-A-GD-1-5,2007-s2,A,2007-s2-A-GD,P0335,P0897,5,5,,set-scores
2007-s2-A-GD-1-6,2007-s2,A,2007-s2-A-GD,P0335,P0205,4,6,P0205,set-scores
2007-s2-A-GD-2-3,2007-s2,A,2007-s2-A-GD,P0541,P0131,5,5,,set-scores
2007-s2-A-GD-2-4,2007-s2,A,2007-s2-A-GD,P0541,P0300,5,5,,set-scores
2007-s2-A-GD-2-5,2007-s2,A,2007-s2-A-GD,P0541,P0897,4,6,P0897,set-scores
2007-s2-A-GD-2-6,2007-s2,A,2007-s2-A-GD,P0541,P0205,3,7,P0205,set-scores
2007-s2-A-GD-3-4,2007-s2,A,2007-s2-A-GD,P0131,P0300,5,5,,set-scores
2007-s2-A-GD-3-5,2007-s2,A,2007-s2-A-GD,P0131,P0897,4,6,P0897,set-scores
2007-s2-A-GD-4-5,2007-s2,A,2007-s2-A-GD,P0300,P0897,4,6,P0897,set-scores
2007-s2-A-GD-4-6,2007-s2,A,2007-s2-A-GD,P0300,P0205,4,6,P0205,set-scores
2007-s2-A-GD-5-6,2007-s2,A,2007-s2-A-GD,P0897,P0205,7,3,P0897,set-scores
2007-s2-A-GE-0-1,2007-s2,A,2007-s2-A-GE,P0493,P0270,6,4,P0493,set-scores
2007-s2-A-GE-0-2,2007-s2,A,2007-s2-A-GE,P0493,P0485,8,2,P0493,set-scores
2007-s2-A-GE-0-3,2007-s2,A,2007-s2-A-GE,P0493,P0333,6,4,P0493,set-scores
2007-s2-A-GE-0-4,2007-s2,A,2007-s2-A-GE,P0493,P0224,5,5,,set-scores
2007-s2-A-GE-0-5,2007-s2,A,2007-s2-A-GE,P0493,P0616,6,4,P0493,set-scores
2007-s2-A-GE-0-6,2007-s2,A,2007-s2-A-GE,P0493,P0427,6,4,P0493,set-scores
2007-s2-A-GE-1-2,2007-s2,A,2007-s2-A-GE,P0270,P0485,6,4,P0270,set-scores
2007-s2-A-GE-1-3,2007-s2,A,2007-s2-A-GE,P0270,P0333,8,2,P0270,set-scores
2007-s2-A-GE-1-4,2007-s2,A,2007-s2-A-GE,P0270,P0224,9,1,P0270,set-scores
2007-s2-A-GE-1-5,2007-s2,A,2007-s2-A-GE,P0270,P0616,7,3,P0270,set-scores
2007-s2-A-GE-1-6,2007-s2,A,2007-s2-A-GE,P0270,P0427,7,3,P0270,set-scores
2007-s2-A-GE-2-3,2007-s2,A,2007-s2-A-GE,P0485,P0333,3,7,P0333,set-scores
2007-s2-A-GE-2-4,2007-s2,A,2007-s2-A-GE,P0485,P0224,4,6,P0224,set-scores
2007-s2-A-GE-2-5,2007-s2,A,2007-s2-A-GE,P0485,P0616,6,4,P0485,set-scores
2007-s2-A-GE-2-6,2007-s2,A,2007-s2-A-GE,P0485,P0427,7,3,P0485,set-scores
2007-s2-A-GE-3-4,2007-s2,A,2007-s2-A-GE,P0333,P0224,3,7,P0224,set-scores
2007-s2-A-GE-3-5,2007-s2,A,2007-s2-A-GE,P0333,P0616,7,3,P0333,set-scores
2007-s2-A-GE-3-6,2007-s2,A,2007-s2-A-GE,P0333,P0427,10,0,P0333,set-scores
2007-s2-A-GE-4-5,2007-s2,A,2007-s2-A-GE,P0224,P0616,7,3,P0224,set-scores
2007-s2-A-GE-4-6,2007-s2,A,2007-s2-A-GE,P0224,P0427,10,0,P0224,set-scores
2007-s2-A-GE-5-6,2007-s2,A,2007-s2-A-GE,P0616,P0427,6,4,P0616,set-scores
2007-s2-A-GF-0-1,2007-s2,A,2007-s2-A-GF,P0430,P0819,6,4,P0430,set-scores
2007-s2-A-GF-0-2,2007-s2,A,2007-s2-A-GF,P0430,P0240,1,9,P0240,set-scores
2007-s2-A-GF-0-3,2007-s2,A,2007-s2-A-GF,P0430,P0186,7,3,P0430,set-scores
2007-s2-A-GF-0-4,2007-s2,A,2007-s2-A-GF,P0430,P0344,8,2,P0430,set-scores
2007-s2-A-GF-0-5,2007-s2,A,2007-s2-A-GF,P0430,P0902,6,4,P0430,set-scores
2007-s2-A-GF-0-6,2007-s2,A,2007-s2-A-GF,P0430,P0247,4,6,P0247,set-scores
2007-s2-A-GF-1-2,2007-s2,A,2007-s2-A-GF,P0819,P0240,2,8,P0240,set-scores
2007-s2-A-GF-1-3,2007-s2,A,2007-s2-A-GF,P0819,P0186,4,6,P0186,set-scores
2007-s2-A-GF-1-4,2007-s2,A,2007-s2-A-GF,P0819,P0344,7,3,P0819,set-scores
2007-s2-A-GF-1-5,2007-s2,A,2007-s2-A-GF,P0819,P0902,4,6,P0902,set-scores
2007-s2-A-GF-1-6,2007-s2,A,2007-s2-A-GF,P0819,P0247,7,3,P0819,set-scores
2007-s2-A-GF-2-3,2007-s2,A,2007-s2-A-GF,P0240,P0186,4,6,P0186,set-scores
2007-s2-A-GF-2-4,2007-s2,A,2007-s2-A-GF,P0240,P0344,6,4,P0240,set-scores
2007-s2-A-GF-2-5,2007-s2,A,2007-s2-A-GF,P0240,P0902,4,6,P0902,set-scores
2007-s2-A-GF-2-6,2007-s2,A,2007-s2-A-GF,P0240,P0247,1,9,P0247,set-scores
2007-s2-A-GF-3-4,2007-s2,A,2007-s2-A-GF,P0186,P0344,6,4,P0186,set-scores
2007-s2-A-GF-3-5,2007-s2,A,2007-s2-A-GF,P0186,P0902,0,10,P0902,set-scores
2007-s2-A-GF-3-6,2007-s2,A,2007-s2-A-GF,P0186,P0247,3,7,P0247,set-scores
2007-s2-A-GF-4-5,2007-s2,A,2007-s2-A-GF,P0344,P0902,7,3,P0344,set-scores
2007-s2-A-GF-4-6,2007-s2,A,2007-s2-A-GF,P0344,P0247,6,4,P0344,set-scores
2007-s2-A-GF-5-6,2007-s2,A,2007-s2-A-GF,P0902,P0247,5,5,,set-scores
2007-s2-A-GG-0-1,2007-s2,A,2007-s2-A-GG,P0917,P0165,1,9,P0165,set-scores
2007-s2-A-GG-0-2,2007-s2,A,2007-s2-A-GG,P0917,P0512,3,7,P0512,set-scores
2007-s2-A-GG-0-3,2007-s2,A,2007-s2-A-GG,P0917,P0172,3,7,P0172,set-scores
2007-s2-A-GG-0-5,2007-s2,A,2007-s2-A-GG,P0917,P0411,5,5,,set-scores
2007-s2-A-GG-0-6,2007-s2,A,2007-s2-A-GG,P0917,P0877,2,8,P0877,set-scores
2007-s2-A-GG-1-2,2007-s2,A,2007-s2-A-GG,P0165,P0512,4,6,P0512,set-scores
2007-s2-A-GG-1-3,2007-s2,A,2007-s2-A-GG,P0165,P0172,1,9,P0172,set-scores
2007-s2-A-GG-1-4,2007-s2,A,2007-s2-A-GG,P0165,P0856,5,5,,set-scores
2007-s2-A-GG-1-5,2007-s2,A,2007-s2-A-GG,P0165,P0411,3,7,P0411,set-scores
2007-s2-A-GG-2-3,2007-s2,A,2007-s2-A-GG,P0512,P0172,7,3,P0512,set-scores
2007-s2-A-GG-2-4,2007-s2,A,2007-s2-A-GG,P0512,P0856,8,2,P0512,set-scores
2007-s2-A-GG-2-5,2007-s2,A,2007-s2-A-GG,P0512,P0411,6,4,P0512,set-scores
2007-s2-A-GG-2-6,2007-s2,A,2007-s2-A-GG,P0512,P0877,8,2,P0512,set-scores
2007-s2-A-GG-3-4,2007-s2,A,2007-s2-A-GG,P0172,P0856,6,4,P0172,set-scores
2007-s2-A-GG-3-5,2007-s2,A,2007-s2-A-GG,P0172,P0411,3,7,P0411,set-scores
2007-s2-A-GG-3-6,2007-s2,A,2007-s2-A-GG,P0172,P0877,6,4,P0172,set-scores
2007-s2-A-GG-4-5,2007-s2,A,2007-s2-A-GG,P0856,P0411,0,10,P0411,set-scores
2007-s2-A-GH-0-1,2007-s2,A,2007-s2-A-GH,P0440,P0717,6,4,P0440,set-scores
2007-s2-A-GH-0-2,2007-s2,A,2007-s2-A-GH,P0440,P0931,4,6,P0931,set-scores
2007-s2-A-GH-0-3,2007-s2,A,2007-s2-A-GH,P0440,P0777,0,10,P0777,set-scores
2007-s2-A-GH-0-4,2007-s2,A,2007-s2-A-GH,P0440,P0874,0,10,P0874,set-scores
2007-s2-A-GH-0-5,2007-s2,A,2007-s2-A-GH,P0440,P0239,6,4,P0440,set-scores
2007-s2-A-GH-0-6,2007-s2,A,2007-s2-A-GH,P0440,P0250,0,10,P0250,set-scores
2007-s2-A-GH-1-2,2007-s2,A,2007-s2-A-GH,P0717,P0931,2,8,P0931,set-scores
2007-s2-A-GH-1-3,2007-s2,A,2007-s2-A-GH,P0717,P0777,6,4,P0717,set-scores
2007-s2-A-GH-1-4,2007-s2,A,2007-s2-A-GH,P0717,P0874,1,9,P0874,set-scores
2007-s2-A-GH-1-5,2007-s2,A,2007-s2-A-GH,P0717,P0239,3,7,P0239,set-scores
2007-s2-A-GH-1-6,2007-s2,A,2007-s2-A-GH,P0717,P0250,4,6,P0250,set-scores
2007-s2-A-GH-2-3,2007-s2,A,2007-s2-A-GH,P0931,P0777,2,8,P0777,set-scores
2007-s2-A-GH-2-4,2007-s2,A,2007-s2-A-GH,P0931,P0874,4,6,P0874,set-scores
2007-s2-A-GH-2-5,2007-s2,A,2007-s2-A-GH,P0931,P0239,4,6,P0239,set-scores
2007-s2-A-GH-2-6,2007-s2,A,2007-s2-A-GH,P0931,P0250,4,6,P0250,set-scores
2007-s2-A-GH-3-4,2007-s2,A,2007-s2-A-GH,P0777,P0874,3,7,P0874,set-scores
2007-s2-A-GH-3-5,2007-s2,A,2007-s2-A-GH,P0777,P0239,3,7,P0239,set-scores
2007-s2-A-GH-3-6,2007-s2,A,2007-s2-A-GH,P0777,P0250,6,4,P0777,set-scores
2007-s2-A-GH-4-5,2007-s2,A,2007-s2-A-GH,P0874,P0239,7,3,P0874,set-scores
2007-s2-A-GH-4-6,2007-s2,A,2007-s2-A-GH,P0874,P0250,6,4,P0874,set-scores
2007-s2-A-GH-5-6,2007-s2,A,2007-s2-A-GH,P0239,P0250,10,0,P0239,set-scores
2007-s2-A-GI-0-1,2007-s2,A,2007-s2-A-GI,P0094,P0769,5,5,,set-scores
2007-s2-A-GI-0-2,2007-s2,A,2007-s2-A-GI,P0094,P0725,8,2,P0094,set-scores
2007-s2-A-GI-0-3,2007-s2,A,2007-s2-A-GI,P0094,P0607,4,6,P0607,set-scores
2007-s2-A-GI-0-4,2007-s2,A,2007-s2-A-GI,P0094,P0806,6,4,P0094,set-scores
2007-s2-A-GI-0-5,2007-s2,A,2007-s2-A-GI,P0094,P0863,0,10,P0863,set-scores
2007-s2-A-GI-0-6,2007-s2,A,2007-s2-A-GI,P0094,P0839,7,3,P0094,set-scores
2007-s2-A-GI-1-2,2007-s2,A,2007-s2-A-GI,P0769,P0725,6,4,P0769,set-scores
2007-s2-A-GI-1-3,2007-s2,A,2007-s2-A-GI,P0769,P0607,6,4,P0769,set-scores
2007-s2-A-GI-1-4,2007-s2,A,2007-s2-A-GI,P0769,P0806,8,2,P0769,set-scores
2007-s2-A-GI-1-5,2007-s2,A,2007-s2-A-GI,P0769,P0863,8,2,P0769,set-scores
2007-s2-A-GI-1-6,2007-s2,A,2007-s2-A-GI,P0769,P0839,2,8,P0839,set-scores
2007-s2-A-GI-2-3,2007-s2,A,2007-s2-A-GI,P0725,P0607,4,6,P0607,set-scores
2007-s2-A-GI-2-4,2007-s2,A,2007-s2-A-GI,P0725,P0806,7,3,P0725,set-scores
2007-s2-A-GI-2-5,2007-s2,A,2007-s2-A-GI,P0725,P0863,3,7,P0863,set-scores
2007-s2-A-GI-2-6,2007-s2,A,2007-s2-A-GI,P0725,P0839,3,7,P0839,set-scores
2007-s2-A-GI-3-4,2007-s2,A,2007-s2-A-GI,P0607,P0806,9,1,P0607,set-scores
2007-s2-A-GI-3-5,2007-s2,A,2007-s2-A-GI,P0607,P0863,7,3,P0607,set-scores
2007-s2-A-GI-3-6,2007-s2,A,2007-s2-A-GI,P0607,P0839,8,2,P0607,set-scores
2007-s2-A-GI-4-5,2007-s2,A,2007-s2-A-GI,P0806,P0863,4,6,P0863,set-scores
2007-s2-A-GI-4-6,2007-s2,A,2007-s2-A-GI,P0806,P0839,4,6,P0839,set-scores
2007-s2-A-GI-5-6,2007-s2,A,2007-s2-A-GI,P0863,P0839,6,4,P0863,set-scores
2007-s2-B-GA-0-1,2007-s2,B,2007-s2-B-GA,P0327,P0798,5,5,,set-scores
2007-s2-B-GA-0-2,2007-s2,B,2007-s2-B-GA,P0327,P0441,8,2,P0327,set-scores
2007-s2-B-GA-0-3,2007-s2,B,2007-s2-B-GA,P0327,P0699,7,3,P0327,set-scores
2007-s2-B-GA-0-4,2007-s2,B,2007-s2-B-GA,P0327,P0688,6,4,P0327,set-scores
2007-s2-B-GA-0-5,2007-s2,B,2007-s2-B-GA,P0327,P0743,10,0,P0327,set-scores
2007-s2-B-GA-1-2,2007-s2,B,2007-s2-B-GA,P0798,P0441,3,7,P0441,set-scores
2007-s2-B-GA-1-3,2007-s2,B,2007-s2-B-GA,P0798,P0699,7,3,P0798,set-scores
2007-s2-B-GA-1-4,2007-s2,B,2007-s2-B-GA,P0798,P0688,6,4,P0798,set-scores
2007-s2-B-GA-1-5,2007-s2,B,2007-s2-B-GA,P0798,P0743,6,4,P0798,set-scores
2007-s2-B-GA-1-6,2007-s2,B,2007-s2-B-GA,P0798,P0822,7,3,P0798,set-scores
2007-s2-B-GA-2-3,2007-s2,B,2007-s2-B-GA,P0441,P0699,2,8,P0699,set-scores
2007-s2-B-GA-2-4,2007-s2,B,2007-s2-B-GA,P0441,P0688,6,4,P0441,set-scores
2007-s2-B-GA-2-5,2007-s2,B,2007-s2-B-GA,P0441,P0743,9,1,P0441,set-scores
2007-s2-B-GA-2-6,2007-s2,B,2007-s2-B-GA,P0441,P0822,7,3,P0441,set-scores
2007-s2-B-GA-3-4,2007-s2,B,2007-s2-B-GA,P0699,P0688,3,7,P0688,set-scores
2007-s2-B-GA-3-5,2007-s2,B,2007-s2-B-GA,P0699,P0743,6,4,P0699,set-scores
2007-s2-B-GA-3-6,2007-s2,B,2007-s2-B-GA,P0699,P0822,1,9,P0822,set-scores
2007-s2-B-GA-4-5,2007-s2,B,2007-s2-B-GA,P0688,P0743,7,3,P0688,set-scores
2007-s2-B-GA-4-6,2007-s2,B,2007-s2-B-GA,P0688,P0822,10,0,P0688,set-scores
2007-s2-B-GB-0-1,2007-s2,B,2007-s2-B-GB,P0051,P0766,7,3,P0051,set-scores
2007-s2-B-GB-0-2,2007-s2,B,2007-s2-B-GB,P0051,P0789,6,4,P0051,set-scores
2007-s2-B-GB-0-3,2007-s2,B,2007-s2-B-GB,P0051,P0404,8,2,P0051,set-scores
2007-s2-B-GB-0-4,2007-s2,B,2007-s2-B-GB,P0051,P0823,8,2,P0051,set-scores
2007-s2-B-GB-0-5,2007-s2,B,2007-s2-B-GB,P0051,P0241,10,0,P0051,set-scores
2007-s2-B-GB-0-6,2007-s2,B,2007-s2-B-GB,P0051,P0814,3,7,P0814,set-scores
2007-s2-B-GB-1-2,2007-s2,B,2007-s2-B-GB,P0766,P0789,6,4,P0766,set-scores
2007-s2-B-GB-1-3,2007-s2,B,2007-s2-B-GB,P0766,P0404,1,9,P0404,set-scores
2007-s2-B-GB-1-4,2007-s2,B,2007-s2-B-GB,P0766,P0823,2,8,P0823,set-scores
2007-s2-B-GB-1-5,2007-s2,B,2007-s2-B-GB,P0766,P0241,0,10,P0241,set-scores
2007-s2-B-GB-1-6,2007-s2,B,2007-s2-B-GB,P0766,P0814,0,10,P0814,set-scores
2007-s2-B-GB-2-3,2007-s2,B,2007-s2-B-GB,P0789,P0404,4,6,P0404,set-scores
2007-s2-B-GB-2-4,2007-s2,B,2007-s2-B-GB,P0789,P0823,3,7,P0823,set-scores
2007-s2-B-GB-2-5,2007-s2,B,2007-s2-B-GB,P0789,P0241,1,9,P0241,set-scores
2007-s2-B-GB-2-6,2007-s2,B,2007-s2-B-GB,P0789,P0814,4,6,P0814,set-scores
2007-s2-B-GB-3-4,2007-s2,B,2007-s2-B-GB,P0404,P0823,4,6,P0823,set-scores
2007-s2-B-GB-3-5,2007-s2,B,2007-s2-B-GB,P0404,P0241,4,6,P0241,set-scores
2007-s2-B-GB-3-6,2007-s2,B,2007-s2-B-GB,P0404,P0814,8,2,P0404,set-scores
2007-s2-B-GB-4-5,2007-s2,B,2007-s2-B-GB,P0823,P0241,9,1,P0823,set-scores
2007-s2-B-GB-4-6,2007-s2,B,2007-s2-B-GB,P0823,P0814,7,3,P0823,set-scores
2007-s2-B-GB-5-6,2007-s2,B,2007-s2-B-GB,P0241,P0814,6,4,P0241,set-scores
2007-s2-B-GC-0-1,2007-s2,B,2007-s2-B-GC,P0359,P0484,8,2,P0359,set-scores
2007-s2-B-GC-0-2,2007-s2,B,2007-s2-B-GC,P0359,P0217,4,6,P0217,set-scores
2007-s2-B-GC-0-3,2007-s2,B,2007-s2-B-GC,P0359,P0467,3,7,P0467,set-scores
2007-s2-B-GC-0-4,2007-s2,B,2007-s2-B-GC,P0359,P0913,6,4,P0359,set-scores
2007-s2-B-GC-0-5,2007-s2,B,2007-s2-B-GC,P0359,P0591,10,0,P0359,set-scores
2007-s2-B-GC-0-6,2007-s2,B,2007-s2-B-GC,P0359,P0700,5,5,,set-scores
2007-s2-B-GC-1-2,2007-s2,B,2007-s2-B-GC,P0484,P0217,5,5,,set-scores
2007-s2-B-GC-1-3,2007-s2,B,2007-s2-B-GC,P0484,P0467,9,1,P0484,set-scores
2007-s2-B-GC-1-4,2007-s2,B,2007-s2-B-GC,P0484,P0913,6,4,P0484,set-scores
2007-s2-B-GC-1-5,2007-s2,B,2007-s2-B-GC,P0484,P0591,10,0,P0484,set-scores
2007-s2-B-GC-1-6,2007-s2,B,2007-s2-B-GC,P0484,P0700,7,3,P0484,set-scores
2007-s2-B-GC-2-3,2007-s2,B,2007-s2-B-GC,P0217,P0467,8,2,P0217,set-scores
2007-s2-B-GC-2-4,2007-s2,B,2007-s2-B-GC,P0217,P0913,5,5,,set-scores
2007-s2-B-GC-2-5,2007-s2,B,2007-s2-B-GC,P0217,P0591,6,4,P0217,set-scores
2007-s2-B-GC-2-6,2007-s2,B,2007-s2-B-GC,P0217,P0700,3,7,P0700,set-scores
2007-s2-B-GC-3-4,2007-s2,B,2007-s2-B-GC,P0467,P0913,1,9,P0913,set-scores
2007-s2-B-GC-3-5,2007-s2,B,2007-s2-B-GC,P0467,P0591,10,0,P0467,set-scores
2007-s2-B-GC-4-5,2007-s2,B,2007-s2-B-GC,P0913,P0591,6,4,P0913,set-scores
2007-s2-B-GC-4-6,2007-s2,B,2007-s2-B-GC,P0913,P0700,5,5,,set-scores
2007-s2-B-GD-0-1,2007-s2,B,2007-s2-B-GD,P0908,P0668,9,1,P0908,set-scores
2007-s2-B-GD-0-2,2007-s2,B,2007-s2-B-GD,P0908,P0701,3,7,P0701,set-scores
2007-s2-B-GD-0-3,2007-s2,B,2007-s2-B-GD,P0908,P0680,4,6,P0680,set-scores
2007-s2-B-GD-0-4,2007-s2,B,2007-s2-B-GD,P0908,P0772,7,3,P0908,set-scores
2007-s2-B-GD-0-5,2007-s2,B,2007-s2-B-GD,P0908,P0842,2,8,P0842,set-scores
2007-s2-B-GD-0-6,2007-s2,B,2007-s2-B-GD,P0908,P0750,2,8,P0750,set-scores
2007-s2-B-GD-1-2,2007-s2,B,2007-s2-B-GD,P0668,P0701,3,7,P0701,set-scores
2007-s2-B-GD-1-3,2007-s2,B,2007-s2-B-GD,P0668,P0680,2,8,P0680,set-scores
2007-s2-B-GD-1-4,2007-s2,B,2007-s2-B-GD,P0668,P0772,4,6,P0772,set-scores
2007-s2-B-GD-1-5,2007-s2,B,2007-s2-B-GD,P0668,P0842,3,7,P0842,set-scores
2007-s2-B-GD-1-6,2007-s2,B,2007-s2-B-GD,P0668,P0750,2,8,P0750,set-scores
2007-s2-B-GD-2-3,2007-s2,B,2007-s2-B-GD,P0701,P0680,0,10,P0680,set-scores
2007-s2-B-GD-2-4,2007-s2,B,2007-s2-B-GD,P0701,P0772,7,3,P0701,set-scores
2007-s2-B-GD-2-5,2007-s2,B,2007-s2-B-GD,P0701,P0842,6,4,P0701,set-scores
2007-s2-B-GD-2-6,2007-s2,B,2007-s2-B-GD,P0701,P0750,8,2,P0701,set-scores
2007-s2-B-GD-3-4,2007-s2,B,2007-s2-B-GD,P0680,P0772,0,10,P0772,set-scores
2007-s2-B-GD-3-5,2007-s2,B,2007-s2-B-GD,P0680,P0842,0,10,P0842,set-scores
2007-s2-B-GD-3-6,2007-s2,B,2007-s2-B-GD,P0680,P0750,6,4,P0680,set-scores
2007-s2-B-GD-4-5,2007-s2,B,2007-s2-B-GD,P0772,P0842,4,6,P0842,set-scores
2007-s2-B-GD-4-6,2007-s2,B,2007-s2-B-GD,P0772,P0750,4,6,P0750,set-scores
2007-s2-B-GD-5-6,2007-s2,B,2007-s2-B-GD,P0842,P0750,4,6,P0750,set-scores
2007-s2-B-GE-0-1,2007-s2,B,2007-s2-B-GE,P0648,P0406,2,8,P0406,set-scores
2007-s2-B-GE-0-2,2007-s2,B,2007-s2-B-GE,P0648,P0558,3,7,P0558,set-scores
2007-s2-B-GE-0-3,2007-s2,B,2007-s2-B-GE,P0648,P0431,3,7,P0431,set-scores
2007-s2-B-GE-0-4,2007-s2,B,2007-s2-B-GE,P0648,P0447,0,10,P0447,set-scores
2007-s2-B-GE-0-5,2007-s2,B,2007-s2-B-GE,P0648,P0315,4,6,P0315,set-scores
2007-s2-B-GE-0-6,2007-s2,B,2007-s2-B-GE,P0648,P0864,0,10,P0864,set-scores
2007-s2-B-GE-1-2,2007-s2,B,2007-s2-B-GE,P0406,P0558,1,9,P0558,set-scores
2007-s2-B-GE-1-3,2007-s2,B,2007-s2-B-GE,P0406,P0431,4,6,P0431,set-scores
2007-s2-B-GE-1-4,2007-s2,B,2007-s2-B-GE,P0406,P0447,0,10,P0447,set-scores
2007-s2-B-GE-1-5,2007-s2,B,2007-s2-B-GE,P0406,P0315,2,8,P0315,set-scores
2007-s2-B-GE-1-6,2007-s2,B,2007-s2-B-GE,P0406,P0864,3,7,P0864,set-scores
2007-s2-B-GE-2-3,2007-s2,B,2007-s2-B-GE,P0558,P0431,6,4,P0558,set-scores
2007-s2-B-GE-2-4,2007-s2,B,2007-s2-B-GE,P0558,P0447,4,6,P0447,set-scores
2007-s2-B-GE-2-5,2007-s2,B,2007-s2-B-GE,P0558,P0315,6,4,P0558,set-scores
2007-s2-B-GE-2-6,2007-s2,B,2007-s2-B-GE,P0558,P0864,9,1,P0558,set-scores
2007-s2-B-GE-3-4,2007-s2,B,2007-s2-B-GE,P0431,P0447,7,3,P0431,set-scores
2007-s2-B-GE-3-5,2007-s2,B,2007-s2-B-GE,P0431,P0315,4,6,P0315,set-scores
2007-s2-B-GE-3-6,2007-s2,B,2007-s2-B-GE,P0431,P0864,4,6,P0864,set-scores
2007-s2-B-GE-4-5,2007-s2,B,2007-s2-B-GE,P0447,P0315,3,7,P0315,set-scores
2007-s2-B-GE-4-6,2007-s2,B,2007-s2-B-GE,P0447,P0864,8,2,P0447,set-scores
2007-s2-B-GE-5-6,2007-s2,B,2007-s2-B-GE,P0315,P0864,4,6,P0864,set-scores
2007-s2-B-GF-0-1,2007-s2,B,2007-s2-B-GF,P0868,P0805,6,4,P0868,set-scores
2007-s2-B-GF-0-2,2007-s2,B,2007-s2-B-GF,P0868,P0848,7,3,P0868,set-scores
2007-s2-B-GF-0-3,2007-s2,B,2007-s2-B-GF,P0868,P0824,4,6,P0824,set-scores
2007-s2-B-GF-0-4,2007-s2,B,2007-s2-B-GF,P0868,P0885,3,7,P0885,set-scores
2007-s2-B-GF-0-5,2007-s2,B,2007-s2-B-GF,P0868,P0453,0,10,P0453,set-scores
2007-s2-B-GF-0-6,2007-s2,B,2007-s2-B-GF,P0868,P0835,5,5,,set-scores
2007-s2-B-GF-1-2,2007-s2,B,2007-s2-B-GF,P0805,P0848,6,4,P0805,set-scores
2007-s2-B-GF-1-3,2007-s2,B,2007-s2-B-GF,P0805,P0824,6,4,P0805,set-scores
2007-s2-B-GF-1-4,2007-s2,B,2007-s2-B-GF,P0805,P0885,4,6,P0885,set-scores
2007-s2-B-GF-1-5,2007-s2,B,2007-s2-B-GF,P0805,P0453,4,6,P0453,set-scores
2007-s2-B-GF-1-6,2007-s2,B,2007-s2-B-GF,P0805,P0835,2,8,P0835,set-scores
2007-s2-B-GF-2-3,2007-s2,B,2007-s2-B-GF,P0848,P0824,4,6,P0824,set-scores
2007-s2-B-GF-2-4,2007-s2,B,2007-s2-B-GF,P0848,P0885,4,6,P0885,set-scores
2007-s2-B-GF-2-5,2007-s2,B,2007-s2-B-GF,P0848,P0453,3,7,P0453,set-scores
2007-s2-B-GF-2-6,2007-s2,B,2007-s2-B-GF,P0848,P0835,5,5,,set-scores
2007-s2-B-GF-3-4,2007-s2,B,2007-s2-B-GF,P0824,P0885,4,6,P0885,set-scores
2007-s2-B-GF-3-5,2007-s2,B,2007-s2-B-GF,P0824,P0453,5,5,,set-scores
2007-s2-B-GF-3-6,2007-s2,B,2007-s2-B-GF,P0824,P0835,6,4,P0824,set-scores
2007-s2-B-GF-4-5,2007-s2,B,2007-s2-B-GF,P0885,P0453,3,7,P0453,set-scores
2007-s2-B-GF-4-6,2007-s2,B,2007-s2-B-GF,P0885,P0835,6,4,P0885,set-scores
2007-s2-B-GF-5-6,2007-s2,B,2007-s2-B-GF,P0453,P0835,8,2,P0453,set-scores
2007-s3-A-GA-0-1,2007-s3,A,2007-s3-A-GA,P0140,P0431,9,1,P0140,set-scores
2007-s3-A-GA-0-2,2007-s3,A,2007-s3-A-GA,P0140,P0729,8,2,P0140,set-scores
2007-s3-A-GA-0-3,2007-s3,A,2007-s3-A-GA,P0140,P0247,6,4,P0140,set-scores
2007-s3-A-GA-0-4,2007-s3,A,2007-s3-A-GA,P0140,P0333,7,3,P0140,set-scores
2007-s3-A-GA-0-5,2007-s3,A,2007-s3-A-GA,P0140,P0344,7,3,P0140,set-scores
2007-s3-A-GA-0-6,2007-s3,A,2007-s3-A-GA,P0140,P0812,6,4,P0140,set-scores
2007-s3-A-GA-1-2,2007-s3,A,2007-s3-A-GA,P0431,P0729,5,5,,set-scores
2007-s3-A-GA-1-3,2007-s3,A,2007-s3-A-GA,P0431,P0247,3,7,P0247,set-scores
2007-s3-A-GA-1-4,2007-s3,A,2007-s3-A-GA,P0431,P0333,2,8,P0333,set-scores
2007-s3-A-GA-1-5,2007-s3,A,2007-s3-A-GA,P0431,P0344,4,6,P0344,set-scores
2007-s3-A-GA-1-6,2007-s3,A,2007-s3-A-GA,P0431,P0812,3,7,P0812,set-scores
2007-s3-A-GA-2-3,2007-s3,A,2007-s3-A-GA,P0729,P0247,3,7,P0247,set-scores
2007-s3-A-GA-2-4,2007-s3,A,2007-s3-A-GA,P0729,P0333,0,10,P0333,set-scores
2007-s3-A-GA-2-5,2007-s3,A,2007-s3-A-GA,P0729,P0344,4,6,P0344,set-scores
2007-s3-A-GA-2-6,2007-s3,A,2007-s3-A-GA,P0729,P0812,3,7,P0812,set-scores
2007-s3-A-GA-3-4,2007-s3,A,2007-s3-A-GA,P0247,P0333,5,5,,set-scores
2007-s3-A-GA-3-5,2007-s3,A,2007-s3-A-GA,P0247,P0344,9,1,P0247,set-scores
2007-s3-A-GA-3-6,2007-s3,A,2007-s3-A-GA,P0247,P0812,6,4,P0247,set-scores
2007-s3-A-GA-4-5,2007-s3,A,2007-s3-A-GA,P0333,P0344,7,3,P0333,set-scores
2007-s3-A-GA-4-6,2007-s3,A,2007-s3-A-GA,P0333,P0812,10,0,P0333,set-scores
2007-s3-A-GA-5-6,2007-s3,A,2007-s3-A-GA,P0344,P0812,0,10,P0812,set-scores
2007-s3-A-GB-0-1,2007-s3,A,2007-s3-A-GB,P0493,P0655,6,4,P0493,set-scores
2007-s3-A-GB-0-2,2007-s3,A,2007-s3-A-GB,P0493,P0750,6,4,P0493,set-scores
2007-s3-A-GB-0-3,2007-s3,A,2007-s3-A-GB,P0493,P0662,5,5,,set-scores
2007-s3-A-GB-0-4,2007-s3,A,2007-s3-A-GB,P0493,P0767,4,6,P0767,set-scores
2007-s3-A-GB-0-5,2007-s3,A,2007-s3-A-GB,P0493,P0131,6,4,P0493,set-scores
2007-s3-A-GB-0-6,2007-s3,A,2007-s3-A-GB,P0493,P0094,3,7,P0094,set-scores
2007-s3-A-GB-1-2,2007-s3,A,2007-s3-A-GB,P0655,P0750,7,3,P0655,set-scores
2007-s3-A-GB-1-3,2007-s3,A,2007-s3-A-GB,P0655,P0662,6,4,P0655,set-scores
2007-s3-A-GB-1-4,2007-s3,A,2007-s3-A-GB,P0655,P0767,2,8,P0767,set-scores
2007-s3-A-GB-1-5,2007-s3,A,2007-s3-A-GB,P0655,P0131,5,5,,set-scores
2007-s3-A-GB-1-6,2007-s3,A,2007-s3-A-GB,P0655,P0094,4,6,P0094,set-scores
2007-s3-A-GB-2-3,2007-s3,A,2007-s3-A-GB,P0750,P0662,4,6,P0662,set-scores
2007-s3-A-GB-2-4,2007-s3,A,2007-s3-A-GB,P0750,P0767,8,2,P0750,set-scores
2007-s3-A-GB-2-5,2007-s3,A,2007-s3-A-GB,P0750,P0131,5,5,,set-scores
2007-s3-A-GB-2-6,2007-s3,A,2007-s3-A-GB,P0750,P0094,3,7,P0094,set-scores
2007-s3-A-GB-3-4,2007-s3,A,2007-s3-A-GB,P0662,P0767,3,7,P0767,set-scores
2007-s3-A-GB-3-5,2007-s3,A,2007-s3-A-GB,P0662,P0131,5,5,,set-scores
2007-s3-A-GB-3-6,2007-s3,A,2007-s3-A-GB,P0662,P0094,4,6,P0094,set-scores
2007-s3-A-GB-4-5,2007-s3,A,2007-s3-A-GB,P0767,P0131,8,2,P0767,set-scores
2007-s3-A-GB-4-6,2007-s3,A,2007-s3-A-GB,P0767,P0094,4,6,P0094,set-scores
2007-s3-A-GB-5-6,2007-s3,A,2007-s3-A-GB,P0131,P0094,10,0,P0131,set-scores
2007-s3-A-GC-0-1,2007-s3,A,2007-s3-A-GC,P0844,P0753,4,6,P0753,set-scores
2007-s3-A-GC-0-2,2007-s3,A,2007-s3-A-GC,P0844,P0073,6,4,P0844,set-scores
2007-s3-A-GC-0-4,2007-s3,A,2007-s3-A-GC,P0844,P0702,0,10,P0702,set-scores
2007-s3-A-GC-0-5,2007-s3,A,2007-s3-A-GC,P0844,P0732,5,5,,set-scores
2007-s3-A-GC-0-6,2007-s3,A,2007-s3-A-GC,P0844,P0819,0,10,P0819,set-scores
2007-s3-A-GC-1-2,2007-s3,A,2007-s3-A-GC,P0753,P0073,5,5,,set-scores
2007-s3-A-GC-1-3,2007-s3,A,2007-s3-A-GC,P0753,P0825,6,4,P0753,set-scores
2007-s3-A-GC-1-4,2007-s3,A,2007-s3-A-GC,P0753,P0702,4,6,P0702,set-scores
2007-s3-A-GC-1-5,2007-s3,A,2007-s3-A-GC,P0753,P0732,10,0,P0753,set-scores
2007-s3-A-GC-1-6,2007-s3,A,2007-s3-A-GC,P0753,P0819,6,4,P0753,set-scores
2007-s3-A-GC-2-3,2007-s3,A,2007-s3-A-GC,P0073,P0825,4,6,P0825,set-scores
2007-s3-A-GC-2-4,2007-s3,A,2007-s3-A-GC,P0073,P0702,7,3,P0073,set-scores
2007-s3-A-GC-2-5,2007-s3,A,2007-s3-A-GC,P0073,P0732,8,2,P0073,set-scores
2007-s3-A-GC-2-6,2007-s3,A,2007-s3-A-GC,P0073,P0819,6,4,P0073,set-scores
2007-s3-A-GC-3-4,2007-s3,A,2007-s3-A-GC,P0825,P0702,0,10,P0702,set-scores
2007-s3-A-GC-3-6,2007-s3,A,2007-s3-A-GC,P0825,P0819,0,10,P0819,set-scores
2007-s3-A-GC-4-5,2007-s3,A,2007-s3-A-GC,P0702,P0732,10,0,P0702,set-scores
2007-s3-A-GC-4-6,2007-s3,A,2007-s3-A-GC,P0702,P0819,10,0,P0702,set-scores
2007-s3-A-GC-5-6,2007-s3,A,2007-s3-A-GC,P0732,P0819,1,9,P0819,set-scores
2007-s3-A-GD-0-1,2007-s3,A,2007-s3-A-GD,P0205,P0877,6,4,P0205,set-scores
2007-s3-A-GD-0-2,2007-s3,A,2007-s3-A-GD,P0205,P0857,1,9,P0857,set-scores
2007-s3-A-GD-0-3,2007-s3,A,2007-s3-A-GD,P0205,P0541,6,4,P0205,set-scores
2007-s3-A-GD-0-4,2007-s3,A,2007-s3-A-GD,P0205,P0240,8,2,P0205,set-scores
2007-s3-A-GD-0-5,2007-s3,A,2007-s3-A-GD,P0205,P0404,9,1,P0205,set-scores
2007-s3-A-GD-0-6,2007-s3,A,2007-s3-A-GD,P0205,P0703,3,7,P0703,set-scores
2007-s3-A-GD-1-2,2007-s3,A,2007-s3-A-GD,P0877,P0857,5,5,,set-scores
2007-s3-A-GD-1-3,2007-s3,A,2007-s3-A-GD,P0877,P0541,3,7,P0541,set-scores
2007-s3-A-GD-1-4,2007-s3,A,2007-s3-A-GD,P0877,P0240,4,6,P0240,set-scores
2007-s3-A-GD-1-5,2007-s3,A,2007-s3-A-GD,P0877,P0404,4,6,P0404,set-scores
2007-s3-A-GD-1-6,2007-s3,A,2007-s3-A-GD,P0877,P0703,6,4,P0877,set-scores
2007-s3-A-GD-2-3,2007-s3,A,2007-s3-A-GD,P0857,P0541,6,4,P0857,set-scores
2007-s3-A-GD-2-4,2007-s3,A,2007-s3-A-GD,P0857,P0240,7,3,P0857,set-scores
2007-s3-A-GD-2-5,2007-s3,A,2007-s3-A-GD,P0857,P0404,6,4,P0857,set-scores
2007-s3-A-GD-2-6,2007-s3,A,2007-s3-A-GD,P0857,P0703,4,6,P0703,set-scores
2007-s3-A-GD-3-4,2007-s3,A,2007-s3-A-GD,P0541,P0240,7,3,P0541,set-scores
2007-s3-A-GD-3-5,2007-s3,A,2007-s3-A-GD,P0541,P0404,8,2,P0541,set-scores
2007-s3-A-GD-3-6,2007-s3,A,2007-s3-A-GD,P0541,P0703,0,10,P0703,set-scores
2007-s3-A-GD-4-5,2007-s3,A,2007-s3-A-GD,P0240,P0404,3,7,P0404,set-scores
2007-s3-A-GD-4-6,2007-s3,A,2007-s3-A-GD,P0240,P0703,7,3,P0240,set-scores
2007-s3-A-GD-5-6,2007-s3,A,2007-s3-A-GD,P0404,P0703,6,4,P0404,set-scores
2007-s3-A-GE-0-1,2007-s3,A,2007-s3-A-GE,P0826,P0196,6,4,P0826,set-scores
2007-s3-A-GE-0-2,2007-s3,A,2007-s3-A-GE,P0826,P0165,8,2,P0826,set-scores
2007-s3-A-GE-0-3,2007-s3,A,2007-s3-A-GE,P0826,P0616,4,6,P0616,set-scores
2007-s3-A-GE-0-4,2007-s3,A,2007-s3-A-GE,P0826,P0032,4,6,P0032,set-scores
2007-s3-A-GE-0-5,2007-s3,A,2007-s3-A-GE,P0826,P0897,5,5,,set-scores
2007-s3-A-GE-0-6,2007-s3,A,2007-s3-A-GE,P0826,P0718,5,5,,set-scores
2007-s3-A-GE-1-2,2007-s3,A,2007-s3-A-GE,P0196,P0165,7,3,P0196,set-scores
2007-s3-A-GE-1-3,2007-s3,A,2007-s3-A-GE,P0196,P0616,7,3,P0196,set-scores
2007-s3-A-GE-1-4,2007-s3,A,2007-s3-A-GE,P0196,P0032,4,6,P0032,set-scores
2007-s3-A-GE-1-5,2007-s3,A,2007-s3-A-GE,P0196,P0897,3,7,P0897,set-scores
2007-s3-A-GE-1-6,2007-s3,A,2007-s3-A-GE,P0196,P0718,6,4,P0196,set-scores
2007-s3-A-GE-2-3,2007-s3,A,2007-s3-A-GE,P0165,P0616,8,2,P0165,set-scores
2007-s3-A-GE-2-4,2007-s3,A,2007-s3-A-GE,P0165,P0032,0,10,P0032,set-scores
2007-s3-A-GE-2-5,2007-s3,A,2007-s3-A-GE,P0165,P0897,6,4,P0165,set-scores
2007-s3-A-GE-2-6,2007-s3,A,2007-s3-A-GE,P0165,P0718,6,4,P0165,set-scores
2007-s3-A-GE-3-4,2007-s3,A,2007-s3-A-GE,P0616,P0032,4,6,P0032,set-scores
2007-s3-A-GE-3-5,2007-s3,A,2007-s3-A-GE,P0616,P0897,2,8,P0897,set-scores
2007-s3-A-GE-3-6,2007-s3,A,2007-s3-A-GE,P0616,P0718,7,3,P0616,set-scores
2007-s3-A-GE-4-5,2007-s3,A,2007-s3-A-GE,P0032,P0897,4,6,P0897,set-scores
2007-s3-A-GE-4-6,2007-s3,A,2007-s3-A-GE,P0032,P0718,6,4,P0032,set-scores
2007-s3-A-GE-5-6,2007-s3,A,2007-s3-A-GE,P0897,P0718,6,4,P0897,set-scores
2007-s3-A-GF-0-2,2007-s3,A,2007-s3-A-GF,P0363,P0024,5,5,,set-scores
2007-s3-A-GF-0-3,2007-s3,A,2007-s3-A-GF,P0363,P0484,8,2,P0363,set-scores
2007-s3-A-GF-0-4,2007-s3,A,2007-s3-A-GF,P0363,P0166,6,4,P0363,set-scores
2007-s3-A-GF-0-5,2007-s3,A,2007-s3-A-GF,P0363,P0321,0,10,P0321,set-scores
2007-s3-A-GF-1-3,2007-s3,A,2007-s3-A-GF,P0778,P0484,0,10,P0484,set-scores
2007-s3-A-GF-1-5,2007-s3,A,2007-s3-A-GF,P0778,P0321,4,6,P0321,set-scores
2007-s3-A-GF-1-6,2007-s3,A,2007-s3-A-GF,P0778,P0485,10,0,P0778,set-scores
2007-s3-A-GF-2-3,2007-s3,A,2007-s3-A-GF,P0024,P0484,4,6,P0484,set-scores
2007-s3-A-GF-2-4,2007-s3,A,2007-s3-A-GF,P0024,P0166,5,5,,set-scores
2007-s3-A-GF-2-5,2007-s3,A,2007-s3-A-GF,P0024,P0321,2,8,P0321,set-scores
2007-s3-A-GF-2-6,2007-s3,A,2007-s3-A-GF,P0024,P0485,9,1,P0024,set-scores
2007-s3-A-GF-3-4,2007-s3,A,2007-s3-A-GF,P0484,P0166,6,4,P0484,set-scores
2007-s3-A-GF-3-5,2007-s3,A,2007-s3-A-GF,P0484,P0321,4,6,P0321,set-scores
2007-s3-A-GF-3-6,2007-s3,A,2007-s3-A-GF,P0484,P0485,6,4,P0484,set-scores
2007-s3-A-GF-4-5,2007-s3,A,2007-s3-A-GF,P0166,P0321,2,8,P0321,set-scores
2007-s3-A-GF-5-6,2007-s3,A,2007-s3-A-GF,P0321,P0485,6,4,P0321,set-scores
2007-s3-A-GG-0-1,2007-s3,A,2007-s3-A-GG,P0607,P0874,5,5,,set-scores
2007-s3-A-GG-0-2,2007-s3,A,2007-s3-A-GG,P0607,P0704,9,1,P0607,set-scores
2007-s3-A-GG-0-3,2007-s3,A,2007-s3-A-GG,P0607,P0853,4,6,P0853,set-scores
2007-s3-A-GG-0-4,2007-s3,A,2007-s3-A-GG,P0607,P0694,6,4,P0607,set-scores
2007-s3-A-GG-0-5,2007-s3,A,2007-s3-A-GG,P0607,P0184,5,5,,set-scores
2007-s3-A-GG-0-6,2007-s3,A,2007-s3-A-GG,P0607,P0934,7,3,P0607,set-scores
2007-s3-A-GG-1-2,2007-s3,A,2007-s3-A-GG,P0874,P0704,8,2,P0874,set-scores
2007-s3-A-GG-1-3,2007-s3,A,2007-s3-A-GG,P0874,P0853,6,4,P0874,set-scores
2007-s3-A-GG-1-4,2007-s3,A,2007-s3-A-GG,P0874,P0694,7,3,P0874,set-scores
2007-s3-A-GG-1-5,2007-s3,A,2007-s3-A-GG,P0874,P0184,4,6,P0184,set-scores
2007-s3-A-GG-1-6,2007-s3,A,2007-s3-A-GG,P0874,P0934,8,2,P0874,set-scores
2007-s3-A-GG-2-3,2007-s3,A,2007-s3-A-GG,P0704,P0853,4,6,P0853,set-scores
2007-s3-A-GG-2-4,2007-s3,A,2007-s3-A-GG,P0704,P0694,4,6,P0694,set-scores
2007-s3-A-GG-2-5,2007-s3,A,2007-s3-A-GG,P0704,P0184,2,8,P0184,set-scores
2007-s3-A-GG-2-6,2007-s3,A,2007-s3-A-GG,P0704,P0934,1,9,P0934,set-scores
2007-s3-A-GG-3-4,2007-s3,A,2007-s3-A-GG,P0853,P0694,7,3,P0853,set-scores
2007-s3-A-GG-3-5,2007-s3,A,2007-s3-A-GG,P0853,P0184,5,5,,set-scores
2007-s3-A-GG-3-6,2007-s3,A,2007-s3-A-GG,P0853,P0934,7,3,P0853,set-scores
2007-s3-A-GG-4-5,2007-s3,A,2007-s3-A-GG,P0694,P0184,6,4,P0694,set-scores
2007-s3-A-GG-4-6,2007-s3,A,2007-s3-A-GG,P0694,P0934,4,6,P0934,set-scores
2007-s3-A-GG-5-6,2007-s3,A,2007-s3-A-GG,P0184,P0934,6,4,P0184,set-scores
2007-s3-A-GH-0-1,2007-s3,A,2007-s3-A-GH,P0659,P0921,3,7,P0921,set-scores
2007-s3-A-GH-0-2,2007-s3,A,2007-s3-A-GH,P0659,P0757,6,4,P0659,set-scores
2007-s3-A-GH-0-3,2007-s3,A,2007-s3-A-GH,P0659,P0172,6,4,P0659,set-scores
2007-s3-A-GH-0-4,2007-s3,A,2007-s3-A-GH,P0659,P0885,6,4,P0659,set-scores
2007-s3-A-GH-0-5,2007-s3,A,2007-s3-A-GH,P0659,P0754,4,6,P0754,set-scores
2007-s3-A-GH-0-6,2007-s3,A,2007-s3-A-GH,P0659,P0807,5,5,,set-scores
2007-s3-A-GH-1-2,2007-s3,A,2007-s3-A-GH,P0921,P0757,4,6,P0757,set-scores
2007-s3-A-GH-1-3,2007-s3,A,2007-s3-A-GH,P0921,P0172,7,3,P0921,set-scores
2007-s3-A-GH-1-4,2007-s3,A,2007-s3-A-GH,P0921,P0885,9,1,P0921,set-scores
2007-s3-A-GH-1-5,2007-s3,A,2007-s3-A-GH,P0921,P0754,9,1,P0921,set-scores
2007-s3-A-GH-1-6,2007-s3,A,2007-s3-A-GH,P0921,P0807,9,1,P0921,set-scores
2007-s3-A-GH-2-3,2007-s3,A,2007-s3-A-GH,P0757,P0172,3,7,P0172,set-scores
2007-s3-A-GH-2-4,2007-s3,A,2007-s3-A-GH,P0757,P0885,8,2,P0757,set-scores
2007-s3-A-GH-2-5,2007-s3,A,2007-s3-A-GH,P0757,P0754,3,7,P0754,set-scores
2007-s3-A-GH-3-5,2007-s3,A,2007-s3-A-GH,P0172,P0754,7,3,P0172,set-scores
2007-s3-A-GH-4-5,2007-s3,A,2007-s3-A-GH,P0885,P0754,5,5,,set-scores
2007-s3-A-GH-5-6,2007-s3,A,2007-s3-A-GH,P0754,P0807,4,6,P0807,set-scores
2007-s3-B-GA-0-1,2007-s3,B,2007-s3-B-GA,P0917,P0359,4,6,P0359,set-scores
2007-s3-B-GA-0-2,2007-s3,B,2007-s3-B-GA,P0917,P0315,4,6,P0315,set-scores
2007-s3-B-GA-0-3,2007-s3,B,2007-s3-B-GA,P0917,P0764,4,6,P0764,set-scores
2007-s3-B-GA-0-5,2007-s3,B,2007-s3-B-GA,P0917,P0848,4,6,P0848,set-scores
2007-s3-B-GA-0-6,2007-s3,B,2007-s3-B-GA,P0917,P0836,8,2,P0917,set-scores
2007-s3-B-GA-1-2,2007-s3,B,2007-s3-B-GA,P0359,P0315,3,7,P0315,set-scores
2007-s3-B-GA-1-3,2007-s3,B,2007-s3-B-GA,P0359,P0764,2,8,P0764,set-scores
2007-s3-B-GA-1-5,2007-s3,B,2007-s3-B-GA,P0359,P0848,4,6,P0848,set-scores
2007-s3-B-GA-1-6,2007-s3,B,2007-s3-B-GA,P0359,P0836,6,4,P0359,set-scores
2007-s3-B-GA-2-3,2007-s3,B,2007-s3-B-GA,P0315,P0764,6,4,P0315,set-scores
2007-s3-B-GA-2-4,2007-s3,B,2007-s3-B-GA,P0315,P0499,8,2,P0315,set-scores
2007-s3-B-GA-2-5,2007-s3,B,2007-s3-B-GA,P0315,P0848,6,4,P0315,set-scores
2007-s3-B-GA-2-6,2007-s3,B,2007-s3-B-GA,P0315,P0836,5,5,,set-scores
2007-s3-B-GA-3-4,2007-s3,B,2007-s3-B-GA,P0764,P0499,8,2,P0764,set-scores
2007-s3-B-GA-3-5,2007-s3,B,2007-s3-B-GA,P0764,P0848,6,4,P0764,set-scores
2007-s3-B-GA-3-6,2007-s3,B,2007-s3-B-GA,P0764,P0836,5,5,,set-scores
2007-s3-B-GA-4-5,2007-s3,B,2007-s3-B-GA,P0499,P0848,4,6,P0848,set-scores
2007-s3-B-GA-4-6,2007-s3,B,2007-s3-B-GA,P0499,P0836,7,3,P0499,set-scores
2007-s3-B-GA-5-6,2007-s3,B,2007-s3-B-GA,P0848,P0836,6,4,P0848,set-scores
2007-s3-B-GB-0-1,2007-s3,B,2007-s3-B-GB,P0447,P0441,4,6,P0441,set-scores
2007-s3-B-GB-0-2,2007-s3,B,2007-s3-B-GB,P0447,P0796,4,6,P0796,set-scores
2007-s3-B-GB-0-3,2007-s3,B,2007-s3-B-GB,P0447,P0223,2,8,P0223,set-scores
2007-s3-B-GB-0-4,2007-s3,B,2007-s3-B-GB,P0447,P0805,4,6,P0805,set-scores
2007-s3-B-GB-0-6,2007-s3,B,2007-s3-B-GB,P0447,P0340,9,1,P0447,set-scores
2007-s3-B-GB-1-2,2007-s3,B,2007-s3-B-GB,P0441,P0796,2,8,P0796,set-scores
2007-s3-B-GB-1-3,2007-s3,B,2007-s3-B-GB,P0441,P0223,4,6,P0223,set-scores
2007-s3-B-GB-1-4,2007-s3,B,2007-s3-B-GB,P0441,P0805,4,6,P0805,set-scores
2007-s3-B-GB-1-5,2007-s3,B,2007-s3-B-GB,P0441,P0889,5,5,,set-scores
2007-s3-B-GB-1-6,2007-s3,B,2007-s3-B-GB,P0441,P0340,4,6,P0340,set-scores
2007-s3-B-GB-2-3,2007-s3,B,2007-s3-B-GB,P0796,P0223,5,5,,set-scores
2007-s3-B-GB-2-4,2007-s3,B,2007-s3-B-GB,P0796,P0805,4,6,P0805,set-scores
2007-s3-B-GB-2-5,2007-s3,B,2007-s3-B-GB,P0796,P0889,10,0,P0796,set-scores
2007-s3-B-GB-2-6,2007-s3,B,2007-s3-B-GB,P0796,P0340,8,2,P0796,set-scores
2007-s3-B-GB-3-4,2007-s3,B,2007-s3-B-GB,P0223,P0805,4,6,P0805,set-scores
2007-s3-B-GB-3-5,2007-s3,B,2007-s3-B-GB,P0223,P0889,9,1,P0223,set-scores
2007-s3-B-GB-3-6,2007-s3,B,2007-s3-B-GB,P0223,P0340,9,1,P0223,set-scores
2007-s3-B-GB-4-5,2007-s3,B,2007-s3-B-GB,P0805,P0889,5,5,,set-scores
2007-s3-B-GB-4-6,2007-s3,B,2007-s3-B-GB,P0805,P0340,3,7,P0340,set-scores
2007-s3-B-GC-0-1,2007-s3,B,2007-s3-B-GC,P0803,P0855,10,0,P0803,set-scores
2007-s3-B-GC-0-2,2007-s3,B,2007-s3-B-GC,P0803,P0882,8,2,P0803,set-scores
2007-s3-B-GC-0-3,2007-s3,B,2007-s3-B-GC,P0803,P0744,10,0,P0803,set-scores
2007-s3-B-GC-0-4,2007-s3,B,2007-s3-B-GC,P0803,P0051,1,9,P0051,set-scores
2007-s3-B-GC-0-5,2007-s3,B,2007-s3-B-GC,P0803,P0864,10,0,P0803,set-scores
2007-s3-B-GC-0-6,2007-s3,B,2007-s3-B-GC,P0803,P0680,0,10,P0680,set-scores
2007-s3-B-GC-1-3,2007-s3,B,2007-s3-B-GC,P0855,P0744,1,9,P0744,set-scores
2007-s3-B-GC-1-4,2007-s3,B,2007-s3-B-GC,P0855,P0051,0,10,P0051,set-scores
2007-s3-B-GC-1-6,2007-s3,B,2007-s3-B-GC,P0855,P0680,2,8,P0680,set-scores
2007-s3-B-GC-2-3,2007-s3,B,2007-s3-B-GC,P0882,P0744,4,6,P0744,set-scores
2007-s3-B-GC-2-4,2007-s3,B,2007-s3-B-GC,P0882,P0051,4,6,P0051,set-scores
2007-s3-B-GC-2-6,2007-s3,B,2007-s3-B-GC,P0882,P0680,4,6,P0680,set-scores
2007-s3-B-GC-3-4,2007-s3,B,2007-s3-B-GC,P0744,P0051,2,8,P0051,set-scores
2007-s3-B-GC-3-5,2007-s3,B,2007-s3-B-GC,P0744,P0864,7,3,P0744,set-scores
2007-s3-B-GC-3-6,2007-s3,B,2007-s3-B-GC,P0744,P0680,3,7,P0680,set-scores
2007-s3-B-GC-4-5,2007-s3,B,2007-s3-B-GC,P0051,P0864,7,3,P0051,set-scores
2007-s3-B-GC-4-6,2007-s3,B,2007-s3-B-GC,P0051,P0680,5,5,,set-scores
2007-s3-B-GC-5-6,2007-s3,B,2007-s3-B-GC,P0864,P0680,0,10,P0680,set-scores
2007-s3-B-GD-0-1,2007-s3,B,2007-s3-B-GD,P0217,P0761,4,6,P0761,set-scores
2007-s3-B-GD-0-2,2007-s3,B,2007-s3-B-GD,P0217,P0865,6,4,P0217,set-scores
2007-s3-B-GD-0-3,2007-s3,B,2007-s3-B-GD,P0217,P0814,7,3,P0217,set-scores
2007-s3-B-GD-0-4,2007-s3,B,2007-s3-B-GD,P0217,P0774,7,3,P0217,set-scores
2007-s3-B-GD-0-5,2007-s3,B,2007-s3-B-GD,P0217,P0577,6,4,P0217,set-scores
2007-s3-B-GD-0-6,2007-s3,B,2007-s3-B-GD,P0217,P0664,6,4,P0217,set-scores
2007-s3-B-GD-1-2,2007-s3,B,2007-s3-B-GD,P0761,P0865,4,6,P0865,set-scores
2007-s3-B-GD-1-3,2007-s3,B,2007-s3-B-GD,P0761,P0814,6,4,P0761,set-scores
2007-s3-B-GD-1-4,2007-s3,B,2007-s3-B-GD,P0761,P0774,4,6,P0774,set-scores
2007-s3-B-GD-1-5,2007-s3,B,2007-s3-B-GD,P0761,P0577,7,3,P0761,set-scores
2007-s3-B-GD-1-6,2007-s3,B,2007-s3-B-GD,P0761,P0664,6,4,P0761,set-scores
2007-s3-B-GD-2-3,2007-s3,B,2007-s3-B-GD,P0865,P0814,5,5,,set-scores
2007-s3-B-GD-2-4,2007-s3,B,2007-s3-B-GD,P0865,P0774,3,7,P0774,set-scores
2007-s3-B-GD-2-6,2007-s3,B,2007-s3-B-GD,P0865,P0664,4,6,P0664,set-scores
2007-s3-B-GD-3-4,2007-s3,B,2007-s3-B-GD,P0814,P0774,2,8,P0774,set-scores
2007-s3-B-GD-3-6,2007-s3,B,2007-s3-B-GD,P0814,P0664,3,7,P0664,set-scores
2007-s3-B-GD-4-5,2007-s3,B,2007-s3-B-GD,P0774,P0577,7,3,P0774,set-scores
2007-s3-B-GD-4-6,2007-s3,B,2007-s3-B-GD,P0774,P0664,10,0,P0774,set-scores
2007-s3-B-GD-5-6,2007-s3,B,2007-s3-B-GD,P0577,P0664,0,10,P0664,set-scores
2007-s3-B-GE-0-1,2007-s3,B,2007-s3-B-GE,P0842,P0895,7,3,P0842,set-scores
2007-s3-B-GE-0-2,2007-s3,B,2007-s3-B-GE,P0842,P0712,4,6,P0712,set-scores
2007-s3-B-GE-0-3,2007-s3,B,2007-s3-B-GE,P0842,P0801,9,1,P0842,set-scores
2007-s3-B-GE-0-4,2007-s3,B,2007-s3-B-GE,P0842,P0908,6,4,P0842,set-scores
2007-s3-B-GE-0-5,2007-s3,B,2007-s3-B-GE,P0842,P0558,4,6,P0558,set-scores
2007-s3-B-GE-0-6,2007-s3,B,2007-s3-B-GE,P0842,P0633,5,5,,set-scores
2007-s3-B-GE-1-2,2007-s3,B,2007-s3-B-GE,P0895,P0712,3,7,P0712,set-scores
2007-s3-B-GE-1-3,2007-s3,B,2007-s3-B-GE,P0895,P0801,6,4,P0895,set-scores
2007-s3-B-GE-1-5,2007-s3,B,2007-s3-B-GE,P0895,P0558,4,6,P0558,set-scores
2007-s3-B-GE-1-6,2007-s3,B,2007-s3-B-GE,P0895,P0633,5,5,,set-scores
2007-s3-B-GE-2-3,2007-s3,B,2007-s3-B-GE,P0712,P0801,6,4,P0712,set-scores
2007-s3-B-GE-2-4,2007-s3,B,2007-s3-B-GE,P0712,P0908,10,0,P0712,set-scores
2007-s3-B-GE-2-5,2007-s3,B,2007-s3-B-GE,P0712,P0558,6,4,P0712,set-scores
2007-s3-B-GE-2-6,2007-s3,B,2007-s3-B-GE,P0712,P0633,5,5,,set-scores
2007-s3-B-GE-3-5,2007-s3,B,2007-s3-B-GE,P0801,P0558,0,10,P0558,set-scores
2007-s3-B-GE-3-6,2007-s3,B,2007-s3-B-GE,P0801,P0633,3,7,P0633,set-scores
2007-s3-B-GE-4-5,2007-s3,B,2007-s3-B-GE,P0908,P0558,0,10,P0558,set-scores
2007-s3-B-GE-4-6,2007-s3,B,2007-s3-B-GE,P0908,P0633,0,10,P0633,set-scores
2007-s3-B-GE-5-6,2007-s3,B,2007-s3-B-GE,P0558,P0633,2,8,P0633,set-scores
2007-s3-B-GF-0-1,2007-s3,B,2007-s3-B-GF,P0669,P0789,6,4,P0669,set-scores
2007-s3-B-GF-0-2,2007-s3,B,2007-s3-B-GF,P0669,P0737,4,6,P0737,set-scores
2007-s3-B-GF-0-3,2007-s3,B,2007-s3-B-GF,P0669,P0822,8,2,P0669,set-scores
2007-s3-B-GF-0-4,2007-s3,B,2007-s3-B-GF,P0669,P0772,2,8,P0772,set-scores
2007-s3-B-GF-0-5,2007-s3,B,2007-s3-B-GF,P0669,P0685,6,4,P0669,set-scores
2007-s3-B-GF-0-6,2007-s3,B,2007-s3-B-GF,P0669,P0791,1,9,P0791,set-scores
2007-s3-B-GF-1-2,2007-s3,B,2007-s3-B-GF,P0789,P0737,4,6,P0737,set-scores
2007-s3-B-GF-1-4,2007-s3,B,2007-s3-B-GF,P0789,P0772,5,5,,set-scores
2007-s3-B-GF-1-6,2007-s3,B,2007-s3-B-GF,P0789,P0791,4,6,P0791,set-scores
2007-s3-B-GF-2-3,2007-s3,B,2007-s3-B-GF,P0737,P0822,7,3,P0737,set-scores
2007-s3-B-GF-2-4,2007-s3,B,2007-s3-B-GF,P0737,P0772,2,8,P0772,set-scores
2007-s3-B-GF-2-5,2007-s3,B,2007-s3-B-GF,P0737,P0685,6,4,P0737,set-scores
2007-s3-B-GF-2-6,2007-s3,B,2007-s3-B-GF,P0737,P0791,6,4,P0737,set-scores
2007-s3-B-GF-3-4,2007-s3,B,2007-s3-B-GF,P0822,P0772,0,10,P0772,set-scores
2007-s3-B-GF-3-5,2007-s3,B,2007-s3-B-GF,P0822,P0685,5,5,,set-scores
2007-s3-B-GF-3-6,2007-s3,B,2007-s3-B-GF,P0822,P0791,0,10,P0791,set-scores
2007-s3-B-GF-4-5,2007-s3,B,2007-s3-B-GF,P0772,P0685,4,6,P0685,set-scores
2007-s3-B-GF-4-6,2007-s3,B,2007-s3-B-GF,P0772,P0791,5,5,,set-scores
2007-s3-B-GF-5-6,2007-s3,B,2007-s3-B-GF,P0685,P0791,1,9,P0791,set-scores
2007-s4-A-GA-0-1,2007-s4,A,2007-s4-A-GA,P0658,P0724,8,2,P0658,set-scores
2007-s4-A-GA-0-2,2007-s4,A,2007-s4-A-GA,P0658,P0845,2,8,P0845,set-scores
2007-s4-A-GA-0-3,2007-s4,A,2007-s4-A-GA,P0658,P0879,10,0,P0658,set-scores
2007-s4-A-GA-0-4,2007-s4,A,2007-s4-A-GA,P0658,P0532,6,4,P0658,set-scores
2007-s4-A-GA-0-5,2007-s4,A,2007-s4-A-GA,P0658,P0713,10,0,P0658,set-scores
2007-s4-A-GA-0-6,2007-s4,A,2007-s4-A-GA,P0658,P0940,4,6,P0940,set-scores
2007-s4-A-GA-1-2,2007-s4,A,2007-s4-A-GA,P0724,P0845,6,4,P0724,set-scores
2007-s4-A-GA-1-3,2007-s4,A,2007-s4-A-GA,P0724,P0879,10,0,P0724,set-scores
2007-s4-A-GA-1-4,2007-s4,A,2007-s4-A-GA,P0724,P0532,9,1,P0724,set-scores
2007-s4-A-GA-1-5,2007-s4,A,2007-s4-A-GA,P0724,P0713,10,0,P0724,set-scores
2007-s4-A-GA-1-6,2007-s4,A,2007-s4-A-GA,P0724,P0940,4,6,P0940,set-scores
2007-s4-A-GA-2-3,2007-s4,A,2007-s4-A-GA,P0845,P0879,7,3,P0845,set-scores
2007-s4-A-GA-2-4,2007-s4,A,2007-s4-A-GA,P0845,P0532,5,5,,set-scores
2007-s4-A-GA-2-5,2007-s4,A,2007-s4-A-GA,P0845,P0713,10,0,P0845,set-scores
2007-s4-A-GA-2-6,2007-s4,A,2007-s4-A-GA,P0845,P0940,4,6,P0940,set-scores
2007-s4-A-GA-4-5,2007-s4,A,2007-s4-A-GA,P0532,P0713,6,4,P0532,set-scores
2007-s4-A-GA-4-6,2007-s4,A,2007-s4-A-GA,P0532,P0940,2,8,P0940,set-scores
2007-s4-A-GA-5-6,2007-s4,A,2007-s4-A-GA,P0713,P0940,6,4,P0713,set-scores
2007-s4-A-GB-0-1,2007-s4,A,2007-s4-A-GB,P0029,P0655,3,7,P0655,set-scores
2007-s4-A-GB-0-3,2007-s4,A,2007-s4-A-GB,P0029,P0714,6,4,P0029,set-scores
2007-s4-A-GB-0-4,2007-s4,A,2007-s4-A-GB,P0029,P0897,5,5,,set-scores
2007-s4-A-GB-0-5,2007-s4,A,2007-s4-A-GB,P0029,P0679,6,4,P0029,set-scores
2007-s4-A-GB-0-6,2007-s4,A,2007-s4-A-GB,P0029,P0609,4,6,P0609,set-scores
2007-s4-A-GB-1-2,2007-s4,A,2007-s4-A-GB,P0655,P0737,7,3,P0655,set-scores
2007-s4-A-GB-1-3,2007-s4,A,2007-s4-A-GB,P0655,P0714,3,7,P0714,set-scores
2007-s4-A-GB-1-4,2007-s4,A,2007-s4-A-GB,P0655,P0897,4,6,P0897,set-scores
2007-s4-A-GB-1-5,2007-s4,A,2007-s4-A-GB,P0655,P0679,4,6,P0679,set-scores
2007-s4-A-GB-1-6,2007-s4,A,2007-s4-A-GB,P0655,P0609,6,4,P0655,set-scores
2007-s4-A-GB-2-3,2007-s4,A,2007-s4-A-GB,P0737,P0714,3,7,P0714,set-scores
2007-s4-A-GB-2-4,2007-s4,A,2007-s4-A-GB,P0737,P0897,4,6,P0897,set-scores
2007-s4-A-GB-2-5,2007-s4,A,2007-s4-A-GB,P0737,P0679,6,4,P0737,set-scores
2007-s4-A-GB-2-6,2007-s4,A,2007-s4-A-GB,P0737,P0609,4,6,P0609,set-scores
2007-s4-A-GB-3-4,2007-s4,A,2007-s4-A-GB,P0714,P0897,4,6,P0897,set-scores
2007-s4-A-GB-3-5,2007-s4,A,2007-s4-A-GB,P0714,P0679,7,3,P0714,set-scores
2007-s4-A-GB-3-6,2007-s4,A,2007-s4-A-GB,P0714,P0609,7,3,P0714,set-scores
2007-s4-A-GB-4-5,2007-s4,A,2007-s4-A-GB,P0897,P0679,6,4,P0897,set-scores
2007-s4-A-GB-4-6,2007-s4,A,2007-s4-A-GB,P0897,P0609,5,5,,set-scores
2007-s4-A-GB-5-6,2007-s4,A,2007-s4-A-GB,P0679,P0609,3,7,P0609,set-scores
2007-s4-A-GC-0-2,2007-s4,A,2007-s4-A-GC,P0846,P0690,4,6,P0690,set-scores
2007-s4-A-GC-0-3,2007-s4,A,2007-s4-A-GC,P0846,P0718,6,4,P0846,set-scores
2007-s4-A-GC-0-4,2007-s4,A,2007-s4-A-GC,P0846,P0131,2,8,P0131,set-scores
2007-s4-A-GC-0-5,2007-s4,A,2007-s4-A-GC,P0846,P0933,1,9,P0933,set-scores
2007-s4-A-GC-0-6,2007-s4,A,2007-s4-A-GC,P0846,P0617,3,7,P0617,set-scores
2007-s4-A-GC-1-2,2007-s4,A,2007-s4-A-GC,P0333,P0690,4,6,P0690,set-scores
2007-s4-A-GC-1-3,2007-s4,A,2007-s4-A-GC,P0333,P0718,4,6,P0718,set-scores
2007-s4-A-GC-1-4,2007-s4,A,2007-s4-A-GC,P0333,P0131,6,4,P0333,set-scores
2007-s4-A-GC-1-5,2007-s4,A,2007-s4-A-GC,P0333,P0933,4,6,P0933,set-scores
2007-s4-A-GC-1-6,2007-s4,A,2007-s4-A-GC,P0333,P0617,6,4,P0333,set-scores
2007-s4-A-GC-2-3,2007-s4,A,2007-s4-A-GC,P0690,P0718,6,4,P0690,set-scores
2007-s4-A-GC-2-4,2007-s4,A,2007-s4-A-GC,P0690,P0131,1,9,P0131,set-scores
2007-s4-A-GC-2-5,2007-s4,A,2007-s4-A-GC,P0690,P0933,6,4,P0690,set-scores
2007-s4-A-GC-2-6,2007-s4,A,2007-s4-A-GC,P0690,P0617,5,5,,set-scores
2007-s4-A-GC-3-4,2007-s4,A,2007-s4-A-GC,P0718,P0131,4,6,P0131,set-scores
2007-s4-A-GC-3-5,2007-s4,A,2007-s4-A-GC,P0718,P0933,3,7,P0933,set-scores
2007-s4-A-GC-3-6,2007-s4,A,2007-s4-A-GC,P0718,P0617,4,6,P0617,set-scores
2007-s4-A-GC-4-5,2007-s4,A,2007-s4-A-GC,P0131,P0933,9,1,P0131,set-scores
2007-s4-A-GC-4-6,2007-s4,A,2007-s4-A-GC,P0131,P0617,6,4,P0131,set-scores
2007-s4-A-GC-5-6,2007-s4,A,2007-s4-A-GC,P0933,P0617,4,6,P0617,set-scores
2007-s4-A-GD-0-1,2007-s4,A,2007-s4-A-GD,P0024,P0363,1,9,P0363,set-scores
2007-s4-A-GD-0-2,2007-s4,A,2007-s4-A-GD,P0024,P0753,3,7,P0753,set-scores
2007-s4-A-GD-0-3,2007-s4,A,2007-s4-A-GD,P0024,P0702,5,5,,set-scores
2007-s4-A-GD-0-4,2007-s4,A,2007-s4-A-GD,P0024,P0851,6,4,P0024,set-scores
2007-s4-A-GD-0-5,2007-s4,A,2007-s4-A-GD,P0024,P0739,5,5,,set-scores
2007-s4-A-GD-0-6,2007-s4,A,2007-s4-A-GD,P0024,P0921,9,1,P0024,set-scores
2007-s4-A-GD-1-2,2007-s4,A,2007-s4-A-GD,P0363,P0753,4,6,P0753,set-scores
2007-s4-A-GD-1-3,2007-s4,A,2007-s4-A-GD,P0363,P0702,4,6,P0702,set-scores
2007-s4-A-GD-1-4,2007-s4,A,2007-s4-A-GD,P0363,P0851,10,0,P0363,set-scores
2007-s4-A-GD-1-5,2007-s4,A,2007-s4-A-GD,P0363,P0739,6,4,P0363,set-scores
2007-s4-A-GD-1-6,2007-s4,A,2007-s4-A-GD,P0363,P0921,10,0,P0363,set-scores
2007-s4-A-GD-2-3,2007-s4,A,2007-s4-A-GD,P0753,P0702,4,6,P0702,set-scores
2007-s4-A-GD-2-4,2007-s4,A,2007-s4-A-GD,P0753,P0851,5,5,,set-scores
2007-s4-A-GD-2-5,2007-s4,A,2007-s4-A-GD,P0753,P0739,4,6,P0739,set-scores
2007-s4-A-GD-2-6,2007-s4,A,2007-s4-A-GD,P0753,P0921,10,0,P0753,set-scores
2007-s4-A-GD-3-4,2007-s4,A,2007-s4-A-GD,P0702,P0851,8,2,P0702,set-scores
2007-s4-A-GD-3-5,2007-s4,A,2007-s4-A-GD,P0702,P0739,5,5,,set-scores
2007-s4-A-GD-3-6,2007-s4,A,2007-s4-A-GD,P0702,P0921,5,5,,set-scores
2007-s4-A-GD-4-5,2007-s4,A,2007-s4-A-GD,P0851,P0739,5,5,,set-scores
2007-s4-A-GD-5-6,2007-s4,A,2007-s4-A-GD,P0739,P0921,10,0,P0739,set-scores
2007-s4-A-GE-0-1,2007-s4,A,2007-s4-A-GE,P0732,P0297,4,6,P0297,set-scores
2007-s4-A-GE-0-2,2007-s4,A,2007-s4-A-GE,P0732,P0827,8,2,P0732,set-scores
2007-s4-A-GE-0-3,2007-s4,A,2007-s4-A-GE,P0732,P0440,2,8,P0440,set-scores
2007-s4-A-GE-0-4,2007-s4,A,2007-s4-A-GE,P0732,P0694,6,4,P0732,set-scores
2007-s4-A-GE-0-5,2007-s4,A,2007-s4-A-GE,P0732,P0073,3,7,P0073,set-scores
2007-s4-A-GE-0-6,2007-s4,A,2007-s4-A-GE,P0732,P0584,4,6,P0584,set-scores
2007-s4-A-GE-1-2,2007-s4,A,2007-s4-A-GE,P0297,P0827,9,1,P0297,set-scores
2007-s4-A-GE-1-3,2007-s4,A,2007-s4-A-GE,P0297,P0440,6,4,P0297,set-scores
2007-s4-A-GE-1-4,2007-s4,A,2007-s4-A-GE,P0297,P0694,10,0,P0297,set-scores
2007-s4-A-GE-1-5,2007-s4,A,2007-s4-A-GE,P0297,P0073,9,1,P0297,set-scores
2007-s4-A-GE-1-6,2007-s4,A,2007-s4-A-GE,P0297,P0584,4,6,P0584,set-scores
2007-s4-A-GE-2-3,2007-s4,A,2007-s4-A-GE,P0827,P0440,0,10,P0440,set-scores
2007-s4-A-GE-2-4,2007-s4,A,2007-s4-A-GE,P0827,P0694,7,3,P0827,set-scores
2007-s4-A-GE-2-5,2007-s4,A,2007-s4-A-GE,P0827,P0073,3,7,P0073,set-scores
2007-s4-A-GE-2-6,2007-s4,A,2007-s4-A-GE,P0827,P0584,3,7,P0584,set-scores
2007-s4-A-GE-3-4,2007-s4,A,2007-s4-A-GE,P0440,P0694,6,4,P0440,set-scores
2007-s4-A-GE-3-5,2007-s4,A,2007-s4-A-GE,P0440,P0073,4,6,P0073,set-scores
2007-s4-A-GE-3-6,2007-s4,A,2007-s4-A-GE,P0440,P0584,5,5,,set-scores
2007-s4-A-GE-4-5,2007-s4,A,2007-s4-A-GE,P0694,P0073,3,7,P0073,set-scores
2007-s4-A-GE-4-6,2007-s4,A,2007-s4-A-GE,P0694,P0584,4,6,P0584,set-scores
2007-s4-A-GE-5-6,2007-s4,A,2007-s4-A-GE,P0073,P0584,4,6,P0584,set-scores
2007-s4-A-GF-0-1,2007-s4,A,2007-s4-A-GF,P0774,P0223,2,8,P0223,set-scores
2007-s4-A-GF-0-2,2007-s4,A,2007-s4-A-GF,P0774,P0853,4,6,P0853,set-scores
2007-s4-A-GF-0-3,2007-s4,A,2007-s4-A-GF,P0774,P0493,2,8,P0493,set-scores
2007-s4-A-GF-0-4,2007-s4,A,2007-s4-A-GF,P0774,P0383,2,8,P0383,set-scores
2007-s4-A-GF-0-5,2007-s4,A,2007-s4-A-GF,P0774,P0166,6,4,P0774,set-scores
2007-s4-A-GF-0-6,2007-s4,A,2007-s4-A-GF,P0774,P0880,4,6,P0880,set-scores
2007-s4-A-GF-1-2,2007-s4,A,2007-s4-A-GF,P0223,P0853,6,4,P0223,set-scores
2007-s4-A-GF-1-3,2007-s4,A,2007-s4-A-GF,P0223,P0493,3,7,P0493,set-scores
2007-s4-A-GF-1-4,2007-s4,A,2007-s4-A-GF,P0223,P0383,7,3,P0223,set-scores
2007-s4-A-GF-1-5,2007-s4,A,2007-s4-A-GF,P0223,P0166,10,0,P0223,set-scores
2007-s4-A-GF-1-6,2007-s4,A,2007-s4-A-GF,P0223,P0880,6,4,P0223,set-scores
2007-s4-A-GF-2-3,2007-s4,A,2007-s4-A-GF,P0853,P0493,4,6,P0493,set-scores
2007-s4-A-GF-2-4,2007-s4,A,2007-s4-A-GF,P0853,P0383,8,2,P0853,set-scores
2007-s4-A-GF-2-5,2007-s4,A,2007-s4-A-GF,P0853,P0166,6,4,P0853,set-scores
2007-s4-A-GF-2-6,2007-s4,A,2007-s4-A-GF,P0853,P0880,7,3,P0853,set-scores
2007-s4-A-GF-3-4,2007-s4,A,2007-s4-A-GF,P0493,P0383,7,3,P0493,set-scores
2007-s4-A-GF-3-5,2007-s4,A,2007-s4-A-GF,P0493,P0166,7,3,P0493,set-scores
2007-s4-A-GF-3-6,2007-s4,A,2007-s4-A-GF,P0493,P0880,7,3,P0493,set-scores
2007-s4-A-GF-4-5,2007-s4,A,2007-s4-A-GF,P0383,P0166,8,2,P0383,set-scores
2007-s4-A-GF-4-6,2007-s4,A,2007-s4-A-GF,P0383,P0880,7,3,P0383,set-scores
2007-s4-A-GG-0-1,2007-s4,A,2007-s4-A-GG,P0205,P0749,6,4,P0205,set-scores
2007-s4-A-GG-0-3,2007-s4,A,2007-s4-A-GG,P0205,P0847,4,6,P0847,set-scores
2007-s4-A-GG-0-4,2007-s4,A,2007-s4-A-GG,P0205,P0172,7,3,P0205,set-scores
2007-s4-A-GG-0-5,2007-s4,A,2007-s4-A-GG,P0205,P0321,6,4,P0205,set-scores
2007-s4-A-GG-0-6,2007-s4,A,2007-s4-A-GG,P0205,P0662,6,4,P0205,set-scores
2007-s4-A-GG-1-2,2007-s4,A,2007-s4-A-GG,P0749,P0877,6,4,P0749,set-scores
2007-s4-A-GG-1-3,2007-s4,A,2007-s4-A-GG,P0749,P0847,3,7,P0847,set-scores
2007-s4-A-GG-1-4,2007-s4,A,2007-s4-A-GG,P0749,P0172,2,8,P0172,set-scores
2007-s4-A-GG-2-3,2007-s4,A,2007-s4-A-GG,P0877,P0847,2,8,P0847,set-scores
2007-s4-A-GG-2-4,2007-s4,A,2007-s4-A-GG,P0877,P0172,3,7,P0172,set-scores
2007-s4-A-GG-3-4,2007-s4,A,2007-s4-A-GG,P0847,P0172,6,4,P0847,set-scores
2007-s4-A-GG-3-5,2007-s4,A,2007-s4-A-GG,P0847,P0321,9,1,P0847,set-scores
2007-s4-A-GG-3-6,2007-s4,A,2007-s4-A-GG,P0847,P0662,4,6,P0662,set-scores
2007-s4-A-GG-4-5,2007-s4,A,2007-s4-A-GG,P0172,P0321,10,0,P0172,set-scores
2007-s4-A-GG-4-6,2007-s4,A,2007-s4-A-GG,P0172,P0662,10,0,P0172,set-scores
2007-s4-A-GH-0-1,2007-s4,A,2007-s4-A-GH,P0165,P0697,10,0,P0165,set-scores
2007-s4-A-GH-0-2,2007-s4,A,2007-s4-A-GH,P0165,P0270,10,0,P0165,set-scores
2007-s4-A-GH-0-3,2007-s4,A,2007-s4-A-GH,P0165,P0076,5,5,,set-scores
2007-s4-A-GH-0-4,2007-s4,A,2007-s4-A-GH,P0165,P0828,4,6,P0828,set-scores
2007-s4-A-GH-0-5,2007-s4,A,2007-s4-A-GH,P0165,P0491,4,6,P0491,set-scores
2007-s4-A-GH-0-6,2007-s4,A,2007-s4-A-GH,P0165,P0404,4,6,P0404,set-scores
2007-s4-A-GH-1-2,2007-s4,A,2007-s4-A-GH,P0697,P0270,6,4,P0697,set-scores
2007-s4-A-GH-1-4,2007-s4,A,2007-s4-A-GH,P0697,P0828,10,0,P0697,set-scores
2007-s4-A-GH-1-5,2007-s4,A,2007-s4-A-GH,P0697,P0491,6,4,P0697,set-scores
2007-s4-A-GH-1-6,2007-s4,A,2007-s4-A-GH,P0697,P0404,7,3,P0697,set-scores
2007-s4-A-GH-3-4,2007-s4,A,2007-s4-A-GH,P0076,P0828,10,0,P0076,set-scores
2007-s4-A-GH-3-5,2007-s4,A,2007-s4-A-GH,P0076,P0491,5,5,,set-scores
2007-s4-A-GH-3-6,2007-s4,A,2007-s4-A-GH,P0076,P0404,1,9,P0404,set-scores
2007-s4-A-GH-5-6,2007-s4,A,2007-s4-A-GH,P0491,P0404,4,6,P0404,set-scores
2007-s4-B-GA-0-1,2007-s4,B,2007-s4-B-GA,P0727,P0764,6,4,P0727,set-scores
2007-s4-B-GA-0-2,2007-s4,B,2007-s4-B-GA,P0727,P0792,9,1,P0727,set-scores
2007-s4-B-GA-0-3,2007-s4,B,2007-s4-B-GA,P0727,P0664,10,0,P0727,set-scores
2007-s4-B-GA-0-4,2007-s4,B,2007-s4-B-GA,P0727,P0866,1,9,P0866,set-scores
2007-s4-B-GA-0-5,2007-s4,B,2007-s4-B-GA,P0727,P0266,5,5,,set-scores
2007-s4-B-GA-0-6,2007-s4,B,2007-s4-B-GA,P0727,P0558,4,6,P0558,set-scores
2007-s4-B-GA-1-2,2007-s4,B,2007-s4-B-GA,P0764,P0792,6,4,P0764,set-scores
2007-s4-B-GA-1-6,2007-s4,B,2007-s4-B-GA,P0764,P0558,5,5,,set-scores
2007-s4-B-GA-2-3,2007-s4,B,2007-s4-B-GA,P0792,P0664,10,0,P0792,set-scores
2007-s4-B-GA-2-4,2007-s4,B,2007-s4-B-GA,P0792,P0866,9,1,P0792,set-scores
2007-s4-B-GA-2-5,2007-s4,B,2007-s4-B-GA,P0792,P0266,5,5,,set-scores
2007-s4-B-GA-2-6,2007-s4,B,2007-s4-B-GA,P0792,P0558,3,7,P0558,set-scores
2007-s4-B-GA-4-6,2007-s4,B,2007-s4-B-GA,P0866,P0558,3,7,P0558,set-scores
2007-s4-B-GA-5-6,2007-s4,B,2007-s4-B-GA,P0266,P0558,3,7,P0558,set-scores
2007-s4-B-GB-0-1,2007-s4,B,2007-s4-B-GB,P0919,P0315,3,7,P0315,set-scores
2007-s4-B-GB-0-2,2007-s4,B,2007-s4-B-GB,P0919,P0687,4,6,P0687,set-scores
2007-s4-B-GB-0-3,2007-s4,B,2007-s4-B-GB,P0919,P0852,4,6,P0852,set-scores
2007-s4-B-GB-0-4,2007-s4,B,2007-s4-B-GB,P0919,P0848,1,9,P0848,set-scores
2007-s4-B-GB-0-6,2007-s4,B,2007-s4-B-GB,P0919,P0916,2,8,P0916,set-scores
2007-s4-B-GB-1-2,2007-s4,B,2007-s4-B-GB,P0315,P0687,6,4,P0315,set-scores
2007-s4-B-GB-1-3,2007-s4,B,2007-s4-B-GB,P0315,P0852,7,3,P0315,set-scores
2007-s4-B-GB-1-4,2007-s4,B,2007-s4-B-GB,P0315,P0848,7,3,P0315,set-scores
2007-s4-B-GB-1-5,2007-s4,B,2007-s4-B-GB,P0315,P0051,6,4,P0315,set-scores
2007-s4-B-GB-1-6,2007-s4,B,2007-s4-B-GB,P0315,P0916,6,4,P0315,set-scores
2007-s4-B-GB-2-3,2007-s4,B,2007-s4-B-GB,P0687,P0852,9,1,P0687,set-scores
2007-s4-B-GB-2-4,2007-s4,B,2007-s4-B-GB,P0687,P0848,6,4,P0687,set-scores
2007-s4-B-GB-2-6,2007-s4,B,2007-s4-B-GB,P0687,P0916,6,4,P0687,set-scores
2007-s4-B-GB-3-5,2007-s4,B,2007-s4-B-GB,P0852,P0051,1,9,P0051,set-scores
2007-s4-B-GB-4-6,2007-s4,B,2007-s4-B-GB,P0848,P0916,6,4,P0848,set-scores
2007-s4-B-GB-5-6,2007-s4,B,2007-s4-B-GB,P0051,P0916,8,2,P0051,set-scores
2007-s4-B-GC-0-1,2007-s4,B,2007-s4-B-GC,P0881,P0738,6,4,P0881,set-scores
2007-s4-B-GC-0-2,2007-s4,B,2007-s4-B-GC,P0881,P0794,7,3,P0881,set-scores
2007-s4-B-GC-0-3,2007-s4,B,2007-s4-B-GC,P0881,P0447,7,3,P0881,set-scores
2007-s4-B-GC-0-4,2007-s4,B,2007-s4-B-GC,P0881,P0929,6,4,P0881,set-scores
2007-s4-B-GC-0-5,2007-s4,B,2007-s4-B-GC,P0881,P0886,3,7,P0886,set-scores
2007-s4-B-GC-0-6,2007-s4,B,2007-s4-B-GC,P0881,P0633,10,0,P0881,set-scores
2007-s4-B-GC-1-2,2007-s4,B,2007-s4-B-GC,P0738,P0794,3,7,P0794,set-scores
2007-s4-B-GC-1-3,2007-s4,B,2007-s4-B-GC,P0738,P0447,5,5,,set-scores
2007-s4-B-GC-1-4,2007-s4,B,2007-s4-B-GC,P0738,P0929,6,4,P0738,set-scores
2007-s4-B-GC-1-5,2007-s4,B,2007-s4-B-GC,P0738,P0886,3,7,P0886,set-scores
2007-s4-B-GC-1-6,2007-s4,B,2007-s4-B-GC,P0738,P0633,10,0,P0738,set-scores
2007-s4-B-GC-2-3,2007-s4,B,2007-s4-B-GC,P0794,P0447,4,6,P0447,set-scores
2007-s4-B-GC-2-4,2007-s4,B,2007-s4-B-GC,P0794,P0929,8,2,P0794,set-scores
2007-s4-B-GC-2-5,2007-s4,B,2007-s4-B-GC,P0794,P0886,6,4,P0794,set-scores
2007-s4-B-GC-2-6,2007-s4,B,2007-s4-B-GC,P0794,P0633,5,5,,set-scores
2007-s4-B-GC-3-4,2007-s4,B,2007-s4-B-GC,P0447,P0929,3,7,P0929,set-scores
2007-s4-B-GC-3-5,2007-s4,B,2007-s4-B-GC,P0447,P0886,4,6,P0886,set-scores
2007-s4-B-GC-3-6,2007-s4,B,2007-s4-B-GC,P0447,P0633,10,0,P0447,set-scores
2007-s4-B-GC-4-5,2007-s4,B,2007-s4-B-GC,P0929,P0886,6,4,P0929,set-scores
2007-s4-B-GC-4-6,2007-s4,B,2007-s4-B-GC,P0929,P0633,10,0,P0929,set-scores
2007-s4-B-GC-5-6,2007-s4,B,2007-s4-B-GC,P0886,P0633,6,4,P0886,set-scores
2007-s4-B-GD-0-1,2007-s4,B,2007-s4-B-GD,P0729,P0217,4,6,P0217,set-scores
2007-s4-B-GD-0-2,2007-s4,B,2007-s4-B-GD,P0729,P0359,5,5,,set-scores
2007-s4-B-GD-0-3,2007-s4,B,2007-s4-B-GD,P0729,P0431,6,4,P0729,set-scores
2007-s4-B-GD-0-4,2007-s4,B,2007-s4-B-GD,P0729,P0899,10,0,P0729,set-scores
2007-s4-B-GD-0-5,2007-s4,B,2007-s4-B-GD,P0729,P0909,8,2,P0729,set-scores
2007-s4-B-GD-0-6,2007-s4,B,2007-s4-B-GD,P0729,P0686,6,4,P0729,set-scores
2007-s4-B-GD-1-2,2007-s4,B,2007-s4-B-GD,P0217,P0359,8,2,P0217,set-scores
2007-s4-B-GD-1-3,2007-s4,B,2007-s4-B-GD,P0217,P0431,9,1,P0217,set-scores
2007-s4-B-GD-1-4,2007-s4,B,2007-s4-B-GD,P0217,P0899,5,5,,set-scores
2007-s4-B-GD-1-5,2007-s4,B,2007-s4-B-GD,P0217,P0909,6,4,P0217,set-scores
2007-s4-B-GD-1-6,2007-s4,B,2007-s4-B-GD,P0217,P0686,6,4,P0217,set-scores
2007-s4-B-GD-2-3,2007-s4,B,2007-s4-B-GD,P0359,P0431,7,3,P0359,set-scores
2007-s4-B-GD-2-4,2007-s4,B,2007-s4-B-GD,P0359,P0899,10,0,P0359,set-scores
2007-s4-B-GD-2-5,2007-s4,B,2007-s4-B-GD,P0359,P0909,5,5,,set-scores
2007-s4-B-GD-2-6,2007-s4,B,2007-s4-B-GD,P0359,P0686,8,2,P0359,set-scores
2007-s4-B-GD-3-4,2007-s4,B,2007-s4-B-GD,P0431,P0899,4,6,P0899,set-scores
2007-s4-B-GD-3-5,2007-s4,B,2007-s4-B-GD,P0431,P0909,1,9,P0909,set-scores
2007-s4-B-GD-3-6,2007-s4,B,2007-s4-B-GD,P0431,P0686,5,5,,set-scores
2007-s4-B-GD-4-5,2007-s4,B,2007-s4-B-GD,P0899,P0909,4,6,P0909,set-scores
2007-s4-B-GD-4-6,2007-s4,B,2007-s4-B-GD,P0899,P0686,0,10,P0686,set-scores
2007-s4-B-GD-5-6,2007-s4,B,2007-s4-B-GD,P0909,P0686,6,4,P0909,set-scores
2007-s4-B-GE-0-1,2007-s4,B,2007-s4-B-GE,P0745,P0771,1,9,P0771,set-scores
2007-s4-B-GE-0-2,2007-s4,B,2007-s4-B-GE,P0745,P0344,3,7,P0344,set-scores
2007-s4-B-GE-0-3,2007-s4,B,2007-s4-B-GE,P0745,P0765,4,6,P0765,set-scores
2007-s4-B-GE-0-4,2007-s4,B,2007-s4-B-GE,P0745,P0684,4,6,P0684,set-scores
2007-s4-B-GE-0-5,2007-s4,B,2007-s4-B-GE,P0745,P0669,6,4,P0745,set-scores
2007-s4-B-GE-0-6,2007-s4,B,2007-s4-B-GE,P0745,P0820,0,10,P0820,set-scores
2007-s4-B-GE-1-2,2007-s4,B,2007-s4-B-GE,P0771,P0344,2,8,P0344,set-scores
2007-s4-B-GE-1-3,2007-s4,B,2007-s4-B-GE,P0771,P0765,4,6,P0765,set-scores
2007-s4-B-GE-1-4,2007-s4,B,2007-s4-B-GE,P0771,P0684,3,7,P0684,set-scores
2007-s4-B-GE-1-5,2007-s4,B,2007-s4-B-GE,P0771,P0669,6,4,P0771,set-scores
2007-s4-B-GE-1-6,2007-s4,B,2007-s4-B-GE,P0771,P0820,4,6,P0820,set-scores
2007-s4-B-GE-2-3,2007-s4,B,2007-s4-B-GE,P0344,P0765,3,7,P0765,set-scores
2007-s4-B-GE-2-4,2007-s4,B,2007-s4-B-GE,P0344,P0684,4,6,P0684,set-scores
2007-s4-B-GE-2-5,2007-s4,B,2007-s4-B-GE,P0344,P0669,8,2,P0344,set-scores
2007-s4-B-GE-2-6,2007-s4,B,2007-s4-B-GE,P0344,P0820,9,1,P0344,set-scores
2007-s4-B-GE-3-4,2007-s4,B,2007-s4-B-GE,P0765,P0684,6,4,P0765,set-scores
2007-s4-B-GE-3-5,2007-s4,B,2007-s4-B-GE,P0765,P0669,6,4,P0765,set-scores
2007-s4-B-GE-3-6,2007-s4,B,2007-s4-B-GE,P0765,P0820,7,3,P0765,set-scores
2007-s4-B-GE-4-5,2007-s4,B,2007-s4-B-GE,P0684,P0669,9,1,P0684,set-scores
2007-s4-B-GE-4-6,2007-s4,B,2007-s4-B-GE,P0684,P0820,6,4,P0684,set-scores
2007-s4-B-GE-5-6,2007-s4,B,2007-s4-B-GE,P0669,P0820,3,7,P0820,set-scores
2007-s4-B-GF-0-1,2007-s4,B,2007-s4-B-GF,P0728,P0761,8,2,P0728,set-scores
2007-s4-B-GF-0-2,2007-s4,B,2007-s4-B-GF,P0728,P0775,8,2,P0728,set-scores
2007-s4-B-GF-0-3,2007-s4,B,2007-s4-B-GF,P0728,P0854,10,0,P0728,set-scores
2007-s4-B-GF-0-4,2007-s4,B,2007-s4-B-GF,P0728,P0782,5,5,,set-scores
2007-s4-B-GF-0-6,2007-s4,B,2007-s4-B-GF,P0728,P0785,5,5,,set-scores
2007-s4-B-GF-1-2,2007-s4,B,2007-s4-B-GF,P0761,P0775,3,7,P0775,set-scores
2007-s4-B-GF-1-3,2007-s4,B,2007-s4-B-GF,P0761,P0854,8,2,P0761,set-scores
2007-s4-B-GF-1-4,2007-s4,B,2007-s4-B-GF,P0761,P0782,6,4,P0761,set-scores
2007-s4-B-GF-1-5,2007-s4,B,2007-s4-B-GF,P0761,P0796,3,7,P0796,set-scores
2007-s4-B-GF-1-6,2007-s4,B,2007-s4-B-GF,P0761,P0785,2,8,P0785,set-scores
2007-s4-B-GF-2-3,2007-s4,B,2007-s4-B-GF,P0775,P0854,7,3,P0775,set-scores
2007-s4-B-GF-2-4,2007-s4,B,2007-s4-B-GF,P0775,P0782,10,0,P0775,set-scores
2007-s4-B-GF-2-5,2007-s4,B,2007-s4-B-GF,P0775,P0796,0,10,P0796,set-scores
2007-s4-B-GF-2-6,2007-s4,B,2007-s4-B-GF,P0775,P0785,1,9,P0785,set-scores
2007-s4-B-GF-3-4,2007-s4,B,2007-s4-B-GF,P0854,P0782,2,8,P0782,set-scores
2007-s4-B-GF-3-5,2007-s4,B,2007-s4-B-GF,P0854,P0796,0,10,P0796,set-scores
2007-s4-B-GF-3-6,2007-s4,B,2007-s4-B-GF,P0854,P0785,1,9,P0785,set-scores
2007-s4-B-GF-4-5,2007-s4,B,2007-s4-B-GF,P0782,P0796,5,5,,set-scores
2007-s4-B-GF-4-6,2007-s4,B,2007-s4-B-GF,P0782,P0785,10,0,P0782,set-scores
2007-s4-B-GF-5-6,2007-s4,B,2007-s4-B-GF,P0796,P0785,5,5,,set-scores
2007-s4-B-GG-0-2,2007-s4,B,2007-s4-B-GG,P0340,P0485,4,6,P0485,set-scores
2007-s4-B-GG-0-3,2007-s4,B,2007-s4-B-GG,P0340,P0875,2,8,P0875,set-scores
2007-s4-B-GG-0-4,2007-s4,B,2007-s4-B-GG,P0340,P0772,6,4,P0340,set-scores
2007-s4-B-GG-0-5,2007-s4,B,2007-s4-B-GG,P0340,P0928,5,5,,set-scores
2007-s4-B-GG-0-6,2007-s4,B,2007-s4-B-GG,P0340,P0895,1,9,P0895,set-scores
2007-s4-B-GG-1-2,2007-s4,B,2007-s4-B-GG,P0903,P0485,0,10,P0485,set-scores
2007-s4-B-GG-1-3,2007-s4,B,2007-s4-B-GG,P0903,P0875,8,2,P0903,set-scores
2007-s4-B-GG-1-4,2007-s4,B,2007-s4-B-GG,P0903,P0772,6,4,P0903,set-scores
2007-s4-B-GG-1-5,2007-s4,B,2007-s4-B-GG,P0903,P0928,4,6,P0928,set-scores
2007-s4-B-GG-1-6,2007-s4,B,2007-s4-B-GG,P0903,P0895,3,7,P0895,set-scores
2007-s4-B-GG-2-3,2007-s4,B,2007-s4-B-GG,P0485,P0875,4,6,P0875,set-scores
2007-s4-B-GG-2-4,2007-s4,B,2007-s4-B-GG,P0485,P0772,4,6,P0772,set-scores
2007-s4-B-GG-2-5,2007-s4,B,2007-s4-B-GG,P0485,P0928,6,4,P0485,set-scores
2007-s4-B-GG-2-6,2007-s4,B,2007-s4-B-GG,P0485,P0895,6,4,P0485,set-scores
2007-s4-B-GG-3-4,2007-s4,B,2007-s4-B-GG,P0875,P0772,3,7,P0772,set-scores
2007-s4-B-GG-3-5,2007-s4,B,2007-s4-B-GG,P0875,P0928,2,8,P0928,set-scores
2007-s4-B-GG-3-6,2007-s4,B,2007-s4-B-GG,P0875,P0895,6,4,P0875,set-scores
2007-s4-B-GG-4-5,2007-s4,B,2007-s4-B-GG,P0772,P0928,3,7,P0928,set-scores
2007-s4-B-GG-4-6,2007-s4,B,2007-s4-B-GG,P0772,P0895,7,3,P0772,set-scores
2007-s4-B-GG-5-6,2007-s4,B,2007-s4-B-GG,P0928,P0895,4,6,P0895,set-scores
2007-s5-A-GA-0-1,2007-s5,A,2007-s5-A-GA,P0531,P0728,6,4,P0531,set-scores
2007-s5-A-GA-0-2,2007-s5,A,2007-s5-A-GA,P0531,P0422,10,0,P0531,set-scores
2007-s5-A-GA-0-3,2007-s5,A,2007-s5-A-GA,P0531,P0719,3,7,P0719,set-scores
2007-s5-A-GA-0-4,2007-s5,A,2007-s5-A-GA,P0531,P0895,6,4,P0531,set-scores
2007-s5-A-GA-0-5,2007-s5,A,2007-s5-A-GA,P0531,P0847,5,5,,set-scores
2007-s5-A-GA-0-6,2007-s5,A,2007-s5-A-GA,P0531,P0940,5,5,,set-scores
2007-s5-A-GA-1-2,2007-s5,A,2007-s5-A-GA,P0728,P0422,6,4,P0728,set-scores
2007-s5-A-GA-1-3,2007-s5,A,2007-s5-A-GA,P0728,P0719,4,6,P0719,set-scores
2007-s5-A-GA-1-4,2007-s5,A,2007-s5-A-GA,P0728,P0895,8,2,P0728,set-scores
2007-s5-A-GA-1-5,2007-s5,A,2007-s5-A-GA,P0728,P0847,5,5,,set-scores
2007-s5-A-GA-1-6,2007-s5,A,2007-s5-A-GA,P0728,P0940,5,5,,set-scores
2007-s5-A-GA-2-3,2007-s5,A,2007-s5-A-GA,P0422,P0719,6,4,P0422,set-scores
2007-s5-A-GA-2-4,2007-s5,A,2007-s5-A-GA,P0422,P0895,6,4,P0422,set-scores
2007-s5-A-GA-2-6,2007-s5,A,2007-s5-A-GA,P0422,P0940,6,4,P0422,set-scores
2007-s5-A-GA-3-4,2007-s5,A,2007-s5-A-GA,P0719,P0895,8,2,P0719,set-scores
2007-s5-A-GA-3-5,2007-s5,A,2007-s5-A-GA,P0719,P0847,4,6,P0847,set-scores
2007-s5-A-GA-3-6,2007-s5,A,2007-s5-A-GA,P0719,P0940,4,6,P0940,set-scores
2007-s5-A-GA-4-5,2007-s5,A,2007-s5-A-GA,P0895,P0847,2,8,P0847,set-scores
2007-s5-A-GA-4-6,2007-s5,A,2007-s5-A-GA,P0895,P0940,6,4,P0895,set-scores
2007-s5-A-GA-5-6,2007-s5,A,2007-s5-A-GA,P0847,P0940,7,3,P0847,set-scores
2007-s5-A-GB-0-1,2007-s5,A,2007-s5-A-GB,P0724,P0404,7,3,P0724,set-scores
2007-s5-A-GB-0-2,2007-s5,A,2007-s5-A-GB,P0724,P0711,10,0,P0724,set-scores
2007-s5-A-GB-0-3,2007-s5,A,2007-s5-A-GB,P0724,P0672,5,5,,set-scores
2007-s5-A-GB-0-4,2007-s5,A,2007-s5-A-GB,P0724,P0897,6,4,P0724,set-scores
2007-s5-A-GB-0-5,2007-s5,A,2007-s5-A-GB,P0724,P0912,9,1,P0724,set-scores
2007-s5-A-GB-1-3,2007-s5,A,2007-s5-A-GB,P0404,P0672,3,7,P0672,set-scores
2007-s5-A-GB-1-4,2007-s5,A,2007-s5-A-GB,P0404,P0897,6,4,P0404,set-scores
2007-s5-A-GB-1-5,2007-s5,A,2007-s5-A-GB,P0404,P0912,2,8,P0912,set-scores
2007-s5-A-GB-1-6,2007-s5,A,2007-s5-A-GB,P0404,P0616,6,4,P0404,set-scores
2007-s5-A-GB-2-3,2007-s5,A,2007-s5-A-GB,P0711,P0672,6,4,P0711,set-scores
2007-s5-A-GB-2-4,2007-s5,A,2007-s5-A-GB,P0711,P0897,3,7,P0897,set-scores
2007-s5-A-GB-2-5,2007-s5,A,2007-s5-A-GB,P0711,P0912,6,4,P0711,set-scores
2007-s5-A-GB-2-6,2007-s5,A,2007-s5-A-GB,P0711,P0616,9,1,P0711,set-scores
2007-s5-A-GB-3-4,2007-s5,A,2007-s5-A-GB,P0672,P0897,6,4,P0672,set-scores
2007-s5-A-GB-3-5,2007-s5,A,2007-s5-A-GB,P0672,P0912,8,2,P0672,set-scores
2007-s5-A-GB-3-6,2007-s5,A,2007-s5-A-GB,P0672,P0616,6,4,P0672,set-scores
2007-s5-A-GB-4-5,2007-s5,A,2007-s5-A-GB,P0897,P0912,10,0,P0897,set-scores
2007-s5-A-GB-4-6,2007-s5,A,2007-s5-A-GB,P0897,P0616,6,4,P0897,set-scores
2007-s5-A-GB-5-6,2007-s5,A,2007-s5-A-GB,P0912,P0616,0,10,P0616,set-scores
2007-s5-A-GC-0-1,2007-s5,A,2007-s5-A-GC,P0363,P0715,6,4,P0363,set-scores
2007-s5-A-GC-0-2,2007-s5,A,2007-s5-A-GC,P0363,P0024,3,7,P0024,set-scores
2007-s5-A-GC-0-3,2007-s5,A,2007-s5-A-GC,P0363,P0787,7,3,P0363,set-scores
2007-s5-A-GC-0-4,2007-s5,A,2007-s5-A-GC,P0363,P0073,4,6,P0073,set-scores
2007-s5-A-GC-0-5,2007-s5,A,2007-s5-A-GC,P0363,P0655,6,4,P0363,set-scores
2007-s5-A-GC-0-6,2007-s5,A,2007-s5-A-GC,P0363,P0491,6,4,P0363,set-scores
2007-s5-A-GC-1-2,2007-s5,A,2007-s5-A-GC,P0715,P0024,8,2,P0715,set-scores
2007-s5-A-GC-1-3,2007-s5,A,2007-s5-A-GC,P0715,P0787,2,8,P0787,set-scores
2007-s5-A-GC-1-4,2007-s5,A,2007-s5-A-GC,P0715,P0073,3,7,P0073,set-scores
2007-s5-A-GC-1-5,2007-s5,A,2007-s5-A-GC,P0715,P0655,6,4,P0715,set-scores
2007-s5-A-GC-1-6,2007-s5,A,2007-s5-A-GC,P0715,P0491,7,3,P0715,set-scores
2007-s5-A-GC-2-3,2007-s5,A,2007-s5-A-GC,P0024,P0787,2,8,P0787,set-scores
2007-s5-A-GC-2-4,2007-s5,A,2007-s5-A-GC,P0024,P0073,2,8,P0073,set-scores
2007-s5-A-GC-2-5,2007-s5,A,2007-s5-A-GC,P0024,P0655,4,6,P0655,set-scores
2007-s5-A-GC-2-6,2007-s5,A,2007-s5-A-GC,P0024,P0491,8,2,P0024,set-scores
2007-s5-A-GC-3-4,2007-s5,A,2007-s5-A-GC,P0787,P0073,3,7,P0073,set-scores
2007-s5-A-GC-3-5,2007-s5,A,2007-s5-A-GC,P0787,P0655,4,6,P0655,set-scores
2007-s5-A-GC-4-5,2007-s5,A,2007-s5-A-GC,P0073,P0655,4,6,P0655,set-scores
2007-s5-A-GC-4-6,2007-s5,A,2007-s5-A-GC,P0073,P0491,6,4,P0073,set-scores
2007-s5-A-GC-5-6,2007-s5,A,2007-s5-A-GC,P0655,P0491,4,6,P0491,set-scores
2007-s5-A-GD-0-1,2007-s5,A,2007-s5-A-GD,P0759,P0140,1,9,P0140,set-scores
2007-s5-A-GD-0-2,2007-s5,A,2007-s5-A-GD,P0759,P0297,2,8,P0297,set-scores
2007-s5-A-GD-0-3,2007-s5,A,2007-s5-A-GD,P0759,P0019,6,4,P0759,set-scores
2007-s5-A-GD-0-4,2007-s5,A,2007-s5-A-GD,P0759,P0923,6,4,P0759,set-scores
2007-s5-A-GD-0-5,2007-s5,A,2007-s5-A-GD,P0759,P0223,4,6,P0223,set-scores
2007-s5-A-GD-0-6,2007-s5,A,2007-s5-A-GD,P0759,P0910,10,0,P0759,set-scores
2007-s5-A-GD-1-2,2007-s5,A,2007-s5-A-GD,P0140,P0297,4,6,P0297,set-scores
2007-s5-A-GD-1-3,2007-s5,A,2007-s5-A-GD,P0140,P0019,7,3,P0140,set-scores
2007-s5-A-GD-1-4,2007-s5,A,2007-s5-A-GD,P0140,P0923,3,7,P0923,set-scores
2007-s5-A-GD-1-5,2007-s5,A,2007-s5-A-GD,P0140,P0223,6,4,P0140,set-scores
2007-s5-A-GD-1-6,2007-s5,A,2007-s5-A-GD,P0140,P0910,10,0,P0140,set-scores
2007-s5-A-GD-2-3,2007-s5,A,2007-s5-A-GD,P0297,P0019,7,3,P0297,set-scores
2007-s5-A-GD-2-4,2007-s5,A,2007-s5-A-GD,P0297,P0923,9,1,P0297,set-scores
2007-s5-A-GD-2-5,2007-s5,A,2007-s5-A-GD,P0297,P0223,9,1,P0297,set-scores
2007-s5-A-GD-2-6,2007-s5,A,2007-s5-A-GD,P0297,P0910,10,0,P0297,set-scores
2007-s5-A-GD-3-4,2007-s5,A,2007-s5-A-GD,P0019,P0923,5,5,,set-scores
2007-s5-A-GD-3-5,2007-s5,A,2007-s5-A-GD,P0019,P0223,2,8,P0223,set-scores
2007-s5-A-GD-3-6,2007-s5,A,2007-s5-A-GD,P0019,P0910,10,0,P0019,set-scores
2007-s5-A-GD-4-5,2007-s5,A,2007-s5-A-GD,P0923,P0223,4,6,P0223,set-scores
2007-s5-A-GD-4-6,2007-s5,A,2007-s5-A-GD,P0923,P0910,10,0,P0923,set-scores
2007-s5-A-GD-5-6,2007-s5,A,2007-s5-A-GD,P0223,P0910,10,0,P0223,set-scores
2007-s5-A-GE-0-1,2007-s5,A,2007-s5-A-GE,P0820,P0501,3,7,P0501,set-scores
2007-s5-A-GE-0-2,2007-s5,A,2007-s5-A-GE,P0820,P0584,7,3,P0820,set-scores
2007-s5-A-GE-0-3,2007-s5,A,2007-s5-A-GE,P0820,P0558,7,3,P0820,set-scores
2007-s5-A-GE-0-4,2007-s5,A,2007-s5-A-GE,P0820,P0689,6,4,P0820,set-scores
2007-s5-A-GE-0-5,2007-s5,A,2007-s5-A-GE,P0820,P0678,4,6,P0678,set-scores
2007-s5-A-GE-0-6,2007-s5,A,2007-s5-A-GE,P0820,P0493,6,4,P0820,set-scores
2007-s5-A-GE-1-2,2007-s5,A,2007-s5-A-GE,P0501,P0584,6,4,P0501,set-scores
2007-s5-A-GE-1-3,2007-s5,A,2007-s5-A-GE,P0501,P0558,5,5,,set-scores
2007-s5-A-GE-1-5,2007-s5,A,2007-s5-A-GE,P0501,P0678,4,6,P0678,set-scores
2007-s5-A-GE-1-6,2007-s5,A,2007-s5-A-GE,P0501,P0493,6,4,P0501,set-scores
2007-s5-A-GE-2-4,2007-s5,A,2007-s5-A-GE,P0584,P0689,0,10,P0689,set-scores
2007-s5-A-GE-2-5,2007-s5,A,2007-s5-A-GE,P0584,P0678,2,8,P0678,set-scores
2007-s5-A-GE-3-4,2007-s5,A,2007-s5-A-GE,P0558,P0689,1,9,P0689,set-scores
2007-s5-A-GE-3-5,2007-s5,A,2007-s5-A-GE,P0558,P0678,7,3,P0558,set-scores
2007-s5-A-GE-4-5,2007-s5,A,2007-s5-A-GE,P0689,P0678,8,2,P0689,set-scores
2007-s5-A-GE-4-6,2007-s5,A,2007-s5-A-GE,P0689,P0493,6,4,P0689,set-scores
2007-s5-A-GE-5-6,2007-s5,A,2007-s5-A-GE,P0678,P0493,6,4,P0678,set-scores
2007-s5-A-GF-0-2,2007-s5,A,2007-s5-A-GF,P0484,P0702,1,9,P0702,set-scores
2007-s5-A-GF-0-3,2007-s5,A,2007-s5-A-GF,P0484,P0440,2,8,P0440,set-scores
2007-s5-A-GF-0-5,2007-s5,A,2007-s5-A-GF,P0484,P0205,0,10,P0205,set-scores
2007-s5-A-GF-1-2,2007-s5,A,2007-s5-A-GF,P0732,P0702,4,6,P0702,set-scores
2007-s5-A-GF-1-5,2007-s5,A,2007-s5-A-GF,P0732,P0205,2,8,P0205,set-scores
2007-s5-A-GF-1-6,2007-s5,A,2007-s5-A-GF,P0732,P0705,8,2,P0732,set-scores
2007-s5-A-GF-2-3,2007-s5,A,2007-s5-A-GF,P0702,P0440,5,5,,set-scores
2007-s5-A-GF-2-4,2007-s5,A,2007-s5-A-GF,P0702,P0933,10,0,P0702,set-scores
2007-s5-A-GF-2-5,2007-s5,A,2007-s5-A-GF,P0702,P0205,9,1,P0702,set-scores
2007-s5-A-GF-2-6,2007-s5,A,2007-s5-A-GF,P0702,P0705,6,4,P0702,set-scores
2007-s5-A-GF-3-4,2007-s5,A,2007-s5-A-GF,P0440,P0933,6,4,P0440,set-scores
2007-s5-A-GF-4-6,2007-s5,A,2007-s5-A-GF,P0933,P0705,3,7,P0705,set-scores
2007-s5-A-GF-5-6,2007-s5,A,2007-s5-A-GF,P0205,P0705,6,4,P0205,set-scores
2007-s5-A-GG-0-1,2007-s5,A,2007-s5-A-GG,P0658,P0691,3,7,P0691,set-scores
2007-s5-A-GG-0-2,2007-s5,A,2007-s5-A-GG,P0658,P0609,6,4,P0658,set-scores
2007-s5-A-GG-0-3,2007-s5,A,2007-s5-A-GG,P0658,P0029,4,6,P0029,set-scores
2007-s5-A-GG-0-4,2007-s5,A,2007-s5-A-GG,P0658,P0617,6,4,P0658,set-scores
2007-s5-A-GG-0-5,2007-s5,A,2007-s5-A-GG,P0658,P0679,4,6,P0679,set-scores
2007-s5-A-GG-0-6,2007-s5,A,2007-s5-A-GG,P0658,P0172,10,0,P0658,set-scores
2007-s5-A-GG-1-3,2007-s5,A,2007-s5-A-GG,P0691,P0029,1,9,P0029,set-scores
2007-s5-A-GG-1-4,2007-s5,A,2007-s5-A-GG,P0691,P0617,5,5,,set-scores
2007-s5-A-GG-1-5,2007-s5,A,2007-s5-A-GG,P0691,P0679,6,4,P0691,set-scores
2007-s5-A-GG-1-6,2007-s5,A,2007-s5-A-GG,P0691,P0172,4,6,P0172,set-scores
2007-s5-A-GG-2-3,2007-s5,A,2007-s5-A-GG,P0609,P0029,2,8,P0029,set-scores
2007-s5-A-GG-2-5,2007-s5,A,2007-s5-A-GG,P0609,P0679,6,4,P0609,set-scores
2007-s5-A-GG-2-6,2007-s5,A,2007-s5-A-GG,P0609,P0172,4,6,P0172,set-scores
2007-s5-A-GG-3-4,2007-s5,A,2007-s5-A-GG,P0029,P0617,1,9,P0617,set-scores
2007-s5-A-GG-3-5,2007-s5,A,2007-s5-A-GG,P0029,P0679,7,3,P0029,set-scores
2007-s5-A-GG-4-5,2007-s5,A,2007-s5-A-GG,P0617,P0679,8,2,P0617,set-scores
2007-s5-A-GG-4-6,2007-s5,A,2007-s5-A-GG,P0617,P0172,4,6,P0172,set-scores
2007-s5-A-GG-5-6,2007-s5,A,2007-s5-A-GG,P0679,P0172,3,7,P0172,set-scores
2007-s5-B-GA-0-1,2007-s5,B,2007-s5-B-GA,P0892,P0730,3,7,P0730,set-scores
2007-s5-B-GA-0-2,2007-s5,B,2007-s5-B-GA,P0892,P0918,5,5,,set-scores
2007-s5-B-GA-0-4,2007-s5,B,2007-s5-B-GA,P0892,P0790,6,4,P0892,set-scores
2007-s5-B-GA-0-6,2007-s5,B,2007-s5-B-GA,P0892,P0829,0,10,P0829,set-scores
2007-s5-B-GA-1-2,2007-s5,B,2007-s5-B-GA,P0730,P0918,4,6,P0918,set-scores
2007-s5-B-GA-1-3,2007-s5,B,2007-s5-B-GA,P0730,P0499,7,3,P0730,set-scores
2007-s5-B-GA-1-4,2007-s5,B,2007-s5-B-GA,P0730,P0790,6,4,P0730,set-scores
2007-s5-B-GA-1-5,2007-s5,B,2007-s5-B-GA,P0730,P0810,7,3,P0730,set-scores
2007-s5-B-GA-1-6,2007-s5,B,2007-s5-B-GA,P0730,P0829,6,4,P0730,set-scores
2007-s5-B-GA-2-3,2007-s5,B,2007-s5-B-GA,P0918,P0499,6,4,P0918,set-scores
2007-s5-B-GA-2-4,2007-s5,B,2007-s5-B-GA,P0918,P0790,6,4,P0918,set-scores
2007-s5-B-GA-2-5,2007-s5,B,2007-s5-B-GA,P0918,P0810,9,1,P0918,set-scores
2007-s5-B-GA-2-6,2007-s5,B,2007-s5-B-GA,P0918,P0829,6,4,P0918,set-scores
2007-s5-B-GA-3-5,2007-s5,B,2007-s5-B-GA,P0499,P0810,6,4,P0499,set-scores
2007-s5-B-GA-3-6,2007-s5,B,2007-s5-B-GA,P0499,P0829,3,7,P0829,set-scores
2007-s5-B-GA-4-6,2007-s5,B,2007-s5-B-GA,P0790,P0829,2,8,P0829,set-scores
2007-s5-B-GA-5-6,2007-s5,B,2007-s5-B-GA,P0810,P0829,4,6,P0829,set-scores
2007-s5-B-GB-0-1,2007-s5,B,2007-s5-B-GB,P0794,P0772,4,6,P0772,set-scores
2007-s5-B-GB-0-2,2007-s5,B,2007-s5-B-GB,P0794,P0869,7,3,P0794,set-scores
2007-s5-B-GB-0-5,2007-s5,B,2007-s5-B-GB,P0794,P0801,10,0,P0794,set-scores
2007-s5-B-GB-1-2,2007-s5,B,2007-s5-B-GB,P0772,P0869,6,4,P0772,set-scores
2007-s5-B-GB-1-4,2007-s5,B,2007-s5-B-GB,P0772,P0748,2,8,P0748,set-scores
2007-s5-B-GB-1-5,2007-s5,B,2007-s5-B-GB,P0772,P0801,8,2,P0772,set-scores
2007-s5-B-GB-2-4,2007-s5,B,2007-s5-B-GB,P0869,P0748,3,7,P0748,set-scores
2007-s5-B-GB-3-4,2007-s5,B,2007-s5-B-GB,P0799,P0748,5,5,,set-scores
2007-s5-B-GB-4-5,2007-s5,B,2007-s5-B-GB,P0748,P0801,8,2,P0748,set-scores
2007-s5-B-GB-4-6,2007-s5,B,2007-s5-B-GB,P0748,P0904,7,3,P0748,set-scores
2007-s5-B-GC-0-1,2007-s5,B,2007-s5-B-GC,P0681,P0880,1,9,P0880,set-scores
2007-s5-B-GC-0-2,2007-s5,B,2007-s5-B-GC,P0681,P0657,4,6,P0657,set-scores
2007-s5-B-GC-0-3,2007-s5,B,2007-s5-B-GC,P0681,P0861,6,4,P0681,set-scores
2007-s5-B-GC-0-6,2007-s5,B,2007-s5-B-GC,P0681,P0881,3,7,P0881,set-scores
2007-s5-B-GC-1-2,2007-s5,B,2007-s5-B-GC,P0880,P0657,5,5,,set-scores
2007-s5-B-GC-1-3,2007-s5,B,2007-s5-B-GC,P0880,P0861,5,5,,set-scores
2007-s5-B-GC-1-4,2007-s5,B,2007-s5-B-GC,P0880,P0837,10,0,P0880,set-scores
2007-s5-B-GC-1-5,2007-s5,B,2007-s5-B-GC,P0880,P0779,8,2,P0880,set-scores
2007-s5-B-GC-1-6,2007-s5,B,2007-s5-B-GC,P0880,P0881,6,4,P0880,set-scores
2007-s5-B-GC-2-3,2007-s5,B,2007-s5-B-GC,P0657,P0861,4,6,P0861,set-scores
2007-s5-B-GC-2-4,2007-s5,B,2007-s5-B-GC,P0657,P0837,6,4,P0657,set-scores
2007-s5-B-GC-2-5,2007-s5,B,2007-s5-B-GC,P0657,P0779,7,3,P0657,set-scores
2007-s5-B-GC-3-4,2007-s5,B,2007-s5-B-GC,P0861,P0837,4,6,P0837,set-scores
2007-s5-B-GC-3-5,2007-s5,B,2007-s5-B-GC,P0861,P0779,5,5,,set-scores
2007-s5-B-GC-3-6,2007-s5,B,2007-s5-B-GC,P0861,P0881,0,10,P0881,set-scores
2007-s5-B-GC-4-5,2007-s5,B,2007-s5-B-GC,P0837,P0779,7,3,P0837,set-scores
2007-s5-B-GC-4-6,2007-s5,B,2007-s5-B-GC,P0837,P0881,6,4,P0837,set-scores
2007-s5-B-GC-5-6,2007-s5,B,2007-s5-B-GC,P0779,P0881,3,7,P0881,set-scores
2007-s5-B-GD-0-1,2007-s5,B,2007-s5-B-GD,P0797,P0092,6,4,P0797,set-scores
2007-s5-B-GD-0-3,2007-s5,B,2007-s5-B-GD,P0797,P0793,6,4,P0797,set-scores
2007-s5-B-GD-0-5,2007-s5,B,2007-s5-B-GD,P0797,P0781,5,5,,set-scores
2007-s5-B-GD-0-6,2007-s5,B,2007-s5-B-GD,P0797,P0783,10,0,P0797,set-scores
2007-s5-B-GD-1-3,2007-s5,B,2007-s5-B-GD,P0092,P0793,5,5,,set-scores
2007-s5-B-GD-1-5,2007-s5,B,2007-s5-B-GD,P0092,P0781,0,10,P0781,set-scores
2007-s5-B-GD-1-6,2007-s5,B,2007-s5-B-GD,P0092,P0783,4,6,P0783,set-scores
2007-s5-B-GD-2-3,2007-s5,B,2007-s5-B-GD,P0841,P0793,6,4,P0841,set-scores
2007-s5-B-GD-2-4,2007-s5,B,2007-s5-B-GD,P0841,P0706,6,4,P0841,set-scores
2007-s5-B-GD-2-5,2007-s5,B,2007-s5-B-GD,P0841,P0781,5,5,,set-scores
2007-s5-B-GD-2-6,2007-s5,B,2007-s5-B-GD,P0841,P0783,8,2,P0841,set-scores
2007-s5-B-GD-3-4,2007-s5,B,2007-s5-B-GD,P0793,P0706,2,8,P0706,set-scores
2007-s5-B-GD-3-5,2007-s5,B,2007-s5-B-GD,P0793,P0781,3,7,P0781,set-scores
2007-s5-B-GD-3-6,2007-s5,B,2007-s5-B-GD,P0793,P0783,5,5,,set-scores
2007-s5-B-GD-4-5,2007-s5,B,2007-s5-B-GD,P0706,P0781,3,7,P0781,set-scores
2007-s5-B-GD-4-6,2007-s5,B,2007-s5-B-GD,P0706,P0783,7,3,P0706,set-scores
2007-s5-B-GD-5-6,2007-s5,B,2007-s5-B-GD,P0781,P0783,8,2,P0781,set-scores
2007-s5-B-GE-0-2,2007-s5,B,2007-s5-B-GE,P0762,P0735,4,6,P0735,set-scores
2007-s5-B-GE-0-3,2007-s5,B,2007-s5-B-GE,P0762,P0720,7,3,P0762,set-scores
2007-s5-B-GE-0-5,2007-s5,B,2007-s5-B-GE,P0762,P0764,6,4,P0762,set-scores
2007-s5-B-GE-0-6,2007-s5,B,2007-s5-B-GE,P0762,P0804,3,7,P0804,set-scores
2007-s5-B-GE-1-2,2007-s5,B,2007-s5-B-GE,P0888,P0735,1,9,P0735,set-scores
2007-s5-B-GE-1-3,2007-s5,B,2007-s5-B-GE,P0888,P0720,4,6,P0720,set-scores
2007-s5-B-GE-1-5,2007-s5,B,2007-s5-B-GE,P0888,P0764,1,9,P0764,set-scores
2007-s5-B-GE-1-6,2007-s5,B,2007-s5-B-GE,P0888,P0804,6,4,P0888,set-scores
2007-s5-B-GE-2-3,2007-s5,B,2007-s5-B-GE,P0735,P0720,7,3,P0735,set-scores
2007-s5-B-GE-2-4,2007-s5,B,2007-s5-B-GE,P0735,P0906,5,5,,set-scores
2007-s5-B-GE-2-5,2007-s5,B,2007-s5-B-GE,P0735,P0764,6,4,P0735,set-scores
2007-s5-B-GE-2-6,2007-s5,B,2007-s5-B-GE,P0735,P0804,8,2,P0735,set-scores
2007-s5-B-GE-3-5,2007-s5,B,2007-s5-B-GE,P0720,P0764,6,4,P0720,set-scores
2007-s5-B-GE-3-6,2007-s5,B,2007-s5-B-GE,P0720,P0804,6,4,P0720,set-scores
2007-s5-B-GE-4-5,2007-s5,B,2007-s5-B-GE,P0906,P0764,3,7,P0764,set-scores
2007-s5-B-GE-4-6,2007-s5,B,2007-s5-B-GE,P0906,P0804,5,5,,set-scores
2007-s5-B-GE-5-6,2007-s5,B,2007-s5-B-GE,P0764,P0804,7,3,P0764,set-scores
2007-s5-B-GF-0-1,2007-s5,B,2007-s5-B-GF,P0922,P0686,6,4,P0922,set-scores
2007-s5-B-GF-0-2,2007-s5,B,2007-s5-B-GF,P0922,P0746,7,3,P0922,set-scores
2007-s5-B-GF-0-3,2007-s5,B,2007-s5-B-GF,P0922,P0486,10,0,P0922,set-scores
2007-s5-B-GF-0-4,2007-s5,B,2007-s5-B-GF,P0922,P0315,5,5,,set-scores
2007-s5-B-GF-0-5,2007-s5,B,2007-s5-B-GF,P0922,P0928,9,1,P0922,set-scores
2007-s5-B-GF-0-6,2007-s5,B,2007-s5-B-GF,P0922,P0815,2,8,P0815,set-scores
2007-s5-B-GF-1-2,2007-s5,B,2007-s5-B-GF,P0686,P0746,3,7,P0746,set-scores
2007-s5-B-GF-1-3,2007-s5,B,2007-s5-B-GF,P0686,P0486,9,1,P0686,set-scores
2007-s5-B-GF-1-4,2007-s5,B,2007-s5-B-GF,P0686,P0315,4,6,P0315,set-scores
2007-s5-B-GF-1-5,2007-s5,B,2007-s5-B-GF,P0686,P0928,3,7,P0928,set-scores
2007-s5-B-GF-1-6,2007-s5,B,2007-s5-B-GF,P0686,P0815,4,6,P0815,set-scores
2007-s5-B-GF-2-3,2007-s5,B,2007-s5-B-GF,P0746,P0486,8,2,P0746,set-scores
2007-s5-B-GF-2-4,2007-s5,B,2007-s5-B-GF,P0746,P0315,0,10,P0315,set-scores
2007-s5-B-GF-2-5,2007-s5,B,2007-s5-B-GF,P0746,P0928,4,6,P0928,set-scores
2007-s5-B-GF-2-6,2007-s5,B,2007-s5-B-GF,P0746,P0815,4,6,P0815,set-scores
2007-s5-B-GF-3-4,2007-s5,B,2007-s5-B-GF,P0486,P0315,1,9,P0315,set-scores
2007-s5-B-GF-3-5,2007-s5,B,2007-s5-B-GF,P0486,P0928,3,7,P0928,set-scores
2007-s5-B-GF-3-6,2007-s5,B,2007-s5-B-GF,P0486,P0815,3,7,P0815,set-scores
2007-s5-B-GF-4-5,2007-s5,B,2007-s5-B-GF,P0315,P0928,7,3,P0315,set-scores
2007-s5-B-GF-4-6,2007-s5,B,2007-s5-B-GF,P0315,P0815,5,5,,set-scores
2007-s5-B-GF-5-6,2007-s5,B,2007-s5-B-GF,P0928,P0815,3,7,P0815,set-scores
2007-s5-B-GG-0-1,2007-s5,B,2007-s5-B-GG,P0758,P0849,6,4,P0758,set-scores
2007-s5-B-GG-0-2,2007-s5,B,2007-s5-B-GG,P0758,P0761,5,5,,set-scores
2007-s5-B-GG-0-3,2007-s5,B,2007-s5-B-GG,P0758,P0727,5,5,,set-scores
2007-s5-B-GG-0-4,2007-s5,B,2007-s5-B-GG,P0758,P0431,7,3,P0758,set-scores
2007-s5-B-GG-0-5,2007-s5,B,2007-s5-B-GG,P0758,P0670,7,3,P0758,set-scores
2007-s5-B-GG-0-6,2007-s5,B,2007-s5-B-GG,P0758,P0909,2,8,P0909,set-scores
2007-s5-B-GG-1-2,2007-s5,B,2007-s5-B-GG,P0849,P0761,5,5,,set-scores
2007-s5-B-GG-1-3,2007-s5,B,2007-s5-B-GG,P0849,P0727,4,6,P0727,set-scores
2007-s5-B-GG-1-4,2007-s5,B,2007-s5-B-GG,P0849,P0431,6,4,P0849,set-scores
2007-s5-B-GG-1-5,2007-s5,B,2007-s5-B-GG,P0849,P0670,8,2,P0849,set-scores
2007-s5-B-GG-1-6,2007-s5,B,2007-s5-B-GG,P0849,P0909,6,4,P0849,set-scores
2007-s5-B-GG-2-3,2007-s5,B,2007-s5-B-GG,P0761,P0727,4,6,P0727,set-scores
2007-s5-B-GG-2-4,2007-s5,B,2007-s5-B-GG,P0761,P0431,7,3,P0761,set-scores
2007-s5-B-GG-2-5,2007-s5,B,2007-s5-B-GG,P0761,P0670,7,3,P0761,set-scores
2007-s5-B-GG-2-6,2007-s5,B,2007-s5-B-GG,P0761,P0909,6,4,P0761,set-scores
2007-s5-B-GG-3-4,2007-s5,B,2007-s5-B-GG,P0727,P0431,3,7,P0431,set-scores
2007-s5-B-GG-3-5,2007-s5,B,2007-s5-B-GG,P0727,P0670,8,2,P0727,set-scores
2007-s5-B-GG-3-6,2007-s5,B,2007-s5-B-GG,P0727,P0909,6,4,P0727,set-scores
2007-s5-B-GG-4-5,2007-s5,B,2007-s5-B-GG,P0431,P0670,6,4,P0431,set-scores
2007-s5-B-GG-4-6,2007-s5,B,2007-s5-B-GG,P0431,P0909,2,8,P0909,set-scores
2007-s5-B-GG-5-6,2007-s5,B,2007-s5-B-GG,P0670,P0909,3,7,P0909,set-scores
2007-s5-B-GH-0-1,2007-s5,B,2007-s5-B-GH,P0893,P0327,3,7,P0327,set-scores
2007-s5-B-GH-0-2,2007-s5,B,2007-s5-B-GH,P0893,P0674,2,8,P0674,set-scores
2007-s5-B-GH-0-3,2007-s5,B,2007-s5-B-GH,P0893,P0755,3,7,P0755,set-scores
2007-s5-B-GH-0-5,2007-s5,B,2007-s5-B-GH,P0893,P0733,8,2,P0893,set-scores
2007-s5-B-GH-0-6,2007-s5,B,2007-s5-B-GH,P0893,P0867,10,0,P0893,set-scores
2007-s5-B-GH-1-2,2007-s5,B,2007-s5-B-GH,P0327,P0674,6,4,P0327,set-scores
2007-s5-B-GH-1-3,2007-s5,B,2007-s5-B-GH,P0327,P0755,4,6,P0755,set-scores
2007-s5-B-GH-1-4,2007-s5,B,2007-s5-B-GH,P0327,P0883,8,2,P0327,set-scores
2007-s5-B-GH-1-5,2007-s5,B,2007-s5-B-GH,P0327,P0733,4,6,P0733,set-scores
2007-s5-B-GH-1-6,2007-s5,B,2007-s5-B-GH,P0327,P0867,6,4,P0327,set-scores
2007-s5-B-GH-2-3,2007-s5,B,2007-s5-B-GH,P0674,P0755,6,4,P0674,set-scores
2007-s5-B-GH-2-4,2007-s5,B,2007-s5-B-GH,P0674,P0883,10,0,P0674,set-scores
2007-s5-B-GH-2-5,2007-s5,B,2007-s5-B-GH,P0674,P0733,3,7,P0733,set-scores
2007-s5-B-GH-2-6,2007-s5,B,2007-s5-B-GH,P0674,P0867,6,4,P0674,set-scores
2007-s5-B-GH-3-4,2007-s5,B,2007-s5-B-GH,P0755,P0883,4,6,P0883,set-scores
2007-s5-B-GH-3-5,2007-s5,B,2007-s5-B-GH,P0755,P0733,6,4,P0755,set-scores
2007-s5-B-GH-3-6,2007-s5,B,2007-s5-B-GH,P0755,P0867,6,4,P0755,set-scores
2007-s5-B-GH-4-5,2007-s5,B,2007-s5-B-GH,P0883,P0733,0,10,P0733,set-scores
2007-s5-B-GH-5-6,2007-s5,B,2007-s5-B-GH,P0733,P0867,6,4,P0733,set-scores
2007-s6-A-GA-0-2,2007-s6,A,2007-s6-A-GA,P0584,P0865,7,3,P0584,games-tally
2007-s6-A-GA-0-3,2007-s6,A,2007-s6-A-GA,P0584,P0721,1,9,P0721,games-tally
2007-s6-A-GA-1-4,2007-s6,A,2007-s6-A-GA,P0440,P0140,6,4,P0440,games-tally
2007-s6-A-GA-1-5,2007-s6,A,2007-s6-A-GA,P0440,P0678,3,7,P0678,games-tally
2007-s6-A-GA-2-3,2007-s6,A,2007-s6-A-GA,P0865,P0721,2,8,P0721,games-tally
2007-s6-A-GA-2-4,2007-s6,A,2007-s6-A-GA,P0865,P0140,2,8,P0140,games-tally
2007-s6-A-GA-2-5,2007-s6,A,2007-s6-A-GA,P0865,P0678,4,6,P0678,games-tally
2007-s6-A-GA-2-6,2007-s6,A,2007-s6-A-GA,P0865,P0616,4,6,P0616,games-tally
2007-s6-A-GA-3-4,2007-s6,A,2007-s6-A-GA,P0721,P0140,4,6,P0140,games-tally
2007-s6-A-GA-3-5,2007-s6,A,2007-s6-A-GA,P0721,P0678,7,3,P0721,games-tally
2007-s6-A-GA-3-6,2007-s6,A,2007-s6-A-GA,P0721,P0616,6,4,P0721,games-tally
2007-s6-A-GA-4-5,2007-s6,A,2007-s6-A-GA,P0140,P0678,5,5,,games-tally
2007-s6-A-GA-4-6,2007-s6,A,2007-s6-A-GA,P0140,P0616,7,3,P0140,games-tally
2007-s6-A-GA-5-6,2007-s6,A,2007-s6-A-GA,P0678,P0616,3,8,P0616,games-tally
2007-s6-A-GB-0-1,2007-s6,A,2007-s6-A-GB,P0724,P0404,4,6,P0404,games-tally
2007-s6-A-GB-0-2,2007-s6,A,2007-s6-A-GB,P0724,P0858,6,4,P0724,games-tally
2007-s6-A-GB-0-3,2007-s6,A,2007-s6-A-GB,P0724,P0816,6,4,P0724,games-tally
2007-s6-A-GB-0-4,2007-s6,A,2007-s6-A-GB,P0724,P0707,7,3,P0724,games-tally
2007-s6-A-GB-0-5,2007-s6,A,2007-s6-A-GB,P0724,P0205,8,2,P0724,games-tally
2007-s6-A-GB-0-6,2007-s6,A,2007-s6-A-GB,P0724,P0740,3,7,P0740,games-tally
2007-s6-A-GB-1-2,2007-s6,A,2007-s6-A-GB,P0404,P0858,6,4,P0404,games-tally
2007-s6-A-GB-1-3,2007-s6,A,2007-s6-A-GB,P0404,P0816,3,7,P0816,games-tally
2007-s6-A-GB-1-4,2007-s6,A,2007-s6-A-GB,P0404,P0707,3,7,P0707,games-tally
2007-s6-A-GB-1-5,2007-s6,A,2007-s6-A-GB,P0404,P0205,4,6,P0205,games-tally
2007-s6-A-GB-1-6,2007-s6,A,2007-s6-A-GB,P0404,P0740,4,6,P0740,games-tally
2007-s6-A-GB-2-3,2007-s6,A,2007-s6-A-GB,P0858,P0816,6,4,P0858,games-tally
2007-s6-A-GB-2-4,2007-s6,A,2007-s6-A-GB,P0858,P0707,3,7,P0707,games-tally
2007-s6-A-GB-2-5,2007-s6,A,2007-s6-A-GB,P0858,P0205,8,2,P0858,games-tally
2007-s6-A-GB-2-6,2007-s6,A,2007-s6-A-GB,P0858,P0740,4,6,P0740,games-tally
2007-s6-A-GB-3-4,2007-s6,A,2007-s6-A-GB,P0816,P0707,4,6,P0707,games-tally
2007-s6-A-GB-3-5,2007-s6,A,2007-s6-A-GB,P0816,P0205,6,4,P0816,games-tally
2007-s6-A-GB-3-6,2007-s6,A,2007-s6-A-GB,P0816,P0740,6,4,P0816,games-tally
2007-s6-A-GB-4-5,2007-s6,A,2007-s6-A-GB,P0707,P0205,8,2,P0707,games-tally
2007-s6-A-GB-4-6,2007-s6,A,2007-s6-A-GB,P0707,P0740,5,5,,games-tally
2007-s6-A-GB-5-6,2007-s6,A,2007-s6-A-GB,P0205,P0740,5,5,,games-tally
2007-s6-A-GC-0-1,2007-s6,A,2007-s6-A-GC,P0787,P0696,5,5,,games-tally
2007-s6-A-GC-0-3,2007-s6,A,2007-s6-A-GC,P0787,P0658,7,3,P0787,games-tally
2007-s6-A-GC-0-4,2007-s6,A,2007-s6-A-GC,P0787,P0607,3,7,P0607,games-tally
2007-s6-A-GC-1-2,2007-s6,A,2007-s6-A-GC,P0696,P0732,10,0,P0696,games-tally
2007-s6-A-GC-1-3,2007-s6,A,2007-s6-A-GC,P0696,P0658,5,5,,games-tally
2007-s6-A-GC-1-4,2007-s6,A,2007-s6-A-GC,P0696,P0607,6,4,P0696,games-tally
2007-s6-A-GC-1-5,2007-s6,A,2007-s6-A-GC,P0696,P0672,6,4,P0696,games-tally
2007-s6-A-GC-1-6,2007-s6,A,2007-s6-A-GC,P0696,P0764,6,4,P0696,games-tally
2007-s6-A-GC-2-3,2007-s6,A,2007-s6-A-GC,P0732,P0658,6,4,P0732,games-tally
2007-s6-A-GC-2-4,2007-s6,A,2007-s6-A-GC,P0732,P0607,4,6,P0607,games-tally
2007-s6-A-GC-2-5,2007-s6,A,2007-s6-A-GC,P0732,P0672,5,5,,games-tally
2007-s6-A-GC-3-4,2007-s6,A,2007-s6-A-GC,P0658,P0607,7,3,P0658,games-tally
2007-s6-A-GC-3-5,2007-s6,A,2007-s6-A-GC,P0658,P0672,4,6,P0672,games-tally
2007-s6-A-GC-3-6,2007-s6,A,2007-s6-A-GC,P0658,P0764,7,3,P0658,games-tally
2007-s6-A-GC-4-5,2007-s6,A,2007-s6-A-GC,P0607,P0672,4,6,P0672,games-tally
2007-s6-A-GC-4-6,2007-s6,A,2007-s6-A-GC,P0607,P0764,8,2,P0607,games-tally
2007-s6-A-GC-5-6,2007-s6,A,2007-s6-A-GC,P0672,P0764,6,4,P0672,games-tally
2007-s6-A-GD-0-1,2007-s6,A,2007-s6-A-GD,P0830,P0694,6,4,P0830,games-tally
2007-s6-A-GD-0-2,2007-s6,A,2007-s6-A-GD,P0830,P0237,4,6,P0237,games-tally
2007-s6-A-GD-0-3,2007-s6,A,2007-s6-A-GD,P0830,P0820,7,3,P0830,games-tally
2007-s6-A-GD-0-4,2007-s6,A,2007-s6-A-GD,P0830,P0131,2,8,P0131,games-tally
2007-s6-A-GD-0-5,2007-s6,A,2007-s6-A-GD,P0830,P0617,7,3,P0830,games-tally
2007-s6-A-GD-0-6,2007-s6,A,2007-s6-A-GD,P0830,P0834,6,4,P0830,games-tally
2007-s6-A-GD-1-2,2007-s6,A,2007-s6-A-GD,P0694,P0237,4,6,P0237,games-tally
2007-s6-A-GD-1-3,2007-s6,A,2007-s6-A-GD,P0694,P0820,3,7,P0820,games-tally
2007-s6-A-GD-1-4,2007-s6,A,2007-s6-A-GD,P0694,P0131,4,6,P0131,games-tally
2007-s6-A-GD-1-5,2007-s6,A,2007-s6-A-GD,P0694,P0617,6,4,P0694,games-tally
2007-s6-A-GD-1-6,2007-s6,A,2007-s6-A-GD,P0694,P0834,7,3,P0694,games-tally
2007-s6-A-GD-2-3,2007-s6,A,2007-s6-A-GD,P0237,P0820,7,3,P0237,games-tally
2007-s6-A-GD-2-4,2007-s6,A,2007-s6-A-GD,P0237,P0131,6,4,P0237,games-tally
2007-s6-A-GD-2-5,2007-s6,A,2007-s6-A-GD,P0237,P0617,3,7,P0617,games-tally
2007-s6-A-GD-2-6,2007-s6,A,2007-s6-A-GD,P0237,P0834,1,9,P0834,games-tally
2007-s6-A-GD-3-4,2007-s6,A,2007-s6-A-GD,P0820,P0131,4,6,P0131,games-tally
2007-s6-A-GD-3-5,2007-s6,A,2007-s6-A-GD,P0820,P0617,2,8,P0617,games-tally
2007-s6-A-GD-4-5,2007-s6,A,2007-s6-A-GD,P0131,P0617,2,8,P0617,games-tally
2007-s6-A-GD-4-6,2007-s6,A,2007-s6-A-GD,P0131,P0834,8,2,P0131,games-tally
2007-s6-A-GD-5-6,2007-s6,A,2007-s6-A-GD,P0617,P0834,10,0,P0617,games-tally
2007-s6-A-GE-0-2,2007-s6,A,2007-s6-A-GE,P0708,P0709,0,10,P0709,games-tally
2007-s6-A-GE-0-5,2007-s6,A,2007-s6-A-GE,P0708,P0363,2,8,P0363,games-tally
2007-s6-A-GE-0-6,2007-s6,A,2007-s6-A-GE,P0708,P0753,3,7,P0753,games-tally
2007-s6-A-GE-1-5,2007-s6,A,2007-s6-A-GE,P0847,P0363,4,6,P0363,games-tally
2007-s6-A-GE-1-6,2007-s6,A,2007-s6-A-GE,P0847,P0753,7,3,P0847,games-tally
2007-s6-A-GE-2-3,2007-s6,A,2007-s6-A-GE,P0709,P0662,4,6,P0662,games-tally
2007-s6-A-GE-2-4,2007-s6,A,2007-s6-A-GE,P0709,P0817,9,1,P0709,games-tally
2007-s6-A-GE-2-5,2007-s6,A,2007-s6-A-GE,P0709,P0363,9,1,P0709,games-tally
2007-s6-A-GE-2-6,2007-s6,A,2007-s6-A-GE,P0709,P0753,8,2,P0709,games-tally
2007-s6-A-GE-3-4,2007-s6,A,2007-s6-A-GE,P0662,P0817,9,1,P0662,games-tally
2007-s6-A-GE-3-5,2007-s6,A,2007-s6-A-GE,P0662,P0363,4,6,P0363,games-tally
2007-s6-A-GE-3-6,2007-s6,A,2007-s6-A-GE,P0662,P0753,8,2,P0662,games-tally
2007-s6-A-GE-4-5,2007-s6,A,2007-s6-A-GE,P0817,P0363,2,8,P0363,games-tally
2007-s6-A-GE-4-6,2007-s6,A,2007-s6-A-GE,P0817,P0753,3,7,P0753,games-tally
2007-s6-A-GE-5-6,2007-s6,A,2007-s6-A-GE,P0363,P0753,3,7,P0753,games-tally
2007-s6-A-GF-1-2,2007-s6,A,2007-s6-A-GF,P0935,P0692,4,6,P0692,games-tally
2007-s6-A-GF-1-5,2007-s6,A,2007-s6-A-GF,P0935,P0859,6,4,P0935,games-tally
2007-s6-A-GF-1-6,2007-s6,A,2007-s6-A-GF,P0935,P0898,3,7,P0898,games-tally
2007-s6-A-GF-2-3,2007-s6,A,2007-s6-A-GF,P0692,P0689,4,6,P0689,games-tally
2007-s6-A-GF-2-4,2007-s6,A,2007-s6-A-GF,P0692,P0297,5,5,,games-tally
2007-s6-A-GF-2-5,2007-s6,A,2007-s6-A-GF,P0692,P0859,4,6,P0859,games-tally
2007-s6-A-GF-2-6,2007-s6,A,2007-s6-A-GF,P0692,P0898,7,3,P0692,games-tally
2007-s6-A-GF-3-5,2007-s6,A,2007-s6-A-GF,P0689,P0859,6,4,P0689,games-tally
2007-s6-A-GF-5-6,2007-s6,A,2007-s6-A-GF,P0859,P0898,4,6,P0898,games-tally
2007-s6-B-GA-0-1,2007-s6,B,2007-s6-B-GA,P0751,P0838,6,4,P0751,games-tally
2007-s6-B-GA-0-2,2007-s6,B,2007-s6-B-GA,P0751,P0722,7,3,P0751,games-tally
2007-s6-B-GA-0-3,2007-s6,B,2007-s6-B-GA,P0751,P0671,8,2,P0751,games-tally
2007-s6-B-GA-0-4,2007-s6,B,2007-s6-B-GA,P0751,P0896,4,6,P0896,games-tally
2007-s6-B-GA-0-5,2007-s6,B,2007-s6-B-GA,P0751,P0686,4,6,P0686,games-tally
2007-s6-B-GA-0-6,2007-s6,B,2007-s6-B-GA,P0751,P0790,6,4,P0751,games-tally
2007-s6-B-GA-1-2,2007-s6,B,2007-s6-B-GA,P0838,P0722,6,4,P0838,games-tally
2007-s6-B-GA-1-3,2007-s6,B,2007-s6-B-GA,P0838,P0671,7,3,P0838,games-tally
2007-s6-B-GA-1-4,2007-s6,B,2007-s6-B-GA,P0838,P0896,3,7,P0896,games-tally
2007-s6-B-GA-1-5,2007-s6,B,2007-s6-B-GA,P0838,P0686,7,3,P0838,games-tally
2007-s6-B-GA-1-6,2007-s6,B,2007-s6-B-GA,P0838,P0790,6,4,P0838,games-tally
2007-s6-B-GA-2-3,2007-s6,B,2007-s6-B-GA,P0722,P0671,9,1,P0722,games-tally
2007-s6-B-GA-2-4,2007-s6,B,2007-s6-B-GA,P0722,P0896,4,6,P0896,games-tally
2007-s6-B-GA-2-5,2007-s6,B,2007-s6-B-GA,P0722,P0686,4,6,P0686,games-tally
2007-s6-B-GA-3-4,2007-s6,B,2007-s6-B-GA,P0671,P0896,2,8,P0896,games-tally
2007-s6-B-GA-3-5,2007-s6,B,2007-s6-B-GA,P0671,P0686,4,6,P0686,games-tally
2007-s6-B-GA-3-6,2007-s6,B,2007-s6-B-GA,P0671,P0790,0,10,P0790,games-tally
2007-s6-B-GA-4-5,2007-s6,B,2007-s6-B-GA,P0896,P0686,8,2,P0896,games-tally
2007-s6-B-GA-4-6,2007-s6,B,2007-s6-B-GA,P0896,P0790,6,4,P0896,games-tally
2007-s6-B-GA-5-6,2007-s6,B,2007-s6-B-GA,P0686,P0790,5,5,,games-tally
2007-s6-B-GB-0-1,2007-s6,B,2007-s6-B-GB,P0873,P0802,7,3,P0873,games-tally
2007-s6-B-GB-0-3,2007-s6,B,2007-s6-B-GB,P0873,P0880,6,4,P0873,games-tally
2007-s6-B-GB-0-5,2007-s6,B,2007-s6-B-GB,P0873,P0051,6,4,P0873,games-tally
2007-s6-B-GB-0-6,2007-s6,B,2007-s6-B-GB,P0873,P0890,7,3,P0873,games-tally
2007-s6-B-GB-1-2,2007-s6,B,2007-s6-B-GB,P0802,P0706,7,3,P0802,games-tally
2007-s6-B-GB-1-3,2007-s6,B,2007-s6-B-GB,P0802,P0880,3,7,P0880,games-tally
2007-s6-B-GB-1-4,2007-s6,B,2007-s6-B-GB,P0802,P0937,3,7,P0937,games-tally
2007-s6-B-GB-1-5,2007-s6,B,2007-s6-B-GB,P0802,P0051,9,1,P0802,games-tally
2007-s6-B-GB-1-6,2007-s6,B,2007-s6-B-GB,P0802,P0890,4,6,P0890,games-tally
2007-s6-B-GB-2-3,2007-s6,B,2007-s6-B-GB,P0706,P0880,2,8,P0880,games-tally
2007-s6-B-GB-2-6,2007-s6,B,2007-s6-B-GB,P0706,P0890,6,4,P0706,games-tally
2007-s6-B-GB-3-5,2007-s6,B,2007-s6-B-GB,P0880,P0051,9,1,P0880,games-tally
2007-s6-B-GB-3-6,2007-s6,B,2007-s6-B-GB,P0880,P0890,6,4,P0880,games-tally
2007-s6-B-GB-5-6,2007-s6,B,2007-s6-B-GB,P0051,P0890,5,5,,games-tally
2007-s6-B-GC-0-1,2007-s6,B,2007-s6-B-GC,P0869,P0486,7,3,P0869,games-tally
2007-s6-B-GC-0-2,2007-s6,B,2007-s6-B-GC,P0869,P0927,8,2,P0869,games-tally
2007-s6-B-GC-0-3,2007-s6,B,2007-s6-B-GC,P0869,P0675,7,3,P0869,games-tally
2007-s6-B-GC-0-4,2007-s6,B,2007-s6-B-GC,P0869,P0772,6,4,P0869,games-tally
2007-s6-B-GC-0-5,2007-s6,B,2007-s6-B-GC,P0869,P0870,8,2,P0869,games-tally
2007-s6-B-GC-1-2,2007-s6,B,2007-s6-B-GC,P0486,P0927,4,6,P0927,games-tally
2007-s6-B-GC-1-3,2007-s6,B,2007-s6-B-GC,P0486,P0675,2,8,P0675,games-tally
2007-s6-B-GC-1-4,2007-s6,B,2007-s6-B-GC,P0486,P0772,1,9,P0772,games-tally
2007-s6-B-GC-1-5,2007-s6,B,2007-s6-B-GC,P0486,P0870,3,7,P0870,games-tally
2007-s6-B-GC-2-3,2007-s6,B,2007-s6-B-GC,P0927,P0675,4,6,P0675,games-tally
2007-s6-B-GC-2-4,2007-s6,B,2007-s6-B-GC,P0927,P0772,7,3,P0927,games-tally
2007-s6-B-GC-2-5,2007-s6,B,2007-s6-B-GC,P0927,P0870,6,4,P0927,games-tally
2007-s6-B-GC-3-4,2007-s6,B,2007-s6-B-GC,P0675,P0772,6,4,P0675,games-tally
2007-s6-B-GC-3-5,2007-s6,B,2007-s6-B-GC,P0675,P0870,8,2,P0675,games-tally
2007-s6-B-GC-4-5,2007-s6,B,2007-s6-B-GC,P0772,P0870,6,4,P0772,games-tally
2007-s6-B-GC-5-6,2007-s6,B,2007-s6-B-GC,P0870,P0894,4,6,P0894,games-tally
2007-s6-B-GD-0-1,2007-s6,B,2007-s6-B-GD,P0761,P0431,8,2,P0761,games-tally
2007-s6-B-GD-0-2,2007-s6,B,2007-s6-B-GD,P0761,P0784,5,5,,games-tally
2007-s6-B-GD-0-3,2007-s6,B,2007-s6-B-GD,P0761,P0747,7,3,P0761,games-tally
2007-s6-B-GD-0-4,2007-s6,B,2007-s6-B-GD,P0761,P0811,7,3,P0761,games-tally
2007-s6-B-GD-0-5,2007-s6,B,2007-s6-B-GD,P0761,P0726,3,7,P0726,games-tally
2007-s6-B-GD-0-6,2007-s6,B,2007-s6-B-GD,P0761,P0850,3,7,P0850,games-tally
2007-s6-B-GD-1-2,2007-s6,B,2007-s6-B-GD,P0431,P0784,4,6,P0784,games-tally
2007-s6-B-GD-1-3,2007-s6,B,2007-s6-B-GD,P0431,P0747,4,6,P0747,games-tally
2007-s6-B-GD-1-5,2007-s6,B,2007-s6-B-GD,P0431,P0726,2,8,P0726,games-tally
2007-s6-B-GD-1-6,2007-s6,B,2007-s6-B-GD,P0431,P0850,5,5,,games-tally
2007-s6-B-GD-2-3,2007-s6,B,2007-s6-B-GD,P0784,P0747,5,5,,games-tally
2007-s6-B-GD-2-5,2007-s6,B,2007-s6-B-GD,P0784,P0726,6,4,P0784,games-tally
2007-s6-B-GD-2-6,2007-s6,B,2007-s6-B-GD,P0784,P0850,4,6,P0850,games-tally
2007-s6-B-GD-3-5,2007-s6,B,2007-s6-B-GD,P0747,P0726,4,6,P0726,games-tally
2007-s6-B-GD-3-6,2007-s6,B,2007-s6-B-GD,P0747,P0850,8,2,P0747,games-tally
2007-s6-B-GD-4-5,2007-s6,B,2007-s6-B-GD,P0811,P0726,1,9,P0726,games-tally
2007-s6-B-GD-5-6,2007-s6,B,2007-s6-B-GD,P0726,P0850,7,3,P0726,games-tally
2007-s6-B-GE-0-2,2007-s6,B,2007-s6-B-GE,P0780,P0315,2,8,P0315,games-tally
2007-s6-B-GE-0-3,2007-s6,B,2007-s6-B-GE,P0780,P0685,5,5,,games-tally
2007-s6-B-GE-0-4,2007-s6,B,2007-s6-B-GE,P0780,P0860,5,5,,games-tally
2007-s6-B-GE-0-5,2007-s6,B,2007-s6-B-GE,P0780,P0660,3,7,P0660,games-tally
2007-s6-B-GE-0-6,2007-s6,B,2007-s6-B-GE,P0780,P0852,8,2,P0780,games-tally
2007-s6-B-GE-1-2,2007-s6,B,2007-s6-B-GE,P0926,P0315,7,3,P0926,games-tally
2007-s6-B-GE-1-3,2007-s6,B,2007-s6-B-GE,P0926,P0685,5,5,,games-tally
2007-s6-B-GE-1-4,2007-s6,B,2007-s6-B-GE,P0926,P0860,9,1,P0926,games-tally
2007-s6-B-GE-1-5,2007-s6,B,2007-s6-B-GE,P0926,P0660,8,2,P0926,games-tally
2007-s6-B-GE-2-3,2007-s6,B,2007-s6-B-GE,P0315,P0685,4,6,P0685,games-tally
2007-s6-B-GE-2-4,2007-s6,B,2007-s6-B-GE,P0315,P0860,6,4,P0315,games-tally
2007-s6-B-GE-2-5,2007-s6,B,2007-s6-B-GE,P0315,P0660,4,6,P0660,games-tally
2007-s6-B-GE-2-6,2007-s6,B,2007-s6-B-GE,P0315,P0852,8,2,P0315,games-tally
2007-s6-B-GE-3-4,2007-s6,B,2007-s6-B-GE,P0685,P0860,6,4,P0685,games-tally
2007-s6-B-GE-3-5,2007-s6,B,2007-s6-B-GE,P0685,P0660,10,0,P0685,games-tally
2007-s6-B-GE-4-5,2007-s6,B,2007-s6-B-GE,P0860,P0660,10,0,P0860,games-tally
2007-s6-B-GF-0-1,2007-s6,B,2007-s6-B-GF,P0841,P0861,4,6,P0861,games-tally
2007-s6-B-GF-0-2,2007-s6,B,2007-s6-B-GF,P0841,P0781,4,6,P0781,games-tally
2007-s6-B-GF-0-3,2007-s6,B,2007-s6-B-GF,P0841,P0676,7,3,P0841,games-tally
2007-s6-B-GF-0-4,2007-s6,B,2007-s6-B-GF,P0841,P0752,5,5,,games-tally
2007-s6-B-GF-0-5,2007-s6,B,2007-s6-B-GF,P0841,P0734,8,2,P0841,games-tally
2007-s6-B-GF-0-6,2007-s6,B,2007-s6-B-GF,P0841,P0723,6,4,P0841,games-tally
2007-s6-B-GF-1-2,2007-s6,B,2007-s6-B-GF,P0861,P0781,2,8,P0781,games-tally
2007-s6-B-GF-1-3,2007-s6,B,2007-s6-B-GF,P0861,P0676,3,7,P0676,games-tally
2007-s6-B-GF-1-4,2007-s6,B,2007-s6-B-GF,P0861,P0752,4,6,P0752,games-tally
2007-s6-B-GF-1-5,2007-s6,B,2007-s6-B-GF,P0861,P0734,7,3,P0861,games-tally
2007-s6-B-GF-1-6,2007-s6,B,2007-s6-B-GF,P0861,P0723,5,5,,games-tally
2007-s6-B-GF-2-3,2007-s6,B,2007-s6-B-GF,P0781,P0676,6,4,P0781,games-tally
2007-s6-B-GF-2-4,2007-s6,B,2007-s6-B-GF,P0781,P0752,5,5,,games-tally
2007-s6-B-GF-2-5,2007-s6,B,2007-s6-B-GF,P0781,P0734,7,3,P0781,games-tally
2007-s6-B-GF-2-6,2007-s6,B,2007-s6-B-GF,P0781,P0723,6,4,P0781,games-tally
2007-s6-B-GF-3-4,2007-s6,B,2007-s6-B-GF,P0676,P0752,2,8,P0752,games-tally
2007-s6-B-GF-3-5,2007-s6,B,2007-s6-B-GF,P0676,P0734,6,4,P0676,games-tally
2007-s6-B-GF-3-6,2007-s6,B,2007-s6-B-GF,P0676,P0723,10,0,P0676,games-tally
2007-s6-B-GF-4-5,2007-s6,B,2007-s6-B-GF,P0752,P0734,6,4,P0752,games-tally
2007-s6-B-GF-4-6,2007-s6,B,2007-s6-B-GF,P0752,P0723,10,0,P0752,games-tally
2007-s6-B-GF-5-6,2007-s6,B,2007-s6-B-GF,P0734,P0723,10,0,P0734,games-tally
2007-s6-B-GG-0-5,2007-s6,B,2007-s6-B-GG,P0247,P0748,3,7,P0748,games-tally
2007-s6-B-GG-1-2,2007-s6,B,2007-s6-B-GG,P0773,P0762,6,4,P0773,games-tally
2007-s6-B-GG-1-3,2007-s6,B,2007-s6-B-GG,P0773,P0922,4,6,P0922,games-tally
2007-s6-B-GG-1-4,2007-s6,B,2007-s6-B-GG,P0773,P0217,8,2,P0773,games-tally
2007-s6-B-GG-1-5,2007-s6,B,2007-s6-B-GG,P0773,P0748,3,7,P0748,games-tally
2007-s6-B-GG-1-6,2007-s6,B,2007-s6-B-GG,P0773,P0786,6,4,P0773,games-tally
2007-s6-B-GG-2-4,2007-s6,B,2007-s6-B-GG,P0762,P0217,8,2,P0762,games-tally
2007-s6-B-GG-2-5,2007-s6,B,2007-s6-B-GG,P0762,P0748,3,7,P0748,games-tally
2007-s6-B-GG-2-6,2007-s6,B,2007-s6-B-GG,P0762,P0786,4,6,P0786,games-tally
2007-s6-B-GG-3-5,2007-s6,B,2007-s6-B-GG,P0922,P0748,3,7,P0748,games-tally
2007-s6-B-GG-3-6,2007-s6,B,2007-s6-B-GG,P0922,P0786,5,5,,games-tally
2007-s6-B-GG-4-5,2007-s6,B,2007-s6-B-GG,P0217,P0748,4,6,P0748,games-tally
2007-s6-B-GG-4-6,2007-s6,B,2007-s6-B-GG,P0217,P0786,6,4,P0217,games-tally
2007-s6-B-GG-5-6,2007-s6,B,2007-s6-B-GG,P0748,P0786,6,4,P0748,games-tally
2007-s6-B-GH-0-2,2007-s6,B,2007-s6-B-GH,P0484,P0716,8,2,P0484,games-tally
2007-s6-B-GH-0-3,2007-s6,B,2007-s6-B-GH,P0484,P0901,2,8,P0901,games-tally
2007-s6-B-GH-0-4,2007-s6,B,2007-s6-B-GH,P0484,P0736,6,4,P0484,games-tally
2007-s6-B-GH-1-2,2007-s6,B,2007-s6-B-GH,P0661,P0716,1,9,P0716,games-tally
2007-s6-B-GH-1-3,2007-s6,B,2007-s6-B-GH,P0661,P0901,3,7,P0901,games-tally
2007-s6-B-GH-1-5,2007-s6,B,2007-s6-B-GH,P0661,P0818,3,7,P0818,games-tally
2007-s6-B-GH-1-6,2007-s6,B,2007-s6-B-GH,P0661,P0737,3,7,P0737,games-tally
2007-s6-B-GH-2-3,2007-s6,B,2007-s6-B-GH,P0716,P0901,7,3,P0716,games-tally
2007-s6-B-GH-2-4,2007-s6,B,2007-s6-B-GH,P0716,P0736,6,4,P0716,games-tally
2007-s6-B-GH-2-5,2007-s6,B,2007-s6-B-GH,P0716,P0818,8,2,P0716,games-tally
2007-s6-B-GH-2-6,2007-s6,B,2007-s6-B-GH,P0716,P0737,6,4,P0716,games-tally
2007-s6-B-GH-3-5,2007-s6,B,2007-s6-B-GH,P0901,P0818,8,2,P0901,games-tally
2007-s6-B-GH-3-6,2007-s6,B,2007-s6-B-GH,P0901,P0737,6,4,P0901,games-tally
2007-s6-B-GH-5-6,2007-s6,B,2007-s6-B-GH,P0818,P0737,4,6,P0737,games-tally
2008-s1-A-GA-0-1,2008-s1,A,2008-s1-A-GA,P0975,P0029,0,10,P0029,games-tally
2008-s1-A-GA-0-2,2008-s1,A,2008-s1-A-GA,P0975,P1088,0,10,P1088,games-tally
2008-s1-A-GA-0-3,2008-s1,A,2008-s1-A-GA,P0975,P1064,4,6,P1064,games-tally
2008-s1-A-GA-0-5,2008-s1,A,2008-s1-A-GA,P0975,P0737,6,4,P0975,games-tally
2008-s1-A-GA-0-6,2008-s1,A,2008-s1-A-GA,P0975,P1078,0,10,P1078,games-tally
2008-s1-A-GA-1-2,2008-s1,A,2008-s1-A-GA,P0029,P1088,6,4,P0029,games-tally
2008-s1-A-GA-1-3,2008-s1,A,2008-s1-A-GA,P0029,P1064,6,4,P0029,games-tally
2008-s1-A-GA-1-4,2008-s1,A,2008-s1-A-GA,P0029,P0953,4,6,P0953,games-tally
2008-s1-A-GA-1-5,2008-s1,A,2008-s1-A-GA,P0029,P0737,7,3,P0029,games-tally
2008-s1-A-GA-1-6,2008-s1,A,2008-s1-A-GA,P0029,P1078,7,3,P0029,games-tally
2008-s1-A-GA-2-3,2008-s1,A,2008-s1-A-GA,P1088,P1064,6,4,P1088,games-tally
2008-s1-A-GA-2-4,2008-s1,A,2008-s1-A-GA,P1088,P0953,2,8,P0953,games-tally
2008-s1-A-GA-2-5,2008-s1,A,2008-s1-A-GA,P1088,P0737,7,3,P1088,games-tally
2008-s1-A-GA-2-6,2008-s1,A,2008-s1-A-GA,P1088,P1078,5,5,,games-tally
2008-s1-A-GA-3-4,2008-s1,A,2008-s1-A-GA,P1064,P0953,4,6,P0953,games-tally
2008-s1-A-GA-3-5,2008-s1,A,2008-s1-A-GA,P1064,P0737,4,6,P0737,games-tally
2008-s1-A-GA-3-6,2008-s1,A,2008-s1-A-GA,P1064,P1078,6,4,P1064,games-tally
2008-s1-A-GA-4-5,2008-s1,A,2008-s1-A-GA,P0953,P0737,7,3,P0953,games-tally
2008-s1-A-GA-4-6,2008-s1,A,2008-s1-A-GA,P0953,P1078,5,5,,games-tally
2008-s1-A-GA-5-6,2008-s1,A,2008-s1-A-GA,P0737,P1078,2,8,P1078,games-tally
2008-s1-A-GB-0-1,2008-s1,A,2008-s1-A-GB,P0073,P1071,4,6,P1071,games-tally
2008-s1-A-GB-0-2,2008-s1,A,2008-s1-A-GB,P0073,P1124,4,6,P1124,games-tally
2008-s1-A-GB-0-3,2008-s1,A,2008-s1-A-GB,P0073,P0948,8,2,P0073,games-tally
2008-s1-A-GB-0-4,2008-s1,A,2008-s1-A-GB,P0073,P1063,7,3,P0073,games-tally
2008-s1-A-GB-0-5,2008-s1,A,2008-s1-A-GB,P0073,P0987,5,5,,games-tally
2008-s1-A-GB-0-6,2008-s1,A,2008-s1-A-GB,P0073,P1086,7,3,P0073,games-tally
2008-s1-A-GB-1-2,2008-s1,A,2008-s1-A-GB,P1071,P1124,6,4,P1071,games-tally
2008-s1-A-GB-1-3,2008-s1,A,2008-s1-A-GB,P1071,P0948,7,3,P1071,games-tally
2008-s1-A-GB-1-4,2008-s1,A,2008-s1-A-GB,P1071,P1063,8,2,P1071,games-tally
2008-s1-A-GB-1-5,2008-s1,A,2008-s1-A-GB,P1071,P0987,5,5,,games-tally
2008-s1-A-GB-1-6,2008-s1,A,2008-s1-A-GB,P1071,P1086,9,1,P1071,games-tally
2008-s1-A-GB-2-3,2008-s1,A,2008-s1-A-GB,P1124,P0948,4,6,P0948,games-tally
2008-s1-A-GB-2-4,2008-s1,A,2008-s1-A-GB,P1124,P1063,6,4,P1124,games-tally
2008-s1-A-GB-2-5,2008-s1,A,2008-s1-A-GB,P1124,P0987,1,9,P0987,games-tally
2008-s1-A-GB-2-6,2008-s1,A,2008-s1-A-GB,P1124,P1086,4,6,P1086,games-tally
2008-s1-A-GB-3-4,2008-s1,A,2008-s1-A-GB,P0948,P1063,7,3,P0948,games-tally
2008-s1-A-GB-3-5,2008-s1,A,2008-s1-A-GB,P0948,P0987,4,6,P0987,games-tally
2008-s1-A-GB-3-6,2008-s1,A,2008-s1-A-GB,P0948,P1086,6,4,P0948,games-tally
2008-s1-A-GB-4-5,2008-s1,A,2008-s1-A-GB,P1063,P0987,6,4,P1063,games-tally
2008-s1-A-GB-4-6,2008-s1,A,2008-s1-A-GB,P1063,P1086,6,4,P1063,games-tally
2008-s1-A-GB-5-6,2008-s1,A,2008-s1-A-GB,P0987,P1086,6,4,P0987,games-tally
2008-s1-A-GC-0-2,2008-s1,A,2008-s1-A-GC,P0585,P0616,6,4,P0585,games-tally
2008-s1-A-GC-0-3,2008-s1,A,2008-s1-A-GC,P0585,P0363,1,9,P0363,games-tally
2008-s1-A-GC-0-5,2008-s1,A,2008-s1-A-GC,P0585,P0205,3,7,P0205,games-tally
2008-s1-A-GC-0-6,2008-s1,A,2008-s1-A-GC,P0585,P1021,0,10,P1021,games-tally
2008-s1-A-GC-1-2,2008-s1,A,2008-s1-A-GC,P0607,P0616,4,6,P0616,games-tally
2008-s1-A-GC-1-4,2008-s1,A,2008-s1-A-GC,P0607,P1171,9,1,P0607,games-tally
2008-s1-A-GC-1-6,2008-s1,A,2008-s1-A-GC,P0607,P1021,6,4,P0607,games-tally
2008-s1-A-GC-2-3,2008-s1,A,2008-s1-A-GC,P0616,P0363,4,6,P0363,games-tally
2008-s1-A-GC-2-4,2008-s1,A,2008-s1-A-GC,P0616,P1171,2,8,P1171,games-tally
2008-s1-A-GC-2-5,2008-s1,A,2008-s1-A-GC,P0616,P0205,3,7,P0205,games-tally
2008-s1-A-GC-2-6,2008-s1,A,2008-s1-A-GC,P0616,P1021,3,7,P1021,games-tally
2008-s1-A-GC-3-5,2008-s1,A,2008-s1-A-GC,P0363,P0205,4,6,P0205,games-tally
2008-s1-A-GC-3-6,2008-s1,A,2008-s1-A-GC,P0363,P1021,6,4,P0363,games-tally
2008-s1-A-GC-4-6,2008-s1,A,2008-s1-A-GC,P1171,P1021,0,10,P1021,games-tally
2008-s1-A-GC-5-6,2008-s1,A,2008-s1-A-GC,P0205,P1021,6,4,P0205,games-tally
2008-s1-A-GD-0-1,2008-s1,A,2008-s1-A-GD,P0897,P0960,3,7,P0960,games-tally
2008-s1-A-GD-0-2,2008-s1,A,2008-s1-A-GD,P0897,P0658,6,4,P0897,games-tally
2008-s1-A-GD-0-3,2008-s1,A,2008-s1-A-GD,P0897,P0992,8,2,P0897,games-tally
2008-s1-A-GD-0-4,2008-s1,A,2008-s1-A-GD,P0897,P1175,0,10,P1175,games-tally
2008-s1-A-GD-0-5,2008-s1,A,2008-s1-A-GD,P0897,P0994,2,8,P0994,games-tally
2008-s1-A-GD-0-6,2008-s1,A,2008-s1-A-GD,P0897,P0692,3,7,P0692,games-tally
2008-s1-A-GD-1-2,2008-s1,A,2008-s1-A-GD,P0960,P0658,6,4,P0960,games-tally
2008-s1-A-GD-1-3,2008-s1,A,2008-s1-A-GD,P0960,P0992,8,2,P0960,games-tally
2008-s1-A-GD-1-4,2008-s1,A,2008-s1-A-GD,P0960,P1175,7,3,P0960,games-tally
2008-s1-A-GD-1-5,2008-s1,A,2008-s1-A-GD,P0960,P0994,3,7,P0994,games-tally
2008-s1-A-GD-1-6,2008-s1,A,2008-s1-A-GD,P0960,P0692,6,4,P0960,games-tally
2008-s1-A-GD-2-3,2008-s1,A,2008-s1-A-GD,P0658,P0992,10,0,P0658,games-tally
2008-s1-A-GD-2-4,2008-s1,A,2008-s1-A-GD,P0658,P1175,6,4,P0658,games-tally
2008-s1-A-GD-2-5,2008-s1,A,2008-s1-A-GD,P0658,P0994,5,5,,games-tally
2008-s1-A-GD-2-6,2008-s1,A,2008-s1-A-GD,P0658,P0692,5,5,,games-tally
2008-s1-A-GD-3-5,2008-s1,A,2008-s1-A-GD,P0992,P0994,2,8,P0994,games-tally
2008-s1-A-GD-3-6,2008-s1,A,2008-s1-A-GD,P0992,P0692,3,7,P0692,games-tally
2008-s1-A-GD-4-5,2008-s1,A,2008-s1-A-GD,P1175,P0994,3,7,P0994,games-tally
2008-s1-A-GD-4-6,2008-s1,A,2008-s1-A-GD,P1175,P0692,4,6,P0692,games-tally
2008-s1-A-GD-5-6,2008-s1,A,2008-s1-A-GD,P0994,P0692,6,4,P0994,games-tally
2008-s1-A-GE-0-1,2008-s1,A,2008-s1-A-GE,P0847,P0140,7,3,P0847,games-tally
2008-s1-A-GE-0-2,2008-s1,A,2008-s1-A-GE,P0847,P1038,5,5,,games-tally
2008-s1-A-GE-0-3,2008-s1,A,2008-s1-A-GE,P0847,P0678,7,3,P0847,games-tally
2008-s1-A-GE-0-4,2008-s1,A,2008-s1-A-GE,P0847,P1024,6,4,P0847,games-tally
2008-s1-A-GE-0-5,2008-s1,A,2008-s1-A-GE,P0847,P0866,8,2,P0847,games-tally
2008-s1-A-GE-0-6,2008-s1,A,2008-s1-A-GE,P0847,P0558,9,1,P0847,games-tally
2008-s1-A-GE-1-2,2008-s1,A,2008-s1-A-GE,P0140,P1038,4,6,P1038,games-tally
2008-s1-A-GE-1-3,2008-s1,A,2008-s1-A-GE,P0140,P0678,5,5,,games-tally
2008-s1-A-GE-1-4,2008-s1,A,2008-s1-A-GE,P0140,P1024,6,4,P0140,games-tally
2008-s1-A-GE-1-5,2008-s1,A,2008-s1-A-GE,P0140,P0866,6,4,P0140,games-tally
2008-s1-A-GE-1-6,2008-s1,A,2008-s1-A-GE,P0140,P0558,6,4,P0140,games-tally
2008-s1-A-GE-2-3,2008-s1,A,2008-s1-A-GE,P1038,P0678,0,10,P0678,games-tally
2008-s1-A-GE-2-4,2008-s1,A,2008-s1-A-GE,P1038,P1024,4,6,P1024,games-tally
2008-s1-A-GE-3-4,2008-s1,A,2008-s1-A-GE,P0678,P1024,8,2,P0678,games-tally
2008-s1-A-GE-3-5,2008-s1,A,2008-s1-A-GE,P0678,P0866,6,4,P0678,games-tally
2008-s1-A-GE-3-6,2008-s1,A,2008-s1-A-GE,P0678,P0558,7,3,P0678,games-tally
2008-s1-A-GE-4-5,2008-s1,A,2008-s1-A-GE,P1024,P0866,8,2,P1024,games-tally
2008-s1-A-GE-4-6,2008-s1,A,2008-s1-A-GE,P1024,P0558,9,1,P1024,games-tally
2008-s1-A-GF-0-1,2008-s1,A,2008-s1-A-GF,P0707,P0478,5,5,,games-tally
2008-s1-A-GF-0-2,2008-s1,A,2008-s1-A-GF,P0707,P1012,8,2,P0707,games-tally
2008-s1-A-GF-0-3,2008-s1,A,2008-s1-A-GF,P0707,P1164,6,4,P0707,games-tally
2008-s1-A-GF-0-4,2008-s1,A,2008-s1-A-GF,P0707,P1153,4,6,P1153,games-tally
2008-s1-A-GF-0-5,2008-s1,A,2008-s1-A-GF,P0707,P0691,6,4,P0707,games-tally
2008-s1-A-GF-0-6,2008-s1,A,2008-s1-A-GF,P0707,P0953,6,4,P0707,games-tally
2008-s1-A-GF-1-2,2008-s1,A,2008-s1-A-GF,P0478,P1012,10,0,P0478,games-tally
2008-s1-A-GF-1-3,2008-s1,A,2008-s1-A-GF,P0478,P1164,6,4,P0478,games-tally
2008-s1-A-GF-1-4,2008-s1,A,2008-s1-A-GF,P0478,P1153,7,3,P0478,games-tally
2008-s1-A-GF-1-5,2008-s1,A,2008-s1-A-GF,P0478,P0691,8,2,P0478,games-tally
2008-s1-A-GF-1-6,2008-s1,A,2008-s1-A-GF,P0478,P0953,8,2,P0478,games-tally
2008-s1-A-GF-2-3,2008-s1,A,2008-s1-A-GF,P1012,P1164,4,6,P1164,games-tally
2008-s1-A-GF-2-4,2008-s1,A,2008-s1-A-GF,P1012,P1153,2,8,P1153,games-tally
2008-s1-A-GF-2-5,2008-s1,A,2008-s1-A-GF,P1012,P0691,6,4,P1012,games-tally
2008-s1-A-GF-2-6,2008-s1,A,2008-s1-A-GF,P1012,P0953,4,6,P0953,games-tally
2008-s1-A-GF-3-4,2008-s1,A,2008-s1-A-GF,P1164,P1153,4,6,P1153,games-tally
2008-s1-A-GF-3-5,2008-s1,A,2008-s1-A-GF,P1164,P0691,2,8,P0691,games-tally
2008-s1-A-GF-3-6,2008-s1,A,2008-s1-A-GF,P1164,P0953,3,7,P0953,games-tally
2008-s1-A-GF-4-5,2008-s1,A,2008-s1-A-GF,P1153,P0691,3,7,P0691,games-tally
2008-s1-A-GF-4-6,2008-s1,A,2008-s1-A-GF,P1153,P0953,6,4,P1153,games-tally
2008-s1-A-GF-5-6,2008-s1,A,2008-s1-A-GF,P0691,P0953,6,4,P0691,games-tally
2008-s1-A-GG-0-1,2008-s1,A,2008-s1-A-GG,P1143,P0617,2,8,P0617,games-tally
2008-s1-A-GG-0-2,2008-s1,A,2008-s1-A-GG,P1143,P0764,0,10,P0764,games-tally
2008-s1-A-GG-0-3,2008-s1,A,2008-s1-A-GG,P1143,P0972,1,9,P0972,games-tally
2008-s1-A-GG-0-4,2008-s1,A,2008-s1-A-GG,P1143,P1000,6,4,P1143,games-tally
2008-s1-A-GG-0-5,2008-s1,A,2008-s1-A-GG,P1143,P1157,3,7,P1157,games-tally
2008-s1-A-GG-0-6,2008-s1,A,2008-s1-A-GG,P1143,P1034,0,10,P1034,games-tally
2008-s1-A-GG-1-2,2008-s1,A,2008-s1-A-GG,P0617,P0764,7,3,P0617,games-tally
2008-s1-A-GG-1-3,2008-s1,A,2008-s1-A-GG,P0617,P0972,4,6,P0972,games-tally
2008-s1-A-GG-1-4,2008-s1,A,2008-s1-A-GG,P0617,P1000,6,4,P0617,games-tally
2008-s1-A-GG-1-5,2008-s1,A,2008-s1-A-GG,P0617,P1157,2,8,P1157,games-tally
2008-s1-A-GG-1-6,2008-s1,A,2008-s1-A-GG,P0617,P1034,6,4,P0617,games-tally
2008-s1-A-GG-2-3,2008-s1,A,2008-s1-A-GG,P0764,P0972,6,4,P0764,games-tally
2008-s1-A-GG-2-4,2008-s1,A,2008-s1-A-GG,P0764,P1000,6,4,P0764,games-tally
2008-s1-A-GG-2-5,2008-s1,A,2008-s1-A-GG,P0764,P1157,6,4,P0764,games-tally
2008-s1-A-GG-2-6,2008-s1,A,2008-s1-A-GG,P0764,P1034,4,6,P1034,games-tally
2008-s1-A-GG-3-4,2008-s1,A,2008-s1-A-GG,P0972,P1000,6,4,P0972,games-tally
2008-s1-A-GG-3-5,2008-s1,A,2008-s1-A-GG,P0972,P1157,2,8,P1157,games-tally
2008-s1-A-GG-3-6,2008-s1,A,2008-s1-A-GG,P0972,P1034,6,4,P0972,games-tally
2008-s1-A-GG-4-5,2008-s1,A,2008-s1-A-GG,P1000,P1157,4,6,P1157,games-tally
2008-s1-A-GG-4-6,2008-s1,A,2008-s1-A-GG,P1000,P1034,4,6,P1034,games-tally
2008-s1-A-GG-5-6,2008-s1,A,2008-s1-A-GG,P1157,P1034,6,4,P1157,games-tally
2008-s1-A-GH-0-1,2008-s1,A,2008-s1-A-GH,P0968,P0858,3,7,P0858,games-tally
2008-s1-A-GH-0-2,2008-s1,A,2008-s1-A-GH,P0968,P0962,6,4,P0968,games-tally
2008-s1-A-GH-0-3,2008-s1,A,2008-s1-A-GH,P0968,P0333,1,9,P0333,games-tally
2008-s1-A-GH-0-4,2008-s1,A,2008-s1-A-GH,P0968,P0472,0,10,P0472,games-tally
2008-s1-A-GH-0-6,2008-s1,A,2008-s1-A-GH,P0968,P0430,3,7,P0430,games-tally
2008-s1-A-GH-1-2,2008-s1,A,2008-s1-A-GH,P0858,P0962,7,3,P0858,games-tally
2008-s1-A-GH-1-3,2008-s1,A,2008-s1-A-GH,P0858,P0333,7,3,P0858,games-tally
2008-s1-A-GH-1-4,2008-s1,A,2008-s1-A-GH,P0858,P0472,4,6,P0472,games-tally
2008-s1-A-GH-1-5,2008-s1,A,2008-s1-A-GH,P0858,P1119,10,0,P0858,games-tally
2008-s1-A-GH-1-6,2008-s1,A,2008-s1-A-GH,P0858,P0430,6,4,P0858,games-tally
2008-s1-A-GH-2-3,2008-s1,A,2008-s1-A-GH,P0962,P0333,4,6,P0333,games-tally
2008-s1-A-GH-2-4,2008-s1,A,2008-s1-A-GH,P0962,P0472,4,6,P0472,games-tally
2008-s1-A-GH-2-5,2008-s1,A,2008-s1-A-GH,P0962,P1119,4,6,P1119,games-tally
2008-s1-A-GH-2-6,2008-s1,A,2008-s1-A-GH,P0962,P0430,6,4,P0962,games-tally
2008-s1-A-GH-3-4,2008-s1,A,2008-s1-A-GH,P0333,P0472,4,6,P0472,games-tally
2008-s1-A-GH-3-5,2008-s1,A,2008-s1-A-GH,P0333,P1119,10,0,P0333,games-tally
2008-s1-A-GH-3-6,2008-s1,A,2008-s1-A-GH,P0333,P0430,8,2,P0333,games-tally
2008-s1-A-GH-4-5,2008-s1,A,2008-s1-A-GH,P0472,P1119,6,4,P0472,games-tally
2008-s1-A-GH-4-6,2008-s1,A,2008-s1-A-GH,P0472,P0430,7,3,P0472,games-tally
2008-s1-A-GH-5-6,2008-s1,A,2008-s1-A-GH,P1119,P0430,3,7,P0430,games-tally
2008-s1-A-GI-0-1,2008-s1,A,2008-s1-A-GI,P0988,P0989,6,4,P0988,games-tally
2008-s1-A-GI-0-2,2008-s1,A,2008-s1-A-GI,P0988,P0076,6,4,P0988,games-tally
2008-s1-A-GI-0-5,2008-s1,A,2008-s1-A-GI,P0988,P0997,6,4,P0988,games-tally
2008-s1-A-GI-1-3,2008-s1,A,2008-s1-A-GI,P0989,P1110,6,4,P0989,games-tally
2008-s1-A-GI-1-4,2008-s1,A,2008-s1-A-GI,P0989,P0921,9,1,P0989,games-tally
2008-s1-A-GI-1-5,2008-s1,A,2008-s1-A-GI,P0989,P0997,9,1,P0989,games-tally
2008-s1-A-GI-1-6,2008-s1,A,2008-s1-A-GI,P0989,P1040,6,4,P0989,games-tally
2008-s1-A-GI-2-4,2008-s1,A,2008-s1-A-GI,P0076,P0921,4,6,P0921,games-tally
2008-s1-A-GI-2-5,2008-s1,A,2008-s1-A-GI,P0076,P0997,8,2,P0076,games-tally
2008-s1-A-GI-2-6,2008-s1,A,2008-s1-A-GI,P0076,P1040,5,5,,games-tally
2008-s1-A-GI-3-4,2008-s1,A,2008-s1-A-GI,P1110,P0921,0,10,P0921,games-tally
2008-s1-A-GI-3-5,2008-s1,A,2008-s1-A-GI,P1110,P0997,9,1,P1110,games-tally
2008-s1-A-GI-3-6,2008-s1,A,2008-s1-A-GI,P1110,P1040,7,3,P1110,games-tally
2008-s1-A-GI-4-5,2008-s1,A,2008-s1-A-GI,P0921,P0997,6,4,P0921,games-tally
2008-s1-A-GI-4-6,2008-s1,A,2008-s1-A-GI,P0921,P1040,6,4,P0921,games-tally
2008-s1-A-GI-5-6,2008-s1,A,2008-s1-A-GI,P0997,P1040,3,7,P1040,games-tally
2008-s1-B-GA-0-1,2008-s1,B,2008-s1-B-GA,P0327,P1161,6,4,P0327,games-tally
2008-s1-B-GA-0-2,2008-s1,B,2008-s1-B-GA,P0327,P1102,6,4,P0327,games-tally
2008-s1-B-GA-0-3,2008-s1,B,2008-s1-B-GA,P0327,P1132,9,1,P0327,games-tally
2008-s1-B-GA-0-4,2008-s1,B,2008-s1-B-GA,P0327,P1147,10,0,P0327,games-tally
2008-s1-B-GA-0-5,2008-s1,B,2008-s1-B-GA,P0327,P1039,3,7,P1039,games-tally
2008-s1-B-GA-0-6,2008-s1,B,2008-s1-B-GA,P0327,P0922,6,4,P0327,games-tally
2008-s1-B-GA-1-2,2008-s1,B,2008-s1-B-GA,P1161,P1102,7,3,P1161,games-tally
2008-s1-B-GA-1-3,2008-s1,B,2008-s1-B-GA,P1161,P1132,3,7,P1132,games-tally
2008-s1-B-GA-1-4,2008-s1,B,2008-s1-B-GA,P1161,P1147,10,0,P1161,games-tally
2008-s1-B-GA-2-3,2008-s1,B,2008-s1-B-GA,P1102,P1132,6,4,P1102,games-tally
2008-s1-B-GA-2-4,2008-s1,B,2008-s1-B-GA,P1102,P1147,10,0,P1102,games-tally
2008-s1-B-GA-2-5,2008-s1,B,2008-s1-B-GA,P1102,P1039,10,0,P1102,games-tally
2008-s1-B-GA-2-6,2008-s1,B,2008-s1-B-GA,P1102,P0922,9,1,P1102,games-tally
2008-s1-B-GA-3-4,2008-s1,B,2008-s1-B-GA,P1132,P1147,8,2,P1132,games-tally
2008-s1-B-GA-3-5,2008-s1,B,2008-s1-B-GA,P1132,P1039,5,5,,games-tally
2008-s1-B-GA-3-6,2008-s1,B,2008-s1-B-GA,P1132,P0922,10,0,P1132,games-tally
2008-s1-B-GA-5-6,2008-s1,B,2008-s1-B-GA,P1039,P0922,7,3,P1039,games-tally
2008-s1-B-GB-0-2,2008-s1,B,2008-s1-B-GB,P0633,P0928,6,4,P0633,games-tally
2008-s1-B-GB-0-3,2008-s1,B,2008-s1-B-GB,P0633,P1129,1,9,P1129,games-tally
2008-s1-B-GB-0-4,2008-s1,B,2008-s1-B-GB,P0633,P0772,7,3,P0633,games-tally
2008-s1-B-GB-0-6,2008-s1,B,2008-s1-B-GB,P0633,P1118,6,4,P0633,games-tally
2008-s1-B-GB-2-3,2008-s1,B,2008-s1-B-GB,P0928,P1129,2,8,P1129,games-tally
2008-s1-B-GB-2-4,2008-s1,B,2008-s1-B-GB,P0928,P0772,7,3,P0928,games-tally
2008-s1-B-GB-2-6,2008-s1,B,2008-s1-B-GB,P0928,P1118,8,2,P0928,games-tally
2008-s1-B-GB-3-4,2008-s1,B,2008-s1-B-GB,P1129,P0772,4,6,P0772,games-tally
2008-s1-B-GB-3-5,2008-s1,B,2008-s1-B-GB,P1129,P1068,4,6,P1068,games-tally
2008-s1-B-GB-3-6,2008-s1,B,2008-s1-B-GB,P1129,P1118,6,4,P1129,games-tally
2008-s1-B-GB-4-6,2008-s1,B,2008-s1-B-GB,P0772,P1118,2,8,P1118,games-tally
2008-s1-B-GC-0-1,2008-s1,B,2008-s1-B-GC,P0431,P0976,5,5,,games-tally
2008-s1-B-GC-0-2,2008-s1,B,2008-s1-B-GC,P0431,P1076,6,4,P0431,games-tally
2008-s1-B-GC-0-3,2008-s1,B,2008-s1-B-GC,P0431,P1127,7,3,P0431,games-tally
2008-s1-B-GC-0-4,2008-s1,B,2008-s1-B-GC,P0431,P1108,8,2,P0431,games-tally
2008-s1-B-GC-0-5,2008-s1,B,2008-s1-B-GC,P0431,P1061,4,6,P1061,games-tally
2008-s1-B-GC-0-6,2008-s1,B,2008-s1-B-GC,P0431,P0315,3,7,P0315,games-tally
2008-s1-B-GC-1-2,2008-s1,B,2008-s1-B-GC,P0976,P1076,10,0,P0976,games-tally
2008-s1-B-GC-1-3,2008-s1,B,2008-s1-B-GC,P0976,P1127,7,3,P0976,games-tally
2008-s1-B-GC-1-4,2008-s1,B,2008-s1-B-GC,P0976,P1108,2,8,P1108,games-tally
2008-s1-B-GC-1-5,2008-s1,B,2008-s1-B-GC,P0976,P1061,5,5,,games-tally
2008-s1-B-GC-1-6,2008-s1,B,2008-s1-B-GC,P0976,P0315,2,8,P0315,games-tally
2008-s1-B-GC-2-3,2008-s1,B,2008-s1-B-GC,P1076,P1127,1,9,P1127,games-tally
2008-s1-B-GC-2-4,2008-s1,B,2008-s1-B-GC,P1076,P1108,0,10,P1108,games-tally
2008-s1-B-GC-2-5,2008-s1,B,2008-s1-B-GC,P1076,P1061,5,5,,games-tally
2008-s1-B-GC-2-6,2008-s1,B,2008-s1-B-GC,P1076,P0315,2,8,P0315,games-tally
2008-s1-B-GC-3-4,2008-s1,B,2008-s1-B-GC,P1127,P1108,6,4,P1127,games-tally
2008-s1-B-GC-3-5,2008-s1,B,2008-s1-B-GC,P1127,P1061,4,6,P1061,games-tally
2008-s1-B-GC-3-6,2008-s1,B,2008-s1-B-GC,P1127,P0315,3,7,P0315,games-tally
2008-s1-B-GC-4-5,2008-s1,B,2008-s1-B-GC,P1108,P1061,4,6,P1061,games-tally
2008-s1-B-GC-4-6,2008-s1,B,2008-s1-B-GC,P1108,P0315,6,4,P1108,games-tally
2008-s1-B-GC-5-6,2008-s1,B,2008-s1-B-GC,P1061,P0315,3,7,P0315,games-tally
2008-s1-B-GD-0-2,2008-s1,B,2008-s1-B-GD,P1159,P0706,6,4,P1159,games-tally
2008-s1-B-GD-0-3,2008-s1,B,2008-s1-B-GD,P1159,P1094,3,7,P1094,games-tally
2008-s1-B-GD-0-5,2008-s1,B,2008-s1-B-GD,P1159,P1006,6,4,P1159,games-tally
2008-s1-B-GD-0-6,2008-s1,B,2008-s1-B-GD,P1159,P1111,3,7,P1111,games-tally
2008-s1-B-GD-1-2,2008-s1,B,2008-s1-B-GD,P1082,P0706,6,4,P1082,games-tally
2008-s1-B-GD-1-3,2008-s1,B,2008-s1-B-GD,P1082,P1094,6,4,P1082,games-tally
2008-s1-B-GD-1-4,2008-s1,B,2008-s1-B-GD,P1082,P0954,4,6,P0954,games-tally
2008-s1-B-GD-1-5,2008-s1,B,2008-s1-B-GD,P1082,P1006,3,7,P1006,games-tally
2008-s1-B-GD-1-6,2008-s1,B,2008-s1-B-GD,P1082,P1111,7,3,P1082,games-tally
2008-s1-B-GD-2-3,2008-s1,B,2008-s1-B-GD,P0706,P1094,3,7,P1094,games-tally
2008-s1-B-GD-2-6,2008-s1,B,2008-s1-B-GD,P0706,P1111,5,5,,games-tally
2008-s1-B-GD-3-4,2008-s1,B,2008-s1-B-GD,P1094,P0954,7,3,P1094,games-tally
2008-s1-B-GD-3-5,2008-s1,B,2008-s1-B-GD,P1094,P1006,6,4,P1094,games-tally
2008-s1-B-GD-3-6,2008-s1,B,2008-s1-B-GD,P1094,P1111,7,3,P1094,games-tally
2008-s1-B-GD-4-5,2008-s1,B,2008-s1-B-GD,P0954,P1006,3,7,P1006,games-tally
2008-s1-B-GD-4-6,2008-s1,B,2008-s1-B-GD,P0954,P1111,4,6,P1111,games-tally
2008-s1-B-GD-5-6,2008-s1,B,2008-s1-B-GD,P1006,P1111,7,3,P1006,games-tally
2008-s1-B-GE-0-1,2008-s1,B,2008-s1-B-GE,P1077,P0971,4,6,P0971,games-tally
2008-s1-B-GE-0-2,2008-s1,B,2008-s1-B-GE,P1077,P1091,0,10,P1091,games-tally
2008-s1-B-GE-0-3,2008-s1,B,2008-s1-B-GE,P1077,P0344,2,8,P0344,games-tally
2008-s1-B-GE-0-4,2008-s1,B,2008-s1-B-GE,P1077,P0982,2,8,P0982,games-tally
2008-s1-B-GE-0-5,2008-s1,B,2008-s1-B-GE,P1077,P1028,4,6,P1028,games-tally
2008-s1-B-GE-0-6,2008-s1,B,2008-s1-B-GE,P1077,P1126,4,6,P1126,games-tally
2008-s1-B-GE-1-2,2008-s1,B,2008-s1-B-GE,P0971,P1091,6,4,P0971,games-tally
2008-s1-B-GE-1-3,2008-s1,B,2008-s1-B-GE,P0971,P0344,3,7,P0344,games-tally
2008-s1-B-GE-1-4,2008-s1,B,2008-s1-B-GE,P0971,P0982,2,8,P0982,games-tally
2008-s1-B-GE-1-5,2008-s1,B,2008-s1-B-GE,P0971,P1028,10,0,P0971,games-tally
2008-s1-B-GE-1-6,2008-s1,B,2008-s1-B-GE,P0971,P1126,10,0,P0971,games-tally
2008-s1-B-GE-2-3,2008-s1,B,2008-s1-B-GE,P1091,P0344,6,4,P1091,games-tally
2008-s1-B-GE-2-4,2008-s1,B,2008-s1-B-GE,P1091,P0982,5,5,,games-tally
2008-s1-B-GE-2-5,2008-s1,B,2008-s1-B-GE,P1091,P1028,6,4,P1091,games-tally
2008-s1-B-GE-2-6,2008-s1,B,2008-s1-B-GE,P1091,P1126,7,3,P1091,games-tally
2008-s1-B-GE-3-4,2008-s1,B,2008-s1-B-GE,P0344,P0982,4,6,P0982,games-tally
2008-s1-B-GE-3-5,2008-s1,B,2008-s1-B-GE,P0344,P1028,6,4,P0344,games-tally
2008-s1-B-GE-3-6,2008-s1,B,2008-s1-B-GE,P0344,P1126,2,8,P1126,games-tally
2008-s1-B-GE-4-5,2008-s1,B,2008-s1-B-GE,P0982,P1028,7,3,P0982,games-tally
2008-s1-B-GE-4-6,2008-s1,B,2008-s1-B-GE,P0982,P1126,4,6,P1126,games-tally
2008-s1-B-GF-0-1,2008-s1,B,2008-s1-B-GF,P1114,P0217,2,8,P0217,games-tally
2008-s1-B-GF-0-2,2008-s1,B,2008-s1-B-GF,P1114,P0801,7,3,P1114,games-tally
2008-s1-B-GF-0-3,2008-s1,B,2008-s1-B-GF,P1114,P1101,4,6,P1101,games-tally
2008-s1-B-GF-0-4,2008-s1,B,2008-s1-B-GF,P1114,P0946,2,8,P0946,games-tally
2008-s1-B-GF-0-5,2008-s1,B,2008-s1-B-GF,P1114,P0447,4,6,P0447,games-tally
2008-s1-B-GF-0-6,2008-s1,B,2008-s1-B-GF,P1114,P1136,0,10,P1136,games-tally
2008-s1-B-GF-1-2,2008-s1,B,2008-s1-B-GF,P0217,P0801,9,1,P0217,games-tally
2008-s1-B-GF-1-3,2008-s1,B,2008-s1-B-GF,P0217,P1101,5,5,,games-tally
2008-s1-B-GF-1-4,2008-s1,B,2008-s1-B-GF,P0217,P0946,4,6,P0946,games-tally
2008-s1-B-GF-1-5,2008-s1,B,2008-s1-B-GF,P0217,P0447,4,6,P0447,games-tally
2008-s1-B-GF-1-6,2008-s1,B,2008-s1-B-GF,P0217,P1136,3,7,P1136,games-tally
2008-s1-B-GF-2-3,2008-s1,B,2008-s1-B-GF,P0801,P1101,0,10,P1101,games-tally
2008-s1-B-GF-2-4,2008-s1,B,2008-s1-B-GF,P0801,P0946,1,9,P0946,games-tally
2008-s1-B-GF-2-5,2008-s1,B,2008-s1-B-GF,P0801,P0447,5,5,,games-tally
2008-s1-B-GF-2-6,2008-s1,B,2008-s1-B-GF,P0801,P1136,0,10,P1136,games-tally
2008-s1-B-GF-3-4,2008-s1,B,2008-s1-B-GF,P1101,P0946,6,4,P1101,games-tally
2008-s1-B-GF-3-6,2008-s1,B,2008-s1-B-GF,P1101,P1136,4,6,P1136,games-tally
2008-s1-B-GF-4-6,2008-s1,B,2008-s1-B-GF,P0946,P1136,6,4,P0946,games-tally
2008-s1-B-GF-5-6,2008-s1,B,2008-s1-B-GF,P0447,P1136,1,9,P1136,games-tally
2008-s1-B-GG-0-2,2008-s1,B,2008-s1-B-GG,P1081,P0752,0,10,P0752,games-tally
2008-s1-B-GG-0-3,2008-s1,B,2008-s1-B-GG,P1081,P0993,2,8,P0993,games-tally
2008-s1-B-GG-0-4,2008-s1,B,2008-s1-B-GG,P1081,P0890,2,8,P0890,games-tally
2008-s1-B-GG-0-5,2008-s1,B,2008-s1-B-GG,P1081,P0978,4,6,P0978,games-tally
2008-s1-B-GG-1-2,2008-s1,B,2008-s1-B-GG,P1140,P0752,0,10,P0752,games-tally
2008-s1-B-GG-1-3,2008-s1,B,2008-s1-B-GG,P1140,P0993,3,7,P0993,games-tally
2008-s1-B-GG-1-5,2008-s1,B,2008-s1-B-GG,P1140,P0978,1,9,P0978,games-tally
2008-s1-B-GG-2-3,2008-s1,B,2008-s1-B-GG,P0752,P0993,8,2,P0752,games-tally
2008-s1-B-GG-2-4,2008-s1,B,2008-s1-B-GG,P0752,P0890,9,1,P0752,games-tally
2008-s1-B-GG-2-5,2008-s1,B,2008-s1-B-GG,P0752,P0978,8,2,P0752,games-tally
2008-s1-B-GG-2-6,2008-s1,B,2008-s1-B-GG,P0752,P1010,6,4,P0752,games-tally
2008-s1-B-GG-3-4,2008-s1,B,2008-s1-B-GG,P0993,P0890,2,8,P0890,games-tally
2008-s1-B-GG-3-5,2008-s1,B,2008-s1-B-GG,P0993,P0978,6,4,P0993,games-tally
2008-s1-B-GG-3-6,2008-s1,B,2008-s1-B-GG,P0993,P1010,6,4,P0993,games-tally
2008-s1-B-GG-4-5,2008-s1,B,2008-s1-B-GG,P0890,P0978,4,6,P0978,games-tally
2008-s2-A-GA-0-1,2008-s2,A,2008-s2-A-GA,P0140,P1072,4,6,P1072,games-tally
2008-s2-A-GA-0-2,2008-s2,A,2008-s2-A-GA,P0140,P1069,6,4,P0140,games-tally
2008-s2-A-GA-0-3,2008-s2,A,2008-s2-A-GA,P0140,P1040,6,4,P0140,games-tally
2008-s2-A-GA-0-4,2008-s2,A,2008-s2-A-GA,P0140,P0953,6,4,P0140,games-tally
2008-s2-A-GA-0-5,2008-s2,A,2008-s2-A-GA,P0140,P0029,6,4,P0140,games-tally
2008-s2-A-GA-0-6,2008-s2,A,2008-s2-A-GA,P0140,P0979,6,4,P0140,games-tally
2008-s2-A-GA-1-2,2008-s2,A,2008-s2-A-GA,P1072,P1069,8,2,P1072,games-tally
2008-s2-A-GA-1-3,2008-s2,A,2008-s2-A-GA,P1072,P1040,6,4,P1072,games-tally
2008-s2-A-GA-1-4,2008-s2,A,2008-s2-A-GA,P1072,P0953,6,4,P1072,games-tally
2008-s2-A-GA-1-5,2008-s2,A,2008-s2-A-GA,P1072,P0029,6,4,P1072,games-tally
2008-s2-A-GA-1-6,2008-s2,A,2008-s2-A-GA,P1072,P0979,7,3,P1072,games-tally
2008-s2-A-GA-2-3,2008-s2,A,2008-s2-A-GA,P1069,P1040,5,5,,games-tally
2008-s2-A-GA-2-4,2008-s2,A,2008-s2-A-GA,P1069,P0953,6,4,P1069,games-tally
2008-s2-A-GA-2-5,2008-s2,A,2008-s2-A-GA,P1069,P0029,3,7,P0029,games-tally
2008-s2-A-GA-2-6,2008-s2,A,2008-s2-A-GA,P1069,P0979,6,4,P1069,games-tally
2008-s2-A-GA-3-4,2008-s2,A,2008-s2-A-GA,P1040,P0953,4,6,P0953,games-tally
2008-s2-A-GA-3-5,2008-s2,A,2008-s2-A-GA,P1040,P0029,4,6,P0029,games-tally
2008-s2-A-GA-3-6,2008-s2,A,2008-s2-A-GA,P1040,P0979,6,4,P1040,games-tally
2008-s2-A-GA-4-5,2008-s2,A,2008-s2-A-GA,P0953,P0029,4,6,P0029,games-tally
2008-s2-A-GA-4-6,2008-s2,A,2008-s2-A-GA,P0953,P0979,1,9,P0979,games-tally
2008-s2-A-GA-5-6,2008-s2,A,2008-s2-A-GA,P0029,P0979,10,0,P0029,games-tally
2008-s2-A-GB-0-1,2008-s2,A,2008-s2-A-GB,P0297,P0961,6,4,P0297,games-tally
2008-s2-A-GB-0-3,2008-s2,A,2008-s2-A-GB,P0297,P0327,7,3,P0297,games-tally
2008-s2-A-GB-0-4,2008-s2,A,2008-s2-A-GB,P0297,P1089,7,3,P0297,games-tally
2008-s2-A-GB-0-5,2008-s2,A,2008-s2-A-GB,P0297,P1121,7,3,P0297,games-tally
2008-s2-A-GB-0-6,2008-s2,A,2008-s2-A-GB,P0297,P0764,6,4,P0297,games-tally
2008-s2-A-GB-1-2,2008-s2,A,2008-s2-A-GB,P0961,P1102,6,4,P0961,games-tally
2008-s2-A-GB-1-3,2008-s2,A,2008-s2-A-GB,P0961,P0327,7,3,P0961,games-tally
2008-s2-A-GB-1-4,2008-s2,A,2008-s2-A-GB,P0961,P1089,5,5,,games-tally
2008-s2-A-GB-1-5,2008-s2,A,2008-s2-A-GB,P0961,P1121,7,3,P0961,games-tally
2008-s2-A-GB-1-6,2008-s2,A,2008-s2-A-GB,P0961,P0764,8,2,P0961,games-tally
2008-s2-A-GB-2-3,2008-s2,A,2008-s2-A-GB,P1102,P0327,4,6,P0327,games-tally
2008-s2-A-GB-2-4,2008-s2,A,2008-s2-A-GB,P1102,P1089,8,2,P1102,games-tally
2008-s2-A-GB-2-5,2008-s2,A,2008-s2-A-GB,P1102,P1121,4,6,P1121,games-tally
2008-s2-A-GB-2-6,2008-s2,A,2008-s2-A-GB,P1102,P0764,4,6,P0764,games-tally
2008-s2-A-GB-3-4,2008-s2,A,2008-s2-A-GB,P0327,P1089,4,6,P1089,games-tally
2008-s2-A-GB-3-5,2008-s2,A,2008-s2-A-GB,P0327,P1121,3,7,P1121,games-tally
2008-s2-A-GB-3-6,2008-s2,A,2008-s2-A-GB,P0327,P0764,4,6,P0764,games-tally
2008-s2-A-GB-4-5,2008-s2,A,2008-s2-A-GB,P1089,P1121,6,4,P1089,games-tally
2008-s2-A-GB-4-6,2008-s2,A,2008-s2-A-GB,P1089,P0764,1,9,P0764,games-tally
2008-s2-A-GB-5-6,2008-s2,A,2008-s2-A-GB,P1121,P0764,5,5,,games-tally
2008-s2-A-GC-0-1,2008-s2,A,2008-s2-A-GC,P0422,P0617,5,5,,games-tally
2008-s2-A-GC-0-2,2008-s2,A,2008-s2-A-GC,P0422,P1176,4,6,P1176,games-tally
2008-s2-A-GC-0-3,2008-s2,A,2008-s2-A-GC,P0422,P0344,8,2,P0422,games-tally
2008-s2-A-GC-0-4,2008-s2,A,2008-s2-A-GC,P0422,P0957,6,4,P0422,games-tally
2008-s2-A-GC-0-5,2008-s2,A,2008-s2-A-GC,P0422,P1035,7,3,P0422,games-tally
2008-s2-A-GC-0-6,2008-s2,A,2008-s2-A-GC,P0422,P1085,5,5,,games-tally
2008-s2-A-GC-1-3,2008-s2,A,2008-s2-A-GC,P0617,P0344,3,7,P0344,games-tally
2008-s2-A-GC-1-5,2008-s2,A,2008-s2-A-GC,P0617,P1035,8,2,P0617,games-tally
2008-s2-A-GC-1-6,2008-s2,A,2008-s2-A-GC,P0617,P1085,1,9,P1085,games-tally
2008-s2-A-GC-2-3,2008-s2,A,2008-s2-A-GC,P1176,P0344,1,9,P0344,games-tally
2008-s2-A-GC-2-4,2008-s2,A,2008-s2-A-GC,P1176,P0957,6,3,P1176,games-tally
2008-s2-A-GC-2-5,2008-s2,A,2008-s2-A-GC,P1176,P1035,4,6,P1035,games-tally
2008-s2-A-GC-2-6,2008-s2,A,2008-s2-A-GC,P1176,P1085,3,7,P1085,games-tally
2008-s2-A-GC-3-4,2008-s2,A,2008-s2-A-GC,P0344,P0957,6,4,P0344,games-tally
2008-s2-A-GC-3-5,2008-s2,A,2008-s2-A-GC,P0344,P1035,2,8,P1035,games-tally
2008-s2-A-GC-3-6,2008-s2,A,2008-s2-A-GC,P0344,P1085,6,4,P0344,games-tally
2008-s2-A-GC-4-5,2008-s2,A,2008-s2-A-GC,P0957,P1035,4,6,P1035,games-tally
2008-s2-A-GC-4-6,2008-s2,A,2008-s2-A-GC,P0957,P1085,3,7,P1085,games-tally
2008-s2-A-GC-5-6,2008-s2,A,2008-s2-A-GC,P1035,P1085,1,9,P1085,games-tally
2008-s2-A-GD-0-1,2008-s2,A,2008-s2-A-GD,P0707,P0325,4,6,P0325,games-tally
2008-s2-A-GD-0-2,2008-s2,A,2008-s2-A-GD,P0707,P1148,10,0,P0707,games-tally
2008-s2-A-GD-0-3,2008-s2,A,2008-s2-A-GD,P0707,P0315,7,3,P0707,games-tally
2008-s2-A-GD-0-4,2008-s2,A,2008-s2-A-GD,P0707,P0867,5,5,,games-tally
2008-s2-A-GD-0-5,2008-s2,A,2008-s2-A-GD,P0707,P0371,8,2,P0707,games-tally
2008-s2-A-GD-0-6,2008-s2,A,2008-s2-A-GD,P0707,P0678,8,2,P0707,games-tally
2008-s2-A-GD-1-2,2008-s2,A,2008-s2-A-GD,P0325,P1148,10,0,P0325,games-tally
2008-s2-A-GD-1-3,2008-s2,A,2008-s2-A-GD,P0325,P0315,7,3,P0325,games-tally
2008-s2-A-GD-1-4,2008-s2,A,2008-s2-A-GD,P0325,P0867,9,1,P0325,games-tally
2008-s2-A-GD-1-5,2008-s2,A,2008-s2-A-GD,P0325,P0371,1,9,P0371,games-tally
2008-s2-A-GD-1-6,2008-s2,A,2008-s2-A-GD,P0325,P0678,6,4,P0325,games-tally
2008-s2-A-GD-2-3,2008-s2,A,2008-s2-A-GD,P1148,P0315,4,6,P0315,games-tally
2008-s2-A-GD-2-4,2008-s2,A,2008-s2-A-GD,P1148,P0867,4,6,P0867,games-tally
2008-s2-A-GD-2-5,2008-s2,A,2008-s2-A-GD,P1148,P0371,4,6,P0371,games-tally
2008-s2-A-GD-3-4,2008-s2,A,2008-s2-A-GD,P0315,P0867,5,5,,games-tally
2008-s2-A-GD-3-5,2008-s2,A,2008-s2-A-GD,P0315,P0371,5,5,,games-tally
2008-s2-A-GD-3-6,2008-s2,A,2008-s2-A-GD,P0315,P0678,4,6,P0678,games-tally
2008-s2-A-GD-4-6,2008-s2,A,2008-s2-A-GD,P0867,P0678,5,5,,games-tally
2008-s2-A-GE-0-1,2008-s2,A,2008-s2-A-GE,P0073,P0858,4,6,P0858,games-tally
2008-s2-A-GE-0-2,2008-s2,A,2008-s2-A-GE,P0073,P0737,7,3,P0073,games-tally
2008-s2-A-GE-0-3,2008-s2,A,2008-s2-A-GE,P0073,P0616,8,2,P0073,games-tally
2008-s2-A-GE-0-4,2008-s2,A,2008-s2-A-GE,P0073,P1094,7,3,P0073,games-tally
2008-s2-A-GE-0-5,2008-s2,A,2008-s2-A-GE,P0073,P0558,9,1,P0073,games-tally
2008-s2-A-GE-0-6,2008-s2,A,2008-s2-A-GE,P0073,P1093,4,6,P1093,games-tally
2008-s2-A-GE-1-2,2008-s2,A,2008-s2-A-GE,P0858,P0737,10,0,P0858,games-tally
2008-s2-A-GE-1-3,2008-s2,A,2008-s2-A-GE,P0858,P0616,7,3,P0858,games-tally
2008-s2-A-GE-1-4,2008-s2,A,2008-s2-A-GE,P0858,P1094,6,4,P0858,games-tally
2008-s2-A-GE-1-5,2008-s2,A,2008-s2-A-GE,P0858,P0558,4,6,P0558,games-tally
2008-s2-A-GE-1-6,2008-s2,A,2008-s2-A-GE,P0858,P1093,10,0,P0858,games-tally
2008-s2-A-GE-2-3,2008-s2,A,2008-s2-A-GE,P0737,P0616,4,6,P0616,games-tally
2008-s2-A-GE-2-6,2008-s2,A,2008-s2-A-GE,P0737,P1093,0,10,P1093,games-tally
2008-s2-A-GE-3-4,2008-s2,A,2008-s2-A-GE,P0616,P1094,9,1,P0616,games-tally
2008-s2-A-GE-3-5,2008-s2,A,2008-s2-A-GE,P0616,P0558,4,6,P0558,games-tally
2008-s2-A-GE-3-6,2008-s2,A,2008-s2-A-GE,P0616,P1093,3,7,P1093,games-tally
2008-s2-A-GE-4-6,2008-s2,A,2008-s2-A-GE,P1094,P1093,5,5,,games-tally
2008-s2-A-GF-0-1,2008-s2,A,2008-s2-A-GF,P1026,P0205,0,10,P0205,games-tally
2008-s2-A-GF-0-2,2008-s2,A,2008-s2-A-GF,P1026,P0131,8,2,P1026,games-tally
2008-s2-A-GF-0-3,2008-s2,A,2008-s2-A-GF,P1026,P1063,6,4,P1026,games-tally
2008-s2-A-GF-0-4,2008-s2,A,2008-s2-A-GF,P1026,P1149,0,10,P1149,games-tally
2008-s2-A-GF-0-5,2008-s2,A,2008-s2-A-GF,P1026,P1044,6,4,P1026,games-tally
2008-s2-A-GF-0-6,2008-s2,A,2008-s2-A-GF,P1026,P1054,5,5,,games-tally
2008-s2-A-GF-1-2,2008-s2,A,2008-s2-A-GF,P0205,P0131,4,6,P0131,games-tally
2008-s2-A-GF-1-3,2008-s2,A,2008-s2-A-GF,P0205,P1063,10,0,P0205,games-tally
2008-s2-A-GF-1-4,2008-s2,A,2008-s2-A-GF,P0205,P1149,3,7,P1149,games-tally
2008-s2-A-GF-1-5,2008-s2,A,2008-s2-A-GF,P0205,P1044,10,0,P0205,games-tally
2008-s2-A-GF-2-3,2008-s2,A,2008-s2-A-GF,P0131,P1063,6,4,P0131,games-tally
2008-s2-A-GF-2-4,2008-s2,A,2008-s2-A-GF,P0131,P1149,4,6,P1149,games-tally
2008-s2-A-GF-2-5,2008-s2,A,2008-s2-A-GF,P0131,P1044,6,4,P0131,games-tally
2008-s2-A-GF-2-6,2008-s2,A,2008-s2-A-GF,P0131,P1054,7,3,P0131,games-tally
2008-s2-A-GF-3-4,2008-s2,A,2008-s2-A-GF,P1063,P1149,4,6,P1149,games-tally
2008-s2-A-GF-3-6,2008-s2,A,2008-s2-A-GF,P1063,P1054,4,6,P1054,games-tally
2008-s2-A-GF-4-5,2008-s2,A,2008-s2-A-GF,P1149,P1044,10,0,P1149,games-tally
2008-s2-A-GF-4-6,2008-s2,A,2008-s2-A-GF,P1149,P1054,7,3,P1149,games-tally
2008-s2-A-GF-5-6,2008-s2,A,2008-s2-A-GF,P1044,P1054,4,6,P1054,games-tally
2008-s2-A-GG-0-1,2008-s2,A,2008-s2-A-GG,P0984,P1064,4,6,P1064,games-tally
2008-s2-A-GG-0-2,2008-s2,A,2008-s2-A-GG,P0984,P1055,7,3,P0984,games-tally
2008-s2-A-GG-0-3,2008-s2,A,2008-s2-A-GG,P0984,P0273,2,8,P0273,games-tally
2008-s2-A-GG-0-4,2008-s2,A,2008-s2-A-GG,P0984,P1000,7,3,P0984,games-tally
2008-s2-A-GG-0-5,2008-s2,A,2008-s2-A-GG,P0984,P0847,4,6,P0847,games-tally
2008-s2-A-GG-0-6,2008-s2,A,2008-s2-A-GG,P0984,P0901,7,3,P0984,games-tally
2008-s2-A-GG-1-2,2008-s2,A,2008-s2-A-GG,P1064,P1055,6,4,P1064,games-tally
2008-s2-A-GG-1-3,2008-s2,A,2008-s2-A-GG,P1064,P0273,3,7,P0273,games-tally
2008-s2-A-GG-1-4,2008-s2,A,2008-s2-A-GG,P1064,P1000,4,6,P1000,games-tally
2008-s2-A-GG-1-5,2008-s2,A,2008-s2-A-GG,P1064,P0847,4,6,P0847,games-tally
2008-s2-A-GG-1-6,2008-s2,A,2008-s2-A-GG,P1064,P0901,4,6,P0901,games-tally
2008-s2-A-GG-2-3,2008-s2,A,2008-s2-A-GG,P1055,P0273,0,10,P0273,games-tally
2008-s2-A-GG-2-5,2008-s2,A,2008-s2-A-GG,P1055,P0847,1,9,P0847,games-tally
2008-s2-A-GG-2-6,2008-s2,A,2008-s2-A-GG,P1055,P0901,5,5,,games-tally
2008-s2-A-GG-3-4,2008-s2,A,2008-s2-A-GG,P0273,P1000,6,4,P0273,games-tally
2008-s2-A-GG-3-5,2008-s2,A,2008-s2-A-GG,P0273,P0847,4,6,P0847,games-tally
2008-s2-A-GG-3-6,2008-s2,A,2008-s2-A-GG,P0273,P0901,6,4,P0273,games-tally
2008-s2-A-GG-4-5,2008-s2,A,2008-s2-A-GG,P1000,P0847,3,7,P0847,games-tally
2008-s2-A-GG-4-6,2008-s2,A,2008-s2-A-GG,P1000,P0901,6,4,P1000,games-tally
2008-s2-A-GG-5-6,2008-s2,A,2008-s2-A-GG,P0847,P0901,8,2,P0847,games-tally
2008-s2-B-GA-0-1,2008-s2,B,2008-s2-B-GA,P1164,P0431,6,4,P1164,games-tally
2008-s2-B-GA-0-2,2008-s2,B,2008-s2-B-GA,P1164,P0955,2,8,P0955,games-tally
2008-s2-B-GA-0-4,2008-s2,B,2008-s2-B-GA,P1164,P1053,5,5,,games-tally
2008-s2-B-GA-0-5,2008-s2,B,2008-s2-B-GA,P1164,P0956,5,5,,games-tally
2008-s2-B-GA-0-6,2008-s2,B,2008-s2-B-GA,P1164,P0880,5,5,,games-tally
2008-s2-B-GA-1-2,2008-s2,B,2008-s2-B-GA,P0431,P0955,4,6,P0955,games-tally
2008-s2-B-GA-1-3,2008-s2,B,2008-s2-B-GA,P0431,P0447,2,8,P0447,games-tally
2008-s2-B-GA-1-4,2008-s2,B,2008-s2-B-GA,P0431,P1053,7,3,P0431,games-tally
2008-s2-B-GA-1-5,2008-s2,B,2008-s2-B-GA,P0431,P0956,0,10,P0956,games-tally
2008-s2-B-GA-1-6,2008-s2,B,2008-s2-B-GA,P0431,P0880,3,7,P0880,games-tally
2008-s2-B-GA-2-3,2008-s2,B,2008-s2-B-GA,P0955,P0447,4,6,P0447,games-tally
2008-s2-B-GA-2-4,2008-s2,B,2008-s2-B-GA,P0955,P1053,4,6,P1053,games-tally
2008-s2-B-GA-2-5,2008-s2,B,2008-s2-B-GA,P0955,P0956,7,3,P0955,games-tally
2008-s2-B-GA-2-6,2008-s2,B,2008-s2-B-GA,P0955,P0880,1,9,P0880,games-tally
2008-s2-B-GA-3-4,2008-s2,B,2008-s2-B-GA,P0447,P1053,6,4,P0447,games-tally
2008-s2-B-GA-3-5,2008-s2,B,2008-s2-B-GA,P0447,P0956,4,6,P0956,games-tally
2008-s2-B-GA-3-6,2008-s2,B,2008-s2-B-GA,P0447,P0880,1,9,P0880,games-tally
2008-s2-B-GA-4-5,2008-s2,B,2008-s2-B-GA,P1053,P0956,3,7,P0956,games-tally
2008-s2-B-GA-4-6,2008-s2,B,2008-s2-B-GA,P1053,P0880,5,5,,games-tally
2008-s2-B-GA-5-6,2008-s2,B,2008-s2-B-GA,P0956,P0880,5,5,,games-tally
2008-s2-B-GB-0-1,2008-s2,B,2008-s2-B-GB,P1118,P0531,10,0,P1118,games-tally
2008-s2-B-GB-0-2,2008-s2,B,2008-s2-B-GB,P1118,P0772,6,4,P1118,games-tally
2008-s2-B-GB-0-3,2008-s2,B,2008-s2-B-GB,P1118,P0965,5,5,,games-tally
2008-s2-B-GB-0-4,2008-s2,B,2008-s2-B-GB,P1118,P0928,9,1,P1118,games-tally
2008-s2-B-GB-0-5,2008-s2,B,2008-s2-B-GB,P1118,P1051,4,6,P1051,games-tally
2008-s2-B-GB-0-6,2008-s2,B,2008-s2-B-GB,P1118,P1058,6,4,P1118,games-tally
2008-s2-B-GB-1-2,2008-s2,B,2008-s2-B-GB,P0531,P0772,3,7,P0772,games-tally
2008-s2-B-GB-1-3,2008-s2,B,2008-s2-B-GB,P0531,P0965,0,10,P0965,games-tally
2008-s2-B-GB-1-4,2008-s2,B,2008-s2-B-GB,P0531,P0928,0,10,P0928,games-tally
2008-s2-B-GB-1-5,2008-s2,B,2008-s2-B-GB,P0531,P1051,4,6,P1051,games-tally
2008-s2-B-GB-1-6,2008-s2,B,2008-s2-B-GB,P0531,P1058,0,10,P1058,games-tally
2008-s2-B-GB-2-3,2008-s2,B,2008-s2-B-GB,P0772,P0965,7,3,P0772,games-tally
2008-s2-B-GB-2-4,2008-s2,B,2008-s2-B-GB,P0772,P0928,3,7,P0928,games-tally
2008-s2-B-GB-2-5,2008-s2,B,2008-s2-B-GB,P0772,P1051,4,6,P1051,games-tally
2008-s2-B-GB-2-6,2008-s2,B,2008-s2-B-GB,P0772,P1058,5,5,,games-tally
2008-s2-B-GB-3-4,2008-s2,B,2008-s2-B-GB,P0965,P0928,6,4,P0965,games-tally
2008-s2-B-GB-3-5,2008-s2,B,2008-s2-B-GB,P0965,P1051,4,6,P1051,games-tally
2008-s2-B-GB-3-6,2008-s2,B,2008-s2-B-GB,P0965,P1058,3,7,P1058,games-tally
2008-s2-B-GB-4-5,2008-s2,B,2008-s2-B-GB,P0928,P1051,5,5,,games-tally
2008-s2-B-GB-4-6,2008-s2,B,2008-s2-B-GB,P0928,P1058,5,5,,games-tally
2008-s2-B-GB-5-6,2008-s2,B,2008-s2-B-GB,P1051,P1058,7,3,P1051,games-tally
2008-s2-B-GC-0-1,2008-s2,B,2008-s2-B-GC,P1062,P1019,10,0,P1062,games-tally
2008-s2-B-GC-0-3,2008-s2,B,2008-s2-B-GC,P1062,P1092,7,3,P1062,games-tally
2008-s2-B-GC-0-4,2008-s2,B,2008-s2-B-GC,P1062,P1079,4,6,P1079,games-tally
2008-s2-B-GC-0-5,2008-s2,B,2008-s2-B-GC,P1062,P1056,4,6,P1056,games-tally
2008-s2-B-GC-0-6,2008-s2,B,2008-s2-B-GC,P1062,P0793,9,1,P1062,games-tally
2008-s2-B-GC-1-2,2008-s2,B,2008-s2-B-GC,P1019,P1007,5,5,,games-tally
2008-s2-B-GC-1-3,2008-s2,B,2008-s2-B-GC,P1019,P1092,8,2,P1019,games-tally
2008-s2-B-GC-1-4,2008-s2,B,2008-s2-B-GC,P1019,P1079,4,6,P1079,games-tally
2008-s2-B-GC-1-5,2008-s2,B,2008-s2-B-GC,P1019,P1056,8,2,P1019,games-tally
2008-s2-B-GC-1-6,2008-s2,B,2008-s2-B-GC,P1019,P0793,6,4,P1019,games-tally
2008-s2-B-GC-2-3,2008-s2,B,2008-s2-B-GC,P1007,P1092,6,4,P1007,games-tally
2008-s2-B-GC-2-4,2008-s2,B,2008-s2-B-GC,P1007,P1079,8,2,P1007,games-tally
2008-s2-B-GC-2-5,2008-s2,B,2008-s2-B-GC,P1007,P1056,8,2,P1007,games-tally
2008-s2-B-GC-2-6,2008-s2,B,2008-s2-B-GC,P1007,P0793,10,0,P1007,games-tally
2008-s2-B-GC-3-4,2008-s2,B,2008-s2-B-GC,P1092,P1079,4,6,P1079,games-tally
2008-s2-B-GC-3-5,2008-s2,B,2008-s2-B-GC,P1092,P1056,6,4,P1092,games-tally
2008-s2-B-GC-3-6,2008-s2,B,2008-s2-B-GC,P1092,P0793,6,4,P1092,games-tally
2008-s2-B-GC-4-5,2008-s2,B,2008-s2-B-GC,P1079,P1056,7,3,P1079,games-tally
2008-s2-B-GC-4-6,2008-s2,B,2008-s2-B-GC,P1079,P0793,8,2,P1079,games-tally
2008-s2-B-GC-5-6,2008-s2,B,2008-s2-B-GC,P1056,P0793,3,7,P0793,games-tally
2008-s2-B-GD-0-1,2008-s2,B,2008-s2-B-GD,P0217,P0902,6,4,P0217,games-tally
2008-s2-B-GD-0-2,2008-s2,B,2008-s2-B-GD,P0217,P1052,7,3,P0217,games-tally
2008-s2-B-GD-0-3,2008-s2,B,2008-s2-B-GD,P0217,P1047,4,6,P1047,games-tally
2008-s2-B-GD-0-4,2008-s2,B,2008-s2-B-GD,P0217,P1165,6,4,P0217,games-tally
2008-s2-B-GD-0-5,2008-s2,B,2008-s2-B-GD,P0217,P0976,10,0,P0217,games-tally
2008-s2-B-GD-0-6,2008-s2,B,2008-s2-B-GD,P0217,P1155,3,7,P1155,games-tally
2008-s2-B-GD-1-2,2008-s2,B,2008-s2-B-GD,P0902,P1052,7,3,P0902,games-tally
2008-s2-B-GD-1-4,2008-s2,B,2008-s2-B-GD,P0902,P1165,6,4,P0902,games-tally
2008-s2-B-GD-1-5,2008-s2,B,2008-s2-B-GD,P0902,P0976,10,0,P0902,games-tally
2008-s2-B-GD-1-6,2008-s2,B,2008-s2-B-GD,P0902,P1155,4,6,P1155,games-tally
2008-s2-B-GD-2-3,2008-s2,B,2008-s2-B-GD,P1052,P1047,8,2,P1052,games-tally
2008-s2-B-GD-2-4,2008-s2,B,2008-s2-B-GD,P1052,P1165,6,4,P1052,games-tally
2008-s2-B-GD-2-5,2008-s2,B,2008-s2-B-GD,P1052,P0976,10,0,P1052,games-tally
2008-s2-B-GD-2-6,2008-s2,B,2008-s2-B-GD,P1052,P1155,2,8,P1155,games-tally
2008-s2-B-GD-3-4,2008-s2,B,2008-s2-B-GD,P1047,P1165,10,0,P1047,games-tally
2008-s2-B-GD-3-5,2008-s2,B,2008-s2-B-GD,P1047,P0976,7,3,P1047,games-tally
2008-s2-B-GD-3-6,2008-s2,B,2008-s2-B-GD,P1047,P1155,7,3,P1047,games-tally
2008-s2-B-GD-4-5,2008-s2,B,2008-s2-B-GD,P1165,P0976,5,5,,games-tally
2008-s2-B-GD-4-6,2008-s2,B,2008-s2-B-GD,P1165,P1155,1,9,P1155,games-tally
2008-s2-B-GD-5-6,2008-s2,B,2008-s2-B-GD,P0976,P1155,0,10,P1155,games-tally
2008-s2-B-GE-0-1,2008-s2,B,2008-s2-B-GE,P0820,P0247,6,4,P0820,games-tally
2008-s2-B-GE-0-2,2008-s2,B,2008-s2-B-GE,P0820,P1083,6,4,P0820,games-tally
2008-s2-B-GE-0-3,2008-s2,B,2008-s2-B-GE,P0820,P1161,7,3,P0820,games-tally
2008-s2-B-GE-0-4,2008-s2,B,2008-s2-B-GE,P0820,P0870,5,5,,games-tally
2008-s2-B-GE-0-5,2008-s2,B,2008-s2-B-GE,P0820,P1115,4,6,P1115,games-tally
2008-s2-B-GE-0-6,2008-s2,B,2008-s2-B-GE,P0820,P0577,7,3,P0820,games-tally
2008-s2-B-GE-1-2,2008-s2,B,2008-s2-B-GE,P0247,P1083,8,2,P0247,games-tally
2008-s2-B-GE-1-3,2008-s2,B,2008-s2-B-GE,P0247,P1161,8,2,P0247,games-tally
2008-s2-B-GE-1-4,2008-s2,B,2008-s2-B-GE,P0247,P0870,6,4,P0247,games-tally
2008-s2-B-GE-1-5,2008-s2,B,2008-s2-B-GE,P0247,P1115,6,4,P0247,games-tally
2008-s2-B-GE-1-6,2008-s2,B,2008-s2-B-GE,P0247,P0577,8,2,P0247,games-tally
2008-s2-B-GE-2-3,2008-s2,B,2008-s2-B-GE,P1083,P1161,8,2,P1083,games-tally
2008-s2-B-GE-2-4,2008-s2,B,2008-s2-B-GE,P1083,P0870,6,4,P1083,games-tally
2008-s2-B-GE-2-5,2008-s2,B,2008-s2-B-GE,P1083,P1115,6,4,P1083,games-tally
2008-s2-B-GE-2-6,2008-s2,B,2008-s2-B-GE,P1083,P0577,6,4,P1083,games-tally
2008-s2-B-GE-3-5,2008-s2,B,2008-s2-B-GE,P1161,P1115,6,4,P1161,games-tally
2008-s2-B-GE-3-6,2008-s2,B,2008-s2-B-GE,P1161,P0577,3,7,P0577,games-tally
2008-s2-B-GE-4-5,2008-s2,B,2008-s2-B-GE,P0870,P1115,3,7,P1115,games-tally
2008-s2-B-GE-4-6,2008-s2,B,2008-s2-B-GE,P0870,P0577,4,6,P0577,games-tally
2008-s2-B-GE-5-6,2008-s2,B,2008-s2-B-GE,P1115,P0577,6,4,P1115,games-tally
2008-s2-B-GF-0-1,2008-s2,B,2008-s2-B-GF,P1129,P1109,7,3,P1129,games-tally
2008-s2-B-GF-0-2,2008-s2,B,2008-s2-B-GF,P1129,P0183,6,4,P1129,games-tally
2008-s2-B-GF-0-3,2008-s2,B,2008-s2-B-GF,P1129,P1015,8,2,P1129,games-tally
2008-s2-B-GF-0-4,2008-s2,B,2008-s2-B-GF,P1129,P0982,3,7,P0982,games-tally
2008-s2-B-GF-0-5,2008-s2,B,2008-s2-B-GF,P1129,P1178,4,6,P1178,games-tally
2008-s2-B-GF-0-6,2008-s2,B,2008-s2-B-GF,P1129,P1127,7,3,P1129,games-tally
2008-s2-B-GF-1-2,2008-s2,B,2008-s2-B-GF,P1109,P0183,9,1,P1109,games-tally
2008-s2-B-GF-1-3,2008-s2,B,2008-s2-B-GF,P1109,P1015,9,1,P1109,games-tally
2008-s2-B-GF-1-4,2008-s2,B,2008-s2-B-GF,P1109,P0982,4,6,P0982,games-tally
2008-s2-B-GF-1-5,2008-s2,B,2008-s2-B-GF,P1109,P1178,4,6,P1178,games-tally
2008-s2-B-GF-1-6,2008-s2,B,2008-s2-B-GF,P1109,P1127,9,1,P1109,games-tally
2008-s2-B-GF-2-3,2008-s2,B,2008-s2-B-GF,P0183,P1015,3,7,P1015,games-tally
2008-s2-B-GF-2-5,2008-s2,B,2008-s2-B-GF,P0183,P1178,1,9,P1178,games-tally
2008-s2-B-GF-2-6,2008-s2,B,2008-s2-B-GF,P0183,P1127,4,6,P1127,games-tally
2008-s2-B-GF-3-4,2008-s2,B,2008-s2-B-GF,P1015,P0982,4,6,P0982,games-tally
2008-s2-B-GF-3-5,2008-s2,B,2008-s2-B-GF,P1015,P1178,3,7,P1178,games-tally
2008-s2-B-GF-3-6,2008-s2,B,2008-s2-B-GF,P1015,P1127,2,8,P1127,games-tally
2008-s2-B-GF-4-5,2008-s2,B,2008-s2-B-GF,P0982,P1178,5,5,,games-tally
2008-s2-B-GF-4-6,2008-s2,B,2008-s2-B-GF,P0982,P1127,7,3,P0982,games-tally
2008-s2-B-GF-5-6,2008-s2,B,2008-s2-B-GF,P1178,P1127,4,6,P1127,games-tally
2008-s3-A-GA-0-1,2008-s3,A,2008-s3-A-GA,P1085,P0985,4,6,P0985,games-tally
2008-s3-A-GA-0-2,2008-s3,A,2008-s3-A-GA,P1085,P1073,7,3,P1085,games-tally
2008-s3-A-GA-0-4,2008-s3,A,2008-s3-A-GA,P1085,P1030,6,4,P1085,games-tally
2008-s3-A-GA-0-5,2008-s3,A,2008-s3-A-GA,P1085,P0616,9,1,P1085,games-tally
2008-s3-A-GA-1-2,2008-s3,A,2008-s3-A-GA,P0985,P1073,5,5,,games-tally
2008-s3-A-GA-1-3,2008-s3,A,2008-s3-A-GA,P0985,P0982,6,4,P0985,games-tally
2008-s3-A-GA-1-4,2008-s3,A,2008-s3-A-GA,P0985,P1030,6,4,P0985,games-tally
2008-s3-A-GA-1-5,2008-s3,A,2008-s3-A-GA,P0985,P0616,7,3,P0985,games-tally
2008-s3-A-GA-1-6,2008-s3,A,2008-s3-A-GA,P0985,P0867,8,2,P0985,games-tally
2008-s3-A-GA-2-3,2008-s3,A,2008-s3-A-GA,P1073,P0982,7,3,P1073,games-tally
2008-s3-A-GA-2-4,2008-s3,A,2008-s3-A-GA,P1073,P1030,2,8,P1030,games-tally
2008-s3-A-GA-2-5,2008-s3,A,2008-s3-A-GA,P1073,P0616,4,6,P0616,games-tally
2008-s3-A-GA-2-6,2008-s3,A,2008-s3-A-GA,P1073,P0867,7,3,P1073,games-tally
2008-s3-A-GA-3-4,2008-s3,A,2008-s3-A-GA,P0982,P1030,6,4,P0982,games-tally
2008-s3-A-GA-3-5,2008-s3,A,2008-s3-A-GA,P0982,P0616,5,5,,games-tally
2008-s3-A-GA-3-6,2008-s3,A,2008-s3-A-GA,P0982,P0867,7,3,P0982,games-tally
2008-s3-A-GA-4-5,2008-s3,A,2008-s3-A-GA,P1030,P0616,8,2,P1030,games-tally
2008-s3-A-GA-4-6,2008-s3,A,2008-s3-A-GA,P1030,P0867,7,3,P1030,games-tally
2008-s3-A-GA-5-6,2008-s3,A,2008-s3-A-GA,P0616,P0867,7,3,P0616,games-tally
2008-s3-A-GB-0-1,2008-s3,A,2008-s3-A-GB,P0962,P0558,1,9,P0558,games-tally
2008-s3-A-GB-0-2,2008-s3,A,2008-s3-A-GB,P0962,P0787,6,4,P0962,games-tally
2008-s3-A-GB-0-3,2008-s3,A,2008-s3-A-GB,P0962,P1155,1,9,P1155,games-tally
2008-s3-A-GB-0-4,2008-s3,A,2008-s3-A-GB,P0962,P0327,2,8,P0327,games-tally
2008-s3-A-GB-0-5,2008-s3,A,2008-s3-A-GB,P0962,P0980,7,3,P0962,games-tally
2008-s3-A-GB-0-6,2008-s3,A,2008-s3-A-GB,P0962,P0617,4,6,P0617,games-tally
2008-s3-A-GB-1-2,2008-s3,A,2008-s3-A-GB,P0558,P0787,3,7,P0787,games-tally
2008-s3-A-GB-1-3,2008-s3,A,2008-s3-A-GB,P0558,P1155,4,6,P1155,games-tally
2008-s3-A-GB-1-4,2008-s3,A,2008-s3-A-GB,P0558,P0327,5,5,,games-tally
2008-s3-A-GB-1-5,2008-s3,A,2008-s3-A-GB,P0558,P0980,0,10,P0980,games-tally
2008-s3-A-GB-1-6,2008-s3,A,2008-s3-A-GB,P0558,P0617,4,6,P0617,games-tally
2008-s3-A-GB-2-3,2008-s3,A,2008-s3-A-GB,P0787,P1155,5,5,,games-tally
2008-s3-A-GB-2-4,2008-s3,A,2008-s3-A-GB,P0787,P0327,7,3,P0787,games-tally
2008-s3-A-GB-2-5,2008-s3,A,2008-s3-A-GB,P0787,P0980,7,3,P0787,games-tally
2008-s3-A-GB-2-6,2008-s3,A,2008-s3-A-GB,P0787,P0617,0,10,P0617,games-tally
2008-s3-A-GB-3-4,2008-s3,A,2008-s3-A-GB,P1155,P0327,5,5,,games-tally
2008-s3-A-GB-3-5,2008-s3,A,2008-s3-A-GB,P1155,P0980,5,5,,games-tally
2008-s3-A-GB-3-6,2008-s3,A,2008-s3-A-GB,P1155,P0617,6,4,P1155,games-tally
2008-s3-A-GB-4-5,2008-s3,A,2008-s3-A-GB,P0327,P0980,4,6,P0980,games-tally
2008-s3-A-GB-4-6,2008-s3,A,2008-s3-A-GB,P0327,P0617,4,6,P0617,games-tally
2008-s3-A-GB-5-6,2008-s3,A,2008-s3-A-GB,P0980,P0617,3,7,P0617,games-tally
2008-s3-A-GC-0-1,2008-s3,A,2008-s3-A-GC,P0990,P0131,6,4,P0990,games-tally
2008-s3-A-GC-0-2,2008-s3,A,2008-s3-A-GC,P0990,P1103,10,0,P0990,games-tally
2008-s3-A-GC-0-3,2008-s3,A,2008-s3-A-GC,P0990,P0321,3,7,P0321,games-tally
2008-s3-A-GC-0-4,2008-s3,A,2008-s3-A-GC,P0990,P1070,8,2,P0990,games-tally
2008-s3-A-GC-0-5,2008-s3,A,2008-s3-A-GC,P0990,P0658,8,2,P0990,games-tally
2008-s3-A-GC-0-6,2008-s3,A,2008-s3-A-GC,P0990,P1089,4,6,P1089,games-tally
2008-s3-A-GC-1-3,2008-s3,A,2008-s3-A-GC,P0131,P0321,2,8,P0321,games-tally
2008-s3-A-GC-1-4,2008-s3,A,2008-s3-A-GC,P0131,P1070,1,9,P1070,games-tally
2008-s3-A-GC-1-5,2008-s3,A,2008-s3-A-GC,P0131,P0658,2,8,P0658,games-tally
2008-s3-A-GC-1-6,2008-s3,A,2008-s3-A-GC,P0131,P1089,8,2,P0131,games-tally
2008-s3-A-GC-2-3,2008-s3,A,2008-s3-A-GC,P1103,P0321,0,10,P0321,games-tally
2008-s3-A-GC-2-4,2008-s3,A,2008-s3-A-GC,P1103,P1070,0,10,P1070,games-tally
2008-s3-A-GC-2-5,2008-s3,A,2008-s3-A-GC,P1103,P0658,4,6,P0658,games-tally
2008-s3-A-GC-2-6,2008-s3,A,2008-s3-A-GC,P1103,P1089,3,7,P1089,games-tally
2008-s3-A-GC-3-4,2008-s3,A,2008-s3-A-GC,P0321,P1070,5,5,,games-tally
2008-s3-A-GC-3-5,2008-s3,A,2008-s3-A-GC,P0321,P0658,7,3,P0321,games-tally
2008-s3-A-GC-3-6,2008-s3,A,2008-s3-A-GC,P0321,P1089,6,4,P0321,games-tally
2008-s3-A-GC-4-5,2008-s3,A,2008-s3-A-GC,P1070,P0658,3,7,P0658,games-tally
2008-s3-A-GC-4-6,2008-s3,A,2008-s3-A-GC,P1070,P1089,3,7,P1089,games-tally
2008-s3-A-GC-5-6,2008-s3,A,2008-s3-A-GC,P0658,P1089,6,4,P0658,games-tally
2008-s3-A-GD-0-1,2008-s3,A,2008-s3-A-GD,P0073,P0847,5,5,,games-tally
2008-s3-A-GD-0-2,2008-s3,A,2008-s3-A-GD,P0073,P0678,3,7,P0678,games-tally
2008-s3-A-GD-0-3,2008-s3,A,2008-s3-A-GD,P0073,P1144,6,4,P0073,games-tally
2008-s3-A-GD-0-4,2008-s3,A,2008-s3-A-GD,P0073,P1065,6,4,P0073,games-tally
2008-s3-A-GD-0-5,2008-s3,A,2008-s3-A-GD,P0073,P1022,5,5,,games-tally
2008-s3-A-GD-0-6,2008-s3,A,2008-s3-A-GD,P0073,P1174,7,3,P0073,games-tally
2008-s3-A-GD-1-2,2008-s3,A,2008-s3-A-GD,P0847,P0678,8,2,P0847,games-tally
2008-s3-A-GD-1-3,2008-s3,A,2008-s3-A-GD,P0847,P1144,6,4,P0847,games-tally
2008-s3-A-GD-1-4,2008-s3,A,2008-s3-A-GD,P0847,P1065,4,6,P1065,games-tally
2008-s3-A-GD-1-5,2008-s3,A,2008-s3-A-GD,P0847,P1022,6,4,P0847,games-tally
2008-s3-A-GD-1-6,2008-s3,A,2008-s3-A-GD,P0847,P1174,4,6,P1174,games-tally
2008-s3-A-GD-2-3,2008-s3,A,2008-s3-A-GD,P0678,P1144,4,6,P1144,games-tally
2008-s3-A-GD-2-4,2008-s3,A,2008-s3-A-GD,P0678,P1065,8,2,P0678,games-tally
2008-s3-A-GD-2-5,2008-s3,A,2008-s3-A-GD,P0678,P1022,4,6,P1022,games-tally
2008-s3-A-GD-2-6,2008-s3,A,2008-s3-A-GD,P0678,P1174,3,7,P1174,games-tally
2008-s3-A-GD-3-4,2008-s3,A,2008-s3-A-GD,P1144,P1065,6,4,P1144,games-tally
2008-s3-A-GD-3-5,2008-s3,A,2008-s3-A-GD,P1144,P1022,1,9,P1022,games-tally
2008-s3-A-GD-3-6,2008-s3,A,2008-s3-A-GD,P1144,P1174,1,9,P1174,games-tally
2008-s3-A-GD-4-5,2008-s3,A,2008-s3-A-GD,P1065,P1022,6,4,P1065,games-tally
2008-s3-A-GD-4-6,2008-s3,A,2008-s3-A-GD,P1065,P1174,6,4,P1065,games-tally
2008-s3-A-GD-5-6,2008-s3,A,2008-s3-A-GD,P1022,P1174,6,4,P1022,games-tally
2008-s3-A-GE-0-1,2008-s3,A,2008-s3-A-GE,P1026,P1172,10,0,P1026,games-tally
2008-s3-A-GE-0-2,2008-s3,A,2008-s3-A-GE,P1026,P0691,9,1,P1026,games-tally
2008-s3-A-GE-0-3,2008-s3,A,2008-s3-A-GE,P1026,P0273,8,2,P1026,games-tally
2008-s3-A-GE-0-4,2008-s3,A,2008-s3-A-GE,P1026,P1011,5,5,,games-tally
2008-s3-A-GE-0-5,2008-s3,A,2008-s3-A-GE,P1026,P1041,7,3,P1026,games-tally
2008-s3-A-GE-0-6,2008-s3,A,2008-s3-A-GE,P1026,P0607,7,3,P1026,games-tally
2008-s3-A-GE-1-2,2008-s3,A,2008-s3-A-GE,P1172,P0691,2,8,P0691,games-tally
2008-s3-A-GE-1-3,2008-s3,A,2008-s3-A-GE,P1172,P0273,6,4,P1172,games-tally
2008-s3-A-GE-1-4,2008-s3,A,2008-s3-A-GE,P1172,P1011,7,3,P1172,games-tally
2008-s3-A-GE-1-5,2008-s3,A,2008-s3-A-GE,P1172,P1041,0,10,P1041,games-tally
2008-s3-A-GE-1-6,2008-s3,A,2008-s3-A-GE,P1172,P0607,5,5,,games-tally
2008-s3-A-GE-2-3,2008-s3,A,2008-s3-A-GE,P0691,P0273,6,4,P0691,games-tally
2008-s3-A-GE-2-4,2008-s3,A,2008-s3-A-GE,P0691,P1011,6,4,P0691,games-tally
2008-s3-A-GE-2-5,2008-s3,A,2008-s3-A-GE,P0691,P1041,7,3,P0691,games-tally
2008-s3-A-GE-2-6,2008-s3,A,2008-s3-A-GE,P0691,P0607,9,1,P0691,games-tally
2008-s3-A-GE-3-4,2008-s3,A,2008-s3-A-GE,P0273,P1011,8,2,P0273,games-tally
2008-s3-A-GE-3-5,2008-s3,A,2008-s3-A-GE,P0273,P1041,6,4,P0273,games-tally
2008-s3-A-GE-3-6,2008-s3,A,2008-s3-A-GE,P0273,P0607,5,5,,games-tally
2008-s3-A-GE-4-5,2008-s3,A,2008-s3-A-GE,P1011,P1041,6,4,P1011,games-tally
2008-s3-A-GE-4-6,2008-s3,A,2008-s3-A-GE,P1011,P0607,1,9,P0607,games-tally
2008-s3-A-GE-5-6,2008-s3,A,2008-s3-A-GE,P1041,P0607,4,6,P0607,games-tally
2008-s3-A-GF-0-1,2008-s3,A,2008-s3-A-GF,P0662,P0478,3,7,P0478,games-tally
2008-s3-A-GF-0-2,2008-s3,A,2008-s3-A-GF,P0662,P1083,9,1,P0662,games-tally
2008-s3-A-GF-0-3,2008-s3,A,2008-s3-A-GF,P0662,P0029,0,10,P0029,games-tally
2008-s3-A-GF-0-4,2008-s3,A,2008-s3-A-GF,P0662,P0726,6,4,P0662,games-tally
2008-s3-A-GF-0-5,2008-s3,A,2008-s3-A-GF,P0662,P1125,0,10,P1125,games-tally
2008-s3-A-GF-0-6,2008-s3,A,2008-s3-A-GF,P0662,P0140,0,10,P0140,games-tally
2008-s3-A-GF-1-2,2008-s3,A,2008-s3-A-GF,P0478,P1083,10,0,P0478,games-tally
2008-s3-A-GF-1-3,2008-s3,A,2008-s3-A-GF,P0478,P0029,7,3,P0478,games-tally
2008-s3-A-GF-1-4,2008-s3,A,2008-s3-A-GF,P0478,P0726,8,2,P0478,games-tally
2008-s3-A-GF-1-5,2008-s3,A,2008-s3-A-GF,P0478,P1125,6,4,P0478,games-tally
2008-s3-A-GF-1-6,2008-s3,A,2008-s3-A-GF,P0478,P0140,4,6,P0140,games-tally
2008-s3-A-GF-2-3,2008-s3,A,2008-s3-A-GF,P1083,P0029,0,10,P0029,games-tally
2008-s3-A-GF-2-4,2008-s3,A,2008-s3-A-GF,P1083,P0726,5,5,,games-tally
2008-s3-A-GF-2-5,2008-s3,A,2008-s3-A-GF,P1083,P1125,0,10,P1125,games-tally
2008-s3-A-GF-2-6,2008-s3,A,2008-s3-A-GF,P1083,P0140,0,10,P0140,games-tally
2008-s3-A-GF-3-4,2008-s3,A,2008-s3-A-GF,P0029,P0726,4,6,P0726,games-tally
2008-s3-A-GF-3-5,2008-s3,A,2008-s3-A-GF,P0029,P1125,6,4,P0029,games-tally
2008-s3-A-GF-3-6,2008-s3,A,2008-s3-A-GF,P0029,P0140,6,4,P0029,games-tally
2008-s3-A-GF-4-5,2008-s3,A,2008-s3-A-GF,P0726,P1125,4,6,P1125,games-tally
2008-s3-A-GF-4-6,2008-s3,A,2008-s3-A-GF,P0726,P0140,3,7,P0140,games-tally
2008-s3-A-GF-5-6,2008-s3,A,2008-s3-A-GF,P1125,P0140,3,7,P0140,games-tally
2008-s3-A-GG-0-1,2008-s3,A,2008-s3-A-GG,P0344,P0707,3,7,P0707,games-tally
2008-s3-A-GG-0-2,2008-s3,A,2008-s3-A-GG,P0344,P1001,4,6,P1001,games-tally
2008-s3-A-GG-0-3,2008-s3,A,2008-s3-A-GG,P0344,P1141,7,3,P0344,games-tally
2008-s3-A-GG-0-4,2008-s3,A,2008-s3-A-GG,P0344,P0986,2,8,P0986,games-tally
2008-s3-A-GG-0-5,2008-s3,A,2008-s3-A-GG,P0344,P1040,4,6,P1040,games-tally
2008-s3-A-GG-0-6,2008-s3,A,2008-s3-A-GG,P0344,P0422,0,10,P0422,games-tally
2008-s3-A-GG-1-2,2008-s3,A,2008-s3-A-GG,P0707,P1001,7,3,P0707,games-tally
2008-s3-A-GG-1-3,2008-s3,A,2008-s3-A-GG,P0707,P1141,9,1,P0707,games-tally
2008-s3-A-GG-1-4,2008-s3,A,2008-s3-A-GG,P0707,P0986,10,0,P0707,games-tally
2008-s3-A-GG-1-5,2008-s3,A,2008-s3-A-GG,P0707,P1040,6,4,P0707,games-tally
2008-s3-A-GG-1-6,2008-s3,A,2008-s3-A-GG,P0707,P0422,10,0,P0707,games-tally
2008-s3-A-GG-2-3,2008-s3,A,2008-s3-A-GG,P1001,P1141,7,3,P1001,games-tally
2008-s3-A-GG-2-4,2008-s3,A,2008-s3-A-GG,P1001,P0986,5,5,,games-tally
2008-s3-A-GG-2-5,2008-s3,A,2008-s3-A-GG,P1001,P1040,6,4,P1001,games-tally
2008-s3-A-GG-2-6,2008-s3,A,2008-s3-A-GG,P1001,P0422,4,6,P0422,games-tally
2008-s3-A-GG-3-5,2008-s3,A,2008-s3-A-GG,P1141,P1040,3,7,P1040,games-tally
2008-s3-A-GG-3-6,2008-s3,A,2008-s3-A-GG,P1141,P0422,7,3,P1141,games-tally
2008-s3-A-GG-4-5,2008-s3,A,2008-s3-A-GG,P0986,P1040,6,4,P0986,games-tally
2008-s3-A-GG-4-6,2008-s3,A,2008-s3-A-GG,P0986,P0422,4,6,P0422,games-tally
2008-s3-A-GG-5-6,2008-s3,A,2008-s3-A-GG,P1040,P0422,3,7,P0422,games-tally
2008-s3-B-GA-0-1,2008-s3,B,2008-s3-B-GA,P1106,P1128,8,2,P1106,games-tally
2008-s3-B-GA-0-2,2008-s3,B,2008-s3-B-GA,P1106,P1049,3,7,P1049,games-tally
2008-s3-B-GA-0-3,2008-s3,B,2008-s3-B-GA,P1106,P0577,10,0,P1106,games-tally
2008-s3-B-GA-0-4,2008-s3,B,2008-s3-B-GA,P1106,P1053,4,6,P1053,games-tally
2008-s3-B-GA-0-5,2008-s3,B,2008-s3-B-GA,P1106,P0953,6,4,P1106,games-tally
2008-s3-B-GA-0-6,2008-s3,B,2008-s3-B-GA,P1106,P1150,7,3,P1106,games-tally
2008-s3-B-GA-1-2,2008-s3,B,2008-s3-B-GA,P1128,P1049,4,6,P1049,games-tally
2008-s3-B-GA-1-3,2008-s3,B,2008-s3-B-GA,P1128,P0577,7,3,P1128,games-tally
2008-s3-B-GA-1-4,2008-s3,B,2008-s3-B-GA,P1128,P1053,4,6,P1053,games-tally
2008-s3-B-GA-1-5,2008-s3,B,2008-s3-B-GA,P1128,P0953,8,2,P1128,games-tally
2008-s3-B-GA-1-6,2008-s3,B,2008-s3-B-GA,P1128,P1150,0,10,P1150,games-tally
2008-s3-B-GA-2-3,2008-s3,B,2008-s3-B-GA,P1049,P0577,10,0,P1049,games-tally
2008-s3-B-GA-2-4,2008-s3,B,2008-s3-B-GA,P1049,P1053,5,5,,games-tally
2008-s3-B-GA-2-5,2008-s3,B,2008-s3-B-GA,P1049,P0953,4,6,P0953,games-tally
2008-s3-B-GA-2-6,2008-s3,B,2008-s3-B-GA,P1049,P1150,4,6,P1150,games-tally
2008-s3-B-GA-3-4,2008-s3,B,2008-s3-B-GA,P0577,P1053,6,4,P0577,games-tally
2008-s3-B-GA-3-6,2008-s3,B,2008-s3-B-GA,P0577,P1150,5,5,,games-tally
2008-s3-B-GA-4-5,2008-s3,B,2008-s3-B-GA,P1053,P0953,7,3,P1053,games-tally
2008-s3-B-GA-4-6,2008-s3,B,2008-s3-B-GA,P1053,P1150,5,5,,games-tally
2008-s3-B-GA-5-6,2008-s3,B,2008-s3-B-GA,P0953,P1150,7,3,P0953,games-tally
2008-s3-B-GB-0-1,2008-s3,B,2008-s3-B-GB,P1100,P0955,5,5,,games-tally
2008-s3-B-GB-0-2,2008-s3,B,2008-s3-B-GB,P1100,P1091,7,3,P1100,games-tally
2008-s3-B-GB-0-3,2008-s3,B,2008-s3-B-GB,P1100,P1127,4,6,P1127,games-tally
2008-s3-B-GB-0-4,2008-s3,B,2008-s3-B-GB,P1100,P1116,6,4,P1100,games-tally
2008-s3-B-GB-0-5,2008-s3,B,2008-s3-B-GB,P1100,P1066,4,6,P1066,games-tally
2008-s3-B-GB-0-6,2008-s3,B,2008-s3-B-GB,P1100,P0983,4,6,P0983,games-tally
2008-s3-B-GB-1-2,2008-s3,B,2008-s3-B-GB,P0955,P1091,5,5,,games-tally
2008-s3-B-GB-1-3,2008-s3,B,2008-s3-B-GB,P0955,P1127,9,1,P0955,games-tally
2008-s3-B-GB-1-4,2008-s3,B,2008-s3-B-GB,P0955,P1116,7,3,P0955,games-tally
2008-s3-B-GB-1-5,2008-s3,B,2008-s3-B-GB,P0955,P1066,6,4,P0955,games-tally
2008-s3-B-GB-1-6,2008-s3,B,2008-s3-B-GB,P0955,P0983,2,8,P0983,games-tally
2008-s3-B-GB-2-3,2008-s3,B,2008-s3-B-GB,P1091,P1127,8,2,P1091,games-tally
2008-s3-B-GB-2-4,2008-s3,B,2008-s3-B-GB,P1091,P1116,1,9,P1116,games-tally
2008-s3-B-GB-2-5,2008-s3,B,2008-s3-B-GB,P1091,P1066,4,6,P1066,games-tally
2008-s3-B-GB-2-6,2008-s3,B,2008-s3-B-GB,P1091,P0983,7,3,P1091,games-tally
2008-s3-B-GB-3-4,2008-s3,B,2008-s3-B-GB,P1127,P1116,7,3,P1127,games-tally
2008-s3-B-GB-3-5,2008-s3,B,2008-s3-B-GB,P1127,P1066,5,5,,games-tally
2008-s3-B-GB-3-6,2008-s3,B,2008-s3-B-GB,P1127,P0983,5,5,,games-tally
2008-s3-B-GB-4-5,2008-s3,B,2008-s3-B-GB,P1116,P1066,6,4,P1116,games-tally
2008-s3-B-GB-4-6,2008-s3,B,2008-s3-B-GB,P1116,P0983,4,6,P0983,games-tally
2008-s3-B-GB-5-6,2008-s3,B,2008-s3-B-GB,P1066,P0983,4,6,P0983,games-tally
2008-s3-B-GC-0-1,2008-s3,B,2008-s3-B-GC,P1031,P1090,10,0,P1031,games-tally
2008-s3-B-GC-0-2,2008-s3,B,2008-s3-B-GC,P1031,P1084,7,3,P1031,games-tally
2008-s3-B-GC-0-3,2008-s3,B,2008-s3-B-GC,P1031,P1016,4,6,P1016,games-tally
2008-s3-B-GC-0-4,2008-s3,B,2008-s3-B-GC,P1031,P1135,6,4,P1031,games-tally
2008-s3-B-GC-0-5,2008-s3,B,2008-s3-B-GC,P1031,P1059,1,9,P1059,games-tally
2008-s3-B-GC-0-6,2008-s3,B,2008-s3-B-GC,P1031,P1120,8,2,P1031,games-tally
2008-s3-B-GC-1-2,2008-s3,B,2008-s3-B-GC,P1090,P1084,6,4,P1090,games-tally
2008-s3-B-GC-1-3,2008-s3,B,2008-s3-B-GC,P1090,P1016,6,4,P1090,games-tally
2008-s3-B-GC-1-4,2008-s3,B,2008-s3-B-GC,P1090,P1135,3,7,P1135,games-tally
2008-s3-B-GC-1-5,2008-s3,B,2008-s3-B-GC,P1090,P1059,3,7,P1059,games-tally
2008-s3-B-GC-2-3,2008-s3,B,2008-s3-B-GC,P1084,P1016,6,4,P1084,games-tally
2008-s3-B-GC-2-4,2008-s3,B,2008-s3-B-GC,P1084,P1135,6,4,P1084,games-tally
2008-s3-B-GC-2-5,2008-s3,B,2008-s3-B-GC,P1084,P1059,3,7,P1059,games-tally
2008-s3-B-GC-3-4,2008-s3,B,2008-s3-B-GC,P1016,P1135,7,3,P1016,games-tally
2008-s3-B-GC-3-5,2008-s3,B,2008-s3-B-GC,P1016,P1059,6,4,P1016,games-tally
2008-s3-B-GC-3-6,2008-s3,B,2008-s3-B-GC,P1016,P1120,5,5,,games-tally
2008-s3-B-GC-4-5,2008-s3,B,2008-s3-B-GC,P1135,P1059,2,8,P1059,games-tally
2008-s3-B-GC-4-6,2008-s3,B,2008-s3-B-GC,P1135,P1120,8,2,P1135,games-tally
2008-s3-B-GC-5-6,2008-s3,B,2008-s3-B-GC,P1059,P1120,7,3,P1059,games-tally
2008-s3-B-GD-0-1,2008-s3,B,2008-s3-B-GD,P1080,P1152,6,4,P1080,games-tally
2008-s3-B-GD-0-2,2008-s3,B,2008-s3-B-GD,P1080,P0970,10,0,P1080,games-tally
2008-s3-B-GD-0-4,2008-s3,B,2008-s3-B-GD,P1080,P0998,4,6,P0998,games-tally
2008-s3-B-GD-0-5,2008-s3,B,2008-s3-B-GD,P1080,P1087,6,4,P1080,games-tally
2008-s3-B-GD-0-6,2008-s3,B,2008-s3-B-GD,P1080,P0217,7,3,P1080,games-tally
2008-s3-B-GD-1-5,2008-s3,B,2008-s3-B-GD,P1152,P1087,0,10,P1087,games-tally
2008-s3-B-GD-1-6,2008-s3,B,2008-s3-B-GD,P1152,P0217,0,10,P0217,games-tally
2008-s3-B-GD-2-3,2008-s3,B,2008-s3-B-GD,P0970,P1168,2,8,P1168,games-tally
2008-s3-B-GD-2-4,2008-s3,B,2008-s3-B-GD,P0970,P0998,3,7,P0998,games-tally
2008-s3-B-GD-2-6,2008-s3,B,2008-s3-B-GD,P0970,P0217,0,10,P0217,games-tally
2008-s3-B-GD-4-5,2008-s3,B,2008-s3-B-GD,P0998,P1087,4,6,P1087,games-tally
2008-s3-B-GD-4-6,2008-s3,B,2008-s3-B-GD,P0998,P0217,0,10,P0217,games-tally
2008-s3-B-GD-5-6,2008-s3,B,2008-s3-B-GD,P1087,P0217,6,4,P1087,games-tally
2008-s3-B-GE-0-1,2008-s3,B,2008-s3-B-GE,P0902,P1162,8,2,P0902,games-tally
2008-s3-B-GE-0-2,2008-s3,B,2008-s3-B-GE,P0902,P0963,3,7,P0963,games-tally
2008-s3-B-GE-0-3,2008-s3,B,2008-s3-B-GE,P0902,P1160,8,2,P0902,games-tally
2008-s3-B-GE-0-4,2008-s3,B,2008-s3-B-GE,P0902,P0431,4,6,P0431,games-tally
2008-s3-B-GE-0-5,2008-s3,B,2008-s3-B-GE,P0902,P1170,7,3,P0902,games-tally
2008-s3-B-GE-0-6,2008-s3,B,2008-s3-B-GE,P0902,P0685,5,5,,games-tally
2008-s3-B-GE-1-2,2008-s3,B,2008-s3-B-GE,P1162,P0963,2,8,P0963,games-tally
2008-s3-B-GE-1-3,2008-s3,B,2008-s3-B-GE,P1162,P1160,4,6,P1160,games-tally
2008-s3-B-GE-1-4,2008-s3,B,2008-s3-B-GE,P1162,P0431,5,5,,games-tally
2008-s3-B-GE-1-5,2008-s3,B,2008-s3-B-GE,P1162,P1170,0,10,P1170,games-tally
2008-s3-B-GE-1-6,2008-s3,B,2008-s3-B-GE,P1162,P0685,5,5,,games-tally
2008-s3-B-GE-2-3,2008-s3,B,2008-s3-B-GE,P0963,P1160,7,3,P0963,games-tally
2008-s3-B-GE-2-4,2008-s3,B,2008-s3-B-GE,P0963,P0431,6,4,P0963,games-tally
2008-s3-B-GE-2-5,2008-s3,B,2008-s3-B-GE,P0963,P1170,7,3,P0963,games-tally
2008-s3-B-GE-2-6,2008-s3,B,2008-s3-B-GE,P0963,P0685,3,7,P0685,games-tally
2008-s3-B-GE-3-4,2008-s3,B,2008-s3-B-GE,P1160,P0431,6,4,P1160,games-tally
2008-s3-B-GE-3-5,2008-s3,B,2008-s3-B-GE,P1160,P1170,6,4,P1160,games-tally
2008-s3-B-GE-3-6,2008-s3,B,2008-s3-B-GE,P1160,P0685,4,6,P0685,games-tally
2008-s3-B-GE-4-5,2008-s3,B,2008-s3-B-GE,P0431,P1170,1,9,P1170,games-tally
2008-s3-B-GE-4-6,2008-s3,B,2008-s3-B-GE,P0431,P0685,4,6,P0685,games-tally
2008-s3-B-GE-5-6,2008-s3,B,2008-s3-B-GE,P1170,P0685,10,0,P1170,games-tally
2008-s3-B-GF-1-2,2008-s3,B,2008-s3-B-GF,P1130,P1104,4,6,P1104,games-tally
2008-s3-B-GF-1-3,2008-s3,B,2008-s3-B-GF,P1130,P0965,6,4,P1130,games-tally
2008-s3-B-GF-1-4,2008-s3,B,2008-s3-B-GF,P1130,P1122,3,7,P1122,games-tally
2008-s3-B-GF-1-6,2008-s3,B,2008-s3-B-GF,P1130,P1009,4,6,P1009,games-tally
2008-s3-B-GF-2-3,2008-s3,B,2008-s3-B-GF,P1104,P0965,10,0,P1104,games-tally
2008-s3-B-GF-2-4,2008-s3,B,2008-s3-B-GF,P1104,P1122,10,0,P1104,games-tally
2008-s3-B-GF-2-6,2008-s3,B,2008-s3-B-GF,P1104,P1009,5,5,,games-tally
2008-s3-B-GF-3-4,2008-s3,B,2008-s3-B-GF,P0965,P1122,6,4,P0965,games-tally
2008-s3-B-GF-3-6,2008-s3,B,2008-s3-B-GF,P0965,P1009,2,8,P1009,games-tally
2008-s3-B-GF-4-5,2008-s3,B,2008-s3-B-GF,P1122,P1156,10,0,P1122,games-tally
2008-s3-B-GF-4-6,2008-s3,B,2008-s3-B-GF,P1122,P1009,8,2,P1122,games-tally
2008-s3-B-GF-5-6,2008-s3,B,2008-s3-B-GF,P1156,P1009,3,7,P1009,games-tally
2008-s4-A-GA-0-1,2008-s4,A,2008-s4-A-GA,P0858,P1020,7,3,P0858,games-tally
2008-s4-A-GA-0-2,2008-s4,A,2008-s4-A-GA,P0858,P1029,8,2,P0858,games-tally
2008-s4-A-GA-0-3,2008-s4,A,2008-s4-A-GA,P0858,P1172,6,4,P0858,games-tally
2008-s4-A-GA-0-4,2008-s4,A,2008-s4-A-GA,P0858,P1142,6,4,P0858,games-tally
2008-s4-A-GA-0-6,2008-s4,A,2008-s4-A-GA,P0858,P0607,8,2,P0858,games-tally
2008-s4-A-GA-1-3,2008-s4,A,2008-s4-A-GA,P1020,P1172,10,0,P1020,games-tally
2008-s4-A-GA-1-4,2008-s4,A,2008-s4-A-GA,P1020,P1142,6,4,P1020,games-tally
2008-s4-A-GA-1-5,2008-s4,A,2008-s4-A-GA,P1020,P1063,7,3,P1020,games-tally
2008-s4-A-GA-1-6,2008-s4,A,2008-s4-A-GA,P1020,P0607,7,3,P1020,games-tally
2008-s4-A-GA-2-3,2008-s4,A,2008-s4-A-GA,P1029,P1172,10,0,P1029,games-tally
2008-s4-A-GA-2-5,2008-s4,A,2008-s4-A-GA,P1029,P1063,7,3,P1029,games-tally
2008-s4-A-GA-2-6,2008-s4,A,2008-s4-A-GA,P1029,P0607,4,6,P0607,games-tally
2008-s4-A-GA-3-4,2008-s4,A,2008-s4-A-GA,P1172,P1142,0,10,P1142,games-tally
2008-s4-A-GA-3-5,2008-s4,A,2008-s4-A-GA,P1172,P1063,0,10,P1063,games-tally
2008-s4-A-GA-3-6,2008-s4,A,2008-s4-A-GA,P1172,P0607,0,10,P0607,games-tally
2008-s4-A-GA-4-5,2008-s4,A,2008-s4-A-GA,P1142,P1063,6,4,P1142,games-tally
2008-s4-A-GA-5-6,2008-s4,A,2008-s4-A-GA,P1063,P0607,2,8,P0607,games-tally
2008-s4-A-GB-0-1,2008-s4,A,2008-s4-A-GB,P0984,P0131,6,4,P0984,games-tally
2008-s4-A-GB-0-2,2008-s4,A,2008-s4-A-GB,P0984,P0707,2,8,P0707,games-tally
2008-s4-A-GB-0-3,2008-s4,A,2008-s4-A-GB,P0984,P1051,6,4,P0984,games-tally
2008-s4-A-GB-0-4,2008-s4,A,2008-s4-A-GB,P0984,P0787,2,8,P0787,games-tally
2008-s4-A-GB-0-5,2008-s4,A,2008-s4-A-GB,P0984,P0967,6,4,P0984,games-tally
2008-s4-A-GB-0-6,2008-s4,A,2008-s4-A-GB,P0984,P1169,10,0,P0984,games-tally
2008-s4-A-GB-1-2,2008-s4,A,2008-s4-A-GB,P0131,P0707,5,5,,games-tally
2008-s4-A-GB-1-3,2008-s4,A,2008-s4-A-GB,P0131,P1051,6,4,P0131,games-tally
2008-s4-A-GB-1-4,2008-s4,A,2008-s4-A-GB,P0131,P0787,10,0,P0131,games-tally
2008-s4-A-GB-1-5,2008-s4,A,2008-s4-A-GB,P0131,P0967,9,1,P0131,games-tally
2008-s4-A-GB-1-6,2008-s4,A,2008-s4-A-GB,P0131,P1169,9,1,P0131,games-tally
2008-s4-A-GB-2-3,2008-s4,A,2008-s4-A-GB,P0707,P1051,7,3,P0707,games-tally
2008-s4-A-GB-2-4,2008-s4,A,2008-s4-A-GB,P0707,P0787,10,0,P0707,games-tally
2008-s4-A-GB-2-5,2008-s4,A,2008-s4-A-GB,P0707,P0967,8,2,P0707,games-tally
2008-s4-A-GB-2-6,2008-s4,A,2008-s4-A-GB,P0707,P1169,10,0,P0707,games-tally
2008-s4-A-GB-3-5,2008-s4,A,2008-s4-A-GB,P1051,P0967,4,6,P0967,games-tally
2008-s4-A-GB-3-6,2008-s4,A,2008-s4-A-GB,P1051,P1169,10,0,P1051,games-tally
2008-s4-A-GB-4-5,2008-s4,A,2008-s4-A-GB,P0787,P0967,1,9,P0967,games-tally
2008-s4-A-GB-4-6,2008-s4,A,2008-s4-A-GB,P0787,P1169,10,0,P0787,games-tally
2008-s4-A-GB-5-6,2008-s4,A,2008-s4-A-GB,P0967,P1169,10,0,P0967,games-tally
2008-s4-A-GC-0-1,2008-s4,A,2008-s4-A-GC,P0140,P0029,4,6,P0029,games-tally
2008-s4-A-GC-0-2,2008-s4,A,2008-s4-A-GC,P0140,P1034,7,3,P0140,games-tally
2008-s4-A-GC-0-4,2008-s4,A,2008-s4-A-GC,P0140,P1176,10,0,P0140,games-tally
2008-s4-A-GC-0-5,2008-s4,A,2008-s4-A-GC,P0140,P1011,10,0,P0140,games-tally
2008-s4-A-GC-0-6,2008-s4,A,2008-s4-A-GC,P0140,P1088,4,6,P1088,games-tally
2008-s4-A-GC-1-2,2008-s4,A,2008-s4-A-GC,P0029,P1034,7,3,P0029,games-tally
2008-s4-A-GC-1-5,2008-s4,A,2008-s4-A-GC,P0029,P1011,9,1,P0029,games-tally
2008-s4-A-GC-1-6,2008-s4,A,2008-s4-A-GC,P0029,P1088,4,6,P1088,games-tally
2008-s4-A-GC-2-5,2008-s4,A,2008-s4-A-GC,P1034,P1011,4,6,P1011,games-tally
2008-s4-A-GC-2-6,2008-s4,A,2008-s4-A-GC,P1034,P1088,4,6,P1088,games-tally
2008-s4-A-GC-3-6,2008-s4,A,2008-s4-A-GC,P0297,P1088,6,4,P0297,games-tally
2008-s4-A-GC-4-5,2008-s4,A,2008-s4-A-GC,P1176,P1011,2,8,P1011,games-tally
2008-s4-A-GC-4-6,2008-s4,A,2008-s4-A-GC,P1176,P1088,4,6,P1088,games-tally
2008-s4-A-GC-5-6,2008-s4,A,2008-s4-A-GC,P1011,P1088,1,9,P1088,games-tally
2008-s4-A-GD-0-1,2008-s4,A,2008-s4-A-GD,P0512,P0988,10,0,P0512,games-tally
2008-s4-A-GD-0-2,2008-s4,A,2008-s4-A-GD,P0512,P0073,10,0,P0512,games-tally
2008-s4-A-GD-0-3,2008-s4,A,2008-s4-A-GD,P0512,P1095,8,2,P0512,games-tally
2008-s4-A-GD-0-4,2008-s4,A,2008-s4-A-GD,P0512,P0948,10,0,P0512,games-tally
2008-s4-A-GD-0-6,2008-s4,A,2008-s4-A-GD,P0512,P1104,4,6,P1104,games-tally
2008-s4-A-GD-1-6,2008-s4,A,2008-s4-A-GD,P0988,P1104,4,6,P1104,games-tally
2008-s4-A-GD-2-3,2008-s4,A,2008-s4-A-GD,P0073,P1095,6,4,P0073,games-tally
2008-s4-A-GD-3-4,2008-s4,A,2008-s4-A-GD,P1095,P0948,7,3,P1095,games-tally
2008-s4-A-GD-4-6,2008-s4,A,2008-s4-A-GD,P0948,P1104,4,6,P1104,games-tally
2008-s4-A-GD-5-6,2008-s4,A,2008-s4-A-GD,P1064,P1104,7,3,P1064,games-tally
2008-s4-A-GE-0-1,2008-s4,A,2008-s4-A-GE,P0321,P0558,9,1,P0321,games-tally
2008-s4-A-GE-0-3,2008-s4,A,2008-s4-A-GE,P0321,P0950,8,2,P0321,games-tally
2008-s4-A-GE-0-4,2008-s4,A,2008-s4-A-GE,P0321,P0964,6,4,P0321,games-tally
2008-s4-A-GE-0-5,2008-s4,A,2008-s4-A-GE,P0321,P1080,6,4,P0321,games-tally
2008-s4-A-GE-0-6,2008-s4,A,2008-s4-A-GE,P0321,P0973,9,1,P0321,games-tally
2008-s4-A-GE-1-2,2008-s4,A,2008-s4-A-GE,P0558,P0422,2,8,P0422,games-tally
2008-s4-A-GE-1-3,2008-s4,A,2008-s4-A-GE,P0558,P0950,4,6,P0950,games-tally
2008-s4-A-GE-1-4,2008-s4,A,2008-s4-A-GE,P0558,P0964,9,1,P0558,games-tally
2008-s4-A-GE-1-5,2008-s4,A,2008-s4-A-GE,P0558,P1080,0,10,P1080,games-tally
2008-s4-A-GE-2-3,2008-s4,A,2008-s4-A-GE,P0422,P0950,7,3,P0422,games-tally
2008-s4-A-GE-2-4,2008-s4,A,2008-s4-A-GE,P0422,P0964,8,2,P0422,games-tally
2008-s4-A-GE-2-5,2008-s4,A,2008-s4-A-GE,P0422,P1080,3,7,P1080,games-tally
2008-s4-A-GE-2-6,2008-s4,A,2008-s4-A-GE,P0422,P0973,8,2,P0422,games-tally
2008-s4-A-GE-3-4,2008-s4,A,2008-s4-A-GE,P0950,P0964,6,4,P0950,games-tally
2008-s4-A-GE-3-5,2008-s4,A,2008-s4-A-GE,P0950,P1080,3,7,P1080,games-tally
2008-s4-A-GE-3-6,2008-s4,A,2008-s4-A-GE,P0950,P0973,10,0,P0950,games-tally
2008-s4-A-GE-4-5,2008-s4,A,2008-s4-A-GE,P0964,P1080,3,7,P1080,games-tally
2008-s4-A-GE-4-6,2008-s4,A,2008-s4-A-GE,P0964,P0973,2,8,P0973,games-tally
2008-s4-A-GE-5-6,2008-s4,A,2008-s4-A-GE,P1080,P0973,6,4,P1080,games-tally
2008-s4-A-GF-0-1,2008-s4,A,2008-s4-A-GF,P0478,P0966,7,3,P0478,games-tally
2008-s4-A-GF-0-2,2008-s4,A,2008-s4-A-GF,P0478,P0363,7,3,P0478,games-tally
2008-s4-A-GF-0-3,2008-s4,A,2008-s4-A-GF,P0478,P1022,7,3,P0478,games-tally
2008-s4-A-GF-0-4,2008-s4,A,2008-s4-A-GF,P0478,P0726,6,4,P0478,games-tally
2008-s4-A-GF-0-5,2008-s4,A,2008-s4-A-GF,P0478,P0616,7,3,P0478,games-tally
2008-s4-A-GF-0-6,2008-s4,A,2008-s4-A-GF,P0478,P0921,4,6,P0921,games-tally
2008-s4-A-GF-1-2,2008-s4,A,2008-s4-A-GF,P0966,P0363,5,5,,games-tally
2008-s4-A-GF-1-3,2008-s4,A,2008-s4-A-GF,P0966,P1022,0,10,P1022,games-tally
2008-s4-A-GF-1-4,2008-s4,A,2008-s4-A-GF,P0966,P0726,7,3,P0966,games-tally
2008-s4-A-GF-1-5,2008-s4,A,2008-s4-A-GF,P0966,P0616,8,2,P0966,games-tally
2008-s4-A-GF-2-3,2008-s4,A,2008-s4-A-GF,P0363,P1022,5,5,,games-tally
2008-s4-A-GF-2-4,2008-s4,A,2008-s4-A-GF,P0363,P0726,6,4,P0363,games-tally
2008-s4-A-GF-2-5,2008-s4,A,2008-s4-A-GF,P0363,P0616,6,4,P0363,games-tally
2008-s4-A-GF-2-6,2008-s4,A,2008-s4-A-GF,P0363,P0921,4,6,P0921,games-tally
2008-s4-A-GF-3-4,2008-s4,A,2008-s4-A-GF,P1022,P0726,6,4,P1022,games-tally
2008-s4-A-GF-3-5,2008-s4,A,2008-s4-A-GF,P1022,P0616,6,4,P1022,games-tally
2008-s4-A-GF-3-6,2008-s4,A,2008-s4-A-GF,P1022,P0921,4,6,P0921,games-tally
2008-s4-A-GF-4-5,2008-s4,A,2008-s4-A-GF,P0726,P0616,6,4,P0726,games-tally
2008-s4-A-GF-4-6,2008-s4,A,2008-s4-A-GF,P0726,P0921,2,8,P0921,games-tally
2008-s4-A-GF-5-6,2008-s4,A,2008-s4-A-GF,P0616,P0921,3,7,P0921,games-tally
2008-s4-A-GG-0-1,2008-s4,A,2008-s4-A-GG,P1042,P1014,4,6,P1014,games-tally
2008-s4-A-GG-0-3,2008-s4,A,2008-s4-A-GG,P1042,P1013,5,5,,games-tally
2008-s4-A-GG-0-4,2008-s4,A,2008-s4-A-GG,P1042,P0995,5,5,,games-tally
2008-s4-A-GG-0-6,2008-s4,A,2008-s4-A-GG,P1042,P1017,9,1,P1042,games-tally
2008-s4-A-GG-1-2,2008-s4,A,2008-s4-A-GG,P1014,P1002,4,6,P1002,games-tally
2008-s4-A-GG-1-3,2008-s4,A,2008-s4-A-GG,P1014,P1013,4,6,P1013,games-tally
2008-s4-A-GG-1-4,2008-s4,A,2008-s4-A-GG,P1014,P0995,4,6,P0995,games-tally
2008-s4-A-GG-1-6,2008-s4,A,2008-s4-A-GG,P1014,P1017,8,2,P1014,games-tally
2008-s4-A-GG-2-3,2008-s4,A,2008-s4-A-GG,P1002,P1013,7,3,P1002,games-tally
2008-s4-A-GG-2-4,2008-s4,A,2008-s4-A-GG,P1002,P0995,6,4,P1002,games-tally
2008-s4-A-GG-2-5,2008-s4,A,2008-s4-A-GG,P1002,P1003,6,4,P1002,games-tally
2008-s4-A-GG-2-6,2008-s4,A,2008-s4-A-GG,P1002,P1017,8,2,P1002,games-tally
2008-s4-A-GG-3-4,2008-s4,A,2008-s4-A-GG,P1013,P0995,7,3,P1013,games-tally
2008-s4-A-GG-3-5,2008-s4,A,2008-s4-A-GG,P1013,P1003,9,1,P1013,games-tally
2008-s4-A-GG-3-6,2008-s4,A,2008-s4-A-GG,P1013,P1017,6,4,P1013,games-tally
2008-s4-A-GG-4-5,2008-s4,A,2008-s4-A-GG,P0995,P1003,6,4,P0995,games-tally
2008-s4-A-GG-4-6,2008-s4,A,2008-s4-A-GG,P0995,P1017,7,3,P0995,games-tally
2008-s4-B-GA-0-1,2008-s4,B,2008-s4-B-GA,P0958,P1123,1,9,P1123,games-tally
2008-s4-B-GA-0-2,2008-s4,B,2008-s4-B-GA,P0958,P1004,3,7,P1004,games-tally
2008-s4-B-GA-0-3,2008-s4,B,2008-s4-B-GA,P0958,P1108,4,6,P1108,games-tally
2008-s4-B-GA-0-4,2008-s4,B,2008-s4-B-GA,P0958,P1036,2,8,P1036,games-tally
2008-s4-B-GA-0-5,2008-s4,B,2008-s4-B-GA,P0958,P0991,4,6,P0991,games-tally
2008-s4-B-GA-0-6,2008-s4,B,2008-s4-B-GA,P0958,P1117,4,6,P1117,games-tally
2008-s4-B-GA-1-2,2008-s4,B,2008-s4-B-GA,P1123,P1004,7,3,P1123,games-tally
2008-s4-B-GA-1-3,2008-s4,B,2008-s4-B-GA,P1123,P1108,8,2,P1123,games-tally
2008-s4-B-GA-1-4,2008-s4,B,2008-s4-B-GA,P1123,P1036,4,6,P1036,games-tally
2008-s4-B-GA-1-5,2008-s4,B,2008-s4-B-GA,P1123,P0991,10,0,P1123,games-tally
2008-s4-B-GA-1-6,2008-s4,B,2008-s4-B-GA,P1123,P1117,4,6,P1117,games-tally
2008-s4-B-GA-2-3,2008-s4,B,2008-s4-B-GA,P1004,P1108,0,10,P1108,games-tally
2008-s4-B-GA-2-4,2008-s4,B,2008-s4-B-GA,P1004,P1036,6,4,P1004,games-tally
2008-s4-B-GA-2-5,2008-s4,B,2008-s4-B-GA,P1004,P0991,9,1,P1004,games-tally
2008-s4-B-GA-2-6,2008-s4,B,2008-s4-B-GA,P1004,P1117,6,4,P1004,games-tally
2008-s4-B-GA-3-4,2008-s4,B,2008-s4-B-GA,P1108,P1036,1,9,P1036,games-tally
2008-s4-B-GA-3-5,2008-s4,B,2008-s4-B-GA,P1108,P0991,4,6,P0991,games-tally
2008-s4-B-GA-3-6,2008-s4,B,2008-s4-B-GA,P1108,P1117,4,6,P1117,games-tally
2008-s4-B-GA-4-5,2008-s4,B,2008-s4-B-GA,P1036,P0991,4,6,P0991,games-tally
2008-s4-B-GA-4-6,2008-s4,B,2008-s4-B-GA,P1036,P1117,6,4,P1036,games-tally
2008-s4-B-GA-5-6,2008-s4,B,2008-s4-B-GA,P0991,P1117,4,6,P1117,games-tally
2008-s4-B-GB-0-1,2008-s4,B,2008-s4-B-GB,P1023,P1099,5,5,,games-tally
2008-s4-B-GB-0-2,2008-s4,B,2008-s4-B-GB,P1023,P0685,7,3,P1023,games-tally
2008-s4-B-GB-0-3,2008-s4,B,2008-s4-B-GB,P1023,P1059,4,6,P1059,games-tally
2008-s4-B-GB-0-4,2008-s4,B,2008-s4-B-GB,P1023,P1049,4,6,P1049,games-tally
2008-s4-B-GB-0-5,2008-s4,B,2008-s4-B-GB,P1023,P1145,6,4,P1023,games-tally
2008-s4-B-GB-0-6,2008-s4,B,2008-s4-B-GB,P1023,P1127,5,5,,games-tally
2008-s4-B-GB-1-2,2008-s4,B,2008-s4-B-GB,P1099,P0685,6,4,P1099,games-tally
2008-s4-B-GB-1-3,2008-s4,B,2008-s4-B-GB,P1099,P1059,6,4,P1099,games-tally
2008-s4-B-GB-1-4,2008-s4,B,2008-s4-B-GB,P1099,P1049,6,4,P1099,games-tally
2008-s4-B-GB-1-5,2008-s4,B,2008-s4-B-GB,P1099,P1145,1,9,P1145,games-tally
2008-s4-B-GB-1-6,2008-s4,B,2008-s4-B-GB,P1099,P1127,4,6,P1127,games-tally
2008-s4-B-GB-2-3,2008-s4,B,2008-s4-B-GB,P0685,P1059,1,9,P1059,games-tally
2008-s4-B-GB-2-4,2008-s4,B,2008-s4-B-GB,P0685,P1049,8,2,P0685,games-tally
2008-s4-B-GB-2-5,2008-s4,B,2008-s4-B-GB,P0685,P1145,4,6,P1145,games-tally
2008-s4-B-GB-2-6,2008-s4,B,2008-s4-B-GB,P0685,P1127,4,6,P1127,games-tally
2008-s4-B-GB-3-4,2008-s4,B,2008-s4-B-GB,P1059,P1049,6,4,P1059,games-tally
2008-s4-B-GB-3-5,2008-s4,B,2008-s4-B-GB,P1059,P1145,4,6,P1145,games-tally
2008-s4-B-GB-3-6,2008-s4,B,2008-s4-B-GB,P1059,P1127,6,4,P1059,games-tally
2008-s4-B-GB-4-5,2008-s4,B,2008-s4-B-GB,P1049,P1145,6,4,P1049,games-tally
2008-s4-B-GB-4-6,2008-s4,B,2008-s4-B-GB,P1049,P1127,3,7,P1127,games-tally
2008-s4-B-GB-5-6,2008-s4,B,2008-s4-B-GB,P1145,P1127,3,7,P1127,games-tally
2008-s4-B-GC-0-1,2008-s4,B,2008-s4-B-GC,P0772,P1097,4,6,P1097,games-tally
2008-s4-B-GC-0-2,2008-s4,B,2008-s4-B-GC,P0772,P1130,6,4,P0772,games-tally
2008-s4-B-GC-0-3,2008-s4,B,2008-s4-B-GC,P0772,P1048,0,10,P1048,games-tally
2008-s4-B-GC-0-4,2008-s4,B,2008-s4-B-GC,P0772,P1027,3,7,P1027,games-tally
2008-s4-B-GC-0-5,2008-s4,B,2008-s4-B-GC,P0772,P0949,7,3,P0772,games-tally
2008-s4-B-GC-0-6,2008-s4,B,2008-s4-B-GC,P0772,P0947,5,5,,games-tally
2008-s4-B-GC-1-2,2008-s4,B,2008-s4-B-GC,P1097,P1130,3,7,P1130,games-tally
2008-s4-B-GC-1-3,2008-s4,B,2008-s4-B-GC,P1097,P1048,6,4,P1097,games-tally
2008-s4-B-GC-1-4,2008-s4,B,2008-s4-B-GC,P1097,P1027,7,3,P1097,games-tally
2008-s4-B-GC-1-5,2008-s4,B,2008-s4-B-GC,P1097,P0949,4,6,P0949,games-tally
2008-s4-B-GC-1-6,2008-s4,B,2008-s4-B-GC,P1097,P0947,6,4,P1097,games-tally
2008-s4-B-GC-2-3,2008-s4,B,2008-s4-B-GC,P1130,P1048,4,6,P1048,games-tally
2008-s4-B-GC-2-4,2008-s4,B,2008-s4-B-GC,P1130,P1027,7,3,P1130,games-tally
2008-s4-B-GC-2-5,2008-s4,B,2008-s4-B-GC,P1130,P0949,4,6,P0949,games-tally
2008-s4-B-GC-2-6,2008-s4,B,2008-s4-B-GC,P1130,P0947,5,5,,games-tally
2008-s4-B-GC-3-5,2008-s4,B,2008-s4-B-GC,P1048,P0949,4,6,P0949,games-tally
2008-s4-B-GC-3-6,2008-s4,B,2008-s4-B-GC,P1048,P0947,3,7,P0947,games-tally
2008-s4-B-GC-4-5,2008-s4,B,2008-s4-B-GC,P1027,P0949,2,8,P0949,games-tally
2008-s4-B-GC-4-6,2008-s4,B,2008-s4-B-GC,P1027,P0947,5,5,,games-tally
2008-s4-B-GC-5-6,2008-s4,B,2008-s4-B-GC,P0949,P0947,4,6,P0947,games-tally
2008-s4-B-GD-0-2,2008-s4,B,2008-s4-B-GD,P1154,P1056,9,1,P1154,games-tally
2008-s4-B-GD-0-3,2008-s4,B,2008-s4-B-GD,P1154,P1106,2,8,P1106,games-tally
2008-s4-B-GD-0-5,2008-s4,B,2008-s4-B-GD,P1154,P1113,2,8,P1113,games-tally
2008-s4-B-GD-0-6,2008-s4,B,2008-s4-B-GD,P1154,P0928,3,7,P0928,games-tally
2008-s4-B-GD-1-2,2008-s4,B,2008-s4-B-GD,P0431,P1056,10,0,P0431,games-tally
2008-s4-B-GD-1-3,2008-s4,B,2008-s4-B-GD,P0431,P1106,4,6,P1106,games-tally
2008-s4-B-GD-1-4,2008-s4,B,2008-s4-B-GD,P0431,P1084,4,6,P1084,games-tally
2008-s4-B-GD-1-5,2008-s4,B,2008-s4-B-GD,P0431,P1113,2,8,P1113,games-tally
2008-s4-B-GD-1-6,2008-s4,B,2008-s4-B-GD,P0431,P0928,2,8,P0928,games-tally
2008-s4-B-GD-2-3,2008-s4,B,2008-s4-B-GD,P1056,P1106,4,6,P1106,games-tally
2008-s4-B-GD-2-4,2008-s4,B,2008-s4-B-GD,P1056,P1084,7,3,P1056,games-tally
2008-s4-B-GD-2-5,2008-s4,B,2008-s4-B-GD,P1056,P1113,0,10,P1113,games-tally
2008-s4-B-GD-2-6,2008-s4,B,2008-s4-B-GD,P1056,P0928,6,4,P1056,games-tally
2008-s4-B-GD-3-6,2008-s4,B,2008-s4-B-GD,P1106,P0928,4,6,P0928,games-tally
2008-s4-B-GD-4-6,2008-s4,B,2008-s4-B-GD,P1084,P0928,2,8,P0928,games-tally
2008-s4-B-GD-5-6,2008-s4,B,2008-s4-B-GD,P1113,P0928,5,5,,games-tally
2008-s4-B-GE-0-1,2008-s4,B,2008-s4-B-GE,P1033,P1159,10,0,P1033,games-tally
2008-s4-B-GE-0-2,2008-s4,B,2008-s4-B-GE,P1033,P1008,7,3,P1033,games-tally
2008-s4-B-GE-0-3,2008-s4,B,2008-s4-B-GE,P1033,P1091,1,9,P1091,games-tally
2008-s4-B-GE-0-4,2008-s4,B,2008-s4-B-GE,P1033,P0955,6,4,P1033,games-tally
2008-s4-B-GE-0-5,2008-s4,B,2008-s4-B-GE,P1033,P0217,6,4,P1033,games-tally
2008-s4-B-GE-0-6,2008-s4,B,2008-s4-B-GE,P1033,P1137,6,4,P1033,games-tally
2008-s4-B-GE-1-2,2008-s4,B,2008-s4-B-GE,P1159,P1008,4,6,P1008,games-tally
2008-s4-B-GE-1-3,2008-s4,B,2008-s4-B-GE,P1159,P1091,8,2,P1159,games-tally
2008-s4-B-GE-1-6,2008-s4,B,2008-s4-B-GE,P1159,P1137,3,7,P1137,games-tally
2008-s4-B-GE-2-3,2008-s4,B,2008-s4-B-GE,P1008,P1091,5,5,,games-tally
2008-s4-B-GE-2-4,2008-s4,B,2008-s4-B-GE,P1008,P0955,10,0,P1008,games-tally
2008-s4-B-GE-2-5,2008-s4,B,2008-s4-B-GE,P1008,P0217,9,1,P1008,games-tally
2008-s4-B-GE-2-6,2008-s4,B,2008-s4-B-GE,P1008,P1137,7,3,P1008,games-tally
2008-s4-B-GE-3-4,2008-s4,B,2008-s4-B-GE,P1091,P0955,3,7,P0955,games-tally
2008-s4-B-GE-3-5,2008-s4,B,2008-s4-B-GE,P1091,P0217,4,6,P0217,games-tally
2008-s4-B-GE-3-6,2008-s4,B,2008-s4-B-GE,P1091,P1137,7,3,P1091,games-tally
2008-s4-B-GE-4-5,2008-s4,B,2008-s4-B-GE,P0955,P0217,8,2,P0955,games-tally
2008-s4-B-GE-5-6,2008-s4,B,2008-s4-B-GE,P0217,P1137,8,2,P0217,games-tally
2008-s5-A-GA-0-1,2008-s5,A,2008-s5-A-GA,P0974,P0949,4,6,P0949,games-tally
2008-s5-A-GA-0-2,2008-s5,A,2008-s5-A-GA,P0974,P0977,7,3,P0974,games-tally
2008-s5-A-GA-0-3,2008-s5,A,2008-s5-A-GA,P0974,P0678,6,4,P0974,games-tally
2008-s5-A-GA-0-4,2008-s5,A,2008-s5-A-GA,P0974,P0707,4,6,P0707,games-tally
2008-s5-A-GA-0-5,2008-s5,A,2008-s5-A-GA,P0974,P1040,6,4,P0974,games-tally
2008-s5-A-GA-0-6,2008-s5,A,2008-s5-A-GA,P0974,P1022,3,7,P1022,games-tally
2008-s5-A-GA-1-2,2008-s5,A,2008-s5-A-GA,P0949,P0977,7,3,P0949,games-tally
2008-s5-A-GA-1-3,2008-s5,A,2008-s5-A-GA,P0949,P0678,6,4,P0949,games-tally
2008-s5-A-GA-1-4,2008-s5,A,2008-s5-A-GA,P0949,P0707,7,3,P0949,games-tally
2008-s5-A-GA-1-5,2008-s5,A,2008-s5-A-GA,P0949,P1040,6,4,P0949,games-tally
2008-s5-A-GA-1-6,2008-s5,A,2008-s5-A-GA,P0949,P1022,5,5,,games-tally
2008-s5-A-GA-2-3,2008-s5,A,2008-s5-A-GA,P0977,P0678,1,9,P0678,games-tally
2008-s5-A-GA-2-4,2008-s5,A,2008-s5-A-GA,P0977,P0707,1,9,P0707,games-tally
2008-s5-A-GA-2-5,2008-s5,A,2008-s5-A-GA,P0977,P1040,2,8,P1040,games-tally
2008-s5-A-GA-2-6,2008-s5,A,2008-s5-A-GA,P0977,P1022,3,7,P1022,games-tally
2008-s5-A-GA-3-4,2008-s5,A,2008-s5-A-GA,P0678,P0707,3,7,P0707,games-tally
2008-s5-A-GA-3-6,2008-s5,A,2008-s5-A-GA,P0678,P1022,6,4,P0678,games-tally
2008-s5-A-GA-4-5,2008-s5,A,2008-s5-A-GA,P0707,P1040,2,8,P1040,games-tally
2008-s5-A-GA-4-6,2008-s5,A,2008-s5-A-GA,P0707,P1022,10,0,P0707,games-tally
2008-s5-A-GA-5-6,2008-s5,A,2008-s5-A-GA,P1040,P1022,3,7,P1022,games-tally
2008-s5-A-GB-0-2,2008-s5,A,2008-s5-A-GB,P0073,P0764,4,6,P0764,games-tally
2008-s5-A-GB-0-3,2008-s5,A,2008-s5-A-GB,P0073,P1014,4,6,P1014,games-tally
2008-s5-A-GB-0-6,2008-s5,A,2008-s5-A-GB,P0073,P1158,6,4,P0073,games-tally
2008-s5-A-GB-1-2,2008-s5,A,2008-s5-A-GB,P0422,P0764,5,5,,games-tally
2008-s5-A-GB-1-6,2008-s5,A,2008-s5-A-GB,P0422,P1158,0,10,P1158,games-tally
2008-s5-A-GB-2-3,2008-s5,A,2008-s5-A-GB,P0764,P1014,10,0,P0764,games-tally
2008-s5-A-GB-2-4,2008-s5,A,2008-s5-A-GB,P0764,P0321,6,4,P0764,games-tally
2008-s5-A-GB-2-5,2008-s5,A,2008-s5-A-GB,P0764,P1075,4,6,P1075,games-tally
2008-s5-A-GB-2-6,2008-s5,A,2008-s5-A-GB,P0764,P1158,2,8,P1158,games-tally
2008-s5-A-GB-3-4,2008-s5,A,2008-s5-A-GB,P1014,P0321,4,6,P0321,games-tally
2008-s5-A-GB-3-5,2008-s5,A,2008-s5-A-GB,P1014,P1075,6,4,P1014,games-tally
2008-s5-A-GB-3-6,2008-s5,A,2008-s5-A-GB,P1014,P1158,8,2,P1014,games-tally
2008-s5-A-GB-4-5,2008-s5,A,2008-s5-A-GB,P0321,P1075,2,8,P1075,games-tally
2008-s5-A-GB-4-6,2008-s5,A,2008-s5-A-GB,P0321,P1158,2,8,P1158,games-tally
2008-s5-A-GB-5-6,2008-s5,A,2008-s5-A-GB,P1075,P1158,6,4,P1075,games-tally
2008-s5-A-GC-0-2,2008-s5,A,2008-s5-A-GC,P1074,P0029,6,4,P1074,games-tally
2008-s5-A-GC-0-5,2008-s5,A,2008-s5-A-GC,P1074,P0491,6,4,P1074,games-tally
2008-s5-A-GC-0-6,2008-s5,A,2008-s5-A-GC,P1074,P0969,8,2,P1074,games-tally
2008-s5-A-GC-1-2,2008-s5,A,2008-s5-A-GC,P0558,P0029,4,6,P0029,games-tally
2008-s5-A-GC-1-4,2008-s5,A,2008-s5-A-GC,P0558,P1163,1,9,P1163,games-tally
2008-s5-A-GC-1-5,2008-s5,A,2008-s5-A-GC,P0558,P0491,3,7,P0491,games-tally
2008-s5-A-GC-1-6,2008-s5,A,2008-s5-A-GC,P0558,P0969,3,7,P0969,games-tally
2008-s5-A-GC-2-3,2008-s5,A,2008-s5-A-GC,P0029,P0820,8,2,P0029,games-tally
2008-s5-A-GC-2-4,2008-s5,A,2008-s5-A-GC,P0029,P1163,9,1,P0029,games-tally
2008-s5-A-GC-2-5,2008-s5,A,2008-s5-A-GC,P0029,P0491,6,4,P0029,games-tally
2008-s5-A-GC-2-6,2008-s5,A,2008-s5-A-GC,P0029,P0969,6,4,P0029,games-tally
2008-s5-A-GC-3-5,2008-s5,A,2008-s5-A-GC,P0820,P0491,2,8,P0491,games-tally
2008-s5-A-GC-3-6,2008-s5,A,2008-s5-A-GC,P0820,P0969,4,6,P0969,games-tally
2008-s5-A-GC-4-5,2008-s5,A,2008-s5-A-GC,P1163,P0491,4,6,P0491,games-tally
2008-s5-A-GC-4-6,2008-s5,A,2008-s5-A-GC,P1163,P0969,3,7,P0969,games-tally
2008-s5-A-GC-5-6,2008-s5,A,2008-s5-A-GC,P0491,P0969,3,7,P0969,games-tally
2008-s5-A-GD-0-1,2008-s5,A,2008-s5-A-GD,P0748,P1088,3,7,P1088,games-tally
2008-s5-A-GD-0-3,2008-s5,A,2008-s5-A-GD,P0748,P0999,4,6,P0999,games-tally
2008-s5-A-GD-0-4,2008-s5,A,2008-s5-A-GD,P0748,P1013,5,5,,games-tally
2008-s5-A-GD-0-5,2008-s5,A,2008-s5-A-GD,P0748,P1045,4,6,P1045,games-tally
2008-s5-A-GD-0-6,2008-s5,A,2008-s5-A-GD,P0748,P0965,8,2,P0748,games-tally
2008-s5-A-GD-1-2,2008-s5,A,2008-s5-A-GD,P1088,P0956,7,3,P1088,games-tally
2008-s5-A-GD-1-3,2008-s5,A,2008-s5-A-GD,P1088,P0999,6,4,P1088,games-tally
2008-s5-A-GD-1-4,2008-s5,A,2008-s5-A-GD,P1088,P1013,7,3,P1088,games-tally
2008-s5-A-GD-1-5,2008-s5,A,2008-s5-A-GD,P1088,P1045,5,5,,games-tally
2008-s5-A-GD-1-6,2008-s5,A,2008-s5-A-GD,P1088,P0965,6,4,P1088,games-tally
2008-s5-A-GD-2-4,2008-s5,A,2008-s5-A-GD,P0956,P1013,2,8,P1013,games-tally
2008-s5-A-GD-2-6,2008-s5,A,2008-s5-A-GD,P0956,P0965,3,7,P0965,games-tally
2008-s5-A-GD-3-4,2008-s5,A,2008-s5-A-GD,P0999,P1013,2,8,P1013,games-tally
2008-s5-A-GD-3-5,2008-s5,A,2008-s5-A-GD,P0999,P1045,6,4,P0999,games-tally
2008-s5-A-GD-3-6,2008-s5,A,2008-s5-A-GD,P0999,P0965,6,4,P0999,games-tally
2008-s5-A-GD-4-5,2008-s5,A,2008-s5-A-GD,P1013,P1045,5,5,,games-tally
2008-s5-A-GD-4-6,2008-s5,A,2008-s5-A-GD,P1013,P0965,6,4,P1013,games-tally
2008-s5-A-GD-5-6,2008-s5,A,2008-s5-A-GD,P1045,P0965,6,4,P1045,games-tally
2008-s5-A-GE-0-1,2008-s5,A,2008-s5-A-GE,P1002,P1148,5,5,,games-tally
2008-s5-A-GE-0-2,2008-s5,A,2008-s5-A-GE,P1002,P1138,6,4,P1002,games-tally
2008-s5-A-GE-0-3,2008-s5,A,2008-s5-A-GE,P1002,P0617,6,4,P1002,games-tally
2008-s5-A-GE-0-4,2008-s5,A,2008-s5-A-GE,P1002,P1037,5,5,,games-tally
2008-s5-A-GE-0-5,2008-s5,A,2008-s5-A-GE,P1002,P0951,6,4,P1002,games-tally
2008-s5-A-GE-0-6,2008-s5,A,2008-s5-A-GE,P1002,P0363,7,3,P1002,games-tally
2008-s5-A-GE-1-2,2008-s5,A,2008-s5-A-GE,P1148,P1138,4,6,P1138,games-tally
2008-s5-A-GE-1-3,2008-s5,A,2008-s5-A-GE,P1148,P0617,2,8,P0617,games-tally
2008-s5-A-GE-1-4,2008-s5,A,2008-s5-A-GE,P1148,P1037,3,7,P1037,games-tally
2008-s5-A-GE-1-5,2008-s5,A,2008-s5-A-GE,P1148,P0951,4,6,P0951,games-tally
2008-s5-A-GE-1-6,2008-s5,A,2008-s5-A-GE,P1148,P0363,3,7,P0363,games-tally
2008-s5-A-GE-2-3,2008-s5,A,2008-s5-A-GE,P1138,P0617,6,4,P1138,games-tally
2008-s5-A-GE-2-4,2008-s5,A,2008-s5-A-GE,P1138,P1037,2,8,P1037,games-tally
2008-s5-A-GE-2-5,2008-s5,A,2008-s5-A-GE,P1138,P0951,6,4,P1138,games-tally
2008-s5-A-GE-2-6,2008-s5,A,2008-s5-A-GE,P1138,P0363,4,6,P0363,games-tally
2008-s5-A-GE-3-4,2008-s5,A,2008-s5-A-GE,P0617,P1037,6,4,P0617,games-tally
2008-s5-A-GE-3-5,2008-s5,A,2008-s5-A-GE,P0617,P0951,4,6,P0951,games-tally
2008-s5-A-GE-4-5,2008-s5,A,2008-s5-A-GE,P1037,P0951,6,4,P1037,games-tally
2008-s5-A-GE-5-6,2008-s5,A,2008-s5-A-GE,P0951,P0363,4,6,P0363,games-tally
2008-s5-A-GF-0-1,2008-s5,A,2008-s5-A-GF,P0512,P1111,7,3,P0512,games-tally
2008-s5-A-GF-0-2,2008-s5,A,2008-s5-A-GF,P0512,P1010,10,0,P0512,games-tally
2008-s5-A-GF-0-3,2008-s5,A,2008-s5-A-GF,P0512,P0982,6,4,P0512,games-tally
2008-s5-A-GF-0-4,2008-s5,A,2008-s5-A-GF,P0512,P1105,6,4,P0512,games-tally
2008-s5-A-GF-0-5,2008-s5,A,2008-s5-A-GF,P0512,P0616,8,2,P0512,games-tally
2008-s5-A-GF-0-6,2008-s5,A,2008-s5-A-GF,P0512,P1042,7,3,P0512,games-tally
2008-s5-A-GF-1-3,2008-s5,A,2008-s5-A-GF,P1111,P0982,3,7,P0982,games-tally
2008-s5-A-GF-1-4,2008-s5,A,2008-s5-A-GF,P1111,P1105,0,10,P1105,games-tally
2008-s5-A-GF-1-5,2008-s5,A,2008-s5-A-GF,P1111,P0616,4,6,P0616,games-tally
2008-s5-A-GF-1-6,2008-s5,A,2008-s5-A-GF,P1111,P1042,7,3,P1111,games-tally
2008-s5-A-GF-2-3,2008-s5,A,2008-s5-A-GF,P1010,P0982,1,9,P0982,games-tally
2008-s5-A-GF-2-4,2008-s5,A,2008-s5-A-GF,P1010,P1105,2,8,P1105,games-tally
2008-s5-A-GF-2-5,2008-s5,A,2008-s5-A-GF,P1010,P0616,8,2,P1010,games-tally
2008-s5-A-GF-2-6,2008-s5,A,2008-s5-A-GF,P1010,P1042,0,10,P1042,games-tally
2008-s5-A-GF-3-4,2008-s5,A,2008-s5-A-GF,P0982,P1105,1,9,P1105,games-tally
2008-s5-A-GF-3-5,2008-s5,A,2008-s5-A-GF,P0982,P0616,3,7,P0616,games-tally
2008-s5-A-GF-3-6,2008-s5,A,2008-s5-A-GF,P0982,P1042,3,7,P1042,games-tally
2008-s5-A-GF-4-5,2008-s5,A,2008-s5-A-GF,P1105,P0616,8,2,P1105,games-tally
2008-s5-A-GF-4-6,2008-s5,A,2008-s5-A-GF,P1105,P1042,6,4,P1105,games-tally
2008-s5-A-GF-5-6,2008-s5,A,2008-s5-A-GF,P0616,P1042,7,3,P0616,games-tally
2008-s5-A-GG-0-1,2008-s5,A,2008-s5-A-GG,P1097,P1166,3,7,P1166,games-tally
2008-s5-A-GG-0-2,2008-s5,A,2008-s5-A-GG,P1097,P0607,3,7,P0607,games-tally
2008-s5-A-GG-0-3,2008-s5,A,2008-s5-A-GG,P1097,P0858,3,7,P0858,games-tally
2008-s5-A-GG-0-4,2008-s5,A,2008-s5-A-GG,P1097,P0996,4,6,P0996,games-tally
2008-s5-A-GG-0-5,2008-s5,A,2008-s5-A-GG,P1097,P1034,7,3,P1097,games-tally
2008-s5-A-GG-0-6,2008-s5,A,2008-s5-A-GG,P1097,P0658,6,4,P1097,games-tally
2008-s5-A-GG-1-2,2008-s5,A,2008-s5-A-GG,P1166,P0607,7,3,P1166,games-tally
2008-s5-A-GG-1-3,2008-s5,A,2008-s5-A-GG,P1166,P0858,3,7,P0858,games-tally
2008-s5-A-GG-1-4,2008-s5,A,2008-s5-A-GG,P1166,P0996,4,6,P0996,games-tally
2008-s5-A-GG-1-5,2008-s5,A,2008-s5-A-GG,P1166,P1034,6,4,P1166,games-tally
2008-s5-A-GG-1-6,2008-s5,A,2008-s5-A-GG,P1166,P0658,4,6,P0658,games-tally
2008-s5-A-GG-2-3,2008-s5,A,2008-s5-A-GG,P0607,P0858,6,4,P0607,games-tally
2008-s5-A-GG-2-4,2008-s5,A,2008-s5-A-GG,P0607,P0996,6,4,P0607,games-tally
2008-s5-A-GG-2-5,2008-s5,A,2008-s5-A-GG,P0607,P1034,9,1,P0607,games-tally
2008-s5-A-GG-2-6,2008-s5,A,2008-s5-A-GG,P0607,P0658,6,4,P0607,games-tally
2008-s5-A-GG-3-4,2008-s5,A,2008-s5-A-GG,P0858,P0996,5,5,,games-tally
2008-s5-A-GG-3-6,2008-s5,A,2008-s5-A-GG,P0858,P0658,7,3,P0858,games-tally
2008-s5-A-GG-4-5,2008-s5,A,2008-s5-A-GG,P0996,P1034,4,6,P1034,games-tally
2008-s5-A-GG-4-6,2008-s5,A,2008-s5-A-GG,P0996,P0658,7,3,P0996,games-tally
2008-s5-A-GG-5-6,2008-s5,A,2008-s5-A-GG,P1034,P0658,0,10,P0658,games-tally
2008-s5-B-GA-0-1,2008-s5,B,2008-s5-B-GA,P0928,P1160,4,6,P1160,games-tally
2008-s5-B-GA-0-2,2008-s5,B,2008-s5-B-GA,P0928,P1053,3,7,P1053,games-tally
2008-s5-B-GA-0-3,2008-s5,B,2008-s5-B-GA,P0928,P1130,0,10,P1130,games-tally
2008-s5-B-GA-0-6,2008-s5,B,2008-s5-B-GA,P0928,P1048,2,8,P1048,games-tally
2008-s5-B-GA-1-2,2008-s5,B,2008-s5-B-GA,P1160,P1053,4,6,P1053,games-tally
2008-s5-B-GA-1-3,2008-s5,B,2008-s5-B-GA,P1160,P1130,6,4,P1160,games-tally
2008-s5-B-GA-1-4,2008-s5,B,2008-s5-B-GA,P1160,P1025,3,7,P1025,games-tally
2008-s5-B-GA-1-5,2008-s5,B,2008-s5-B-GA,P1160,P1177,4,6,P1177,games-tally
2008-s5-B-GA-1-6,2008-s5,B,2008-s5-B-GA,P1160,P1048,7,3,P1160,games-tally
2008-s5-B-GA-2-3,2008-s5,B,2008-s5-B-GA,P1053,P1130,10,0,P1053,games-tally
2008-s5-B-GA-2-4,2008-s5,B,2008-s5-B-GA,P1053,P1025,3,7,P1025,games-tally
2008-s5-B-GA-2-5,2008-s5,B,2008-s5-B-GA,P1053,P1177,9,1,P1053,games-tally
2008-s5-B-GA-2-6,2008-s5,B,2008-s5-B-GA,P1053,P1048,3,7,P1048,games-tally
2008-s5-B-GA-3-4,2008-s5,B,2008-s5-B-GA,P1130,P1025,4,6,P1025,games-tally
2008-s5-B-GA-3-5,2008-s5,B,2008-s5-B-GA,P1130,P1177,3,7,P1177,games-tally
2008-s5-B-GA-3-6,2008-s5,B,2008-s5-B-GA,P1130,P1048,0,10,P1048,games-tally
2008-s5-B-GA-4-5,2008-s5,B,2008-s5-B-GA,P1025,P1177,9,1,P1025,games-tally
2008-s5-B-GA-4-6,2008-s5,B,2008-s5-B-GA,P1025,P1048,8,2,P1025,games-tally
2008-s5-B-GA-5-6,2008-s5,B,2008-s5-B-GA,P1177,P1048,2,8,P1048,games-tally
2008-s5-B-GB-0-3,2008-s5,B,2008-s5-B-GB,P1146,P1005,6,4,P1146,games-tally
2008-s5-B-GB-0-4,2008-s5,B,2008-s5-B-GB,P1146,P1151,6,4,P1146,games-tally
2008-s5-B-GB-0-5,2008-s5,B,2008-s5-B-GB,P1146,P1173,10,0,P1146,games-tally
2008-s5-B-GB-0-6,2008-s5,B,2008-s5-B-GB,P1146,P0327,1,9,P0327,games-tally
2008-s5-B-GB-1-2,2008-s5,B,2008-s5-B-GB,P0685,P1135,2,8,P1135,games-tally
2008-s5-B-GB-1-3,2008-s5,B,2008-s5-B-GB,P0685,P1005,5,5,,games-tally
2008-s5-B-GB-1-4,2008-s5,B,2008-s5-B-GB,P0685,P1151,1,9,P1151,games-tally
2008-s5-B-GB-1-5,2008-s5,B,2008-s5-B-GB,P0685,P1173,10,0,P0685,games-tally
2008-s5-B-GB-1-6,2008-s5,B,2008-s5-B-GB,P0685,P0327,6,4,P0685,games-tally
2008-s5-B-GB-2-3,2008-s5,B,2008-s5-B-GB,P1135,P1005,1,9,P1005,games-tally
2008-s5-B-GB-2-5,2008-s5,B,2008-s5-B-GB,P1135,P1173,10,0,P1135,games-tally
2008-s5-B-GB-2-6,2008-s5,B,2008-s5-B-GB,P1135,P0327,2,8,P0327,games-tally
2008-s5-B-GB-3-4,2008-s5,B,2008-s5-B-GB,P1005,P1151,4,6,P1151,games-tally
2008-s5-B-GB-3-5,2008-s5,B,2008-s5-B-GB,P1005,P1173,10,0,P1005,games-tally
2008-s5-B-GB-3-6,2008-s5,B,2008-s5-B-GB,P1005,P0327,4,6,P0327,games-tally
2008-s5-B-GB-4-5,2008-s5,B,2008-s5-B-GB,P1151,P1173,10,0,P1151,games-tally
2008-s5-B-GB-4-6,2008-s5,B,2008-s5-B-GB,P1151,P0327,5,5,,games-tally
2008-s5-B-GB-5-6,2008-s5,B,2008-s5-B-GB,P1173,P0327,0,10,P0327,games-tally
2008-s5-B-GC-0-1,2008-s5,B,2008-s5-B-GC,P1098,P1008,4,6,P1008,games-tally
2008-s5-B-GC-0-2,2008-s5,B,2008-s5-B-GC,P1098,P0793,8,2,P1098,games-tally
2008-s5-B-GC-0-3,2008-s5,B,2008-s5-B-GC,P1098,P0431,6,4,P1098,games-tally
2008-s5-B-GC-0-4,2008-s5,B,2008-s5-B-GC,P1098,P1057,4,6,P1057,games-tally
2008-s5-B-GC-0-5,2008-s5,B,2008-s5-B-GC,P1098,P1167,4,6,P1167,games-tally
2008-s5-B-GC-0-6,2008-s5,B,2008-s5-B-GC,P1098,P1096,7,3,P1098,games-tally
2008-s5-B-GC-1-2,2008-s5,B,2008-s5-B-GC,P1008,P0793,8,2,P1008,games-tally
2008-s5-B-GC-1-3,2008-s5,B,2008-s5-B-GC,P1008,P0431,8,2,P1008,games-tally
2008-s5-B-GC-1-4,2008-s5,B,2008-s5-B-GC,P1008,P1057,5,5,,games-tally
2008-s5-B-GC-1-5,2008-s5,B,2008-s5-B-GC,P1008,P1167,7,3,P1008,games-tally
2008-s5-B-GC-1-6,2008-s5,B,2008-s5-B-GC,P1008,P1096,5,5,,games-tally
2008-s5-B-GC-2-3,2008-s5,B,2008-s5-B-GC,P0793,P0431,5,5,,games-tally
2008-s5-B-GC-2-4,2008-s5,B,2008-s5-B-GC,P0793,P1057,6,4,P0793,games-tally
2008-s5-B-GC-2-5,2008-s5,B,2008-s5-B-GC,P0793,P1167,0,10,P1167,games-tally
2008-s5-B-GC-3-4,2008-s5,B,2008-s5-B-GC,P0431,P1057,3,7,P1057,games-tally
2008-s5-B-GC-3-5,2008-s5,B,2008-s5-B-GC,P0431,P1167,1,9,P1167,games-tally
2008-s5-B-GC-3-6,2008-s5,B,2008-s5-B-GC,P0431,P1096,7,3,P0431,games-tally
2008-s5-B-GC-4-5,2008-s5,B,2008-s5-B-GC,P1057,P1167,6,4,P1057,games-tally
2008-s5-B-GC-4-6,2008-s5,B,2008-s5-B-GC,P1057,P1096,0,10,P1096,games-tally
2008-s5-B-GC-5-6,2008-s5,B,2008-s5-B-GC,P1167,P1096,8,2,P1167,games-tally
2008-s5-B-GD-0-1,2008-s5,B,2008-s5-B-GD,P1067,P1046,4,6,P1046,games-tally
2008-s5-B-GD-0-2,2008-s5,B,2008-s5-B-GD,P1067,P1032,8,2,P1067,games-tally
2008-s5-B-GD-0-3,2008-s5,B,2008-s5-B-GD,P1067,P1060,4,6,P1060,games-tally
2008-s5-B-GD-0-5,2008-s5,B,2008-s5-B-GD,P1067,P1112,9,1,P1067,games-tally
2008-s5-B-GD-1-2,2008-s5,B,2008-s5-B-GD,P1046,P1032,5,5,,games-tally
2008-s5-B-GD-1-3,2008-s5,B,2008-s5-B-GD,P1046,P1060,6,4,P1046,games-tally
2008-s5-B-GD-1-4,2008-s5,B,2008-s5-B-GD,P1046,P1043,7,3,P1046,games-tally
2008-s5-B-GD-1-5,2008-s5,B,2008-s5-B-GD,P1046,P1112,3,7,P1112,games-tally
2008-s5-B-GD-2-3,2008-s5,B,2008-s5-B-GD,P1032,P1060,5,5,,games-tally
2008-s5-B-GD-2-4,2008-s5,B,2008-s5-B-GD,P1032,P1043,7,3,P1032,games-tally
2008-s5-B-GD-2-5,2008-s5,B,2008-s5-B-GD,P1032,P1112,0,10,P1112,games-tally
2008-s5-B-GD-3-4,2008-s5,B,2008-s5-B-GD,P1060,P1043,9,1,P1060,games-tally
2008-s5-B-GD-3-5,2008-s5,B,2008-s5-B-GD,P1060,P1112,4,6,P1112,games-tally
2008-s5-B-GD-4-5,2008-s5,B,2008-s5-B-GD,P1043,P1112,4,6,P1112,games-tally
2008-s5-B-GE-0-1,2008-s5,B,2008-s5-B-GE,P1050,P0938,4,6,P0938,games-tally
2008-s5-B-GE-0-2,2008-s5,B,2008-s5-B-GE,P1050,P1108,2,8,P1108,games-tally
2008-s5-B-GE-0-3,2008-s5,B,2008-s5-B-GE,P1050,P1018,7,3,P1050,games-tally
2008-s5-B-GE-0-4,2008-s5,B,2008-s5-B-GE,P1050,P0718,10,0,P1050,games-tally
2008-s5-B-GE-0-5,2008-s5,B,2008-s5-B-GE,P1050,P0959,5,5,,games-tally
2008-s5-B-GE-0-6,2008-s5,B,2008-s5-B-GE,P1050,P1134,4,6,P1134,games-tally
2008-s5-B-GE-1-2,2008-s5,B,2008-s5-B-GE,P0938,P1108,5,5,,games-tally
2008-s5-B-GE-1-3,2008-s5,B,2008-s5-B-GE,P0938,P1018,10,0,P0938,games-tally
2008-s5-B-GE-1-4,2008-s5,B,2008-s5-B-GE,P0938,P0718,10,0,P0938,games-tally
2008-s5-B-GE-1-5,2008-s5,B,2008-s5-B-GE,P0938,P0959,8,2,P0938,games-tally
2008-s5-B-GE-1-6,2008-s5,B,2008-s5-B-GE,P0938,P1134,3,7,P1134,games-tally
2008-s5-B-GE-2-3,2008-s5,B,2008-s5-B-GE,P1108,P1018,10,0,P1108,games-tally
2008-s5-B-GE-2-4,2008-s5,B,2008-s5-B-GE,P1108,P0718,10,0,P1108,games-tally
2008-s5-B-GE-2-5,2008-s5,B,2008-s5-B-GE,P1108,P0959,10,0,P1108,games-tally
2008-s5-B-GE-2-6,2008-s5,B,2008-s5-B-GE,P1108,P1134,2,8,P1134,games-tally
2008-s5-B-GE-3-4,2008-s5,B,2008-s5-B-GE,P1018,P0718,4,6,P0718,games-tally
2008-s5-B-GE-3-5,2008-s5,B,2008-s5-B-GE,P1018,P0959,10,0,P1018,games-tally
2008-s5-B-GE-3-6,2008-s5,B,2008-s5-B-GE,P1018,P1134,4,6,P1134,games-tally
2008-s5-B-GE-4-5,2008-s5,B,2008-s5-B-GE,P0718,P0959,4,6,P0959,games-tally
2008-s5-B-GE-4-6,2008-s5,B,2008-s5-B-GE,P0718,P1134,5,5,,games-tally
2008-s5-B-GE-5-6,2008-s5,B,2008-s5-B-GE,P0959,P1134,4,6,P1134,games-tally
2008-s5-B-GF-0-1,2008-s5,B,2008-s5-B-GF,P1091,P0217,2,8,P0217,games-tally
2008-s5-B-GF-0-2,2008-s5,B,2008-s5-B-GF,P1091,P1123,2,8,P1123,games-tally
2008-s5-B-GF-0-3,2008-s5,B,2008-s5-B-GF,P1091,P0995,7,3,P1091,games-tally
2008-s5-B-GF-0-4,2008-s5,B,2008-s5-B-GF,P1091,P1139,6,4,P1091,games-tally
2008-s5-B-GF-0-5,2008-s5,B,2008-s5-B-GF,P1091,P0952,7,3,P1091,games-tally
2008-s5-B-GF-0-6,2008-s5,B,2008-s5-B-GF,P1091,P1106,5,5,,games-tally
2008-s5-B-GF-1-2,2008-s5,B,2008-s5-B-GF,P0217,P1123,4,6,P1123,games-tally
2008-s5-B-GF-1-3,2008-s5,B,2008-s5-B-GF,P0217,P0995,4,6,P0995,games-tally
2008-s5-B-GF-1-4,2008-s5,B,2008-s5-B-GF,P0217,P1139,6,4,P0217,games-tally
2008-s5-B-GF-1-5,2008-s5,B,2008-s5-B-GF,P0217,P0952,4,6,P0952,games-tally
2008-s5-B-GF-1-6,2008-s5,B,2008-s5-B-GF,P0217,P1106,2,8,P1106,games-tally
2008-s5-B-GF-2-3,2008-s5,B,2008-s5-B-GF,P1123,P0995,6,4,P1123,games-tally
2008-s5-B-GF-2-4,2008-s5,B,2008-s5-B-GF,P1123,P1139,10,0,P1123,games-tally
2008-s5-B-GF-2-5,2008-s5,B,2008-s5-B-GF,P1123,P0952,5,5,,games-tally
2008-s5-B-GF-2-6,2008-s5,B,2008-s5-B-GF,P1123,P1106,6,4,P1123,games-tally
2008-s5-B-GF-5-6,2008-s5,B,2008-s5-B-GF,P0952,P1106,6,4,P0952,games-tally
2009-s1-A-GA-0-1,2009-s1,A,2009-s1-A-GA,P0558,P0689,4,6,P0689,games-tally
2009-s1-A-GA-0-2,2009-s1,A,2009-s1-A-GA,P0558,P0658,7,3,P0558,games-tally
2009-s1-A-GA-0-3,2009-s1,A,2009-s1-A-GA,P0558,P0029,3,7,P0029,games-tally
2009-s1-A-GA-0-4,2009-s1,A,2009-s1-A-GA,P0558,P1244,7,3,P0558,games-tally
2009-s1-A-GA-0-5,2009-s1,A,2009-s1-A-GA,P0558,P0697,6,4,P0558,games-tally
2009-s1-A-GA-0-6,2009-s1,A,2009-s1-A-GA,P0558,P1294,6,4,P0558,games-tally
2009-s1-A-GA-1-2,2009-s1,A,2009-s1-A-GA,P0689,P0658,6,4,P0689,games-tally
2009-s1-A-GA-1-3,2009-s1,A,2009-s1-A-GA,P0689,P0029,4,6,P0029,games-tally
2009-s1-A-GA-1-6,2009-s1,A,2009-s1-A-GA,P0689,P1294,3,7,P1294,games-tally
2009-s1-A-GA-2-3,2009-s1,A,2009-s1-A-GA,P0658,P0029,4,6,P0029,games-tally
2009-s1-A-GA-2-4,2009-s1,A,2009-s1-A-GA,P0658,P1244,3,7,P1244,games-tally
2009-s1-A-GA-2-6,2009-s1,A,2009-s1-A-GA,P0658,P1294,4,6,P1294,games-tally
2009-s1-A-GA-3-4,2009-s1,A,2009-s1-A-GA,P0029,P1244,6,4,P0029,games-tally
2009-s1-A-GA-3-5,2009-s1,A,2009-s1-A-GA,P0029,P0697,7,3,P0029,games-tally
2009-s1-A-GA-3-6,2009-s1,A,2009-s1-A-GA,P0029,P1294,4,6,P1294,games-tally
2009-s1-A-GA-4-6,2009-s1,A,2009-s1-A-GA,P1244,P1294,6,4,P1244,games-tally
2009-s1-A-GA-5-6,2009-s1,A,2009-s1-A-GA,P0697,P1294,3,7,P1294,games-tally
2009-s1-A-GB-0-1,2009-s1,A,2009-s1-A-GB,P1158,P1383,8,2,P1158,games-tally
2009-s1-A-GB-0-2,2009-s1,A,2009-s1-A-GB,P1158,P1310,8,2,P1158,games-tally
2009-s1-A-GB-0-3,2009-s1,A,2009-s1-A-GB,P1158,P0672,4,6,P0672,games-tally
2009-s1-A-GB-0-4,2009-s1,A,2009-s1-A-GB,P1158,P0969,4,6,P0969,games-tally
2009-s1-A-GB-0-5,2009-s1,A,2009-s1-A-GB,P1158,P1303,5,5,,games-tally
2009-s1-A-GB-0-6,2009-s1,A,2009-s1-A-GB,P1158,P1368,3,7,P1368,games-tally
2009-s1-A-GB-1-2,2009-s1,A,2009-s1-A-GB,P1383,P1310,7,3,P1383,games-tally
2009-s1-A-GB-1-3,2009-s1,A,2009-s1-A-GB,P1383,P0672,4,6,P0672,games-tally
2009-s1-A-GB-1-4,2009-s1,A,2009-s1-A-GB,P1383,P0969,3,7,P0969,games-tally
2009-s1-A-GB-1-5,2009-s1,A,2009-s1-A-GB,P1383,P1303,4,6,P1303,games-tally
2009-s1-A-GB-1-6,2009-s1,A,2009-s1-A-GB,P1383,P1368,3,7,P1368,games-tally
2009-s1-A-GB-2-3,2009-s1,A,2009-s1-A-GB,P1310,P0672,3,7,P0672,games-tally
2009-s1-A-GB-2-4,2009-s1,A,2009-s1-A-GB,P1310,P0969,2,8,P0969,games-tally
2009-s1-A-GB-2-6,2009-s1,A,2009-s1-A-GB,P1310,P1368,2,8,P1368,games-tally
2009-s1-A-GB-3-4,2009-s1,A,2009-s1-A-GB,P0672,P0969,5,5,,games-tally
2009-s1-A-GB-3-5,2009-s1,A,2009-s1-A-GB,P0672,P1303,8,2,P0672,games-tally
2009-s1-A-GB-3-6,2009-s1,A,2009-s1-A-GB,P0672,P1368,2,8,P1368,games-tally
2009-s1-A-GB-4-5,2009-s1,A,2009-s1-A-GB,P0969,P1303,6,4,P0969,games-tally
2009-s1-A-GB-4-6,2009-s1,A,2009-s1-A-GB,P0969,P1368,4,6,P1368,games-tally
2009-s1-A-GB-5-6,2009-s1,A,2009-s1-A-GB,P1303,P1368,4,6,P1368,games-tally
2009-s1-A-GC-0-2,2009-s1,A,2009-s1-A-GC,P0858,P1151,8,2,P0858,games-tally
2009-s1-A-GC-0-3,2009-s1,A,2009-s1-A-GC,P0858,P0616,7,3,P0858,games-tally
2009-s1-A-GC-0-4,2009-s1,A,2009-s1-A-GC,P0858,P1074,9,1,P0858,games-tally
2009-s1-A-GC-0-5,2009-s1,A,2009-s1-A-GC,P0858,P0707,10,0,P0858,games-tally
2009-s1-A-GC-0-6,2009-s1,A,2009-s1-A-GC,P0858,P0951,6,4,P0858,games-tally
2009-s1-A-GC-1-3,2009-s1,A,2009-s1-A-GC,P0363,P0616,7,3,P0363,games-tally
2009-s1-A-GC-1-4,2009-s1,A,2009-s1-A-GC,P0363,P1074,0,10,P1074,games-tally
2009-s1-A-GC-1-5,2009-s1,A,2009-s1-A-GC,P0363,P0707,4,6,P0707,games-tally
2009-s1-A-GC-1-6,2009-s1,A,2009-s1-A-GC,P0363,P0951,2,8,P0951,games-tally
2009-s1-A-GC-2-3,2009-s1,A,2009-s1-A-GC,P1151,P0616,5,5,,games-tally
2009-s1-A-GC-2-4,2009-s1,A,2009-s1-A-GC,P1151,P1074,2,8,P1074,games-tally
2009-s1-A-GC-2-5,2009-s1,A,2009-s1-A-GC,P1151,P0707,2,8,P0707,games-tally
2009-s1-A-GC-2-6,2009-s1,A,2009-s1-A-GC,P1151,P0951,0,10,P0951,games-tally
2009-s1-A-GC-3-4,2009-s1,A,2009-s1-A-GC,P0616,P1074,4,6,P1074,games-tally
2009-s1-A-GC-3-5,2009-s1,A,2009-s1-A-GC,P0616,P0707,2,8,P0707,games-tally
2009-s1-A-GC-3-6,2009-s1,A,2009-s1-A-GC,P0616,P0951,3,7,P0951,games-tally
2009-s1-A-GC-4-5,2009-s1,A,2009-s1-A-GC,P1074,P0707,4,6,P0707,games-tally
2009-s1-A-GC-4-6,2009-s1,A,2009-s1-A-GC,P1074,P0951,4,6,P0951,games-tally
2009-s1-A-GC-5-6,2009-s1,A,2009-s1-A-GC,P0707,P0951,4,6,P0951,games-tally
2009-s1-A-GD-0-1,2009-s1,A,2009-s1-A-GD,P0512,P0982,6,4,P0512,games-tally
2009-s1-A-GD-0-2,2009-s1,A,2009-s1-A-GD,P0512,P1330,4,6,P1330,games-tally
2009-s1-A-GD-0-3,2009-s1,A,2009-s1-A-GD,P0512,P1259,8,2,P0512,games-tally
2009-s1-A-GD-0-4,2009-s1,A,2009-s1-A-GD,P0512,P1324,10,0,P0512,games-tally
2009-s1-A-GD-0-5,2009-s1,A,2009-s1-A-GD,P0512,P1292,8,2,P0512,games-tally
2009-s1-A-GD-0-6,2009-s1,A,2009-s1-A-GD,P0512,P1241,8,2,P0512,games-tally
2009-s1-A-GD-1-2,2009-s1,A,2009-s1-A-GD,P0982,P1330,0,10,P1330,games-tally
2009-s1-A-GD-1-3,2009-s1,A,2009-s1-A-GD,P0982,P1259,0,10,P1259,games-tally
2009-s1-A-GD-1-5,2009-s1,A,2009-s1-A-GD,P0982,P1292,0,10,P1292,games-tally
2009-s1-A-GD-1-6,2009-s1,A,2009-s1-A-GD,P0982,P1241,3,7,P1241,games-tally
2009-s1-A-GD-2-3,2009-s1,A,2009-s1-A-GD,P1330,P1259,3,7,P1259,games-tally
2009-s1-A-GD-2-4,2009-s1,A,2009-s1-A-GD,P1330,P1324,2,8,P1324,games-tally
2009-s1-A-GD-2-5,2009-s1,A,2009-s1-A-GD,P1330,P1292,6,4,P1330,games-tally
2009-s1-A-GD-2-6,2009-s1,A,2009-s1-A-GD,P1330,P1241,8,2,P1330,games-tally
2009-s1-A-GD-3-4,2009-s1,A,2009-s1-A-GD,P1259,P1324,6,4,P1259,games-tally
2009-s1-A-GD-3-5,2009-s1,A,2009-s1-A-GD,P1259,P1292,3,7,P1292,games-tally
2009-s1-A-GD-3-6,2009-s1,A,2009-s1-A-GD,P1259,P1241,4,6,P1241,games-tally
2009-s1-A-GD-4-5,2009-s1,A,2009-s1-A-GD,P1324,P1292,0,10,P1292,games-tally
2009-s1-A-GD-4-6,2009-s1,A,2009-s1-A-GD,P1324,P1241,4,6,P1241,games-tally
2009-s1-A-GD-5-6,2009-s1,A,2009-s1-A-GD,P1292,P1241,6,4,P1292,games-tally
2009-s1-A-GE-0-1,2009-s1,A,2009-s1-A-GE,P1318,P0607,4,6,P0607,games-tally
2009-s1-A-GE-0-2,2009-s1,A,2009-s1-A-GE,P1318,P0140,3,7,P0140,games-tally
2009-s1-A-GE-0-3,2009-s1,A,2009-s1-A-GE,P1318,P0820,6,4,P1318,games-tally
2009-s1-A-GE-0-4,2009-s1,A,2009-s1-A-GE,P1318,P0984,3,7,P0984,games-tally
2009-s1-A-GE-0-5,2009-s1,A,2009-s1-A-GE,P1318,P0491,4,6,P0491,games-tally
2009-s1-A-GE-1-2,2009-s1,A,2009-s1-A-GE,P0607,P0140,5,5,,games-tally
2009-s1-A-GE-1-3,2009-s1,A,2009-s1-A-GE,P0607,P0820,7,3,P0607,games-tally
2009-s1-A-GE-1-4,2009-s1,A,2009-s1-A-GE,P0607,P0984,4,6,P0984,games-tally
2009-s1-A-GE-1-5,2009-s1,A,2009-s1-A-GE,P0607,P0491,4,6,P0491,games-tally
2009-s1-A-GE-1-6,2009-s1,A,2009-s1-A-GE,P0607,P1040,6,4,P0607,games-tally
2009-s1-A-GE-2-3,2009-s1,A,2009-s1-A-GE,P0140,P0820,9,1,P0140,games-tally
2009-s1-A-GE-2-4,2009-s1,A,2009-s1-A-GE,P0140,P0984,3,7,P0984,games-tally
2009-s1-A-GE-2-5,2009-s1,A,2009-s1-A-GE,P0140,P0491,3,7,P0491,games-tally
2009-s1-A-GE-2-6,2009-s1,A,2009-s1-A-GE,P0140,P1040,9,1,P0140,games-tally
2009-s1-A-GE-3-4,2009-s1,A,2009-s1-A-GE,P0820,P0984,4,6,P0984,games-tally
2009-s1-A-GE-3-5,2009-s1,A,2009-s1-A-GE,P0820,P0491,3,7,P0491,games-tally
2009-s1-A-GE-4-5,2009-s1,A,2009-s1-A-GE,P0984,P0491,5,5,,games-tally
2009-s1-A-GE-4-6,2009-s1,A,2009-s1-A-GE,P0984,P1040,7,3,P0984,games-tally
2009-s1-A-GE-5-6,2009-s1,A,2009-s1-A-GE,P0491,P1040,6,4,P0491,games-tally
2009-s1-A-GF-0-1,2009-s1,A,2009-s1-A-GF,P1088,P1104,4,6,P1104,games-tally
2009-s1-A-GF-0-2,2009-s1,A,2009-s1-A-GF,P1088,P0962,4,6,P0962,games-tally
2009-s1-A-GF-0-3,2009-s1,A,2009-s1-A-GF,P1088,P1360,8,2,P1088,games-tally
2009-s1-A-GF-0-4,2009-s1,A,2009-s1-A-GF,P1088,P1054,6,4,P1088,games-tally
2009-s1-A-GF-0-5,2009-s1,A,2009-s1-A-GF,P1088,P1236,10,0,P1088,games-tally
2009-s1-A-GF-0-6,2009-s1,A,2009-s1-A-GF,P1088,P1354,10,0,P1088,games-tally
2009-s1-A-GF-1-2,2009-s1,A,2009-s1-A-GF,P1104,P0962,1,9,P0962,games-tally
2009-s1-A-GF-1-3,2009-s1,A,2009-s1-A-GF,P1104,P1360,3,7,P1360,games-tally
2009-s1-A-GF-1-4,2009-s1,A,2009-s1-A-GF,P1104,P1054,4,6,P1054,games-tally
2009-s1-A-GF-1-6,2009-s1,A,2009-s1-A-GF,P1104,P1354,6,4,P1104,games-tally
2009-s1-A-GF-2-3,2009-s1,A,2009-s1-A-GF,P0962,P1360,4,6,P1360,games-tally
2009-s1-A-GF-2-4,2009-s1,A,2009-s1-A-GF,P0962,P1054,7,3,P0962,games-tally
2009-s1-A-GF-3-4,2009-s1,A,2009-s1-A-GF,P1360,P1054,4,6,P1054,games-tally
2009-s1-A-GF-3-5,2009-s1,A,2009-s1-A-GF,P1360,P1236,9,1,P1360,games-tally
2009-s1-A-GF-3-6,2009-s1,A,2009-s1-A-GF,P1360,P1354,10,0,P1360,games-tally
2009-s1-A-GF-4-5,2009-s1,A,2009-s1-A-GF,P1054,P1236,10,0,P1054,games-tally
2009-s1-A-GF-4-6,2009-s1,A,2009-s1-A-GF,P1054,P1354,4,6,P1354,games-tally
2009-s1-A-GG-0-1,2009-s1,A,2009-s1-A-GG,P1205,P1282,8,2,P1205,games-tally
2009-s1-A-GG-0-2,2009-s1,A,2009-s1-A-GG,P1205,P1051,6,4,P1205,games-tally
2009-s1-A-GG-0-3,2009-s1,A,2009-s1-A-GG,P1205,P1284,6,4,P1205,games-tally
2009-s1-A-GG-0-4,2009-s1,A,2009-s1-A-GG,P1205,P1194,5,5,,games-tally
2009-s1-A-GG-0-5,2009-s1,A,2009-s1-A-GG,P1205,P1349,6,4,P1205,games-tally
2009-s1-A-GG-0-6,2009-s1,A,2009-s1-A-GG,P1205,P1002,1,9,P1002,games-tally
2009-s1-A-GG-1-2,2009-s1,A,2009-s1-A-GG,P1282,P1051,1,9,P1051,games-tally
2009-s1-A-GG-1-3,2009-s1,A,2009-s1-A-GG,P1282,P1284,4,6,P1284,games-tally
2009-s1-A-GG-1-4,2009-s1,A,2009-s1-A-GG,P1282,P1194,4,6,P1194,games-tally
2009-s1-A-GG-1-5,2009-s1,A,2009-s1-A-GG,P1282,P1349,4,6,P1349,games-tally
2009-s1-A-GG-1-6,2009-s1,A,2009-s1-A-GG,P1282,P1002,0,10,P1002,games-tally
2009-s1-A-GG-2-3,2009-s1,A,2009-s1-A-GG,P1051,P1284,4,6,P1284,games-tally
2009-s1-A-GG-2-4,2009-s1,A,2009-s1-A-GG,P1051,P1194,1,9,P1194,games-tally
2009-s1-A-GG-2-6,2009-s1,A,2009-s1-A-GG,P1051,P1002,0,10,P1002,games-tally
2009-s1-A-GG-3-4,2009-s1,A,2009-s1-A-GG,P1284,P1194,4,6,P1194,games-tally
2009-s1-A-GG-3-5,2009-s1,A,2009-s1-A-GG,P1284,P1349,6,4,P1284,games-tally
2009-s1-A-GG-3-6,2009-s1,A,2009-s1-A-GG,P1284,P1002,3,7,P1002,games-tally
2009-s1-A-GG-4-5,2009-s1,A,2009-s1-A-GG,P1194,P1349,4,6,P1349,games-tally
2009-s1-A-GG-4-6,2009-s1,A,2009-s1-A-GG,P1194,P1002,3,7,P1002,games-tally
2009-s1-A-GG-5-6,2009-s1,A,2009-s1-A-GG,P1349,P1002,3,7,P1002,games-tally
2009-s1-A-GH-0-2,2009-s1,A,2009-s1-A-GH,P1022,P0678,7,3,P1022,games-tally
2009-s1-A-GH-0-3,2009-s1,A,2009-s1-A-GH,P1022,P1275,6,4,P1022,games-tally
2009-s1-A-GH-0-4,2009-s1,A,2009-s1-A-GH,P1022,P1357,6,4,P1022,games-tally
2009-s1-A-GH-0-5,2009-s1,A,2009-s1-A-GH,P1022,P0764,6,4,P1022,games-tally
2009-s1-A-GH-0-6,2009-s1,A,2009-s1-A-GH,P1022,P1085,5,5,,games-tally
2009-s1-A-GH-1-4,2009-s1,A,2009-s1-A-GH,P1361,P1357,5,5,,games-tally
2009-s1-A-GH-1-5,2009-s1,A,2009-s1-A-GH,P1361,P0764,0,10,P0764,games-tally
2009-s1-A-GH-1-6,2009-s1,A,2009-s1-A-GH,P1361,P1085,3,7,P1085,games-tally
2009-s1-A-GH-2-4,2009-s1,A,2009-s1-A-GH,P0678,P1357,6,4,P0678,games-tally
2009-s1-A-GH-2-5,2009-s1,A,2009-s1-A-GH,P0678,P0764,4,6,P0764,games-tally
2009-s1-A-GH-2-6,2009-s1,A,2009-s1-A-GH,P0678,P1085,4,6,P1085,games-tally
2009-s1-A-GH-3-4,2009-s1,A,2009-s1-A-GH,P1275,P1357,6,4,P1275,games-tally
2009-s1-A-GH-3-5,2009-s1,A,2009-s1-A-GH,P1275,P0764,7,3,P1275,games-tally
2009-s1-A-GH-3-6,2009-s1,A,2009-s1-A-GH,P1275,P1085,0,10,P1085,games-tally
2009-s1-A-GH-4-5,2009-s1,A,2009-s1-A-GH,P1357,P0764,4,6,P0764,games-tally
2009-s1-A-GH-4-6,2009-s1,A,2009-s1-A-GH,P1357,P1085,2,8,P1085,games-tally
2009-s1-A-GH-5-6,2009-s1,A,2009-s1-A-GH,P0764,P1085,5,5,,games-tally
2009-s1-B-GA-0-1,2009-s1,B,2009-s1-B-GA,P0938,P1290,5,5,,games-tally
2009-s1-B-GA-0-2,2009-s1,B,2009-s1-B-GA,P0938,P0870,6,4,P0938,games-tally
2009-s1-B-GA-0-4,2009-s1,B,2009-s1-B-GA,P0938,P0217,3,7,P0217,games-tally
2009-s1-B-GA-0-5,2009-s1,B,2009-s1-B-GA,P0938,P1195,4,6,P1195,games-tally
2009-s1-B-GA-0-6,2009-s1,B,2009-s1-B-GA,P0938,P0772,4,6,P0772,games-tally
2009-s1-B-GA-1-2,2009-s1,B,2009-s1-B-GA,P1290,P0870,4,6,P0870,games-tally
2009-s1-B-GA-1-3,2009-s1,B,2009-s1-B-GA,P1290,P1108,1,9,P1108,games-tally
2009-s1-B-GA-1-4,2009-s1,B,2009-s1-B-GA,P1290,P0217,6,4,P1290,games-tally
2009-s1-B-GA-1-5,2009-s1,B,2009-s1-B-GA,P1290,P1195,6,4,P1290,games-tally
2009-s1-B-GA-1-6,2009-s1,B,2009-s1-B-GA,P1290,P0772,7,3,P1290,games-tally
2009-s1-B-GA-2-3,2009-s1,B,2009-s1-B-GA,P0870,P1108,8,2,P0870,games-tally
2009-s1-B-GA-2-4,2009-s1,B,2009-s1-B-GA,P0870,P0217,6,4,P0870,games-tally
2009-s1-B-GA-2-5,2009-s1,B,2009-s1-B-GA,P0870,P1195,6,4,P0870,games-tally
2009-s1-B-GA-2-6,2009-s1,B,2009-s1-B-GA,P0870,P0772,3,7,P0772,games-tally
2009-s1-B-GA-3-5,2009-s1,B,2009-s1-B-GA,P1108,P1195,5,5,,games-tally
2009-s1-B-GA-3-6,2009-s1,B,2009-s1-B-GA,P1108,P0772,4,6,P0772,games-tally
2009-s1-B-GA-4-5,2009-s1,B,2009-s1-B-GA,P0217,P1195,4,6,P1195,games-tally
2009-s1-B-GA-4-6,2009-s1,B,2009-s1-B-GA,P0217,P0772,5,5,,games-tally
2009-s1-B-GA-5-6,2009-s1,B,2009-s1-B-GA,P1195,P0772,8,2,P1195,games-tally
2009-s1-B-GB-0-1,2009-s1,B,2009-s1-B-GB,P0999,P1005,5,5,,games-tally
2009-s1-B-GB-0-2,2009-s1,B,2009-s1-B-GB,P0999,P1196,6,4,P0999,games-tally
2009-s1-B-GB-0-3,2009-s1,B,2009-s1-B-GB,P0999,P1302,6,4,P0999,games-tally
2009-s1-B-GB-0-4,2009-s1,B,2009-s1-B-GB,P0999,P1184,5,5,,games-tally
2009-s1-B-GB-0-5,2009-s1,B,2009-s1-B-GB,P0999,P0928,10,0,P0999,games-tally
2009-s1-B-GB-0-6,2009-s1,B,2009-s1-B-GB,P0999,P1060,3,7,P1060,games-tally
2009-s1-B-GB-1-2,2009-s1,B,2009-s1-B-GB,P1005,P1196,3,7,P1196,games-tally
2009-s1-B-GB-1-3,2009-s1,B,2009-s1-B-GB,P1005,P1302,8,2,P1005,games-tally
2009-s1-B-GB-1-4,2009-s1,B,2009-s1-B-GB,P1005,P1184,7,3,P1005,games-tally
2009-s1-B-GB-1-5,2009-s1,B,2009-s1-B-GB,P1005,P0928,4,6,P0928,games-tally
2009-s1-B-GB-1-6,2009-s1,B,2009-s1-B-GB,P1005,P1060,7,3,P1005,games-tally
2009-s1-B-GB-2-3,2009-s1,B,2009-s1-B-GB,P1196,P1302,4,6,P1302,games-tally
2009-s1-B-GB-2-4,2009-s1,B,2009-s1-B-GB,P1196,P1184,7,3,P1196,games-tally
2009-s1-B-GB-2-5,2009-s1,B,2009-s1-B-GB,P1196,P0928,8,2,P1196,games-tally
2009-s1-B-GB-2-6,2009-s1,B,2009-s1-B-GB,P1196,P1060,8,2,P1196,games-tally
2009-s1-B-GB-3-4,2009-s1,B,2009-s1-B-GB,P1302,P1184,4,6,P1184,games-tally
2009-s1-B-GB-3-6,2009-s1,B,2009-s1-B-GB,P1302,P1060,2,8,P1060,games-tally
2009-s1-B-GB-4-5,2009-s1,B,2009-s1-B-GB,P1184,P0928,4,6,P0928,games-tally
2009-s1-B-GB-4-6,2009-s1,B,2009-s1-B-GB,P1184,P1060,6,4,P1184,games-tally
2009-s1-B-GC-0-1,2009-s1,B,2009-s1-B-GC,P1371,P1167,4,6,P1167,games-tally
2009-s1-B-GC-0-2,2009-s1,B,2009-s1-B-GC,P1371,P1096,6,4,P1371,games-tally
2009-s1-B-GC-0-3,2009-s1,B,2009-s1-B-GC,P1371,P1362,10,0,P1371,games-tally
2009-s1-B-GC-0-4,2009-s1,B,2009-s1-B-GC,P1371,P1346,5,5,,games-tally
2009-s1-B-GC-0-5,2009-s1,B,2009-s1-B-GC,P1371,P1219,8,2,P1371,games-tally
2009-s1-B-GC-0-6,2009-s1,B,2009-s1-B-GC,P1371,P1186,10,0,P1371,games-tally
2009-s1-B-GC-1-2,2009-s1,B,2009-s1-B-GC,P1167,P1096,5,5,,games-tally
2009-s1-B-GC-1-3,2009-s1,B,2009-s1-B-GC,P1167,P1362,6,4,P1167,games-tally
2009-s1-B-GC-1-4,2009-s1,B,2009-s1-B-GC,P1167,P1346,8,2,P1167,games-tally
2009-s1-B-GC-1-5,2009-s1,B,2009-s1-B-GC,P1167,P1219,4,6,P1219,games-tally
2009-s1-B-GC-1-6,2009-s1,B,2009-s1-B-GC,P1167,P1186,7,3,P1167,games-tally
2009-s1-B-GC-2-3,2009-s1,B,2009-s1-B-GC,P1096,P1362,6,4,P1096,games-tally
2009-s1-B-GC-2-4,2009-s1,B,2009-s1-B-GC,P1096,P1346,7,3,P1096,games-tally
2009-s1-B-GC-2-5,2009-s1,B,2009-s1-B-GC,P1096,P1219,6,4,P1096,games-tally
2009-s1-B-GC-2-6,2009-s1,B,2009-s1-B-GC,P1096,P1186,8,2,P1096,games-tally
2009-s1-B-GC-3-5,2009-s1,B,2009-s1-B-GC,P1362,P1219,10,0,P1362,games-tally
2009-s1-B-GC-3-6,2009-s1,B,2009-s1-B-GC,P1362,P1186,7,3,P1362,games-tally
2009-s1-B-GC-4-5,2009-s1,B,2009-s1-B-GC,P1346,P1219,8,2,P1346,games-tally
2009-s1-B-GC-5-6,2009-s1,B,2009-s1-B-GC,P1219,P1186,2,8,P1186,games-tally
2009-s1-B-GD-0-1,2009-s1,B,2009-s1-B-GD,P1298,P1289,4,6,P1289,games-tally
2009-s1-B-GD-0-2,2009-s1,B,2009-s1-B-GD,P1298,P1106,2,8,P1106,games-tally
2009-s1-B-GD-0-4,2009-s1,B,2009-s1-B-GD,P1298,P1347,4,6,P1347,games-tally
2009-s1-B-GD-0-5,2009-s1,B,2009-s1-B-GD,P1298,P1204,0,10,P1204,games-tally
2009-s1-B-GD-1-2,2009-s1,B,2009-s1-B-GD,P1289,P1106,8,2,P1289,games-tally
2009-s1-B-GD-1-3,2009-s1,B,2009-s1-B-GD,P1289,P1190,10,0,P1289,games-tally
2009-s1-B-GD-1-4,2009-s1,B,2009-s1-B-GD,P1289,P1347,6,4,P1289,games-tally
2009-s1-B-GD-1-5,2009-s1,B,2009-s1-B-GD,P1289,P1204,6,4,P1289,games-tally
2009-s1-B-GD-1-6,2009-s1,B,2009-s1-B-GD,P1289,P1057,9,1,P1289,games-tally
2009-s1-B-GD-2-3,2009-s1,B,2009-s1-B-GD,P1106,P1190,8,2,P1106,games-tally
2009-s1-B-GD-2-4,2009-s1,B,2009-s1-B-GD,P1106,P1347,4,6,P1347,games-tally
2009-s1-B-GD-2-5,2009-s1,B,2009-s1-B-GD,P1106,P1204,4,6,P1204,games-tally
2009-s1-B-GD-3-4,2009-s1,B,2009-s1-B-GD,P1190,P1347,4,6,P1347,games-tally
2009-s1-B-GD-3-5,2009-s1,B,2009-s1-B-GD,P1190,P1204,3,7,P1204,games-tally
2009-s1-B-GD-4-5,2009-s1,B,2009-s1-B-GD,P1347,P1204,6,4,P1347,games-tally
2009-s1-B-GD-4-6,2009-s1,B,2009-s1-B-GD,P1347,P1057,9,1,P1347,games-tally
2009-s1-B-GE-0-1,2009-s1,B,2009-s1-B-GE,P1287,P1208,7,3,P1287,games-tally
2009-s1-B-GE-0-2,2009-s1,B,2009-s1-B-GE,P1287,P0344,5,5,,games-tally
2009-s1-B-GE-0-3,2009-s1,B,2009-s1-B-GE,P1287,P1032,4,6,P1032,games-tally
2009-s1-B-GE-0-4,2009-s1,B,2009-s1-B-GE,P1287,P0907,4,6,P0907,games-tally
2009-s1-B-GE-0-5,2009-s1,B,2009-s1-B-GE,P1287,P1127,3,7,P1127,games-tally
2009-s1-B-GE-0-6,2009-s1,B,2009-s1-B-GE,P1287,P1185,4,6,P1185,games-tally
2009-s1-B-GE-1-2,2009-s1,B,2009-s1-B-GE,P1208,P0344,3,7,P0344,games-tally
2009-s1-B-GE-1-3,2009-s1,B,2009-s1-B-GE,P1208,P1032,3,7,P1032,games-tally
2009-s1-B-GE-1-4,2009-s1,B,2009-s1-B-GE,P1208,P0907,3,7,P0907,games-tally
2009-s1-B-GE-1-5,2009-s1,B,2009-s1-B-GE,P1208,P1127,3,7,P1127,games-tally
2009-s1-B-GE-1-6,2009-s1,B,2009-s1-B-GE,P1208,P1185,3,7,P1185,games-tally
2009-s1-B-GE-2-3,2009-s1,B,2009-s1-B-GE,P0344,P1032,5,5,,games-tally
2009-s1-B-GE-2-4,2009-s1,B,2009-s1-B-GE,P0344,P0907,6,4,P0344,games-tally
2009-s1-B-GE-2-5,2009-s1,B,2009-s1-B-GE,P0344,P1127,8,2,P0344,games-tally
2009-s1-B-GE-2-6,2009-s1,B,2009-s1-B-GE,P0344,P1185,3,7,P1185,games-tally
2009-s1-B-GE-3-4,2009-s1,B,2009-s1-B-GE,P1032,P0907,6,4,P1032,games-tally
2009-s1-B-GE-3-5,2009-s1,B,2009-s1-B-GE,P1032,P1127,3,7,P1127,games-tally
2009-s1-B-GE-3-6,2009-s1,B,2009-s1-B-GE,P1032,P1185,5,5,,games-tally
2009-s1-B-GE-4-5,2009-s1,B,2009-s1-B-GE,P0907,P1127,5,5,,games-tally
2009-s1-B-GE-4-6,2009-s1,B,2009-s1-B-GE,P0907,P1185,6,4,P0907,games-tally
2009-s1-B-GE-5-6,2009-s1,B,2009-s1-B-GE,P1127,P1185,10,0,P1127,games-tally
2009-s1-B-GF-0-1,2009-s1,B,2009-s1-B-GF,P1351,P1230,8,2,P1351,games-tally
2009-s1-B-GF-0-2,2009-s1,B,2009-s1-B-GF,P1351,P1278,4,6,P1278,games-tally
2009-s1-B-GF-0-3,2009-s1,B,2009-s1-B-GF,P1351,P1331,9,1,P1351,games-tally
2009-s1-B-GF-0-4,2009-s1,B,2009-s1-B-GF,P1351,P0431,6,4,P1351,games-tally
2009-s1-B-GF-0-5,2009-s1,B,2009-s1-B-GF,P1351,P1252,6,4,P1351,games-tally
2009-s1-B-GF-1-2,2009-s1,B,2009-s1-B-GF,P1230,P1278,6,4,P1230,games-tally
2009-s1-B-GF-1-4,2009-s1,B,2009-s1-B-GF,P1230,P0431,9,1,P1230,games-tally
2009-s1-B-GF-1-5,2009-s1,B,2009-s1-B-GF,P1230,P1252,6,4,P1230,games-tally
2009-s1-B-GF-1-6,2009-s1,B,2009-s1-B-GF,P1230,P0718,10,0,P1230,games-tally
2009-s1-B-GF-2-4,2009-s1,B,2009-s1-B-GF,P1278,P0431,9,1,P1278,games-tally
2009-s1-B-GF-2-5,2009-s1,B,2009-s1-B-GF,P1278,P1252,7,3,P1278,games-tally
2009-s1-B-GF-3-4,2009-s1,B,2009-s1-B-GF,P1331,P0431,0,10,P0431,games-tally
2009-s1-B-GF-4-5,2009-s1,B,2009-s1-B-GF,P0431,P1252,6,4,P0431,games-tally
2009-s1-B-GF-4-6,2009-s1,B,2009-s1-B-GF,P0431,P0718,10,0,P0431,games-tally
2009-s2-A-GA-0-1,2009-s2,A,2009-s2-A-GA,P0748,P1388,3,7,P1388,games-tally
2009-s2-A-GA-0-2,2009-s2,A,2009-s2-A-GA,P0748,P1258,6,4,P0748,games-tally
2009-s2-A-GA-0-3,2009-s2,A,2009-s2-A-GA,P0748,P1381,8,2,P0748,games-tally
2009-s2-A-GA-0-4,2009-s2,A,2009-s2-A-GA,P0748,P1261,7,3,P0748,games-tally
2009-s2-A-GA-0-5,2009-s2,A,2009-s2-A-GA,P0748,P1074,5,5,,games-tally
2009-s2-A-GA-0-6,2009-s2,A,2009-s2-A-GA,P0748,P0140,4,6,P0140,games-tally
2009-s2-A-GA-1-2,2009-s2,A,2009-s2-A-GA,P1388,P1258,6,4,P1388,games-tally
2009-s2-A-GA-1-3,2009-s2,A,2009-s2-A-GA,P1388,P1381,4,6,P1381,games-tally
2009-s2-A-GA-2-3,2009-s2,A,2009-s2-A-GA,P1258,P1381,6,4,P1258,games-tally
2009-s2-A-GA-2-5,2009-s2,A,2009-s2-A-GA,P1258,P1074,2,8,P1074,games-tally
2009-s2-A-GA-3-4,2009-s2,A,2009-s2-A-GA,P1381,P1261,4,6,P1261,games-tally
2009-s2-A-GA-3-5,2009-s2,A,2009-s2-A-GA,P1381,P1074,10,0,P1381,games-tally
2009-s2-A-GA-3-6,2009-s2,A,2009-s2-A-GA,P1381,P0140,4,6,P0140,games-tally
2009-s2-A-GB-0-2,2009-s2,A,2009-s2-A-GB,P1176,P1223,4,6,P1223,games-tally
2009-s2-A-GB-0-3,2009-s2,A,2009-s2-A-GB,P1176,P0984,3,7,P0984,games-tally
2009-s2-A-GB-0-4,2009-s2,A,2009-s2-A-GB,P1176,P0962,2,8,P0962,games-tally
2009-s2-A-GB-0-5,2009-s2,A,2009-s2-A-GB,P1176,P1127,7,3,P1176,games-tally
2009-s2-A-GB-1-2,2009-s2,A,2009-s2-A-GB,P0969,P1223,0,10,P1223,games-tally
2009-s2-A-GB-1-3,2009-s2,A,2009-s2-A-GB,P0969,P0984,2,8,P0984,games-tally
2009-s2-A-GB-1-4,2009-s2,A,2009-s2-A-GB,P0969,P0962,4,6,P0962,games-tally
2009-s2-A-GB-1-6,2009-s2,A,2009-s2-A-GB,P0969,P0255,6,4,P0969,games-tally
2009-s2-A-GB-2-3,2009-s2,A,2009-s2-A-GB,P1223,P0984,6,4,P1223,games-tally
2009-s2-A-GB-2-4,2009-s2,A,2009-s2-A-GB,P1223,P0962,4,6,P0962,games-tally
2009-s2-A-GB-2-6,2009-s2,A,2009-s2-A-GB,P1223,P0255,10,0,P1223,games-tally
2009-s2-A-GB-3-4,2009-s2,A,2009-s2-A-GB,P0984,P0962,6,4,P0984,games-tally
2009-s2-A-GB-3-5,2009-s2,A,2009-s2-A-GB,P0984,P1127,8,2,P0984,games-tally
2009-s2-A-GB-3-6,2009-s2,A,2009-s2-A-GB,P0984,P0255,6,4,P0984,games-tally
2009-s2-A-GB-4-5,2009-s2,A,2009-s2-A-GB,P0962,P1127,6,4,P0962,games-tally
2009-s2-A-GB-4-6,2009-s2,A,2009-s2-A-GB,P0962,P0255,4,6,P0255,games-tally
2009-s2-A-GB-5-6,2009-s2,A,2009-s2-A-GB,P1127,P0255,4,6,P0255,games-tally
2009-s2-A-GC-0-1,2009-s2,A,2009-s2-A-GC,P1380,P0558,9,1,P1380,games-tally
2009-s2-A-GC-0-2,2009-s2,A,2009-s2-A-GC,P1380,P0858,4,6,P0858,games-tally
2009-s2-A-GC-0-3,2009-s2,A,2009-s2-A-GC,P1380,P0707,6,4,P1380,games-tally
2009-s2-A-GC-0-4,2009-s2,A,2009-s2-A-GC,P1380,P1266,7,3,P1380,games-tally
2009-s2-A-GC-0-5,2009-s2,A,2009-s2-A-GC,P1380,P1075,10,0,P1380,games-tally
2009-s2-A-GC-0-6,2009-s2,A,2009-s2-A-GC,P1380,P1358,6,4,P1380,games-tally
2009-s2-A-GC-1-2,2009-s2,A,2009-s2-A-GC,P0558,P0858,0,10,P0858,games-tally
2009-s2-A-GC-1-3,2009-s2,A,2009-s2-A-GC,P0558,P0707,1,9,P0707,games-tally
2009-s2-A-GC-1-4,2009-s2,A,2009-s2-A-GC,P0558,P1266,4,6,P1266,games-tally
2009-s2-A-GC-1-5,2009-s2,A,2009-s2-A-GC,P0558,P1075,10,0,P0558,games-tally
2009-s2-A-GC-1-6,2009-s2,A,2009-s2-A-GC,P0558,P1358,8,2,P0558,games-tally
2009-s2-A-GC-2-3,2009-s2,A,2009-s2-A-GC,P0858,P0707,3,7,P0707,games-tally
2009-s2-A-GC-2-4,2009-s2,A,2009-s2-A-GC,P0858,P1266,6,4,P0858,games-tally
2009-s2-A-GC-2-5,2009-s2,A,2009-s2-A-GC,P0858,P1075,8,2,P0858,games-tally
2009-s2-A-GC-3-4,2009-s2,A,2009-s2-A-GC,P0707,P1266,6,4,P0707,games-tally
2009-s2-A-GC-3-5,2009-s2,A,2009-s2-A-GC,P0707,P1075,10,0,P0707,games-tally
2009-s2-A-GC-3-6,2009-s2,A,2009-s2-A-GC,P0707,P1358,6,4,P0707,games-tally
2009-s2-A-GC-4-5,2009-s2,A,2009-s2-A-GC,P1266,P1075,10,0,P1266,games-tally
2009-s2-A-GC-4-6,2009-s2,A,2009-s2-A-GC,P1266,P1358,10,0,P1266,games-tally
2009-s2-A-GC-5-6,2009-s2,A,2009-s2-A-GC,P1075,P1358,6,4,P1075,games-tally
2009-s2-A-GD-0-1,2009-s2,A,2009-s2-A-GD,P1237,P1312,0,10,P1312,games-tally
2009-s2-A-GD-0-2,2009-s2,A,2009-s2-A-GD,P1237,P1326,6,4,P1237,games-tally
2009-s2-A-GD-0-3,2009-s2,A,2009-s2-A-GD,P1237,P0196,4,6,P0196,games-tally
2009-s2-A-GD-0-5,2009-s2,A,2009-s2-A-GD,P1237,P1063,1,9,P1063,games-tally
2009-s2-A-GD-0-6,2009-s2,A,2009-s2-A-GD,P1237,P1390,3,7,P1390,games-tally
2009-s2-A-GD-1-2,2009-s2,A,2009-s2-A-GD,P1312,P1326,8,2,P1312,games-tally
2009-s2-A-GD-1-3,2009-s2,A,2009-s2-A-GD,P1312,P0196,6,4,P1312,games-tally
2009-s2-A-GD-1-4,2009-s2,A,2009-s2-A-GD,P1312,P1255,4,6,P1255,games-tally
2009-s2-A-GD-1-5,2009-s2,A,2009-s2-A-GD,P1312,P1063,8,2,P1312,games-tally
2009-s2-A-GD-1-6,2009-s2,A,2009-s2-A-GD,P1312,P1390,7,3,P1312,games-tally
2009-s2-A-GD-2-3,2009-s2,A,2009-s2-A-GD,P1326,P0196,5,5,,games-tally
2009-s2-A-GD-2-4,2009-s2,A,2009-s2-A-GD,P1326,P1255,4,6,P1255,games-tally
2009-s2-A-GD-2-5,2009-s2,A,2009-s2-A-GD,P1326,P1063,7,3,P1326,games-tally
2009-s2-A-GD-2-6,2009-s2,A,2009-s2-A-GD,P1326,P1390,7,3,P1326,games-tally
2009-s2-A-GD-3-4,2009-s2,A,2009-s2-A-GD,P0196,P1255,7,3,P0196,games-tally
2009-s2-A-GD-3-5,2009-s2,A,2009-s2-A-GD,P0196,P1063,8,2,P0196,games-tally
2009-s2-A-GD-3-6,2009-s2,A,2009-s2-A-GD,P0196,P1390,5,5,,games-tally
2009-s2-A-GD-4-5,2009-s2,A,2009-s2-A-GD,P1255,P1063,6,4,P1255,games-tally
2009-s2-A-GD-4-6,2009-s2,A,2009-s2-A-GD,P1255,P1390,3,7,P1390,games-tally
2009-s2-A-GD-5-6,2009-s2,A,2009-s2-A-GD,P1063,P1390,1,9,P1390,games-tally
2009-s2-A-GE-0-1,2009-s2,A,2009-s2-A-GE,P1304,P1093,4,6,P1093,games-tally
2009-s2-A-GE-0-3,2009-s2,A,2009-s2-A-GE,P1304,P0950,7,3,P1304,games-tally
2009-s2-A-GE-0-4,2009-s2,A,2009-s2-A-GE,P1304,P1172,7,3,P1304,games-tally
2009-s2-A-GE-0-5,2009-s2,A,2009-s2-A-GE,P1304,P1293,7,3,P1304,games-tally
2009-s2-A-GE-0-6,2009-s2,A,2009-s2-A-GE,P1304,P1179,5,5,,games-tally
2009-s2-A-GE-1-2,2009-s2,A,2009-s2-A-GE,P1093,P1192,7,3,P1093,games-tally
2009-s2-A-GE-1-3,2009-s2,A,2009-s2-A-GE,P1093,P0950,3,7,P0950,games-tally
2009-s2-A-GE-1-4,2009-s2,A,2009-s2-A-GE,P1093,P1172,5,5,,games-tally
2009-s2-A-GE-1-5,2009-s2,A,2009-s2-A-GE,P1093,P1293,0,10,P1293,games-tally
2009-s2-A-GE-1-6,2009-s2,A,2009-s2-A-GE,P1093,P1179,6,4,P1093,games-tally
2009-s2-A-GE-2-3,2009-s2,A,2009-s2-A-GE,P1192,P0950,6,4,P1192,games-tally
2009-s2-A-GE-2-4,2009-s2,A,2009-s2-A-GE,P1192,P1172,10,0,P1192,games-tally
2009-s2-A-GE-2-5,2009-s2,A,2009-s2-A-GE,P1192,P1293,4,6,P1293,games-tally
2009-s2-A-GE-2-6,2009-s2,A,2009-s2-A-GE,P1192,P1179,5,5,,games-tally
2009-s2-A-GE-3-4,2009-s2,A,2009-s2-A-GE,P0950,P1172,6,4,P0950,games-tally
2009-s2-A-GE-3-5,2009-s2,A,2009-s2-A-GE,P0950,P1293,4,6,P1293,games-tally
2009-s2-A-GE-3-6,2009-s2,A,2009-s2-A-GE,P0950,P1179,6,4,P0950,games-tally
2009-s2-A-GE-4-5,2009-s2,A,2009-s2-A-GE,P1172,P1293,4,6,P1293,games-tally
2009-s2-A-GE-4-6,2009-s2,A,2009-s2-A-GE,P1172,P1179,5,5,,games-tally
2009-s2-A-GE-5-6,2009-s2,A,2009-s2-A-GE,P1293,P1179,5,5,,games-tally
2009-s2-A-GF-0-1,2009-s2,A,2009-s2-A-GF,P0366,P1206,4,6,P1206,games-tally
2009-s2-A-GF-0-2,2009-s2,A,2009-s2-A-GF,P0366,P1167,8,2,P0366,games-tally
2009-s2-A-GF-0-3,2009-s2,A,2009-s2-A-GF,P0366,P1340,6,4,P0366,games-tally
2009-s2-A-GF-0-4,2009-s2,A,2009-s2-A-GF,P0366,P1354,5,5,,games-tally
2009-s2-A-GF-0-5,2009-s2,A,2009-s2-A-GF,P0366,P1296,4,6,P1296,games-tally
2009-s2-A-GF-0-6,2009-s2,A,2009-s2-A-GF,P0366,P1279,8,2,P0366,games-tally
2009-s2-A-GF-1-3,2009-s2,A,2009-s2-A-GF,P1206,P1340,3,7,P1340,games-tally
2009-s2-A-GF-1-5,2009-s2,A,2009-s2-A-GF,P1206,P1296,3,7,P1296,games-tally
2009-s2-A-GF-1-6,2009-s2,A,2009-s2-A-GF,P1206,P1279,3,7,P1279,games-tally
2009-s2-A-GF-2-3,2009-s2,A,2009-s2-A-GF,P1167,P1340,0,10,P1340,games-tally
2009-s2-A-GF-2-5,2009-s2,A,2009-s2-A-GF,P1167,P1296,2,8,P1296,games-tally
2009-s2-A-GF-2-6,2009-s2,A,2009-s2-A-GF,P1167,P1279,2,8,P1279,games-tally
2009-s2-A-GF-3-4,2009-s2,A,2009-s2-A-GF,P1340,P1354,5,5,,games-tally
2009-s2-A-GF-3-5,2009-s2,A,2009-s2-A-GF,P1340,P1296,6,4,P1340,games-tally
2009-s2-A-GF-3-6,2009-s2,A,2009-s2-A-GF,P1340,P1279,2,8,P1279,games-tally
2009-s2-A-GF-4-5,2009-s2,A,2009-s2-A-GF,P1354,P1296,6,4,P1354,games-tally
2009-s2-A-GF-4-6,2009-s2,A,2009-s2-A-GF,P1354,P1279,4,6,P1279,games-tally
2009-s2-A-GF-5-6,2009-s2,A,2009-s2-A-GF,P1296,P1279,9,1,P1296,games-tally
2009-s2-A-GG-0-1,2009-s2,A,2009-s2-A-GG,P1376,P1088,4,6,P1088,games-tally
2009-s2-A-GG-0-3,2009-s2,A,2009-s2-A-GG,P1376,P1215,4,6,P1215,games-tally
2009-s2-A-GG-0-4,2009-s2,A,2009-s2-A-GG,P1376,P0764,2,8,P0764,games-tally
2009-s2-A-GG-0-5,2009-s2,A,2009-s2-A-GG,P1376,P1318,4,6,P1318,games-tally
2009-s2-A-GG-0-6,2009-s2,A,2009-s2-A-GG,P1376,P1289,6,4,P1376,games-tally
2009-s2-A-GG-1-2,2009-s2,A,2009-s2-A-GG,P1088,P1231,6,4,P1088,games-tally
2009-s2-A-GG-1-3,2009-s2,A,2009-s2-A-GG,P1088,P1215,6,4,P1088,games-tally
2009-s2-A-GG-1-4,2009-s2,A,2009-s2-A-GG,P1088,P0764,8,2,P1088,games-tally
2009-s2-A-GG-1-5,2009-s2,A,2009-s2-A-GG,P1088,P1318,2,8,P1318,games-tally
2009-s2-A-GG-1-6,2009-s2,A,2009-s2-A-GG,P1088,P1289,4,6,P1289,games-tally
2009-s2-A-GG-2-3,2009-s2,A,2009-s2-A-GG,P1231,P1215,10,0,P1231,games-tally
2009-s2-A-GG-2-4,2009-s2,A,2009-s2-A-GG,P1231,P0764,7,3,P1231,games-tally
2009-s2-A-GG-2-5,2009-s2,A,2009-s2-A-GG,P1231,P1318,2,8,P1318,games-tally
2009-s2-A-GG-2-6,2009-s2,A,2009-s2-A-GG,P1231,P1289,6,4,P1231,games-tally
2009-s2-A-GG-3-4,2009-s2,A,2009-s2-A-GG,P1215,P0764,4,6,P0764,games-tally
2009-s2-A-GG-3-5,2009-s2,A,2009-s2-A-GG,P1215,P1318,0,10,P1318,games-tally
2009-s2-A-GG-3-6,2009-s2,A,2009-s2-A-GG,P1215,P1289,2,8,P1289,games-tally
2009-s2-A-GG-4-5,2009-s2,A,2009-s2-A-GG,P0764,P1318,6,4,P0764,games-tally
2009-s2-A-GG-4-6,2009-s2,A,2009-s2-A-GG,P0764,P1289,7,3,P0764,games-tally
2009-s2-A-GG-5-6,2009-s2,A,2009-s2-A-GG,P1318,P1289,9,1,P1318,games-tally
2009-s2-A-GH-0-1,2009-s2,A,2009-s2-A-GH,P1384,P0512,4,6,P0512,games-tally
2009-s2-A-GH-0-2,2009-s2,A,2009-s2-A-GH,P1384,P0951,5,5,,games-tally
2009-s2-A-GH-0-3,2009-s2,A,2009-s2-A-GH,P1384,P1368,4,6,P1368,games-tally
2009-s2-A-GH-0-4,2009-s2,A,2009-s2-A-GH,P1384,P1232,3,7,P1232,games-tally
2009-s2-A-GH-0-5,2009-s2,A,2009-s2-A-GH,P1384,P1199,5,5,,games-tally
2009-s2-A-GH-0-6,2009-s2,A,2009-s2-A-GH,P1384,P1038,8,2,P1384,games-tally
2009-s2-A-GH-1-2,2009-s2,A,2009-s2-A-GH,P0512,P0951,8,2,P0512,games-tally
2009-s2-A-GH-1-3,2009-s2,A,2009-s2-A-GH,P0512,P1368,4,6,P1368,games-tally
2009-s2-A-GH-1-4,2009-s2,A,2009-s2-A-GH,P0512,P1232,6,4,P0512,games-tally
2009-s2-A-GH-1-5,2009-s2,A,2009-s2-A-GH,P0512,P1199,5,5,,games-tally
2009-s2-A-GH-2-3,2009-s2,A,2009-s2-A-GH,P0951,P1368,3,7,P1368,games-tally
2009-s2-A-GH-2-4,2009-s2,A,2009-s2-A-GH,P0951,P1232,3,7,P1232,games-tally
2009-s2-A-GH-2-5,2009-s2,A,2009-s2-A-GH,P0951,P1199,1,9,P1199,games-tally
2009-s2-A-GH-2-6,2009-s2,A,2009-s2-A-GH,P0951,P1038,7,3,P0951,games-tally
2009-s2-A-GH-3-4,2009-s2,A,2009-s2-A-GH,P1368,P1232,4,6,P1232,games-tally
2009-s2-A-GH-3-6,2009-s2,A,2009-s2-A-GH,P1368,P1038,10,0,P1368,games-tally
2009-s2-A-GH-4-5,2009-s2,A,2009-s2-A-GH,P1232,P1199,7,3,P1232,games-tally
2009-s2-A-GH-4-6,2009-s2,A,2009-s2-A-GH,P1232,P1038,5,5,,games-tally
2009-s2-B-GA-0-1,2009-s2,B,2009-s2-B-GA,P0772,P1197,3,7,P1197,games-tally
2009-s2-B-GA-0-2,2009-s2,B,2009-s2-B-GA,P0772,P1032,4,6,P1032,games-tally
2009-s2-B-GA-0-3,2009-s2,B,2009-s2-B-GA,P0772,P1147,4,6,P1147,games-tally
2009-s2-B-GA-0-4,2009-s2,B,2009-s2-B-GA,P0772,P1355,3,7,P1355,games-tally
2009-s2-B-GA-0-5,2009-s2,B,2009-s2-B-GA,P0772,P1204,8,2,P0772,games-tally
2009-s2-B-GA-0-6,2009-s2,B,2009-s2-B-GA,P0772,P1273,7,3,P0772,games-tally
2009-s2-B-GA-1-2,2009-s2,B,2009-s2-B-GA,P1197,P1032,6,4,P1197,games-tally
2009-s2-B-GA-1-3,2009-s2,B,2009-s2-B-GA,P1197,P1147,6,4,P1197,games-tally
2009-s2-B-GA-1-4,2009-s2,B,2009-s2-B-GA,P1197,P1355,5,5,,games-tally
2009-s2-B-GA-1-5,2009-s2,B,2009-s2-B-GA,P1197,P1204,1,9,P1204,games-tally
2009-s2-B-GA-1-6,2009-s2,B,2009-s2-B-GA,P1197,P1273,6,4,P1197,games-tally
2009-s2-B-GA-2-3,2009-s2,B,2009-s2-B-GA,P1032,P1147,2,8,P1147,games-tally
2009-s2-B-GA-2-4,2009-s2,B,2009-s2-B-GA,P1032,P1355,2,8,P1355,games-tally
2009-s2-B-GA-2-5,2009-s2,B,2009-s2-B-GA,P1032,P1204,7,3,P1032,games-tally
2009-s2-B-GA-2-6,2009-s2,B,2009-s2-B-GA,P1032,P1273,0,10,P1273,games-tally
2009-s2-B-GA-3-4,2009-s2,B,2009-s2-B-GA,P1147,P1355,6,4,P1147,games-tally
2009-s2-B-GA-3-5,2009-s2,B,2009-s2-B-GA,P1147,P1204,7,3,P1147,games-tally
2009-s2-B-GA-3-6,2009-s2,B,2009-s2-B-GA,P1147,P1273,3,7,P1273,games-tally
2009-s2-B-GA-4-5,2009-s2,B,2009-s2-B-GA,P1355,P1204,10,0,P1355,games-tally
2009-s2-B-GA-4-6,2009-s2,B,2009-s2-B-GA,P1355,P1273,8,2,P1355,games-tally
2009-s2-B-GA-5-6,2009-s2,B,2009-s2-B-GA,P1204,P1273,0,10,P1273,games-tally
2009-s2-B-GB-0-1,2009-s2,B,2009-s2-B-GB,P1300,P1305,8,2,P1300,games-tally
2009-s2-B-GB-0-2,2009-s2,B,2009-s2-B-GB,P1300,P0907,8,2,P1300,games-tally
2009-s2-B-GB-0-3,2009-s2,B,2009-s2-B-GB,P1300,P1224,8,2,P1300,games-tally
2009-s2-B-GB-0-4,2009-s2,B,2009-s2-B-GB,P1300,P1220,6,4,P1300,games-tally
2009-s2-B-GB-0-5,2009-s2,B,2009-s2-B-GB,P1300,P1229,9,1,P1300,games-tally
2009-s2-B-GB-0-6,2009-s2,B,2009-s2-B-GB,P1300,P1346,8,2,P1300,games-tally
2009-s2-B-GB-1-3,2009-s2,B,2009-s2-B-GB,P1305,P1224,6,4,P1305,games-tally
2009-s2-B-GB-1-4,2009-s2,B,2009-s2-B-GB,P1305,P1220,7,3,P1305,games-tally
2009-s2-B-GB-1-5,2009-s2,B,2009-s2-B-GB,P1305,P1229,3,7,P1229,games-tally
2009-s2-B-GB-1-6,2009-s2,B,2009-s2-B-GB,P1305,P1346,4,6,P1346,games-tally
2009-s2-B-GB-2-4,2009-s2,B,2009-s2-B-GB,P0907,P1220,6,4,P0907,games-tally
2009-s2-B-GB-2-5,2009-s2,B,2009-s2-B-GB,P0907,P1229,1,9,P1229,games-tally
2009-s2-B-GB-2-6,2009-s2,B,2009-s2-B-GB,P0907,P1346,6,4,P0907,games-tally
2009-s2-B-GB-3-4,2009-s2,B,2009-s2-B-GB,P1224,P1220,2,8,P1220,games-tally
2009-s2-B-GB-3-5,2009-s2,B,2009-s2-B-GB,P1224,P1229,3,7,P1229,games-tally
2009-s2-B-GB-4-5,2009-s2,B,2009-s2-B-GB,P1220,P1229,2,8,P1229,games-tally
2009-s2-B-GB-4-6,2009-s2,B,2009-s2-B-GB,P1220,P1346,4,6,P1346,games-tally
2009-s2-B-GB-5-6,2009-s2,B,2009-s2-B-GB,P1229,P1346,4,6,P1346,games-tally
2009-s2-B-GC-0-1,2009-s2,B,2009-s2-B-GC,P1247,P1322,3,7,P1322,games-tally
2009-s2-B-GC-0-2,2009-s2,B,2009-s2-B-GC,P1247,P1217,7,3,P1247,games-tally
2009-s2-B-GC-0-3,2009-s2,B,2009-s2-B-GC,P1247,P1287,3,7,P1287,games-tally
2009-s2-B-GC-0-4,2009-s2,B,2009-s2-B-GC,P1247,P0431,4,6,P0431,games-tally
2009-s2-B-GC-0-5,2009-s2,B,2009-s2-B-GC,P1247,P1333,6,4,P1247,games-tally
2009-s2-B-GC-0-6,2009-s2,B,2009-s2-B-GC,P1247,P1378,10,0,P1247,games-tally
2009-s2-B-GC-1-3,2009-s2,B,2009-s2-B-GC,P1322,P1287,9,1,P1322,games-tally
2009-s2-B-GC-1-4,2009-s2,B,2009-s2-B-GC,P1322,P0431,7,3,P1322,games-tally
2009-s2-B-GC-1-5,2009-s2,B,2009-s2-B-GC,P1322,P1333,8,2,P1322,games-tally
2009-s2-B-GC-1-6,2009-s2,B,2009-s2-B-GC,P1322,P1378,10,0,P1322,games-tally
2009-s2-B-GC-2-3,2009-s2,B,2009-s2-B-GC,P1217,P1287,5,5,,games-tally
2009-s2-B-GC-2-4,2009-s2,B,2009-s2-B-GC,P1217,P0431,7,3,P1217,games-tally
2009-s2-B-GC-2-5,2009-s2,B,2009-s2-B-GC,P1217,P1333,6,4,P1217,games-tally
2009-s2-B-GC-2-6,2009-s2,B,2009-s2-B-GC,P1217,P1378,10,0,P1217,games-tally
2009-s2-B-GC-3-4,2009-s2,B,2009-s2-B-GC,P1287,P0431,6,4,P1287,games-tally
2009-s2-B-GC-3-5,2009-s2,B,2009-s2-B-GC,P1287,P1333,7,3,P1287,games-tally
2009-s2-B-GC-3-6,2009-s2,B,2009-s2-B-GC,P1287,P1378,10,0,P1287,games-tally
2009-s2-B-GC-4-5,2009-s2,B,2009-s2-B-GC,P0431,P1333,5,5,,games-tally
2009-s2-B-GC-4-6,2009-s2,B,2009-s2-B-GC,P0431,P1378,10,0,P0431,games-tally
2009-s2-B-GC-5-6,2009-s2,B,2009-s2-B-GC,P1333,P1378,10,0,P1333,games-tally
2009-s2-B-GD-0-1,2009-s2,B,2009-s2-B-GD,P1295,P1282,4,6,P1282,games-tally
2009-s2-B-GD-0-2,2009-s2,B,2009-s2-B-GD,P1295,P1347,0,10,P1347,games-tally
2009-s2-B-GD-0-3,2009-s2,B,2009-s2-B-GD,P1295,P0870,0,10,P0870,games-tally
2009-s2-B-GD-0-4,2009-s2,B,2009-s2-B-GD,P1295,P1242,0,10,P1242,games-tally
2009-s2-B-GD-0-5,2009-s2,B,2009-s2-B-GD,P1295,P1320,0,10,P1320,games-tally
2009-s2-B-GD-0-6,2009-s2,B,2009-s2-B-GD,P1295,P1364,0,10,P1364,games-tally
2009-s2-B-GD-1-2,2009-s2,B,2009-s2-B-GD,P1282,P1347,4,6,P1347,games-tally
2009-s2-B-GD-1-3,2009-s2,B,2009-s2-B-GD,P1282,P0870,4,6,P0870,games-tally
2009-s2-B-GD-1-4,2009-s2,B,2009-s2-B-GD,P1282,P1242,6,4,P1282,games-tally
2009-s2-B-GD-1-5,2009-s2,B,2009-s2-B-GD,P1282,P1320,7,3,P1282,games-tally
2009-s2-B-GD-1-6,2009-s2,B,2009-s2-B-GD,P1282,P1364,7,3,P1282,games-tally
2009-s2-B-GD-2-3,2009-s2,B,2009-s2-B-GD,P1347,P0870,4,6,P0870,games-tally
2009-s2-B-GD-2-4,2009-s2,B,2009-s2-B-GD,P1347,P1242,4,6,P1242,games-tally
2009-s2-B-GD-2-5,2009-s2,B,2009-s2-B-GD,P1347,P1320,6,4,P1347,games-tally
2009-s2-B-GD-2-6,2009-s2,B,2009-s2-B-GD,P1347,P1364,8,2,P1347,games-tally
2009-s2-B-GD-3-4,2009-s2,B,2009-s2-B-GD,P0870,P1242,5,5,,games-tally
2009-s2-B-GD-3-5,2009-s2,B,2009-s2-B-GD,P0870,P1320,6,4,P0870,games-tally
2009-s2-B-GD-3-6,2009-s2,B,2009-s2-B-GD,P0870,P1364,6,4,P0870,games-tally
2009-s2-B-GD-4-5,2009-s2,B,2009-s2-B-GD,P1242,P1320,4,6,P1320,games-tally
2009-s2-B-GD-4-6,2009-s2,B,2009-s2-B-GD,P1242,P1364,5,5,,games-tally
2009-s2-B-GD-5-6,2009-s2,B,2009-s2-B-GD,P1320,P1364,8,2,P1320,games-tally
2009-s2-B-GE-0-1,2009-s2,B,2009-s2-B-GE,P1280,P1372,4,6,P1372,games-tally
2009-s2-B-GE-0-2,2009-s2,B,2009-s2-B-GE,P1280,P1344,2,8,P1344,games-tally
2009-s2-B-GE-0-3,2009-s2,B,2009-s2-B-GE,P1280,P1310,4,6,P1310,games-tally
2009-s2-B-GE-0-4,2009-s2,B,2009-s2-B-GE,P1280,P1187,0,10,P1187,games-tally
2009-s2-B-GE-0-5,2009-s2,B,2009-s2-B-GE,P1280,P1265,4,6,P1265,games-tally
2009-s2-B-GE-0-6,2009-s2,B,2009-s2-B-GE,P1280,P1209,4,6,P1209,games-tally
2009-s2-B-GE-1-2,2009-s2,B,2009-s2-B-GE,P1372,P1344,5,5,,games-tally
2009-s2-B-GE-1-3,2009-s2,B,2009-s2-B-GE,P1372,P1310,6,4,P1372,games-tally
2009-s2-B-GE-1-4,2009-s2,B,2009-s2-B-GE,P1372,P1187,5,5,,games-tally
2009-s2-B-GE-1-5,2009-s2,B,2009-s2-B-GE,P1372,P1265,5,5,,games-tally
2009-s2-B-GE-1-6,2009-s2,B,2009-s2-B-GE,P1372,P1209,4,6,P1209,games-tally
2009-s2-B-GE-2-3,2009-s2,B,2009-s2-B-GE,P1344,P1310,6,4,P1344,games-tally
2009-s2-B-GE-2-4,2009-s2,B,2009-s2-B-GE,P1344,P1187,6,4,P1344,games-tally
2009-s2-B-GE-2-5,2009-s2,B,2009-s2-B-GE,P1344,P1265,2,8,P1265,games-tally
2009-s2-B-GE-2-6,2009-s2,B,2009-s2-B-GE,P1344,P1209,9,1,P1344,games-tally
2009-s2-B-GE-3-4,2009-s2,B,2009-s2-B-GE,P1310,P1187,0,10,P1187,games-tally
2009-s2-B-GE-3-5,2009-s2,B,2009-s2-B-GE,P1310,P1265,5,5,,games-tally
2009-s2-B-GE-3-6,2009-s2,B,2009-s2-B-GE,P1310,P1209,5,5,,games-tally
2009-s2-B-GE-4-5,2009-s2,B,2009-s2-B-GE,P1187,P1265,5,5,,games-tally
2009-s2-B-GE-4-6,2009-s2,B,2009-s2-B-GE,P1187,P1209,8,2,P1187,games-tally
2009-s2-B-GE-5-6,2009-s2,B,2009-s2-B-GE,P1265,P1209,8,2,P1265,games-tally
2009-s2-B-GF-0-2,2009-s2,B,2009-s2-B-GF,P0820,P1370,5,5,,games-tally
2009-s2-B-GF-0-3,2009-s2,B,2009-s2-B-GF,P0820,P1288,10,0,P0820,games-tally
2009-s2-B-GF-0-4,2009-s2,B,2009-s2-B-GF,P0820,P1373,0,10,P1373,games-tally
2009-s2-B-GF-0-5,2009-s2,B,2009-s2-B-GF,P0820,P1306,4,6,P1306,games-tally
2009-s2-B-GF-0-6,2009-s2,B,2009-s2-B-GF,P0820,P1130,8,2,P0820,games-tally
2009-s2-B-GF-1-3,2009-s2,B,2009-s2-B-GF,P0217,P1288,7,3,P0217,games-tally
2009-s2-B-GF-1-4,2009-s2,B,2009-s2-B-GF,P0217,P1373,7,3,P0217,games-tally
2009-s2-B-GF-1-5,2009-s2,B,2009-s2-B-GF,P0217,P1306,6,4,P0217,games-tally
2009-s2-B-GF-1-6,2009-s2,B,2009-s2-B-GF,P0217,P1130,4,6,P1130,games-tally
2009-s2-B-GF-2-3,2009-s2,B,2009-s2-B-GF,P1370,P1288,0,10,P1288,games-tally
2009-s2-B-GF-2-4,2009-s2,B,2009-s2-B-GF,P1370,P1373,0,10,P1373,games-tally
2009-s2-B-GF-2-5,2009-s2,B,2009-s2-B-GF,P1370,P1306,2,8,P1306,games-tally
2009-s2-B-GF-2-6,2009-s2,B,2009-s2-B-GF,P1370,P1130,4,6,P1130,games-tally
2009-s2-B-GF-3-4,2009-s2,B,2009-s2-B-GF,P1288,P1373,4,6,P1373,games-tally
2009-s2-B-GF-3-5,2009-s2,B,2009-s2-B-GF,P1288,P1306,6,4,P1288,games-tally
2009-s2-B-GF-3-6,2009-s2,B,2009-s2-B-GF,P1288,P1130,7,3,P1288,games-tally
2009-s2-B-GF-4-5,2009-s2,B,2009-s2-B-GF,P1373,P1306,7,3,P1373,games-tally
2009-s2-B-GF-4-6,2009-s2,B,2009-s2-B-GF,P1373,P1130,6,4,P1373,games-tally
2009-s2-B-GF-5-6,2009-s2,B,2009-s2-B-GF,P1306,P1130,2,8,P1130,games-tally
2009-s3-A-GA-0-1,2009-s3,A,2009-s3-A-GA,P1103,P0748,6,4,P1103,games-tally
2009-s3-A-GA-0-2,2009-s3,A,2009-s3-A-GA,P1103,P1300,1,9,P1300,games-tally
2009-s3-A-GA-0-3,2009-s3,A,2009-s3-A-GA,P1103,P1096,7,3,P1103,games-tally
2009-s3-A-GA-0-4,2009-s3,A,2009-s3-A-GA,P1103,P0558,8,2,P1103,games-tally
2009-s3-A-GA-0-5,2009-s3,A,2009-s3-A-GA,P1103,P1095,7,3,P1103,games-tally
2009-s3-A-GA-1-2,2009-s3,A,2009-s3-A-GA,P0748,P1300,4,6,P1300,games-tally
2009-s3-A-GA-1-3,2009-s3,A,2009-s3-A-GA,P0748,P1096,6,4,P0748,games-tally
2009-s3-A-GA-1-4,2009-s3,A,2009-s3-A-GA,P0748,P0558,8,2,P0748,games-tally
2009-s3-A-GA-1-5,2009-s3,A,2009-s3-A-GA,P0748,P1095,6,4,P0748,games-tally
2009-s3-A-GA-1-6,2009-s3,A,2009-s3-A-GA,P0748,P1304,4,6,P1304,games-tally
2009-s3-A-GA-2-3,2009-s3,A,2009-s3-A-GA,P1300,P1096,7,3,P1300,games-tally
2009-s3-A-GA-2-4,2009-s3,A,2009-s3-A-GA,P1300,P0558,3,7,P0558,games-tally
2009-s3-A-GA-2-6,2009-s3,A,2009-s3-A-GA,P1300,P1304,3,7,P1304,games-tally
2009-s3-A-GA-3-4,2009-s3,A,2009-s3-A-GA,P1096,P0558,4,6,P0558,games-tally
2009-s3-A-GA-4-5,2009-s3,A,2009-s3-A-GA,P0558,P1095,3,7,P1095,games-tally
2009-s3-A-GA-4-6,2009-s3,A,2009-s3-A-GA,P0558,P1304,4,6,P1304,games-tally
2009-s3-A-GA-5-6,2009-s3,A,2009-s3-A-GA,P1095,P1304,3,7,P1304,games-tally
2009-s3-A-GB-0-1,2009-s3,A,2009-s3-A-GB,P1088,P1289,0,10,P1289,games-tally
2009-s3-A-GB-0-2,2009-s3,A,2009-s3-A-GB,P1088,P1243,6,4,P1088,games-tally
2009-s3-A-GB-0-3,2009-s3,A,2009-s3-A-GB,P1088,P0073,2,8,P0073,games-tally
2009-s3-A-GB-0-4,2009-s3,A,2009-s3-A-GB,P1088,P0658,3,7,P0658,games-tally
2009-s3-A-GB-0-5,2009-s3,A,2009-s3-A-GB,P1088,P0344,6,4,P1088,games-tally
2009-s3-A-GB-0-6,2009-s3,A,2009-s3-A-GB,P1088,P1176,4,6,P1176,games-tally
2009-s3-A-GB-1-3,2009-s3,A,2009-s3-A-GB,P1289,P0073,4,6,P0073,games-tally
2009-s3-A-GB-1-4,2009-s3,A,2009-s3-A-GB,P1289,P0658,6,4,P1289,games-tally
2009-s3-A-GB-1-5,2009-s3,A,2009-s3-A-GB,P1289,P0344,8,2,P1289,games-tally
2009-s3-A-GB-1-6,2009-s3,A,2009-s3-A-GB,P1289,P1176,6,4,P1289,games-tally
2009-s3-A-GB-2-3,2009-s3,A,2009-s3-A-GB,P1243,P0073,6,4,P1243,games-tally
2009-s3-A-GB-2-4,2009-s3,A,2009-s3-A-GB,P1243,P0658,0,10,P0658,games-tally
2009-s3-A-GB-2-5,2009-s3,A,2009-s3-A-GB,P1243,P0344,7,3,P1243,games-tally
2009-s3-A-GB-3-4,2009-s3,A,2009-s3-A-GB,P0073,P0658,6,4,P0073,games-tally
2009-s3-A-GB-3-5,2009-s3,A,2009-s3-A-GB,P0073,P0344,2,8,P0344,games-tally
2009-s3-A-GB-3-6,2009-s3,A,2009-s3-A-GB,P0073,P1176,8,2,P0073,games-tally
2009-s3-A-GB-4-5,2009-s3,A,2009-s3-A-GB,P0658,P0344,8,2,P0658,games-tally
2009-s3-A-GB-4-6,2009-s3,A,2009-s3-A-GB,P0658,P1176,6,4,P0658,games-tally
2009-s3-A-GC-0-1,2009-s3,A,2009-s3-A-GC,P1368,P1323,8,2,P1368,games-tally
2009-s3-A-GC-0-2,2009-s3,A,2009-s3-A-GC,P1368,P1345,6,4,P1368,games-tally
2009-s3-A-GC-0-3,2009-s3,A,2009-s3-A-GC,P1368,P1034,6,4,P1368,games-tally
2009-s3-A-GC-0-4,2009-s3,A,2009-s3-A-GC,P1368,P1291,10,0,P1368,games-tally
2009-s3-A-GC-0-5,2009-s3,A,2009-s3-A-GC,P1368,P0029,8,2,P1368,games-tally
2009-s3-A-GC-0-6,2009-s3,A,2009-s3-A-GC,P1368,P1373,5,5,,games-tally
2009-s3-A-GC-1-2,2009-s3,A,2009-s3-A-GC,P1323,P1345,6,4,P1323,games-tally
2009-s3-A-GC-1-4,2009-s3,A,2009-s3-A-GC,P1323,P1291,6,4,P1323,games-tally
2009-s3-A-GC-1-5,2009-s3,A,2009-s3-A-GC,P1323,P0029,4,6,P0029,games-tally
2009-s3-A-GC-2-3,2009-s3,A,2009-s3-A-GC,P1345,P1034,3,7,P1034,games-tally
2009-s3-A-GC-2-4,2009-s3,A,2009-s3-A-GC,P1345,P1291,4,6,P1291,games-tally
2009-s3-A-GC-2-5,2009-s3,A,2009-s3-A-GC,P1345,P0029,2,8,P0029,games-tally
2009-s3-A-GC-3-4,2009-s3,A,2009-s3-A-GC,P1034,P1291,10,0,P1034,games-tally
2009-s3-A-GC-3-5,2009-s3,A,2009-s3-A-GC,P1034,P0029,1,9,P0029,games-tally
2009-s3-A-GC-3-6,2009-s3,A,2009-s3-A-GC,P1034,P1373,10,0,P1034,games-tally
2009-s3-A-GC-4-5,2009-s3,A,2009-s3-A-GC,P1291,P0029,3,7,P0029,games-tally
2009-s3-A-GC-5-6,2009-s3,A,2009-s3-A-GC,P0029,P1373,10,0,P0029,games-tally
2009-s3-A-GD-0-1,2009-s3,A,2009-s3-A-GD,P0707,P0969,4,6,P0969,games-tally
2009-s3-A-GD-0-2,2009-s3,A,2009-s3-A-GD,P0707,P0255,6,4,P0707,games-tally
2009-s3-A-GD-0-3,2009-s3,A,2009-s3-A-GD,P0707,P1381,6,4,P0707,games-tally
2009-s3-A-GD-0-4,2009-s3,A,2009-s3-A-GD,P0707,P1147,9,1,P0707,games-tally
2009-s3-A-GD-0-5,2009-s3,A,2009-s3-A-GD,P0707,P0273,7,3,P0707,games-tally
2009-s3-A-GD-0-6,2009-s3,A,2009-s3-A-GD,P0707,P1234,8,2,P0707,games-tally
2009-s3-A-GD-1-2,2009-s3,A,2009-s3-A-GD,P0969,P0255,6,4,P0969,games-tally
2009-s3-A-GD-1-3,2009-s3,A,2009-s3-A-GD,P0969,P1381,6,4,P0969,games-tally
2009-s3-A-GD-1-4,2009-s3,A,2009-s3-A-GD,P0969,P1147,4,6,P1147,games-tally
2009-s3-A-GD-1-5,2009-s3,A,2009-s3-A-GD,P0969,P0273,8,2,P0969,games-tally
2009-s3-A-GD-1-6,2009-s3,A,2009-s3-A-GD,P0969,P1234,8,2,P0969,games-tally
2009-s3-A-GD-2-3,2009-s3,A,2009-s3-A-GD,P0255,P1381,6,4,P0255,games-tally
2009-s3-A-GD-2-6,2009-s3,A,2009-s3-A-GD,P0255,P1234,5,5,,games-tally
2009-s3-A-GD-3-4,2009-s3,A,2009-s3-A-GD,P1381,P1147,4,6,P1147,games-tally
2009-s3-A-GD-3-5,2009-s3,A,2009-s3-A-GD,P1381,P0273,0,10,P0273,games-tally
2009-s3-A-GD-3-6,2009-s3,A,2009-s3-A-GD,P1381,P1234,4,6,P1234,games-tally
2009-s3-A-GD-4-5,2009-s3,A,2009-s3-A-GD,P1147,P0273,1,9,P0273,games-tally
2009-s3-A-GD-4-6,2009-s3,A,2009-s3-A-GD,P1147,P1234,4,6,P1234,games-tally
2009-s3-A-GD-5-6,2009-s3,A,2009-s3-A-GD,P0273,P1234,4,6,P1234,games-tally
2009-s3-A-GE-0-1,2009-s3,A,2009-s3-A-GE,P1297,P1172,5,5,,games-tally
2009-s3-A-GE-0-2,2009-s3,A,2009-s3-A-GE,P1297,P1197,6,4,P1297,games-tally
2009-s3-A-GE-0-4,2009-s3,A,2009-s3-A-GE,P1297,P1343,0,10,P1343,games-tally
2009-s3-A-GE-0-5,2009-s3,A,2009-s3-A-GE,P1297,P1256,10,0,P1297,games-tally
2009-s3-A-GE-1-2,2009-s3,A,2009-s3-A-GE,P1172,P1197,6,4,P1172,games-tally
2009-s3-A-GE-1-3,2009-s3,A,2009-s3-A-GE,P1172,P1287,6,4,P1172,games-tally
2009-s3-A-GE-1-4,2009-s3,A,2009-s3-A-GE,P1172,P1343,6,4,P1172,games-tally
2009-s3-A-GE-1-5,2009-s3,A,2009-s3-A-GE,P1172,P1256,6,4,P1172,games-tally
2009-s3-A-GE-1-6,2009-s3,A,2009-s3-A-GE,P1172,P1380,8,2,P1172,games-tally
2009-s3-A-GE-2-4,2009-s3,A,2009-s3-A-GE,P1197,P1343,0,10,P1343,games-tally
2009-s3-A-GE-2-6,2009-s3,A,2009-s3-A-GE,P1197,P1380,3,7,P1380,games-tally
2009-s3-A-GE-3-4,2009-s3,A,2009-s3-A-GE,P1287,P1343,4,6,P1343,games-tally
2009-s3-A-GE-3-6,2009-s3,A,2009-s3-A-GE,P1287,P1380,3,7,P1380,games-tally
2009-s3-A-GE-4-5,2009-s3,A,2009-s3-A-GE,P1343,P1256,2,8,P1256,games-tally
2009-s3-A-GE-4-6,2009-s3,A,2009-s3-A-GE,P1343,P1380,4,6,P1380,games-tally
2009-s3-A-GE-5-6,2009-s3,A,2009-s3-A-GE,P1256,P1380,2,8,P1380,games-tally
2009-s3-A-GF-0-1,2009-s3,A,2009-s3-A-GF,P1193,P1227,6,4,P1193,games-tally
2009-s3-A-GF-0-2,2009-s3,A,2009-s3-A-GF,P1193,P1245,9,1,P1193,games-tally
2009-s3-A-GF-0-3,2009-s3,A,2009-s3-A-GF,P1193,P0951,5,5,,games-tally
2009-s3-A-GF-0-4,2009-s3,A,2009-s3-A-GF,P1193,P1390,9,1,P1193,games-tally
2009-s3-A-GF-0-5,2009-s3,A,2009-s3-A-GF,P1193,P0363,6,4,P1193,games-tally
2009-s3-A-GF-0-6,2009-s3,A,2009-s3-A-GF,P1193,P1327,8,2,P1193,games-tally
2009-s3-A-GF-1-2,2009-s3,A,2009-s3-A-GF,P1227,P1245,6,4,P1227,games-tally
2009-s3-A-GF-1-3,2009-s3,A,2009-s3-A-GF,P1227,P0951,6,4,P1227,games-tally
2009-s3-A-GF-1-4,2009-s3,A,2009-s3-A-GF,P1227,P1390,7,3,P1227,games-tally
2009-s3-A-GF-1-5,2009-s3,A,2009-s3-A-GF,P1227,P0363,6,4,P1227,games-tally
2009-s3-A-GF-1-6,2009-s3,A,2009-s3-A-GF,P1227,P1327,8,2,P1227,games-tally
2009-s3-A-GF-2-3,2009-s3,A,2009-s3-A-GF,P1245,P0951,0,10,P0951,games-tally
2009-s3-A-GF-2-4,2009-s3,A,2009-s3-A-GF,P1245,P1390,6,4,P1245,games-tally
2009-s3-A-GF-2-6,2009-s3,A,2009-s3-A-GF,P1245,P1327,4,6,P1327,games-tally
2009-s3-A-GF-3-4,2009-s3,A,2009-s3-A-GF,P0951,P1390,8,2,P0951,games-tally
2009-s3-A-GF-3-5,2009-s3,A,2009-s3-A-GF,P0951,P0363,10,0,P0951,games-tally
2009-s3-A-GF-3-6,2009-s3,A,2009-s3-A-GF,P0951,P1327,3,7,P1327,games-tally
2009-s3-A-GF-4-5,2009-s3,A,2009-s3-A-GF,P1390,P0363,4,6,P0363,games-tally
2009-s3-A-GF-4-6,2009-s3,A,2009-s3-A-GF,P1390,P1327,3,7,P1327,games-tally
2009-s3-A-GF-5-6,2009-s3,A,2009-s3-A-GF,P0363,P1327,6,4,P0363,games-tally
2009-s3-A-GG-0-1,2009-s3,A,2009-s3-A-GG,P0757,P0140,5,5,,games-tally
2009-s3-A-GG-0-2,2009-s3,A,2009-s3-A-GG,P0757,P0024,8,2,P0757,games-tally
2009-s3-A-GG-0-3,2009-s3,A,2009-s3-A-GG,P0757,P1316,4,6,P1316,games-tally
2009-s3-A-GG-0-4,2009-s3,A,2009-s3-A-GG,P0757,P1358,6,4,P0757,games-tally
2009-s3-A-GG-0-5,2009-s3,A,2009-s3-A-GG,P0757,P1182,10,0,P0757,games-tally
2009-s3-A-GG-0-6,2009-s3,A,2009-s3-A-GG,P0757,P0962,3,7,P0962,games-tally
2009-s3-A-GG-1-2,2009-s3,A,2009-s3-A-GG,P0140,P0024,8,2,P0140,games-tally
2009-s3-A-GG-1-3,2009-s3,A,2009-s3-A-GG,P0140,P1316,9,1,P0140,games-tally
2009-s3-A-GG-1-4,2009-s3,A,2009-s3-A-GG,P0140,P1358,6,4,P0140,games-tally
2009-s3-A-GG-1-5,2009-s3,A,2009-s3-A-GG,P0140,P1182,10,0,P0140,games-tally
2009-s3-A-GG-1-6,2009-s3,A,2009-s3-A-GG,P0140,P0962,6,4,P0140,games-tally
2009-s3-A-GG-2-3,2009-s3,A,2009-s3-A-GG,P0024,P1316,2,8,P1316,games-tally
2009-s3-A-GG-2-4,2009-s3,A,2009-s3-A-GG,P0024,P1358,9,1,P0024,games-tally
2009-s3-A-GG-2-5,2009-s3,A,2009-s3-A-GG,P0024,P1182,10,0,P0024,games-tally
2009-s3-A-GG-2-6,2009-s3,A,2009-s3-A-GG,P0024,P0962,2,8,P0962,games-tally
2009-s3-A-GG-3-5,2009-s3,A,2009-s3-A-GG,P1316,P1182,10,0,P1316,games-tally
2009-s3-A-GG-3-6,2009-s3,A,2009-s3-A-GG,P1316,P0962,3,7,P0962,games-tally
2009-s3-A-GG-4-5,2009-s3,A,2009-s3-A-GG,P1358,P1182,10,0,P1358,games-tally
2009-s3-A-GG-4-6,2009-s3,A,2009-s3-A-GG,P1358,P0962,2,8,P0962,games-tally
2009-s3-A-GG-5-6,2009-s3,A,2009-s3-A-GG,P1182,P0962,0,10,P0962,games-tally
2009-s3-A-GH-0-1,2009-s3,A,2009-s3-A-GH,P0078,P0847,5,5,,games-tally
2009-s3-A-GH-0-2,2009-s3,A,2009-s3-A-GH,P0078,P1040,6,4,P0078,games-tally
2009-s3-A-GH-0-3,2009-s3,A,2009-s3-A-GH,P0078,P1075,2,8,P1075,games-tally
2009-s3-A-GH-0-4,2009-s3,A,2009-s3-A-GH,P0078,P0858,10,0,P0078,games-tally
2009-s3-A-GH-0-5,2009-s3,A,2009-s3-A-GH,P0078,P1202,6,4,P0078,games-tally
2009-s3-A-GH-0-6,2009-s3,A,2009-s3-A-GH,P0078,P0617,5,5,,games-tally
2009-s3-A-GH-1-2,2009-s3,A,2009-s3-A-GH,P0847,P1040,6,4,P0847,games-tally
2009-s3-A-GH-1-3,2009-s3,A,2009-s3-A-GH,P0847,P1075,6,4,P0847,games-tally
2009-s3-A-GH-1-4,2009-s3,A,2009-s3-A-GH,P0847,P0858,10,0,P0847,games-tally
2009-s3-A-GH-1-5,2009-s3,A,2009-s3-A-GH,P0847,P1202,10,0,P0847,games-tally
2009-s3-A-GH-1-6,2009-s3,A,2009-s3-A-GH,P0847,P0617,6,4,P0847,games-tally
2009-s3-A-GH-2-3,2009-s3,A,2009-s3-A-GH,P1040,P1075,4,6,P1075,games-tally
2009-s3-A-GH-2-4,2009-s3,A,2009-s3-A-GH,P1040,P0858,10,0,P1040,games-tally
2009-s3-A-GH-2-6,2009-s3,A,2009-s3-A-GH,P1040,P0617,1,9,P0617,games-tally
2009-s3-A-GH-3-4,2009-s3,A,2009-s3-A-GH,P1075,P0858,10,0,P1075,games-tally
2009-s3-A-GH-3-5,2009-s3,A,2009-s3-A-GH,P1075,P1202,7,3,P1075,games-tally
2009-s3-A-GH-3-6,2009-s3,A,2009-s3-A-GH,P1075,P0617,7,3,P1075,games-tally
2009-s3-A-GH-4-5,2009-s3,A,2009-s3-A-GH,P0858,P1202,0,10,P1202,games-tally
2009-s3-A-GH-4-6,2009-s3,A,2009-s3-A-GH,P0858,P0617,0,10,P0617,games-tally
2009-s3-A-GH-5-6,2009-s3,A,2009-s3-A-GH,P1202,P0617,2,8,P0617,games-tally
2009-s3-B-GA-0-2,2009-s3,B,2009-s3-B-GA,P1311,P1210,10,0,P1311,games-tally
2009-s3-B-GA-0-3,2009-s3,B,2009-s3-B-GA,P1311,P1224,0,10,P1224,games-tally
2009-s3-B-GA-0-5,2009-s3,B,2009-s3-B-GA,P1311,P1268,0,10,P1268,games-tally
2009-s3-B-GA-0-6,2009-s3,B,2009-s3-B-GA,P1311,P1332,2,8,P1332,games-tally
2009-s3-B-GA-1-2,2009-s3,B,2009-s3-B-GA,P1179,P1210,8,2,P1179,games-tally
2009-s3-B-GA-1-3,2009-s3,B,2009-s3-B-GA,P1179,P1224,4,6,P1224,games-tally
2009-s3-B-GA-1-4,2009-s3,B,2009-s3-B-GA,P1179,P1385,7,3,P1179,games-tally
2009-s3-B-GA-1-5,2009-s3,B,2009-s3-B-GA,P1179,P1268,5,5,,games-tally
2009-s3-B-GA-1-6,2009-s3,B,2009-s3-B-GA,P1179,P1332,5,5,,games-tally
2009-s3-B-GA-2-3,2009-s3,B,2009-s3-B-GA,P1210,P1224,3,7,P1224,games-tally
2009-s3-B-GA-2-4,2009-s3,B,2009-s3-B-GA,P1210,P1385,3,7,P1385,games-tally
2009-s3-B-GA-2-5,2009-s3,B,2009-s3-B-GA,P1210,P1268,2,8,P1268,games-tally
2009-s3-B-GA-2-6,2009-s3,B,2009-s3-B-GA,P1210,P1332,3,7,P1332,games-tally
2009-s3-B-GA-3-4,2009-s3,B,2009-s3-B-GA,P1224,P1385,4,6,P1385,games-tally
2009-s3-B-GA-3-5,2009-s3,B,2009-s3-B-GA,P1224,P1268,6,4,P1224,games-tally
2009-s3-B-GA-3-6,2009-s3,B,2009-s3-B-GA,P1224,P1332,3,7,P1332,games-tally
2009-s3-B-GA-4-6,2009-s3,B,2009-s3-B-GA,P1385,P1332,3,7,P1332,games-tally
2009-s3-B-GA-5-6,2009-s3,B,2009-s3-B-GA,P1268,P1332,3,7,P1332,games-tally
2009-s3-B-GB-0-1,2009-s3,B,2009-s3-B-GB,P1282,P1216,6,4,P1282,games-tally
2009-s3-B-GB-0-2,2009-s3,B,2009-s3-B-GB,P1282,P1265,6,4,P1282,games-tally
2009-s3-B-GB-0-3,2009-s3,B,2009-s3-B-GB,P1282,P1346,6,4,P1282,games-tally
2009-s3-B-GB-0-4,2009-s3,B,2009-s3-B-GB,P1282,P1260,3,7,P1260,games-tally
2009-s3-B-GB-0-5,2009-s3,B,2009-s3-B-GB,P1282,P1355,5,5,,games-tally
2009-s3-B-GB-0-6,2009-s3,B,2009-s3-B-GB,P1282,P1225,0,10,P1225,games-tally
2009-s3-B-GB-1-2,2009-s3,B,2009-s3-B-GB,P1216,P1265,9,1,P1216,games-tally
2009-s3-B-GB-1-3,2009-s3,B,2009-s3-B-GB,P1216,P1346,10,0,P1216,games-tally
2009-s3-B-GB-1-5,2009-s3,B,2009-s3-B-GB,P1216,P1355,5,5,,games-tally
2009-s3-B-GB-1-6,2009-s3,B,2009-s3-B-GB,P1216,P1225,5,5,,games-tally
2009-s3-B-GB-2-5,2009-s3,B,2009-s3-B-GB,P1265,P1355,1,9,P1355,games-tally
2009-s3-B-GB-2-6,2009-s3,B,2009-s3-B-GB,P1265,P1225,0,10,P1225,games-tally
2009-s3-B-GB-3-4,2009-s3,B,2009-s3-B-GB,P1346,P1260,9,1,P1346,games-tally
2009-s3-B-GB-3-5,2009-s3,B,2009-s3-B-GB,P1346,P1355,0,10,P1355,games-tally
2009-s3-B-GB-3-6,2009-s3,B,2009-s3-B-GB,P1346,P1225,6,4,P1346,games-tally
2009-s3-B-GB-4-5,2009-s3,B,2009-s3-B-GB,P1260,P1355,0,10,P1355,games-tally
2009-s3-B-GB-4-6,2009-s3,B,2009-s3-B-GB,P1260,P1225,4,6,P1225,games-tally
2009-s3-B-GC-0-1,2009-s3,B,2009-s3-B-GC,P1340,P1221,9,1,P1340,games-tally
2009-s3-B-GC-0-2,2009-s3,B,2009-s3-B-GC,P1340,P1387,8,2,P1340,games-tally
2009-s3-B-GC-0-3,2009-s3,B,2009-s3-B-GC,P1340,P1106,7,3,P1340,games-tally
2009-s3-B-GC-0-4,2009-s3,B,2009-s3-B-GC,P1340,P1269,6,4,P1340,games-tally
2009-s3-B-GC-0-5,2009-s3,B,2009-s3-B-GC,P1340,P1341,9,1,P1340,games-tally
2009-s3-B-GC-0-6,2009-s3,B,2009-s3-B-GC,P1340,P1329,9,1,P1340,games-tally
2009-s3-B-GC-1-2,2009-s3,B,2009-s3-B-GC,P1221,P1387,9,1,P1221,games-tally
2009-s3-B-GC-1-4,2009-s3,B,2009-s3-B-GC,P1221,P1269,1,9,P1269,games-tally
2009-s3-B-GC-2-3,2009-s3,B,2009-s3-B-GC,P1387,P1106,2,8,P1106,games-tally
2009-s3-B-GC-2-4,2009-s3,B,2009-s3-B-GC,P1387,P1269,4,6,P1269,games-tally
2009-s3-B-GC-2-5,2009-s3,B,2009-s3-B-GC,P1387,P1341,6,4,P1387,games-tally
2009-s3-B-GC-3-4,2009-s3,B,2009-s3-B-GC,P1106,P1269,9,1,P1106,games-tally
2009-s3-B-GD-0-1,2009-s3,B,2009-s3-B-GD,P0820,P1187,6,4,P0820,games-tally
2009-s3-B-GD-0-2,2009-s3,B,2009-s3-B-GD,P0820,P0431,7,3,P0820,games-tally
2009-s3-B-GD-0-4,2009-s3,B,2009-s3-B-GD,P0820,P1315,10,0,P0820,games-tally
2009-s3-B-GD-0-5,2009-s3,B,2009-s3-B-GD,P0820,P0976,7,3,P0820,games-tally
2009-s3-B-GD-0-6,2009-s3,B,2009-s3-B-GD,P0820,P1371,5,5,,games-tally
2009-s3-B-GD-1-2,2009-s3,B,2009-s3-B-GD,P1187,P0431,5,5,,games-tally
2009-s3-B-GD-1-3,2009-s3,B,2009-s3-B-GD,P1187,P0217,7,3,P1187,games-tally
2009-s3-B-GD-1-5,2009-s3,B,2009-s3-B-GD,P1187,P0976,6,4,P1187,games-tally
2009-s3-B-GD-1-6,2009-s3,B,2009-s3-B-GD,P1187,P1371,4,6,P1371,games-tally
2009-s3-B-GD-2-3,2009-s3,B,2009-s3-B-GD,P0431,P0217,6,4,P0431,games-tally
2009-s3-B-GD-2-4,2009-s3,B,2009-s3-B-GD,P0431,P1315,3,7,P1315,games-tally
2009-s3-B-GD-2-5,2009-s3,B,2009-s3-B-GD,P0431,P0976,7,3,P0431,games-tally
2009-s3-B-GD-2-6,2009-s3,B,2009-s3-B-GD,P0431,P1371,6,4,P0431,games-tally
2009-s3-B-GD-3-6,2009-s3,B,2009-s3-B-GD,P0217,P1371,7,3,P0217,games-tally
2009-s3-B-GD-4-6,2009-s3,B,2009-s3-B-GD,P1315,P1371,0,10,P1371,games-tally
2009-s3-B-GD-5-6,2009-s3,B,2009-s3-B-GD,P0976,P1371,0,10,P1371,games-tally
2009-s3-B-GE-0-1,2009-s3,B,2009-s3-B-GE,P1353,P1120,6,4,P1353,games-tally
2009-s3-B-GE-0-2,2009-s3,B,2009-s3-B-GE,P1353,P1057,6,4,P1353,games-tally
2009-s3-B-GE-0-3,2009-s3,B,2009-s3-B-GE,P1353,P1365,8,2,P1353,games-tally
2009-s3-B-GE-0-4,2009-s3,B,2009-s3-B-GE,P1353,P1130,10,0,P1353,games-tally
2009-s3-B-GE-0-5,2009-s3,B,2009-s3-B-GE,P1353,P1167,4,6,P1167,games-tally
2009-s3-B-GE-0-6,2009-s3,B,2009-s3-B-GE,P1353,P0772,6,4,P1353,games-tally
2009-s3-B-GE-1-2,2009-s3,B,2009-s3-B-GE,P1120,P1057,6,4,P1120,games-tally
2009-s3-B-GE-1-6,2009-s3,B,2009-s3-B-GE,P1120,P0772,2,8,P0772,games-tally
2009-s3-B-GE-2-3,2009-s3,B,2009-s3-B-GE,P1057,P1365,6,4,P1057,games-tally
2009-s3-B-GE-2-4,2009-s3,B,2009-s3-B-GE,P1057,P1130,5,5,,games-tally
2009-s3-B-GE-2-5,2009-s3,B,2009-s3-B-GE,P1057,P1167,2,8,P1167,games-tally
2009-s3-B-GE-2-6,2009-s3,B,2009-s3-B-GE,P1057,P0772,6,4,P1057,games-tally
2009-s3-B-GE-3-5,2009-s3,B,2009-s3-B-GE,P1365,P1167,4,6,P1167,games-tally
2009-s3-B-GE-3-6,2009-s3,B,2009-s3-B-GE,P1365,P0772,3,7,P0772,games-tally
2009-s3-B-GE-4-6,2009-s3,B,2009-s3-B-GE,P1130,P0772,0,10,P0772,games-tally
2009-s3-B-GE-5-6,2009-s3,B,2009-s3-B-GE,P1167,P0772,7,3,P1167,games-tally
2009-s4-A-GA-0-1,2009-s4,A,2009-s4-A-GA,P0051,P1369,2,8,P1369,games-tally
2009-s4-A-GA-0-2,2009-s4,A,2009-s4-A-GA,P0051,P1353,4,6,P1353,games-tally
2009-s4-A-GA-0-5,2009-s4,A,2009-s4-A-GA,P0051,P1063,4,6,P1063,games-tally
2009-s4-A-GA-1-2,2009-s4,A,2009-s4-A-GA,P1369,P1353,7,3,P1369,games-tally
2009-s4-A-GA-1-3,2009-s4,A,2009-s4-A-GA,P1369,P1223,6,4,P1369,games-tally
2009-s4-A-GA-1-4,2009-s4,A,2009-s4-A-GA,P1369,P1352,9,1,P1369,games-tally
2009-s4-A-GA-1-5,2009-s4,A,2009-s4-A-GA,P1369,P1063,7,3,P1369,games-tally
2009-s4-A-GA-1-6,2009-s4,A,2009-s4-A-GA,P1369,P0984,6,4,P1369,games-tally
2009-s4-A-GA-2-3,2009-s4,A,2009-s4-A-GA,P1353,P1223,4,6,P1223,games-tally
2009-s4-A-GA-2-4,2009-s4,A,2009-s4-A-GA,P1353,P1352,10,0,P1353,games-tally
2009-s4-A-GA-2-5,2009-s4,A,2009-s4-A-GA,P1353,P1063,7,3,P1353,games-tally
2009-s4-A-GA-2-6,2009-s4,A,2009-s4-A-GA,P1353,P0984,3,7,P0984,games-tally
2009-s4-A-GA-3-5,2009-s4,A,2009-s4-A-GA,P1223,P1063,7,3,P1223,games-tally
2009-s4-A-GA-3-6,2009-s4,A,2009-s4-A-GA,P1223,P0984,2,8,P0984,games-tally
2009-s4-A-GA-4-5,2009-s4,A,2009-s4-A-GA,P1352,P1063,4,6,P1063,games-tally
2009-s4-A-GA-4-6,2009-s4,A,2009-s4-A-GA,P1352,P0984,0,10,P0984,games-tally
2009-s4-A-GA-5-6,2009-s4,A,2009-s4-A-GA,P1063,P0984,6,4,P1063,games-tally
2009-s4-A-GB-0-1,2009-s4,A,2009-s4-A-GB,P1327,P0711,1,9,P0711,games-tally
2009-s4-A-GB-0-2,2009-s4,A,2009-s4-A-GB,P1327,P1348,6,4,P1327,games-tally
2009-s4-A-GB-0-3,2009-s4,A,2009-s4-A-GB,P1327,P1224,4,6,P1224,games-tally
2009-s4-A-GB-0-4,2009-s4,A,2009-s4-A-GB,P1327,P0658,4,6,P0658,games-tally
2009-s4-A-GB-0-5,2009-s4,A,2009-s4-A-GB,P1327,P1054,6,4,P1327,games-tally
2009-s4-A-GB-0-6,2009-s4,A,2009-s4-A-GB,P1327,P1088,6,4,P1327,games-tally
2009-s4-A-GB-1-2,2009-s4,A,2009-s4-A-GB,P0711,P1348,6,4,P0711,games-tally
2009-s4-A-GB-1-3,2009-s4,A,2009-s4-A-GB,P0711,P1224,6,4,P0711,games-tally
2009-s4-A-GB-1-4,2009-s4,A,2009-s4-A-GB,P0711,P0658,4,6,P0658,games-tally
2009-s4-A-GB-1-5,2009-s4,A,2009-s4-A-GB,P0711,P1054,6,4,P0711,games-tally
2009-s4-A-GB-1-6,2009-s4,A,2009-s4-A-GB,P0711,P1088,7,3,P0711,games-tally
2009-s4-A-GB-2-4,2009-s4,A,2009-s4-A-GB,P1348,P0658,4,6,P0658,games-tally
2009-s4-A-GB-2-5,2009-s4,A,2009-s4-A-GB,P1348,P1054,4,6,P1054,games-tally
2009-s4-A-GB-2-6,2009-s4,A,2009-s4-A-GB,P1348,P1088,4,6,P1088,games-tally
2009-s4-A-GB-3-4,2009-s4,A,2009-s4-A-GB,P1224,P0658,3,7,P0658,games-tally
2009-s4-A-GB-3-5,2009-s4,A,2009-s4-A-GB,P1224,P1054,4,6,P1054,games-tally
2009-s4-A-GB-3-6,2009-s4,A,2009-s4-A-GB,P1224,P1088,7,3,P1224,games-tally
2009-s4-A-GB-4-5,2009-s4,A,2009-s4-A-GB,P0658,P1054,6,4,P0658,games-tally
2009-s4-A-GB-4-6,2009-s4,A,2009-s4-A-GB,P0658,P1088,7,3,P0658,games-tally
2009-s4-A-GB-5-6,2009-s4,A,2009-s4-A-GB,P1054,P1088,4,6,P1088,games-tally
2009-s4-A-GC-0-1,2009-s4,A,2009-s4-A-GC,P1380,P0951,3,7,P0951,games-tally
2009-s4-A-GC-0-2,2009-s4,A,2009-s4-A-GC,P1380,P1301,4,6,P1301,games-tally
2009-s4-A-GC-0-3,2009-s4,A,2009-s4-A-GC,P1380,P1167,4,6,P1167,games-tally
2009-s4-A-GC-0-4,2009-s4,A,2009-s4-A-GC,P1380,P0297,10,0,P1380,games-tally
2009-s4-A-GC-0-5,2009-s4,A,2009-s4-A-GC,P1380,P0073,7,3,P1380,games-tally
2009-s4-A-GC-0-6,2009-s4,A,2009-s4-A-GC,P1380,P1179,8,2,P1380,games-tally
2009-s4-A-GC-1-2,2009-s4,A,2009-s4-A-GC,P0951,P1301,7,3,P0951,games-tally
2009-s4-A-GC-1-3,2009-s4,A,2009-s4-A-GC,P0951,P1167,10,0,P0951,games-tally
2009-s4-A-GC-1-4,2009-s4,A,2009-s4-A-GC,P0951,P0297,10,0,P0951,games-tally
2009-s4-A-GC-1-5,2009-s4,A,2009-s4-A-GC,P0951,P0073,6,4,P0951,games-tally
2009-s4-A-GC-1-6,2009-s4,A,2009-s4-A-GC,P0951,P1179,6,4,P0951,games-tally
2009-s4-A-GC-2-3,2009-s4,A,2009-s4-A-GC,P1301,P1167,3,7,P1167,games-tally
2009-s4-A-GC-2-4,2009-s4,A,2009-s4-A-GC,P1301,P0297,6,4,P1301,games-tally
2009-s4-A-GC-2-5,2009-s4,A,2009-s4-A-GC,P1301,P0073,6,4,P1301,games-tally
2009-s4-A-GC-2-6,2009-s4,A,2009-s4-A-GC,P1301,P1179,5,5,,games-tally
2009-s4-A-GC-3-5,2009-s4,A,2009-s4-A-GC,P1167,P0073,1,9,P0073,games-tally
2009-s4-A-GC-4-5,2009-s4,A,2009-s4-A-GC,P0297,P0073,6,4,P0297,games-tally
2009-s4-A-GC-5-6,2009-s4,A,2009-s4-A-GC,P0073,P1179,7,3,P0073,games-tally
2009-s4-A-GD-0-1,2009-s4,A,2009-s4-A-GD,P1085,P1261,2,8,P1261,games-tally
2009-s4-A-GD-0-3,2009-s4,A,2009-s4-A-GD,P1085,P1272,6,4,P1085,games-tally
2009-s4-A-GD-0-4,2009-s4,A,2009-s4-A-GD,P1085,P1183,8,2,P1085,games-tally
2009-s4-A-GD-0-5,2009-s4,A,2009-s4-A-GD,P1085,P0697,4,6,P0697,games-tally
2009-s4-A-GD-1-2,2009-s4,A,2009-s4-A-GD,P1261,P1034,8,2,P1261,games-tally
2009-s4-A-GD-1-3,2009-s4,A,2009-s4-A-GD,P1261,P1272,6,4,P1261,games-tally
2009-s4-A-GD-1-4,2009-s4,A,2009-s4-A-GD,P1261,P1183,6,4,P1261,games-tally
2009-s4-A-GD-1-5,2009-s4,A,2009-s4-A-GD,P1261,P0697,2,8,P0697,games-tally
2009-s4-A-GD-2-3,2009-s4,A,2009-s4-A-GD,P1034,P1272,4,6,P1272,games-tally
2009-s4-A-GD-2-5,2009-s4,A,2009-s4-A-GD,P1034,P0697,0,10,P0697,games-tally
2009-s4-A-GD-3-4,2009-s4,A,2009-s4-A-GD,P1272,P1183,6,4,P1272,games-tally
2009-s4-A-GD-3-5,2009-s4,A,2009-s4-A-GD,P1272,P0697,2,8,P0697,games-tally
2009-s4-A-GD-3-6,2009-s4,A,2009-s4-A-GD,P1272,P1074,7,3,P1272,games-tally
2009-s4-A-GD-4-5,2009-s4,A,2009-s4-A-GD,P1183,P0697,4,6,P0697,games-tally
2009-s4-A-GD-5-6,2009-s4,A,2009-s4-A-GD,P0697,P1074,7,3,P0697,games-tally
2009-s4-A-GE-0-1,2009-s4,A,2009-s4-A-GE,P1176,P1257,3,7,P1257,games-tally
2009-s4-A-GE-0-2,2009-s4,A,2009-s4-A-GE,P1176,P1339,4,6,P1339,games-tally
2009-s4-A-GE-0-4,2009-s4,A,2009-s4-A-GE,P1176,P1198,2,8,P1198,games-tally
2009-s4-A-GE-0-5,2009-s4,A,2009-s4-A-GE,P1176,P0296,1,9,P0296,games-tally
2009-s4-A-GE-1-2,2009-s4,A,2009-s4-A-GE,P1257,P1339,4,6,P1339,games-tally
2009-s4-A-GE-1-3,2009-s4,A,2009-s4-A-GE,P1257,P1207,7,3,P1257,games-tally
2009-s4-A-GE-1-4,2009-s4,A,2009-s4-A-GE,P1257,P1198,4,6,P1198,games-tally
2009-s4-A-GE-1-5,2009-s4,A,2009-s4-A-GE,P1257,P0296,3,7,P0296,games-tally
2009-s4-A-GE-1-6,2009-s4,A,2009-s4-A-GE,P1257,P1390,6,4,P1257,games-tally
2009-s4-A-GE-2-4,2009-s4,A,2009-s4-A-GE,P1339,P1198,4,6,P1198,games-tally
2009-s4-A-GE-2-5,2009-s4,A,2009-s4-A-GE,P1339,P0296,7,3,P1339,games-tally
2009-s4-A-GE-2-6,2009-s4,A,2009-s4-A-GE,P1339,P1390,4,6,P1390,games-tally
2009-s4-A-GE-3-4,2009-s4,A,2009-s4-A-GE,P1207,P1198,8,2,P1207,games-tally
2009-s4-A-GE-3-6,2009-s4,A,2009-s4-A-GE,P1207,P1390,0,10,P1390,games-tally
2009-s4-A-GE-4-5,2009-s4,A,2009-s4-A-GE,P1198,P0296,4,6,P0296,games-tally
2009-s4-A-GE-4-6,2009-s4,A,2009-s4-A-GE,P1198,P1390,6,4,P1198,games-tally
2009-s4-A-GE-5-6,2009-s4,A,2009-s4-A-GE,P0296,P1390,2,8,P1390,games-tally
2009-s4-A-GF-0-1,2009-s4,A,2009-s4-A-GF,P1268,P0140,4,6,P0140,games-tally
2009-s4-A-GF-0-2,2009-s4,A,2009-s4-A-GF,P1268,P1354,6,4,P1268,games-tally
2009-s4-A-GF-0-3,2009-s4,A,2009-s4-A-GF,P1268,P1172,4,6,P1172,games-tally
2009-s4-A-GF-0-4,2009-s4,A,2009-s4-A-GF,P1268,P0024,6,4,P1268,games-tally
2009-s4-A-GF-0-5,2009-s4,A,2009-s4-A-GF,P1268,P1366,10,0,P1268,games-tally
2009-s4-A-GF-0-6,2009-s4,A,2009-s4-A-GF,P1268,P1274,9,1,P1268,games-tally
2009-s4-A-GF-1-3,2009-s4,A,2009-s4-A-GF,P0140,P1172,0,10,P1172,games-tally
2009-s4-A-GF-1-4,2009-s4,A,2009-s4-A-GF,P0140,P0024,7,3,P0140,games-tally
2009-s4-A-GF-1-5,2009-s4,A,2009-s4-A-GF,P0140,P1366,9,1,P0140,games-tally
2009-s4-A-GF-1-6,2009-s4,A,2009-s4-A-GF,P0140,P1274,6,4,P0140,games-tally
2009-s4-A-GF-2-5,2009-s4,A,2009-s4-A-GF,P1354,P1366,4,6,P1366,games-tally
2009-s4-A-GF-3-4,2009-s4,A,2009-s4-A-GF,P1172,P0024,6,4,P1172,games-tally
2009-s4-A-GF-3-5,2009-s4,A,2009-s4-A-GF,P1172,P1366,8,2,P1172,games-tally
2009-s4-A-GF-4-5,2009-s4,A,2009-s4-A-GF,P0024,P1366,5,5,,games-tally
2009-s4-A-GF-4-6,2009-s4,A,2009-s4-A-GF,P0024,P1274,1,9,P1274,games-tally
2009-s4-A-GF-5-6,2009-s4,A,2009-s4-A-GF,P1366,P1274,6,4,P1366,games-tally
2009-s4-A-GG-0-1,2009-s4,A,2009-s4-A-GG,P1193,P1158,5,5,,games-tally
2009-s4-A-GG-0-2,2009-s4,A,2009-s4-A-GG,P1193,P1243,5,5,,games-tally
2009-s4-A-GG-0-5,2009-s4,A,2009-s4-A-GG,P1193,P1336,9,1,P1193,games-tally
2009-s4-A-GG-0-6,2009-s4,A,2009-s4-A-GG,P1193,P1213,7,3,P1193,games-tally
2009-s4-A-GG-1-3,2009-s4,A,2009-s4-A-GG,P1158,P1235,1,9,P1235,games-tally
2009-s4-A-GG-1-5,2009-s4,A,2009-s4-A-GG,P1158,P1336,4,6,P1336,games-tally
2009-s4-A-GG-1-6,2009-s4,A,2009-s4-A-GG,P1158,P1213,3,7,P1213,games-tally
2009-s4-A-GG-2-3,2009-s4,A,2009-s4-A-GG,P1243,P1235,4,6,P1235,games-tally
2009-s4-A-GG-2-5,2009-s4,A,2009-s4-A-GG,P1243,P1336,4,6,P1336,games-tally
2009-s4-A-GG-2-6,2009-s4,A,2009-s4-A-GG,P1243,P1213,4,6,P1213,games-tally
2009-s4-A-GG-3-5,2009-s4,A,2009-s4-A-GG,P1235,P1336,0,10,P1336,games-tally
2009-s4-A-GG-4-5,2009-s4,A,2009-s4-A-GG,P1343,P1336,6,4,P1343,games-tally
2009-s4-A-GG-4-6,2009-s4,A,2009-s4-A-GG,P1343,P1213,4,6,P1213,games-tally
2009-s4-A-GG-5-6,2009-s4,A,2009-s4-A-GG,P1336,P1213,4,6,P1213,games-tally
2009-s4-A-GH-0-1,2009-s4,A,2009-s4-A-GH,P1340,P1300,0,10,P1300,games-tally
2009-s4-A-GH-0-2,2009-s4,A,2009-s4-A-GH,P1340,P1281,4,6,P1281,games-tally
2009-s4-A-GH-0-3,2009-s4,A,2009-s4-A-GH,P1340,P1381,8,2,P1340,games-tally
2009-s4-A-GH-0-4,2009-s4,A,2009-s4-A-GH,P1340,P1197,10,0,P1340,games-tally
2009-s4-A-GH-0-5,2009-s4,A,2009-s4-A-GH,P1340,P1334,2,8,P1334,games-tally
2009-s4-A-GH-0-6,2009-s4,A,2009-s4-A-GH,P1340,P1289,5,5,,games-tally
2009-s4-A-GH-1-2,2009-s4,A,2009-s4-A-GH,P1300,P1281,4,6,P1281,games-tally
2009-s4-A-GH-1-3,2009-s4,A,2009-s4-A-GH,P1300,P1381,5,5,,games-tally
2009-s4-A-GH-1-4,2009-s4,A,2009-s4-A-GH,P1300,P1197,6,4,P1300,games-tally
2009-s4-A-GH-1-5,2009-s4,A,2009-s4-A-GH,P1300,P1334,6,4,P1300,games-tally
2009-s4-A-GH-1-6,2009-s4,A,2009-s4-A-GH,P1300,P1289,3,7,P1289,games-tally
2009-s4-A-GH-2-3,2009-s4,A,2009-s4-A-GH,P1281,P1381,4,6,P1381,games-tally
2009-s4-A-GH-2-4,2009-s4,A,2009-s4-A-GH,P1281,P1197,4,6,P1197,games-tally
2009-s4-A-GH-2-5,2009-s4,A,2009-s4-A-GH,P1281,P1334,6,4,P1281,games-tally
2009-s4-A-GH-2-6,2009-s4,A,2009-s4-A-GH,P1281,P1289,6,4,P1281,games-tally
2009-s4-A-GH-3-4,2009-s4,A,2009-s4-A-GH,P1381,P1197,6,4,P1381,games-tally
2009-s4-A-GH-3-5,2009-s4,A,2009-s4-A-GH,P1381,P1334,4,6,P1334,games-tally
2009-s4-A-GH-3-6,2009-s4,A,2009-s4-A-GH,P1381,P1289,2,8,P1289,games-tally
2009-s4-A-GH-4-5,2009-s4,A,2009-s4-A-GH,P1197,P1334,7,3,P1197,games-tally
2009-s4-A-GH-4-6,2009-s4,A,2009-s4-A-GH,P1197,P1289,2,8,P1289,games-tally
2009-s4-A-GH-5-6,2009-s4,A,2009-s4-A-GH,P1334,P1289,8,2,P1334,games-tally
2009-s4-B-GA-0-1,2009-s4,B,2009-s4-B-GA,P1181,P1211,7,3,P1181,games-tally
2009-s4-B-GA-0-2,2009-s4,B,2009-s4-B-GA,P1181,P1276,2,8,P1276,games-tally
2009-s4-B-GA-0-3,2009-s4,B,2009-s4-B-GA,P1181,P1319,4,6,P1319,games-tally
2009-s4-B-GA-0-5,2009-s4,B,2009-s4-B-GA,P1181,P1371,4,6,P1371,games-tally
2009-s4-B-GA-0-6,2009-s4,B,2009-s4-B-GA,P1181,P1387,6,4,P1181,games-tally
2009-s4-B-GA-1-3,2009-s4,B,2009-s4-B-GA,P1211,P1319,6,4,P1211,games-tally
2009-s4-B-GA-1-4,2009-s4,B,2009-s4-B-GA,P1211,P1019,6,4,P1211,games-tally
2009-s4-B-GA-1-5,2009-s4,B,2009-s4-B-GA,P1211,P1371,3,7,P1371,games-tally
2009-s4-B-GA-1-6,2009-s4,B,2009-s4-B-GA,P1211,P1387,4,6,P1387,games-tally
2009-s4-B-GA-2-3,2009-s4,B,2009-s4-B-GA,P1276,P1319,6,4,P1276,games-tally
2009-s4-B-GA-2-4,2009-s4,B,2009-s4-B-GA,P1276,P1019,6,4,P1276,games-tally
2009-s4-B-GA-2-5,2009-s4,B,2009-s4-B-GA,P1276,P1371,0,10,P1371,games-tally
2009-s4-B-GA-2-6,2009-s4,B,2009-s4-B-GA,P1276,P1387,6,4,P1276,games-tally
2009-s4-B-GA-3-5,2009-s4,B,2009-s4-B-GA,P1319,P1371,4,6,P1371,games-tally
2009-s4-B-GA-3-6,2009-s4,B,2009-s4-B-GA,P1319,P1387,6,4,P1319,games-tally
2009-s4-B-GA-4-5,2009-s4,B,2009-s4-B-GA,P1019,P1371,0,10,P1371,games-tally
2009-s4-B-GA-5-6,2009-s4,B,2009-s4-B-GA,P1371,P1387,9,1,P1371,games-tally
2009-s4-B-GB-0-1,2009-s4,B,2009-s4-B-GB,P1214,P1379,10,0,P1214,games-tally
2009-s4-B-GB-0-2,2009-s4,B,2009-s4-B-GB,P1214,P1314,4,6,P1314,games-tally
2009-s4-B-GB-0-3,2009-s4,B,2009-s4-B-GB,P1214,P0344,1,9,P0344,games-tally
2009-s4-B-GB-0-4,2009-s4,B,2009-s4-B-GB,P1214,P1328,4,6,P1328,games-tally
2009-s4-B-GB-0-5,2009-s4,B,2009-s4-B-GB,P1214,P1299,9,1,P1214,games-tally
2009-s4-B-GB-0-6,2009-s4,B,2009-s4-B-GB,P1214,P1201,8,2,P1214,games-tally
2009-s4-B-GB-1-2,2009-s4,B,2009-s4-B-GB,P1379,P1314,2,8,P1314,games-tally
2009-s4-B-GB-1-3,2009-s4,B,2009-s4-B-GB,P1379,P0344,0,10,P0344,games-tally
2009-s4-B-GB-1-4,2009-s4,B,2009-s4-B-GB,P1379,P1328,4,6,P1328,games-tally
2009-s4-B-GB-1-6,2009-s4,B,2009-s4-B-GB,P1379,P1201,8,2,P1379,games-tally
2009-s4-B-GB-2-3,2009-s4,B,2009-s4-B-GB,P1314,P0344,1,9,P0344,games-tally
2009-s4-B-GB-2-4,2009-s4,B,2009-s4-B-GB,P1314,P1328,4,6,P1328,games-tally
2009-s4-B-GB-2-6,2009-s4,B,2009-s4-B-GB,P1314,P1201,7,3,P1314,games-tally
2009-s4-B-GB-3-4,2009-s4,B,2009-s4-B-GB,P0344,P1328,4,6,P1328,games-tally
2009-s4-B-GB-3-5,2009-s4,B,2009-s4-B-GB,P0344,P1299,6,4,P0344,games-tally
2009-s4-B-GB-3-6,2009-s4,B,2009-s4-B-GB,P0344,P1201,6,4,P0344,games-tally
2009-s4-B-GB-4-5,2009-s4,B,2009-s4-B-GB,P1328,P1299,4,6,P1299,games-tally
2009-s4-B-GB-4-6,2009-s4,B,2009-s4-B-GB,P1328,P1201,8,2,P1328,games-tally
2009-s4-B-GB-5-6,2009-s4,B,2009-s4-B-GB,P1299,P1201,4,6,P1201,games-tally
2009-s4-B-GC-0-1,2009-s4,B,2009-s4-B-GC,P1200,P1188,3,7,P1188,games-tally
2009-s4-B-GC-0-3,2009-s4,B,2009-s4-B-GC,P1200,P0431,7,3,P1200,games-tally
2009-s4-B-GC-0-4,2009-s4,B,2009-s4-B-GC,P1200,P0327,4,6,P0327,games-tally
2009-s4-B-GC-0-5,2009-s4,B,2009-s4-B-GC,P1200,P1191,8,2,P1200,games-tally
2009-s4-B-GC-0-6,2009-s4,B,2009-s4-B-GC,P1200,P1222,6,4,P1200,games-tally
2009-s4-B-GC-1-2,2009-s4,B,2009-s4-B-GC,P1188,P1386,6,4,P1188,games-tally
2009-s4-B-GC-1-3,2009-s4,B,2009-s4-B-GC,P1188,P0431,7,3,P1188,games-tally
2009-s4-B-GC-1-4,2009-s4,B,2009-s4-B-GC,P1188,P0327,5,5,,games-tally
2009-s4-B-GC-1-5,2009-s4,B,2009-s4-B-GC,P1188,P1191,9,1,P1188,games-tally
2009-s4-B-GC-1-6,2009-s4,B,2009-s4-B-GC,P1188,P1222,8,2,P1188,games-tally
2009-s4-B-GC-2-4,2009-s4,B,2009-s4-B-GC,P1386,P0327,3,7,P0327,games-tally
2009-s4-B-GC-2-5,2009-s4,B,2009-s4-B-GC,P1386,P1191,7,3,P1386,games-tally
2009-s4-B-GC-2-6,2009-s4,B,2009-s4-B-GC,P1386,P1222,9,1,P1386,games-tally
2009-s4-B-GC-3-4,2009-s4,B,2009-s4-B-GC,P0431,P0327,2,8,P0327,games-tally
2009-s4-B-GC-3-5,2009-s4,B,2009-s4-B-GC,P0431,P1191,6,4,P0431,games-tally
2009-s4-B-GC-3-6,2009-s4,B,2009-s4-B-GC,P0431,P1222,2,8,P1222,games-tally
2009-s4-B-GC-4-5,2009-s4,B,2009-s4-B-GC,P0327,P1191,9,1,P0327,games-tally
2009-s4-B-GC-4-6,2009-s4,B,2009-s4-B-GC,P0327,P1222,5,5,,games-tally
2009-s4-B-GD-1-5,2009-s4,B,2009-s4-B-GD,P1346,P0772,3,7,P0772,games-tally
2009-s4-B-GD-2-5,2009-s4,B,2009-s4-B-GD,P1311,P0772,4,6,P0772,games-tally
2009-s4-B-GD-2-6,2009-s4,B,2009-s4-B-GD,P1311,P1106,3,7,P1106,games-tally
2009-s4-B-GD-3-5,2009-s4,B,2009-s4-B-GD,P1253,P0772,3,7,P0772,games-tally
2009-s4-B-GD-4-5,2009-s4,B,2009-s4-B-GD,P1307,P0772,1,9,P0772,games-tally
2009-s4-B-GD-5-6,2009-s4,B,2009-s4-B-GD,P0772,P1106,7,3,P0772,games-tally
2009-s4-B-GE-0-1,2009-s4,B,2009-s4-B-GE,P1218,P1374,4,6,P1374,games-tally
2009-s4-B-GE-0-2,2009-s4,B,2009-s4-B-GE,P1218,P1234,4,6,P1234,games-tally
2009-s4-B-GE-0-3,2009-s4,B,2009-s4-B-GE,P1218,P1308,9,1,P1218,games-tally
2009-s4-B-GE-0-4,2009-s4,B,2009-s4-B-GE,P1218,P1285,4,6,P1285,games-tally
2009-s4-B-GE-0-5,2009-s4,B,2009-s4-B-GE,P1218,P1264,5,5,,games-tally
2009-s4-B-GE-0-6,2009-s4,B,2009-s4-B-GE,P1218,P1187,2,8,P1187,games-tally
2009-s4-B-GE-1-2,2009-s4,B,2009-s4-B-GE,P1374,P1234,5,5,,games-tally
2009-s4-B-GE-1-3,2009-s4,B,2009-s4-B-GE,P1374,P1308,8,2,P1374,games-tally
2009-s4-B-GE-1-4,2009-s4,B,2009-s4-B-GE,P1374,P1285,4,6,P1285,games-tally
2009-s4-B-GE-1-5,2009-s4,B,2009-s4-B-GE,P1374,P1264,5,5,,games-tally
2009-s4-B-GE-2-3,2009-s4,B,2009-s4-B-GE,P1234,P1308,6,4,P1234,games-tally
2009-s4-B-GE-2-4,2009-s4,B,2009-s4-B-GE,P1234,P1285,8,2,P1234,games-tally
2009-s4-B-GE-2-5,2009-s4,B,2009-s4-B-GE,P1234,P1264,7,3,P1234,games-tally
2009-s4-B-GE-2-6,2009-s4,B,2009-s4-B-GE,P1234,P1187,5,5,,games-tally
2009-s4-B-GE-3-4,2009-s4,B,2009-s4-B-GE,P1308,P1285,3,7,P1285,games-tally
2009-s4-B-GE-3-5,2009-s4,B,2009-s4-B-GE,P1308,P1264,3,7,P1264,games-tally
2009-s4-B-GE-4-5,2009-s4,B,2009-s4-B-GE,P1285,P1264,3,7,P1264,games-tally
2009-s4-B-GE-4-6,2009-s4,B,2009-s4-B-GE,P1285,P1187,5,5,,games-tally
2009-s6-A-GA-0-1,2009-s6,A,2009-s6-A-GA,P0196,P1030,5,5,,games-tally
2009-s6-A-GA-0-2,2009-s6,A,2009-s6-A-GA,P0196,P1300,4,6,P1300,games-tally
2009-s6-A-GA-0-3,2009-s6,A,2009-s6-A-GA,P0196,P1375,6,4,P0196,games-tally
2009-s6-A-GA-0-4,2009-s6,A,2009-s6-A-GA,P0196,P0029,4,6,P0029,games-tally
2009-s6-A-GA-0-5,2009-s6,A,2009-s6-A-GA,P0196,P0073,4,6,P0073,games-tally
2009-s6-A-GA-0-6,2009-s6,A,2009-s6-A-GA,P0196,P1053,4,6,P1053,games-tally
2009-s6-A-GA-1-2,2009-s6,A,2009-s6-A-GA,P1030,P1300,8,2,P1030,games-tally
2009-s6-A-GA-1-3,2009-s6,A,2009-s6-A-GA,P1030,P1375,5,5,,games-tally
2009-s6-A-GA-1-4,2009-s6,A,2009-s6-A-GA,P1030,P0029,1,9,P0029,games-tally
2009-s6-A-GA-1-5,2009-s6,A,2009-s6-A-GA,P1030,P0073,8,2,P1030,games-tally
2009-s6-A-GA-1-6,2009-s6,A,2009-s6-A-GA,P1030,P1053,6,4,P1030,games-tally
2009-s6-A-GA-2-3,2009-s6,A,2009-s6-A-GA,P1300,P1375,10,0,P1300,games-tally
2009-s6-A-GA-2-4,2009-s6,A,2009-s6-A-GA,P1300,P0029,4,6,P0029,games-tally
2009-s6-A-GA-2-5,2009-s6,A,2009-s6-A-GA,P1300,P0073,3,7,P0073,games-tally
2009-s6-A-GA-2-6,2009-s6,A,2009-s6-A-GA,P1300,P1053,7,3,P1300,games-tally
2009-s6-A-GA-3-4,2009-s6,A,2009-s6-A-GA,P1375,P0029,5,5,,games-tally
2009-s6-A-GA-3-5,2009-s6,A,2009-s6-A-GA,P1375,P0073,5,5,,games-tally
2009-s6-A-GA-3-6,2009-s6,A,2009-s6-A-GA,P1375,P1053,7,3,P1375,games-tally
2009-s6-A-GA-4-5,2009-s6,A,2009-s6-A-GA,P0029,P0073,4,6,P0073,games-tally
2009-s6-A-GA-4-6,2009-s6,A,2009-s6-A-GA,P0029,P1053,6,4,P0029,games-tally
2009-s6-A-GA-5-6,2009-s6,A,2009-s6-A-GA,P0073,P1053,6,4,P0073,games-tally
2009-s6-A-GB-0-1,2009-s6,A,2009-s6-A-GB,P1215,P0565,1,9,P0565,games-tally
2009-s6-A-GB-0-2,2009-s6,A,2009-s6-A-GB,P1215,P1226,1,9,P1226,games-tally
2009-s6-A-GB-0-3,2009-s6,A,2009-s6-A-GB,P1215,P0772,6,4,P1215,games-tally
2009-s6-A-GB-0-4,2009-s6,A,2009-s6-A-GB,P1215,P0921,6,4,P1215,games-tally
2009-s6-A-GB-0-5,2009-s6,A,2009-s6-A-GB,P1215,P1054,6,4,P1215,games-tally
2009-s6-A-GB-0-6,2009-s6,A,2009-s6-A-GB,P1215,P1391,9,1,P1215,games-tally
2009-s6-A-GB-1-2,2009-s6,A,2009-s6-A-GB,P0565,P1226,0,10,P1226,games-tally
2009-s6-A-GB-1-3,2009-s6,A,2009-s6-A-GB,P0565,P0772,0,10,P0772,games-tally
2009-s6-A-GB-1-4,2009-s6,A,2009-s6-A-GB,P0565,P0921,0,10,P0921,games-tally
2009-s6-A-GB-2-3,2009-s6,A,2009-s6-A-GB,P1226,P0772,8,2,P1226,games-tally
2009-s6-A-GB-2-4,2009-s6,A,2009-s6-A-GB,P1226,P0921,5,5,,games-tally
2009-s6-A-GB-2-5,2009-s6,A,2009-s6-A-GB,P1226,P1054,10,0,P1226,games-tally
2009-s6-A-GB-2-6,2009-s6,A,2009-s6-A-GB,P1226,P1391,10,0,P1226,games-tally
2009-s6-A-GB-3-4,2009-s6,A,2009-s6-A-GB,P0772,P0921,2,8,P0921,games-tally
2009-s6-A-GB-3-5,2009-s6,A,2009-s6-A-GB,P0772,P1054,10,0,P0772,games-tally
2009-s6-A-GB-3-6,2009-s6,A,2009-s6-A-GB,P0772,P1391,6,4,P0772,games-tally
2009-s6-A-GC-0-1,2009-s6,A,2009-s6-A-GC,P1238,P1267,6,4,P1238,games-tally
2009-s6-A-GC-0-3,2009-s6,A,2009-s6-A-GC,P1238,P0024,6,4,P1238,games-tally
2009-s6-A-GC-0-4,2009-s6,A,2009-s6-A-GC,P1238,P0962,3,7,P0962,games-tally
2009-s6-A-GC-0-5,2009-s6,A,2009-s6-A-GC,P1238,P1382,4,6,P1382,games-tally
2009-s6-A-GC-0-6,2009-s6,A,2009-s6-A-GC,P1238,P0140,1,9,P0140,games-tally
2009-s6-A-GC-1-2,2009-s6,A,2009-s6-A-GC,P1267,P0585,4,6,P0585,games-tally
2009-s6-A-GC-1-3,2009-s6,A,2009-s6-A-GC,P1267,P0024,4,6,P0024,games-tally
2009-s6-A-GC-1-4,2009-s6,A,2009-s6-A-GC,P1267,P0962,3,7,P0962,games-tally
2009-s6-A-GC-1-5,2009-s6,A,2009-s6-A-GC,P1267,P1382,2,8,P1382,games-tally
2009-s6-A-GC-1-6,2009-s6,A,2009-s6-A-GC,P1267,P0140,7,3,P1267,games-tally
2009-s6-A-GC-2-4,2009-s6,A,2009-s6-A-GC,P0585,P0962,4,6,P0962,games-tally
2009-s6-A-GC-2-5,2009-s6,A,2009-s6-A-GC,P0585,P1382,8,2,P0585,games-tally
2009-s6-A-GC-2-6,2009-s6,A,2009-s6-A-GC,P0585,P0140,4,6,P0140,games-tally
2009-s6-A-GC-3-4,2009-s6,A,2009-s6-A-GC,P0024,P0962,6,4,P0024,games-tally
2009-s6-A-GC-3-5,2009-s6,A,2009-s6-A-GC,P0024,P1382,3,7,P1382,games-tally
2009-s6-A-GC-3-6,2009-s6,A,2009-s6-A-GC,P0024,P0140,1,9,P0140,games-tally
2009-s6-A-GC-4-5,2009-s6,A,2009-s6-A-GC,P0962,P1382,6,4,P0962,games-tally
2009-s6-A-GC-4-6,2009-s6,A,2009-s6-A-GC,P0962,P0140,2,8,P0140,games-tally
2009-s6-A-GC-5-6,2009-s6,A,2009-s6-A-GC,P1382,P0140,5,5,,games-tally
2009-s6-A-GD-0-1,2009-s6,A,2009-s6-A-GD,P0951,P1283,6,4,P0951,games-tally
2009-s6-A-GD-0-2,2009-s6,A,2009-s6-A-GD,P0951,P1158,9,1,P0951,games-tally
2009-s6-A-GD-0-3,2009-s6,A,2009-s6-A-GD,P0951,P1311,9,1,P0951,games-tally
2009-s6-A-GD-0-4,2009-s6,A,2009-s6-A-GD,P0951,P1334,7,3,P0951,games-tally
2009-s6-A-GD-0-5,2009-s6,A,2009-s6-A-GD,P0951,P1096,10,0,P0951,games-tally
2009-s6-A-GD-0-6,2009-s6,A,2009-s6-A-GD,P0951,P1381,6,4,P0951,games-tally
2009-s6-A-GD-1-2,2009-s6,A,2009-s6-A-GD,P1283,P1158,0,10,P1158,games-tally
2009-s6-A-GD-1-3,2009-s6,A,2009-s6-A-GD,P1283,P1311,9,1,P1283,games-tally
2009-s6-A-GD-1-4,2009-s6,A,2009-s6-A-GD,P1283,P1334,3,7,P1334,games-tally
2009-s6-A-GD-1-5,2009-s6,A,2009-s6-A-GD,P1283,P1096,6,4,P1283,games-tally
2009-s6-A-GD-1-6,2009-s6,A,2009-s6-A-GD,P1283,P1381,8,2,P1283,games-tally
2009-s6-A-GD-2-4,2009-s6,A,2009-s6-A-GD,P1158,P1334,0,10,P1334,games-tally
2009-s6-A-GD-2-5,2009-s6,A,2009-s6-A-GD,P1158,P1096,0,10,P1096,games-tally
2009-s6-A-GD-2-6,2009-s6,A,2009-s6-A-GD,P1158,P1381,0,10,P1381,games-tally
2009-s6-A-GD-3-4,2009-s6,A,2009-s6-A-GD,P1311,P1334,1,9,P1334,games-tally
2009-s6-A-GD-3-5,2009-s6,A,2009-s6-A-GD,P1311,P1096,3,7,P1096,games-tally
2009-s6-A-GD-3-6,2009-s6,A,2009-s6-A-GD,P1311,P1381,5,5,,games-tally
2009-s6-A-GD-4-5,2009-s6,A,2009-s6-A-GD,P1334,P1096,5,5,,games-tally
2009-s6-A-GD-4-6,2009-s6,A,2009-s6-A-GD,P1334,P1381,9,1,P1334,games-tally
2009-s6-A-GD-5-6,2009-s6,A,2009-s6-A-GD,P1096,P1381,6,4,P1096,games-tally
2009-s6-A-GF-0-1,2009-s6,A,2009-s6-A-GF,P1075,P1251,2,8,P1251,games-tally
2009-s6-A-GF-0-3,2009-s6,A,2009-s6-A-GF,P1075,P0969,10,0,P1075,games-tally
2009-s6-A-GF-0-4,2009-s6,A,2009-s6-A-GF,P1075,P1377,10,0,P1075,games-tally
2009-s6-A-GF-0-5,2009-s6,A,2009-s6-A-GF,P1075,P0948,8,2,P1075,games-tally
2009-s6-A-GF-0-6,2009-s6,A,2009-s6-A-GF,P1075,P1212,6,4,P1075,games-tally
2009-s6-A-GF-1-3,2009-s6,A,2009-s6-A-GF,P1251,P0969,6,4,P1251,games-tally
2009-s6-A-GF-1-4,2009-s6,A,2009-s6-A-GF,P1251,P1377,7,3,P1251,games-tally
2009-s6-A-GF-1-5,2009-s6,A,2009-s6-A-GF,P1251,P0948,6,4,P1251,games-tally
2009-s6-A-GF-1-6,2009-s6,A,2009-s6-A-GF,P1251,P1212,6,4,P1251,games-tally
2009-s6-A-GF-2-4,2009-s6,A,2009-s6-A-GF,P1180,P1377,6,4,P1180,games-tally
2009-s6-A-GF-2-6,2009-s6,A,2009-s6-A-GF,P1180,P1212,9,1,P1180,games-tally
2009-s6-A-GF-3-4,2009-s6,A,2009-s6-A-GF,P0969,P1377,8,2,P0969,games-tally
2009-s6-A-GF-3-5,2009-s6,A,2009-s6-A-GF,P0969,P0948,8,2,P0969,games-tally
2009-s6-A-GF-4-5,2009-s6,A,2009-s6-A-GF,P1377,P0948,3,7,P0948,games-tally
2009-s6-A-GF-4-6,2009-s6,A,2009-s6-A-GF,P1377,P1212,7,3,P1377,games-tally
2009-s6-A-GF-5-6,2009-s6,A,2009-s6-A-GF,P0948,P1212,7,3,P0948,games-tally
2009-s6-A-GG-0-1,2009-s6,A,2009-s6-A-GG,P1325,P0051,0,10,P0051,games-tally
2009-s6-A-GG-0-2,2009-s6,A,2009-s6-A-GG,P1325,P1390,5,5,,games-tally
2009-s6-A-GG-0-3,2009-s6,A,2009-s6-A-GG,P1325,P0753,5,5,,games-tally
2009-s6-A-GG-0-4,2009-s6,A,2009-s6-A-GG,P1325,P0658,0,10,P0658,games-tally
2009-s6-A-GG-0-5,2009-s6,A,2009-s6-A-GG,P1325,P1088,0,10,P1088,games-tally
2009-s6-A-GG-0-6,2009-s6,A,2009-s6-A-GG,P1325,P1063,4,6,P1063,games-tally
2009-s6-A-GG-1-2,2009-s6,A,2009-s6-A-GG,P0051,P1390,6,4,P0051,games-tally
2009-s6-A-GG-1-4,2009-s6,A,2009-s6-A-GG,P0051,P0658,0,10,P0658,games-tally
2009-s6-A-GG-1-5,2009-s6,A,2009-s6-A-GG,P0051,P1088,4,6,P1088,games-tally
2009-s6-A-GG-1-6,2009-s6,A,2009-s6-A-GG,P0051,P1063,0,10,P1063,games-tally
2009-s6-A-GG-2-4,2009-s6,A,2009-s6-A-GG,P1390,P0658,3,7,P0658,games-tally
2009-s6-A-GG-2-5,2009-s6,A,2009-s6-A-GG,P1390,P1088,5,5,,games-tally
2009-s6-A-GG-2-6,2009-s6,A,2009-s6-A-GG,P1390,P1063,4,6,P1063,games-tally
2009-s6-A-GG-3-4,2009-s6,A,2009-s6-A-GG,P0753,P0658,0,10,P0658,games-tally
2009-s6-A-GG-3-5,2009-s6,A,2009-s6-A-GG,P0753,P1088,1,9,P1088,games-tally
2009-s6-A-GG-4-5,2009-s6,A,2009-s6-A-GG,P0658,P1088,4,6,P1088,games-tally
2009-s6-A-GG-4-6,2009-s6,A,2009-s6-A-GG,P0658,P1063,6,4,P0658,games-tally
2009-s6-A-GG-5-6,2009-s6,A,2009-s6-A-GG,P1088,P1063,6,4,P1088,games-tally
2009-s6-A-GH-0-5,2009-s6,A,2009-s6-A-GH,P0662,P1233,7,3,P0662,games-tally
2009-s6-A-GH-0-6,2009-s6,A,2009-s6-A-GH,P0662,P1348,0,10,P1348,games-tally
2009-s6-A-GH-1-2,2009-s6,A,2009-s6-A-GH,P1263,P0984,4,6,P0984,games-tally
2009-s6-A-GH-1-3,2009-s6,A,2009-s6-A-GH,P1263,P1380,0,10,P1380,games-tally
2009-s6-A-GH-1-6,2009-s6,A,2009-s6-A-GH,P1263,P1348,0,10,P1348,games-tally
2009-s6-A-GH-2-3,2009-s6,A,2009-s6-A-GH,P0984,P1380,6,4,P0984,games-tally
2009-s6-A-GH-2-4,2009-s6,A,2009-s6-A-GH,P0984,P0273,6,4,P0984,games-tally
2009-s6-A-GH-2-5,2009-s6,A,2009-s6-A-GH,P0984,P1233,7,3,P0984,games-tally
2009-s6-A-GH-2-6,2009-s6,A,2009-s6-A-GH,P0984,P1348,0,10,P1348,games-tally
2009-s6-A-GH-3-4,2009-s6,A,2009-s6-A-GH,P1380,P0273,9,1,P1380,games-tally
2009-s6-A-GH-3-5,2009-s6,A,2009-s6-A-GH,P1380,P1233,2,8,P1233,games-tally
2009-s6-A-GH-3-6,2009-s6,A,2009-s6-A-GH,P1380,P1348,6,4,P1380,games-tally
2009-s6-A-GH-4-6,2009-s6,A,2009-s6-A-GH,P0273,P1348,7,3,P0273,games-tally
2009-s6-A-GH-5-6,2009-s6,A,2009-s6-A-GH,P1233,P1348,6,4,P1233,games-tally
2009-s6-B-GA-0-1,2009-s6,B,2009-s6-B-GA,P1032,P1097,3,7,P1097,games-tally
2009-s6-B-GA-0-2,2009-s6,B,2009-s6-B-GA,P1032,P1203,6,4,P1032,games-tally
2009-s6-B-GA-0-3,2009-s6,B,2009-s6-B-GA,P1032,P1277,4,6,P1277,games-tally
2009-s6-B-GA-0-4,2009-s6,B,2009-s6-B-GA,P1032,P1200,2,8,P1200,games-tally
2009-s6-B-GA-0-5,2009-s6,B,2009-s6-B-GA,P1032,P1264,3,7,P1264,games-tally
2009-s6-B-GA-1-2,2009-s6,B,2009-s6-B-GA,P1097,P1203,7,3,P1097,games-tally
2009-s6-B-GA-1-3,2009-s6,B,2009-s6-B-GA,P1097,P1277,4,6,P1277,games-tally
2009-s6-B-GA-1-4,2009-s6,B,2009-s6-B-GA,P1097,P1200,7,3,P1097,games-tally
2009-s6-B-GA-1-5,2009-s6,B,2009-s6-B-GA,P1097,P1264,3,7,P1264,games-tally
2009-s6-B-GA-1-6,2009-s6,B,2009-s6-B-GA,P1097,P0447,7,3,P1097,games-tally
2009-s6-B-GA-2-3,2009-s6,B,2009-s6-B-GA,P1203,P1277,0,10,P1277,games-tally
2009-s6-B-GA-2-4,2009-s6,B,2009-s6-B-GA,P1203,P1200,6,4,P1203,games-tally
2009-s6-B-GA-2-5,2009-s6,B,2009-s6-B-GA,P1203,P1264,5,5,,games-tally
2009-s6-B-GA-2-6,2009-s6,B,2009-s6-B-GA,P1203,P0447,4,6,P0447,games-tally
2009-s6-B-GA-3-4,2009-s6,B,2009-s6-B-GA,P1277,P1200,3,7,P1200,games-tally
2009-s6-B-GA-3-5,2009-s6,B,2009-s6-B-GA,P1277,P1264,7,3,P1277,games-tally
2009-s6-B-GA-3-6,2009-s6,B,2009-s6-B-GA,P1277,P0447,7,3,P1277,games-tally
2009-s6-B-GA-4-5,2009-s6,B,2009-s6-B-GA,P1200,P1264,5,5,,games-tally
2009-s6-B-GA-4-6,2009-s6,B,2009-s6-B-GA,P1200,P0447,6,4,P1200,games-tally
2009-s6-B-GA-5-6,2009-s6,B,2009-s6-B-GA,P1264,P0447,6,4,P1264,games-tally
2009-s6-B-GB-0-1,2009-s6,B,2009-s6-B-GB,P1387,P1254,0,10,P1254,games-tally
2009-s6-B-GB-0-2,2009-s6,B,2009-s6-B-GB,P1387,P1246,1,9,P1246,games-tally
2009-s6-B-GB-0-4,2009-s6,B,2009-s6-B-GB,P1387,P1328,2,8,P1328,games-tally
2009-s6-B-GB-0-5,2009-s6,B,2009-s6-B-GB,P1387,P0296,3,7,P0296,games-tally
2009-s6-B-GB-0-6,2009-s6,B,2009-s6-B-GB,P1387,P1286,1,9,P1286,games-tally
2009-s6-B-GB-1-2,2009-s6,B,2009-s6-B-GB,P1254,P1246,0,10,P1246,games-tally
2009-s6-B-GB-1-4,2009-s6,B,2009-s6-B-GB,P1254,P1328,0,10,P1328,games-tally
2009-s6-B-GB-1-5,2009-s6,B,2009-s6-B-GB,P1254,P0296,4,6,P0296,games-tally
2009-s6-B-GB-1-6,2009-s6,B,2009-s6-B-GB,P1254,P1286,1,9,P1286,games-tally
2009-s6-B-GB-2-3,2009-s6,B,2009-s6-B-GB,P1246,P1314,3,7,P1314,games-tally
2009-s6-B-GB-2-4,2009-s6,B,2009-s6-B-GB,P1246,P1328,7,3,P1246,games-tally
2009-s6-B-GB-2-5,2009-s6,B,2009-s6-B-GB,P1246,P0296,7,3,P1246,games-tally
2009-s6-B-GB-2-6,2009-s6,B,2009-s6-B-GB,P1246,P1286,6,4,P1246,games-tally
2009-s6-B-GB-3-4,2009-s6,B,2009-s6-B-GB,P1314,P1328,6,4,P1314,games-tally
2009-s6-B-GB-3-5,2009-s6,B,2009-s6-B-GB,P1314,P0296,2,8,P0296,games-tally
2009-s6-B-GB-3-6,2009-s6,B,2009-s6-B-GB,P1314,P1286,2,8,P1286,games-tally
2009-s6-B-GB-4-5,2009-s6,B,2009-s6-B-GB,P1328,P0296,4,6,P0296,games-tally
2009-s6-B-GB-4-6,2009-s6,B,2009-s6-B-GB,P1328,P1286,5,5,,games-tally
2009-s6-B-GB-5-6,2009-s6,B,2009-s6-B-GB,P0296,P1286,5,5,,games-tally
2009-s6-B-GC-0-1,2009-s6,B,2009-s6-B-GC,P1218,P0217,0,10,P0217,games-tally
2009-s6-B-GC-0-2,2009-s6,B,2009-s6-B-GC,P1218,P1239,4,6,P1239,games-tally
2009-s6-B-GC-0-3,2009-s6,B,2009-s6-B-GC,P1218,P1309,0,10,P1309,games-tally
2009-s6-B-GC-0-4,2009-s6,B,2009-s6-B-GC,P1218,P1342,2,8,P1342,games-tally
2009-s6-B-GC-0-5,2009-s6,B,2009-s6-B-GC,P1218,P1262,4,6,P1262,games-tally
2009-s6-B-GC-0-6,2009-s6,B,2009-s6-B-GC,P1218,P1371,4,6,P1371,games-tally
2009-s6-B-GC-1-2,2009-s6,B,2009-s6-B-GC,P0217,P1239,6,4,P0217,games-tally
2009-s6-B-GC-1-3,2009-s6,B,2009-s6-B-GC,P0217,P1309,4,6,P1309,games-tally
2009-s6-B-GC-1-4,2009-s6,B,2009-s6-B-GC,P0217,P1342,4,6,P1342,games-tally
2009-s6-B-GC-1-5,2009-s6,B,2009-s6-B-GC,P0217,P1262,4,6,P1262,games-tally
2009-s6-B-GC-1-6,2009-s6,B,2009-s6-B-GC,P0217,P1371,6,4,P0217,games-tally
2009-s6-B-GC-2-3,2009-s6,B,2009-s6-B-GC,P1239,P1309,6,4,P1239,games-tally
2009-s6-B-GC-2-4,2009-s6,B,2009-s6-B-GC,P1239,P1342,9,1,P1239,games-tally
2009-s6-B-GC-2-5,2009-s6,B,2009-s6-B-GC,P1239,P1262,9,1,P1239,games-tally
2009-s6-B-GC-2-6,2009-s6,B,2009-s6-B-GC,P1239,P1371,8,2,P1239,games-tally
2009-s6-B-GC-3-4,2009-s6,B,2009-s6-B-GC,P1309,P1342,4,6,P1342,games-tally
2009-s6-B-GC-3-5,2009-s6,B,2009-s6-B-GC,P1309,P1262,6,4,P1309,games-tally
2009-s6-B-GC-4-5,2009-s6,B,2009-s6-B-GC,P1342,P1262,4,6,P1262,games-tally
2009-s6-B-GC-4-6,2009-s6,B,2009-s6-B-GC,P1342,P1371,4,6,P1371,games-tally
2009-s6-B-GC-5-6,2009-s6,B,2009-s6-B-GC,P1262,P1371,6,4,P1262,games-tally
2009-s6-B-GD-0-1,2009-s6,B,2009-s6-B-GD,P0359,P1106,0,10,P1106,games-tally
2009-s6-B-GD-0-2,2009-s6,B,2009-s6-B-GD,P0359,P1199,3,7,P1199,games-tally
2009-s6-B-GD-0-4,2009-s6,B,2009-s6-B-GD,P0359,P1313,4,6,P1313,games-tally
2009-s6-B-GD-0-5,2009-s6,B,2009-s6-B-GD,P0359,P1321,2,8,P1321,games-tally
2009-s6-B-GD-0-6,2009-s6,B,2009-s6-B-GD,P0359,P1228,4,6,P1228,games-tally
2009-s6-B-GD-1-2,2009-s6,B,2009-s6-B-GD,P1106,P1199,6,4,P1106,games-tally
2009-s6-B-GD-1-3,2009-s6,B,2009-s6-B-GD,P1106,P0841,10,0,P1106,games-tally
2009-s6-B-GD-1-4,2009-s6,B,2009-s6-B-GD,P1106,P1313,10,0,P1106,games-tally
2009-s6-B-GD-1-5,2009-s6,B,2009-s6-B-GD,P1106,P1321,5,5,,games-tally
2009-s6-B-GD-1-6,2009-s6,B,2009-s6-B-GD,P1106,P1228,5,5,,games-tally
2009-s6-B-GD-2-3,2009-s6,B,2009-s6-B-GD,P1199,P0841,7,3,P1199,games-tally
2009-s6-B-GD-2-4,2009-s6,B,2009-s6-B-GD,P1199,P1313,6,4,P1199,games-tally
2009-s6-B-GD-2-5,2009-s6,B,2009-s6-B-GD,P1199,P1321,7,3,P1199,games-tally
2009-s6-B-GD-2-6,2009-s6,B,2009-s6-B-GD,P1199,P1228,4,6,P1228,games-tally
2009-s6-B-GD-3-5,2009-s6,B,2009-s6-B-GD,P0841,P1321,4,6,P1321,games-tally
2009-s6-B-GD-3-6,2009-s6,B,2009-s6-B-GD,P0841,P1228,5,5,,games-tally
2009-s6-B-GD-4-5,2009-s6,B,2009-s6-B-GD,P1313,P1321,3,7,P1321,games-tally
2009-s6-B-GD-4-6,2009-s6,B,2009-s6-B-GD,P1313,P1228,3,7,P1228,games-tally
2009-s6-B-GD-5-6,2009-s6,B,2009-s6-B-GD,P1321,P1228,6,4,P1321,games-tally
2009-s6-B-GE-0-1,2009-s6,B,2009-s6-B-GE,P1250,P1248,7,3,P1250,games-tally
2009-s6-B-GE-0-2,2009-s6,B,2009-s6-B-GE,P1250,P1095,7,3,P1250,games-tally
2009-s6-B-GE-0-3,2009-s6,B,2009-s6-B-GE,P1250,P1363,4,6,P1363,games-tally
2009-s6-B-GE-0-4,2009-s6,B,2009-s6-B-GE,P1250,P0248,4,6,P0248,games-tally
2009-s6-B-GE-0-6,2009-s6,B,2009-s6-B-GE,P1250,P1367,10,0,P1250,games-tally
2009-s6-B-GE-1-3,2009-s6,B,2009-s6-B-GE,P1248,P1363,6,4,P1248,games-tally
2009-s6-B-GE-1-4,2009-s6,B,2009-s6-B-GE,P1248,P0248,2,8,P0248,games-tally
2009-s6-B-GE-1-5,2009-s6,B,2009-s6-B-GE,P1248,P1356,2,8,P1356,games-tally
2009-s6-B-GE-1-6,2009-s6,B,2009-s6-B-GE,P1248,P1367,10,0,P1248,games-tally
2009-s6-B-GE-2-3,2009-s6,B,2009-s6-B-GE,P1095,P1363,6,4,P1095,games-tally
2009-s6-B-GE-2-4,2009-s6,B,2009-s6-B-GE,P1095,P0248,3,7,P0248,games-tally
2009-s6-B-GE-2-6,2009-s6,B,2009-s6-B-GE,P1095,P1367,10,0,P1095,games-tally
2009-s6-B-GE-3-4,2009-s6,B,2009-s6-B-GE,P1363,P0248,3,7,P0248,games-tally
2009-s6-B-GE-3-6,2009-s6,B,2009-s6-B-GE,P1363,P1367,10,0,P1363,games-tally
2009-s6-B-GE-4-5,2009-s6,B,2009-s6-B-GE,P0248,P1356,10,0,P0248,games-tally
2009-s6-B-GE-4-6,2009-s6,B,2009-s6-B-GE,P0248,P1367,8,2,P0248,games-tally
2009-s6-B-GE-5-6,2009-s6,B,2009-s6-B-GE,P1356,P1367,10,0,P1356,games-tally
2010-s1-A-GA-0-1,2010-s1,A,2010-s1-A-GA,P1388,P0658,4,6,P0658,games-tally
2010-s1-A-GA-1-3,2010-s1,A,2010-s1-A-GA,P0658,P1545,9,1,P0658,games-tally
2010-s1-A-GA-1-4,2010-s1,A,2010-s1-A-GA,P0658,P1262,6,4,P0658,games-tally
2010-s1-A-GA-1-5,2010-s1,A,2010-s1-A-GA,P0658,P1340,2,8,P1340,games-tally
2010-s1-A-GA-1-6,2010-s1,A,2010-s1-A-GA,P0658,P1074,6,4,P0658,games-tally
2010-s1-A-GA-2-5,2010-s1,A,2010-s1-A-GA,P1057,P1340,4,6,P1340,games-tally
2010-s1-A-GA-3-4,2010-s1,A,2010-s1-A-GA,P1545,P1262,6,4,P1545,games-tally
2010-s1-A-GA-3-5,2010-s1,A,2010-s1-A-GA,P1545,P1340,6,4,P1545,games-tally
2010-s1-A-GA-4-5,2010-s1,A,2010-s1-A-GA,P1262,P1340,1,9,P1340,games-tally
2010-s1-A-GA-5-6,2010-s1,A,2010-s1-A-GA,P1340,P1074,7,3,P1340,games-tally
2010-s1-A-GB-0-1,2010-s1,A,2010-s1-A-GB,P1054,P1286,6,4,P1054,games-tally
2010-s1-A-GB-0-2,2010-s1,A,2010-s1-A-GB,P1054,P1425,3,7,P1425,games-tally
2010-s1-A-GB-0-3,2010-s1,A,2010-s1-A-GB,P1054,P0754,4,6,P0754,games-tally
2010-s1-A-GB-0-4,2010-s1,A,2010-s1-A-GB,P1054,P1233,5,5,,games-tally
2010-s1-A-GB-0-5,2010-s1,A,2010-s1-A-GB,P1054,P0140,3,7,P0140,games-tally
2010-s1-A-GB-0-6,2010-s1,A,2010-s1-A-GB,P1054,P1496,4,6,P1496,games-tally
2010-s1-A-GB-1-2,2010-s1,A,2010-s1-A-GB,P1286,P1425,6,4,P1286,games-tally
2010-s1-A-GB-2-3,2010-s1,A,2010-s1-A-GB,P1425,P0754,7,3,P1425,games-tally
2010-s1-A-GB-2-4,2010-s1,A,2010-s1-A-GB,P1425,P1233,4,6,P1233,games-tally
2010-s1-A-GB-2-5,2010-s1,A,2010-s1-A-GB,P1425,P0140,7,3,P1425,games-tally
2010-s1-A-GB-2-6,2010-s1,A,2010-s1-A-GB,P1425,P1496,3,7,P1496,games-tally
2010-s1-A-GB-3-5,2010-s1,A,2010-s1-A-GB,P0754,P0140,4,6,P0140,games-tally
2010-s1-A-GB-4-5,2010-s1,A,2010-s1-A-GB,P1233,P0140,2,8,P0140,games-tally
2010-s1-A-GB-5-6,2010-s1,A,2010-s1-A-GB,P0140,P1496,8,2,P0140,games-tally
2010-s1-A-GC-0-2,2010-s1,A,2010-s1-A-GC,P1405,P1429,4,6,P1429,games-tally
2010-s1-A-GC-0-4,2010-s1,A,2010-s1-A-GC,P1405,P1215,4,6,P1215,games-tally
2010-s1-A-GC-1-2,2010-s1,A,2010-s1-A-GC,P0024,P1429,5,5,,games-tally
2010-s1-A-GC-1-3,2010-s1,A,2010-s1-A-GC,P0024,P0029,3,7,P0029,games-tally
2010-s1-A-GC-1-4,2010-s1,A,2010-s1-A-GC,P0024,P1215,6,4,P0024,games-tally
2010-s1-A-GC-2-3,2010-s1,A,2010-s1-A-GC,P1429,P0029,1,9,P0029,games-tally
2010-s1-A-GC-2-4,2010-s1,A,2010-s1-A-GC,P1429,P1215,3,7,P1215,games-tally
2010-s1-A-GC-2-5,2010-s1,A,2010-s1-A-GC,P1429,P1481,4,6,P1481,games-tally
2010-s1-A-GC-3-4,2010-s1,A,2010-s1-A-GC,P0029,P1215,5,5,,games-tally
2010-s1-A-GC-3-5,2010-s1,A,2010-s1-A-GC,P0029,P1481,4,6,P1481,games-tally
2010-s1-A-GC-4-5,2010-s1,A,2010-s1-A-GC,P1215,P1481,6,4,P1215,games-tally
2010-s1-A-GC-4-6,2010-s1,A,2010-s1-A-GC,P1215,P1289,7,3,P1215,games-tally
2010-s1-A-GD-0-2,2010-s1,A,2010-s1-A-GD,P1278,P1450,0,10,P1450,games-tally
2010-s1-A-GD-0-5,2010-s1,A,2010-s1-A-GD,P1278,P1249,0,10,P1249,games-tally
2010-s1-A-GD-1-2,2010-s1,A,2010-s1-A-GD,P1554,P1450,4,6,P1450,games-tally
2010-s1-A-GD-1-4,2010-s1,A,2010-s1-A-GD,P1554,P0294,3,7,P0294,games-tally
2010-s1-A-GD-1-5,2010-s1,A,2010-s1-A-GD,P1554,P1249,0,10,P1249,games-tally
2010-s1-A-GD-2-4,2010-s1,A,2010-s1-A-GD,P1450,P0294,6,4,P1450,games-tally
2010-s1-A-GD-2-5,2010-s1,A,2010-s1-A-GD,P1450,P1249,3,7,P1249,games-tally
2010-s1-A-GD-3-6,2010-s1,A,2010-s1-A-GD,P1051,P1075,4,6,P1075,games-tally
2010-s1-A-GD-4-5,2010-s1,A,2010-s1-A-GD,P0294,P1249,4,6,P1249,games-tally
2010-s1-A-GD-4-6,2010-s1,A,2010-s1-A-GD,P0294,P1075,5,5,,games-tally
2010-s1-A-GD-5-6,2010-s1,A,2010-s1-A-GD,P1249,P1075,4,6,P1075,games-tally
2010-s1-A-GE-0-1,2010-s1,A,2010-s1-A-GE,P1381,P1426,2,8,P1426,games-tally
2010-s1-A-GE-0-2,2010-s1,A,2010-s1-A-GE,P1381,P1539,2,8,P1539,games-tally
2010-s1-A-GE-0-3,2010-s1,A,2010-s1-A-GE,P1381,P1514,1,9,P1514,games-tally
2010-s1-A-GE-0-4,2010-s1,A,2010-s1-A-GE,P1381,P1453,3,7,P1453,games-tally
2010-s1-A-GE-0-5,2010-s1,A,2010-s1-A-GE,P1381,P1063,4,6,P1063,games-tally
2010-s1-A-GE-0-6,2010-s1,A,2010-s1-A-GE,P1381,P1096,6,4,P1381,games-tally
2010-s1-A-GE-1-4,2010-s1,A,2010-s1-A-GE,P1426,P1453,7,3,P1426,games-tally
2010-s1-A-GE-1-5,2010-s1,A,2010-s1-A-GE,P1426,P1063,6,4,P1426,games-tally
2010-s1-A-GE-1-6,2010-s1,A,2010-s1-A-GE,P1426,P1096,3,7,P1096,games-tally
2010-s1-A-GE-2-3,2010-s1,A,2010-s1-A-GE,P1539,P1514,6,4,P1539,games-tally
2010-s1-A-GE-2-5,2010-s1,A,2010-s1-A-GE,P1539,P1063,3,7,P1063,games-tally
2010-s1-A-GE-3-5,2010-s1,A,2010-s1-A-GE,P1514,P1063,6,4,P1514,games-tally
2010-s1-A-GE-3-6,2010-s1,A,2010-s1-A-GE,P1514,P1096,6,4,P1514,games-tally
2010-s1-A-GE-4-5,2010-s1,A,2010-s1-A-GE,P1453,P1063,4,6,P1063,games-tally
2010-s1-A-GE-5-6,2010-s1,A,2010-s1-A-GE,P1063,P1096,8,2,P1063,games-tally
2010-s1-A-GF-0-1,2010-s1,A,2010-s1-A-GF,P1513,P1097,7,3,P1513,games-tally
2010-s1-A-GF-0-2,2010-s1,A,2010-s1-A-GF,P1513,P1441,3,7,P1441,games-tally
2010-s1-A-GF-0-4,2010-s1,A,2010-s1-A-GF,P1513,P0672,4,6,P0672,games-tally
2010-s1-A-GF-0-5,2010-s1,A,2010-s1-A-GF,P1513,P1380,0,10,P1380,games-tally
2010-s1-A-GF-1-2,2010-s1,A,2010-s1-A-GF,P1097,P1441,4,6,P1441,games-tally
2010-s1-A-GF-1-4,2010-s1,A,2010-s1-A-GF,P1097,P0672,1,9,P0672,games-tally
2010-s1-A-GF-1-5,2010-s1,A,2010-s1-A-GF,P1097,P1380,2,8,P1380,games-tally
2010-s1-A-GF-1-6,2010-s1,A,2010-s1-A-GF,P1097,P1512,10,0,P1097,games-tally
2010-s1-A-GF-2-3,2010-s1,A,2010-s1-A-GF,P1441,P0617,6,4,P1441,games-tally
2010-s1-A-GF-2-5,2010-s1,A,2010-s1-A-GF,P1441,P1380,5,5,,games-tally
2010-s1-A-GF-2-6,2010-s1,A,2010-s1-A-GF,P1441,P1512,10,0,P1441,games-tally
2010-s1-A-GF-3-5,2010-s1,A,2010-s1-A-GF,P0617,P1380,6,4,P0617,games-tally
2010-s1-A-GF-4-5,2010-s1,A,2010-s1-A-GF,P0672,P1380,7,3,P0672,games-tally
2010-s1-A-GF-4-6,2010-s1,A,2010-s1-A-GF,P0672,P1512,9,1,P0672,games-tally
2010-s1-A-GF-5-6,2010-s1,A,2010-s1-A-GF,P1380,P1512,7,3,P1380,games-tally
2010-s1-A-GG-0-1,2010-s1,A,2010-s1-A-GG,P1088,P1530,4,6,P1530,games-tally
2010-s1-A-GG-0-2,2010-s1,A,2010-s1-A-GG,P1088,P0196,5,5,,games-tally
2010-s1-A-GG-0-5,2010-s1,A,2010-s1-A-GG,P1088,P1521,4,6,P1521,games-tally
2010-s1-A-GG-0-6,2010-s1,A,2010-s1-A-GG,P1088,P1524,6,4,P1088,games-tally
2010-s1-A-GG-1-2,2010-s1,A,2010-s1-A-GG,P1530,P0196,8,2,P1530,games-tally
2010-s1-A-GG-1-3,2010-s1,A,2010-s1-A-GG,P1530,P1491,6,4,P1530,games-tally
2010-s1-A-GG-1-4,2010-s1,A,2010-s1-A-GG,P1530,P1508,4,6,P1508,games-tally
2010-s1-A-GG-1-5,2010-s1,A,2010-s1-A-GG,P1530,P1521,4,6,P1521,games-tally
2010-s1-A-GG-1-6,2010-s1,A,2010-s1-A-GG,P1530,P1524,7,3,P1530,games-tally
2010-s1-A-GG-2-5,2010-s1,A,2010-s1-A-GG,P0196,P1521,4,6,P1521,games-tally
2010-s1-A-GG-2-6,2010-s1,A,2010-s1-A-GG,P0196,P1524,8,2,P0196,games-tally
2010-s1-A-GG-3-4,2010-s1,A,2010-s1-A-GG,P1491,P1508,7,3,P1491,games-tally
2010-s1-A-GG-3-5,2010-s1,A,2010-s1-A-GG,P1491,P1521,4,6,P1521,games-tally
2010-s1-A-GG-4-5,2010-s1,A,2010-s1-A-GG,P1508,P1521,6,4,P1508,games-tally
2010-s1-A-GG-4-6,2010-s1,A,2010-s1-A-GG,P1508,P1524,4,6,P1524,games-tally
2010-s1-A-GG-5-6,2010-s1,A,2010-s1-A-GG,P1521,P1524,6,4,P1521,games-tally
2010-s1-A-GH-0-1,2010-s1,A,2010-s1-A-GH,P1334,P0853,5,5,,games-tally
2010-s1-A-GH-0-2,2010-s1,A,2010-s1-A-GH,P1334,P0951,6,4,P1334,games-tally
2010-s1-A-GH-0-3,2010-s1,A,2010-s1-A-GH,P1334,P1300,5,5,,games-tally
2010-s1-A-GH-0-4,2010-s1,A,2010-s1-A-GH,P1334,P0969,6,4,P1334,games-tally
2010-s1-A-GH-0-6,2010-s1,A,2010-s1-A-GH,P1334,P0368,4,6,P0368,games-tally
2010-s1-A-GH-1-3,2010-s1,A,2010-s1-A-GH,P0853,P1300,4,6,P1300,games-tally
2010-s1-A-GH-1-4,2010-s1,A,2010-s1-A-GH,P0853,P0969,7,3,P0853,games-tally
2010-s1-A-GH-1-6,2010-s1,A,2010-s1-A-GH,P0853,P0368,7,3,P0853,games-tally
2010-s1-A-GH-2-3,2010-s1,A,2010-s1-A-GH,P0951,P1300,4,6,P1300,games-tally
2010-s1-A-GH-2-6,2010-s1,A,2010-s1-A-GH,P0951,P0368,4,6,P0368,games-tally
2010-s1-A-GH-3-4,2010-s1,A,2010-s1-A-GH,P1300,P0969,4,6,P0969,games-tally
2010-s1-A-GH-3-5,2010-s1,A,2010-s1-A-GH,P1300,P0245,6,4,P1300,games-tally
2010-s1-A-GH-3-6,2010-s1,A,2010-s1-A-GH,P1300,P0368,3,7,P0368,games-tally
2010-s1-A-GH-4-6,2010-s1,A,2010-s1-A-GH,P0969,P0368,6,4,P0969,games-tally
2010-s1-B-GA-0-3,2010-s1,B,2010-s1-B-GA,P1422,P1328,3,7,P1328,games-tally
2010-s1-B-GA-0-6,2010-s1,B,2010-s1-B-GA,P1422,P0344,4,6,P0344,games-tally
2010-s1-B-GA-1-3,2010-s1,B,2010-s1-B-GA,P1486,P1328,3,7,P1328,games-tally
2010-s1-B-GA-1-5,2010-s1,B,2010-s1-B-GA,P1486,P1479,3,7,P1479,games-tally
2010-s1-B-GA-2-3,2010-s1,B,2010-s1-B-GA,P1427,P1328,4,6,P1328,games-tally
2010-s1-B-GA-3-6,2010-s1,B,2010-s1-B-GA,P1328,P0344,6,4,P1328,games-tally
2010-s1-B-GB-1-2,2010-s1,B,2010-s1-B-GB,P1561,P0217,8,2,P1561,games-tally
2010-s1-B-GB-2-5,2010-s1,B,2010-s1-B-GB,P0217,P0205,4,6,P0205,games-tally
2010-s1-B-GB-3-4,2010-s1,B,2010-s1-B-GB,P1199,P0841,4,6,P0841,games-tally
2010-s1-B-GB-3-6,2010-s1,B,2010-s1-B-GB,P1199,P1420,4,6,P1420,games-tally
2010-s1-B-GB-5-6,2010-s1,B,2010-s1-B-GB,P0205,P1420,5,5,,games-tally
2010-s1-B-GC-0-1,2010-s1,B,2010-s1-B-GC,P1182,P1525,6,4,P1182,games-tally
2010-s1-B-GC-0-2,2010-s1,B,2010-s1-B-GC,P1182,P1218,4,6,P1218,games-tally
2010-s1-B-GC-0-4,2010-s1,B,2010-s1-B-GC,P1182,P0064,6,4,P1182,games-tally
2010-s1-B-GC-1-2,2010-s1,B,2010-s1-B-GC,P1525,P1218,6,4,P1525,games-tally
2010-s1-B-GC-1-4,2010-s1,B,2010-s1-B-GC,P1525,P0064,2,8,P0064,games-tally
2010-s1-B-GC-2-4,2010-s1,B,2010-s1-B-GC,P1218,P0064,4,6,P0064,games-tally
2010-s1-B-GC-2-5,2010-s1,B,2010-s1-B-GC,P1218,P1201,7,3,P1218,games-tally
2010-s1-B-GD-0-2,2010-s1,B,2010-s1-B-GD,P1416,P1506,3,7,P1506,games-tally
2010-s1-B-GD-0-3,2010-s1,B,2010-s1-B-GD,P1416,P1469,10,0,P1416,games-tally
2010-s1-B-GD-0-4,2010-s1,B,2010-s1-B-GD,P1416,P1392,5,5,,games-tally
2010-s1-B-GD-0-5,2010-s1,B,2010-s1-B-GD,P1416,P1313,7,3,P1416,games-tally
2010-s1-B-GD-0-6,2010-s1,B,2010-s1-B-GD,P1416,P1414,2,8,P1414,games-tally
2010-s1-B-GD-1-2,2010-s1,B,2010-s1-B-GD,P1264,P1506,2,8,P1506,games-tally
2010-s1-B-GD-1-3,2010-s1,B,2010-s1-B-GD,P1264,P1469,10,0,P1264,games-tally
2010-s1-B-GD-1-4,2010-s1,B,2010-s1-B-GD,P1264,P1392,6,4,P1264,games-tally
2010-s1-B-GD-1-5,2010-s1,B,2010-s1-B-GD,P1264,P1313,3,7,P1313,games-tally
2010-s1-B-GD-1-6,2010-s1,B,2010-s1-B-GD,P1264,P1414,5,5,,games-tally
2010-s1-B-GD-2-3,2010-s1,B,2010-s1-B-GD,P1506,P1469,10,0,P1506,games-tally
2010-s1-B-GD-2-4,2010-s1,B,2010-s1-B-GD,P1506,P1392,4,6,P1392,games-tally
2010-s1-B-GD-2-5,2010-s1,B,2010-s1-B-GD,P1506,P1313,6,4,P1506,games-tally
2010-s1-B-GD-2-6,2010-s1,B,2010-s1-B-GD,P1506,P1414,4,6,P1414,games-tally
2010-s1-B-GD-3-4,2010-s1,B,2010-s1-B-GD,P1469,P1392,0,10,P1392,games-tally
2010-s1-B-GD-3-5,2010-s1,B,2010-s1-B-GD,P1469,P1313,0,10,P1313,games-tally
2010-s1-B-GD-3-6,2010-s1,B,2010-s1-B-GD,P1469,P1414,0,10,P1414,games-tally
2010-s1-B-GD-4-5,2010-s1,B,2010-s1-B-GD,P1392,P1313,7,3,P1392,games-tally
2010-s1-B-GD-4-6,2010-s1,B,2010-s1-B-GD,P1392,P1414,5,5,,games-tally
2010-s2-A-GA-0-1,2010-s2,A,2010-s2-A-GA,P1334,P1425,6,4,P1334,games-tally
2010-s2-A-GA-0-2,2010-s2,A,2010-s2-A-GA,P1334,P1553,6,4,P1334,games-tally
2010-s2-A-GA-0-3,2010-s2,A,2010-s2-A-GA,P1334,P1424,7,3,P1334,games-tally
2010-s2-A-GA-0-4,2010-s2,A,2010-s2-A-GA,P1334,P0101,7,3,P1334,games-tally
2010-s2-A-GA-0-5,2010-s2,A,2010-s2-A-GA,P1334,P1554,9,1,P1334,games-tally
2010-s2-A-GA-0-6,2010-s2,A,2010-s2-A-GA,P1334,P1499,7,3,P1334,games-tally
2010-s2-A-GA-1-2,2010-s2,A,2010-s2-A-GA,P1425,P1553,6,4,P1425,games-tally
2010-s2-A-GA-1-3,2010-s2,A,2010-s2-A-GA,P1425,P1424,10,0,P1425,games-tally
2010-s2-A-GA-1-4,2010-s2,A,2010-s2-A-GA,P1425,P0101,3,7,P0101,games-tally
2010-s2-A-GA-1-5,2010-s2,A,2010-s2-A-GA,P1425,P1554,10,0,P1425,games-tally
2010-s2-A-GA-1-6,2010-s2,A,2010-s2-A-GA,P1425,P1499,6,4,P1425,games-tally
2010-s2-A-GA-2-4,2010-s2,A,2010-s2-A-GA,P1553,P0101,4,6,P0101,games-tally
2010-s2-A-GA-2-5,2010-s2,A,2010-s2-A-GA,P1553,P1554,0,10,P1554,games-tally
2010-s2-A-GA-3-4,2010-s2,A,2010-s2-A-GA,P1424,P0101,0,10,P0101,games-tally
2010-s2-A-GA-3-5,2010-s2,A,2010-s2-A-GA,P1424,P1554,0,10,P1554,games-tally
2010-s2-A-GA-3-6,2010-s2,A,2010-s2-A-GA,P1424,P1499,0,10,P1499,games-tally
2010-s2-A-GA-4-5,2010-s2,A,2010-s2-A-GA,P0101,P1554,7,3,P0101,games-tally
2010-s2-A-GA-4-6,2010-s2,A,2010-s2-A-GA,P0101,P1499,9,1,P0101,games-tally
2010-s2-A-GA-5-6,2010-s2,A,2010-s2-A-GA,P1554,P1499,9,1,P1554,games-tally
2010-s2-A-GB-0-1,2010-s2,A,2010-s2-A-GB,P1408,P1148,6,4,P1408,games-tally
2010-s2-A-GB-0-2,2010-s2,A,2010-s2-A-GB,P1408,P1215,5,5,,games-tally
2010-s2-A-GB-0-3,2010-s2,A,2010-s2-A-GB,P1408,P1413,7,3,P1408,games-tally
2010-s2-A-GB-0-4,2010-s2,A,2010-s2-A-GB,P1408,P1411,10,0,P1408,games-tally
2010-s2-A-GB-0-5,2010-s2,A,2010-s2-A-GB,P1408,P1528,7,3,P1408,games-tally
2010-s2-A-GB-0-6,2010-s2,A,2010-s2-A-GB,P1408,P1420,6,4,P1408,games-tally
2010-s2-A-GB-1-2,2010-s2,A,2010-s2-A-GB,P1148,P1215,8,2,P1148,games-tally
2010-s2-A-GB-1-3,2010-s2,A,2010-s2-A-GB,P1148,P1413,10,0,P1148,games-tally
2010-s2-A-GB-1-4,2010-s2,A,2010-s2-A-GB,P1148,P1411,6,4,P1148,games-tally
2010-s2-A-GB-1-5,2010-s2,A,2010-s2-A-GB,P1148,P1528,5,5,,games-tally
2010-s2-A-GB-1-6,2010-s2,A,2010-s2-A-GB,P1148,P1420,10,0,P1148,games-tally
2010-s2-A-GB-2-3,2010-s2,A,2010-s2-A-GB,P1215,P1413,6,4,P1215,games-tally
2010-s2-A-GB-2-4,2010-s2,A,2010-s2-A-GB,P1215,P1411,0,10,P1411,games-tally
2010-s2-A-GB-2-5,2010-s2,A,2010-s2-A-GB,P1215,P1528,1,9,P1528,games-tally
2010-s2-A-GB-2-6,2010-s2,A,2010-s2-A-GB,P1215,P1420,5,5,,games-tally
2010-s2-A-GB-3-6,2010-s2,A,2010-s2-A-GB,P1413,P1420,0,10,P1420,games-tally
2010-s2-A-GB-4-5,2010-s2,A,2010-s2-A-GB,P1411,P1528,4,6,P1528,games-tally
2010-s2-A-GB-4-6,2010-s2,A,2010-s2-A-GB,P1411,P1420,0,10,P1420,games-tally
2010-s2-A-GB-5-6,2010-s2,A,2010-s2-A-GB,P1528,P1420,3,7,P1420,games-tally
2010-s2-A-GC-0-1,2010-s2,A,2010-s2-A-GC,P1459,P0584,6,4,P1459,games-tally
2010-s2-A-GC-0-3,2010-s2,A,2010-s2-A-GC,P1459,P1381,9,1,P1459,games-tally
2010-s2-A-GC-0-4,2010-s2,A,2010-s2-A-GC,P1459,P1436,7,3,P1459,games-tally
2010-s2-A-GC-0-5,2010-s2,A,2010-s2-A-GC,P1459,P0988,6,4,P1459,games-tally
2010-s2-A-GC-0-6,2010-s2,A,2010-s2-A-GC,P1459,P1417,7,3,P1459,games-tally
2010-s2-A-GC-1-5,2010-s2,A,2010-s2-A-GC,P0584,P0988,5,5,,games-tally
2010-s2-A-GC-2-4,2010-s2,A,2010-s2-A-GC,P1566,P1436,3,7,P1436,games-tally
2010-s2-A-GC-2-5,2010-s2,A,2010-s2-A-GC,P1566,P0988,0,10,P0988,games-tally
2010-s2-A-GC-3-4,2010-s2,A,2010-s2-A-GC,P1381,P1436,5,5,,games-tally
2010-s2-A-GC-3-5,2010-s2,A,2010-s2-A-GC,P1381,P0988,3,7,P0988,games-tally
2010-s2-A-GC-3-6,2010-s2,A,2010-s2-A-GC,P1381,P1417,6,4,P1381,games-tally
2010-s2-A-GC-4-5,2010-s2,A,2010-s2-A-GC,P1436,P0988,4,6,P0988,games-tally
2010-s2-A-GC-4-6,2010-s2,A,2010-s2-A-GC,P1436,P1417,4,6,P1417,games-tally
2010-s2-A-GD-0-1,2010-s2,A,2010-s2-A-GD,P0140,P1380,6,4,P0140,games-tally
2010-s2-A-GD-0-2,2010-s2,A,2010-s2-A-GD,P0140,P1340,5,5,,games-tally
2010-s2-A-GD-0-3,2010-s2,A,2010-s2-A-GD,P0140,P1096,9,1,P0140,games-tally
2010-s2-A-GD-0-4,2010-s2,A,2010-s2-A-GD,P0140,P1526,7,3,P0140,games-tally
2010-s2-A-GD-0-5,2010-s2,A,2010-s2-A-GD,P0140,P0090,6,4,P0140,games-tally
2010-s2-A-GD-1-2,2010-s2,A,2010-s2-A-GD,P1380,P1340,4,6,P1340,games-tally
2010-s2-A-GD-1-3,2010-s2,A,2010-s2-A-GD,P1380,P1096,7,3,P1380,games-tally
2010-s2-A-GD-1-4,2010-s2,A,2010-s2-A-GD,P1380,P1526,6,4,P1380,games-tally
2010-s2-A-GD-1-5,2010-s2,A,2010-s2-A-GD,P1380,P0090,7,3,P1380,games-tally
2010-s2-A-GD-1-6,2010-s2,A,2010-s2-A-GD,P1380,P1548,4,6,P1548,games-tally
2010-s2-A-GD-2-3,2010-s2,A,2010-s2-A-GD,P1340,P1096,4,6,P1096,games-tally
2010-s2-A-GD-2-4,2010-s2,A,2010-s2-A-GD,P1340,P1526,5,5,,games-tally
2010-s2-A-GD-2-5,2010-s2,A,2010-s2-A-GD,P1340,P0090,7,3,P1340,games-tally
2010-s2-A-GD-2-6,2010-s2,A,2010-s2-A-GD,P1340,P1548,6,4,P1340,games-tally
2010-s2-A-GD-3-5,2010-s2,A,2010-s2-A-GD,P1096,P0090,3,7,P0090,games-tally
2010-s2-A-GD-3-6,2010-s2,A,2010-s2-A-GD,P1096,P1548,6,4,P1096,games-tally
2010-s2-A-GD-4-5,2010-s2,A,2010-s2-A-GD,P1526,P0090,7,3,P1526,games-tally
2010-s2-A-GD-4-6,2010-s2,A,2010-s2-A-GD,P1526,P1548,4,6,P1548,games-tally
2010-s2-A-GD-5-6,2010-s2,A,2010-s2-A-GD,P0090,P1548,8,2,P0090,games-tally
2010-s2-A-GE-0-1,2010-s2,A,2010-s2-A-GE,P1434,P1093,10,0,P1434,games-tally
2010-s2-A-GE-0-2,2010-s2,A,2010-s2-A-GE,P1434,P1397,4,6,P1397,games-tally
2010-s2-A-GE-0-3,2010-s2,A,2010-s2-A-GE,P1434,P1451,6,4,P1434,games-tally
2010-s2-A-GE-0-4,2010-s2,A,2010-s2-A-GE,P1434,P1088,7,3,P1434,games-tally
2010-s2-A-GE-0-5,2010-s2,A,2010-s2-A-GE,P1434,P1559,8,2,P1434,games-tally
2010-s2-A-GE-0-6,2010-s2,A,2010-s2-A-GE,P1434,P1454,7,3,P1434,games-tally
2010-s2-A-GE-1-2,2010-s2,A,2010-s2-A-GE,P1093,P1397,0,10,P1397,games-tally
2010-s2-A-GE-1-3,2010-s2,A,2010-s2-A-GE,P1093,P1451,0,10,P1451,games-tally
2010-s2-A-GE-1-4,2010-s2,A,2010-s2-A-GE,P1093,P1088,0,10,P1088,games-tally
2010-s2-A-GE-1-5,2010-s2,A,2010-s2-A-GE,P1093,P1559,4,6,P1559,games-tally
2010-s2-A-GE-2-3,2010-s2,A,2010-s2-A-GE,P1397,P1451,4,6,P1451,games-tally
2010-s2-A-GE-2-4,2010-s2,A,2010-s2-A-GE,P1397,P1088,4,6,P1088,games-tally
2010-s2-A-GE-2-5,2010-s2,A,2010-s2-A-GE,P1397,P1559,10,0,P1397,games-tally
2010-s2-A-GE-2-6,2010-s2,A,2010-s2-A-GE,P1397,P1454,10,0,P1397,games-tally
2010-s2-A-GE-3-4,2010-s2,A,2010-s2-A-GE,P1451,P1088,6,4,P1451,games-tally
2010-s2-A-GE-3-5,2010-s2,A,2010-s2-A-GE,P1451,P1559,0,10,P1559,games-tally
2010-s2-A-GE-3-6,2010-s2,A,2010-s2-A-GE,P1451,P1454,10,0,P1451,games-tally
2010-s2-A-GE-4-5,2010-s2,A,2010-s2-A-GE,P1088,P1559,10,0,P1088,games-tally
2010-s2-A-GE-4-6,2010-s2,A,2010-s2-A-GE,P1088,P1454,10,0,P1088,games-tally
2010-s2-A-GE-5-6,2010-s2,A,2010-s2-A-GE,P1559,P1454,10,0,P1559,games-tally
2010-s2-A-GF-0-1,2010-s2,A,2010-s2-A-GF,P1441,P0010,9,1,P1441,games-tally
2010-s2-A-GF-0-2,2010-s2,A,2010-s2-A-GF,P1441,P0951,6,4,P1441,games-tally
2010-s2-A-GF-0-3,2010-s2,A,2010-s2-A-GF,P1441,P1543,8,2,P1441,games-tally
2010-s2-A-GF-0-4,2010-s2,A,2010-s2-A-GF,P1441,P1429,7,3,P1441,games-tally
2010-s2-A-GF-0-5,2010-s2,A,2010-s2-A-GF,P1441,P1369,10,0,P1441,games-tally
2010-s2-A-GF-0-6,2010-s2,A,2010-s2-A-GF,P1441,P1536,8,2,P1441,games-tally
2010-s2-A-GF-1-2,2010-s2,A,2010-s2-A-GF,P0010,P0951,6,4,P0010,games-tally
2010-s2-A-GF-1-3,2010-s2,A,2010-s2-A-GF,P0010,P1543,9,1,P0010,games-tally
2010-s2-A-GF-1-4,2010-s2,A,2010-s2-A-GF,P0010,P1429,7,3,P0010,games-tally
2010-s2-A-GF-1-6,2010-s2,A,2010-s2-A-GF,P0010,P1536,6,4,P0010,games-tally
2010-s2-A-GF-2-3,2010-s2,A,2010-s2-A-GF,P0951,P1543,8,2,P0951,games-tally
2010-s2-A-GF-2-4,2010-s2,A,2010-s2-A-GF,P0951,P1429,6,4,P0951,games-tally
2010-s2-A-GF-2-5,2010-s2,A,2010-s2-A-GF,P0951,P1369,5,5,,games-tally
2010-s2-A-GF-2-6,2010-s2,A,2010-s2-A-GF,P0951,P1536,8,2,P0951,games-tally
2010-s2-A-GF-3-4,2010-s2,A,2010-s2-A-GF,P1543,P1429,5,5,,games-tally
2010-s2-A-GF-3-5,2010-s2,A,2010-s2-A-GF,P1543,P1369,3,7,P1369,games-tally
2010-s2-A-GF-3-6,2010-s2,A,2010-s2-A-GF,P1543,P1536,5,5,,games-tally
2010-s2-A-GF-4-5,2010-s2,A,2010-s2-A-GF,P1429,P1369,1,9,P1369,games-tally
2010-s2-A-GF-4-6,2010-s2,A,2010-s2-A-GF,P1429,P1536,5,5,,games-tally
2010-s2-A-GF-5-6,2010-s2,A,2010-s2-A-GF,P1369,P1536,8,2,P1369,games-tally
2010-s2-A-GG-0-1,2010-s2,A,2010-s2-A-GG,P1497,P1318,3,7,P1318,games-tally
2010-s2-A-GG-0-2,2010-s2,A,2010-s2-A-GG,P1497,P1075,6,4,P1497,games-tally
2010-s2-A-GG-0-3,2010-s2,A,2010-s2-A-GG,P1497,P0757,10,0,P1497,games-tally
2010-s2-A-GG-0-4,2010-s2,A,2010-s2-A-GG,P1497,P1533,10,0,P1497,games-tally
2010-s2-A-GG-1-3,2010-s2,A,2010-s2-A-GG,P1318,P0757,6,4,P1318,games-tally
2010-s2-A-GG-1-4,2010-s2,A,2010-s2-A-GG,P1318,P1533,9,1,P1318,games-tally
2010-s2-A-GG-1-6,2010-s2,A,2010-s2-A-GG,P1318,P1286,6,4,P1318,games-tally
2010-s2-A-GG-2-3,2010-s2,A,2010-s2-A-GG,P1075,P0757,4,6,P0757,games-tally
2010-s2-A-GG-2-4,2010-s2,A,2010-s2-A-GG,P1075,P1533,10,0,P1075,games-tally
2010-s2-A-GG-2-5,2010-s2,A,2010-s2-A-GG,P1075,P1540,7,3,P1075,games-tally
2010-s2-A-GG-3-4,2010-s2,A,2010-s2-A-GG,P0757,P1533,10,0,P0757,games-tally
2010-s2-A-GG-3-5,2010-s2,A,2010-s2-A-GG,P0757,P1540,6,4,P0757,games-tally
2010-s2-A-GG-3-6,2010-s2,A,2010-s2-A-GG,P0757,P1286,6,4,P0757,games-tally
2010-s2-A-GG-4-5,2010-s2,A,2010-s2-A-GG,P1533,P1540,0,10,P1540,games-tally
2010-s2-A-GG-4-6,2010-s2,A,2010-s2-A-GG,P1533,P1286,0,10,P1286,games-tally
2010-s2-A-GG-5-6,2010-s2,A,2010-s2-A-GG,P1540,P1286,2,8,P1286,games-tally
2010-s2-A-GH-0-1,2010-s2,A,2010-s2-A-GH,P1014,P1300,7,3,P1014,games-tally
2010-s2-A-GH-0-2,2010-s2,A,2010-s2-A-GH,P1014,P1063,8,2,P1014,games-tally
2010-s2-A-GH-0-3,2010-s2,A,2010-s2-A-GH,P1014,P1022,4,6,P1022,games-tally
2010-s2-A-GH-0-5,2010-s2,A,2010-s2-A-GH,P1014,P0073,2,8,P0073,games-tally
2010-s2-A-GH-0-6,2010-s2,A,2010-s2-A-GH,P1014,P1487,10,0,P1014,games-tally
2010-s2-A-GH-1-2,2010-s2,A,2010-s2-A-GH,P1300,P1063,6,4,P1300,games-tally
2010-s2-A-GH-1-3,2010-s2,A,2010-s2-A-GH,P1300,P1022,4,6,P1022,games-tally
2010-s2-A-GH-1-4,2010-s2,A,2010-s2-A-GH,P1300,P1466,10,0,P1300,games-tally
2010-s2-A-GH-1-5,2010-s2,A,2010-s2-A-GH,P1300,P0073,3,7,P0073,games-tally
2010-s2-A-GH-1-6,2010-s2,A,2010-s2-A-GH,P1300,P1487,6,4,P1300,games-tally
2010-s2-A-GH-2-3,2010-s2,A,2010-s2-A-GH,P1063,P1022,7,3,P1063,games-tally
2010-s2-A-GH-2-4,2010-s2,A,2010-s2-A-GH,P1063,P1466,4,6,P1466,games-tally
2010-s2-A-GH-2-5,2010-s2,A,2010-s2-A-GH,P1063,P0073,4,6,P0073,games-tally
2010-s2-A-GH-2-6,2010-s2,A,2010-s2-A-GH,P1063,P1487,6,4,P1063,games-tally
2010-s2-A-GH-3-5,2010-s2,A,2010-s2-A-GH,P1022,P0073,6,4,P1022,games-tally
2010-s2-A-GH-3-6,2010-s2,A,2010-s2-A-GH,P1022,P1487,9,1,P1022,games-tally
2010-s2-A-GH-4-5,2010-s2,A,2010-s2-A-GH,P1466,P0073,0,10,P0073,games-tally
2010-s2-A-GH-4-6,2010-s2,A,2010-s2-A-GH,P1466,P1487,5,5,,games-tally
2010-s2-A-GH-5-6,2010-s2,A,2010-s2-A-GH,P0073,P1487,8,2,P0073,games-tally
2010-s2-B-GA-0-1,2010-s2,B,2010-s2-B-GA,P1485,P1482,0,10,P1482,games-tally
2010-s2-B-GA-0-2,2010-s2,B,2010-s2-B-GA,P1485,P1544,7,3,P1485,games-tally
2010-s2-B-GA-0-3,2010-s2,B,2010-s2-B-GA,P1485,P1549,6,4,P1485,games-tally
2010-s2-B-GA-0-6,2010-s2,B,2010-s2-B-GA,P1485,P1516,6,4,P1485,games-tally
2010-s2-B-GA-1-2,2010-s2,B,2010-s2-B-GA,P1482,P1544,6,4,P1482,games-tally
2010-s2-B-GA-1-3,2010-s2,B,2010-s2-B-GA,P1482,P1549,4,6,P1549,games-tally
2010-s2-B-GA-1-4,2010-s2,B,2010-s2-B-GA,P1482,P1199,7,3,P1482,games-tally
2010-s2-B-GA-1-5,2010-s2,B,2010-s2-B-GA,P1482,P1419,6,4,P1482,games-tally
2010-s2-B-GA-1-6,2010-s2,B,2010-s2-B-GA,P1482,P1516,3,7,P1516,games-tally
2010-s2-B-GA-2-3,2010-s2,B,2010-s2-B-GA,P1544,P1549,0,10,P1549,games-tally
2010-s2-B-GA-2-4,2010-s2,B,2010-s2-B-GA,P1544,P1199,3,7,P1199,games-tally
2010-s2-B-GA-2-5,2010-s2,B,2010-s2-B-GA,P1544,P1419,4,6,P1419,games-tally
2010-s2-B-GA-2-6,2010-s2,B,2010-s2-B-GA,P1544,P1516,4,6,P1516,games-tally
2010-s2-B-GA-3-4,2010-s2,B,2010-s2-B-GA,P1549,P1199,6,4,P1549,games-tally
2010-s2-B-GA-3-5,2010-s2,B,2010-s2-B-GA,P1549,P1419,3,7,P1419,games-tally
2010-s2-B-GA-3-6,2010-s2,B,2010-s2-B-GA,P1549,P1516,3,7,P1516,games-tally
2010-s2-B-GA-4-5,2010-s2,B,2010-s2-B-GA,P1199,P1419,3,7,P1419,games-tally
2010-s2-B-GA-4-6,2010-s2,B,2010-s2-B-GA,P1199,P1516,3,7,P1516,games-tally
2010-s2-B-GA-5-6,2010-s2,B,2010-s2-B-GA,P1419,P1516,7,3,P1419,games-tally
2010-s2-B-GB-0-1,2010-s2,B,2010-s2-B-GB,P1138,P1113,7,3,P1138,games-tally
2010-s2-B-GB-0-2,2010-s2,B,2010-s2-B-GB,P1138,P1416,6,4,P1138,games-tally
2010-s2-B-GB-0-3,2010-s2,B,2010-s2-B-GB,P1138,P1400,4,6,P1400,games-tally
2010-s2-B-GB-0-4,2010-s2,B,2010-s2-B-GB,P1138,P1510,9,1,P1138,games-tally
2010-s2-B-GB-0-5,2010-s2,B,2010-s2-B-GB,P1138,P1432,2,8,P1432,games-tally
2010-s2-B-GB-0-6,2010-s2,B,2010-s2-B-GB,P1138,P1394,8,2,P1138,games-tally
2010-s2-B-GB-1-2,2010-s2,B,2010-s2-B-GB,P1113,P1416,6,4,P1113,games-tally
2010-s2-B-GB-1-4,2010-s2,B,2010-s2-B-GB,P1113,P1510,10,0,P1113,games-tally
2010-s2-B-GB-1-5,2010-s2,B,2010-s2-B-GB,P1113,P1432,6,4,P1113,games-tally
2010-s2-B-GB-1-6,2010-s2,B,2010-s2-B-GB,P1113,P1394,9,1,P1113,games-tally
2010-s2-B-GB-2-4,2010-s2,B,2010-s2-B-GB,P1416,P1510,10,0,P1416,games-tally
2010-s2-B-GB-2-5,2010-s2,B,2010-s2-B-GB,P1416,P1432,1,9,P1432,games-tally
2010-s2-B-GB-3-4,2010-s2,B,2010-s2-B-GB,P1400,P1510,10,0,P1400,games-tally
2010-s2-B-GB-3-5,2010-s2,B,2010-s2-B-GB,P1400,P1432,3,7,P1432,games-tally
2010-s2-B-GB-3-6,2010-s2,B,2010-s2-B-GB,P1400,P1394,7,3,P1400,games-tally
2010-s2-B-GB-4-5,2010-s2,B,2010-s2-B-GB,P1510,P1432,0,10,P1432,games-tally
2010-s2-B-GB-4-6,2010-s2,B,2010-s2-B-GB,P1510,P1394,0,10,P1394,games-tally
2010-s2-B-GB-5-6,2010-s2,B,2010-s2-B-GB,P1432,P1394,6,4,P1432,games-tally
2010-s2-B-GC-0-1,2010-s2,B,2010-s2-B-GC,P1474,P1449,6,4,P1474,games-tally
2010-s2-B-GC-0-2,2010-s2,B,2010-s2-B-GC,P1474,P1418,4,6,P1418,games-tally
2010-s2-B-GC-0-4,2010-s2,B,2010-s2-B-GC,P1474,P1455,7,3,P1474,games-tally
2010-s2-B-GC-0-5,2010-s2,B,2010-s2-B-GC,P1474,P1398,4,6,P1398,games-tally
2010-s2-B-GC-0-6,2010-s2,B,2010-s2-B-GC,P1474,P1495,10,0,P1474,games-tally
2010-s2-B-GC-1-5,2010-s2,B,2010-s2-B-GC,P1449,P1398,3,7,P1398,games-tally
2010-s2-B-GC-1-6,2010-s2,B,2010-s2-B-GC,P1449,P1495,2,8,P1495,games-tally
2010-s2-B-GC-2-3,2010-s2,B,2010-s2-B-GC,P1418,P1483,4,6,P1483,games-tally
2010-s2-B-GC-2-5,2010-s2,B,2010-s2-B-GC,P1418,P1398,3,7,P1398,games-tally
2010-s2-B-GC-2-6,2010-s2,B,2010-s2-B-GC,P1418,P1495,4,6,P1495,games-tally
2010-s2-B-GC-3-4,2010-s2,B,2010-s2-B-GC,P1483,P1455,6,4,P1483,games-tally
2010-s2-B-GC-3-5,2010-s2,B,2010-s2-B-GC,P1483,P1398,7,3,P1483,games-tally
2010-s2-B-GC-3-6,2010-s2,B,2010-s2-B-GC,P1483,P1495,9,1,P1483,games-tally
2010-s2-B-GC-4-5,2010-s2,B,2010-s2-B-GC,P1455,P1398,2,8,P1398,games-tally
2010-s2-B-GC-4-6,2010-s2,B,2010-s2-B-GC,P1455,P1495,3,7,P1495,games-tally
2010-s2-B-GC-5-6,2010-s2,B,2010-s2-B-GC,P1398,P1495,5,5,,games-tally
2010-s2-B-GD-0-1,2010-s2,B,2010-s2-B-GD,P1460,P1447,4,6,P1447,games-tally
2010-s2-B-GD-0-2,2010-s2,B,2010-s2-B-GD,P1460,P1321,6,4,P1460,games-tally
2010-s2-B-GD-0-3,2010-s2,B,2010-s2-B-GD,P1460,P1442,10,0,P1460,games-tally
2010-s2-B-GD-0-4,2010-s2,B,2010-s2-B-GD,P1460,P0928,6,4,P1460,games-tally
2010-s2-B-GD-0-5,2010-s2,B,2010-s2-B-GD,P1460,P1435,6,4,P1460,games-tally
2010-s2-B-GD-0-6,2010-s2,B,2010-s2-B-GD,P1460,P1463,8,2,P1460,games-tally
2010-s2-B-GD-1-2,2010-s2,B,2010-s2-B-GD,P1447,P1321,4,6,P1321,games-tally
2010-s2-B-GD-1-3,2010-s2,B,2010-s2-B-GD,P1447,P1442,10,0,P1447,games-tally
2010-s2-B-GD-1-4,2010-s2,B,2010-s2-B-GD,P1447,P0928,3,7,P0928,games-tally
2010-s2-B-GD-1-5,2010-s2,B,2010-s2-B-GD,P1447,P1435,9,1,P1447,games-tally
2010-s2-B-GD-1-6,2010-s2,B,2010-s2-B-GD,P1447,P1463,6,4,P1447,games-tally
2010-s2-B-GD-2-3,2010-s2,B,2010-s2-B-GD,P1321,P1442,10,0,P1321,games-tally
2010-s2-B-GD-2-5,2010-s2,B,2010-s2-B-GD,P1321,P1435,6,4,P1321,games-tally
2010-s2-B-GD-2-6,2010-s2,B,2010-s2-B-GD,P1321,P1463,2,8,P1463,games-tally
2010-s2-B-GD-3-4,2010-s2,B,2010-s2-B-GD,P1442,P0928,0,10,P0928,games-tally
2010-s2-B-GD-3-5,2010-s2,B,2010-s2-B-GD,P1442,P1435,2,8,P1435,games-tally
2010-s2-B-GD-3-6,2010-s2,B,2010-s2-B-GD,P1442,P1463,0,10,P1463,games-tally
2010-s2-B-GD-4-5,2010-s2,B,2010-s2-B-GD,P0928,P1435,4,6,P1435,games-tally
2010-s2-B-GD-4-6,2010-s2,B,2010-s2-B-GD,P0928,P1463,0,10,P1463,games-tally
2010-s2-B-GD-5-6,2010-s2,B,2010-s2-B-GD,P1435,P1463,6,4,P1435,games-tally
2010-s2-B-GE-0-2,2010-s2,B,2010-s2-B-GE,P1346,P1478,4,6,P1478,games-tally
2010-s2-B-GE-0-3,2010-s2,B,2010-s2-B-GE,P1346,P0282,5,5,,games-tally
2010-s2-B-GE-0-5,2010-s2,B,2010-s2-B-GE,P1346,P1506,3,7,P1506,games-tally
2010-s2-B-GE-0-6,2010-s2,B,2010-s2-B-GE,P1346,P1443,10,0,P1346,games-tally
2010-s2-B-GE-1-2,2010-s2,B,2010-s2-B-GE,P1204,P1478,1,9,P1478,games-tally
2010-s2-B-GE-1-3,2010-s2,B,2010-s2-B-GE,P1204,P0282,5,5,,games-tally
2010-s2-B-GE-1-4,2010-s2,B,2010-s2-B-GE,P1204,P1535,2,8,P1535,games-tally
2010-s2-B-GE-1-5,2010-s2,B,2010-s2-B-GE,P1204,P1506,6,4,P1204,games-tally
2010-s2-B-GE-1-6,2010-s2,B,2010-s2-B-GE,P1204,P1443,10,0,P1204,games-tally
2010-s2-B-GE-2-3,2010-s2,B,2010-s2-B-GE,P1478,P0282,7,3,P1478,games-tally
2010-s2-B-GE-2-4,2010-s2,B,2010-s2-B-GE,P1478,P1535,5,5,,games-tally
2010-s2-B-GE-2-5,2010-s2,B,2010-s2-B-GE,P1478,P1506,4,6,P1506,games-tally
2010-s2-B-GE-2-6,2010-s2,B,2010-s2-B-GE,P1478,P1443,10,0,P1478,games-tally
2010-s2-B-GE-3-4,2010-s2,B,2010-s2-B-GE,P0282,P1535,3,7,P1535,games-tally
2010-s2-B-GE-3-5,2010-s2,B,2010-s2-B-GE,P0282,P1506,5,5,,games-tally
2010-s2-B-GE-3-6,2010-s2,B,2010-s2-B-GE,P0282,P1443,10,0,P0282,games-tally
2010-s2-B-GE-4-5,2010-s2,B,2010-s2-B-GE,P1535,P1506,5,5,,games-tally
2010-s2-B-GE-4-6,2010-s2,B,2010-s2-B-GE,P1535,P1443,5,5,,games-tally
2010-s2-B-GE-5-6,2010-s2,B,2010-s2-B-GE,P1506,P1443,10,0,P1506,games-tally
2010-s3-A-GA-0-1,2010-s3,A,2010-s3-A-GA,P0368,P1411,9,1,P0368,games-tally
2010-s3-A-GA-0-2,2010-s3,A,2010-s3-A-GA,P0368,P1300,2,8,P1300,games-tally
2010-s3-A-GA-0-3,2010-s3,A,2010-s3-A-GA,P0368,P1498,4,6,P1498,games-tally
2010-s3-A-GA-0-4,2010-s3,A,2010-s3-A-GA,P0368,P1528,4,6,P1528,games-tally
2010-s3-A-GA-0-5,2010-s3,A,2010-s3-A-GA,P0368,P1425,3,7,P1425,games-tally
2010-s3-A-GA-0-6,2010-s3,A,2010-s3-A-GA,P0368,P1312,4,6,P1312,games-tally
2010-s3-A-GA-1-2,2010-s3,A,2010-s3-A-GA,P1411,P1300,0,10,P1300,games-tally
2010-s3-A-GA-1-3,2010-s3,A,2010-s3-A-GA,P1411,P1498,4,6,P1498,games-tally
2010-s3-A-GA-1-4,2010-s3,A,2010-s3-A-GA,P1411,P1528,4,6,P1528,games-tally
2010-s3-A-GA-1-5,2010-s3,A,2010-s3-A-GA,P1411,P1425,3,7,P1425,games-tally
2010-s3-A-GA-1-6,2010-s3,A,2010-s3-A-GA,P1411,P1312,2,8,P1312,games-tally
2010-s3-A-GA-2-3,2010-s3,A,2010-s3-A-GA,P1300,P1498,6,4,P1300,games-tally
2010-s3-A-GA-2-4,2010-s3,A,2010-s3-A-GA,P1300,P1528,6,4,P1300,games-tally
2010-s3-A-GA-2-5,2010-s3,A,2010-s3-A-GA,P1300,P1425,4,6,P1425,games-tally
2010-s3-A-GA-2-6,2010-s3,A,2010-s3-A-GA,P1300,P1312,4,6,P1312,games-tally
2010-s3-A-GA-3-4,2010-s3,A,2010-s3-A-GA,P1498,P1528,4,6,P1528,games-tally
2010-s3-A-GA-3-5,2010-s3,A,2010-s3-A-GA,P1498,P1425,6,4,P1498,games-tally
2010-s3-A-GA-3-6,2010-s3,A,2010-s3-A-GA,P1498,P1312,6,4,P1498,games-tally
2010-s3-A-GA-4-5,2010-s3,A,2010-s3-A-GA,P1528,P1425,5,5,,games-tally
2010-s3-A-GA-4-6,2010-s3,A,2010-s3-A-GA,P1528,P1312,8,2,P1528,games-tally
2010-s3-A-GA-5-6,2010-s3,A,2010-s3-A-GA,P1425,P1312,6,4,P1425,games-tally
2010-s3-A-GB-0-1,2010-s3,A,2010-s3-A-GB,P1537,P1088,10,0,P1537,games-tally
2010-s3-A-GB-0-2,2010-s3,A,2010-s3-A-GB,P1537,P1393,4,6,P1393,games-tally
2010-s3-A-GB-0-4,2010-s3,A,2010-s3-A-GB,P1537,P1441,0,10,P1441,games-tally
2010-s3-A-GB-0-5,2010-s3,A,2010-s3-A-GB,P1537,P1392,3,7,P1392,games-tally
2010-s3-A-GB-0-6,2010-s3,A,2010-s3-A-GB,P1537,P1262,1,9,P1262,games-tally
2010-s3-A-GB-1-2,2010-s3,A,2010-s3-A-GB,P1088,P1393,5,5,,games-tally
2010-s3-A-GB-1-3,2010-s3,A,2010-s3-A-GB,P1088,P1400,0,10,P1400,games-tally
2010-s3-A-GB-1-4,2010-s3,A,2010-s3-A-GB,P1088,P1441,9,1,P1088,games-tally
2010-s3-A-GB-1-5,2010-s3,A,2010-s3-A-GB,P1088,P1392,7,3,P1088,games-tally
2010-s3-A-GB-1-6,2010-s3,A,2010-s3-A-GB,P1088,P1262,3,7,P1262,games-tally
2010-s3-A-GB-2-3,2010-s3,A,2010-s3-A-GB,P1393,P1400,10,0,P1393,games-tally
2010-s3-A-GB-2-5,2010-s3,A,2010-s3-A-GB,P1393,P1392,8,2,P1393,games-tally
2010-s3-A-GB-2-6,2010-s3,A,2010-s3-A-GB,P1393,P1262,4,6,P1262,games-tally
2010-s3-A-GB-3-5,2010-s3,A,2010-s3-A-GB,P1400,P1392,6,4,P1400,games-tally
2010-s3-A-GB-3-6,2010-s3,A,2010-s3-A-GB,P1400,P1262,1,9,P1262,games-tally
2010-s3-A-GB-4-5,2010-s3,A,2010-s3-A-GB,P1441,P1392,6,4,P1441,games-tally
2010-s3-A-GB-4-6,2010-s3,A,2010-s3-A-GB,P1441,P1262,8,2,P1441,games-tally
2010-s3-A-GB-5-6,2010-s3,A,2010-s3-A-GB,P1392,P1262,5,5,,games-tally
2010-s3-A-GC-0-1,2010-s3,A,2010-s3-A-GC,P1304,P1401,10,0,P1304,games-tally
2010-s3-A-GC-0-2,2010-s3,A,2010-s3-A-GC,P1304,P0073,5,5,,games-tally
2010-s3-A-GC-0-3,2010-s3,A,2010-s3-A-GC,P1304,P1523,8,2,P1304,games-tally
2010-s3-A-GC-0-4,2010-s3,A,2010-s3-A-GC,P1304,P1517,6,4,P1304,games-tally
2010-s3-A-GC-0-5,2010-s3,A,2010-s3-A-GC,P1304,P0969,5,5,,games-tally
2010-s3-A-GC-0-6,2010-s3,A,2010-s3-A-GC,P1304,P1063,4,6,P1063,games-tally
2010-s3-A-GC-1-2,2010-s3,A,2010-s3-A-GC,P1401,P0073,0,10,P0073,games-tally
2010-s3-A-GC-1-3,2010-s3,A,2010-s3-A-GC,P1401,P1523,4,6,P1523,games-tally
2010-s3-A-GC-1-4,2010-s3,A,2010-s3-A-GC,P1401,P1517,4,6,P1517,games-tally
2010-s3-A-GC-1-5,2010-s3,A,2010-s3-A-GC,P1401,P0969,0,10,P0969,games-tally
2010-s3-A-GC-1-6,2010-s3,A,2010-s3-A-GC,P1401,P1063,6,4,P1401,games-tally
2010-s3-A-GC-2-3,2010-s3,A,2010-s3-A-GC,P0073,P1523,6,4,P0073,games-tally
2010-s3-A-GC-2-4,2010-s3,A,2010-s3-A-GC,P0073,P1517,6,4,P0073,games-tally
2010-s3-A-GC-2-5,2010-s3,A,2010-s3-A-GC,P0073,P0969,6,4,P0073,games-tally
2010-s3-A-GC-2-6,2010-s3,A,2010-s3-A-GC,P0073,P1063,4,6,P1063,games-tally
2010-s3-A-GC-3-4,2010-s3,A,2010-s3-A-GC,P1523,P1517,0,10,P1517,games-tally
2010-s3-A-GC-3-5,2010-s3,A,2010-s3-A-GC,P1523,P0969,0,10,P0969,games-tally
2010-s3-A-GC-3-6,2010-s3,A,2010-s3-A-GC,P1523,P1063,0,10,P1063,games-tally
2010-s3-A-GC-4-5,2010-s3,A,2010-s3-A-GC,P1517,P0969,4,6,P0969,games-tally
2010-s3-A-GC-4-6,2010-s3,A,2010-s3-A-GC,P1517,P1063,8,2,P1517,games-tally
2010-s3-A-GC-5-6,2010-s3,A,2010-s3-A-GC,P0969,P1063,6,4,P0969,games-tally
2010-s3-A-GD-0-1,2010-s3,A,2010-s3-A-GD,P1215,P1398,3,7,P1398,games-tally
2010-s3-A-GD-0-2,2010-s3,A,2010-s3-A-GD,P1215,P0051,7,3,P1215,games-tally
2010-s3-A-GD-0-3,2010-s3,A,2010-s3-A-GD,P1215,P1014,6,4,P1215,games-tally
2010-s3-A-GD-0-4,2010-s3,A,2010-s3-A-GD,P1215,P1409,2,8,P1409,games-tally
2010-s3-A-GD-0-5,2010-s3,A,2010-s3-A-GD,P1215,P1451,0,10,P1451,games-tally
2010-s3-A-GD-0-6,2010-s3,A,2010-s3-A-GD,P1215,P1420,7,3,P1215,games-tally
2010-s3-A-GD-1-2,2010-s3,A,2010-s3-A-GD,P1398,P0051,6,4,P1398,games-tally
2010-s3-A-GD-1-3,2010-s3,A,2010-s3-A-GD,P1398,P1014,3,7,P1014,games-tally
2010-s3-A-GD-1-4,2010-s3,A,2010-s3-A-GD,P1398,P1409,3,7,P1409,games-tally
2010-s3-A-GD-1-5,2010-s3,A,2010-s3-A-GD,P1398,P1451,3,7,P1451,games-tally
2010-s3-A-GD-1-6,2010-s3,A,2010-s3-A-GD,P1398,P1420,10,0,P1398,games-tally
2010-s3-A-GD-2-4,2010-s3,A,2010-s3-A-GD,P0051,P1409,4,6,P1409,games-tally
2010-s3-A-GD-2-5,2010-s3,A,2010-s3-A-GD,P0051,P1451,4,6,P1451,games-tally
2010-s3-A-GD-2-6,2010-s3,A,2010-s3-A-GD,P0051,P1420,10,0,P0051,games-tally
2010-s3-A-GD-3-6,2010-s3,A,2010-s3-A-GD,P1014,P1420,10,0,P1014,games-tally
2010-s3-A-GD-4-5,2010-s3,A,2010-s3-A-GD,P1409,P1451,6,4,P1409,games-tally
2010-s3-A-GD-4-6,2010-s3,A,2010-s3-A-GD,P1409,P1420,10,0,P1409,games-tally
2010-s3-A-GD-5-6,2010-s3,A,2010-s3-A-GD,P1451,P1420,10,0,P1451,games-tally
2010-s3-A-GE-0-1,2010-s3,A,2010-s3-A-GE,P1415,P1509,4,6,P1509,games-tally
2010-s3-A-GE-0-2,2010-s3,A,2010-s3-A-GE,P1415,P0010,7,3,P1415,games-tally
2010-s3-A-GE-0-3,2010-s3,A,2010-s3-A-GE,P1415,P0951,8,2,P1415,games-tally
2010-s3-A-GE-0-4,2010-s3,A,2010-s3-A-GE,P1415,P1542,6,4,P1415,games-tally
2010-s3-A-GE-0-5,2010-s3,A,2010-s3-A-GE,P1415,P1148,4,6,P1148,games-tally
2010-s3-A-GE-0-6,2010-s3,A,2010-s3-A-GE,P1415,P1138,4,6,P1138,games-tally
2010-s3-A-GE-1-3,2010-s3,A,2010-s3-A-GE,P1509,P0951,2,8,P0951,games-tally
2010-s3-A-GE-1-5,2010-s3,A,2010-s3-A-GE,P1509,P1148,4,6,P1148,games-tally
2010-s3-A-GE-2-3,2010-s3,A,2010-s3-A-GE,P0010,P0951,3,7,P0951,games-tally
2010-s3-A-GE-2-4,2010-s3,A,2010-s3-A-GE,P0010,P1542,4,6,P1542,games-tally
2010-s3-A-GE-3-4,2010-s3,A,2010-s3-A-GE,P0951,P1542,7,3,P0951,games-tally
2010-s3-A-GE-3-5,2010-s3,A,2010-s3-A-GE,P0951,P1148,5,5,,games-tally
2010-s3-A-GE-3-6,2010-s3,A,2010-s3-A-GE,P0951,P1138,3,7,P1138,games-tally
2010-s3-A-GE-4-6,2010-s3,A,2010-s3-A-GE,P1542,P1138,0,10,P1138,games-tally
2010-s3-A-GE-5-6,2010-s3,A,2010-s3-A-GE,P1148,P1138,6,4,P1148,games-tally
2010-s3-A-GF-0-1,2010-s3,A,2010-s3-A-GF,P1381,P1096,9,1,P1381,games-tally
2010-s3-A-GF-0-2,2010-s3,A,2010-s3-A-GF,P1381,P1515,3,7,P1515,games-tally
2010-s3-A-GF-0-3,2010-s3,A,2010-s3-A-GF,P1381,P0077,5,5,,games-tally
2010-s3-A-GF-0-4,2010-s3,A,2010-s3-A-GF,P1381,P1334,3,7,P1334,games-tally
2010-s3-A-GF-0-5,2010-s3,A,2010-s3-A-GF,P1381,P1483,4,6,P1483,games-tally
2010-s3-A-GF-0-6,2010-s3,A,2010-s3-A-GF,P1381,P1343,5,5,,games-tally
2010-s3-A-GF-1-2,2010-s3,A,2010-s3-A-GF,P1096,P1515,5,5,,games-tally
2010-s3-A-GF-1-3,2010-s3,A,2010-s3-A-GF,P1096,P0077,10,0,P1096,games-tally
2010-s3-A-GF-1-4,2010-s3,A,2010-s3-A-GF,P1096,P1334,2,8,P1334,games-tally
2010-s3-A-GF-1-5,2010-s3,A,2010-s3-A-GF,P1096,P1483,6,4,P1096,games-tally
2010-s3-A-GF-1-6,2010-s3,A,2010-s3-A-GF,P1096,P1343,6,4,P1096,games-tally
2010-s3-A-GF-2-3,2010-s3,A,2010-s3-A-GF,P1515,P0077,10,0,P1515,games-tally
2010-s3-A-GF-2-4,2010-s3,A,2010-s3-A-GF,P1515,P1334,7,3,P1515,games-tally
2010-s3-A-GF-2-5,2010-s3,A,2010-s3-A-GF,P1515,P1483,4,6,P1483,games-tally
2010-s3-A-GF-2-6,2010-s3,A,2010-s3-A-GF,P1515,P1343,10,0,P1515,games-tally
2010-s3-A-GF-3-4,2010-s3,A,2010-s3-A-GF,P0077,P1334,0,10,P1334,games-tally
2010-s3-A-GF-3-5,2010-s3,A,2010-s3-A-GF,P0077,P1483,0,10,P1483,games-tally
2010-s3-A-GF-3-6,2010-s3,A,2010-s3-A-GF,P0077,P1343,0,10,P1343,games-tally
2010-s3-A-GF-4-5,2010-s3,A,2010-s3-A-GF,P1334,P1483,8,2,P1334,games-tally
2010-s3-A-GF-4-6,2010-s3,A,2010-s3-A-GF,P1334,P1343,9,1,P1334,games-tally
2010-s3-A-GF-5-6,2010-s3,A,2010-s3-A-GF,P1483,P1343,6,4,P1483,games-tally
2010-s3-A-GG-0-1,2010-s3,A,2010-s3-A-GG,P1022,P1032,7,3,P1022,games-tally
2010-s3-A-GG-0-2,2010-s3,A,2010-s3-A-GG,P1022,P1249,9,1,P1022,games-tally
2010-s3-A-GG-0-3,2010-s3,A,2010-s3-A-GG,P1022,P1520,6,4,P1022,games-tally
2010-s3-A-GG-0-4,2010-s3,A,2010-s3-A-GG,P1022,P1054,10,0,P1022,games-tally
2010-s3-A-GG-0-5,2010-s3,A,2010-s3-A-GG,P1022,P1495,10,0,P1022,games-tally
2010-s3-A-GG-0-6,2010-s3,A,2010-s3-A-GG,P1022,P0250,6,4,P1022,games-tally
2010-s3-A-GG-1-2,2010-s3,A,2010-s3-A-GG,P1032,P1249,4,6,P1249,games-tally
2010-s3-A-GG-1-3,2010-s3,A,2010-s3-A-GG,P1032,P1520,3,7,P1520,games-tally
2010-s3-A-GG-1-4,2010-s3,A,2010-s3-A-GG,P1032,P1054,6,4,P1032,games-tally
2010-s3-A-GG-1-5,2010-s3,A,2010-s3-A-GG,P1032,P1495,10,0,P1032,games-tally
2010-s3-A-GG-1-6,2010-s3,A,2010-s3-A-GG,P1032,P0250,4,6,P0250,games-tally
2010-s3-A-GG-2-3,2010-s3,A,2010-s3-A-GG,P1249,P1520,6,4,P1249,games-tally
2010-s3-A-GG-2-4,2010-s3,A,2010-s3-A-GG,P1249,P1054,8,2,P1249,games-tally
2010-s3-A-GG-2-5,2010-s3,A,2010-s3-A-GG,P1249,P1495,10,0,P1249,games-tally
2010-s3-A-GG-2-6,2010-s3,A,2010-s3-A-GG,P1249,P0250,6,4,P1249,games-tally
2010-s3-A-GG-3-4,2010-s3,A,2010-s3-A-GG,P1520,P1054,6,4,P1520,games-tally
2010-s3-A-GG-3-5,2010-s3,A,2010-s3-A-GG,P1520,P1495,10,0,P1520,games-tally
2010-s3-A-GG-3-6,2010-s3,A,2010-s3-A-GG,P1520,P0250,6,4,P1520,games-tally
2010-s3-A-GG-4-5,2010-s3,A,2010-s3-A-GG,P1054,P1495,6,4,P1054,games-tally
2010-s3-A-GG-4-6,2010-s3,A,2010-s3-A-GG,P1054,P0250,4,6,P0250,games-tally
2010-s3-A-GG-5-6,2010-s3,A,2010-s3-A-GG,P1495,P0250,0,10,P0250,games-tally
2010-s3-A-GH-0-1,2010-s3,A,2010-s3-A-GH,P1539,P1395,8,2,P1539,games-tally
2010-s3-A-GH-0-2,2010-s3,A,2010-s3-A-GH,P1539,P1444,8,2,P1539,games-tally
2010-s3-A-GH-0-3,2010-s3,A,2010-s3-A-GH,P1539,P0689,4,6,P0689,games-tally
2010-s3-A-GH-0-4,2010-s3,A,2010-s3-A-GH,P1539,P1511,6,4,P1539,games-tally
2010-s3-A-GH-0-5,2010-s3,A,2010-s3-A-GH,P1539,P1475,4,6,P1475,games-tally
2010-s3-A-GH-0-6,2010-s3,A,2010-s3-A-GH,P1539,P0262,3,7,P0262,games-tally
2010-s3-A-GH-1-2,2010-s3,A,2010-s3-A-GH,P1395,P1444,0,10,P1444,games-tally
2010-s3-A-GH-1-3,2010-s3,A,2010-s3-A-GH,P1395,P0689,1,9,P0689,games-tally
2010-s3-A-GH-1-4,2010-s3,A,2010-s3-A-GH,P1395,P1511,3,7,P1511,games-tally
2010-s3-A-GH-1-5,2010-s3,A,2010-s3-A-GH,P1395,P1475,4,6,P1475,games-tally
2010-s3-A-GH-2-3,2010-s3,A,2010-s3-A-GH,P1444,P0689,1,9,P0689,games-tally
2010-s3-A-GH-2-4,2010-s3,A,2010-s3-A-GH,P1444,P1511,1,9,P1511,games-tally
2010-s3-A-GH-2-5,2010-s3,A,2010-s3-A-GH,P1444,P1475,6,4,P1444,games-tally
2010-s3-A-GH-2-6,2010-s3,A,2010-s3-A-GH,P1444,P0262,3,7,P0262,games-tally
2010-s3-A-GH-3-5,2010-s3,A,2010-s3-A-GH,P0689,P1475,6,4,P0689,games-tally
2010-s3-A-GH-4-5,2010-s3,A,2010-s3-A-GH,P1511,P1475,7,3,P1511,games-tally
2010-s3-A-GH-4-6,2010-s3,A,2010-s3-A-GH,P1511,P0262,3,7,P0262,games-tally
2010-s3-A-GH-5-6,2010-s3,A,2010-s3-A-GH,P1475,P0262,6,4,P1475,games-tally
2010-s3-B-GA-0-1,2010-s3,B,2010-s3-B-GA,P1113,P1083,5,5,,games-tally
2010-s3-B-GA-0-2,2010-s3,B,2010-s3-B-GA,P1113,P1429,7,3,P1113,games-tally
2010-s3-B-GA-0-3,2010-s3,B,2010-s3-B-GA,P1113,P1313,7,3,P1113,games-tally
2010-s3-B-GA-0-4,2010-s3,B,2010-s3-B-GA,P1113,P1547,8,2,P1113,games-tally
2010-s3-B-GA-0-5,2010-s3,B,2010-s3-B-GA,P1113,P1464,7,3,P1113,games-tally
2010-s3-B-GA-0-6,2010-s3,B,2010-s3-B-GA,P1113,P1531,4,6,P1531,games-tally
2010-s3-B-GA-1-2,2010-s3,B,2010-s3-B-GA,P1083,P1429,6,4,P1083,games-tally
2010-s3-B-GA-1-3,2010-s3,B,2010-s3-B-GA,P1083,P1313,9,1,P1083,games-tally
2010-s3-B-GA-1-4,2010-s3,B,2010-s3-B-GA,P1083,P1547,6,4,P1083,games-tally
2010-s3-B-GA-1-5,2010-s3,B,2010-s3-B-GA,P1083,P1464,10,0,P1083,games-tally
2010-s3-B-GA-1-6,2010-s3,B,2010-s3-B-GA,P1083,P1531,1,9,P1531,games-tally
2010-s3-B-GA-2-3,2010-s3,B,2010-s3-B-GA,P1429,P1313,7,3,P1429,games-tally
2010-s3-B-GA-2-4,2010-s3,B,2010-s3-B-GA,P1429,P1547,8,2,P1429,games-tally
2010-s3-B-GA-2-5,2010-s3,B,2010-s3-B-GA,P1429,P1464,6,4,P1429,games-tally
2010-s3-B-GA-2-6,2010-s3,B,2010-s3-B-GA,P1429,P1531,4,6,P1531,games-tally
2010-s3-B-GA-3-4,2010-s3,B,2010-s3-B-GA,P1313,P1547,10,0,P1313,games-tally
2010-s3-B-GA-3-5,2010-s3,B,2010-s3-B-GA,P1313,P1464,5,5,,games-tally
2010-s3-B-GA-3-6,2010-s3,B,2010-s3-B-GA,P1313,P1531,8,2,P1313,games-tally
2010-s3-B-GA-4-6,2010-s3,B,2010-s3-B-GA,P1547,P1531,3,7,P1531,games-tally
2010-s3-B-GA-5-6,2010-s3,B,2010-s3-B-GA,P1464,P1531,8,2,P1464,games-tally
2010-s3-B-GB-0-1,2010-s3,B,2010-s3-B-GB,P0217,P1471,5,5,,games-tally
2010-s3-B-GB-0-2,2010-s3,B,2010-s3-B-GB,P0217,P1370,7,3,P0217,games-tally
2010-s3-B-GB-0-3,2010-s3,B,2010-s3-B-GB,P0217,P1430,6,4,P0217,games-tally
2010-s3-B-GB-0-4,2010-s3,B,2010-s3-B-GB,P0217,P1484,5,5,,games-tally
2010-s3-B-GB-0-5,2010-s3,B,2010-s3-B-GB,P0217,P1488,10,0,P0217,games-tally
2010-s3-B-GB-0-6,2010-s3,B,2010-s3-B-GB,P0217,P1456,3,7,P1456,games-tally
2010-s3-B-GB-1-2,2010-s3,B,2010-s3-B-GB,P1471,P1370,6,4,P1471,games-tally
2010-s3-B-GB-1-3,2010-s3,B,2010-s3-B-GB,P1471,P1430,5,5,,games-tally
2010-s3-B-GB-1-4,2010-s3,B,2010-s3-B-GB,P1471,P1484,2,8,P1484,games-tally
2010-s3-B-GB-1-6,2010-s3,B,2010-s3-B-GB,P1471,P1456,2,8,P1456,games-tally
2010-s3-B-GB-2-3,2010-s3,B,2010-s3-B-GB,P1370,P1430,0,10,P1430,games-tally
2010-s3-B-GB-2-4,2010-s3,B,2010-s3-B-GB,P1370,P1484,0,10,P1484,games-tally
2010-s3-B-GB-2-5,2010-s3,B,2010-s3-B-GB,P1370,P1488,0,10,P1488,games-tally
2010-s3-B-GB-2-6,2010-s3,B,2010-s3-B-GB,P1370,P1456,0,10,P1456,games-tally
2010-s3-B-GB-3-4,2010-s3,B,2010-s3-B-GB,P1430,P1484,4,6,P1484,games-tally
2010-s3-B-GB-3-5,2010-s3,B,2010-s3-B-GB,P1430,P1488,10,0,P1430,games-tally
2010-s3-B-GB-3-6,2010-s3,B,2010-s3-B-GB,P1430,P1456,5,5,,games-tally
2010-s3-B-GB-4-5,2010-s3,B,2010-s3-B-GB,P1484,P1488,9,1,P1484,games-tally
2010-s3-B-GB-4-6,2010-s3,B,2010-s3-B-GB,P1484,P1456,2,8,P1456,games-tally
2010-s3-B-GB-5-6,2010-s3,B,2010-s3-B-GB,P1488,P1456,2,8,P1456,games-tally
2010-s3-B-GC-0-1,2010-s3,B,2010-s3-B-GC,P1516,P1463,10,0,P1516,games-tally
2010-s3-B-GC-0-2,2010-s3,B,2010-s3-B-GC,P1516,P1391,10,0,P1516,games-tally
2010-s3-B-GC-0-3,2010-s3,B,2010-s3-B-GC,P1516,P1468,6,4,P1516,games-tally
2010-s3-B-GC-0-4,2010-s3,B,2010-s3-B-GC,P1516,P1418,6,4,P1516,games-tally
2010-s3-B-GC-0-5,2010-s3,B,2010-s3-B-GC,P1516,P0282,10,0,P1516,games-tally
2010-s3-B-GC-0-6,2010-s3,B,2010-s3-B-GC,P1516,P1396,7,3,P1516,games-tally
2010-s3-B-GC-1-2,2010-s3,B,2010-s3-B-GC,P1463,P1391,10,0,P1463,games-tally
2010-s3-B-GC-1-4,2010-s3,B,2010-s3-B-GC,P1463,P1418,2,8,P1418,games-tally
2010-s3-B-GC-1-6,2010-s3,B,2010-s3-B-GC,P1463,P1396,1,9,P1396,games-tally
2010-s3-B-GC-2-3,2010-s3,B,2010-s3-B-GC,P1391,P1468,0,10,P1468,games-tally
2010-s3-B-GC-2-4,2010-s3,B,2010-s3-B-GC,P1391,P1418,0,10,P1418,games-tally
2010-s3-B-GC-2-5,2010-s3,B,2010-s3-B-GC,P1391,P0282,0,10,P0282,games-tally
2010-s3-B-GC-2-6,2010-s3,B,2010-s3-B-GC,P1391,P1396,2,8,P1396,games-tally
2010-s3-B-GC-3-4,2010-s3,B,2010-s3-B-GC,P1468,P1418,4,6,P1418,games-tally
2010-s3-B-GC-3-5,2010-s3,B,2010-s3-B-GC,P1468,P0282,6,4,P1468,games-tally
2010-s3-B-GC-3-6,2010-s3,B,2010-s3-B-GC,P1468,P1396,6,4,P1468,games-tally
2010-s3-B-GC-4-6,2010-s3,B,2010-s3-B-GC,P1418,P1396,4,6,P1396,games-tally
2010-s3-B-GC-5-6,2010-s3,B,2010-s3-B-GC,P0282,P1396,3,7,P1396,games-tally
2010-s3-B-GD-0-1,2010-s3,B,2010-s3-B-GD,P1554,P1440,4,6,P1440,games-tally
2010-s3-B-GD-0-2,2010-s3,B,2010-s3-B-GD,P1554,P0726,10,0,P1554,games-tally
2010-s3-B-GD-0-4,2010-s3,B,2010-s3-B-GD,P1554,P1438,8,2,P1554,games-tally
2010-s3-B-GD-0-5,2010-s3,B,2010-s3-B-GD,P1554,P1536,7,3,P1554,games-tally
2010-s3-B-GD-0-6,2010-s3,B,2010-s3-B-GD,P1554,P1550,9,1,P1554,games-tally
2010-s3-B-GD-1-2,2010-s3,B,2010-s3-B-GD,P1440,P0726,7,3,P1440,games-tally
2010-s3-B-GD-1-3,2010-s3,B,2010-s3-B-GD,P1440,P1321,8,2,P1440,games-tally
2010-s3-B-GD-1-4,2010-s3,B,2010-s3-B-GD,P1440,P1438,10,0,P1440,games-tally
2010-s3-B-GD-1-5,2010-s3,B,2010-s3-B-GD,P1440,P1536,2,8,P1536,games-tally
2010-s3-B-GD-1-6,2010-s3,B,2010-s3-B-GD,P1440,P1550,10,0,P1440,games-tally
2010-s3-B-GD-2-3,2010-s3,B,2010-s3-B-GD,P0726,P1321,9,1,P0726,games-tally
2010-s3-B-GD-2-4,2010-s3,B,2010-s3-B-GD,P0726,P1438,10,0,P0726,games-tally
2010-s3-B-GD-2-5,2010-s3,B,2010-s3-B-GD,P0726,P1536,6,4,P0726,games-tally
2010-s3-B-GD-3-4,2010-s3,B,2010-s3-B-GD,P1321,P1438,10,0,P1321,games-tally
2010-s3-B-GD-3-5,2010-s3,B,2010-s3-B-GD,P1321,P1536,5,5,,games-tally
2010-s3-B-GD-3-6,2010-s3,B,2010-s3-B-GD,P1321,P1550,6,4,P1321,games-tally
2010-s3-B-GD-4-5,2010-s3,B,2010-s3-B-GD,P1438,P1536,0,10,P1536,games-tally
2010-s3-B-GD-4-6,2010-s3,B,2010-s3-B-GD,P1438,P1550,1,9,P1550,games-tally
2010-s3-B-GD-5-6,2010-s3,B,2010-s3-B-GD,P1536,P1550,10,0,P1536,games-tally
2010-s3-B-GE-0-1,2010-s3,B,2010-s3-B-GE,P1433,P1480,6,4,P1433,games-tally
2010-s3-B-GE-0-2,2010-s3,B,2010-s3-B-GE,P1433,P1489,10,0,P1433,games-tally
2010-s3-B-GE-0-3,2010-s3,B,2010-s3-B-GE,P1433,P1482,10,0,P1433,games-tally
2010-s3-B-GE-0-4,2010-s3,B,2010-s3-B-GE,P1433,P1419,1,9,P1419,games-tally
2010-s3-B-GE-0-6,2010-s3,B,2010-s3-B-GE,P1433,P1494,10,0,P1433,games-tally
2010-s3-B-GE-1-2,2010-s3,B,2010-s3-B-GE,P1480,P1489,6,4,P1480,games-tally
2010-s3-B-GE-1-3,2010-s3,B,2010-s3-B-GE,P1480,P1482,10,0,P1480,games-tally
2010-s3-B-GE-1-4,2010-s3,B,2010-s3-B-GE,P1480,P1419,4,6,P1419,games-tally
2010-s3-B-GE-1-5,2010-s3,B,2010-s3-B-GE,P1480,P1413,2,8,P1413,games-tally
2010-s3-B-GE-1-6,2010-s3,B,2010-s3-B-GE,P1480,P1494,10,0,P1480,games-tally
2010-s3-B-GE-2-3,2010-s3,B,2010-s3-B-GE,P1489,P1482,10,0,P1489,games-tally
2010-s3-B-GE-2-4,2010-s3,B,2010-s3-B-GE,P1489,P1419,3,7,P1419,games-tally
2010-s3-B-GE-2-5,2010-s3,B,2010-s3-B-GE,P1489,P1413,0,10,P1413,games-tally
2010-s3-B-GE-2-6,2010-s3,B,2010-s3-B-GE,P1489,P1494,10,0,P1489,games-tally
2010-s3-B-GE-3-4,2010-s3,B,2010-s3-B-GE,P1482,P1419,0,10,P1419,games-tally
2010-s3-B-GE-3-5,2010-s3,B,2010-s3-B-GE,P1482,P1413,1,9,P1413,games-tally
2010-s3-B-GE-4-5,2010-s3,B,2010-s3-B-GE,P1419,P1413,7,3,P1419,games-tally
2010-s3-B-GE-4-6,2010-s3,B,2010-s3-B-GE,P1419,P1494,10,0,P1419,games-tally
2010-s3-B-GE-5-6,2010-s3,B,2010-s3-B-GE,P1413,P1494,7,3,P1413,games-tally
2010-s4-A-GA-0-1,2010-s4,A,2010-s4-A-GA,P1223,P1497,5,5,,games-tally
2010-s4-A-GA-0-2,2010-s4,A,2010-s4-A-GA,P1223,P1304,10,0,P1223,games-tally
2010-s4-A-GA-0-3,2010-s4,A,2010-s4-A-GA,P1223,P1419,6,4,P1223,games-tally
2010-s4-A-GA-0-4,2010-s4,A,2010-s4-A-GA,P1223,P1083,6,4,P1223,games-tally
2010-s4-A-GA-0-5,2010-s4,A,2010-s4-A-GA,P1223,P1515,10,0,P1223,games-tally
2010-s4-A-GA-0-6,2010-s4,A,2010-s4-A-GA,P1223,P1452,5,5,,games-tally
2010-s4-A-GA-1-2,2010-s4,A,2010-s4-A-GA,P1497,P1304,6,4,P1497,games-tally
2010-s4-A-GA-1-3,2010-s4,A,2010-s4-A-GA,P1497,P1419,4,6,P1419,games-tally
2010-s4-A-GA-1-5,2010-s4,A,2010-s4-A-GA,P1497,P1515,10,0,P1497,games-tally
2010-s4-A-GA-2-3,2010-s4,A,2010-s4-A-GA,P1304,P1419,4,6,P1419,games-tally
2010-s4-A-GA-2-5,2010-s4,A,2010-s4-A-GA,P1304,P1515,10,0,P1304,games-tally
2010-s4-A-GA-3-4,2010-s4,A,2010-s4-A-GA,P1419,P1083,4,6,P1083,games-tally
2010-s4-A-GA-3-5,2010-s4,A,2010-s4-A-GA,P1419,P1515,10,0,P1419,games-tally
2010-s4-A-GA-3-6,2010-s4,A,2010-s4-A-GA,P1419,P1452,4,6,P1452,games-tally
2010-s4-A-GA-4-5,2010-s4,A,2010-s4-A-GA,P1083,P1515,4,6,P1515,games-tally
2010-s4-A-GA-4-6,2010-s4,A,2010-s4-A-GA,P1083,P1452,2,8,P1452,games-tally
2010-s4-A-GA-5-6,2010-s4,A,2010-s4-A-GA,P1515,P1452,4,6,P1452,games-tally
2010-s4-A-GB-0-1,2010-s4,A,2010-s4-A-GB,P1539,P1437,8,2,P1539,games-tally
2010-s4-A-GB-0-3,2010-s4,A,2010-s4-A-GB,P1539,P1501,10,0,P1539,games-tally
2010-s4-A-GB-0-4,2010-s4,A,2010-s4-A-GB,P1539,P1520,3,7,P1520,games-tally
2010-s4-A-GB-0-5,2010-s4,A,2010-s4-A-GB,P1539,P1439,8,2,P1539,games-tally
2010-s4-A-GB-0-6,2010-s4,A,2010-s4-A-GB,P1539,P1399,4,6,P1399,games-tally
2010-s4-A-GB-1-2,2010-s4,A,2010-s4-A-GB,P1437,P1538,4,6,P1538,games-tally
2010-s4-A-GB-1-3,2010-s4,A,2010-s4-A-GB,P1437,P1501,10,0,P1437,games-tally
2010-s4-A-GB-1-4,2010-s4,A,2010-s4-A-GB,P1437,P1520,4,6,P1520,games-tally
2010-s4-A-GB-1-5,2010-s4,A,2010-s4-A-GB,P1437,P1439,6,4,P1437,games-tally
2010-s4-A-GB-1-6,2010-s4,A,2010-s4-A-GB,P1437,P1399,4,6,P1399,games-tally
2010-s4-A-GB-2-3,2010-s4,A,2010-s4-A-GB,P1538,P1501,10,0,P1538,games-tally
2010-s4-A-GB-2-5,2010-s4,A,2010-s4-A-GB,P1538,P1439,4,6,P1439,games-tally
2010-s4-A-GB-3-4,2010-s4,A,2010-s4-A-GB,P1501,P1520,0,10,P1520,games-tally
2010-s4-A-GB-3-5,2010-s4,A,2010-s4-A-GB,P1501,P1439,0,10,P1439,games-tally
2010-s4-A-GB-3-6,2010-s4,A,2010-s4-A-GB,P1501,P1399,2,8,P1399,games-tally
2010-s4-A-GB-5-6,2010-s4,A,2010-s4-A-GB,P1439,P1399,1,9,P1399,games-tally
2010-s4-A-GC-0-1,2010-s4,A,2010-s4-A-GC,P1262,P1483,7,3,P1262,games-tally
2010-s4-A-GC-0-2,2010-s4,A,2010-s4-A-GC,P1262,P1477,10,0,P1262,games-tally
2010-s4-A-GC-0-3,2010-s4,A,2010-s4-A-GC,P1262,P1096,4,6,P1096,games-tally
2010-s4-A-GC-0-4,2010-s4,A,2010-s4-A-GC,P1262,P0754,7,3,P1262,games-tally
2010-s4-A-GC-0-5,2010-s4,A,2010-s4-A-GC,P1262,P1446,6,4,P1262,games-tally
2010-s4-A-GC-1-2,2010-s4,A,2010-s4-A-GC,P1483,P1477,10,0,P1483,games-tally
2010-s4-A-GC-1-4,2010-s4,A,2010-s4-A-GC,P1483,P0754,2,8,P0754,games-tally
2010-s4-A-GC-1-5,2010-s4,A,2010-s4-A-GC,P1483,P1446,6,4,P1483,games-tally
2010-s4-A-GC-1-6,2010-s4,A,2010-s4-A-GC,P1483,P1138,4,6,P1138,games-tally
2010-s4-A-GC-2-3,2010-s4,A,2010-s4-A-GC,P1477,P1096,0,10,P1096,games-tally
2010-s4-A-GC-2-4,2010-s4,A,2010-s4-A-GC,P1477,P0754,0,10,P0754,games-tally
2010-s4-A-GC-2-5,2010-s4,A,2010-s4-A-GC,P1477,P1446,3,7,P1446,games-tally
2010-s4-A-GC-2-6,2010-s4,A,2010-s4-A-GC,P1477,P1138,0,10,P1138,games-tally
2010-s4-A-GC-3-4,2010-s4,A,2010-s4-A-GC,P1096,P0754,4,6,P0754,games-tally
2010-s4-A-GC-3-5,2010-s4,A,2010-s4-A-GC,P1096,P1446,4,6,P1446,games-tally
2010-s4-A-GC-3-6,2010-s4,A,2010-s4-A-GC,P1096,P1138,7,3,P1096,games-tally
2010-s4-A-GC-4-5,2010-s4,A,2010-s4-A-GC,P0754,P1446,6,4,P0754,games-tally
2010-s4-A-GC-4-6,2010-s4,A,2010-s4-A-GC,P0754,P1138,5,5,,games-tally
2010-s4-A-GC-5-6,2010-s4,A,2010-s4-A-GC,P1446,P1138,6,4,P1446,games-tally
2010-s4-A-GD-0-1,2010-s4,A,2010-s4-A-GD,P1425,P1300,4,6,P1300,games-tally
2010-s4-A-GD-0-2,2010-s4,A,2010-s4-A-GD,P1425,P1555,10,0,P1425,games-tally
2010-s4-A-GD-0-4,2010-s4,A,2010-s4-A-GD,P1425,P1180,3,7,P1180,games-tally
2010-s4-A-GD-0-5,2010-s4,A,2010-s4-A-GD,P1425,P1063,6,4,P1425,games-tally
2010-s4-A-GD-0-6,2010-s4,A,2010-s4-A-GD,P1425,P1404,2,8,P1404,games-tally
2010-s4-A-GD-1-2,2010-s4,A,2010-s4-A-GD,P1300,P1555,6,4,P1300,games-tally
2010-s4-A-GD-1-3,2010-s4,A,2010-s4-A-GD,P1300,P0969,0,10,P0969,games-tally
2010-s4-A-GD-1-4,2010-s4,A,2010-s4-A-GD,P1300,P1180,4,6,P1180,games-tally
2010-s4-A-GD-1-6,2010-s4,A,2010-s4-A-GD,P1300,P1404,7,3,P1300,games-tally
2010-s4-A-GD-2-3,2010-s4,A,2010-s4-A-GD,P1555,P0969,0,10,P0969,games-tally
2010-s4-A-GD-2-4,2010-s4,A,2010-s4-A-GD,P1555,P1180,0,10,P1180,games-tally
2010-s4-A-GD-2-5,2010-s4,A,2010-s4-A-GD,P1555,P1063,0,10,P1063,games-tally
2010-s4-A-GD-2-6,2010-s4,A,2010-s4-A-GD,P1555,P1404,4,6,P1404,games-tally
2010-s4-A-GD-3-4,2010-s4,A,2010-s4-A-GD,P0969,P1180,6,4,P0969,games-tally
2010-s4-A-GD-3-5,2010-s4,A,2010-s4-A-GD,P0969,P1063,7,3,P0969,games-tally
2010-s4-A-GD-3-6,2010-s4,A,2010-s4-A-GD,P0969,P1404,5,5,,games-tally
2010-s4-A-GD-4-5,2010-s4,A,2010-s4-A-GD,P1180,P1063,7,3,P1180,games-tally
2010-s4-A-GD-4-6,2010-s4,A,2010-s4-A-GD,P1180,P1404,3,7,P1404,games-tally
2010-s4-A-GD-5-6,2010-s4,A,2010-s4-A-GD,P1063,P1404,4,6,P1404,games-tally
2010-s4-A-GE-0-1,2010-s4,A,2010-s4-A-GE,P1406,P1554,7,3,P1406,games-tally
2010-s4-A-GE-0-2,2010-s4,A,2010-s4-A-GE,P1406,P1556,10,0,P1406,games-tally
2010-s4-A-GE-0-3,2010-s4,A,2010-s4-A-GE,P1406,P1381,3,7,P1381,games-tally
2010-s4-A-GE-0-4,2010-s4,A,2010-s4-A-GE,P1406,P0073,3,7,P0073,games-tally
2010-s4-A-GE-0-5,2010-s4,A,2010-s4-A-GE,P1406,P1321,10,0,P1406,games-tally
2010-s4-A-GE-0-6,2010-s4,A,2010-s4-A-GE,P1406,P1413,10,0,P1406,games-tally
2010-s4-A-GE-1-3,2010-s4,A,2010-s4-A-GE,P1554,P1381,4,6,P1381,games-tally
2010-s4-A-GE-1-4,2010-s4,A,2010-s4-A-GE,P1554,P0073,4,6,P0073,games-tally
2010-s4-A-GE-1-5,2010-s4,A,2010-s4-A-GE,P1554,P1321,6,4,P1554,games-tally
2010-s4-A-GE-2-3,2010-s4,A,2010-s4-A-GE,P1556,P1381,7,3,P1556,games-tally
2010-s4-A-GE-3-4,2010-s4,A,2010-s4-A-GE,P1381,P0073,2,8,P0073,games-tally
2010-s4-A-GE-3-5,2010-s4,A,2010-s4-A-GE,P1381,P1321,4,6,P1321,games-tally
2010-s4-A-GE-3-6,2010-s4,A,2010-s4-A-GE,P1381,P1413,6,4,P1381,games-tally
2010-s4-A-GE-4-5,2010-s4,A,2010-s4-A-GE,P0073,P1321,8,2,P0073,games-tally
2010-s4-A-GF-0-1,2010-s4,A,2010-s4-A-GF,P1423,P0987,4,6,P0987,games-tally
2010-s4-A-GF-0-2,2010-s4,A,2010-s4-A-GF,P1423,P1396,4,6,P1396,games-tally
2010-s4-A-GF-0-3,2010-s4,A,2010-s4-A-GF,P1423,P1410,2,8,P1410,games-tally
2010-s4-A-GF-0-4,2010-s4,A,2010-s4-A-GF,P1423,P0250,2,8,P0250,games-tally
2010-s4-A-GF-0-5,2010-s4,A,2010-s4-A-GF,P1423,P1148,6,4,P1423,games-tally
2010-s4-A-GF-0-6,2010-s4,A,2010-s4-A-GF,P1423,P1022,4,6,P1022,games-tally
2010-s4-A-GF-1-2,2010-s4,A,2010-s4-A-GF,P0987,P1396,8,2,P0987,games-tally
2010-s4-A-GF-1-3,2010-s4,A,2010-s4-A-GF,P0987,P1410,5,5,,games-tally
2010-s4-A-GF-1-4,2010-s4,A,2010-s4-A-GF,P0987,P0250,5,5,,games-tally
2010-s4-A-GF-1-5,2010-s4,A,2010-s4-A-GF,P0987,P1148,7,3,P0987,games-tally
2010-s4-A-GF-2-3,2010-s4,A,2010-s4-A-GF,P1396,P1410,2,8,P1410,games-tally
2010-s4-A-GF-2-4,2010-s4,A,2010-s4-A-GF,P1396,P0250,4,6,P0250,games-tally
2010-s4-A-GF-2-5,2010-s4,A,2010-s4-A-GF,P1396,P1148,2,8,P1148,games-tally
2010-s4-A-GF-2-6,2010-s4,A,2010-s4-A-GF,P1396,P1022,0,10,P1022,games-tally
2010-s4-A-GF-3-4,2010-s4,A,2010-s4-A-GF,P1410,P0250,9,1,P1410,games-tally
2010-s4-A-GF-3-5,2010-s4,A,2010-s4-A-GF,P1410,P1148,8,2,P1410,games-tally
2010-s4-A-GF-3-6,2010-s4,A,2010-s4-A-GF,P1410,P1022,4,6,P1022,games-tally
2010-s4-A-GF-4-5,2010-s4,A,2010-s4-A-GF,P0250,P1148,6,4,P0250,games-tally
2010-s4-A-GF-4-6,2010-s4,A,2010-s4-A-GF,P0250,P1022,8,2,P0250,games-tally
2010-s4-A-GF-5-6,2010-s4,A,2010-s4-A-GF,P1148,P1022,4,6,P1022,games-tally
2010-s4-A-GG-0-3,2010-s4,A,2010-s4-A-GG,P1480,P1511,1,9,P1511,games-tally
2010-s4-A-GG-0-4,2010-s4,A,2010-s4-A-GG,P1480,P1393,1,9,P1393,games-tally
2010-s4-A-GG-0-5,2010-s4,A,2010-s4-A-GG,P1480,P1215,6,4,P1480,games-tally
2010-s4-A-GG-1-3,2010-s4,A,2010-s4-A-GG,P0076,P1511,4,6,P1511,games-tally
2010-s4-A-GG-2-3,2010-s4,A,2010-s4-A-GG,P1457,P1511,6,4,P1457,games-tally
2010-s4-A-GG-2-4,2010-s4,A,2010-s4-A-GG,P1457,P1393,6,4,P1457,games-tally
2010-s4-A-GG-2-5,2010-s4,A,2010-s4-A-GG,P1457,P1215,7,3,P1457,games-tally
2010-s4-A-GG-2-6,2010-s4,A,2010-s4-A-GG,P1457,P1113,5,5,,games-tally
2010-s4-A-GG-3-4,2010-s4,A,2010-s4-A-GG,P1511,P1393,4,6,P1393,games-tally
2010-s4-A-GG-3-5,2010-s4,A,2010-s4-A-GG,P1511,P1215,10,0,P1511,games-tally
2010-s4-A-GG-3-6,2010-s4,A,2010-s4-A-GG,P1511,P1113,7,3,P1511,games-tally
2010-s4-A-GG-4-5,2010-s4,A,2010-s4-A-GG,P1393,P1215,4,6,P1215,games-tally
2010-s4-A-GG-4-6,2010-s4,A,2010-s4-A-GG,P1393,P1113,5,5,,games-tally
2010-s4-A-GG-5-6,2010-s4,A,2010-s4-A-GG,P1215,P1113,3,7,P1113,games-tally
2010-s4-A-GH-0-1,2010-s4,A,2010-s4-A-GH,P1054,P1403,4,6,P1403,games-tally
2010-s4-A-GH-0-2,2010-s4,A,2010-s4-A-GH,P1054,P1421,10,0,P1054,games-tally
2010-s4-A-GH-0-3,2010-s4,A,2010-s4-A-GH,P1054,P0140,10,0,P1054,games-tally
2010-s4-A-GH-0-4,2010-s4,A,2010-s4-A-GH,P1054,P0951,4,6,P0951,games-tally
2010-s4-A-GH-0-5,2010-s4,A,2010-s4-A-GH,P1054,P1417,4,6,P1417,games-tally
2010-s4-A-GH-1-2,2010-s4,A,2010-s4-A-GH,P1403,P1421,10,0,P1403,games-tally
2010-s4-A-GH-1-3,2010-s4,A,2010-s4-A-GH,P1403,P0140,10,0,P1403,games-tally
2010-s4-A-GH-1-4,2010-s4,A,2010-s4-A-GH,P1403,P0951,7,3,P1403,games-tally
2010-s4-A-GH-2-4,2010-s4,A,2010-s4-A-GH,P1421,P0951,0,10,P0951,games-tally
2010-s4-A-GH-2-5,2010-s4,A,2010-s4-A-GH,P1421,P1417,0,10,P1417,games-tally
2010-s4-A-GH-2-6,2010-s4,A,2010-s4-A-GH,P1421,P1369,0,10,P1369,games-tally
2010-s4-A-GH-3-4,2010-s4,A,2010-s4-A-GH,P0140,P0951,0,10,P0951,games-tally
2010-s4-A-GH-3-5,2010-s4,A,2010-s4-A-GH,P0140,P1417,0,10,P1417,games-tally
2010-s4-A-GH-3-6,2010-s4,A,2010-s4-A-GH,P0140,P1369,0,10,P1369,games-tally
2010-s4-A-GH-4-5,2010-s4,A,2010-s4-A-GH,P0951,P1417,6,4,P0951,games-tally
2010-s4-A-GH-4-6,2010-s4,A,2010-s4-A-GH,P0951,P1369,5,5,,games-tally
2010-s4-B-GA-0-1,2010-s4,B,2010-s4-B-GA,P1465,P1472,5,5,,games-tally
2010-s4-B-GA-0-2,2010-s4,B,2010-s4-B-GA,P1465,P1467,6,4,P1465,games-tally
2010-s4-B-GA-0-3,2010-s4,B,2010-s4-B-GA,P1465,P0327,6,4,P1465,games-tally
2010-s4-B-GA-0-4,2010-s4,B,2010-s4-B-GA,P1465,P1534,6,4,P1465,games-tally
2010-s4-B-GA-0-6,2010-s4,B,2010-s4-B-GA,P1465,P1492,6,4,P1465,games-tally
2010-s4-B-GA-1-2,2010-s4,B,2010-s4-B-GA,P1472,P1467,7,3,P1472,games-tally
2010-s4-B-GA-1-3,2010-s4,B,2010-s4-B-GA,P1472,P0327,5,5,,games-tally
2010-s4-B-GA-1-4,2010-s4,B,2010-s4-B-GA,P1472,P1534,5,5,,games-tally
2010-s4-B-GA-1-5,2010-s4,B,2010-s4-B-GA,P1472,P1130,4,6,P1130,games-tally
2010-s4-B-GA-1-6,2010-s4,B,2010-s4-B-GA,P1472,P1492,2,8,P1492,games-tally
2010-s4-B-GA-2-3,2010-s4,B,2010-s4-B-GA,P1467,P0327,3,7,P0327,games-tally
2010-s4-B-GA-2-4,2010-s4,B,2010-s4-B-GA,P1467,P1534,4,6,P1534,games-tally
2010-s4-B-GA-2-6,2010-s4,B,2010-s4-B-GA,P1467,P1492,1,9,P1492,games-tally
2010-s4-B-GA-3-4,2010-s4,B,2010-s4-B-GA,P0327,P1534,8,2,P0327,games-tally
2010-s4-B-GA-3-5,2010-s4,B,2010-s4-B-GA,P0327,P1130,5,5,,games-tally
2010-s4-B-GA-3-6,2010-s4,B,2010-s4-B-GA,P0327,P1492,7,3,P0327,games-tally
2010-s4-B-GA-4-5,2010-s4,B,2010-s4-B-GA,P1534,P1130,0,10,P1130,games-tally
2010-s4-B-GA-4-6,2010-s4,B,2010-s4-B-GA,P1534,P1492,8,2,P1534,games-tally
2010-s4-B-GB-0-1,2010-s4,B,2010-s4-B-GB,P0383,P1532,10,0,P0383,games-tally
2010-s4-B-GB-0-2,2010-s4,B,2010-s4-B-GB,P0383,P1531,3,7,P1531,games-tally
2010-s4-B-GB-0-3,2010-s4,B,2010-s4-B-GB,P0383,P1516,3,7,P1516,games-tally
2010-s4-B-GB-0-4,2010-s4,B,2010-s4-B-GB,P0383,P1461,9,1,P0383,games-tally
2010-s4-B-GB-0-5,2010-s4,B,2010-s4-B-GB,P0383,P1440,6,4,P0383,games-tally
2010-s4-B-GB-0-6,2010-s4,B,2010-s4-B-GB,P0383,P1560,9,1,P0383,games-tally
2010-s4-B-GB-1-2,2010-s4,B,2010-s4-B-GB,P1532,P1531,2,8,P1531,games-tally
2010-s4-B-GB-1-3,2010-s4,B,2010-s4-B-GB,P1532,P1516,3,7,P1516,games-tally
2010-s4-B-GB-1-5,2010-s4,B,2010-s4-B-GB,P1532,P1440,4,6,P1440,games-tally
2010-s4-B-GB-2-3,2010-s4,B,2010-s4-B-GB,P1531,P1516,6,4,P1531,games-tally
2010-s4-B-GB-2-4,2010-s4,B,2010-s4-B-GB,P1531,P1461,6,4,P1531,games-tally
2010-s4-B-GB-2-5,2010-s4,B,2010-s4-B-GB,P1531,P1440,2,8,P1440,games-tally
2010-s4-B-GB-2-6,2010-s4,B,2010-s4-B-GB,P1531,P1560,6,4,P1531,games-tally
2010-s4-B-GB-3-4,2010-s4,B,2010-s4-B-GB,P1516,P1461,6,4,P1516,games-tally
2010-s4-B-GB-3-5,2010-s4,B,2010-s4-B-GB,P1516,P1440,2,8,P1440,games-tally
2010-s4-B-GB-3-6,2010-s4,B,2010-s4-B-GB,P1516,P1560,6,4,P1516,games-tally
2010-s4-B-GB-4-5,2010-s4,B,2010-s4-B-GB,P1461,P1440,2,8,P1440,games-tally
2010-s4-B-GB-4-6,2010-s4,B,2010-s4-B-GB,P1461,P1560,4,6,P1560,games-tally
2010-s4-B-GB-5-6,2010-s4,B,2010-s4-B-GB,P1440,P1560,8,2,P1440,games-tally
2010-s4-B-GC-0-1,2010-s4,B,2010-s4-B-GC,P1462,P1428,6,4,P1462,games-tally
2010-s4-B-GC-0-2,2010-s4,B,2010-s4-B-GC,P1462,P1392,7,3,P1462,games-tally
2010-s4-B-GC-0-3,2010-s4,B,2010-s4-B-GC,P1462,P1430,4,6,P1430,games-tally
2010-s4-B-GC-0-5,2010-s4,B,2010-s4-B-GC,P1462,P1536,4,6,P1536,games-tally
2010-s4-B-GC-0-6,2010-s4,B,2010-s4-B-GC,P1462,P1407,7,3,P1462,games-tally
2010-s4-B-GC-1-2,2010-s4,B,2010-s4-B-GC,P1428,P1392,2,8,P1392,games-tally
2010-s4-B-GC-1-3,2010-s4,B,2010-s4-B-GC,P1428,P1430,7,3,P1428,games-tally
2010-s4-B-GC-1-4,2010-s4,B,2010-s4-B-GC,P1428,P1402,3,7,P1402,games-tally
2010-s4-B-GC-1-5,2010-s4,B,2010-s4-B-GC,P1428,P1536,3,7,P1536,games-tally
2010-s4-B-GC-1-6,2010-s4,B,2010-s4-B-GC,P1428,P1407,4,6,P1407,games-tally
2010-s4-B-GC-2-3,2010-s4,B,2010-s4-B-GC,P1392,P1430,6,4,P1392,games-tally
2010-s4-B-GC-2-4,2010-s4,B,2010-s4-B-GC,P1392,P1402,4,6,P1402,games-tally
2010-s4-B-GC-2-5,2010-s4,B,2010-s4-B-GC,P1392,P1536,6,4,P1392,games-tally
2010-s4-B-GC-2-6,2010-s4,B,2010-s4-B-GC,P1392,P1407,6,4,P1392,games-tally
2010-s4-B-GC-3-4,2010-s4,B,2010-s4-B-GC,P1430,P1402,6,4,P1430,games-tally
2010-s4-B-GC-3-5,2010-s4,B,2010-s4-B-GC,P1430,P1536,4,6,P1536,games-tally
2010-s4-B-GC-3-6,2010-s4,B,2010-s4-B-GC,P1430,P1407,6,4,P1430,games-tally
2010-s4-B-GC-4-5,2010-s4,B,2010-s4-B-GC,P1402,P1536,6,4,P1402,games-tally
2010-s4-B-GC-4-6,2010-s4,B,2010-s4-B-GC,P1402,P1407,6,4,P1402,games-tally
2010-s4-B-GC-5-6,2010-s4,B,2010-s4-B-GC,P1536,P1407,7,3,P1536,games-tally
2010-s4-B-GD-0-1,2010-s4,B,2010-s4-B-GD,P1313,P1412,5,5,,games-tally
2010-s4-B-GD-0-2,2010-s4,B,2010-s4-B-GD,P1313,P1507,5,5,,games-tally
2010-s4-B-GD-0-3,2010-s4,B,2010-s4-B-GD,P1313,P1458,6,4,P1313,games-tally
2010-s4-B-GD-0-4,2010-s4,B,2010-s4-B-GD,P1313,P0726,6,4,P1313,games-tally
2010-s4-B-GD-0-5,2010-s4,B,2010-s4-B-GD,P1313,P1551,5,5,,games-tally
2010-s4-B-GD-0-6,2010-s4,B,2010-s4-B-GD,P1313,P1445,5,5,,games-tally
2010-s4-B-GD-1-2,2010-s4,B,2010-s4-B-GD,P1412,P1507,5,5,,games-tally
2010-s4-B-GD-1-3,2010-s4,B,2010-s4-B-GD,P1412,P1458,7,3,P1412,games-tally
2010-s4-B-GD-1-4,2010-s4,B,2010-s4-B-GD,P1412,P0726,1,9,P0726,games-tally
2010-s4-B-GD-1-5,2010-s4,B,2010-s4-B-GD,P1412,P1551,6,4,P1412,games-tally
2010-s4-B-GD-1-6,2010-s4,B,2010-s4-B-GD,P1412,P1445,6,4,P1412,games-tally
2010-s4-B-GD-2-3,2010-s4,B,2010-s4-B-GD,P1507,P1458,4,6,P1458,games-tally
2010-s4-B-GD-2-4,2010-s4,B,2010-s4-B-GD,P1507,P0726,6,4,P1507,games-tally
2010-s4-B-GD-2-5,2010-s4,B,2010-s4-B-GD,P1507,P1551,9,1,P1507,games-tally
2010-s4-B-GD-2-6,2010-s4,B,2010-s4-B-GD,P1507,P1445,8,2,P1507,games-tally
2010-s4-B-GD-3-4,2010-s4,B,2010-s4-B-GD,P1458,P0726,3,7,P0726,games-tally
2010-s4-B-GD-3-5,2010-s4,B,2010-s4-B-GD,P1458,P1551,3,7,P1551,games-tally
2010-s4-B-GD-3-6,2010-s4,B,2010-s4-B-GD,P1458,P1445,0,10,P1445,games-tally
2010-s4-B-GD-4-5,2010-s4,B,2010-s4-B-GD,P0726,P1551,7,3,P0726,games-tally
2010-s4-B-GD-4-6,2010-s4,B,2010-s4-B-GD,P0726,P1445,6,4,P0726,games-tally
2010-s4-B-GD-5-6,2010-s4,B,2010-s4-B-GD,P1551,P1445,4,6,P1445,games-tally
2010-s4-B-GE-0-1,2010-s4,B,2010-s4-B-GE,P1456,P1500,5,5,,games-tally
2010-s4-B-GE-0-2,2010-s4,B,2010-s4-B-GE,P1456,P1490,6,4,P1456,games-tally
2010-s4-B-GE-0-4,2010-s4,B,2010-s4-B-GE,P1456,P1470,10,0,P1456,games-tally
2010-s4-B-GE-0-5,2010-s4,B,2010-s4-B-GE,P1456,P1502,6,4,P1456,games-tally
2010-s4-B-GE-0-6,2010-s4,B,2010-s4-B-GE,P1456,P1057,2,8,P1057,games-tally
2010-s4-B-GE-1-2,2010-s4,B,2010-s4-B-GE,P1500,P1490,7,3,P1500,games-tally
2010-s4-B-GE-1-4,2010-s4,B,2010-s4-B-GE,P1500,P1470,10,0,P1500,games-tally
2010-s4-B-GE-1-6,2010-s4,B,2010-s4-B-GE,P1500,P1057,1,9,P1057,games-tally
2010-s4-B-GE-2-4,2010-s4,B,2010-s4-B-GE,P1490,P1470,10,0,P1490,games-tally
2010-s4-B-GE-2-6,2010-s4,B,2010-s4-B-GE,P1490,P1057,4,6,P1057,games-tally
2010-s4-B-GE-3-4,2010-s4,B,2010-s4-B-GE,P1546,P1470,10,0,P1546,games-tally
2010-s4-B-GE-4-5,2010-s4,B,2010-s4-B-GE,P1470,P1502,0,10,P1502,games-tally
2010-s4-B-GE-4-6,2010-s4,B,2010-s4-B-GE,P1470,P1057,0,10,P1057,games-tally
2011-s1-A-GA-0-1,2011-s1,A,2011-s1-A-GA,P1581,P1444,10,0,P1581,games-tally
2011-s1-A-GA-0-3,2011-s1,A,2011-s1-A-GA,P1581,P1531,9,1,P1581,games-tally
2011-s1-A-GA-0-4,2011-s1,A,2011-s1-A-GA,P1581,P1404,3,7,P1404,games-tally
2011-s1-A-GA-0-5,2011-s1,A,2011-s1-A-GA,P1581,P1717,8,2,P1581,games-tally
2011-s1-A-GA-0-6,2011-s1,A,2011-s1-A-GA,P1581,P1022,3,7,P1022,games-tally
2011-s1-A-GA-1-2,2011-s1,A,2011-s1-A-GA,P1444,P0754,0,10,P0754,games-tally
2011-s1-A-GA-1-3,2011-s1,A,2011-s1-A-GA,P1444,P1531,6,4,P1444,games-tally
2011-s1-A-GA-1-4,2011-s1,A,2011-s1-A-GA,P1444,P1404,0,10,P1404,games-tally
2011-s1-A-GA-1-5,2011-s1,A,2011-s1-A-GA,P1444,P1717,0,10,P1717,games-tally
2011-s1-A-GA-1-6,2011-s1,A,2011-s1-A-GA,P1444,P1022,0,10,P1022,games-tally
2011-s1-A-GA-2-4,2011-s1,A,2011-s1-A-GA,P0754,P1404,3,7,P1404,games-tally
2011-s1-A-GA-2-5,2011-s1,A,2011-s1-A-GA,P0754,P1717,9,1,P0754,games-tally
2011-s1-A-GA-3-4,2011-s1,A,2011-s1-A-GA,P1531,P1404,0,10,P1404,games-tally
2011-s1-A-GA-3-5,2011-s1,A,2011-s1-A-GA,P1531,P1717,4,6,P1717,games-tally
2011-s1-A-GA-4-5,2011-s1,A,2011-s1-A-GA,P1404,P1717,9,1,P1404,games-tally
2011-s1-A-GA-4-6,2011-s1,A,2011-s1-A-GA,P1404,P1022,4,6,P1022,games-tally
2011-s1-A-GA-5-6,2011-s1,A,2011-s1-A-GA,P1717,P1022,1,9,P1022,games-tally
2011-s1-A-GB-0-1,2011-s1,A,2011-s1-A-GB,P1593,P1441,3,7,P1441,games-tally
2011-s1-A-GB-0-2,2011-s1,A,2011-s1-A-GB,P1593,P1637,8,2,P1593,games-tally
2011-s1-A-GB-0-3,2011-s1,A,2011-s1-A-GB,P1593,P1605,7,3,P1593,games-tally
2011-s1-A-GB-0-4,2011-s1,A,2011-s1-A-GB,P1593,P1667,9,1,P1593,games-tally
2011-s1-A-GB-0-5,2011-s1,A,2011-s1-A-GB,P1593,P1672,8,2,P1593,games-tally
2011-s1-A-GB-0-6,2011-s1,A,2011-s1-A-GB,P1593,P1425,4,6,P1425,games-tally
2011-s1-A-GB-1-2,2011-s1,A,2011-s1-A-GB,P1441,P1637,9,1,P1441,games-tally
2011-s1-A-GB-1-3,2011-s1,A,2011-s1-A-GB,P1441,P1605,9,1,P1441,games-tally
2011-s1-A-GB-1-4,2011-s1,A,2011-s1-A-GB,P1441,P1667,6,4,P1441,games-tally
2011-s1-A-GB-1-5,2011-s1,A,2011-s1-A-GB,P1441,P1672,7,3,P1441,games-tally
2011-s1-A-GB-1-6,2011-s1,A,2011-s1-A-GB,P1441,P1425,3,7,P1425,games-tally
2011-s1-A-GB-2-3,2011-s1,A,2011-s1-A-GB,P1637,P1605,1,9,P1605,games-tally
2011-s1-A-GB-2-4,2011-s1,A,2011-s1-A-GB,P1637,P1667,4,6,P1667,games-tally
2011-s1-A-GB-2-5,2011-s1,A,2011-s1-A-GB,P1637,P1672,1,9,P1672,games-tally
2011-s1-A-GB-2-6,2011-s1,A,2011-s1-A-GB,P1637,P1425,3,7,P1425,games-tally
2011-s1-A-GB-3-4,2011-s1,A,2011-s1-A-GB,P1605,P1667,4,6,P1667,games-tally
2011-s1-A-GB-3-5,2011-s1,A,2011-s1-A-GB,P1605,P1672,3,7,P1672,games-tally
2011-s1-A-GB-3-6,2011-s1,A,2011-s1-A-GB,P1605,P1425,4,6,P1425,games-tally
2011-s1-A-GB-4-5,2011-s1,A,2011-s1-A-GB,P1667,P1672,6,4,P1667,games-tally
2011-s1-A-GB-4-6,2011-s1,A,2011-s1-A-GB,P1667,P1425,5,5,,games-tally
2011-s1-A-GB-5-6,2011-s1,A,2011-s1-A-GB,P1672,P1425,6,4,P1672,games-tally
2011-s1-A-GC-0-1,2011-s1,A,2011-s1-A-GC,P1158,P0969,6,4,P1158,games-tally
2011-s1-A-GC-0-2,2011-s1,A,2011-s1-A-GC,P1158,P1650,3,7,P1650,games-tally
2011-s1-A-GC-0-3,2011-s1,A,2011-s1-A-GC,P1158,P1381,8,2,P1158,games-tally
2011-s1-A-GC-0-4,2011-s1,A,2011-s1-A-GC,P1158,P1457,6,4,P1158,games-tally
2011-s1-A-GC-0-5,2011-s1,A,2011-s1-A-GC,P1158,P1619,9,1,P1158,games-tally
2011-s1-A-GC-0-6,2011-s1,A,2011-s1-A-GC,P1158,P1685,8,2,P1158,games-tally
2011-s1-A-GC-1-2,2011-s1,A,2011-s1-A-GC,P0969,P1650,0,10,P1650,games-tally
2011-s1-A-GC-1-3,2011-s1,A,2011-s1-A-GC,P0969,P1381,5,5,,games-tally
2011-s1-A-GC-2-3,2011-s1,A,2011-s1-A-GC,P1650,P1381,7,3,P1650,games-tally
2011-s1-A-GC-2-4,2011-s1,A,2011-s1-A-GC,P1650,P1457,10,0,P1650,games-tally
2011-s1-A-GC-2-5,2011-s1,A,2011-s1-A-GC,P1650,P1619,8,2,P1650,games-tally
2011-s1-A-GC-2-6,2011-s1,A,2011-s1-A-GC,P1650,P1685,9,1,P1650,games-tally
2011-s1-A-GC-3-4,2011-s1,A,2011-s1-A-GC,P1381,P1457,10,0,P1381,games-tally
2011-s1-A-GC-3-5,2011-s1,A,2011-s1-A-GC,P1381,P1619,10,0,P1381,games-tally
2011-s1-A-GC-3-6,2011-s1,A,2011-s1-A-GC,P1381,P1685,4,6,P1685,games-tally
2011-s1-A-GC-4-5,2011-s1,A,2011-s1-A-GC,P1457,P1619,4,6,P1619,games-tally
2011-s1-A-GC-5-6,2011-s1,A,2011-s1-A-GC,P1619,P1685,4,6,P1685,games-tally
2011-s1-A-GD-0-1,2011-s1,A,2011-s1-A-GD,P0672,P1536,5,5,,games-tally
2011-s1-A-GD-0-2,2011-s1,A,2011-s1-A-GD,P0672,P1300,6,4,P0672,games-tally
2011-s1-A-GD-0-3,2011-s1,A,2011-s1-A-GD,P0672,P1659,6,4,P0672,games-tally
2011-s1-A-GD-0-4,2011-s1,A,2011-s1-A-GD,P0672,P1423,7,3,P0672,games-tally
2011-s1-A-GD-0-5,2011-s1,A,2011-s1-A-GD,P0672,P0051,10,0,P0672,games-tally
2011-s1-A-GD-1-2,2011-s1,A,2011-s1-A-GD,P1536,P1300,3,7,P1300,games-tally
2011-s1-A-GD-1-3,2011-s1,A,2011-s1-A-GD,P1536,P1659,5,5,,games-tally
2011-s1-A-GD-1-4,2011-s1,A,2011-s1-A-GD,P1536,P1423,4,6,P1423,games-tally
2011-s1-A-GD-1-6,2011-s1,A,2011-s1-A-GD,P1536,P1699,6,4,P1536,games-tally
2011-s1-A-GD-2-3,2011-s1,A,2011-s1-A-GD,P1300,P1659,8,2,P1300,games-tally
2011-s1-A-GD-2-4,2011-s1,A,2011-s1-A-GD,P1300,P1423,8,2,P1300,games-tally
2011-s1-A-GD-2-5,2011-s1,A,2011-s1-A-GD,P1300,P0051,10,0,P1300,games-tally
2011-s1-A-GD-2-6,2011-s1,A,2011-s1-A-GD,P1300,P1699,6,4,P1300,games-tally
2011-s1-A-GD-3-4,2011-s1,A,2011-s1-A-GD,P1659,P1423,6,4,P1659,games-tally
2011-s1-A-GD-3-5,2011-s1,A,2011-s1-A-GD,P1659,P0051,5,5,,games-tally
2011-s1-A-GD-5-6,2011-s1,A,2011-s1-A-GD,P0051,P1699,8,2,P0051,games-tally
2011-s1-A-GE-0-1,2011-s1,A,2011-s1-A-GE,P0140,P1274,7,3,P0140,games-tally
2011-s1-A-GE-0-2,2011-s1,A,2011-s1-A-GE,P0140,P1645,9,1,P0140,games-tally
2011-s1-A-GE-0-3,2011-s1,A,2011-s1-A-GE,P0140,P1655,4,6,P1655,games-tally
2011-s1-A-GE-0-5,2011-s1,A,2011-s1-A-GE,P0140,P1138,9,1,P0140,games-tally
2011-s1-A-GE-0-6,2011-s1,A,2011-s1-A-GE,P0140,P1417,10,0,P0140,games-tally
2011-s1-A-GE-1-3,2011-s1,A,2011-s1-A-GE,P1274,P1655,0,10,P1655,games-tally
2011-s1-A-GE-1-4,2011-s1,A,2011-s1-A-GE,P1274,P1415,3,7,P1415,games-tally
2011-s1-A-GE-1-5,2011-s1,A,2011-s1-A-GE,P1274,P1138,4,6,P1138,games-tally
2011-s1-A-GE-2-4,2011-s1,A,2011-s1-A-GE,P1645,P1415,0,10,P1415,games-tally
2011-s1-A-GE-2-5,2011-s1,A,2011-s1-A-GE,P1645,P1138,4,6,P1138,games-tally
2011-s1-A-GE-3-4,2011-s1,A,2011-s1-A-GE,P1655,P1415,7,3,P1655,games-tally
2011-s1-A-GE-3-5,2011-s1,A,2011-s1-A-GE,P1655,P1138,7,3,P1655,games-tally
2011-s1-A-GE-4-5,2011-s1,A,2011-s1-A-GE,P1415,P1138,8,2,P1415,games-tally
2011-s1-A-GE-4-6,2011-s1,A,2011-s1-A-GE,P1415,P1417,7,3,P1415,games-tally
2011-s1-A-GE-5-6,2011-s1,A,2011-s1-A-GE,P1138,P1417,10,0,P1138,games-tally
2011-s1-A-GF-0-1,2011-s1,A,2011-s1-A-GF,P1511,P1096,4,6,P1096,games-tally
2011-s1-A-GF-0-4,2011-s1,A,2011-s1-A-GF,P1511,P1396,1,9,P1396,games-tally
2011-s1-A-GF-0-5,2011-s1,A,2011-s1-A-GF,P1511,P1620,0,10,P1620,games-tally
2011-s1-A-GF-0-6,2011-s1,A,2011-s1-A-GF,P1511,P0073,0,10,P0073,games-tally
2011-s1-A-GF-1-2,2011-s1,A,2011-s1-A-GF,P1096,P1539,5,5,,games-tally
2011-s1-A-GF-1-3,2011-s1,A,2011-s1-A-GF,P1096,P1435,5,5,,games-tally
2011-s1-A-GF-1-4,2011-s1,A,2011-s1-A-GF,P1096,P1396,8,2,P1096,games-tally
2011-s1-A-GF-1-5,2011-s1,A,2011-s1-A-GF,P1096,P1620,6,4,P1096,games-tally
2011-s1-A-GF-1-6,2011-s1,A,2011-s1-A-GF,P1096,P0073,0,10,P0073,games-tally
2011-s1-A-GF-2-4,2011-s1,A,2011-s1-A-GF,P1539,P1396,9,1,P1539,games-tally
2011-s1-A-GF-2-5,2011-s1,A,2011-s1-A-GF,P1539,P1620,0,10,P1620,games-tally
2011-s1-A-GF-2-6,2011-s1,A,2011-s1-A-GF,P1539,P0073,2,8,P0073,games-tally
2011-s1-A-GF-3-4,2011-s1,A,2011-s1-A-GF,P1435,P1396,0,10,P1396,games-tally
2011-s1-A-GF-3-5,2011-s1,A,2011-s1-A-GF,P1435,P1620,1,9,P1620,games-tally
2011-s1-A-GF-3-6,2011-s1,A,2011-s1-A-GF,P1435,P0073,3,7,P0073,games-tally
2011-s1-A-GF-4-5,2011-s1,A,2011-s1-A-GF,P1396,P1620,2,8,P1620,games-tally
2011-s1-A-GF-4-6,2011-s1,A,2011-s1-A-GF,P1396,P0073,1,9,P0073,games-tally
2011-s1-A-GF-5-6,2011-s1,A,2011-s1-A-GF,P1620,P0073,3,7,P0073,games-tally
2011-s1-A-GG-0-1,2011-s1,A,2011-s1-A-GG,P1723,P1401,0,10,P1401,games-tally
2011-s1-A-GG-0-2,2011-s1,A,2011-s1-A-GG,P1723,P1654,0,10,P1654,games-tally
2011-s1-A-GG-0-3,2011-s1,A,2011-s1-A-GG,P1723,P0951,3,7,P0951,games-tally
2011-s1-A-GG-0-4,2011-s1,A,2011-s1-A-GG,P1723,P1466,0,10,P1466,games-tally
2011-s1-A-GG-0-5,2011-s1,A,2011-s1-A-GG,P1723,P1520,0,10,P1520,games-tally
2011-s1-A-GG-0-6,2011-s1,A,2011-s1-A-GG,P1723,P1446,0,10,P1446,games-tally
2011-s1-A-GG-1-2,2011-s1,A,2011-s1-A-GG,P1401,P1654,4,6,P1654,games-tally
2011-s1-A-GG-1-3,2011-s1,A,2011-s1-A-GG,P1401,P0951,2,8,P0951,games-tally
2011-s1-A-GG-1-4,2011-s1,A,2011-s1-A-GG,P1401,P1466,0,10,P1466,games-tally
2011-s1-A-GG-1-5,2011-s1,A,2011-s1-A-GG,P1401,P1520,3,7,P1520,games-tally
2011-s1-A-GG-1-6,2011-s1,A,2011-s1-A-GG,P1401,P1446,1,9,P1446,games-tally
2011-s1-A-GG-2-3,2011-s1,A,2011-s1-A-GG,P1654,P0951,6,4,P1654,games-tally
2011-s1-A-GG-2-4,2011-s1,A,2011-s1-A-GG,P1654,P1466,1,9,P1466,games-tally
2011-s1-A-GG-2-5,2011-s1,A,2011-s1-A-GG,P1654,P1520,6,4,P1654,games-tally
2011-s1-A-GG-3-4,2011-s1,A,2011-s1-A-GG,P0951,P1466,6,4,P0951,games-tally
2011-s1-A-GG-3-6,2011-s1,A,2011-s1-A-GG,P0951,P1446,5,5,,games-tally
2011-s1-B-GA-0-1,2011-s1,B,2011-s1-B-GA,P1715,P1573,9,1,P1715,games-tally
2011-s1-B-GA-0-2,2011-s1,B,2011-s1-B-GA,P1715,P1489,6,4,P1715,games-tally
2011-s1-B-GA-0-3,2011-s1,B,2011-s1-B-GA,P1715,P1516,4,6,P1516,games-tally
2011-s1-B-GA-0-4,2011-s1,B,2011-s1-B-GA,P1715,P1632,4,6,P1632,games-tally
2011-s1-B-GA-0-5,2011-s1,B,2011-s1-B-GA,P1715,P1707,6,4,P1715,games-tally
2011-s1-B-GA-0-6,2011-s1,B,2011-s1-B-GA,P1715,P1199,4,6,P1199,games-tally
2011-s1-B-GA-1-2,2011-s1,B,2011-s1-B-GA,P1573,P1489,6,4,P1573,games-tally
2011-s1-B-GA-1-3,2011-s1,B,2011-s1-B-GA,P1573,P1516,3,7,P1516,games-tally
2011-s1-B-GA-1-4,2011-s1,B,2011-s1-B-GA,P1573,P1632,0,10,P1632,games-tally
2011-s1-B-GA-1-6,2011-s1,B,2011-s1-B-GA,P1573,P1199,1,9,P1199,games-tally
2011-s1-B-GA-2-3,2011-s1,B,2011-s1-B-GA,P1489,P1516,2,8,P1516,games-tally
2011-s1-B-GA-2-4,2011-s1,B,2011-s1-B-GA,P1489,P1632,0,10,P1632,games-tally
2011-s1-B-GA-2-6,2011-s1,B,2011-s1-B-GA,P1489,P1199,0,10,P1199,games-tally
2011-s1-B-GA-3-4,2011-s1,B,2011-s1-B-GA,P1516,P1632,4,6,P1632,games-tally
2011-s1-B-GA-3-5,2011-s1,B,2011-s1-B-GA,P1516,P1707,9,1,P1516,games-tally
2011-s1-B-GA-3-6,2011-s1,B,2011-s1-B-GA,P1516,P1199,3,7,P1199,games-tally
2011-s1-B-GA-4-5,2011-s1,B,2011-s1-B-GA,P1632,P1707,10,0,P1632,games-tally
2011-s1-B-GA-4-6,2011-s1,B,2011-s1-B-GA,P1632,P1199,1,9,P1199,games-tally
2011-s1-B-GA-5-6,2011-s1,B,2011-s1-B-GA,P1707,P1199,4,6,P1199,games-tally
2011-s1-B-GB-0-1,2011-s1,B,2011-s1-B-GB,P0282,P1716,6,4,P0282,games-tally
2011-s1-B-GB-0-2,2011-s1,B,2011-s1-B-GB,P0282,P1596,6,4,P0282,games-tally
2011-s1-B-GB-0-3,2011-s1,B,2011-s1-B-GB,P0282,P1113,2,8,P1113,games-tally
2011-s1-B-GB-0-4,2011-s1,B,2011-s1-B-GB,P0282,P1554,6,4,P0282,games-tally
2011-s1-B-GB-0-5,2011-s1,B,2011-s1-B-GB,P0282,P1572,5,5,,games-tally
2011-s1-B-GB-0-6,2011-s1,B,2011-s1-B-GB,P0282,P1576,6,4,P0282,games-tally
2011-s1-B-GB-1-2,2011-s1,B,2011-s1-B-GB,P1716,P1596,6,4,P1716,games-tally
2011-s1-B-GB-1-3,2011-s1,B,2011-s1-B-GB,P1716,P1113,3,7,P1113,games-tally
2011-s1-B-GB-1-4,2011-s1,B,2011-s1-B-GB,P1716,P1554,4,6,P1554,games-tally
2011-s1-B-GB-1-5,2011-s1,B,2011-s1-B-GB,P1716,P1572,6,4,P1716,games-tally
2011-s1-B-GB-1-6,2011-s1,B,2011-s1-B-GB,P1716,P1576,2,8,P1576,games-tally
2011-s1-B-GB-2-3,2011-s1,B,2011-s1-B-GB,P1596,P1113,1,9,P1113,games-tally
2011-s1-B-GB-2-4,2011-s1,B,2011-s1-B-GB,P1596,P1554,4,6,P1554,games-tally
2011-s1-B-GB-2-5,2011-s1,B,2011-s1-B-GB,P1596,P1572,3,7,P1572,games-tally
2011-s1-B-GB-2-6,2011-s1,B,2011-s1-B-GB,P1596,P1576,4,6,P1576,games-tally
2011-s1-B-GB-3-4,2011-s1,B,2011-s1-B-GB,P1113,P1554,4,6,P1554,games-tally
2011-s1-B-GB-3-5,2011-s1,B,2011-s1-B-GB,P1113,P1572,4,6,P1572,games-tally
2011-s1-B-GB-3-6,2011-s1,B,2011-s1-B-GB,P1113,P1576,7,3,P1113,games-tally
2011-s1-B-GB-4-5,2011-s1,B,2011-s1-B-GB,P1554,P1572,4,6,P1572,games-tally
2011-s1-B-GB-4-6,2011-s1,B,2011-s1-B-GB,P1554,P1576,5,5,,games-tally
2011-s1-B-GB-5-6,2011-s1,B,2011-s1-B-GB,P1572,P1576,4,6,P1576,games-tally
2011-s1-B-GC-0-1,2011-s1,B,2011-s1-B-GC,P1721,P1626,2,8,P1626,games-tally
2011-s1-B-GC-0-2,2011-s1,B,2011-s1-B-GC,P1721,P1492,7,3,P1721,games-tally
2011-s1-B-GC-0-3,2011-s1,B,2011-s1-B-GC,P1721,P1589,5,5,,games-tally
2011-s1-B-GC-0-4,2011-s1,B,2011-s1-B-GC,P1721,P1664,10,0,P1721,games-tally
2011-s1-B-GC-0-5,2011-s1,B,2011-s1-B-GC,P1721,P1313,6,4,P1721,games-tally
2011-s1-B-GC-0-6,2011-s1,B,2011-s1-B-GC,P1721,P1652,9,1,P1721,games-tally
2011-s1-B-GC-1-2,2011-s1,B,2011-s1-B-GC,P1626,P1492,7,3,P1626,games-tally
2011-s1-B-GC-1-3,2011-s1,B,2011-s1-B-GC,P1626,P1589,3,7,P1589,games-tally
2011-s1-B-GC-1-4,2011-s1,B,2011-s1-B-GC,P1626,P1664,10,0,P1626,games-tally
2011-s1-B-GC-1-5,2011-s1,B,2011-s1-B-GC,P1626,P1313,6,4,P1626,games-tally
2011-s1-B-GC-1-6,2011-s1,B,2011-s1-B-GC,P1626,P1652,10,0,P1626,games-tally
2011-s1-B-GC-2-5,2011-s1,B,2011-s1-B-GC,P1492,P1313,4,6,P1313,games-tally
2011-s1-B-GC-3-5,2011-s1,B,2011-s1-B-GC,P1589,P1313,10,0,P1589,games-tally
2011-s1-B-GC-3-6,2011-s1,B,2011-s1-B-GC,P1589,P1652,9,1,P1589,games-tally
2011-s1-B-GC-4-5,2011-s1,B,2011-s1-B-GC,P1664,P1313,6,4,P1664,games-tally
2011-s1-B-GC-4-6,2011-s1,B,2011-s1-B-GC,P1664,P1652,4,6,P1652,games-tally
2011-s1-B-GC-5-6,2011-s1,B,2011-s1-B-GC,P1313,P1652,7,3,P1313,games-tally
2011-s1-B-GD-0-1,2011-s1,B,2011-s1-B-GD,P1668,P1694,10,0,P1668,games-tally
2011-s1-B-GD-0-2,2011-s1,B,2011-s1-B-GD,P1668,P1725,1,9,P1725,games-tally
2011-s1-B-GD-0-3,2011-s1,B,2011-s1-B-GD,P1668,P1623,2,8,P1623,games-tally
2011-s1-B-GD-0-4,2011-s1,B,2011-s1-B-GD,P1668,P1579,4,6,P1579,games-tally
2011-s1-B-GD-0-5,2011-s1,B,2011-s1-B-GD,P1668,P1642,7,3,P1668,games-tally
2011-s1-B-GD-0-6,2011-s1,B,2011-s1-B-GD,P1668,P1720,8,2,P1668,games-tally
2011-s1-B-GD-1-2,2011-s1,B,2011-s1-B-GD,P1694,P1725,4,6,P1725,games-tally
2011-s1-B-GD-1-3,2011-s1,B,2011-s1-B-GD,P1694,P1623,1,9,P1623,games-tally
2011-s1-B-GD-1-5,2011-s1,B,2011-s1-B-GD,P1694,P1642,6,4,P1694,games-tally
2011-s1-B-GD-1-6,2011-s1,B,2011-s1-B-GD,P1694,P1720,8,2,P1694,games-tally
2011-s1-B-GD-2-3,2011-s1,B,2011-s1-B-GD,P1725,P1623,6,4,P1725,games-tally
2011-s1-B-GD-2-4,2011-s1,B,2011-s1-B-GD,P1725,P1579,7,3,P1725,games-tally
2011-s1-B-GD-2-5,2011-s1,B,2011-s1-B-GD,P1725,P1642,8,2,P1725,games-tally
2011-s1-B-GD-2-6,2011-s1,B,2011-s1-B-GD,P1725,P1720,8,2,P1725,games-tally
2011-s1-B-GD-3-4,2011-s1,B,2011-s1-B-GD,P1623,P1579,3,7,P1579,games-tally
2011-s1-B-GD-3-5,2011-s1,B,2011-s1-B-GD,P1623,P1642,4,6,P1642,games-tally
2011-s1-B-GD-3-6,2011-s1,B,2011-s1-B-GD,P1623,P1720,8,2,P1623,games-tally
2011-s1-B-GD-4-5,2011-s1,B,2011-s1-B-GD,P1579,P1642,8,2,P1579,games-tally
2011-s1-B-GD-4-6,2011-s1,B,2011-s1-B-GD,P1579,P1720,7,3,P1579,games-tally
2011-s1-B-GD-5-6,2011-s1,B,2011-s1-B-GD,P1642,P1720,6,4,P1642,games-tally
2011-s1-B-GE-0-1,2011-s1,B,2011-s1-B-GE,P1430,P1709,7,3,P1430,games-tally
2011-s1-B-GE-0-2,2011-s1,B,2011-s1-B-GE,P1430,P1603,3,7,P1603,games-tally
2011-s1-B-GE-0-3,2011-s1,B,2011-s1-B-GE,P1430,P1613,6,4,P1430,games-tally
2011-s1-B-GE-0-4,2011-s1,B,2011-s1-B-GE,P1430,P1407,9,1,P1430,games-tally
2011-s1-B-GE-0-5,2011-s1,B,2011-s1-B-GE,P1430,P1209,3,7,P1209,games-tally
2011-s1-B-GE-0-6,2011-s1,B,2011-s1-B-GE,P1430,P0726,1,9,P0726,games-tally
2011-s1-B-GE-1-2,2011-s1,B,2011-s1-B-GE,P1709,P1603,2,8,P1603,games-tally
2011-s1-B-GE-1-4,2011-s1,B,2011-s1-B-GE,P1709,P1407,10,0,P1709,games-tally
2011-s1-B-GE-1-5,2011-s1,B,2011-s1-B-GE,P1709,P1209,1,9,P1209,games-tally
2011-s1-B-GE-1-6,2011-s1,B,2011-s1-B-GE,P1709,P0726,3,7,P0726,games-tally
2011-s1-B-GE-2-3,2011-s1,B,2011-s1-B-GE,P1603,P1613,7,3,P1603,games-tally
2011-s1-B-GE-2-4,2011-s1,B,2011-s1-B-GE,P1603,P1407,10,0,P1603,games-tally
2011-s1-B-GE-2-5,2011-s1,B,2011-s1-B-GE,P1603,P1209,8,2,P1603,games-tally
2011-s1-B-GE-2-6,2011-s1,B,2011-s1-B-GE,P1603,P0726,5,5,,games-tally
2011-s1-B-GE-3-4,2011-s1,B,2011-s1-B-GE,P1613,P1407,10,0,P1613,games-tally
2011-s1-B-GE-3-5,2011-s1,B,2011-s1-B-GE,P1613,P1209,6,4,P1613,games-tally
2011-s1-B-GE-3-6,2011-s1,B,2011-s1-B-GE,P1613,P0726,6,4,P1613,games-tally
2011-s1-B-GE-4-5,2011-s1,B,2011-s1-B-GE,P1407,P1209,0,10,P1209,games-tally
2011-s1-B-GE-4-6,2011-s1,B,2011-s1-B-GE,P1407,P0726,0,10,P0726,games-tally
2011-s1-B-GE-5-6,2011-s1,B,2011-s1-B-GE,P1209,P0726,4,6,P0726,games-tally
2011-s2-A-GA-0-1,2011-s2,A,2011-s2-A-GA,P0073,P1300,3,7,P1300,games-tally
2011-s2-A-GA-0-2,2011-s2,A,2011-s2-A-GA,P0073,P1063,8,2,P0073,games-tally
2011-s2-A-GA-0-3,2011-s2,A,2011-s2-A-GA,P0073,P1381,9,1,P0073,games-tally
2011-s2-A-GA-0-4,2011-s2,A,2011-s2-A-GA,P0073,P1054,4,6,P1054,games-tally
2011-s2-A-GA-0-5,2011-s2,A,2011-s2-A-GA,P0073,P1704,8,2,P0073,games-tally
2011-s2-A-GA-0-6,2011-s2,A,2011-s2-A-GA,P0073,P1666,8,2,P0073,games-tally
2011-s2-A-GA-1-3,2011-s2,A,2011-s2-A-GA,P1300,P1381,4,6,P1381,games-tally
2011-s2-A-GA-1-4,2011-s2,A,2011-s2-A-GA,P1300,P1054,4,6,P1054,games-tally
2011-s2-A-GA-1-5,2011-s2,A,2011-s2-A-GA,P1300,P1704,7,3,P1300,games-tally
2011-s2-A-GA-1-6,2011-s2,A,2011-s2-A-GA,P1300,P1666,9,1,P1300,games-tally
2011-s2-A-GA-2-4,2011-s2,A,2011-s2-A-GA,P1063,P1054,4,6,P1054,games-tally
2011-s2-A-GA-3-4,2011-s2,A,2011-s2-A-GA,P1381,P1054,4,6,P1054,games-tally
2011-s2-A-GA-3-5,2011-s2,A,2011-s2-A-GA,P1381,P1704,7,3,P1381,games-tally
2011-s2-A-GA-3-6,2011-s2,A,2011-s2-A-GA,P1381,P1666,3,7,P1666,games-tally
2011-s2-A-GA-4-5,2011-s2,A,2011-s2-A-GA,P1054,P1704,4,6,P1704,games-tally
2011-s2-A-GA-4-6,2011-s2,A,2011-s2-A-GA,P1054,P1666,7,3,P1054,games-tally
2011-s2-A-GA-5-6,2011-s2,A,2011-s2-A-GA,P1704,P1666,4,6,P1666,games-tally
2011-s2-A-GB-0-1,2011-s2,A,2011-s2-A-GB,P1441,P0951,5,5,,games-tally
2011-s2-A-GB-0-2,2011-s2,A,2011-s2-A-GB,P1441,P0335,10,0,P1441,games-tally
2011-s2-A-GB-0-3,2011-s2,A,2011-s2-A-GB,P1441,P1589,6,4,P1441,games-tally
2011-s2-A-GB-0-4,2011-s2,A,2011-s2-A-GB,P1441,P1435,6,4,P1441,games-tally
2011-s2-A-GB-0-5,2011-s2,A,2011-s2-A-GB,P1441,P1657,10,0,P1441,games-tally
2011-s2-A-GB-0-6,2011-s2,A,2011-s2-A-GB,P1441,P0726,3,7,P0726,games-tally
2011-s2-A-GB-1-3,2011-s2,A,2011-s2-A-GB,P0951,P1589,7,3,P0951,games-tally
2011-s2-A-GB-1-4,2011-s2,A,2011-s2-A-GB,P0951,P1435,9,1,P0951,games-tally
2011-s2-A-GB-1-5,2011-s2,A,2011-s2-A-GB,P0951,P1657,6,4,P0951,games-tally
2011-s2-A-GB-1-6,2011-s2,A,2011-s2-A-GB,P0951,P0726,6,4,P0951,games-tally
2011-s2-A-GB-2-4,2011-s2,A,2011-s2-A-GB,P0335,P1435,4,6,P1435,games-tally
2011-s2-A-GB-2-5,2011-s2,A,2011-s2-A-GB,P0335,P1657,6,4,P0335,games-tally
2011-s2-A-GB-2-6,2011-s2,A,2011-s2-A-GB,P0335,P0726,4,6,P0726,games-tally
2011-s2-A-GB-3-4,2011-s2,A,2011-s2-A-GB,P1589,P1435,6,4,P1589,games-tally
2011-s2-A-GB-3-5,2011-s2,A,2011-s2-A-GB,P1589,P1657,7,3,P1589,games-tally
2011-s2-A-GB-4-5,2011-s2,A,2011-s2-A-GB,P1435,P1657,7,3,P1435,games-tally
2011-s2-A-GB-4-6,2011-s2,A,2011-s2-A-GB,P1435,P0726,4,6,P0726,games-tally
2011-s2-A-GB-5-6,2011-s2,A,2011-s2-A-GB,P1657,P0726,4,6,P0726,games-tally
2011-s2-A-GC-0-2,2011-s2,A,2011-s2-A-GC,P1655,P1520,8,2,P1655,games-tally
2011-s2-A-GC-0-3,2011-s2,A,2011-s2-A-GC,P1655,P1594,4,6,P1594,games-tally
2011-s2-A-GC-0-4,2011-s2,A,2011-s2-A-GC,P1655,P1423,9,1,P1655,games-tally
2011-s2-A-GC-0-6,2011-s2,A,2011-s2-A-GC,P1655,P0617,7,3,P1655,games-tally
2011-s2-A-GC-1-2,2011-s2,A,2011-s2-A-GC,P0584,P1520,4,6,P1520,games-tally
2011-s2-A-GC-1-3,2011-s2,A,2011-s2-A-GC,P0584,P1594,4,6,P1594,games-tally
2011-s2-A-GC-1-4,2011-s2,A,2011-s2-A-GC,P0584,P1423,2,8,P1423,games-tally
2011-s2-A-GC-1-5,2011-s2,A,2011-s2-A-GC,P0584,P1621,8,2,P0584,games-tally
2011-s2-A-GC-1-6,2011-s2,A,2011-s2-A-GC,P0584,P0617,8,2,P0584,games-tally
2011-s2-A-GC-2-3,2011-s2,A,2011-s2-A-GC,P1520,P1594,2,8,P1594,games-tally
2011-s2-A-GC-2-4,2011-s2,A,2011-s2-A-GC,P1520,P1423,9,1,P1520,games-tally
2011-s2-A-GC-2-5,2011-s2,A,2011-s2-A-GC,P1520,P1621,10,0,P1520,games-tally
2011-s2-A-GC-2-6,2011-s2,A,2011-s2-A-GC,P1520,P0617,4,6,P0617,games-tally
2011-s2-A-GC-3-6,2011-s2,A,2011-s2-A-GC,P1594,P0617,2,8,P0617,games-tally
2011-s2-A-GC-4-5,2011-s2,A,2011-s2-A-GC,P1423,P1621,2,8,P1621,games-tally
2011-s2-A-GC-4-6,2011-s2,A,2011-s2-A-GC,P1423,P0617,5,5,,games-tally
2011-s2-A-GC-5-6,2011-s2,A,2011-s2-A-GC,P1621,P0617,0,10,P0617,games-tally
2011-s2-A-GD-0-1,2011-s2,A,2011-s2-A-GD,P1393,P1425,4,6,P1425,games-tally
2011-s2-A-GD-0-3,2011-s2,A,2011-s2-A-GD,P1393,P1097,7,3,P1393,games-tally
2011-s2-A-GD-0-5,2011-s2,A,2011-s2-A-GD,P1393,P1157,7,3,P1393,games-tally
2011-s2-A-GD-0-6,2011-s2,A,2011-s2-A-GD,P1393,P1728,9,1,P1393,games-tally
2011-s2-A-GD-1-2,2011-s2,A,2011-s2-A-GD,P1425,P1567,6,4,P1425,games-tally
2011-s2-A-GD-1-3,2011-s2,A,2011-s2-A-GD,P1425,P1097,7,3,P1425,games-tally
2011-s2-A-GD-1-5,2011-s2,A,2011-s2-A-GD,P1425,P1157,6,4,P1425,games-tally
2011-s2-A-GD-1-6,2011-s2,A,2011-s2-A-GD,P1425,P1728,6,4,P1425,games-tally
2011-s2-A-GD-2-3,2011-s2,A,2011-s2-A-GD,P1567,P1097,7,3,P1567,games-tally
2011-s2-A-GD-2-4,2011-s2,A,2011-s2-A-GD,P1567,P1725,7,3,P1567,games-tally
2011-s2-A-GD-2-5,2011-s2,A,2011-s2-A-GD,P1567,P1157,7,3,P1567,games-tally
2011-s2-A-GD-2-6,2011-s2,A,2011-s2-A-GD,P1567,P1728,6,4,P1567,games-tally
2011-s2-A-GD-3-4,2011-s2,A,2011-s2-A-GD,P1097,P1725,7,3,P1097,games-tally
2011-s2-A-GD-3-5,2011-s2,A,2011-s2-A-GD,P1097,P1157,3,7,P1157,games-tally
2011-s2-A-GD-4-5,2011-s2,A,2011-s2-A-GD,P1725,P1157,4,6,P1157,games-tally
2011-s2-A-GE-0-1,2011-s2,A,2011-s2-A-GE,P1583,P1096,7,3,P1583,games-tally
2011-s2-A-GE-0-2,2011-s2,A,2011-s2-A-GE,P1583,P1199,7,3,P1583,games-tally
2011-s2-A-GE-0-3,2011-s2,A,2011-s2-A-GE,P1583,P1648,6,4,P1583,games-tally
2011-s2-A-GE-0-4,2011-s2,A,2011-s2-A-GE,P1583,P1713,0,10,P1713,games-tally
2011-s2-A-GE-0-6,2011-s2,A,2011-s2-A-GE,P1583,P1576,8,2,P1583,games-tally
2011-s2-A-GE-1-2,2011-s2,A,2011-s2-A-GE,P1096,P1199,6,4,P1096,games-tally
2011-s2-A-GE-1-3,2011-s2,A,2011-s2-A-GE,P1096,P1648,5,5,,games-tally
2011-s2-A-GE-1-4,2011-s2,A,2011-s2-A-GE,P1096,P1713,4,6,P1713,games-tally
2011-s2-A-GE-1-5,2011-s2,A,2011-s2-A-GE,P1096,P1685,10,0,P1096,games-tally
2011-s2-A-GE-1-6,2011-s2,A,2011-s2-A-GE,P1096,P1576,5,5,,games-tally
2011-s2-A-GE-2-3,2011-s2,A,2011-s2-A-GE,P1199,P1648,3,7,P1648,games-tally
2011-s2-A-GE-2-4,2011-s2,A,2011-s2-A-GE,P1199,P1713,3,7,P1713,games-tally
2011-s2-A-GE-2-6,2011-s2,A,2011-s2-A-GE,P1199,P1576,10,0,P1199,games-tally
2011-s2-A-GE-3-4,2011-s2,A,2011-s2-A-GE,P1648,P1713,4,6,P1713,games-tally
2011-s2-A-GE-3-5,2011-s2,A,2011-s2-A-GE,P1648,P1685,4,6,P1685,games-tally
2011-s2-A-GE-3-6,2011-s2,A,2011-s2-A-GE,P1648,P1576,6,4,P1648,games-tally
2011-s2-A-GE-4-6,2011-s2,A,2011-s2-A-GE,P1713,P1576,9,1,P1713,games-tally
2011-s2-A-GE-5-6,2011-s2,A,2011-s2-A-GE,P1685,P1576,3,7,P1576,games-tally
2011-s2-A-GF-0-1,2011-s2,A,2011-s2-A-GF,P1404,P1223,6,4,P1404,games-tally
2011-s2-A-GF-0-2,2011-s2,A,2011-s2-A-GF,P1404,P1602,7,3,P1404,games-tally
2011-s2-A-GF-0-3,2011-s2,A,2011-s2-A-GF,P1404,P1113,7,3,P1404,games-tally
2011-s2-A-GF-0-4,2011-s2,A,2011-s2-A-GF,P1404,P1539,6,4,P1404,games-tally
2011-s2-A-GF-0-5,2011-s2,A,2011-s2-A-GF,P1404,P1396,6,4,P1404,games-tally
2011-s2-A-GF-1-2,2011-s2,A,2011-s2-A-GF,P1223,P1602,8,2,P1223,games-tally
2011-s2-A-GF-1-3,2011-s2,A,2011-s2-A-GF,P1223,P1113,5,5,,games-tally
2011-s2-A-GF-1-4,2011-s2,A,2011-s2-A-GF,P1223,P1539,9,1,P1223,games-tally
2011-s2-A-GF-1-5,2011-s2,A,2011-s2-A-GF,P1223,P1396,7,3,P1223,games-tally
2011-s2-A-GF-1-6,2011-s2,A,2011-s2-A-GF,P1223,P1581,2,8,P1581,games-tally
2011-s2-A-GF-2-3,2011-s2,A,2011-s2-A-GF,P1602,P1113,7,3,P1602,games-tally
2011-s2-A-GF-2-4,2011-s2,A,2011-s2-A-GF,P1602,P1539,8,2,P1602,games-tally
2011-s2-A-GF-2-5,2011-s2,A,2011-s2-A-GF,P1602,P1396,7,3,P1602,games-tally
2011-s2-A-GF-2-6,2011-s2,A,2011-s2-A-GF,P1602,P1581,4,6,P1581,games-tally
2011-s2-A-GF-3-4,2011-s2,A,2011-s2-A-GF,P1113,P1539,4,6,P1539,games-tally
2011-s2-A-GF-3-5,2011-s2,A,2011-s2-A-GF,P1113,P1396,4,6,P1396,games-tally
2011-s2-A-GF-3-6,2011-s2,A,2011-s2-A-GF,P1113,P1581,4,6,P1581,games-tally
2011-s2-A-GF-4-5,2011-s2,A,2011-s2-A-GF,P1539,P1396,9,1,P1539,games-tally
2011-s2-A-GF-4-6,2011-s2,A,2011-s2-A-GF,P1539,P1581,5,5,,games-tally
2011-s2-A-GF-5-6,2011-s2,A,2011-s2-A-GF,P1396,P1581,3,7,P1581,games-tally
2011-s2-B-GA-0-1,2011-s2,B,2011-s2-B-GA,P1463,P1313,0,10,P1313,games-tally
2011-s2-B-GA-0-2,2011-s2,B,2011-s2-B-GA,P1463,P1663,6,4,P1463,games-tally
2011-s2-B-GA-0-3,2011-s2,B,2011-s2-B-GA,P1463,P1516,4,6,P1516,games-tally
2011-s2-B-GA-0-4,2011-s2,B,2011-s2-B-GA,P1463,P1168,10,0,P1463,games-tally
2011-s2-B-GA-0-5,2011-s2,B,2011-s2-B-GA,P1463,P1677,1,9,P1677,games-tally
2011-s2-B-GA-0-6,2011-s2,B,2011-s2-B-GA,P1463,P1579,10,0,P1463,games-tally
2011-s2-B-GA-1-2,2011-s2,B,2011-s2-B-GA,P1313,P1663,2,8,P1663,games-tally
2011-s2-B-GA-1-3,2011-s2,B,2011-s2-B-GA,P1313,P1516,10,0,P1313,games-tally
2011-s2-B-GA-1-4,2011-s2,B,2011-s2-B-GA,P1313,P1168,10,0,P1313,games-tally
2011-s2-B-GA-1-5,2011-s2,B,2011-s2-B-GA,P1313,P1677,4,6,P1677,games-tally
2011-s2-B-GA-1-6,2011-s2,B,2011-s2-B-GA,P1313,P1579,10,0,P1313,games-tally
2011-s2-B-GA-2-3,2011-s2,B,2011-s2-B-GA,P1663,P1516,6,4,P1663,games-tally
2011-s2-B-GA-2-4,2011-s2,B,2011-s2-B-GA,P1663,P1168,6,4,P1663,games-tally
2011-s2-B-GA-2-5,2011-s2,B,2011-s2-B-GA,P1663,P1677,4,6,P1677,games-tally
2011-s2-B-GA-2-6,2011-s2,B,2011-s2-B-GA,P1663,P1579,10,0,P1663,games-tally
2011-s2-B-GA-3-4,2011-s2,B,2011-s2-B-GA,P1516,P1168,10,0,P1516,games-tally
2011-s2-B-GA-3-5,2011-s2,B,2011-s2-B-GA,P1516,P1677,2,8,P1677,games-tally
2011-s2-B-GA-3-6,2011-s2,B,2011-s2-B-GA,P1516,P1579,10,0,P1516,games-tally
2011-s2-B-GA-4-5,2011-s2,B,2011-s2-B-GA,P1168,P1677,0,10,P1677,games-tally
2011-s2-B-GA-5-6,2011-s2,B,2011-s2-B-GA,P1677,P1579,10,0,P1677,games-tally
2011-s2-B-GB-0-1,2011-s2,B,2011-s2-B-GB,P1649,P1623,5,5,,games-tally
2011-s2-B-GB-0-4,2011-s2,B,2011-s2-B-GB,P1649,P1413,0,10,P1413,games-tally
2011-s2-B-GB-1-2,2011-s2,B,2011-s2-B-GB,P1623,P1717,7,3,P1623,games-tally
2011-s2-B-GB-1-3,2011-s2,B,2011-s2-B-GB,P1623,P1204,3,7,P1204,games-tally
2011-s2-B-GB-1-4,2011-s2,B,2011-s2-B-GB,P1623,P1413,0,10,P1413,games-tally
2011-s2-B-GB-2-3,2011-s2,B,2011-s2-B-GB,P1717,P1204,2,8,P1204,games-tally
2011-s2-B-GB-2-4,2011-s2,B,2011-s2-B-GB,P1717,P1413,3,7,P1413,games-tally
2011-s2-B-GB-2-6,2011-s2,B,2011-s2-B-GB,P1717,P1472,4,6,P1472,games-tally
2011-s2-B-GB-3-4,2011-s2,B,2011-s2-B-GB,P1204,P1413,2,8,P1413,games-tally
2011-s2-B-GB-3-5,2011-s2,B,2011-s2-B-GB,P1204,P1502,5,5,,games-tally
2011-s2-B-GB-3-6,2011-s2,B,2011-s2-B-GB,P1204,P1472,9,1,P1204,games-tally
2011-s2-B-GB-4-5,2011-s2,B,2011-s2-B-GB,P1413,P1502,8,2,P1413,games-tally
2011-s2-B-GB-4-6,2011-s2,B,2011-s2-B-GB,P1413,P1472,5,5,,games-tally
2011-s2-B-GB-5-6,2011-s2,B,2011-s2-B-GB,P1502,P1472,4,6,P1472,games-tally
2011-s2-B-GC-0-1,2011-s2,B,2011-s2-B-GC,P1430,P1536,2,8,P1536,games-tally
2011-s2-B-GC-0-2,2011-s2,B,2011-s2-B-GC,P1430,P1696,4,6,P1696,games-tally
2011-s2-B-GC-0-3,2011-s2,B,2011-s2-B-GC,P1430,P1638,6,4,P1430,games-tally
2011-s2-B-GC-0-4,2011-s2,B,2011-s2-B-GC,P1430,P1606,5,5,,games-tally
2011-s2-B-GC-0-5,2011-s2,B,2011-s2-B-GC,P1430,P1622,4,6,P1622,games-tally
2011-s2-B-GC-0-6,2011-s2,B,2011-s2-B-GC,P1430,P1554,3,7,P1554,games-tally
2011-s2-B-GC-1-2,2011-s2,B,2011-s2-B-GC,P1536,P1696,8,2,P1536,games-tally
2011-s2-B-GC-1-3,2011-s2,B,2011-s2-B-GC,P1536,P1638,7,3,P1536,games-tally
2011-s2-B-GC-1-4,2011-s2,B,2011-s2-B-GC,P1536,P1606,5,5,,games-tally
2011-s2-B-GC-1-5,2011-s2,B,2011-s2-B-GC,P1536,P1622,8,2,P1536,games-tally
2011-s2-B-GC-1-6,2011-s2,B,2011-s2-B-GC,P1536,P1554,7,3,P1536,games-tally
2011-s2-B-GC-2-3,2011-s2,B,2011-s2-B-GC,P1696,P1638,3,7,P1638,games-tally
2011-s2-B-GC-2-4,2011-s2,B,2011-s2-B-GC,P1696,P1606,5,5,,games-tally
2011-s2-B-GC-2-5,2011-s2,B,2011-s2-B-GC,P1696,P1622,1,9,P1622,games-tally
2011-s2-B-GC-2-6,2011-s2,B,2011-s2-B-GC,P1696,P1554,4,6,P1554,games-tally
2011-s2-B-GC-3-4,2011-s2,B,2011-s2-B-GC,P1638,P1606,4,6,P1606,games-tally
2011-s2-B-GC-3-5,2011-s2,B,2011-s2-B-GC,P1638,P1622,2,8,P1622,games-tally
2011-s2-B-GC-3-6,2011-s2,B,2011-s2-B-GC,P1638,P1554,3,7,P1554,games-tally
2011-s2-B-GC-4-5,2011-s2,B,2011-s2-B-GC,P1606,P1622,0,10,P1622,games-tally
2011-s2-B-GC-4-6,2011-s2,B,2011-s2-B-GC,P1606,P1554,6,4,P1606,games-tally
2011-s2-B-GC-5-6,2011-s2,B,2011-s2-B-GC,P1622,P1554,4,6,P1554,games-tally
2011-s2-B-GD-0-1,2011-s2,B,2011-s2-B-GD,P1456,P1721,9,1,P1456,games-tally
2011-s2-B-GD-0-2,2011-s2,B,2011-s2-B-GD,P1456,P1626,7,3,P1456,games-tally
2011-s2-B-GD-0-3,2011-s2,B,2011-s2-B-GD,P1456,P1624,9,1,P1456,games-tally
2011-s2-B-GD-0-4,2011-s2,B,2011-s2-B-GD,P1456,P1574,8,2,P1456,games-tally
2011-s2-B-GD-0-5,2011-s2,B,2011-s2-B-GD,P1456,P1635,6,4,P1456,games-tally
2011-s2-B-GD-0-6,2011-s2,B,2011-s2-B-GD,P1456,P1617,4,6,P1617,games-tally
2011-s2-B-GD-1-2,2011-s2,B,2011-s2-B-GD,P1721,P1626,4,6,P1626,games-tally
2011-s2-B-GD-1-3,2011-s2,B,2011-s2-B-GD,P1721,P1624,0,10,P1624,games-tally
2011-s2-B-GD-1-4,2011-s2,B,2011-s2-B-GD,P1721,P1574,4,6,P1574,games-tally
2011-s2-B-GD-1-5,2011-s2,B,2011-s2-B-GD,P1721,P1635,2,8,P1635,games-tally
2011-s2-B-GD-2-3,2011-s2,B,2011-s2-B-GD,P1626,P1624,4,6,P1624,games-tally
2011-s2-B-GD-2-4,2011-s2,B,2011-s2-B-GD,P1626,P1574,7,3,P1626,games-tally
2011-s2-B-GD-2-5,2011-s2,B,2011-s2-B-GD,P1626,P1635,7,3,P1626,games-tally
2011-s2-B-GD-2-6,2011-s2,B,2011-s2-B-GD,P1626,P1617,6,4,P1626,games-tally
2011-s2-B-GD-3-4,2011-s2,B,2011-s2-B-GD,P1624,P1574,4,6,P1574,games-tally
2011-s2-B-GD-3-5,2011-s2,B,2011-s2-B-GD,P1624,P1635,2,8,P1635,games-tally
2011-s2-B-GD-3-6,2011-s2,B,2011-s2-B-GD,P1624,P1617,2,8,P1617,games-tally
2011-s2-B-GD-4-5,2011-s2,B,2011-s2-B-GD,P1574,P1635,5,5,,games-tally
2011-s2-B-GD-4-6,2011-s2,B,2011-s2-B-GD,P1574,P1617,1,9,P1617,games-tally
2011-s2-B-GD-5-6,2011-s2,B,2011-s2-B-GD,P1635,P1617,6,4,P1635,games-tally
2011-s2-B-GE-0-1,2011-s2,B,2011-s2-B-GE,P1572,P0907,10,0,P1572,games-tally
2011-s2-B-GE-0-2,2011-s2,B,2011-s2-B-GE,P1572,P1708,7,3,P1572,games-tally
2011-s2-B-GE-0-3,2011-s2,B,2011-s2-B-GE,P1572,P1600,8,2,P1572,games-tally
2011-s2-B-GE-0-4,2011-s2,B,2011-s2-B-GE,P1572,P1642,6,4,P1572,games-tally
2011-s2-B-GE-0-5,2011-s2,B,2011-s2-B-GE,P1572,P1597,9,1,P1572,games-tally
2011-s2-B-GE-0-6,2011-s2,B,2011-s2-B-GE,P1572,P1607,5,5,,games-tally
2011-s2-B-GE-1-2,2011-s2,B,2011-s2-B-GE,P0907,P1708,10,0,P0907,games-tally
2011-s2-B-GE-1-3,2011-s2,B,2011-s2-B-GE,P0907,P1600,6,4,P0907,games-tally
2011-s2-B-GE-1-4,2011-s2,B,2011-s2-B-GE,P0907,P1642,4,6,P1642,games-tally
2011-s2-B-GE-1-5,2011-s2,B,2011-s2-B-GE,P0907,P1597,6,4,P0907,games-tally
2011-s2-B-GE-1-6,2011-s2,B,2011-s2-B-GE,P0907,P1607,4,6,P1607,games-tally
2011-s2-B-GE-2-4,2011-s2,B,2011-s2-B-GE,P1708,P1642,0,10,P1642,games-tally
2011-s2-B-GE-3-4,2011-s2,B,2011-s2-B-GE,P1600,P1642,5,5,,games-tally
2011-s2-B-GE-3-5,2011-s2,B,2011-s2-B-GE,P1600,P1597,6,4,P1600,games-tally
2011-s2-B-GE-3-6,2011-s2,B,2011-s2-B-GE,P1600,P1607,4,6,P1607,games-tally
2011-s2-B-GE-4-5,2011-s2,B,2011-s2-B-GE,P1642,P1597,8,2,P1642,games-tally
2011-s2-B-GE-4-6,2011-s2,B,2011-s2-B-GE,P1642,P1607,2,8,P1607,games-tally
2011-s2-B-GE-5-6,2011-s2,B,2011-s2-B-GE,P1597,P1607,2,8,P1607,games-tally
2011-s3-A-GA-0-1,2011-s3,A,2011-s3-A-GA,P1410,P0969,6,4,P1410,games-tally
2011-s3-A-GA-0-2,2011-s3,A,2011-s3-A-GA,P1410,P1567,7,3,P1410,games-tally
2011-s3-A-GA-0-4,2011-s3,A,2011-s3-A-GA,P1410,P1615,8,2,P1410,games-tally
2011-s3-A-GA-0-5,2011-s3,A,2011-s3-A-GA,P1410,P1554,10,0,P1410,games-tally
2011-s3-A-GA-0-6,2011-s3,A,2011-s3-A-GA,P1410,P1270,8,2,P1410,games-tally
2011-s3-A-GA-1-2,2011-s3,A,2011-s3-A-GA,P0969,P1567,4,6,P1567,games-tally
2011-s3-A-GA-1-3,2011-s3,A,2011-s3-A-GA,P0969,P1318,10,0,P0969,games-tally
2011-s3-A-GA-1-4,2011-s3,A,2011-s3-A-GA,P0969,P1615,4,6,P1615,games-tally
2011-s3-A-GA-1-5,2011-s3,A,2011-s3-A-GA,P0969,P1554,7,3,P0969,games-tally
2011-s3-A-GA-1-6,2011-s3,A,2011-s3-A-GA,P0969,P1270,10,0,P0969,games-tally
2011-s3-A-GA-2-5,2011-s3,A,2011-s3-A-GA,P1567,P1554,6,4,P1567,games-tally
2011-s3-A-GA-2-6,2011-s3,A,2011-s3-A-GA,P1567,P1270,7,3,P1567,games-tally
2011-s3-A-GA-3-4,2011-s3,A,2011-s3-A-GA,P1318,P1615,1,9,P1615,games-tally
2011-s3-A-GA-3-5,2011-s3,A,2011-s3-A-GA,P1318,P1554,5,5,,games-tally
2011-s3-A-GA-4-5,2011-s3,A,2011-s3-A-GA,P1615,P1554,6,4,P1615,games-tally
2011-s3-A-GA-5-6,2011-s3,A,2011-s3-A-GA,P1554,P1270,6,4,P1554,games-tally
2011-s3-A-GB-0-1,2011-s3,A,2011-s3-A-GB,P1157,P0010,1,9,P0010,games-tally
2011-s3-A-GB-0-2,2011-s3,A,2011-s3-A-GB,P1157,P1096,6,4,P1157,games-tally
2011-s3-A-GB-0-3,2011-s3,A,2011-s3-A-GB,P1157,P1556,6,4,P1157,games-tally
2011-s3-A-GB-0-4,2011-s3,A,2011-s3-A-GB,P1157,P1675,6,4,P1157,games-tally
2011-s3-A-GB-0-5,2011-s3,A,2011-s3-A-GB,P1157,P1627,6,4,P1157,games-tally
2011-s3-A-GB-0-6,2011-s3,A,2011-s3-A-GB,P1157,P0726,4,6,P0726,games-tally
2011-s3-A-GB-1-2,2011-s3,A,2011-s3-A-GB,P0010,P1096,6,4,P0010,games-tally
2011-s3-A-GB-1-3,2011-s3,A,2011-s3-A-GB,P0010,P1556,4,6,P1556,games-tally
2011-s3-A-GB-1-4,2011-s3,A,2011-s3-A-GB,P0010,P1675,7,3,P0010,games-tally
2011-s3-A-GB-1-5,2011-s3,A,2011-s3-A-GB,P0010,P1627,6,4,P0010,games-tally
2011-s3-A-GB-1-6,2011-s3,A,2011-s3-A-GB,P0010,P0726,5,5,,games-tally
2011-s3-A-GB-2-3,2011-s3,A,2011-s3-A-GB,P1096,P1556,6,4,P1096,games-tally
2011-s3-A-GB-2-4,2011-s3,A,2011-s3-A-GB,P1096,P1675,6,4,P1096,games-tally
2011-s3-A-GB-2-5,2011-s3,A,2011-s3-A-GB,P1096,P1627,7,3,P1096,games-tally
2011-s3-A-GB-2-6,2011-s3,A,2011-s3-A-GB,P1096,P0726,7,3,P1096,games-tally
2011-s3-A-GB-3-4,2011-s3,A,2011-s3-A-GB,P1556,P1675,2,8,P1675,games-tally
2011-s3-A-GB-3-5,2011-s3,A,2011-s3-A-GB,P1556,P1627,6,4,P1556,games-tally
2011-s3-A-GB-3-6,2011-s3,A,2011-s3-A-GB,P1556,P0726,4,6,P0726,games-tally
2011-s3-A-GB-4-5,2011-s3,A,2011-s3-A-GB,P1675,P1627,6,4,P1675,games-tally
2011-s3-A-GB-4-6,2011-s3,A,2011-s3-A-GB,P1675,P0726,6,4,P1675,games-tally
2011-s3-A-GB-5-6,2011-s3,A,2011-s3-A-GB,P1627,P0726,4,6,P0726,games-tally
2011-s3-A-GC-0-1,2011-s3,A,2011-s3-A-GC,P1334,P1393,7,3,P1334,games-tally
2011-s3-A-GC-0-2,2011-s3,A,2011-s3-A-GC,P1334,P1688,8,2,P1334,games-tally
2011-s3-A-GC-0-3,2011-s3,A,2011-s3-A-GC,P1334,P1642,6,4,P1334,games-tally
2011-s3-A-GC-0-4,2011-s3,A,2011-s3-A-GC,P1334,P0076,6,4,P1334,games-tally
2011-s3-A-GC-0-5,2011-s3,A,2011-s3-A-GC,P1334,P0296,8,2,P1334,games-tally
2011-s3-A-GC-0-6,2011-s3,A,2011-s3-A-GC,P1334,P1300,6,4,P1334,games-tally
2011-s3-A-GC-1-3,2011-s3,A,2011-s3-A-GC,P1393,P1642,4,6,P1642,games-tally
2011-s3-A-GC-1-4,2011-s3,A,2011-s3-A-GC,P1393,P0076,0,10,P0076,games-tally
2011-s3-A-GC-1-5,2011-s3,A,2011-s3-A-GC,P1393,P0296,0,10,P0296,games-tally
2011-s3-A-GC-1-6,2011-s3,A,2011-s3-A-GC,P1393,P1300,4,6,P1300,games-tally
2011-s3-A-GC-2-3,2011-s3,A,2011-s3-A-GC,P1688,P1642,8,2,P1688,games-tally
2011-s3-A-GC-2-4,2011-s3,A,2011-s3-A-GC,P1688,P0076,2,8,P0076,games-tally
2011-s3-A-GC-2-5,2011-s3,A,2011-s3-A-GC,P1688,P0296,5,5,,games-tally
2011-s3-A-GC-2-6,2011-s3,A,2011-s3-A-GC,P1688,P1300,0,10,P1300,games-tally
2011-s3-A-GC-3-4,2011-s3,A,2011-s3-A-GC,P1642,P0076,6,4,P1642,games-tally
2011-s3-A-GC-3-5,2011-s3,A,2011-s3-A-GC,P1642,P0296,1,9,P0296,games-tally
2011-s3-A-GC-3-6,2011-s3,A,2011-s3-A-GC,P1642,P1300,4,6,P1300,games-tally
2011-s3-A-GC-4-5,2011-s3,A,2011-s3-A-GC,P0076,P0296,6,4,P0076,games-tally
2011-s3-A-GC-4-6,2011-s3,A,2011-s3-A-GC,P0076,P1300,3,7,P1300,games-tally
2011-s3-A-GC-5-6,2011-s3,A,2011-s3-A-GC,P0296,P1300,6,4,P0296,games-tally
2011-s3-A-GD-0-1,2011-s3,A,2011-s3-A-GD,P1520,P1063,7,3,P1520,games-tally
2011-s3-A-GD-0-2,2011-s3,A,2011-s3-A-GD,P1520,P0368,7,3,P1520,games-tally
2011-s3-A-GD-0-3,2011-s3,A,2011-s3-A-GD,P1520,P1381,6,4,P1520,games-tally
2011-s3-A-GD-0-4,2011-s3,A,2011-s3-A-GD,P1520,P1691,2,8,P1691,games-tally
2011-s3-A-GD-0-5,2011-s3,A,2011-s3-A-GD,P1520,P1607,8,2,P1520,games-tally
2011-s3-A-GD-0-6,2011-s3,A,2011-s3-A-GD,P1520,P1714,8,2,P1520,games-tally
2011-s3-A-GD-1-2,2011-s3,A,2011-s3-A-GD,P1063,P0368,5,5,,games-tally
2011-s3-A-GD-1-3,2011-s3,A,2011-s3-A-GD,P1063,P1381,9,1,P1063,games-tally
2011-s3-A-GD-1-4,2011-s3,A,2011-s3-A-GD,P1063,P1691,4,6,P1691,games-tally
2011-s3-A-GD-1-5,2011-s3,A,2011-s3-A-GD,P1063,P1607,9,1,P1063,games-tally
2011-s3-A-GD-1-6,2011-s3,A,2011-s3-A-GD,P1063,P1714,4,6,P1714,games-tally
2011-s3-A-GD-2-3,2011-s3,A,2011-s3-A-GD,P0368,P1381,10,0,P0368,games-tally
2011-s3-A-GD-2-4,2011-s3,A,2011-s3-A-GD,P0368,P1691,9,1,P0368,games-tally
2011-s3-A-GD-2-5,2011-s3,A,2011-s3-A-GD,P0368,P1607,4,6,P1607,games-tally
2011-s3-A-GD-2-6,2011-s3,A,2011-s3-A-GD,P0368,P1714,6,4,P0368,games-tally
2011-s3-A-GD-3-4,2011-s3,A,2011-s3-A-GD,P1381,P1691,1,9,P1691,games-tally
2011-s3-A-GD-3-5,2011-s3,A,2011-s3-A-GD,P1381,P1607,2,8,P1607,games-tally
2011-s3-A-GD-3-6,2011-s3,A,2011-s3-A-GD,P1381,P1714,6,4,P1381,games-tally
2011-s3-A-GD-4-5,2011-s3,A,2011-s3-A-GD,P1691,P1607,6,4,P1691,games-tally
2011-s3-A-GD-4-6,2011-s3,A,2011-s3-A-GD,P1691,P1714,6,4,P1691,games-tally
2011-s3-A-GD-5-6,2011-s3,A,2011-s3-A-GD,P1607,P1714,7,3,P1607,games-tally
2011-s3-A-GE-0-1,2011-s3,A,2011-s3-A-GE,P1446,P1594,8,2,P1446,games-tally
2011-s3-A-GE-0-2,2011-s3,A,2011-s3-A-GE,P1446,P1425,3,7,P1425,games-tally
2011-s3-A-GE-0-3,2011-s3,A,2011-s3-A-GE,P1446,P1411,7,3,P1446,games-tally
2011-s3-A-GE-0-4,2011-s3,A,2011-s3-A-GE,P1446,P1113,6,4,P1446,games-tally
2011-s3-A-GE-0-5,2011-s3,A,2011-s3-A-GE,P1446,P1286,4,6,P1286,games-tally
2011-s3-A-GE-0-6,2011-s3,A,2011-s3-A-GE,P1446,P1686,4,6,P1686,games-tally
2011-s3-A-GE-1-2,2011-s3,A,2011-s3-A-GE,P1594,P1425,7,3,P1594,games-tally
2011-s3-A-GE-1-3,2011-s3,A,2011-s3-A-GE,P1594,P1411,4,6,P1411,games-tally
2011-s3-A-GE-1-4,2011-s3,A,2011-s3-A-GE,P1594,P1113,8,2,P1594,games-tally
2011-s3-A-GE-1-5,2011-s3,A,2011-s3-A-GE,P1594,P1286,3,7,P1286,games-tally
2011-s3-A-GE-1-6,2011-s3,A,2011-s3-A-GE,P1594,P1686,6,4,P1594,games-tally
2011-s3-A-GE-2-5,2011-s3,A,2011-s3-A-GE,P1425,P1286,4,6,P1286,games-tally
2011-s3-A-GE-2-6,2011-s3,A,2011-s3-A-GE,P1425,P1686,5,5,,games-tally
2011-s3-A-GE-3-4,2011-s3,A,2011-s3-A-GE,P1411,P1113,8,2,P1411,games-tally
2011-s3-A-GE-3-5,2011-s3,A,2011-s3-A-GE,P1411,P1286,10,0,P1411,games-tally
2011-s3-A-GE-3-6,2011-s3,A,2011-s3-A-GE,P1411,P1686,6,4,P1411,games-tally
2011-s3-A-GE-4-6,2011-s3,A,2011-s3-A-GE,P1113,P1686,3,7,P1686,games-tally
2011-s3-A-GE-5-6,2011-s3,A,2011-s3-A-GE,P1286,P1686,9,1,P1286,games-tally
2011-s3-A-GF-0-1,2011-s3,A,2011-s3-A-GF,P1404,P1630,6,4,P1404,games-tally
2011-s3-A-GF-0-2,2011-s3,A,2011-s3-A-GF,P1404,P1593,7,3,P1404,games-tally
2011-s3-A-GF-0-3,2011-s3,A,2011-s3-A-GF,P1404,P1603,7,3,P1404,games-tally
2011-s3-A-GF-0-4,2011-s3,A,2011-s3-A-GF,P1404,P1539,9,1,P1404,games-tally
2011-s3-A-GF-0-6,2011-s3,A,2011-s3-A-GF,P1404,P1419,4,6,P1419,games-tally
2011-s3-A-GF-1-2,2011-s3,A,2011-s3-A-GF,P1630,P1593,3,7,P1593,games-tally
2011-s3-A-GF-1-3,2011-s3,A,2011-s3-A-GF,P1630,P1603,8,2,P1630,games-tally
2011-s3-A-GF-1-4,2011-s3,A,2011-s3-A-GF,P1630,P1539,9,1,P1630,games-tally
2011-s3-A-GF-1-5,2011-s3,A,2011-s3-A-GF,P1630,P1672,6,4,P1630,games-tally
2011-s3-A-GF-1-6,2011-s3,A,2011-s3-A-GF,P1630,P1419,6,4,P1630,games-tally
2011-s3-A-GF-2-3,2011-s3,A,2011-s3-A-GF,P1593,P1603,7,3,P1593,games-tally
2011-s3-A-GF-2-4,2011-s3,A,2011-s3-A-GF,P1593,P1539,9,1,P1593,games-tally
2011-s3-A-GF-2-6,2011-s3,A,2011-s3-A-GF,P1593,P1419,5,5,,games-tally
2011-s3-A-GF-3-4,2011-s3,A,2011-s3-A-GF,P1603,P1539,7,3,P1603,games-tally
2011-s3-A-GF-3-5,2011-s3,A,2011-s3-A-GF,P1603,P1672,10,0,P1603,games-tally
2011-s3-A-GF-3-6,2011-s3,A,2011-s3-A-GF,P1603,P1419,6,4,P1603,games-tally
2011-s3-A-GF-4-5,2011-s3,A,2011-s3-A-GF,P1539,P1672,4,6,P1672,games-tally
2011-s3-A-GF-4-6,2011-s3,A,2011-s3-A-GF,P1539,P1419,3,7,P1419,games-tally
2011-s3-A-GF-5-6,2011-s3,A,2011-s3-A-GF,P1672,P1419,2,8,P1419,games-tally
2011-s3-A-GG-0-2,2011-s3,A,2011-s3-A-GG,P1577,P1097,7,3,P1577,games-tally
2011-s3-A-GG-0-3,2011-s3,A,2011-s3-A-GG,P1577,P1198,7,3,P1577,games-tally
2011-s3-A-GG-0-5,2011-s3,A,2011-s3-A-GG,P1577,P1614,6,4,P1577,games-tally
2011-s3-A-GG-0-6,2011-s3,A,2011-s3-A-GG,P1577,P0754,4,6,P0754,games-tally
2011-s3-A-GG-1-2,2011-s3,A,2011-s3-A-GG,P1713,P1097,10,0,P1713,games-tally
2011-s3-A-GG-1-3,2011-s3,A,2011-s3-A-GG,P1713,P1198,6,4,P1713,games-tally
2011-s3-A-GG-1-5,2011-s3,A,2011-s3-A-GG,P1713,P1614,6,4,P1713,games-tally
2011-s3-A-GG-1-6,2011-s3,A,2011-s3-A-GG,P1713,P0754,4,6,P0754,games-tally
2011-s3-A-GG-2-3,2011-s3,A,2011-s3-A-GG,P1097,P1198,3,7,P1198,games-tally
2011-s3-A-GG-2-5,2011-s3,A,2011-s3-A-GG,P1097,P1614,5,5,,games-tally
2011-s3-A-GG-2-6,2011-s3,A,2011-s3-A-GG,P1097,P0754,3,7,P0754,games-tally
2011-s3-A-GG-3-4,2011-s3,A,2011-s3-A-GG,P1198,P1440,9,1,P1198,games-tally
2011-s3-A-GG-3-5,2011-s3,A,2011-s3-A-GG,P1198,P1614,8,2,P1198,games-tally
2011-s3-A-GG-3-6,2011-s3,A,2011-s3-A-GG,P1198,P0754,4,6,P0754,games-tally
2011-s3-A-GG-4-5,2011-s3,A,2011-s3-A-GG,P1440,P1614,6,4,P1440,games-tally
2011-s3-A-GG-4-6,2011-s3,A,2011-s3-A-GG,P1440,P0754,4,6,P0754,games-tally
2011-s3-A-GG-5-6,2011-s3,A,2011-s3-A-GG,P1614,P0754,3,7,P0754,games-tally
2011-s3-B-GA-0-1,2011-s3,B,2011-s3-B-GA,P1626,P1582,4,6,P1582,games-tally
2011-s3-B-GA-0-2,2011-s3,B,2011-s3-B-GA,P1626,P1660,4,6,P1660,games-tally
2011-s3-B-GA-0-3,2011-s3,B,2011-s3-B-GA,P1626,P1472,7,3,P1626,games-tally
2011-s3-B-GA-0-4,2011-s3,B,2011-s3-B-GA,P1626,P1682,6,4,P1626,games-tally
2011-s3-B-GA-0-5,2011-s3,B,2011-s3-B-GA,P1626,P1570,7,3,P1626,games-tally
2011-s3-B-GA-0-6,2011-s3,B,2011-s3-B-GA,P1626,P1653,2,8,P1653,games-tally
2011-s3-B-GA-1-2,2011-s3,B,2011-s3-B-GA,P1582,P1660,2,8,P1660,games-tally
2011-s3-B-GA-1-3,2011-s3,B,2011-s3-B-GA,P1582,P1472,6,4,P1582,games-tally
2011-s3-B-GA-1-4,2011-s3,B,2011-s3-B-GA,P1582,P1682,7,3,P1582,games-tally
2011-s3-B-GA-1-5,2011-s3,B,2011-s3-B-GA,P1582,P1570,7,3,P1582,games-tally
2011-s3-B-GA-1-6,2011-s3,B,2011-s3-B-GA,P1582,P1653,6,4,P1582,games-tally
2011-s3-B-GA-2-3,2011-s3,B,2011-s3-B-GA,P1660,P1472,4,6,P1472,games-tally
2011-s3-B-GA-2-4,2011-s3,B,2011-s3-B-GA,P1660,P1682,9,1,P1660,games-tally
2011-s3-B-GA-2-5,2011-s3,B,2011-s3-B-GA,P1660,P1570,4,6,P1570,games-tally
2011-s3-B-GA-2-6,2011-s3,B,2011-s3-B-GA,P1660,P1653,3,7,P1653,games-tally
2011-s3-B-GA-3-5,2011-s3,B,2011-s3-B-GA,P1472,P1570,7,3,P1472,games-tally
2011-s3-B-GA-3-6,2011-s3,B,2011-s3-B-GA,P1472,P1653,4,6,P1653,games-tally
2011-s3-B-GA-4-5,2011-s3,B,2011-s3-B-GA,P1682,P1570,3,7,P1570,games-tally
2011-s3-B-GA-4-6,2011-s3,B,2011-s3-B-GA,P1682,P1653,4,6,P1653,games-tally
2011-s3-B-GA-5-6,2011-s3,B,2011-s3-B-GA,P1570,P1653,7,3,P1570,games-tally
2011-s3-B-GB-0-1,2011-s3,B,2011-s3-B-GB,P0907,P1680,6,4,P0907,games-tally
2011-s3-B-GB-0-2,2011-s3,B,2011-s3-B-GB,P0907,P1624,8,2,P0907,games-tally
2011-s3-B-GB-0-3,2011-s3,B,2011-s3-B-GB,P0907,P1313,7,3,P0907,games-tally
2011-s3-B-GB-0-4,2011-s3,B,2011-s3-B-GB,P0907,P1644,8,2,P0907,games-tally
2011-s3-B-GB-0-5,2011-s3,B,2011-s3-B-GB,P0907,P1658,7,3,P0907,games-tally
2011-s3-B-GB-0-6,2011-s3,B,2011-s3-B-GB,P0907,P1598,7,3,P0907,games-tally
2011-s3-B-GB-1-2,2011-s3,B,2011-s3-B-GB,P1680,P1624,10,0,P1680,games-tally
2011-s3-B-GB-1-3,2011-s3,B,2011-s3-B-GB,P1680,P1313,7,3,P1680,games-tally
2011-s3-B-GB-1-4,2011-s3,B,2011-s3-B-GB,P1680,P1644,2,8,P1644,games-tally
2011-s3-B-GB-1-5,2011-s3,B,2011-s3-B-GB,P1680,P1658,8,2,P1680,games-tally
2011-s3-B-GB-1-6,2011-s3,B,2011-s3-B-GB,P1680,P1598,9,1,P1680,games-tally
2011-s3-B-GB-2-3,2011-s3,B,2011-s3-B-GB,P1624,P1313,6,4,P1624,games-tally
2011-s3-B-GB-2-4,2011-s3,B,2011-s3-B-GB,P1624,P1644,4,6,P1644,games-tally
2011-s3-B-GB-2-5,2011-s3,B,2011-s3-B-GB,P1624,P1658,6,4,P1624,games-tally
2011-s3-B-GB-2-6,2011-s3,B,2011-s3-B-GB,P1624,P1598,4,6,P1598,games-tally
2011-s3-B-GB-3-4,2011-s3,B,2011-s3-B-GB,P1313,P1644,5,5,,games-tally
2011-s3-B-GB-3-5,2011-s3,B,2011-s3-B-GB,P1313,P1658,6,4,P1313,games-tally
2011-s3-B-GB-3-6,2011-s3,B,2011-s3-B-GB,P1313,P1598,4,6,P1598,games-tally
2011-s3-B-GB-4-5,2011-s3,B,2011-s3-B-GB,P1644,P1658,8,2,P1644,games-tally
2011-s3-B-GB-4-6,2011-s3,B,2011-s3-B-GB,P1644,P1598,6,4,P1644,games-tally
2011-s3-B-GB-5-6,2011-s3,B,2011-s3-B-GB,P1658,P1598,2,8,P1598,games-tally
2011-s3-B-GC-0-1,2011-s3,B,2011-s3-B-GC,P1721,P1417,6,4,P1721,games-tally
2011-s3-B-GC-0-2,2011-s3,B,2011-s3-B-GC,P1721,P1606,3,7,P1606,games-tally
2011-s3-B-GC-0-3,2011-s3,B,2011-s3-B-GC,P1721,P1576,5,5,,games-tally
2011-s3-B-GC-0-4,2011-s3,B,2011-s3-B-GC,P1721,P1430,3,7,P1430,games-tally
2011-s3-B-GC-0-5,2011-s3,B,2011-s3-B-GC,P1721,P1575,9,1,P1721,games-tally
2011-s3-B-GC-0-6,2011-s3,B,2011-s3-B-GC,P1721,P1633,10,0,P1721,games-tally
2011-s3-B-GC-1-3,2011-s3,B,2011-s3-B-GC,P1417,P1576,3,7,P1576,games-tally
2011-s3-B-GC-1-4,2011-s3,B,2011-s3-B-GC,P1417,P1430,6,4,P1417,games-tally
2011-s3-B-GC-1-5,2011-s3,B,2011-s3-B-GC,P1417,P1575,9,1,P1417,games-tally
2011-s3-B-GC-2-3,2011-s3,B,2011-s3-B-GC,P1606,P1576,4,6,P1576,games-tally
2011-s3-B-GC-2-4,2011-s3,B,2011-s3-B-GC,P1606,P1430,8,2,P1606,games-tally
2011-s3-B-GC-2-5,2011-s3,B,2011-s3-B-GC,P1606,P1575,10,0,P1606,games-tally
2011-s3-B-GC-2-6,2011-s3,B,2011-s3-B-GC,P1606,P1633,0,10,P1633,games-tally
2011-s3-B-GC-3-4,2011-s3,B,2011-s3-B-GC,P1576,P1430,7,3,P1576,games-tally
2011-s3-B-GC-3-5,2011-s3,B,2011-s3-B-GC,P1576,P1575,10,0,P1576,games-tally
2011-s3-B-GC-3-6,2011-s3,B,2011-s3-B-GC,P1576,P1633,6,4,P1576,games-tally
2011-s3-B-GC-4-5,2011-s3,B,2011-s3-B-GC,P1430,P1575,8,2,P1430,games-tally
2011-s3-B-GC-4-6,2011-s3,B,2011-s3-B-GC,P1430,P1633,6,4,P1430,games-tally
2011-s3-B-GC-5-6,2011-s3,B,2011-s3-B-GC,P1575,P1633,6,4,P1575,games-tally
2011-s3-B-GD-0-1,2011-s3,B,2011-s3-B-GD,P1463,P1610,10,0,P1463,games-tally
2011-s3-B-GD-0-2,2011-s3,B,2011-s3-B-GD,P1463,P1609,4,6,P1609,games-tally
2011-s3-B-GD-0-3,2011-s3,B,2011-s3-B-GD,P1463,P1531,2,8,P1531,games-tally
2011-s3-B-GD-0-4,2011-s3,B,2011-s3-B-GD,P1463,P1716,10,0,P1463,games-tally
2011-s3-B-GD-0-5,2011-s3,B,2011-s3-B-GD,P1463,P1705,4,6,P1705,games-tally
2011-s3-B-GD-0-6,2011-s3,B,2011-s3-B-GD,P1463,P1516,4,6,P1516,games-tally
2011-s3-B-GD-1-3,2011-s3,B,2011-s3-B-GD,P1610,P1531,4,6,P1531,games-tally
2011-s3-B-GD-1-6,2011-s3,B,2011-s3-B-GD,P1610,P1516,0,10,P1516,games-tally
2011-s3-B-GD-2-3,2011-s3,B,2011-s3-B-GD,P1609,P1531,4,6,P1531,games-tally
2011-s3-B-GD-2-4,2011-s3,B,2011-s3-B-GD,P1609,P1716,6,4,P1609,games-tally
2011-s3-B-GD-2-5,2011-s3,B,2011-s3-B-GD,P1609,P1705,9,1,P1609,games-tally
2011-s3-B-GD-2-6,2011-s3,B,2011-s3-B-GD,P1609,P1516,4,6,P1516,games-tally
2011-s3-B-GD-3-4,2011-s3,B,2011-s3-B-GD,P1531,P1716,10,0,P1531,games-tally
2011-s3-B-GD-3-5,2011-s3,B,2011-s3-B-GD,P1531,P1705,8,2,P1531,games-tally
2011-s3-B-GD-3-6,2011-s3,B,2011-s3-B-GD,P1531,P1516,7,3,P1531,games-tally
2011-s3-B-GD-4-6,2011-s3,B,2011-s3-B-GD,P1716,P1516,0,10,P1516,games-tally
2011-s3-B-GD-5-6,2011-s3,B,2011-s3-B-GD,P1705,P1516,0,10,P1516,games-tally
2011-s3-B-GE-0-4,2011-s3,B,2011-s3-B-GE,P1628,P1703,3,7,P1703,games-tally
2011-s3-B-GE-0-5,2011-s3,B,2011-s3-B-GE,P1628,P1669,0,10,P1669,games-tally
2011-s3-B-GE-0-6,2011-s3,B,2011-s3-B-GE,P1628,P1639,4,6,P1639,games-tally
2011-s3-B-GE-1-2,2011-s3,B,2011-s3-B-GE,P1697,P1696,9,1,P1697,games-tally
2011-s3-B-GE-1-3,2011-s3,B,2011-s3-B-GE,P1697,P1492,8,2,P1697,games-tally
2011-s3-B-GE-1-4,2011-s3,B,2011-s3-B-GE,P1697,P1703,4,6,P1703,games-tally
2011-s3-B-GE-1-5,2011-s3,B,2011-s3-B-GE,P1697,P1669,4,6,P1669,games-tally
2011-s3-B-GE-1-6,2011-s3,B,2011-s3-B-GE,P1697,P1639,8,2,P1697,games-tally
2011-s3-B-GE-2-3,2011-s3,B,2011-s3-B-GE,P1696,P1492,2,8,P1492,games-tally
2011-s3-B-GE-2-4,2011-s3,B,2011-s3-B-GE,P1696,P1703,2,8,P1703,games-tally
2011-s3-B-GE-2-5,2011-s3,B,2011-s3-B-GE,P1696,P1669,8,2,P1696,games-tally
2011-s3-B-GE-3-4,2011-s3,B,2011-s3-B-GE,P1492,P1703,6,4,P1492,games-tally
2011-s3-B-GE-3-5,2011-s3,B,2011-s3-B-GE,P1492,P1669,4,6,P1669,games-tally
2011-s3-B-GE-3-6,2011-s3,B,2011-s3-B-GE,P1492,P1639,0,10,P1639,games-tally
2011-s3-B-GE-4-5,2011-s3,B,2011-s3-B-GE,P1703,P1669,6,4,P1703,games-tally
2011-s3-B-GE-4-6,2011-s3,B,2011-s3-B-GE,P1703,P1639,4,6,P1639,games-tally
2011-s3-B-GE-5-6,2011-s3,B,2011-s3-B-GE,P1669,P1639,6,4,P1669,games-tally
2011-s3-B-GF-0-1,2011-s3,B,2011-s3-B-GF,P1568,P1616,6,4,P1568,games-tally
2011-s3-B-GF-0-2,2011-s3,B,2011-s3-B-GF,P1568,P1717,6,4,P1568,games-tally
2011-s3-B-GF-0-3,2011-s3,B,2011-s3-B-GF,P1568,P0282,6,4,P1568,games-tally
2011-s3-B-GF-0-5,2011-s3,B,2011-s3-B-GF,P1568,P1592,3,7,P1592,games-tally
2011-s3-B-GF-0-6,2011-s3,B,2011-s3-B-GF,P1568,P1710,1,9,P1710,games-tally
2011-s3-B-GF-1-2,2011-s3,B,2011-s3-B-GF,P1616,P1717,6,4,P1616,games-tally
2011-s3-B-GF-1-3,2011-s3,B,2011-s3-B-GF,P1616,P0282,8,2,P1616,games-tally
2011-s3-B-GF-1-4,2011-s3,B,2011-s3-B-GF,P1616,P1666,6,4,P1616,games-tally
2011-s3-B-GF-1-5,2011-s3,B,2011-s3-B-GF,P1616,P1592,10,0,P1616,games-tally
2011-s3-B-GF-1-6,2011-s3,B,2011-s3-B-GF,P1616,P1710,10,0,P1616,games-tally
2011-s3-B-GF-2-3,2011-s3,B,2011-s3-B-GF,P1717,P0282,6,4,P1717,games-tally
2011-s3-B-GF-2-6,2011-s3,B,2011-s3-B-GF,P1717,P1710,6,4,P1717,games-tally
2011-s3-B-GF-3-6,2011-s3,B,2011-s3-B-GF,P0282,P1710,3,7,P1710,games-tally
2011-s3-B-GF-4-5,2011-s3,B,2011-s3-B-GF,P1666,P1592,6,4,P1666,games-tally
2011-s3-B-GF-4-6,2011-s3,B,2011-s3-B-GF,P1666,P1710,4,6,P1710,games-tally
2011-s4-A-GA-0-1,2011-s4,A,2011-s4-A-GA,P1693,P1713,2,8,P1713,games-tally
2011-s4-A-GA-0-3,2011-s4,A,2011-s4-A-GA,P1693,P0076,3,7,P0076,games-tally
2011-s4-A-GA-0-4,2011-s4,A,2011-s4-A-GA,P1693,P1603,3,7,P1603,games-tally
2011-s4-A-GA-0-5,2011-s4,A,2011-s4-A-GA,P1693,P1578,4,6,P1578,games-tally
2011-s4-A-GA-1-3,2011-s4,A,2011-s4-A-GA,P1713,P0076,4,6,P0076,games-tally
2011-s4-A-GA-1-4,2011-s4,A,2011-s4-A-GA,P1713,P1603,10,0,P1713,games-tally
2011-s4-A-GA-1-5,2011-s4,A,2011-s4-A-GA,P1713,P1578,6,4,P1713,games-tally
2011-s4-A-GA-1-6,2011-s4,A,2011-s4-A-GA,P1713,P1380,6,4,P1713,games-tally
2011-s4-A-GA-2-6,2011-s4,A,2011-s4-A-GA,P0184,P1380,6,4,P0184,games-tally
2011-s4-A-GA-3-4,2011-s4,A,2011-s4-A-GA,P0076,P1603,8,2,P0076,games-tally
2011-s4-A-GA-3-5,2011-s4,A,2011-s4-A-GA,P0076,P1578,5,5,,games-tally
2011-s4-A-GA-3-6,2011-s4,A,2011-s4-A-GA,P0076,P1380,5,5,,games-tally
2011-s4-A-GA-4-5,2011-s4,A,2011-s4-A-GA,P1603,P1578,4,6,P1578,games-tally
2011-s4-A-GA-4-6,2011-s4,A,2011-s4-A-GA,P1603,P1380,0,10,P1380,games-tally
2011-s4-A-GB-0-1,2011-s4,A,2011-s4-A-GB,P1520,P1404,4,6,P1404,games-tally
2011-s4-A-GB-0-2,2011-s4,A,2011-s4-A-GB,P1520,P1223,0,10,P1223,games-tally
2011-s4-A-GB-0-6,2011-s4,A,2011-s4-A-GB,P1520,P1683,4,6,P1683,games-tally
2011-s4-A-GB-1-2,2011-s4,A,2011-s4-A-GB,P1404,P1223,4,6,P1223,games-tally
2011-s4-A-GB-1-3,2011-s4,A,2011-s4-A-GB,P1404,P1706,6,4,P1404,games-tally
2011-s4-A-GB-1-5,2011-s4,A,2011-s4-A-GB,P1404,P1435,2,8,P1435,games-tally
2011-s4-A-GB-1-6,2011-s4,A,2011-s4-A-GB,P1404,P1683,6,4,P1404,games-tally
2011-s4-A-GB-2-3,2011-s4,A,2011-s4-A-GB,P1223,P1706,5,5,,games-tally
2011-s4-A-GB-2-4,2011-s4,A,2011-s4-A-GB,P1223,P1096,7,3,P1223,games-tally
2011-s4-A-GB-2-6,2011-s4,A,2011-s4-A-GB,P1223,P1683,9,1,P1223,games-tally
2011-s4-A-GB-3-4,2011-s4,A,2011-s4-A-GB,P1706,P1096,6,4,P1706,games-tally
2011-s4-A-GB-3-5,2011-s4,A,2011-s4-A-GB,P1706,P1435,6,4,P1706,games-tally
2011-s4-A-GB-4-5,2011-s4,A,2011-s4-A-GB,P1096,P1435,4,6,P1435,games-tally
2011-s4-A-GB-4-6,2011-s4,A,2011-s4-A-GB,P1096,P1683,6,4,P1096,games-tally
2011-s4-A-GB-5-6,2011-s4,A,2011-s4-A-GB,P1435,P1683,6,4,P1435,games-tally
2011-s4-A-GC-0-1,2011-s4,A,2011-s4-A-GC,P1198,P1595,6,4,P1198,games-tally
2011-s4-A-GC-0-2,2011-s4,A,2011-s4-A-GC,P1198,P0969,3,7,P0969,games-tally
2011-s4-A-GC-0-3,2011-s4,A,2011-s4-A-GC,P1198,P1631,8,2,P1198,games-tally
2011-s4-A-GC-0-4,2011-s4,A,2011-s4-A-GC,P1198,P0726,7,3,P1198,games-tally
2011-s4-A-GC-0-5,2011-s4,A,2011-s4-A-GC,P1198,P1075,6,4,P1198,games-tally
2011-s4-A-GC-0-6,2011-s4,A,2011-s4-A-GC,P1198,P1138,8,2,P1198,games-tally
2011-s4-A-GC-1-2,2011-s4,A,2011-s4-A-GC,P1595,P0969,2,8,P0969,games-tally
2011-s4-A-GC-1-3,2011-s4,A,2011-s4-A-GC,P1595,P1631,6,4,P1595,games-tally
2011-s4-A-GC-1-4,2011-s4,A,2011-s4-A-GC,P1595,P0726,6,4,P1595,games-tally
2011-s4-A-GC-1-5,2011-s4,A,2011-s4-A-GC,P1595,P1075,6,4,P1595,games-tally
2011-s4-A-GC-1-6,2011-s4,A,2011-s4-A-GC,P1595,P1138,8,2,P1595,games-tally
2011-s4-A-GC-2-3,2011-s4,A,2011-s4-A-GC,P0969,P1631,4,6,P1631,games-tally
2011-s4-A-GC-2-4,2011-s4,A,2011-s4-A-GC,P0969,P0726,7,3,P0969,games-tally
2011-s4-A-GC-2-5,2011-s4,A,2011-s4-A-GC,P0969,P1075,6,4,P0969,games-tally
2011-s4-A-GC-2-6,2011-s4,A,2011-s4-A-GC,P0969,P1138,8,2,P0969,games-tally
2011-s4-A-GC-3-4,2011-s4,A,2011-s4-A-GC,P1631,P0726,8,2,P1631,games-tally
2011-s4-A-GC-3-5,2011-s4,A,2011-s4-A-GC,P1631,P1075,3,7,P1075,games-tally
2011-s4-A-GC-4-5,2011-s4,A,2011-s4-A-GC,P0726,P1075,7,3,P0726,games-tally
2011-s4-A-GC-5-6,2011-s4,A,2011-s4-A-GC,P1075,P1138,8,2,P1075,games-tally
2011-s4-A-GD-0-1,2011-s4,A,2011-s4-A-GD,P0951,P1584,2,8,P1584,games-tally
2011-s4-A-GD-0-2,2011-s4,A,2011-s4-A-GD,P0951,P1262,5,5,,games-tally
2011-s4-A-GD-0-3,2011-s4,A,2011-s4-A-GD,P0951,P0988,3,7,P0988,games-tally
2011-s4-A-GD-0-4,2011-s4,A,2011-s4-A-GD,P0951,P1399,6,4,P0951,games-tally
2011-s4-A-GD-1-2,2011-s4,A,2011-s4-A-GD,P1584,P1262,6,4,P1584,games-tally
2011-s4-A-GD-1-3,2011-s4,A,2011-s4-A-GD,P1584,P0988,4,6,P0988,games-tally
2011-s4-A-GD-1-5,2011-s4,A,2011-s4-A-GD,P1584,P1466,6,4,P1584,games-tally
2011-s4-A-GD-2-3,2011-s4,A,2011-s4-A-GD,P1262,P0988,5,5,,games-tally
2011-s4-A-GD-2-4,2011-s4,A,2011-s4-A-GD,P1262,P1399,6,4,P1262,games-tally
2011-s4-A-GD-2-5,2011-s4,A,2011-s4-A-GD,P1262,P1466,8,2,P1262,games-tally
2011-s4-A-GD-2-6,2011-s4,A,2011-s4-A-GD,P1262,P1686,6,4,P1262,games-tally
2011-s4-A-GD-3-5,2011-s4,A,2011-s4-A-GD,P0988,P1466,6,4,P0988,games-tally
2011-s4-A-GD-3-6,2011-s4,A,2011-s4-A-GD,P0988,P1686,9,1,P0988,games-tally
2011-s4-A-GD-4-5,2011-s4,A,2011-s4-A-GD,P1399,P1466,9,1,P1399,games-tally
2011-s4-A-GD-4-6,2011-s4,A,2011-s4-A-GD,P1399,P1686,5,5,,games-tally
2011-s4-A-GE-0-1,2011-s4,A,2011-s4-A-GE,P1724,P1425,2,8,P1425,games-tally
2011-s4-A-GE-0-3,2011-s4,A,2011-s4-A-GE,P1724,P0754,1,9,P0754,games-tally
2011-s4-A-GE-0-4,2011-s4,A,2011-s4-A-GE,P1724,P1701,1,9,P1701,games-tally
2011-s4-A-GE-0-6,2011-s4,A,2011-s4-A-GE,P1724,P1508,4,6,P1508,games-tally
2011-s4-A-GE-1-2,2011-s4,A,2011-s4-A-GE,P1425,P1022,8,2,P1425,games-tally
2011-s4-A-GE-1-3,2011-s4,A,2011-s4-A-GE,P1425,P0754,6,4,P1425,games-tally
2011-s4-A-GE-1-4,2011-s4,A,2011-s4-A-GE,P1425,P1701,4,6,P1701,games-tally
2011-s4-A-GE-1-5,2011-s4,A,2011-s4-A-GE,P1425,P1063,7,3,P1425,games-tally
2011-s4-A-GE-1-6,2011-s4,A,2011-s4-A-GE,P1425,P1508,8,2,P1425,games-tally
2011-s4-A-GE-2-4,2011-s4,A,2011-s4-A-GE,P1022,P1701,7,3,P1022,games-tally
2011-s4-A-GE-2-5,2011-s4,A,2011-s4-A-GE,P1022,P1063,4,6,P1063,games-tally
2011-s4-A-GE-3-5,2011-s4,A,2011-s4-A-GE,P0754,P1063,6,4,P0754,games-tally
2011-s4-A-GE-4-5,2011-s4,A,2011-s4-A-GE,P1701,P1063,6,4,P1701,games-tally
2011-s4-A-GE-4-6,2011-s4,A,2011-s4-A-GE,P1701,P1508,6,4,P1701,games-tally
2011-s4-A-GE-5-6,2011-s4,A,2011-s4-A-GE,P1063,P1508,4,6,P1508,games-tally
2011-s4-A-GF-0-1,2011-s4,A,2011-s4-A-GF,P1300,P0010,3,7,P0010,games-tally
2011-s4-A-GF-0-2,2011-s4,A,2011-s4-A-GF,P1300,P1157,3,7,P1157,games-tally
2011-s4-A-GF-0-3,2011-s4,A,2011-s4-A-GF,P1300,P1588,6,4,P1300,games-tally
2011-s4-A-GF-0-4,2011-s4,A,2011-s4-A-GF,P1300,P1576,6,4,P1300,games-tally
2011-s4-A-GF-0-5,2011-s4,A,2011-s4-A-GF,P1300,P0873,6,4,P1300,games-tally
2011-s4-A-GF-0-6,2011-s4,A,2011-s4-A-GF,P1300,P1556,4,6,P1556,games-tally
2011-s4-A-GF-1-2,2011-s4,A,2011-s4-A-GF,P0010,P1157,8,2,P0010,games-tally
2011-s4-A-GF-1-3,2011-s4,A,2011-s4-A-GF,P0010,P1588,4,6,P1588,games-tally
2011-s4-A-GF-1-4,2011-s4,A,2011-s4-A-GF,P0010,P1576,7,3,P0010,games-tally
2011-s4-A-GF-2-3,2011-s4,A,2011-s4-A-GF,P1157,P1588,4,6,P1588,games-tally
2011-s4-A-GF-2-4,2011-s4,A,2011-s4-A-GF,P1157,P1576,5,5,,games-tally
2011-s4-A-GF-2-5,2011-s4,A,2011-s4-A-GF,P1157,P0873,5,5,,games-tally
2011-s4-A-GF-2-6,2011-s4,A,2011-s4-A-GF,P1157,P1556,8,2,P1157,games-tally
2011-s4-A-GF-3-4,2011-s4,A,2011-s4-A-GF,P1588,P1576,8,2,P1588,games-tally
2011-s4-A-GF-3-5,2011-s4,A,2011-s4-A-GF,P1588,P0873,6,4,P1588,games-tally
2011-s4-A-GF-3-6,2011-s4,A,2011-s4-A-GF,P1588,P1556,6,4,P1588,games-tally
2011-s4-A-GF-4-5,2011-s4,A,2011-s4-A-GF,P1576,P0873,4,6,P0873,games-tally
2011-s4-A-GF-5-6,2011-s4,A,2011-s4-A-GF,P0873,P1556,9,1,P0873,games-tally
2011-s4-A-GG-0-1,2011-s4,A,2011-s4-A-GG,P1656,P0984,5,5,,games-tally
2011-s4-A-GG-0-2,2011-s4,A,2011-s4-A-GG,P1656,P1249,9,1,P1656,games-tally
2011-s4-A-GG-0-3,2011-s4,A,2011-s4-A-GG,P1656,P1085,9,1,P1656,games-tally
2011-s4-A-GG-0-4,2011-s4,A,2011-s4-A-GG,P1656,P0728,6,4,P1656,games-tally
2011-s4-A-GG-0-5,2011-s4,A,2011-s4-A-GG,P1656,P1569,6,4,P1656,games-tally
2011-s4-A-GG-0-6,2011-s4,A,2011-s4-A-GG,P1656,P1675,7,3,P1656,games-tally
2011-s4-A-GG-1-3,2011-s4,A,2011-s4-A-GG,P0984,P1085,10,0,P0984,games-tally
2011-s4-A-GG-1-4,2011-s4,A,2011-s4-A-GG,P0984,P0728,4,6,P0728,games-tally
2011-s4-A-GG-1-5,2011-s4,A,2011-s4-A-GG,P0984,P1569,8,2,P0984,games-tally
2011-s4-A-GG-1-6,2011-s4,A,2011-s4-A-GG,P0984,P1675,8,2,P0984,games-tally
2011-s4-A-GG-2-4,2011-s4,A,2011-s4-A-GG,P1249,P0728,0,10,P0728,games-tally
2011-s4-A-GG-2-5,2011-s4,A,2011-s4-A-GG,P1249,P1569,6,4,P1249,games-tally
2011-s4-A-GG-2-6,2011-s4,A,2011-s4-A-GG,P1249,P1675,5,5,,games-tally
2011-s4-A-GG-3-4,2011-s4,A,2011-s4-A-GG,P1085,P0728,8,2,P1085,games-tally
2011-s4-A-GG-3-5,2011-s4,A,2011-s4-A-GG,P1085,P1569,6,4,P1085,games-tally
2011-s4-A-GG-3-6,2011-s4,A,2011-s4-A-GG,P1085,P1675,8,2,P1085,games-tally
2011-s4-A-GG-4-5,2011-s4,A,2011-s4-A-GG,P0728,P1569,7,3,P0728,games-tally
2011-s4-A-GG-4-6,2011-s4,A,2011-s4-A-GG,P0728,P1675,3,7,P1675,games-tally
2011-s4-A-GG-5-6,2011-s4,A,2011-s4-A-GG,P1569,P1675,7,3,P1569,games-tally
2011-s4-B-GA-0-1,2011-s4,B,2011-s4-B-GA,P1313,P1430,1,9,P1430,games-tally
2011-s4-B-GA-0-2,2011-s4,B,2011-s4-B-GA,P1313,P1625,5,5,,games-tally
2011-s4-B-GA-0-3,2011-s4,B,2011-s4-B-GA,P1313,P1700,3,7,P1700,games-tally
2011-s4-B-GA-0-4,2011-s4,B,2011-s4-B-GA,P1313,P0296,4,6,P0296,games-tally
2011-s4-B-GA-0-6,2011-s4,B,2011-s4-B-GA,P1313,P1573,4,6,P1573,games-tally
2011-s4-B-GA-1-2,2011-s4,B,2011-s4-B-GA,P1430,P1625,6,4,P1430,games-tally
2011-s4-B-GA-1-3,2011-s4,B,2011-s4-B-GA,P1430,P1700,1,9,P1700,games-tally
2011-s4-B-GA-1-4,2011-s4,B,2011-s4-B-GA,P1430,P0296,4,6,P0296,games-tally
2011-s4-B-GA-1-5,2011-s4,B,2011-s4-B-GA,P1430,P0282,5,5,,games-tally
2011-s4-B-GA-1-6,2011-s4,B,2011-s4-B-GA,P1430,P1573,5,5,,games-tally
2011-s4-B-GA-2-3,2011-s4,B,2011-s4-B-GA,P1625,P1700,1,9,P1700,games-tally
2011-s4-B-GA-2-4,2011-s4,B,2011-s4-B-GA,P1625,P0296,1,9,P0296,games-tally
2011-s4-B-GA-2-6,2011-s4,B,2011-s4-B-GA,P1625,P1573,8,2,P1625,games-tally
2011-s4-B-GA-3-4,2011-s4,B,2011-s4-B-GA,P1700,P0296,6,4,P1700,games-tally
2011-s4-B-GA-3-5,2011-s4,B,2011-s4-B-GA,P1700,P0282,8,2,P1700,games-tally
2011-s4-B-GA-3-6,2011-s4,B,2011-s4-B-GA,P1700,P1573,6,4,P1700,games-tally
2011-s4-B-GA-4-5,2011-s4,B,2011-s4-B-GA,P0296,P0282,9,1,P0296,games-tally
2011-s4-B-GA-4-6,2011-s4,B,2011-s4-B-GA,P0296,P1573,9,1,P0296,games-tally
2011-s4-B-GA-5-6,2011-s4,B,2011-s4-B-GA,P0282,P1573,4,6,P1573,games-tally
2011-s4-B-GB-0-1,2011-s4,B,2011-s4-B-GB,P1653,P0907,3,7,P0907,games-tally
2011-s4-B-GB-0-2,2011-s4,B,2011-s4-B-GB,P1653,P1718,8,2,P1653,games-tally
2011-s4-B-GB-0-4,2011-s4,B,2011-s4-B-GB,P1653,P1676,9,1,P1653,games-tally
2011-s4-B-GB-0-5,2011-s4,B,2011-s4-B-GB,P1653,P1599,8,2,P1653,games-tally
2011-s4-B-GB-0-6,2011-s4,B,2011-s4-B-GB,P1653,P1463,10,0,P1653,games-tally
2011-s4-B-GB-1-2,2011-s4,B,2011-s4-B-GB,P0907,P1718,9,1,P0907,games-tally
2011-s4-B-GB-1-3,2011-s4,B,2011-s4-B-GB,P0907,P1680,7,3,P0907,games-tally
2011-s4-B-GB-1-4,2011-s4,B,2011-s4-B-GB,P0907,P1676,7,3,P0907,games-tally
2011-s4-B-GB-1-5,2011-s4,B,2011-s4-B-GB,P0907,P1599,6,4,P0907,games-tally
2011-s4-B-GB-1-6,2011-s4,B,2011-s4-B-GB,P0907,P1463,10,0,P0907,games-tally
2011-s4-B-GB-2-5,2011-s4,B,2011-s4-B-GB,P1718,P1599,6,4,P1718,games-tally
2011-s4-B-GB-3-5,2011-s4,B,2011-s4-B-GB,P1680,P1599,1,9,P1599,games-tally
2011-s4-B-GB-4-5,2011-s4,B,2011-s4-B-GB,P1676,P1599,2,8,P1599,games-tally
2011-s4-B-GB-4-6,2011-s4,B,2011-s4-B-GB,P1676,P1463,5,5,,games-tally
2011-s4-B-GB-5-6,2011-s4,B,2011-s4-B-GB,P1599,P1463,5,5,,games-tally
2011-s4-B-GC-0-1,2011-s4,B,2011-s4-B-GC,P1097,P1698,7,3,P1097,games-tally
2011-s4-B-GC-0-2,2011-s4,B,2011-s4-B-GC,P1097,P1673,3,7,P1673,games-tally
2011-s4-B-GC-0-3,2011-s4,B,2011-s4-B-GC,P1097,P1663,6,4,P1097,games-tally
2011-s4-B-GC-0-4,2011-s4,B,2011-s4-B-GC,P1097,P1681,4,6,P1681,games-tally
2011-s4-B-GC-0-5,2011-s4,B,2011-s4-B-GC,P1097,P1696,7,3,P1097,games-tally
2011-s4-B-GC-1-2,2011-s4,B,2011-s4-B-GC,P1698,P1673,2,8,P1673,games-tally
2011-s4-B-GC-1-3,2011-s4,B,2011-s4-B-GC,P1698,P1663,6,4,P1698,games-tally
2011-s4-B-GC-1-4,2011-s4,B,2011-s4-B-GC,P1698,P1681,2,8,P1681,games-tally
2011-s4-B-GC-1-5,2011-s4,B,2011-s4-B-GC,P1698,P1696,6,4,P1698,games-tally
2011-s4-B-GC-2-3,2011-s4,B,2011-s4-B-GC,P1673,P1663,6,4,P1673,games-tally
2011-s4-B-GC-2-4,2011-s4,B,2011-s4-B-GC,P1673,P1681,6,4,P1673,games-tally
2011-s4-B-GC-2-5,2011-s4,B,2011-s4-B-GC,P1673,P1696,5,5,,games-tally
2011-s4-B-GC-3-4,2011-s4,B,2011-s4-B-GC,P1663,P1681,3,7,P1681,games-tally
2011-s4-B-GC-3-6,2011-s4,B,2011-s4-B-GC,P1663,P1661,6,4,P1663,games-tally
2011-s4-B-GC-4-5,2011-s4,B,2011-s4-B-GC,P1681,P1696,7,3,P1681,games-tally
2011-s4-B-GD-0-1,2011-s4,B,2011-s4-B-GD,P1516,P1293,6,4,P1516,games-tally
2011-s4-B-GD-0-2,2011-s4,B,2011-s4-B-GD,P1516,P1607,6,4,P1516,games-tally
2011-s4-B-GD-0-3,2011-s4,B,2011-s4-B-GD,P1516,P1643,6,4,P1516,games-tally
2011-s4-B-GD-0-5,2011-s4,B,2011-s4-B-GD,P1516,P1674,6,4,P1516,games-tally
2011-s4-B-GD-0-6,2011-s4,B,2011-s4-B-GD,P1516,P0616,8,2,P1516,games-tally
2011-s4-B-GD-1-2,2011-s4,B,2011-s4-B-GD,P1293,P1607,6,4,P1293,games-tally
2011-s4-B-GD-1-3,2011-s4,B,2011-s4-B-GD,P1293,P1643,6,4,P1293,games-tally
2011-s4-B-GD-1-4,2011-s4,B,2011-s4-B-GD,P1293,P1629,5,5,,games-tally
2011-s4-B-GD-1-5,2011-s4,B,2011-s4-B-GD,P1293,P1674,5,5,,games-tally
2011-s4-B-GD-1-6,2011-s4,B,2011-s4-B-GD,P1293,P0616,10,0,P1293,games-tally
2011-s4-B-GD-2-3,2011-s4,B,2011-s4-B-GD,P1607,P1643,7,3,P1607,games-tally
2011-s4-B-GD-2-4,2011-s4,B,2011-s4-B-GD,P1607,P1629,7,3,P1607,games-tally
2011-s4-B-GD-2-5,2011-s4,B,2011-s4-B-GD,P1607,P1674,6,4,P1607,games-tally
2011-s4-B-GD-2-6,2011-s4,B,2011-s4-B-GD,P1607,P0616,10,0,P1607,games-tally
2011-s4-B-GD-3-4,2011-s4,B,2011-s4-B-GD,P1643,P1629,6,4,P1643,games-tally
2011-s4-B-GD-3-5,2011-s4,B,2011-s4-B-GD,P1643,P1674,4,6,P1674,games-tally
2011-s4-B-GD-3-6,2011-s4,B,2011-s4-B-GD,P1643,P0616,6,4,P1643,games-tally
2011-s4-B-GD-4-5,2011-s4,B,2011-s4-B-GD,P1629,P1674,7,3,P1629,games-tally
2011-s4-B-GD-4-6,2011-s4,B,2011-s4-B-GD,P1629,P0616,6,4,P1629,games-tally
2011-s4-B-GD-5-6,2011-s4,B,2011-s4-B-GD,P1674,P0616,6,4,P1674,games-tally
2011-s4-B-GE-0-1,2011-s4,B,2011-s4-B-GE,P1580,P1641,8,2,P1580,games-tally
2011-s4-B-GE-0-2,2011-s4,B,2011-s4-B-GE,P1580,P1395,8,2,P1580,games-tally
2011-s4-B-GE-0-4,2011-s4,B,2011-s4-B-GE,P1580,P1664,8,2,P1580,games-tally
2011-s4-B-GE-0-6,2011-s4,B,2011-s4-B-GE,P1580,P1554,8,2,P1580,games-tally
2011-s4-B-GE-1-2,2011-s4,B,2011-s4-B-GE,P1641,P1395,6,4,P1641,games-tally
2011-s4-B-GE-1-4,2011-s4,B,2011-s4-B-GE,P1641,P1664,4,6,P1664,games-tally
2011-s4-B-GE-1-5,2011-s4,B,2011-s4-B-GE,P1641,P1604,1,9,P1604,games-tally
2011-s4-B-GE-1-6,2011-s4,B,2011-s4-B-GE,P1641,P1554,4,6,P1554,games-tally
2011-s4-B-GE-2-3,2011-s4,B,2011-s4-B-GE,P1395,P1714,6,4,P1395,games-tally
2011-s4-B-GE-2-4,2011-s4,B,2011-s4-B-GE,P1395,P1664,6,4,P1395,games-tally
2011-s4-B-GE-2-5,2011-s4,B,2011-s4-B-GE,P1395,P1604,4,6,P1604,games-tally
2011-s4-B-GE-2-6,2011-s4,B,2011-s4-B-GE,P1395,P1554,4,6,P1554,games-tally
2011-s4-B-GE-3-6,2011-s4,B,2011-s4-B-GE,P1714,P1554,6,4,P1714,games-tally
2011-s4-B-GE-4-5,2011-s4,B,2011-s4-B-GE,P1664,P1604,2,8,P1604,games-tally
2011-s4-B-GE-4-6,2011-s4,B,2011-s4-B-GE,P1664,P1554,3,7,P1554,games-tally
2011-s4-B-GE-5-6,2011-s4,B,2011-s4-B-GE,P1604,P1554,7,3,P1604,games-tally
2011-s4-B-GF-0-2,2011-s4,B,2011-s4-B-GF,P1699,P1710,10,0,P1699,games-tally
2011-s4-B-GF-0-3,2011-s4,B,2011-s4-B-GF,P1699,P1609,1,9,P1609,games-tally
2011-s4-B-GF-0-4,2011-s4,B,2011-s4-B-GF,P1699,P1636,4,6,P1636,games-tally
2011-s4-B-GF-0-6,2011-s4,B,2011-s4-B-GF,P1699,P1670,6,4,P1699,games-tally
2011-s4-B-GF-1-2,2011-s4,B,2011-s4-B-GF,P1608,P1710,6,4,P1608,games-tally
2011-s4-B-GF-1-3,2011-s4,B,2011-s4-B-GF,P1608,P1609,6,4,P1608,games-tally
2011-s4-B-GF-1-4,2011-s4,B,2011-s4-B-GF,P1608,P1636,3,7,P1636,games-tally
2011-s4-B-GF-1-5,2011-s4,B,2011-s4-B-GF,P1608,P1531,6,4,P1608,games-tally
2011-s4-B-GF-1-6,2011-s4,B,2011-s4-B-GF,P1608,P1670,4,6,P1670,games-tally
2011-s4-B-GF-2-3,2011-s4,B,2011-s4-B-GF,P1710,P1609,0,10,P1609,games-tally
2011-s4-B-GF-2-4,2011-s4,B,2011-s4-B-GF,P1710,P1636,3,7,P1636,games-tally
2011-s4-B-GF-2-5,2011-s4,B,2011-s4-B-GF,P1710,P1531,2,8,P1531,games-tally
2011-s4-B-GF-2-6,2011-s4,B,2011-s4-B-GF,P1710,P1670,6,4,P1710,games-tally
2011-s4-B-GF-3-4,2011-s4,B,2011-s4-B-GF,P1609,P1636,9,1,P1609,games-tally
2011-s4-B-GF-3-5,2011-s4,B,2011-s4-B-GF,P1609,P1531,3,7,P1531,games-tally
2011-s4-B-GF-3-6,2011-s4,B,2011-s4-B-GF,P1609,P1670,8,2,P1609,games-tally
2011-s4-B-GF-4-5,2011-s4,B,2011-s4-B-GF,P1636,P1531,8,2,P1636,games-tally
2011-s4-B-GF-4-6,2011-s4,B,2011-s4-B-GF,P1636,P1670,8,2,P1636,games-tally
2011-s4-B-GF-5-6,2011-s4,B,2011-s4-B-GF,P1531,P1670,7,5,P1531,games-tally
2011-s4-B-GG-0-5,2011-s4,B,2011-s4-B-GG,P1640,P1539,1,9,P1539,games-tally
2011-s4-B-GG-0-6,2011-s4,B,2011-s4-B-GG,P1640,P1113,0,10,P1113,games-tally
2011-s4-B-GG-1-4,2011-s4,B,2011-s4-B-GG,P1492,P1627,3,7,P1627,games-tally
2011-s4-B-GG-1-5,2011-s4,B,2011-s4-B-GG,P1492,P1539,2,8,P1539,games-tally
2011-s4-B-GG-1-6,2011-s4,B,2011-s4-B-GG,P1492,P1113,0,10,P1113,games-tally
2011-s4-B-GG-2-3,2011-s4,B,2011-s4-B-GG,P1690,P1702,6,4,P1690,games-tally
2011-s4-B-GG-2-4,2011-s4,B,2011-s4-B-GG,P1690,P1627,0,10,P1627,games-tally
2011-s4-B-GG-2-5,2011-s4,B,2011-s4-B-GG,P1690,P1539,6,4,P1690,games-tally
2011-s4-B-GG-2-6,2011-s4,B,2011-s4-B-GG,P1690,P1113,3,7,P1113,games-tally
2011-s4-B-GG-3-4,2011-s4,B,2011-s4-B-GG,P1702,P1627,4,6,P1627,games-tally
2011-s4-B-GG-3-5,2011-s4,B,2011-s4-B-GG,P1702,P1539,2,8,P1539,games-tally
2011-s4-B-GG-3-6,2011-s4,B,2011-s4-B-GG,P1702,P1113,3,7,P1113,games-tally
2011-s4-B-GG-4-5,2011-s4,B,2011-s4-B-GG,P1627,P1539,7,3,P1627,games-tally
2011-s4-B-GG-4-6,2011-s4,B,2011-s4-B-GG,P1627,P1113,5,5,,games-tally
2011-s5-A-GA-0-1,2011-s5,A,2011-s5-A-GA,P1334,P1369,8,2,P1334,games-tally
2011-s5-A-GA-0-2,2011-s5,A,2011-s5-A-GA,P1334,P0988,10,0,P1334,games-tally
2011-s5-A-GA-0-3,2011-s5,A,2011-s5-A-GA,P1334,P1588,8,2,P1334,games-tally
2011-s5-A-GA-0-4,2011-s5,A,2011-s5-A-GA,P1334,P1631,6,4,P1334,games-tally
2011-s5-A-GA-0-5,2011-s5,A,2011-s5-A-GA,P1334,P0726,8,2,P1334,games-tally
2011-s5-A-GA-0-6,2011-s5,A,2011-s5-A-GA,P1334,P1104,6,4,P1334,games-tally
2011-s5-A-GA-1-3,2011-s5,A,2011-s5-A-GA,P1369,P1588,7,3,P1369,games-tally
2011-s5-A-GA-1-4,2011-s5,A,2011-s5-A-GA,P1369,P1631,6,4,P1369,games-tally
2011-s5-A-GA-1-5,2011-s5,A,2011-s5-A-GA,P1369,P0726,7,3,P1369,games-tally
2011-s5-A-GA-2-3,2011-s5,A,2011-s5-A-GA,P0988,P1588,4,6,P1588,games-tally
2011-s5-A-GA-2-4,2011-s5,A,2011-s5-A-GA,P0988,P1631,6,4,P0988,games-tally
2011-s5-A-GA-2-6,2011-s5,A,2011-s5-A-GA,P0988,P1104,5,5,,games-tally
2011-s5-A-GA-3-4,2011-s5,A,2011-s5-A-GA,P1588,P1631,6,4,P1588,games-tally
2011-s5-A-GA-3-5,2011-s5,A,2011-s5-A-GA,P1588,P0726,6,4,P1588,games-tally
2011-s5-A-GA-3-6,2011-s5,A,2011-s5-A-GA,P1588,P1104,4,6,P1104,games-tally
2011-s5-A-GA-4-5,2011-s5,A,2011-s5-A-GA,P1631,P0726,4,6,P0726,games-tally
2011-s5-A-GA-4-6,2011-s5,A,2011-s5-A-GA,P1631,P1104,4,6,P1104,games-tally
2011-s5-A-GB-0-1,2011-s5,A,2011-s5-A-GB,P1441,P1434,3,7,P1434,games-tally
2011-s5-A-GB-0-2,2011-s5,A,2011-s5-A-GB,P1441,P1425,3,7,P1425,games-tally
2011-s5-A-GB-0-3,2011-s5,A,2011-s5-A-GB,P1441,P0951,7,3,P1441,games-tally
2011-s5-A-GB-0-4,2011-s5,A,2011-s5-A-GB,P1441,P0728,6,4,P1441,games-tally
2011-s5-A-GB-0-5,2011-s5,A,2011-s5-A-GB,P1441,P1189,6,4,P1441,games-tally
2011-s5-A-GB-0-6,2011-s5,A,2011-s5-A-GB,P1441,P1632,6,4,P1441,games-tally
2011-s5-A-GB-1-2,2011-s5,A,2011-s5-A-GB,P1434,P1425,6,4,P1434,games-tally
2011-s5-A-GB-1-3,2011-s5,A,2011-s5-A-GB,P1434,P0951,5,5,,games-tally
2011-s5-A-GB-1-4,2011-s5,A,2011-s5-A-GB,P1434,P0728,6,4,P1434,games-tally
2011-s5-A-GB-1-5,2011-s5,A,2011-s5-A-GB,P1434,P1189,7,3,P1434,games-tally
2011-s5-A-GB-1-6,2011-s5,A,2011-s5-A-GB,P1434,P1632,7,3,P1434,games-tally
2011-s5-A-GB-2-3,2011-s5,A,2011-s5-A-GB,P1425,P0951,6,4,P1425,games-tally
2011-s5-A-GB-2-4,2011-s5,A,2011-s5-A-GB,P1425,P0728,3,7,P0728,games-tally
2011-s5-A-GB-2-5,2011-s5,A,2011-s5-A-GB,P1425,P1189,4,6,P1189,games-tally
2011-s5-A-GB-2-6,2011-s5,A,2011-s5-A-GB,P1425,P1632,8,2,P1425,games-tally
2011-s5-A-GB-3-4,2011-s5,A,2011-s5-A-GB,P0951,P0728,7,3,P0951,games-tally
2011-s5-A-GB-3-5,2011-s5,A,2011-s5-A-GB,P0951,P1189,4,6,P1189,games-tally
2011-s5-A-GB-3-6,2011-s5,A,2011-s5-A-GB,P0951,P1632,9,1,P0951,games-tally
2011-s5-A-GB-4-5,2011-s5,A,2011-s5-A-GB,P0728,P1189,4,6,P1189,games-tally
2011-s5-A-GB-5-6,2011-s5,A,2011-s5-A-GB,P1189,P1632,9,1,P1189,games-tally
2011-s5-A-GC-0-1,2011-s5,A,2011-s5-A-GC,P1585,P0584,7,3,P1585,games-tally
2011-s5-A-GC-0-2,2011-s5,A,2011-s5-A-GC,P1585,P1063,6,4,P1585,games-tally
2011-s5-A-GC-0-3,2011-s5,A,2011-s5-A-GC,P1585,P0073,8,2,P1585,games-tally
2011-s5-A-GC-0-5,2011-s5,A,2011-s5-A-GC,P1585,P1679,8,2,P1585,games-tally
2011-s5-A-GC-1-2,2011-s5,A,2011-s5-A-GC,P0584,P1063,7,3,P0584,games-tally
2011-s5-A-GC-1-3,2011-s5,A,2011-s5-A-GC,P0584,P0073,7,3,P0584,games-tally
2011-s5-A-GC-1-4,2011-s5,A,2011-s5-A-GC,P0584,P1435,9,1,P0584,games-tally
2011-s5-A-GC-1-5,2011-s5,A,2011-s5-A-GC,P0584,P1679,8,2,P0584,games-tally
2011-s5-A-GC-1-6,2011-s5,A,2011-s5-A-GC,P0584,P1618,7,3,P0584,games-tally
2011-s5-A-GC-2-3,2011-s5,A,2011-s5-A-GC,P1063,P0073,0,10,P0073,games-tally
2011-s5-A-GC-2-5,2011-s5,A,2011-s5-A-GC,P1063,P1679,5,5,,games-tally
2011-s5-A-GC-3-4,2011-s5,A,2011-s5-A-GC,P0073,P1435,7,3,P0073,games-tally
2011-s5-A-GC-3-5,2011-s5,A,2011-s5-A-GC,P0073,P1679,4,6,P1679,games-tally
2011-s5-A-GC-3-6,2011-s5,A,2011-s5-A-GC,P0073,P1618,8,2,P0073,games-tally
2011-s5-A-GC-4-5,2011-s5,A,2011-s5-A-GC,P1435,P1679,0,10,P1679,games-tally
2011-s5-A-GC-4-6,2011-s5,A,2011-s5-A-GC,P1435,P1618,6,4,P1435,games-tally
2011-s5-A-GC-5-6,2011-s5,A,2011-s5-A-GC,P1679,P1618,10,0,P1679,games-tally
2011-s5-A-GD-0-1,2011-s5,A,2011-s5-A-GD,P1262,P1158,4,6,P1158,games-tally
2011-s5-A-GD-0-2,2011-s5,A,2011-s5-A-GD,P1262,P1719,4,6,P1719,games-tally
2011-s5-A-GD-0-3,2011-s5,A,2011-s5-A-GD,P1262,P1096,0,10,P1096,games-tally
2011-s5-A-GD-0-4,2011-s5,A,2011-s5-A-GD,P1262,P1701,6,4,P1262,games-tally
2011-s5-A-GD-0-5,2011-s5,A,2011-s5-A-GD,P1262,P1627,6,4,P1262,games-tally
2011-s5-A-GD-1-2,2011-s5,A,2011-s5-A-GD,P1158,P1719,4,6,P1719,games-tally
2011-s5-A-GD-1-3,2011-s5,A,2011-s5-A-GD,P1158,P1096,8,2,P1158,games-tally
2011-s5-A-GD-1-4,2011-s5,A,2011-s5-A-GD,P1158,P1701,3,7,P1701,games-tally
2011-s5-A-GD-1-5,2011-s5,A,2011-s5-A-GD,P1158,P1627,6,4,P1158,games-tally
2011-s5-A-GD-1-6,2011-s5,A,2011-s5-A-GD,P1158,P0076,3,7,P0076,games-tally
2011-s5-A-GD-2-3,2011-s5,A,2011-s5-A-GD,P1719,P1096,6,4,P1719,games-tally
2011-s5-A-GD-2-4,2011-s5,A,2011-s5-A-GD,P1719,P1701,4,6,P1701,games-tally
2011-s5-A-GD-2-5,2011-s5,A,2011-s5-A-GD,P1719,P1627,4,6,P1627,games-tally
2011-s5-A-GD-2-6,2011-s5,A,2011-s5-A-GD,P1719,P0076,7,3,P1719,games-tally
2011-s5-A-GD-3-4,2011-s5,A,2011-s5-A-GD,P1096,P1701,5,5,,games-tally
2011-s5-A-GD-3-5,2011-s5,A,2011-s5-A-GD,P1096,P1627,9,1,P1096,games-tally
2011-s5-A-GD-3-6,2011-s5,A,2011-s5-A-GD,P1096,P0076,6,4,P1096,games-tally
2011-s5-A-GD-4-5,2011-s5,A,2011-s5-A-GD,P1701,P1627,6,4,P1701,games-tally
2011-s5-A-GD-4-6,2011-s5,A,2011-s5-A-GD,P1701,P0076,6,4,P1701,games-tally
2011-s5-A-GE-0-1,2011-s5,A,2011-s5-A-GE,P1404,P1300,0,10,P1300,games-tally
2011-s5-A-GE-0-2,2011-s5,A,2011-s5-A-GE,P1404,P1380,0,10,P1380,games-tally
2011-s5-A-GE-0-3,2011-s5,A,2011-s5-A-GE,P1404,P0873,0,10,P0873,games-tally
2011-s5-A-GE-0-4,2011-s5,A,2011-s5-A-GE,P1404,P1689,0,10,P1689,games-tally
2011-s5-A-GE-0-5,2011-s5,A,2011-s5-A-GE,P1404,P1399,4,6,P1399,games-tally
2011-s5-A-GE-0-6,2011-s5,A,2011-s5-A-GE,P1404,P1497,0,10,P1497,games-tally
2011-s5-A-GE-1-2,2011-s5,A,2011-s5-A-GE,P1300,P1380,8,2,P1300,games-tally
2011-s5-A-GE-1-3,2011-s5,A,2011-s5-A-GE,P1300,P0873,6,4,P1300,games-tally
2011-s5-A-GE-1-4,2011-s5,A,2011-s5-A-GE,P1300,P1689,4,6,P1689,games-tally
2011-s5-A-GE-1-5,2011-s5,A,2011-s5-A-GE,P1300,P1399,8,2,P1300,games-tally
2011-s5-A-GE-1-6,2011-s5,A,2011-s5-A-GE,P1300,P1497,5,5,,games-tally
2011-s5-A-GE-2-3,2011-s5,A,2011-s5-A-GE,P1380,P0873,4,6,P0873,games-tally
2011-s5-A-GE-2-4,2011-s5,A,2011-s5-A-GE,P1380,P1689,3,7,P1689,games-tally
2011-s5-A-GE-2-5,2011-s5,A,2011-s5-A-GE,P1380,P1399,7,3,P1380,games-tally
2011-s5-A-GE-2-6,2011-s5,A,2011-s5-A-GE,P1380,P1497,8,2,P1380,games-tally
2011-s5-A-GE-3-4,2011-s5,A,2011-s5-A-GE,P0873,P1689,3,7,P1689,games-tally
2011-s5-A-GE-3-5,2011-s5,A,2011-s5-A-GE,P0873,P1399,6,4,P0873,games-tally
2011-s5-A-GE-3-6,2011-s5,A,2011-s5-A-GE,P0873,P1497,6,4,P0873,games-tally
2011-s5-A-GE-4-5,2011-s5,A,2011-s5-A-GE,P1689,P1399,6,4,P1689,games-tally
2011-s5-A-GE-5-6,2011-s5,A,2011-s5-A-GE,P1399,P1497,8,2,P1399,games-tally
2011-s5-A-GF-0-1,2011-s5,A,2011-s5-A-GF,P1578,P0907,7,3,P1578,games-tally
2011-s5-A-GF-0-2,2011-s5,A,2011-s5-A-GF,P1578,P1569,4,6,P1569,games-tally
2011-s5-A-GF-0-3,2011-s5,A,2011-s5-A-GF,P1578,P1075,2,8,P1075,games-tally
2011-s5-A-GF-0-4,2011-s5,A,2011-s5-A-GF,P1578,P1595,6,4,P1578,games-tally
2011-s5-A-GF-0-5,2011-s5,A,2011-s5-A-GF,P1578,P0010,6,4,P1578,games-tally
2011-s5-A-GF-0-6,2011-s5,A,2011-s5-A-GF,P1578,P0617,8,2,P1578,games-tally
2011-s5-A-GF-1-2,2011-s5,A,2011-s5-A-GF,P0907,P1569,5,5,,games-tally
2011-s5-A-GF-1-3,2011-s5,A,2011-s5-A-GF,P0907,P1075,0,10,P1075,games-tally
2011-s5-A-GF-1-4,2011-s5,A,2011-s5-A-GF,P0907,P1595,4,6,P1595,games-tally
2011-s5-A-GF-1-5,2011-s5,A,2011-s5-A-GF,P0907,P0010,3,7,P0010,games-tally
2011-s5-A-GF-1-6,2011-s5,A,2011-s5-A-GF,P0907,P0617,6,4,P0907,games-tally
2011-s5-A-GF-2-3,2011-s5,A,2011-s5-A-GF,P1569,P1075,1,9,P1075,games-tally
2011-s5-A-GF-2-4,2011-s5,A,2011-s5-A-GF,P1569,P1595,7,3,P1569,games-tally
2011-s5-A-GF-2-5,2011-s5,A,2011-s5-A-GF,P1569,P0010,5,5,,games-tally
2011-s5-A-GF-2-6,2011-s5,A,2011-s5-A-GF,P1569,P0617,10,0,P1569,games-tally
2011-s5-A-GF-3-4,2011-s5,A,2011-s5-A-GF,P1075,P1595,9,1,P1075,games-tally
2011-s5-A-GF-3-5,2011-s5,A,2011-s5-A-GF,P1075,P0010,8,2,P1075,games-tally
2011-s5-A-GF-3-6,2011-s5,A,2011-s5-A-GF,P1075,P0617,6,4,P1075,games-tally
2011-s5-A-GF-4-5,2011-s5,A,2011-s5-A-GF,P1595,P0010,0,10,P0010,games-tally
2011-s5-A-GF-5-6,2011-s5,A,2011-s5-A-GF,P0010,P0617,10,0,P0010,games-tally
2011-s5-B-GA-0-1,2011-s5,B,2011-s5-B-GA,P1586,P1647,7,3,P1586,games-tally
2011-s5-B-GA-0-2,2011-s5,B,2011-s5-B-GA,P1586,P1596,3,7,P1596,games-tally
2011-s5-B-GA-0-3,2011-s5,B,2011-s5-B-GA,P1586,P1401,6,4,P1586,games-tally
2011-s5-B-GA-0-4,2011-s5,B,2011-s5-B-GA,P1586,P0296,3,7,P0296,games-tally
2011-s5-B-GA-0-5,2011-s5,B,2011-s5-B-GA,P1586,P1671,4,6,P1671,games-tally
2011-s5-B-GA-0-6,2011-s5,B,2011-s5-B-GA,P1586,P1664,2,8,P1664,games-tally
2011-s5-B-GA-1-2,2011-s5,B,2011-s5-B-GA,P1647,P1596,4,6,P1596,games-tally
2011-s5-B-GA-1-3,2011-s5,B,2011-s5-B-GA,P1647,P1401,3,7,P1401,games-tally
2011-s5-B-GA-1-4,2011-s5,B,2011-s5-B-GA,P1647,P0296,0,10,P0296,games-tally
2011-s5-B-GA-1-5,2011-s5,B,2011-s5-B-GA,P1647,P1671,6,4,P1647,games-tally
2011-s5-B-GA-1-6,2011-s5,B,2011-s5-B-GA,P1647,P1664,3,7,P1664,games-tally
2011-s5-B-GA-2-3,2011-s5,B,2011-s5-B-GA,P1596,P1401,4,6,P1401,games-tally
2011-s5-B-GA-2-4,2011-s5,B,2011-s5-B-GA,P1596,P0296,2,8,P0296,games-tally
2011-s5-B-GA-2-5,2011-s5,B,2011-s5-B-GA,P1596,P1671,3,7,P1671,games-tally
2011-s5-B-GA-2-6,2011-s5,B,2011-s5-B-GA,P1596,P1664,4,6,P1664,games-tally
2011-s5-B-GA-3-4,2011-s5,B,2011-s5-B-GA,P1401,P0296,0,10,P0296,games-tally
2011-s5-B-GA-3-5,2011-s5,B,2011-s5-B-GA,P1401,P1671,4,6,P1671,games-tally
2011-s5-B-GA-3-6,2011-s5,B,2011-s5-B-GA,P1401,P1664,1,9,P1664,games-tally
2011-s5-B-GA-4-5,2011-s5,B,2011-s5-B-GA,P0296,P1671,5,5,,games-tally
2011-s5-B-GA-4-6,2011-s5,B,2011-s5-B-GA,P0296,P1664,6,4,P0296,games-tally
2011-s5-B-GA-5-6,2011-s5,B,2011-s5-B-GA,P1671,P1664,5,5,,games-tally
2011-s5-B-GB-0-4,2011-s5,B,2011-s5-B-GB,P1722,P1430,6,4,P1722,games-tally
2011-s5-B-GB-0-5,2011-s5,B,2011-s5-B-GB,P1722,P1536,0,10,P1536,games-tally
2011-s5-B-GB-0-6,2011-s5,B,2011-s5-B-GB,P1722,P1335,4,6,P1335,games-tally
2011-s5-B-GB-1-2,2011-s5,B,2011-s5-B-GB,P1607,P1601,4,6,P1601,games-tally
2011-s5-B-GB-1-3,2011-s5,B,2011-s5-B-GB,P1607,P1626,2,8,P1626,games-tally
2011-s5-B-GB-1-4,2011-s5,B,2011-s5-B-GB,P1607,P1430,4,6,P1430,games-tally
2011-s5-B-GB-1-5,2011-s5,B,2011-s5-B-GB,P1607,P1536,3,7,P1536,games-tally
2011-s5-B-GB-1-6,2011-s5,B,2011-s5-B-GB,P1607,P1335,3,7,P1335,games-tally
2011-s5-B-GB-2-3,2011-s5,B,2011-s5-B-GB,P1601,P1626,3,7,P1626,games-tally
2011-s5-B-GB-2-4,2011-s5,B,2011-s5-B-GB,P1601,P1430,2,8,P1430,games-tally
2011-s5-B-GB-2-5,2011-s5,B,2011-s5-B-GB,P1601,P1536,6,4,P1601,games-tally
2011-s5-B-GB-2-6,2011-s5,B,2011-s5-B-GB,P1601,P1335,1,9,P1335,games-tally
2011-s5-B-GB-3-4,2011-s5,B,2011-s5-B-GB,P1626,P1430,4,6,P1430,games-tally
2011-s5-B-GB-3-5,2011-s5,B,2011-s5-B-GB,P1626,P1536,4,6,P1536,games-tally
2011-s5-B-GB-3-6,2011-s5,B,2011-s5-B-GB,P1626,P1335,4,6,P1335,games-tally
2011-s5-B-GB-4-5,2011-s5,B,2011-s5-B-GB,P1430,P1536,6,4,P1430,games-tally
2011-s5-B-GB-4-6,2011-s5,B,2011-s5-B-GB,P1430,P1335,6,4,P1430,games-tally
2011-s5-B-GB-5-6,2011-s5,B,2011-s5-B-GB,P1536,P1335,5,5,,games-tally
2011-s5-B-GC-0-1,2011-s5,B,2011-s5-B-GC,P1010,P1539,6,4,P1010,games-tally
2011-s5-B-GC-0-2,2011-s5,B,2011-s5-B-GC,P1010,P1717,8,2,P1010,games-tally
2011-s5-B-GC-0-3,2011-s5,B,2011-s5-B-GC,P1010,P1651,4,6,P1651,games-tally
2011-s5-B-GC-0-4,2011-s5,B,2011-s5-B-GC,P1010,P1313,6,4,P1010,games-tally
2011-s5-B-GC-0-5,2011-s5,B,2011-s5-B-GC,P1010,P1587,0,10,P1587,games-tally
2011-s5-B-GC-0-6,2011-s5,B,2011-s5-B-GC,P1010,P1646,8,2,P1010,games-tally
2011-s5-B-GC-1-2,2011-s5,B,2011-s5-B-GC,P1539,P1717,6,4,P1539,games-tally
2011-s5-B-GC-1-3,2011-s5,B,2011-s5-B-GC,P1539,P1651,3,7,P1651,games-tally
2011-s5-B-GC-1-4,2011-s5,B,2011-s5-B-GC,P1539,P1313,6,4,P1539,games-tally
2011-s5-B-GC-1-5,2011-s5,B,2011-s5-B-GC,P1539,P1587,4,6,P1587,games-tally
2011-s5-B-GC-2-3,2011-s5,B,2011-s5-B-GC,P1717,P1651,2,8,P1651,games-tally
2011-s5-B-GC-2-4,2011-s5,B,2011-s5-B-GC,P1717,P1313,6,4,P1717,games-tally
2011-s5-B-GC-2-5,2011-s5,B,2011-s5-B-GC,P1717,P1587,1,9,P1587,games-tally
2011-s5-B-GC-3-4,2011-s5,B,2011-s5-B-GC,P1651,P1313,6,4,P1651,games-tally
2011-s5-B-GC-3-5,2011-s5,B,2011-s5-B-GC,P1651,P1587,4,6,P1587,games-tally
2011-s5-B-GC-3-6,2011-s5,B,2011-s5-B-GC,P1651,P1646,10,0,P1651,games-tally
2011-s5-B-GC-4-6,2011-s5,B,2011-s5-B-GC,P1313,P1646,7,3,P1313,games-tally
2011-s5-B-GC-5-6,2011-s5,B,2011-s5-B-GC,P1587,P1646,10,0,P1587,games-tally
2011-s5-B-GD-0-1,2011-s5,B,2011-s5-B-GD,P1698,P1711,4,6,P1711,games-tally
2011-s5-B-GD-0-2,2011-s5,B,2011-s5-B-GD,P1698,P1590,2,8,P1590,games-tally
2011-s5-B-GD-0-3,2011-s5,B,2011-s5-B-GD,P1698,P1684,6,4,P1698,games-tally
2011-s5-B-GD-0-4,2011-s5,B,2011-s5-B-GD,P1698,P1570,9,1,P1698,games-tally
2011-s5-B-GD-0-5,2011-s5,B,2011-s5-B-GD,P1698,P1611,6,4,P1698,games-tally
2011-s5-B-GD-0-6,2011-s5,B,2011-s5-B-GD,P1698,P1591,3,7,P1591,games-tally
2011-s5-B-GD-1-2,2011-s5,B,2011-s5-B-GD,P1711,P1590,3,7,P1590,games-tally
2011-s5-B-GD-1-3,2011-s5,B,2011-s5-B-GD,P1711,P1684,5,5,,games-tally
2011-s5-B-GD-1-4,2011-s5,B,2011-s5-B-GD,P1711,P1570,3,7,P1570,games-tally
2011-s5-B-GD-1-5,2011-s5,B,2011-s5-B-GD,P1711,P1611,0,10,P1611,games-tally
2011-s5-B-GD-1-6,2011-s5,B,2011-s5-B-GD,P1711,P1591,4,6,P1591,games-tally
2011-s5-B-GD-2-3,2011-s5,B,2011-s5-B-GD,P1590,P1684,2,8,P1684,games-tally
2011-s5-B-GD-2-4,2011-s5,B,2011-s5-B-GD,P1590,P1570,6,4,P1590,games-tally
2011-s5-B-GD-2-5,2011-s5,B,2011-s5-B-GD,P1590,P1611,4,6,P1611,games-tally
2011-s5-B-GD-2-6,2011-s5,B,2011-s5-B-GD,P1590,P1591,3,7,P1591,games-tally
2011-s5-B-GD-3-4,2011-s5,B,2011-s5-B-GD,P1684,P1570,4,6,P1570,games-tally
2011-s5-B-GD-3-5,2011-s5,B,2011-s5-B-GD,P1684,P1611,4,6,P1611,games-tally
2011-s5-B-GD-3-6,2011-s5,B,2011-s5-B-GD,P1684,P1591,3,7,P1591,games-tally
2011-s5-B-GD-4-5,2011-s5,B,2011-s5-B-GD,P1570,P1611,6,4,P1570,games-tally
2011-s5-B-GD-4-6,2011-s5,B,2011-s5-B-GD,P1570,P1591,4,6,P1591,games-tally
2011-s5-B-GD-5-6,2011-s5,B,2011-s5-B-GD,P1611,P1591,4,6,P1591,games-tally
2011-s5-B-GE-0-1,2011-s5,B,2011-s5-B-GE,P1138,P1381,9,1,P1138,games-tally
2011-s5-B-GE-0-2,2011-s5,B,2011-s5-B-GE,P1138,P1463,6,4,P1138,games-tally
2011-s5-B-GE-0-3,2011-s5,B,2011-s5-B-GE,P1138,P1531,6,4,P1138,games-tally
2011-s5-B-GE-0-4,2011-s5,B,2011-s5-B-GE,P1138,P1675,9,1,P1138,games-tally
2011-s5-B-GE-0-5,2011-s5,B,2011-s5-B-GE,P1138,P1687,6,4,P1138,games-tally
2011-s5-B-GE-0-6,2011-s5,B,2011-s5-B-GE,P1138,P1662,7,3,P1138,games-tally
2011-s5-B-GE-1-2,2011-s5,B,2011-s5-B-GE,P1381,P1463,6,4,P1381,games-tally
2011-s5-B-GE-1-3,2011-s5,B,2011-s5-B-GE,P1381,P1531,0,10,P1531,games-tally
2011-s5-B-GE-1-4,2011-s5,B,2011-s5-B-GE,P1381,P1675,2,8,P1675,games-tally
2011-s5-B-GE-1-6,2011-s5,B,2011-s5-B-GE,P1381,P1662,5,5,,games-tally
2011-s5-B-GE-2-3,2011-s5,B,2011-s5-B-GE,P1463,P1531,0,10,P1531,games-tally
2011-s5-B-GE-2-4,2011-s5,B,2011-s5-B-GE,P1463,P1675,2,8,P1675,games-tally
2011-s5-B-GE-2-6,2011-s5,B,2011-s5-B-GE,P1463,P1662,2,8,P1662,games-tally
2011-s5-B-GE-3-4,2011-s5,B,2011-s5-B-GE,P1531,P1675,6,4,P1531,games-tally
2011-s5-B-GE-3-5,2011-s5,B,2011-s5-B-GE,P1531,P1687,3,7,P1687,games-tally
2011-s5-B-GE-3-6,2011-s5,B,2011-s5-B-GE,P1531,P1662,8,2,P1531,games-tally
2011-s5-B-GE-4-5,2011-s5,B,2011-s5-B-GE,P1675,P1687,4,6,P1687,games-tally
2011-s5-B-GE-4-6,2011-s5,B,2011-s5-B-GE,P1675,P1662,8,2,P1675,games-tally
2011-s5-B-GE-5-6,2011-s5,B,2011-s5-B-GE,P1687,P1662,4,6,P1662,games-tally
2011-s5-B-GF-0-1,2011-s5,B,2011-s5-B-GF,P0024,P1573,5,5,,games-tally
2011-s5-B-GF-0-2,2011-s5,B,2011-s5-B-GF,P0024,P1572,8,2,P0024,games-tally
2011-s5-B-GF-0-3,2011-s5,B,2011-s5-B-GF,P0024,P1516,4,6,P1516,games-tally
2011-s5-B-GF-0-4,2011-s5,B,2011-s5-B-GF,P0024,P1612,6,4,P0024,games-tally
2011-s5-B-GF-0-5,2011-s5,B,2011-s5-B-GF,P0024,P1439,4,6,P1439,games-tally
2011-s5-B-GF-0-6,2011-s5,B,2011-s5-B-GF,P0024,P1097,5,5,,games-tally
2011-s5-B-GF-1-2,2011-s5,B,2011-s5-B-GF,P1573,P1572,1,9,P1572,games-tally
2011-s5-B-GF-1-3,2011-s5,B,2011-s5-B-GF,P1573,P1516,4,7,P1516,games-tally
2011-s5-B-GF-1-4,2011-s5,B,2011-s5-B-GF,P1573,P1612,7,3,P1573,games-tally
2011-s5-B-GF-1-5,2011-s5,B,2011-s5-B-GF,P1573,P1439,2,8,P1439,games-tally
2011-s5-B-GF-1-6,2011-s5,B,2011-s5-B-GF,P1573,P1097,2,8,P1097,games-tally
2011-s5-B-GF-2-3,2011-s5,B,2011-s5-B-GF,P1572,P1516,3,6,P1516,games-tally
2011-s5-B-GF-2-4,2011-s5,B,2011-s5-B-GF,P1572,P1612,7,3,P1572,games-tally
2011-s5-B-GF-2-5,2011-s5,B,2011-s5-B-GF,P1572,P1439,8,2,P1572,games-tally
2011-s5-B-GF-2-6,2011-s5,B,2011-s5-B-GF,P1572,P1097,6,4,P1572,games-tally
2011-s5-B-GF-3-4,2011-s5,B,2011-s5-B-GF,P1516,P1612,6,4,P1516,games-tally
2011-s5-B-GF-3-5,2011-s5,B,2011-s5-B-GF,P1516,P1439,5,5,,games-tally
2011-s5-B-GF-4-5,2011-s5,B,2011-s5-B-GF,P1612,P1439,3,7,P1439,games-tally
2011-s5-B-GF-4-6,2011-s5,B,2011-s5-B-GF,P1612,P1097,4,6,P1097,games-tally
2012-s1-A-GA-0-1,2012-s1,A,2012-s1-A-GA,P1588,P1802,6,4,P1588,set-scores
2012-s1-A-GA-0-2,2012-s1,A,2012-s1-A-GA,P1588,P1801,1,9,P1801,set-scores
2012-s1-A-GA-0-3,2012-s1,A,2012-s1-A-GA,P1588,P1761,7,3,P1588,set-scores
2012-s1-A-GA-0-4,2012-s1,A,2012-s1-A-GA,P1588,P1103,4,6,P1103,set-scores
2012-s1-A-GA-0-5,2012-s1,A,2012-s1-A-GA,P1588,P1419,4,6,P1419,set-scores
2012-s1-A-GA-0-6,2012-s1,A,2012-s1-A-GA,P1588,P1846,5,5,,set-scores
2012-s1-A-GA-1-2,2012-s1,A,2012-s1-A-GA,P1802,P1801,6,4,P1802,set-scores
2012-s1-A-GA-1-3,2012-s1,A,2012-s1-A-GA,P1802,P1761,3,7,P1761,set-scores
2012-s1-A-GA-1-4,2012-s1,A,2012-s1-A-GA,P1802,P1103,5,5,,set-scores
2012-s1-A-GA-1-5,2012-s1,A,2012-s1-A-GA,P1802,P1419,4,6,P1419,set-scores
2012-s1-A-GA-1-6,2012-s1,A,2012-s1-A-GA,P1802,P1846,6,4,P1802,set-scores
2012-s1-A-GA-2-3,2012-s1,A,2012-s1-A-GA,P1801,P1761,6,4,P1801,set-scores
2012-s1-A-GA-2-4,2012-s1,A,2012-s1-A-GA,P1801,P1103,8,2,P1801,set-scores
2012-s1-A-GA-2-5,2012-s1,A,2012-s1-A-GA,P1801,P1419,3,7,P1419,set-scores
2012-s1-A-GA-2-6,2012-s1,A,2012-s1-A-GA,P1801,P1846,9,1,P1801,set-scores
2012-s1-A-GA-3-4,2012-s1,A,2012-s1-A-GA,P1761,P1103,5,5,,set-scores
2012-s1-A-GA-3-5,2012-s1,A,2012-s1-A-GA,P1761,P1419,4,6,P1419,set-scores
2012-s1-A-GA-4-5,2012-s1,A,2012-s1-A-GA,P1103,P1419,7,3,P1103,set-scores
2012-s1-A-GA-4-6,2012-s1,A,2012-s1-A-GA,P1103,P1846,5,5,,set-scores
2012-s1-A-GB-0-1,2012-s1,A,2012-s1-A-GB,P1585,P1578,6,4,P1585,set-scores
2012-s1-A-GB-0-2,2012-s1,A,2012-s1-A-GB,P1585,P1063,7,3,P1585,set-scores
2012-s1-A-GB-0-3,2012-s1,A,2012-s1-A-GB,P1585,P1825,7,3,P1585,set-scores
2012-s1-A-GB-0-4,2012-s1,A,2012-s1-A-GB,P1585,P1425,10,0,P1585,set-scores
2012-s1-A-GB-0-5,2012-s1,A,2012-s1-A-GB,P1585,P1817,6,4,P1585,set-scores
2012-s1-A-GB-0-6,2012-s1,A,2012-s1-A-GB,P1585,P1627,6,4,P1585,set-scores
2012-s1-A-GB-1-2,2012-s1,A,2012-s1-A-GB,P1578,P1063,6,4,P1578,set-scores
2012-s1-A-GB-1-3,2012-s1,A,2012-s1-A-GB,P1578,P1825,6,4,P1578,set-scores
2012-s1-A-GB-1-4,2012-s1,A,2012-s1-A-GB,P1578,P1425,10,0,P1578,set-scores
2012-s1-A-GB-1-5,2012-s1,A,2012-s1-A-GB,P1578,P1817,3,7,P1817,set-scores
2012-s1-A-GB-1-6,2012-s1,A,2012-s1-A-GB,P1578,P1627,6,4,P1578,set-scores
2012-s1-A-GB-2-6,2012-s1,A,2012-s1-A-GB,P1063,P1627,4,6,P1627,set-scores
2012-s1-A-GB-3-4,2012-s1,A,2012-s1-A-GB,P1825,P1425,4,6,P1425,set-scores
2012-s1-A-GB-3-5,2012-s1,A,2012-s1-A-GB,P1825,P1817,7,3,P1825,set-scores
2012-s1-A-GB-3-6,2012-s1,A,2012-s1-A-GB,P1825,P1627,3,7,P1627,set-scores
2012-s1-A-GB-4-5,2012-s1,A,2012-s1-A-GB,P1425,P1817,7,3,P1425,set-scores
2012-s1-A-GB-4-6,2012-s1,A,2012-s1-A-GB,P1425,P1627,3,7,P1627,set-scores
2012-s1-A-GB-5-6,2012-s1,A,2012-s1-A-GB,P1817,P1627,4,6,P1627,set-scores
2012-s1-A-GD-0-1,2012-s1,A,2012-s1-A-GD,P0969,P0182,8,2,P0969,set-scores
2012-s1-A-GD-0-2,2012-s1,A,2012-s1-A-GD,P0969,P1822,9,1,P0969,set-scores
2012-s1-A-GD-0-3,2012-s1,A,2012-s1-A-GD,P0969,P1852,4,6,P1852,set-scores
2012-s1-A-GD-0-4,2012-s1,A,2012-s1-A-GD,P0969,P1771,7,3,P0969,set-scores
2012-s1-A-GD-0-5,2012-s1,A,2012-s1-A-GD,P0969,P1398,5,5,,set-scores
2012-s1-A-GD-0-6,2012-s1,A,2012-s1-A-GD,P0969,P1739,9,1,P0969,set-scores
2012-s1-A-GD-1-2,2012-s1,A,2012-s1-A-GD,P0182,P1822,5,5,,set-scores
2012-s1-A-GD-1-3,2012-s1,A,2012-s1-A-GD,P0182,P1852,8,2,P0182,set-scores
2012-s1-A-GD-1-4,2012-s1,A,2012-s1-A-GD,P0182,P1771,5,5,,set-scores
2012-s1-A-GD-1-5,2012-s1,A,2012-s1-A-GD,P0182,P1398,4,6,P1398,set-scores
2012-s1-A-GD-1-6,2012-s1,A,2012-s1-A-GD,P0182,P1739,6,4,P0182,set-scores
2012-s1-A-GD-2-6,2012-s1,A,2012-s1-A-GD,P1822,P1739,1,9,P1739,set-scores
2012-s1-A-GD-3-4,2012-s1,A,2012-s1-A-GD,P1852,P1771,6,4,P1852,set-scores
2012-s1-A-GD-3-5,2012-s1,A,2012-s1-A-GD,P1852,P1398,9,1,P1852,set-scores
2012-s1-A-GD-3-6,2012-s1,A,2012-s1-A-GD,P1852,P1739,9,1,P1852,set-scores
2012-s1-A-GD-4-5,2012-s1,A,2012-s1-A-GD,P1771,P1398,6,4,P1771,set-scores
2012-s1-A-GD-4-6,2012-s1,A,2012-s1-A-GD,P1771,P1739,1,9,P1739,set-scores
2012-s1-A-GD-5-6,2012-s1,A,2012-s1-A-GD,P1398,P1739,8,2,P1398,set-scores
2012-s1-A-GE-0-1,2012-s1,A,2012-s1-A-GE,P0709,P1839,4,6,P1839,set-scores
2012-s1-A-GE-0-2,2012-s1,A,2012-s1-A-GE,P0709,P1732,4,6,P1732,set-scores
2012-s1-A-GE-0-4,2012-s1,A,2012-s1-A-GE,P0709,P1765,0,10,P1765,set-scores
2012-s1-A-GE-0-6,2012-s1,A,2012-s1-A-GE,P0709,P0248,8,2,P0709,set-scores
2012-s1-A-GE-1-2,2012-s1,A,2012-s1-A-GE,P1839,P1732,7,3,P1839,set-scores
2012-s1-A-GE-1-3,2012-s1,A,2012-s1-A-GE,P1839,P1270,6,4,P1839,set-scores
2012-s1-A-GE-1-4,2012-s1,A,2012-s1-A-GE,P1839,P1765,2,8,P1765,set-scores
2012-s1-A-GE-2-3,2012-s1,A,2012-s1-A-GE,P1732,P1270,8,2,P1732,set-scores
2012-s1-A-GE-2-4,2012-s1,A,2012-s1-A-GE,P1732,P1765,7,3,P1732,set-scores
2012-s1-A-GE-2-5,2012-s1,A,2012-s1-A-GE,P1732,P1815,6,4,P1732,set-scores
2012-s1-A-GE-3-4,2012-s1,A,2012-s1-A-GE,P1270,P1765,8,2,P1270,set-scores
2012-s1-A-GE-4-5,2012-s1,A,2012-s1-A-GE,P1765,P1815,5,5,,set-scores
2012-s1-A-GE-4-6,2012-s1,A,2012-s1-A-GE,P1765,P0248,5,5,,set-scores
2012-s1-A-GE-5-6,2012-s1,A,2012-s1-A-GE,P1815,P0248,6,4,P1815,set-scores
2012-s1-A-GF-0-1,2012-s1,A,2012-s1-A-GF,P1830,P1740,4,6,P1740,set-scores
2012-s1-A-GF-0-2,2012-s1,A,2012-s1-A-GF,P1830,P0223,7,3,P1830,set-scores
2012-s1-A-GF-0-3,2012-s1,A,2012-s1-A-GF,P1830,P1096,5,5,,set-scores
2012-s1-A-GF-0-4,2012-s1,A,2012-s1-A-GF,P1830,P1757,4,6,P1757,set-scores
2012-s1-A-GF-0-5,2012-s1,A,2012-s1-A-GF,P1830,P1835,4,6,P1835,set-scores
2012-s1-A-GF-0-6,2012-s1,A,2012-s1-A-GF,P1830,P1775,6,4,P1830,set-scores
2012-s1-A-GF-1-2,2012-s1,A,2012-s1-A-GF,P1740,P0223,7,3,P1740,set-scores
2012-s1-A-GF-1-3,2012-s1,A,2012-s1-A-GF,P1740,P1096,0,10,P1096,set-scores
2012-s1-A-GF-1-4,2012-s1,A,2012-s1-A-GF,P1740,P1757,6,4,P1740,set-scores
2012-s1-A-GF-1-5,2012-s1,A,2012-s1-A-GF,P1740,P1835,4,6,P1835,set-scores
2012-s1-A-GF-1-6,2012-s1,A,2012-s1-A-GF,P1740,P1775,1,9,P1775,set-scores
2012-s1-A-GF-2-3,2012-s1,A,2012-s1-A-GF,P0223,P1096,4,6,P1096,set-scores
2012-s1-A-GF-2-4,2012-s1,A,2012-s1-A-GF,P0223,P1757,4,6,P1757,set-scores
2012-s1-A-GF-2-5,2012-s1,A,2012-s1-A-GF,P0223,P1835,7,3,P0223,set-scores
2012-s1-A-GF-2-6,2012-s1,A,2012-s1-A-GF,P0223,P1775,7,3,P0223,set-scores
2012-s1-A-GF-3-4,2012-s1,A,2012-s1-A-GF,P1096,P1757,6,4,P1096,set-scores
2012-s1-A-GF-3-5,2012-s1,A,2012-s1-A-GF,P1096,P1835,4,6,P1835,set-scores
2012-s1-A-GF-3-6,2012-s1,A,2012-s1-A-GF,P1096,P1775,5,5,,set-scores
2012-s1-A-GF-4-5,2012-s1,A,2012-s1-A-GF,P1757,P1835,6,4,P1757,set-scores
2012-s1-A-GF-4-6,2012-s1,A,2012-s1-A-GF,P1757,P1775,6,4,P1757,set-scores
2012-s1-A-GF-5-6,2012-s1,A,2012-s1-A-GF,P1835,P1775,7,3,P1835,set-scores
2012-s1-B-GA-0-1,2012-s1,B,2012-s1-B-GA,P1735,P1823,6,4,P1735,set-scores
2012-s1-B-GA-0-2,2012-s1,B,2012-s1-B-GA,P1735,P1778,4,6,P1778,set-scores
2012-s1-B-GA-0-3,2012-s1,B,2012-s1-B-GA,P1735,P1803,6,4,P1735,set-scores
2012-s1-B-GA-0-4,2012-s1,B,2012-s1-B-GA,P1735,P1807,6,4,P1735,set-scores
2012-s1-B-GA-0-5,2012-s1,B,2012-s1-B-GA,P1735,P1762,6,4,P1735,set-scores
2012-s1-B-GA-0-6,2012-s1,B,2012-s1-B-GA,P1735,P1754,2,8,P1754,set-scores
2012-s1-B-GA-1-2,2012-s1,B,2012-s1-B-GA,P1823,P1778,3,7,P1778,set-scores
2012-s1-B-GA-1-4,2012-s1,B,2012-s1-B-GA,P1823,P1807,6,4,P1823,set-scores
2012-s1-B-GA-1-5,2012-s1,B,2012-s1-B-GA,P1823,P1762,6,4,P1823,set-scores
2012-s1-B-GA-1-6,2012-s1,B,2012-s1-B-GA,P1823,P1754,4,6,P1754,set-scores
2012-s1-B-GA-2-4,2012-s1,B,2012-s1-B-GA,P1778,P1807,9,1,P1778,set-scores
2012-s1-B-GA-2-5,2012-s1,B,2012-s1-B-GA,P1778,P1762,4,6,P1762,set-scores
2012-s1-B-GA-2-6,2012-s1,B,2012-s1-B-GA,P1778,P1754,6,4,P1778,set-scores
2012-s1-B-GA-4-5,2012-s1,B,2012-s1-B-GA,P1807,P1762,9,1,P1807,set-scores
2012-s1-B-GA-4-6,2012-s1,B,2012-s1-B-GA,P1807,P1754,3,7,P1754,set-scores
2012-s1-B-GB-0-1,2012-s1,B,2012-s1-B-GB,P1810,P1586,10,0,P1810,set-scores
2012-s1-B-GB-0-2,2012-s1,B,2012-s1-B-GB,P1810,P1439,9,1,P1810,set-scores
2012-s1-B-GB-0-3,2012-s1,B,2012-s1-B-GB,P1810,P1733,4,6,P1733,set-scores
2012-s1-B-GB-0-4,2012-s1,B,2012-s1-B-GB,P1810,P1604,3,7,P1604,set-scores
2012-s1-B-GB-0-5,2012-s1,B,2012-s1-B-GB,P1810,P1430,6,4,P1810,set-scores
2012-s1-B-GB-0-6,2012-s1,B,2012-s1-B-GB,P1810,P1756,7,3,P1810,set-scores
2012-s1-B-GB-1-2,2012-s1,B,2012-s1-B-GB,P1586,P1439,3,7,P1439,set-scores
2012-s1-B-GB-1-3,2012-s1,B,2012-s1-B-GB,P1586,P1733,4,6,P1733,set-scores
2012-s1-B-GB-1-4,2012-s1,B,2012-s1-B-GB,P1586,P1604,2,8,P1604,set-scores
2012-s1-B-GB-2-3,2012-s1,B,2012-s1-B-GB,P1439,P1733,2,8,P1733,set-scores
2012-s1-B-GB-2-4,2012-s1,B,2012-s1-B-GB,P1439,P1604,2,8,P1604,set-scores
2012-s1-B-GB-2-5,2012-s1,B,2012-s1-B-GB,P1439,P1430,6,4,P1439,set-scores
2012-s1-B-GB-2-6,2012-s1,B,2012-s1-B-GB,P1439,P1756,6,4,P1439,set-scores
2012-s1-B-GB-3-5,2012-s1,B,2012-s1-B-GB,P1733,P1430,6,4,P1733,set-scores
2012-s1-B-GB-3-6,2012-s1,B,2012-s1-B-GB,P1733,P1756,6,4,P1733,set-scores
2012-s1-B-GB-4-5,2012-s1,B,2012-s1-B-GB,P1604,P1430,10,0,P1604,set-scores
2012-s1-B-GB-4-6,2012-s1,B,2012-s1-B-GB,P1604,P1756,8,2,P1604,set-scores
2012-s1-B-GC-0-1,2012-s1,B,2012-s1-B-GC,P1717,P1767,6,4,P1717,set-scores
2012-s1-B-GC-0-2,2012-s1,B,2012-s1-B-GC,P1717,P1664,6,4,P1717,set-scores
2012-s1-B-GC-0-3,2012-s1,B,2012-s1-B-GC,P1717,P1838,2,8,P1838,set-scores
2012-s1-B-GC-0-4,2012-s1,B,2012-s1-B-GC,P1717,P1394,2,8,P1394,set-scores
2012-s1-B-GC-0-5,2012-s1,B,2012-s1-B-GC,P1717,P1764,6,4,P1717,set-scores
2012-s1-B-GC-0-6,2012-s1,B,2012-s1-B-GC,P1717,P1200,3,7,P1200,set-scores
2012-s1-B-GC-1-2,2012-s1,B,2012-s1-B-GC,P1767,P1664,5,5,,set-scores
2012-s1-B-GC-1-3,2012-s1,B,2012-s1-B-GC,P1767,P1838,6,4,P1767,set-scores
2012-s1-B-GC-1-4,2012-s1,B,2012-s1-B-GC,P1767,P1394,6,4,P1767,set-scores
2012-s1-B-GC-1-5,2012-s1,B,2012-s1-B-GC,P1767,P1764,9,1,P1767,set-scores
2012-s1-B-GC-1-6,2012-s1,B,2012-s1-B-GC,P1767,P1200,4,6,P1200,set-scores
2012-s1-B-GC-2-3,2012-s1,B,2012-s1-B-GC,P1664,P1838,6,4,P1664,set-scores
2012-s1-B-GC-2-4,2012-s1,B,2012-s1-B-GC,P1664,P1394,4,6,P1394,set-scores
2012-s1-B-GC-2-6,2012-s1,B,2012-s1-B-GC,P1664,P1200,6,4,P1664,set-scores
2012-s1-B-GC-3-4,2012-s1,B,2012-s1-B-GC,P1838,P1394,6,4,P1838,set-scores
2012-s1-B-GC-3-5,2012-s1,B,2012-s1-B-GC,P1838,P1764,8,2,P1838,set-scores
2012-s1-B-GC-3-6,2012-s1,B,2012-s1-B-GC,P1838,P1200,6,4,P1838,set-scores
2012-s1-B-GC-4-5,2012-s1,B,2012-s1-B-GC,P1394,P1764,10,0,P1394,set-scores
2012-s1-B-GC-4-6,2012-s1,B,2012-s1-B-GC,P1394,P1200,8,2,P1394,set-scores
2012-s1-B-GC-5-6,2012-s1,B,2012-s1-B-GC,P1764,P1200,7,3,P1764,set-scores
2012-s1-B-GF-0-1,2012-s1,B,2012-s1-B-GF,P1381,P1843,6,4,P1381,set-scores
2012-s1-B-GF-0-2,2012-s1,B,2012-s1-B-GF,P1381,P1805,6,4,P1381,set-scores
2012-s1-B-GF-0-3,2012-s1,B,2012-s1-B-GF,P1381,P1848,3,7,P1848,set-scores
2012-s1-B-GF-0-4,2012-s1,B,2012-s1-B-GF,P1381,P1531,2,8,P1531,set-scores
2012-s1-B-GF-0-6,2012-s1,B,2012-s1-B-GF,P1381,P1836,6,4,P1381,set-scores
2012-s1-B-GF-1-3,2012-s1,B,2012-s1-B-GF,P1843,P1848,0,10,P1848,set-scores
2012-s1-B-GF-1-4,2012-s1,B,2012-s1-B-GF,P1843,P1531,4,6,P1531,set-scores
2012-s1-B-GF-1-6,2012-s1,B,2012-s1-B-GF,P1843,P1836,0,10,P1836,set-scores
2012-s1-B-GF-2-4,2012-s1,B,2012-s1-B-GF,P1805,P1531,2,8,P1531,set-scores
2012-s1-B-GF-2-6,2012-s1,B,2012-s1-B-GF,P1805,P1836,4,6,P1836,set-scores
2012-s1-B-GF-3-4,2012-s1,B,2012-s1-B-GF,P1848,P1531,6,4,P1848,set-scores
2012-s1-B-GF-3-6,2012-s1,B,2012-s1-B-GF,P1848,P1836,6,4,P1848,set-scores
2012-s1-B-GF-4-5,2012-s1,B,2012-s1-B-GF,P1531,P1820,5,5,,set-scores
2012-s1-B-GF-4-6,2012-s1,B,2012-s1-B-GF,P1531,P1836,4,6,P1836,set-scores
2012-s2-A-GA-0-1,2012-s2,A,2012-s2-A-GA,P1765,P1849,9,1,P1765,set-scores
2012-s2-A-GA-0-2,2012-s2,A,2012-s2-A-GA,P1765,P0772,3,7,P0772,set-scores
2012-s2-A-GA-0-3,2012-s2,A,2012-s2-A-GA,P1765,P1808,4,6,P1808,set-scores
2012-s2-A-GA-0-4,2012-s2,A,2012-s2-A-GA,P1765,P1425,5,5,,set-scores
2012-s2-A-GA-0-5,2012-s2,A,2012-s2-A-GA,P1765,P1732,5,5,,set-scores
2012-s2-A-GA-0-6,2012-s2,A,2012-s2-A-GA,P1765,P1249,4,6,P1249,set-scores
2012-s2-A-GA-2-3,2012-s2,A,2012-s2-A-GA,P0772,P1808,3,7,P1808,set-scores
2012-s2-A-GA-2-4,2012-s2,A,2012-s2-A-GA,P0772,P1425,6,4,P0772,set-scores
2012-s2-A-GA-2-5,2012-s2,A,2012-s2-A-GA,P0772,P1732,7,3,P0772,set-scores
2012-s2-A-GA-2-6,2012-s2,A,2012-s2-A-GA,P0772,P1249,6,4,P0772,set-scores
2012-s2-A-GA-3-4,2012-s2,A,2012-s2-A-GA,P1808,P1425,7,3,P1808,set-scores
2012-s2-A-GA-3-6,2012-s2,A,2012-s2-A-GA,P1808,P1249,8,2,P1808,set-scores
2012-s2-A-GA-4-5,2012-s2,A,2012-s2-A-GA,P1425,P1732,4,6,P1732,set-scores
2012-s2-A-GA-4-6,2012-s2,A,2012-s2-A-GA,P1425,P1249,4,6,P1249,set-scores
2012-s2-A-GA-5-6,2012-s2,A,2012-s2-A-GA,P1732,P1249,5,5,,set-scores
2012-s2-A-GB-0-1,2012-s2,A,2012-s2-A-GB,P1584,P1854,7,3,P1584,set-scores
2012-s2-A-GB-0-2,2012-s2,A,2012-s2-A-GB,P1584,P1771,7,3,P1584,set-scores
2012-s2-A-GB-0-3,2012-s2,A,2012-s2-A-GB,P1584,P1419,6,4,P1584,set-scores
2012-s2-A-GB-0-4,2012-s2,A,2012-s2-A-GB,P1584,P1770,1,9,P1770,set-scores
2012-s2-A-GB-0-5,2012-s2,A,2012-s2-A-GB,P1584,P1775,7,3,P1584,set-scores
2012-s2-A-GB-0-6,2012-s2,A,2012-s2-A-GB,P1584,P1096,5,5,,set-scores
2012-s2-A-GB-1-2,2012-s2,A,2012-s2-A-GB,P1854,P1771,1,9,P1771,set-scores
2012-s2-A-GB-1-3,2012-s2,A,2012-s2-A-GB,P1854,P1419,1,9,P1419,set-scores
2012-s2-A-GB-1-5,2012-s2,A,2012-s2-A-GB,P1854,P1775,6,4,P1854,set-scores
2012-s2-A-GB-1-6,2012-s2,A,2012-s2-A-GB,P1854,P1096,2,8,P1096,set-scores
2012-s2-A-GB-2-3,2012-s2,A,2012-s2-A-GB,P1771,P1419,6,4,P1771,set-scores
2012-s2-A-GB-2-4,2012-s2,A,2012-s2-A-GB,P1771,P1770,5,5,,set-scores
2012-s2-A-GB-2-5,2012-s2,A,2012-s2-A-GB,P1771,P1775,6,4,P1771,set-scores
2012-s2-A-GB-2-6,2012-s2,A,2012-s2-A-GB,P1771,P1096,4,6,P1096,set-scores
2012-s2-A-GB-3-4,2012-s2,A,2012-s2-A-GB,P1419,P1770,8,2,P1419,set-scores
2012-s2-A-GB-3-5,2012-s2,A,2012-s2-A-GB,P1419,P1775,7,3,P1419,set-scores
2012-s2-A-GB-3-6,2012-s2,A,2012-s2-A-GB,P1419,P1096,5,5,,set-scores
2012-s2-A-GB-4-5,2012-s2,A,2012-s2-A-GB,P1770,P1775,10,0,P1770,set-scores
2012-s2-A-GB-4-6,2012-s2,A,2012-s2-A-GB,P1770,P1096,6,4,P1770,set-scores
2012-s2-A-GB-5-6,2012-s2,A,2012-s2-A-GB,P1775,P1096,4,6,P1096,set-scores
2012-s2-A-GC-0-1,2012-s2,A,2012-s2-A-GC,P1251,P0064,8,2,P1251,set-scores
2012-s2-A-GC-0-2,2012-s2,A,2012-s2-A-GC,P1251,P1398,6,4,P1251,set-scores
2012-s2-A-GC-0-3,2012-s2,A,2012-s2-A-GC,P1251,P1825,6,4,P1251,set-scores
2012-s2-A-GC-0-4,2012-s2,A,2012-s2-A-GC,P1251,P1755,5,5,,set-scores
2012-s2-A-GC-0-5,2012-s2,A,2012-s2-A-GC,P1251,P1802,7,3,P1251,set-scores
2012-s2-A-GC-0-6,2012-s2,A,2012-s2-A-GC,P1251,P1830,7,3,P1251,set-scores
2012-s2-A-GC-1-2,2012-s2,A,2012-s2-A-GC,P0064,P1398,8,2,P0064,set-scores
2012-s2-A-GC-1-3,2012-s2,A,2012-s2-A-GC,P0064,P1825,8,2,P0064,set-scores
2012-s2-A-GC-1-4,2012-s2,A,2012-s2-A-GC,P0064,P1755,4,6,P1755,set-scores
2012-s2-A-GC-1-5,2012-s2,A,2012-s2-A-GC,P0064,P1802,6,4,P0064,set-scores
2012-s2-A-GC-1-6,2012-s2,A,2012-s2-A-GC,P0064,P1830,4,6,P1830,set-scores
2012-s2-A-GC-2-3,2012-s2,A,2012-s2-A-GC,P1398,P1825,6,4,P1398,set-scores
2012-s2-A-GC-2-6,2012-s2,A,2012-s2-A-GC,P1398,P1830,4,6,P1830,set-scores
2012-s2-A-GC-3-4,2012-s2,A,2012-s2-A-GC,P1825,P1755,6,4,P1825,set-scores
2012-s2-A-GC-3-5,2012-s2,A,2012-s2-A-GC,P1825,P1802,6,4,P1825,set-scores
2012-s2-A-GC-3-6,2012-s2,A,2012-s2-A-GC,P1825,P1830,2,8,P1830,set-scores
2012-s2-A-GC-4-6,2012-s2,A,2012-s2-A-GC,P1755,P1830,0,10,P1830,set-scores
2012-s2-A-GC-5-6,2012-s2,A,2012-s2-A-GC,P1802,P1830,7,3,P1802,set-scores
2012-s2-A-GD-0-1,2012-s2,A,2012-s2-A-GD,P1791,P1396,6,4,P1791,set-scores
2012-s2-A-GD-0-2,2012-s2,A,2012-s2-A-GD,P1791,P1523,6,4,P1791,set-scores
2012-s2-A-GD-0-3,2012-s2,A,2012-s2-A-GD,P1791,P0951,4,6,P0951,set-scores
2012-s2-A-GD-0-4,2012-s2,A,2012-s2-A-GD,P1791,P1757,5,5,,set-scores
2012-s2-A-GD-0-5,2012-s2,A,2012-s2-A-GD,P1791,P1821,5,5,,set-scores
2012-s2-A-GD-0-6,2012-s2,A,2012-s2-A-GD,P1791,P1801,4,6,P1801,set-scores
2012-s2-A-GD-1-2,2012-s2,A,2012-s2-A-GD,P1396,P1523,6,4,P1396,set-scores
2012-s2-A-GD-1-3,2012-s2,A,2012-s2-A-GD,P1396,P0951,9,1,P1396,set-scores
2012-s2-A-GD-1-4,2012-s2,A,2012-s2-A-GD,P1396,P1757,6,4,P1396,set-scores
2012-s2-A-GD-1-5,2012-s2,A,2012-s2-A-GD,P1396,P1821,10,0,P1396,set-scores
2012-s2-A-GD-1-6,2012-s2,A,2012-s2-A-GD,P1396,P1801,1,9,P1801,set-scores
2012-s2-A-GD-2-3,2012-s2,A,2012-s2-A-GD,P1523,P0951,8,2,P1523,set-scores
2012-s2-A-GD-2-4,2012-s2,A,2012-s2-A-GD,P1523,P1757,4,6,P1757,set-scores
2012-s2-A-GD-2-5,2012-s2,A,2012-s2-A-GD,P1523,P1821,6,4,P1523,set-scores
2012-s2-A-GD-2-6,2012-s2,A,2012-s2-A-GD,P1523,P1801,2,8,P1801,set-scores
2012-s2-A-GD-3-4,2012-s2,A,2012-s2-A-GD,P0951,P1757,6,4,P0951,set-scores
2012-s2-A-GD-3-5,2012-s2,A,2012-s2-A-GD,P0951,P1821,6,4,P0951,set-scores
2012-s2-A-GD-3-6,2012-s2,A,2012-s2-A-GD,P0951,P1801,4,6,P1801,set-scores
2012-s2-A-GE-0-1,2012-s2,A,2012-s2-A-GE,P0182,P1773,8,2,P0182,set-scores
2012-s2-A-GE-0-2,2012-s2,A,2012-s2-A-GE,P0182,P1051,5,5,,set-scores
2012-s2-A-GE-0-3,2012-s2,A,2012-s2-A-GE,P0182,P1748,6,4,P0182,set-scores
2012-s2-A-GE-0-5,2012-s2,A,2012-s2-A-GE,P0182,P1587,2,8,P1587,set-scores
2012-s2-A-GE-0-6,2012-s2,A,2012-s2-A-GE,P0182,P1842,8,2,P0182,set-scores
2012-s2-A-GE-1-2,2012-s2,A,2012-s2-A-GE,P1773,P1051,6,4,P1773,set-scores
2012-s2-A-GE-1-3,2012-s2,A,2012-s2-A-GE,P1773,P1748,5,5,,set-scores
2012-s2-A-GE-1-4,2012-s2,A,2012-s2-A-GE,P1773,P1839,3,7,P1839,set-scores
2012-s2-A-GE-1-5,2012-s2,A,2012-s2-A-GE,P1773,P1587,3,7,P1587,set-scores
2012-s2-A-GE-1-6,2012-s2,A,2012-s2-A-GE,P1773,P1842,7,3,P1773,set-scores
2012-s2-A-GE-2-4,2012-s2,A,2012-s2-A-GE,P1051,P1839,4,6,P1839,set-scores
2012-s2-A-GE-2-5,2012-s2,A,2012-s2-A-GE,P1051,P1587,1,9,P1587,set-scores
2012-s2-A-GE-2-6,2012-s2,A,2012-s2-A-GE,P1051,P1842,3,7,P1842,set-scores
2012-s2-A-GE-3-5,2012-s2,A,2012-s2-A-GE,P1748,P1587,1,9,P1587,set-scores
2012-s2-A-GE-3-6,2012-s2,A,2012-s2-A-GE,P1748,P1842,1,9,P1842,set-scores
2012-s2-A-GE-4-5,2012-s2,A,2012-s2-A-GE,P1839,P1587,3,7,P1587,set-scores
2012-s2-A-GE-4-6,2012-s2,A,2012-s2-A-GE,P1839,P1842,4,6,P1842,set-scores
2012-s2-A-GE-5-6,2012-s2,A,2012-s2-A-GE,P1587,P1842,4,6,P1842,set-scores
2012-s2-A-GF-0-1,2012-s2,A,2012-s2-A-GF,P1202,P0368,2,8,P0368,set-scores
2012-s2-A-GF-0-2,2012-s2,A,2012-s2-A-GF,P1202,P1810,5,5,,set-scores
2012-s2-A-GF-0-5,2012-s2,A,2012-s2-A-GF,P1202,P1063,6,4,P1202,set-scores
2012-s2-A-GF-1-2,2012-s2,A,2012-s2-A-GF,P0368,P1810,8,2,P0368,set-scores
2012-s2-A-GF-1-3,2012-s2,A,2012-s2-A-GF,P0368,P1103,6,4,P0368,set-scores
2012-s2-A-GF-1-4,2012-s2,A,2012-s2-A-GF,P0368,P1745,4,6,P1745,set-scores
2012-s2-A-GF-1-5,2012-s2,A,2012-s2-A-GF,P0368,P1063,6,4,P0368,set-scores
2012-s2-A-GF-1-6,2012-s2,A,2012-s2-A-GF,P0368,P1381,6,4,P0368,set-scores
2012-s2-A-GF-2-3,2012-s2,A,2012-s2-A-GF,P1810,P1103,5,5,,set-scores
2012-s2-A-GF-2-4,2012-s2,A,2012-s2-A-GF,P1810,P1745,5,5,,set-scores
2012-s2-A-GF-2-5,2012-s2,A,2012-s2-A-GF,P1810,P1063,3,7,P1063,set-scores
2012-s2-A-GF-2-6,2012-s2,A,2012-s2-A-GF,P1810,P1381,9,1,P1810,set-scores
2012-s2-A-GF-3-4,2012-s2,A,2012-s2-A-GF,P1103,P1745,4,6,P1745,set-scores
2012-s2-A-GF-3-5,2012-s2,A,2012-s2-A-GF,P1103,P1063,6,4,P1103,set-scores
2012-s2-A-GF-4-5,2012-s2,A,2012-s2-A-GF,P1745,P1063,5,5,,set-scores
2012-s2-A-GF-4-6,2012-s2,A,2012-s2-A-GF,P1745,P1381,7,3,P1745,set-scores
2012-s2-A-GF-5-6,2012-s2,A,2012-s2-A-GF,P1063,P1381,7,3,P1063,set-scores
2012-s2-B-GA-0-1,2012-s2,B,2012-s2-B-GA,P1183,P1643,10,0,P1183,set-scores
2012-s2-B-GA-0-2,2012-s2,B,2012-s2-B-GA,P1183,P1805,6,4,P1183,set-scores
2012-s2-B-GA-0-3,2012-s2,B,2012-s2-B-GA,P1183,P1766,6,4,P1183,set-scores
2012-s2-B-GA-0-5,2012-s2,B,2012-s2-B-GA,P1183,P1439,2,8,P1439,set-scores
2012-s2-B-GA-0-6,2012-s2,B,2012-s2-B-GA,P1183,P1664,4,6,P1664,set-scores
2012-s2-B-GA-1-2,2012-s2,B,2012-s2-B-GA,P1643,P1805,4,6,P1805,set-scores
2012-s2-B-GA-1-3,2012-s2,B,2012-s2-B-GA,P1643,P1766,2,8,P1766,set-scores
2012-s2-B-GA-1-5,2012-s2,B,2012-s2-B-GA,P1643,P1439,3,7,P1439,set-scores
2012-s2-B-GA-1-6,2012-s2,B,2012-s2-B-GA,P1643,P1664,6,4,P1643,set-scores
2012-s2-B-GA-2-3,2012-s2,B,2012-s2-B-GA,P1805,P1766,6,4,P1805,set-scores
2012-s2-B-GA-2-4,2012-s2,B,2012-s2-B-GA,P1805,P1780,9,1,P1805,set-scores
2012-s2-B-GA-2-5,2012-s2,B,2012-s2-B-GA,P1805,P1439,3,7,P1439,set-scores
2012-s2-B-GA-2-6,2012-s2,B,2012-s2-B-GA,P1805,P1664,6,4,P1805,set-scores
2012-s2-B-GA-3-5,2012-s2,B,2012-s2-B-GA,P1766,P1439,6,4,P1766,set-scores
2012-s2-B-GA-3-6,2012-s2,B,2012-s2-B-GA,P1766,P1664,8,2,P1766,set-scores
2012-s2-B-GA-4-5,2012-s2,B,2012-s2-B-GA,P1780,P1439,4,6,P1439,set-scores
2012-s2-B-GA-5-6,2012-s2,B,2012-s2-B-GA,P1439,P1664,7,3,P1439,set-scores
2012-s2-B-GB-0-2,2012-s2,B,2012-s2-B-GB,P1394,P1586,7,3,P1394,set-scores
2012-s2-B-GB-0-6,2012-s2,B,2012-s2-B-GB,P1394,P1807,7,3,P1394,set-scores
2012-s2-B-GB-1-2,2012-s2,B,2012-s2-B-GB,P1804,P1586,4,6,P1586,set-scores
2012-s2-B-GB-1-4,2012-s2,B,2012-s2-B-GB,P1804,P1717,3,6,P1717,set-scores
2012-s2-B-GB-1-5,2012-s2,B,2012-s2-B-GB,P1804,P1798,4,6,P1798,set-scores
2012-s2-B-GB-1-6,2012-s2,B,2012-s2-B-GB,P1804,P1807,3,7,P1807,set-scores
2012-s2-B-GB-2-3,2012-s2,B,2012-s2-B-GB,P1586,P1774,3,7,P1774,set-scores
2012-s2-B-GB-2-4,2012-s2,B,2012-s2-B-GB,P1586,P1717,4,6,P1717,set-scores
2012-s2-B-GB-2-5,2012-s2,B,2012-s2-B-GB,P1586,P1798,2,8,P1798,set-scores
2012-s2-B-GB-3-4,2012-s2,B,2012-s2-B-GB,P1774,P1717,5,5,,set-scores
2012-s2-B-GB-3-5,2012-s2,B,2012-s2-B-GB,P1774,P1798,5,5,,set-scores
2012-s2-B-GB-3-6,2012-s2,B,2012-s2-B-GB,P1774,P1807,2,8,P1807,set-scores
2012-s2-B-GB-4-5,2012-s2,B,2012-s2-B-GB,P1717,P1798,4,6,P1798,set-scores
2012-s2-B-GB-4-6,2012-s2,B,2012-s2-B-GB,P1717,P1807,6,4,P1717,set-scores
2012-s2-B-GB-5-6,2012-s2,B,2012-s2-B-GB,P1798,P1807,4,6,P1807,set-scores
2012-s2-B-GC-0-1,2012-s2,B,2012-s2-B-GC,P1353,P1787,2,8,P1787,set-scores
2012-s2-B-GC-0-2,2012-s2,B,2012-s2-B-GC,P1353,P1813,6,4,P1353,set-scores
2012-s2-B-GC-0-3,2012-s2,B,2012-s2-B-GC,P1353,P1735,6,4,P1353,set-scores
2012-s2-B-GC-0-4,2012-s2,B,2012-s2-B-GC,P1353,P1646,8,2,P1353,set-scores
2012-s2-B-GC-0-5,2012-s2,B,2012-s2-B-GC,P1353,P1744,7,3,P1353,set-scores
2012-s2-B-GC-0-6,2012-s2,B,2012-s2-B-GC,P1353,P1200,3,7,P1200,set-scores
2012-s2-B-GC-1-2,2012-s2,B,2012-s2-B-GC,P1787,P1813,6,4,P1787,set-scores
2012-s2-B-GC-1-3,2012-s2,B,2012-s2-B-GC,P1787,P1735,9,1,P1787,set-scores
2012-s2-B-GC-1-4,2012-s2,B,2012-s2-B-GC,P1787,P1646,10,0,P1787,set-scores
2012-s2-B-GC-1-5,2012-s2,B,2012-s2-B-GC,P1787,P1744,5,5,,set-scores
2012-s2-B-GC-1-6,2012-s2,B,2012-s2-B-GC,P1787,P1200,7,3,P1787,set-scores
2012-s2-B-GC-2-3,2012-s2,B,2012-s2-B-GC,P1813,P1735,6,4,P1813,set-scores
2012-s2-B-GC-2-4,2012-s2,B,2012-s2-B-GC,P1813,P1646,6,4,P1813,set-scores
2012-s2-B-GC-2-5,2012-s2,B,2012-s2-B-GC,P1813,P1744,7,3,P1813,set-scores
2012-s2-B-GC-2-6,2012-s2,B,2012-s2-B-GC,P1813,P1200,4,6,P1200,set-scores
2012-s2-B-GC-3-4,2012-s2,B,2012-s2-B-GC,P1735,P1646,6,4,P1735,set-scores
2012-s2-B-GC-3-5,2012-s2,B,2012-s2-B-GC,P1735,P1744,8,2,P1735,set-scores
2012-s2-B-GC-3-6,2012-s2,B,2012-s2-B-GC,P1735,P1200,7,3,P1735,set-scores
2012-s2-B-GC-4-5,2012-s2,B,2012-s2-B-GC,P1646,P1744,2,8,P1744,set-scores
2012-s2-B-GC-4-6,2012-s2,B,2012-s2-B-GC,P1646,P1200,3,7,P1200,set-scores
2012-s2-B-GC-5-6,2012-s2,B,2012-s2-B-GC,P1744,P1200,2,8,P1200,set-scores
2012-s2-B-GD-0-1,2012-s2,B,2012-s2-B-GD,P1739,P1824,10,0,P1739,set-scores
2012-s2-B-GD-0-2,2012-s2,B,2012-s2-B-GD,P1739,P1778,9,1,P1739,set-scores
2012-s2-B-GD-0-4,2012-s2,B,2012-s2-B-GD,P1739,P1814,7,3,P1739,set-scores
2012-s2-B-GD-0-5,2012-s2,B,2012-s2-B-GD,P1739,P1795,7,3,P1739,set-scores
2012-s2-B-GD-0-6,2012-s2,B,2012-s2-B-GD,P1739,P1776,7,3,P1739,set-scores
2012-s2-B-GD-1-2,2012-s2,B,2012-s2-B-GD,P1824,P1778,3,7,P1778,set-scores
2012-s2-B-GD-2-3,2012-s2,B,2012-s2-B-GD,P1778,P1746,0,10,P1746,set-scores
2012-s2-B-GD-2-4,2012-s2,B,2012-s2-B-GD,P1778,P1814,6,4,P1778,set-scores
2012-s2-B-GD-2-5,2012-s2,B,2012-s2-B-GD,P1778,P1795,7,3,P1778,set-scores
2012-s2-B-GD-2-6,2012-s2,B,2012-s2-B-GD,P1778,P1776,6,4,P1778,set-scores
2012-s2-B-GD-3-5,2012-s2,B,2012-s2-B-GD,P1746,P1795,8,2,P1746,set-scores
2012-s2-B-GD-4-5,2012-s2,B,2012-s2-B-GD,P1814,P1795,6,4,P1814,set-scores
2012-s2-B-GE-0-1,2012-s2,B,2012-s2-B-GE,P1531,P1666,10,0,P1531,set-scores
2012-s2-B-GE-0-2,2012-s2,B,2012-s2-B-GE,P1531,P1836,8,2,P1531,set-scores
2012-s2-B-GE-0-3,2012-s2,B,2012-s2-B-GE,P1531,P1764,9,1,P1531,set-scores
2012-s2-B-GE-0-4,2012-s2,B,2012-s2-B-GE,P1531,P1782,8,2,P1531,set-scores
2012-s2-B-GE-0-5,2012-s2,B,2012-s2-B-GE,P1531,P1204,8,2,P1531,set-scores
2012-s2-B-GE-0-6,2012-s2,B,2012-s2-B-GE,P1531,P1847,6,4,P1531,set-scores
2012-s2-B-GE-1-2,2012-s2,B,2012-s2-B-GE,P1666,P1836,1,9,P1836,set-scores
2012-s2-B-GE-1-3,2012-s2,B,2012-s2-B-GE,P1666,P1764,6,4,P1666,set-scores
2012-s2-B-GE-1-4,2012-s2,B,2012-s2-B-GE,P1666,P1782,2,8,P1782,set-scores
2012-s2-B-GE-2-3,2012-s2,B,2012-s2-B-GE,P1836,P1764,9,1,P1836,set-scores
2012-s2-B-GE-2-4,2012-s2,B,2012-s2-B-GE,P1836,P1782,6,4,P1836,set-scores
2012-s2-B-GE-2-5,2012-s2,B,2012-s2-B-GE,P1836,P1204,3,7,P1204,set-scores
2012-s2-B-GE-3-4,2012-s2,B,2012-s2-B-GE,P1764,P1782,1,9,P1782,set-scores
2012-s2-B-GE-3-5,2012-s2,B,2012-s2-B-GE,P1764,P1204,1,9,P1204,set-scores
2012-s2-B-GE-4-6,2012-s2,B,2012-s2-B-GE,P1782,P1847,5,5,,set-scores
2012-s3-A-GA-0-1,2012-s3,A,2012-s3-A-GA,P1808,P0772,8,2,P1808,set-scores
2012-s3-A-GA-0-2,2012-s3,A,2012-s3-A-GA,P1808,P1251,5,5,,set-scores
2012-s3-A-GA-0-3,2012-s3,A,2012-s3-A-GA,P1808,P1731,7,3,P1808,set-scores
2012-s3-A-GA-0-4,2012-s3,A,2012-s3-A-GA,P1808,P0368,4,6,P0368,set-scores
2012-s3-A-GA-0-5,2012-s3,A,2012-s3-A-GA,P1808,P1752,7,3,P1808,set-scores
2012-s3-A-GA-1-2,2012-s3,A,2012-s3-A-GA,P0772,P1251,1,9,P1251,set-scores
2012-s3-A-GA-1-3,2012-s3,A,2012-s3-A-GA,P0772,P1731,7,3,P0772,set-scores
2012-s3-A-GA-1-4,2012-s3,A,2012-s3-A-GA,P0772,P0368,1,9,P0368,set-scores
2012-s3-A-GA-1-5,2012-s3,A,2012-s3-A-GA,P0772,P1752,4,6,P1752,set-scores
2012-s3-A-GA-1-6,2012-s3,A,2012-s3-A-GA,P0772,P0024,7,3,P0772,set-scores
2012-s3-A-GA-2-3,2012-s3,A,2012-s3-A-GA,P1251,P1731,7,3,P1251,set-scores
2012-s3-A-GA-2-4,2012-s3,A,2012-s3-A-GA,P1251,P0368,3,7,P0368,set-scores
2012-s3-A-GA-2-5,2012-s3,A,2012-s3-A-GA,P1251,P1752,4,6,P1752,set-scores
2012-s3-A-GA-2-6,2012-s3,A,2012-s3-A-GA,P1251,P0024,8,2,P1251,set-scores
2012-s3-A-GA-3-4,2012-s3,A,2012-s3-A-GA,P1731,P0368,0,10,P0368,set-scores
2012-s3-A-GA-4-5,2012-s3,A,2012-s3-A-GA,P0368,P1752,6,4,P0368,set-scores
2012-s3-A-GA-4-6,2012-s3,A,2012-s3-A-GA,P0368,P0024,8,2,P0368,set-scores
2012-s3-A-GA-5-6,2012-s3,A,2012-s3-A-GA,P1752,P0024,7,3,P1752,set-scores
2012-s3-A-GB-0-1,2012-s3,A,2012-s3-A-GB,P1353,P1732,3,7,P1732,set-scores
2012-s3-A-GB-0-3,2012-s3,A,2012-s3-A-GB,P1353,P1765,3,7,P1765,set-scores
2012-s3-A-GB-0-4,2012-s3,A,2012-s3-A-GB,P1353,P1096,3,7,P1096,set-scores
2012-s3-A-GB-0-6,2012-s3,A,2012-s3-A-GB,P1353,P1531,4,6,P1531,set-scores
2012-s3-A-GB-1-2,2012-s3,A,2012-s3-A-GB,P1732,P1755,7,3,P1732,set-scores
2012-s3-A-GB-1-3,2012-s3,A,2012-s3-A-GB,P1732,P1765,8,2,P1732,set-scores
2012-s3-A-GB-1-4,2012-s3,A,2012-s3-A-GB,P1732,P1096,6,4,P1732,set-scores
2012-s3-A-GB-1-5,2012-s3,A,2012-s3-A-GB,P1732,P1835,8,2,P1732,set-scores
2012-s3-A-GB-1-6,2012-s3,A,2012-s3-A-GB,P1732,P1531,8,2,P1732,set-scores
2012-s3-A-GB-2-3,2012-s3,A,2012-s3-A-GB,P1755,P1765,4,6,P1765,set-scores
2012-s3-A-GB-2-4,2012-s3,A,2012-s3-A-GB,P1755,P1096,3,7,P1096,set-scores
2012-s3-A-GB-2-6,2012-s3,A,2012-s3-A-GB,P1755,P1531,5,5,,set-scores
2012-s3-A-GB-3-4,2012-s3,A,2012-s3-A-GB,P1765,P1096,4,6,P1096,set-scores
2012-s3-A-GB-3-5,2012-s3,A,2012-s3-A-GB,P1765,P1835,5,5,,set-scores
2012-s3-A-GB-3-6,2012-s3,A,2012-s3-A-GB,P1765,P1531,7,3,P1765,set-scores
2012-s3-A-GB-4-6,2012-s3,A,2012-s3-A-GB,P1096,P1531,7,3,P1096,set-scores
2012-s3-A-GB-5-6,2012-s3,A,2012-s3-A-GB,P1835,P1531,4,6,P1531,set-scores
2012-s3-A-GC-0-1,2012-s3,A,2012-s3-A-GC,P1775,P1845,7,3,P1775,set-scores
2012-s3-A-GC-0-2,2012-s3,A,2012-s3-A-GC,P1775,P0951,7,3,P1775,set-scores
2012-s3-A-GC-0-3,2012-s3,A,2012-s3-A-GC,P1775,P1588,4,6,P1588,set-scores
2012-s3-A-GC-0-4,2012-s3,A,2012-s3-A-GC,P1775,P0182,4,6,P0182,set-scores
2012-s3-A-GC-0-5,2012-s3,A,2012-s3-A-GC,P1775,P1771,7,3,P1775,set-scores
2012-s3-A-GC-0-6,2012-s3,A,2012-s3-A-GC,P1775,P1419,4,6,P1419,set-scores
2012-s3-A-GC-1-2,2012-s3,A,2012-s3-A-GC,P1845,P0951,4,6,P0951,set-scores
2012-s3-A-GC-1-3,2012-s3,A,2012-s3-A-GC,P1845,P1588,3,7,P1588,set-scores
2012-s3-A-GC-1-6,2012-s3,A,2012-s3-A-GC,P1845,P1419,4,6,P1419,set-scores
2012-s3-A-GC-2-3,2012-s3,A,2012-s3-A-GC,P0951,P1588,6,4,P0951,set-scores
2012-s3-A-GC-2-4,2012-s3,A,2012-s3-A-GC,P0951,P0182,4,6,P0182,set-scores
2012-s3-A-GC-2-5,2012-s3,A,2012-s3-A-GC,P0951,P1771,8,2,P0951,set-scores
2012-s3-A-GC-2-6,2012-s3,A,2012-s3-A-GC,P0951,P1419,4,6,P1419,set-scores
2012-s3-A-GC-3-4,2012-s3,A,2012-s3-A-GC,P1588,P0182,2,8,P0182,set-scores
2012-s3-A-GC-3-5,2012-s3,A,2012-s3-A-GC,P1588,P1771,6,4,P1588,set-scores
2012-s3-A-GC-3-6,2012-s3,A,2012-s3-A-GC,P1588,P1419,7,3,P1588,set-scores
2012-s3-A-GC-4-5,2012-s3,A,2012-s3-A-GC,P0182,P1771,5,5,,set-scores
2012-s3-A-GC-4-6,2012-s3,A,2012-s3-A-GC,P0182,P1419,6,4,P0182,set-scores
2012-s3-A-GD-0-1,2012-s3,A,2012-s3-A-GD,P0969,P1830,8,2,P0969,set-scores
2012-s3-A-GD-0-2,2012-s3,A,2012-s3-A-GD,P0969,P1104,6,4,P0969,set-scores
2012-s3-A-GD-0-3,2012-s3,A,2012-s3-A-GD,P0969,P0464,8,2,P0969,set-scores
2012-s3-A-GD-0-4,2012-s3,A,2012-s3-A-GD,P0969,P1396,9,1,P0969,set-scores
2012-s3-A-GD-0-5,2012-s3,A,2012-s3-A-GD,P0969,P1063,4,6,P1063,set-scores
2012-s3-A-GD-0-6,2012-s3,A,2012-s3-A-GD,P0969,P1437,9,1,P0969,set-scores
2012-s3-A-GD-1-2,2012-s3,A,2012-s3-A-GD,P1830,P1104,4,6,P1104,set-scores
2012-s3-A-GD-1-3,2012-s3,A,2012-s3-A-GD,P1830,P0464,9,1,P1830,set-scores
2012-s3-A-GD-1-4,2012-s3,A,2012-s3-A-GD,P1830,P1396,5,5,,set-scores
2012-s3-A-GD-1-5,2012-s3,A,2012-s3-A-GD,P1830,P1063,5,5,,set-scores
2012-s3-A-GD-1-6,2012-s3,A,2012-s3-A-GD,P1830,P1437,6,4,P1830,set-scores
2012-s3-A-GD-2-5,2012-s3,A,2012-s3-A-GD,P1104,P1063,6,4,P1104,set-scores
2012-s3-A-GD-2-6,2012-s3,A,2012-s3-A-GD,P1104,P1437,8,2,P1104,set-scores
2012-s3-A-GD-3-4,2012-s3,A,2012-s3-A-GD,P0464,P1396,9,1,P0464,set-scores
2012-s3-A-GD-3-5,2012-s3,A,2012-s3-A-GD,P0464,P1063,3,7,P1063,set-scores
2012-s3-A-GD-3-6,2012-s3,A,2012-s3-A-GD,P0464,P1437,6,4,P0464,set-scores
2012-s3-A-GD-4-5,2012-s3,A,2012-s3-A-GD,P1396,P1063,4,6,P1063,set-scores
2012-s3-A-GD-5-6,2012-s3,A,2012-s3-A-GD,P1063,P1437,6,4,P1063,set-scores
2012-s3-A-GE-0-1,2012-s3,A,2012-s3-A-GE,P1793,P1567,3,7,P1567,set-scores
2012-s3-A-GE-0-2,2012-s3,A,2012-s3-A-GE,P1793,P1425,7,3,P1793,set-scores
2012-s3-A-GE-0-3,2012-s3,A,2012-s3-A-GE,P1793,P1398,6,4,P1793,set-scores
2012-s3-A-GE-0-4,2012-s3,A,2012-s3-A-GE,P1793,P1839,4,6,P1839,set-scores
2012-s3-A-GE-0-5,2012-s3,A,2012-s3-A-GE,P1793,P1818,6,4,P1793,set-scores
2012-s3-A-GE-0-6,2012-s3,A,2012-s3-A-GE,P1793,P1739,8,2,P1793,set-scores
2012-s3-A-GE-1-3,2012-s3,A,2012-s3-A-GE,P1567,P1398,6,4,P1567,set-scores
2012-s3-A-GE-1-4,2012-s3,A,2012-s3-A-GE,P1567,P1839,4,6,P1839,set-scores
2012-s3-A-GE-1-5,2012-s3,A,2012-s3-A-GE,P1567,P1818,6,4,P1567,set-scores
2012-s3-A-GE-1-6,2012-s3,A,2012-s3-A-GE,P1567,P1739,6,4,P1567,set-scores
2012-s3-A-GE-2-3,2012-s3,A,2012-s3-A-GE,P1425,P1398,6,4,P1425,set-scores
2012-s3-A-GE-2-5,2012-s3,A,2012-s3-A-GE,P1425,P1818,2,8,P1818,set-scores
2012-s3-A-GE-2-6,2012-s3,A,2012-s3-A-GE,P1425,P1739,6,4,P1425,set-scores
2012-s3-A-GE-3-4,2012-s3,A,2012-s3-A-GE,P1398,P1839,7,3,P1398,set-scores
2012-s3-A-GE-3-5,2012-s3,A,2012-s3-A-GE,P1398,P1818,7,3,P1398,set-scores
2012-s3-A-GE-4-5,2012-s3,A,2012-s3-A-GE,P1839,P1818,7,3,P1839,set-scores
2012-s3-A-GE-4-6,2012-s3,A,2012-s3-A-GE,P1839,P1739,7,3,P1839,set-scores
2012-s3-A-GE-5-6,2012-s3,A,2012-s3-A-GE,P1818,P1739,9,1,P1818,set-scores
2012-s3-A-GF-0-1,2012-s3,A,2012-s3-A-GF,P1587,P0223,4,6,P0223,set-scores
2012-s3-A-GF-0-2,2012-s3,A,2012-s3-A-GF,P1587,P1791,6,4,P1587,set-scores
2012-s3-A-GF-0-3,2012-s3,A,2012-s3-A-GF,P1587,P1822,8,2,P1587,set-scores
2012-s3-A-GF-0-4,2012-s3,A,2012-s3-A-GF,P1587,P1783,7,3,P1587,set-scores
2012-s3-A-GF-0-5,2012-s3,A,2012-s3-A-GF,P1587,P1819,4,6,P1819,set-scores
2012-s3-A-GF-0-6,2012-s3,A,2012-s3-A-GF,P1587,P1627,5,5,,set-scores
2012-s3-A-GF-1-2,2012-s3,A,2012-s3-A-GF,P0223,P1791,5,5,,set-scores
2012-s3-A-GF-1-4,2012-s3,A,2012-s3-A-GF,P0223,P1783,4,6,P1783,set-scores
2012-s3-A-GF-1-5,2012-s3,A,2012-s3-A-GF,P0223,P1819,2,8,P1819,set-scores
2012-s3-A-GF-1-6,2012-s3,A,2012-s3-A-GF,P0223,P1627,6,4,P0223,set-scores
2012-s3-A-GF-2-3,2012-s3,A,2012-s3-A-GF,P1791,P1822,10,0,P1791,set-scores
2012-s3-A-GF-2-4,2012-s3,A,2012-s3-A-GF,P1791,P1783,5,5,,set-scores
2012-s3-A-GF-2-5,2012-s3,A,2012-s3-A-GF,P1791,P1819,6,4,P1791,set-scores
2012-s3-A-GF-2-6,2012-s3,A,2012-s3-A-GF,P1791,P1627,5,5,,set-scores
2012-s3-A-GF-4-5,2012-s3,A,2012-s3-A-GF,P1783,P1819,6,4,P1783,set-scores
2012-s3-A-GF-4-6,2012-s3,A,2012-s3-A-GF,P1783,P1627,3,7,P1627,set-scores
2012-s3-A-GF-5-6,2012-s3,A,2012-s3-A-GF,P1819,P1627,5,5,,set-scores
2012-s3-B-GA-0-1,2012-s3,B,2012-s3-B-GA,P1778,P1844,9,1,P1778,set-scores
2012-s3-B-GA-0-2,2012-s3,B,2012-s3-B-GA,P1778,P1586,6,4,P1778,set-scores
2012-s3-B-GA-0-3,2012-s3,B,2012-s3-B-GA,P1778,P1798,7,3,P1778,set-scores
2012-s3-B-GA-0-4,2012-s3,B,2012-s3-B-GA,P1778,P1823,6,4,P1778,set-scores
2012-s3-B-GA-0-5,2012-s3,B,2012-s3-B-GA,P1778,P1800,7,3,P1778,set-scores
2012-s3-B-GA-1-2,2012-s3,B,2012-s3-B-GA,P1844,P1586,6,4,P1844,set-scores
2012-s3-B-GA-1-4,2012-s3,B,2012-s3-B-GA,P1844,P1823,3,7,P1823,set-scores
2012-s3-B-GA-1-5,2012-s3,B,2012-s3-B-GA,P1844,P1800,4,6,P1800,set-scores
2012-s3-B-GA-2-3,2012-s3,B,2012-s3-B-GA,P1586,P1798,6,4,P1586,set-scores
2012-s3-B-GA-2-4,2012-s3,B,2012-s3-B-GA,P1586,P1823,6,4,P1586,set-scores
2012-s3-B-GA-2-5,2012-s3,B,2012-s3-B-GA,P1586,P1800,6,4,P1586,set-scores
2012-s3-B-GA-3-4,2012-s3,B,2012-s3-B-GA,P1798,P1823,2,8,P1823,set-scores
2012-s3-B-GA-3-5,2012-s3,B,2012-s3-B-GA,P1798,P1800,3,7,P1800,set-scores
2012-s3-B-GA-4-5,2012-s3,B,2012-s3-B-GA,P1823,P1800,8,2,P1823,set-scores
2012-s3-B-GA-4-6,2012-s3,B,2012-s3-B-GA,P1823,P0248,4,6,P0248,set-scores
2012-s3-B-GB-0-1,2012-s3,B,2012-s3-B-GB,P1781,P1664,3,7,P1664,set-scores
2012-s3-B-GB-0-2,2012-s3,B,2012-s3-B-GB,P1781,P1762,4,6,P1762,set-scores
2012-s3-B-GB-0-3,2012-s3,B,2012-s3-B-GB,P1781,P1733,6,4,P1781,set-scores
2012-s3-B-GB-0-5,2012-s3,B,2012-s3-B-GB,P1781,P1827,4,6,P1827,set-scores
2012-s3-B-GB-0-6,2012-s3,B,2012-s3-B-GB,P1781,P1790,0,10,P1790,set-scores
2012-s3-B-GB-1-2,2012-s3,B,2012-s3-B-GB,P1664,P1762,7,3,P1664,set-scores
2012-s3-B-GB-1-3,2012-s3,B,2012-s3-B-GB,P1664,P1733,4,6,P1733,set-scores
2012-s3-B-GB-1-5,2012-s3,B,2012-s3-B-GB,P1664,P1827,8,2,P1664,set-scores
2012-s3-B-GB-1-6,2012-s3,B,2012-s3-B-GB,P1664,P1790,5,5,,set-scores
2012-s3-B-GB-2-3,2012-s3,B,2012-s3-B-GB,P1762,P1733,0,10,P1733,set-scores
2012-s3-B-GB-3-5,2012-s3,B,2012-s3-B-GB,P1733,P1827,8,2,P1733,set-scores
2012-s3-B-GB-3-6,2012-s3,B,2012-s3-B-GB,P1733,P1790,6,4,P1733,set-scores
2012-s3-B-GC-0-1,2012-s3,B,2012-s3-B-GC,P1794,P1646,7,3,P1794,set-scores
2012-s3-B-GC-0-2,2012-s3,B,2012-s3-B-GC,P1794,P1439,2,8,P1439,set-scores
2012-s3-B-GC-0-3,2012-s3,B,2012-s3-B-GC,P1794,P1746,0,10,P1746,set-scores
2012-s3-B-GC-0-6,2012-s3,B,2012-s3-B-GC,P1794,P1805,4,6,P1805,set-scores
2012-s3-B-GC-1-2,2012-s3,B,2012-s3-B-GC,P1646,P1439,4,6,P1439,set-scores
2012-s3-B-GC-1-3,2012-s3,B,2012-s3-B-GC,P1646,P1746,1,9,P1746,set-scores
2012-s3-B-GC-1-5,2012-s3,B,2012-s3-B-GC,P1646,P1792,6,4,P1646,set-scores
2012-s3-B-GC-1-6,2012-s3,B,2012-s3-B-GC,P1646,P1805,3,7,P1805,set-scores
2012-s3-B-GC-2-3,2012-s3,B,2012-s3-B-GC,P1439,P1746,4,6,P1746,set-scores
2012-s3-B-GC-2-4,2012-s3,B,2012-s3-B-GC,P1439,P1394,9,1,P1439,set-scores
2012-s3-B-GC-2-5,2012-s3,B,2012-s3-B-GC,P1439,P1792,7,3,P1439,set-scores
2012-s3-B-GC-2-6,2012-s3,B,2012-s3-B-GC,P1439,P1805,4,6,P1805,set-scores
2012-s3-B-GC-3-6,2012-s3,B,2012-s3-B-GC,P1746,P1805,8,2,P1746,set-scores
2012-s3-B-GC-4-5,2012-s3,B,2012-s3-B-GC,P1394,P1792,6,4,P1394,set-scores
2012-s3-B-GC-4-6,2012-s3,B,2012-s3-B-GC,P1394,P1805,4,6,P1805,set-scores
2012-s3-B-GC-5-6,2012-s3,B,2012-s3-B-GC,P1792,P1805,3,7,P1805,set-scores
2012-s3-B-GD-0-1,2012-s3,B,2012-s3-B-GD,P1786,P1813,3,7,P1813,set-scores
2012-s3-B-GD-0-2,2012-s3,B,2012-s3-B-GD,P1786,P1686,3,7,P1686,set-scores
2012-s3-B-GD-0-3,2012-s3,B,2012-s3-B-GD,P1786,P1811,6,4,P1786,set-scores
2012-s3-B-GD-0-4,2012-s3,B,2012-s3-B-GD,P1786,P1381,7,3,P1786,set-scores
2012-s3-B-GD-0-5,2012-s3,B,2012-s3-B-GD,P1786,P1807,5,5,,set-scores
2012-s3-B-GD-1-2,2012-s3,B,2012-s3-B-GD,P1813,P1686,5,5,,set-scores
2012-s3-B-GD-1-4,2012-s3,B,2012-s3-B-GD,P1813,P1381,4,6,P1381,set-scores
2012-s3-B-GD-1-5,2012-s3,B,2012-s3-B-GD,P1813,P1807,4,6,P1807,set-scores
2012-s3-B-GD-1-6,2012-s3,B,2012-s3-B-GD,P1813,P1744,7,3,P1813,set-scores
2012-s3-B-GD-2-4,2012-s3,B,2012-s3-B-GD,P1686,P1381,10,0,P1686,set-scores
2012-s3-B-GD-2-5,2012-s3,B,2012-s3-B-GD,P1686,P1807,7,3,P1686,set-scores
2012-s3-B-GD-2-6,2012-s3,B,2012-s3-B-GD,P1686,P1744,10,0,P1686,set-scores
2012-s3-B-GD-3-4,2012-s3,B,2012-s3-B-GD,P1811,P1381,3,7,P1381,set-scores
2012-s3-B-GD-3-5,2012-s3,B,2012-s3-B-GD,P1811,P1807,7,3,P1811,set-scores
2012-s3-B-GD-3-6,2012-s3,B,2012-s3-B-GD,P1811,P1744,8,2,P1811,set-scores
2012-s3-B-GD-4-5,2012-s3,B,2012-s3-B-GD,P1381,P1807,4,6,P1807,set-scores
2012-s3-B-GD-5-6,2012-s3,B,2012-s3-B-GD,P1807,P1744,8,2,P1807,set-scores
2012-s3-B-GE-0-1,2012-s3,B,2012-s3-B-GE,P1735,P1736,6,4,P1735,set-scores
2012-s3-B-GE-0-2,2012-s3,B,2012-s3-B-GE,P1735,P1717,7,3,P1735,set-scores
2012-s3-B-GE-0-3,2012-s3,B,2012-s3-B-GE,P1735,P1183,2,8,P1183,set-scores
2012-s3-B-GE-0-4,2012-s3,B,2012-s3-B-GE,P1735,P1774,4,6,P1774,set-scores
2012-s3-B-GE-0-5,2012-s3,B,2012-s3-B-GE,P1735,P1737,7,3,P1735,set-scores
2012-s3-B-GE-0-6,2012-s3,B,2012-s3-B-GE,P1735,P1730,3,7,P1730,set-scores
2012-s3-B-GE-1-2,2012-s3,B,2012-s3-B-GE,P1736,P1717,1,9,P1717,set-scores
2012-s3-B-GE-1-3,2012-s3,B,2012-s3-B-GE,P1736,P1183,3,7,P1183,set-scores
2012-s3-B-GE-1-5,2012-s3,B,2012-s3-B-GE,P1736,P1737,0,10,P1737,set-scores
2012-s3-B-GE-2-3,2012-s3,B,2012-s3-B-GE,P1717,P1183,4,6,P1183,set-scores
2012-s3-B-GE-2-4,2012-s3,B,2012-s3-B-GE,P1717,P1774,2,8,P1774,set-scores
2012-s3-B-GE-2-5,2012-s3,B,2012-s3-B-GE,P1717,P1737,4,6,P1737,set-scores
2012-s3-B-GE-2-6,2012-s3,B,2012-s3-B-GE,P1717,P1730,0,10,P1730,set-scores
2012-s3-B-GE-3-4,2012-s3,B,2012-s3-B-GE,P1183,P1774,6,4,P1183,set-scores
2012-s3-B-GE-3-5,2012-s3,B,2012-s3-B-GE,P1183,P1737,5,5,,set-scores
2012-s3-B-GE-3-6,2012-s3,B,2012-s3-B-GE,P1183,P1730,9,1,P1183,set-scores
2012-s3-B-GE-4-5,2012-s3,B,2012-s3-B-GE,P1774,P1737,4,6,P1737,set-scores
2012-s3-B-GE-4-6,2012-s3,B,2012-s3-B-GE,P1774,P1730,4,6,P1730,set-scores
2012-s3-B-GE-5-6,2012-s3,B,2012-s3-B-GE,P1737,P1730,8,2,P1737,set-scores
2012-s4-A-GA-0-1,2012-s4,A,2012-s4-A-GA,P1588,P0962,8,2,P1588,set-scores
2012-s4-A-GA-0-2,2012-s4,A,2012-s4-A-GA,P1588,P0368,4,6,P0368,set-scores
2012-s4-A-GA-0-3,2012-s4,A,2012-s4-A-GA,P1588,P1791,7,3,P1588,set-scores
2012-s4-A-GA-0-5,2012-s4,A,2012-s4-A-GA,P1588,P1316,3,7,P1316,set-scores
2012-s4-A-GA-0-6,2012-s4,A,2012-s4-A-GA,P1588,P1138,5,5,,set-scores
2012-s4-A-GA-1-2,2012-s4,A,2012-s4-A-GA,P0962,P0368,1,9,P0368,set-scores
2012-s4-A-GA-1-3,2012-s4,A,2012-s4-A-GA,P0962,P1791,3,7,P1791,set-scores
2012-s4-A-GA-1-4,2012-s4,A,2012-s4-A-GA,P0962,P1104,4,6,P1104,set-scores
2012-s4-A-GA-1-5,2012-s4,A,2012-s4-A-GA,P0962,P1316,3,7,P1316,set-scores
2012-s4-A-GA-1-6,2012-s4,A,2012-s4-A-GA,P0962,P1138,4,6,P1138,set-scores
2012-s4-A-GA-2-3,2012-s4,A,2012-s4-A-GA,P0368,P1791,4,6,P1791,set-scores
2012-s4-A-GA-2-4,2012-s4,A,2012-s4-A-GA,P0368,P1104,4,6,P1104,set-scores
2012-s4-A-GA-2-5,2012-s4,A,2012-s4-A-GA,P0368,P1316,8,2,P0368,set-scores
2012-s4-A-GA-2-6,2012-s4,A,2012-s4-A-GA,P0368,P1138,6,4,P0368,set-scores
2012-s4-A-GA-3-4,2012-s4,A,2012-s4-A-GA,P1791,P1104,3,7,P1104,set-scores
2012-s4-A-GA-3-5,2012-s4,A,2012-s4-A-GA,P1791,P1316,7,3,P1791,set-scores
2012-s4-A-GA-3-6,2012-s4,A,2012-s4-A-GA,P1791,P1138,6,4,P1791,set-scores
2012-s4-A-GA-4-5,2012-s4,A,2012-s4-A-GA,P1104,P1316,4,6,P1316,set-scores
2012-s4-A-GA-5-6,2012-s4,A,2012-s4-A-GA,P1316,P1138,8,2,P1316,set-scores
2012-s4-A-GB-0-1,2012-s4,A,2012-s4-A-GB,P1278,P1085,5,5,,set-scores
2012-s4-A-GB-0-2,2012-s4,A,2012-s4-A-GB,P1278,P1839,5,5,,set-scores
2012-s4-A-GB-0-3,2012-s4,A,2012-s4-A-GB,P1278,P0951,7,3,P1278,set-scores
2012-s4-A-GB-0-4,2012-s4,A,2012-s4-A-GB,P1278,P0969,7,3,P1278,set-scores
2012-s4-A-GB-0-5,2012-s4,A,2012-s4-A-GB,P1278,P1249,4,6,P1249,set-scores
2012-s4-A-GB-0-6,2012-s4,A,2012-s4-A-GB,P1278,P1738,6,4,P1278,set-scores
2012-s4-A-GB-1-2,2012-s4,A,2012-s4-A-GB,P1085,P1839,5,5,,set-scores
2012-s4-A-GB-1-3,2012-s4,A,2012-s4-A-GB,P1085,P0951,1,9,P0951,set-scores
2012-s4-A-GB-1-4,2012-s4,A,2012-s4-A-GB,P1085,P0969,3,7,P0969,set-scores
2012-s4-A-GB-1-5,2012-s4,A,2012-s4-A-GB,P1085,P1249,3,7,P1249,set-scores
2012-s4-A-GB-1-6,2012-s4,A,2012-s4-A-GB,P1085,P1738,7,3,P1085,set-scores
2012-s4-A-GB-2-4,2012-s4,A,2012-s4-A-GB,P1839,P0969,7,3,P1839,set-scores
2012-s4-A-GB-2-5,2012-s4,A,2012-s4-A-GB,P1839,P1249,7,3,P1839,set-scores
2012-s4-A-GB-3-4,2012-s4,A,2012-s4-A-GB,P0951,P0969,1,9,P0969,set-scores
2012-s4-A-GB-3-5,2012-s4,A,2012-s4-A-GB,P0951,P1249,3,7,P1249,set-scores
2012-s4-A-GB-4-5,2012-s4,A,2012-s4-A-GB,P0969,P1249,8,2,P0969,set-scores
2012-s4-A-GB-4-6,2012-s4,A,2012-s4-A-GB,P0969,P1738,6,4,P0969,set-scores
2012-s4-A-GB-5-6,2012-s4,A,2012-s4-A-GB,P1249,P1738,6,4,P1249,set-scores
2012-s4-A-GC-0-1,2012-s4,A,2012-s4-A-GC,P1604,P1793,1,9,P1793,set-scores
2012-s4-A-GC-0-2,2012-s4,A,2012-s4-A-GC,P1604,P0182,4,6,P0182,set-scores
2012-s4-A-GC-0-3,2012-s4,A,2012-s4-A-GC,P1604,P1805,5,5,,set-scores
2012-s4-A-GC-0-4,2012-s4,A,2012-s4-A-GC,P1604,P1755,4,6,P1755,set-scores
2012-s4-A-GC-0-5,2012-s4,A,2012-s4-A-GC,P1604,P1183,8,2,P1604,set-scores
2012-s4-A-GC-0-6,2012-s4,A,2012-s4-A-GC,P1604,P1808,4,6,P1808,set-scores
2012-s4-A-GC-1-3,2012-s4,A,2012-s4-A-GC,P1793,P1805,4,6,P1805,set-scores
2012-s4-A-GC-1-4,2012-s4,A,2012-s4-A-GC,P1793,P1755,9,1,P1793,set-scores
2012-s4-A-GC-1-5,2012-s4,A,2012-s4-A-GC,P1793,P1183,6,4,P1793,set-scores
2012-s4-A-GC-1-6,2012-s4,A,2012-s4-A-GC,P1793,P1808,7,3,P1793,set-scores
2012-s4-A-GC-2-3,2012-s4,A,2012-s4-A-GC,P0182,P1805,7,3,P0182,set-scores
2012-s4-A-GC-2-5,2012-s4,A,2012-s4-A-GC,P0182,P1183,6,4,P0182,set-scores
2012-s4-A-GC-2-6,2012-s4,A,2012-s4-A-GC,P0182,P1808,5,5,,set-scores
2012-s4-A-GC-3-4,2012-s4,A,2012-s4-A-GC,P1805,P1755,5,5,,set-scores
2012-s4-A-GC-3-5,2012-s4,A,2012-s4-A-GC,P1805,P1183,7,3,P1805,set-scores
2012-s4-A-GC-3-6,2012-s4,A,2012-s4-A-GC,P1805,P1808,2,8,P1808,set-scores
2012-s4-A-GC-4-6,2012-s4,A,2012-s4-A-GC,P1755,P1808,1,9,P1808,set-scores
2012-s4-A-GC-5-6,2012-s4,A,2012-s4-A-GC,P1183,P1808,2,8,P1808,set-scores
2012-s4-A-GD-0-1,2012-s4,A,2012-s4-A-GD,P1765,P1063,7,3,P1765,set-scores
2012-s4-A-GD-0-2,2012-s4,A,2012-s4-A-GD,P1765,P1523,8,2,P1765,set-scores
2012-s4-A-GD-0-3,2012-s4,A,2012-s4-A-GD,P1765,P1587,7,3,P1765,set-scores
2012-s4-A-GD-0-4,2012-s4,A,2012-s4-A-GD,P1765,P1398,6,4,P1765,set-scores
2012-s4-A-GD-0-5,2012-s4,A,2012-s4-A-GD,P1765,P1627,6,4,P1765,set-scores
2012-s4-A-GD-0-6,2012-s4,A,2012-s4-A-GD,P1765,P1528,4,6,P1528,set-scores
2012-s4-A-GD-1-2,2012-s4,A,2012-s4-A-GD,P1063,P1523,6,4,P1063,set-scores
2012-s4-A-GD-1-3,2012-s4,A,2012-s4-A-GD,P1063,P1587,7,3,P1063,set-scores
2012-s4-A-GD-1-4,2012-s4,A,2012-s4-A-GD,P1063,P1398,9,1,P1063,set-scores
2012-s4-A-GD-1-6,2012-s4,A,2012-s4-A-GD,P1063,P1528,3,7,P1528,set-scores
2012-s4-A-GD-3-4,2012-s4,A,2012-s4-A-GD,P1587,P1398,9,1,P1587,set-scores
2012-s4-A-GD-3-6,2012-s4,A,2012-s4-A-GD,P1587,P1528,3,7,P1528,set-scores
2012-s4-A-GD-4-6,2012-s4,A,2012-s4-A-GD,P1398,P1528,7,3,P1398,set-scores
2012-s4-A-GD-5-6,2012-s4,A,2012-s4-A-GD,P1627,P1528,10,0,P1627,set-scores
2012-s4-A-GE-0-1,2012-s4,A,2012-s4-A-GE,P1531,P1818,6,4,P1531,set-scores
2012-s4-A-GE-0-2,2012-s4,A,2012-s4-A-GE,P1531,P1567,4,6,P1567,set-scores
2012-s4-A-GE-0-3,2012-s4,A,2012-s4-A-GE,P1531,P1802,2,8,P1802,set-scores
2012-s4-A-GE-0-4,2012-s4,A,2012-s4-A-GE,P1531,P1251,4,6,P1251,set-scores
2012-s4-A-GE-0-5,2012-s4,A,2012-s4-A-GE,P1531,P1396,5,5,,set-scores
2012-s4-A-GE-0-6,2012-s4,A,2012-s4-A-GE,P1531,P1536,7,3,P1531,set-scores
2012-s4-A-GE-1-2,2012-s4,A,2012-s4-A-GE,P1818,P1567,3,7,P1567,set-scores
2012-s4-A-GE-1-3,2012-s4,A,2012-s4-A-GE,P1818,P1802,3,7,P1802,set-scores
2012-s4-A-GE-1-4,2012-s4,A,2012-s4-A-GE,P1818,P1251,1,9,P1251,set-scores
2012-s4-A-GE-1-5,2012-s4,A,2012-s4-A-GE,P1818,P1396,4,6,P1396,set-scores
2012-s4-A-GE-1-6,2012-s4,A,2012-s4-A-GE,P1818,P1536,2,8,P1536,set-scores
2012-s4-A-GE-2-3,2012-s4,A,2012-s4-A-GE,P1567,P1802,2,8,P1802,set-scores
2012-s4-A-GE-2-4,2012-s4,A,2012-s4-A-GE,P1567,P1251,2,8,P1251,set-scores
2012-s4-A-GE-2-5,2012-s4,A,2012-s4-A-GE,P1567,P1396,6,4,P1567,set-scores
2012-s4-A-GE-2-6,2012-s4,A,2012-s4-A-GE,P1567,P1536,7,3,P1567,set-scores
2012-s4-A-GE-3-4,2012-s4,A,2012-s4-A-GE,P1802,P1251,3,7,P1251,set-scores
2012-s4-A-GE-3-5,2012-s4,A,2012-s4-A-GE,P1802,P1396,6,4,P1802,set-scores
2012-s4-A-GE-3-6,2012-s4,A,2012-s4-A-GE,P1802,P1536,7,3,P1802,set-scores
2012-s4-A-GE-4-5,2012-s4,A,2012-s4-A-GE,P1251,P1396,8,2,P1251,set-scores
2012-s4-A-GE-4-6,2012-s4,A,2012-s4-A-GE,P1251,P1536,7,3,P1251,set-scores
2012-s4-A-GE-5-6,2012-s4,A,2012-s4-A-GE,P1396,P1536,7,3,P1396,set-scores
2012-s4-A-GF-0-1,2012-s4,A,2012-s4-A-GF,P1825,P1830,7,3,P1825,set-scores
2012-s4-A-GF-0-2,2012-s4,A,2012-s4-A-GF,P1825,P1202,4,6,P1202,set-scores
2012-s4-A-GF-0-3,2012-s4,A,2012-s4-A-GF,P1825,P1096,5,5,,set-scores
2012-s4-A-GF-0-5,2012-s4,A,2012-s4-A-GF,P1825,P1835,8,2,P1825,set-scores
2012-s4-A-GF-0-6,2012-s4,A,2012-s4-A-GF,P1825,P1824,6,4,P1825,set-scores
2012-s4-A-GF-1-2,2012-s4,A,2012-s4-A-GF,P1830,P1202,0,10,P1202,set-scores
2012-s4-A-GF-1-3,2012-s4,A,2012-s4-A-GF,P1830,P1096,4,6,P1096,set-scores
2012-s4-A-GF-1-4,2012-s4,A,2012-s4-A-GF,P1830,P1771,6,4,P1830,set-scores
2012-s4-A-GF-1-5,2012-s4,A,2012-s4-A-GF,P1830,P1835,6,4,P1830,set-scores
2012-s4-A-GF-1-6,2012-s4,A,2012-s4-A-GF,P1830,P1824,6,4,P1830,set-scores
2012-s4-A-GF-2-3,2012-s4,A,2012-s4-A-GF,P1202,P1096,8,2,P1202,set-scores
2012-s4-A-GF-2-4,2012-s4,A,2012-s4-A-GF,P1202,P1771,6,4,P1202,set-scores
2012-s4-A-GF-2-5,2012-s4,A,2012-s4-A-GF,P1202,P1835,7,3,P1202,set-scores
2012-s4-A-GF-2-6,2012-s4,A,2012-s4-A-GF,P1202,P1824,9,1,P1202,set-scores
2012-s4-A-GF-3-4,2012-s4,A,2012-s4-A-GF,P1096,P1771,7,3,P1096,set-scores
2012-s4-A-GF-3-5,2012-s4,A,2012-s4-A-GF,P1096,P1835,5,5,,set-scores
2012-s4-A-GF-3-6,2012-s4,A,2012-s4-A-GF,P1096,P1824,9,1,P1096,set-scores
2012-s4-B-GA-0-1,2012-s4,B,2012-s4-B-GA,P1381,P1850,8,2,P1381,set-scores
2012-s4-B-GA-0-2,2012-s4,B,2012-s4-B-GA,P1381,P1439,4,6,P1439,set-scores
2012-s4-B-GA-0-3,2012-s4,B,2012-s4-B-GA,P1381,P1750,2,8,P1750,set-scores
2012-s4-B-GA-0-4,2012-s4,B,2012-s4-B-GA,P1381,P1844,8,2,P1381,set-scores
2012-s4-B-GA-0-6,2012-s4,B,2012-s4-B-GA,P1381,P1760,6,4,P1381,set-scores
2012-s4-B-GA-1-2,2012-s4,B,2012-s4-B-GA,P1850,P1439,4,6,P1439,set-scores
2012-s4-B-GA-1-3,2012-s4,B,2012-s4-B-GA,P1850,P1750,4,6,P1750,set-scores
2012-s4-B-GA-2-3,2012-s4,B,2012-s4-B-GA,P1439,P1750,4,6,P1750,set-scores
2012-s4-B-GA-2-5,2012-s4,B,2012-s4-B-GA,P1439,P1742,3,7,P1742,set-scores
2012-s4-B-GA-2-6,2012-s4,B,2012-s4-B-GA,P1439,P1760,4,6,P1760,set-scores
2012-s4-B-GA-5-6,2012-s4,B,2012-s4-B-GA,P1742,P1760,6,4,P1742,set-scores
2012-s4-B-GB-0-1,2012-s4,B,2012-s4-B-GB,P0772,P1813,7,3,P0772,set-scores
2012-s4-B-GB-0-3,2012-s4,B,2012-s4-B-GB,P0772,P1717,4,6,P1717,set-scores
2012-s4-B-GB-0-5,2012-s4,B,2012-s4-B-GB,P0772,P1832,7,3,P0772,set-scores
2012-s4-B-GB-1-2,2012-s4,B,2012-s4-B-GB,P1813,P1777,6,4,P1813,set-scores
2012-s4-B-GB-1-3,2012-s4,B,2012-s4-B-GB,P1813,P1717,9,1,P1813,set-scores
2012-s4-B-GB-1-4,2012-s4,B,2012-s4-B-GB,P1813,P1798,4,6,P1798,set-scores
2012-s4-B-GB-1-5,2012-s4,B,2012-s4-B-GB,P1813,P1832,7,3,P1813,set-scores
2012-s4-B-GB-1-6,2012-s4,B,2012-s4-B-GB,P1813,P1837,10,0,P1813,set-scores
2012-s4-B-GB-2-3,2012-s4,B,2012-s4-B-GB,P1777,P1717,4,6,P1717,set-scores
2012-s4-B-GB-2-4,2012-s4,B,2012-s4-B-GB,P1777,P1798,6,4,P1777,set-scores
2012-s4-B-GB-2-6,2012-s4,B,2012-s4-B-GB,P1777,P1837,4,6,P1837,set-scores
2012-s4-B-GB-3-4,2012-s4,B,2012-s4-B-GB,P1717,P1798,9,1,P1717,set-scores
2012-s4-B-GB-3-5,2012-s4,B,2012-s4-B-GB,P1717,P1832,9,1,P1717,set-scores
2012-s4-B-GB-3-6,2012-s4,B,2012-s4-B-GB,P1717,P1837,6,4,P1717,set-scores
2012-s4-B-GB-4-6,2012-s4,B,2012-s4-B-GB,P1798,P1837,4,6,P1837,set-scores
2012-s4-B-GB-5-6,2012-s4,B,2012-s4-B-GB,P1832,P1837,4,6,P1837,set-scores
2012-s4-B-GC-0-1,2012-s4,B,2012-s4-B-GC,P1437,P1735,5,5,,set-scores
2012-s4-B-GC-0-4,2012-s4,B,2012-s4-B-GC,P1437,P1834,6,4,P1437,set-scores
2012-s4-B-GC-0-5,2012-s4,B,2012-s4-B-GC,P1437,P1664,6,4,P1437,set-scores
2012-s4-B-GC-0-6,2012-s4,B,2012-s4-B-GC,P1437,P1781,7,3,P1437,set-scores
2012-s4-B-GC-1-2,2012-s4,B,2012-s4-B-GC,P1735,P0327,6,4,P1735,set-scores
2012-s4-B-GC-1-3,2012-s4,B,2012-s4-B-GC,P1735,P1796,6,4,P1735,set-scores
2012-s4-B-GC-1-4,2012-s4,B,2012-s4-B-GC,P1735,P1834,10,0,P1735,set-scores
2012-s4-B-GC-1-5,2012-s4,B,2012-s4-B-GC,P1735,P1664,4,6,P1664,set-scores
2012-s4-B-GC-1-6,2012-s4,B,2012-s4-B-GC,P1735,P1781,7,3,P1735,set-scores
2012-s4-B-GC-3-6,2012-s4,B,2012-s4-B-GC,P1796,P1781,9,1,P1796,set-scores
2012-s4-B-GC-5-6,2012-s4,B,2012-s4-B-GC,P1664,P1781,6,4,P1664,set-scores
2012-s4-B-GD-0-1,2012-s4,B,2012-s4-B-GD,P1772,P1840,6,4,P1772,set-scores
2012-s4-B-GD-0-2,2012-s4,B,2012-s4-B-GD,P1772,P1786,4,6,P1786,set-scores
2012-s4-B-GD-0-3,2012-s4,B,2012-s4-B-GD,P1772,P1831,8,2,P1772,set-scores
2012-s4-B-GD-0-4,2012-s4,B,2012-s4-B-GD,P1772,P1794,6,4,P1772,set-scores
2012-s4-B-GD-0-5,2012-s4,B,2012-s4-B-GD,P1772,P1401,3,7,P1401,set-scores
2012-s4-B-GD-0-6,2012-s4,B,2012-s4-B-GD,P1772,P1800,8,2,P1772,set-scores
2012-s4-B-GD-1-2,2012-s4,B,2012-s4-B-GD,P1840,P1786,1,9,P1786,set-scores
2012-s4-B-GD-1-4,2012-s4,B,2012-s4-B-GD,P1840,P1794,3,7,P1794,set-scores
2012-s4-B-GD-2-3,2012-s4,B,2012-s4-B-GD,P1786,P1831,8,2,P1786,set-scores
2012-s4-B-GD-2-5,2012-s4,B,2012-s4-B-GD,P1786,P1401,4,6,P1401,set-scores
2012-s4-B-GD-2-6,2012-s4,B,2012-s4-B-GD,P1786,P1800,4,6,P1800,set-scores
2012-s4-B-GD-3-4,2012-s4,B,2012-s4-B-GD,P1831,P1794,1,9,P1794,set-scores
2012-s4-B-GD-3-5,2012-s4,B,2012-s4-B-GD,P1831,P1401,4,6,P1401,set-scores
2012-s4-B-GD-4-5,2012-s4,B,2012-s4-B-GD,P1794,P1401,5,5,,set-scores
2012-s4-B-GD-4-6,2012-s4,B,2012-s4-B-GD,P1794,P1800,8,2,P1794,set-scores
2012-s4-B-GD-5-6,2012-s4,B,2012-s4-B-GD,P1401,P1800,8,2,P1401,set-scores
2012-s4-B-GE-0-1,2012-s4,B,2012-s4-B-GE,P1739,P1806,8,2,P1739,set-scores
2012-s4-B-GE-0-2,2012-s4,B,2012-s4-B-GE,P1739,P1646,8,2,P1739,set-scores
2012-s4-B-GE-0-3,2012-s4,B,2012-s4-B-GE,P1739,P1829,4,6,P1829,set-scores
2012-s4-B-GE-0-4,2012-s4,B,2012-s4-B-GE,P1739,P1430,6,4,P1739,set-scores
2012-s4-B-GE-0-5,2012-s4,B,2012-s4-B-GE,P1739,P1643,6,4,P1739,set-scores
2012-s4-B-GE-0-6,2012-s4,B,2012-s4-B-GE,P1739,P1458,4,6,P1458,set-scores
2012-s4-B-GE-2-4,2012-s4,B,2012-s4-B-GE,P1646,P1430,3,7,P1430,set-scores
2012-s4-B-GE-3-4,2012-s4,B,2012-s4-B-GE,P1829,P1430,7,3,P1829,set-scores
2012-s4-B-GE-3-5,2012-s4,B,2012-s4-B-GE,P1829,P1643,4,6,P1643,set-scores
2012-s4-B-GE-3-6,2012-s4,B,2012-s4-B-GE,P1829,P1458,5,5,,set-scores
2012-s4-B-GE-4-5,2012-s4,B,2012-s4-B-GE,P1430,P1643,4,6,P1643,set-scores
2012-s4-B-GE-5-6,2012-s4,B,2012-s4-B-GE,P1643,P1458,4,6,P1458,set-scores
2012-s5-A-GA-0-1,2012-s5,A,2012-s5-A-GA,P1419,P1202,4,6,P1202,set-scores
2012-s5-A-GA-0-2,2012-s5,A,2012-s5-A-GA,P1419,P1526,8,2,P1419,set-scores
2012-s5-A-GA-0-5,2012-s5,A,2012-s5-A-GA,P1419,P0064,5,5,,set-scores
2012-s5-A-GA-0-6,2012-s5,A,2012-s5-A-GA,P1419,P0969,4,6,P0969,set-scores
2012-s5-A-GA-1-2,2012-s5,A,2012-s5-A-GA,P1202,P1526,6,4,P1202,set-scores
2012-s5-A-GA-1-3,2012-s5,A,2012-s5-A-GA,P1202,P1757,8,2,P1202,set-scores
2012-s5-A-GA-1-5,2012-s5,A,2012-s5-A-GA,P1202,P0064,9,1,P1202,set-scores
2012-s5-A-GA-1-6,2012-s5,A,2012-s5-A-GA,P1202,P0969,7,3,P1202,set-scores
2012-s5-A-GA-2-3,2012-s5,A,2012-s5-A-GA,P1526,P1757,4,6,P1757,set-scores
2012-s5-A-GA-2-5,2012-s5,A,2012-s5-A-GA,P1526,P0064,6,4,P1526,set-scores
2012-s5-A-GA-3-4,2012-s5,A,2012-s5-A-GA,P1757,P1316,6,4,P1757,set-scores
2012-s5-A-GA-3-5,2012-s5,A,2012-s5-A-GA,P1757,P0064,4,6,P0064,set-scores
2012-s5-A-GA-3-6,2012-s5,A,2012-s5-A-GA,P1757,P0969,5,5,,set-scores
2012-s5-A-GA-5-6,2012-s5,A,2012-s5-A-GA,P0064,P0969,4,6,P0969,set-scores
2012-s5-A-GB-0-2,2012-s5,A,2012-s5-A-GB,P0325,P0984,6,4,P0325,set-scores
2012-s5-A-GB-0-4,2012-s5,A,2012-s5-A-GB,P0325,P1793,4,6,P1793,set-scores
2012-s5-A-GB-0-6,2012-s5,A,2012-s5-A-GB,P0325,P1587,5,5,,set-scores
2012-s5-A-GB-1-4,2012-s5,A,2012-s5-A-GB,P1249,P1793,3,7,P1793,set-scores
2012-s5-A-GB-1-6,2012-s5,A,2012-s5-A-GB,P1249,P1587,6,4,P1249,set-scores
2012-s5-A-GB-2-3,2012-s5,A,2012-s5-A-GB,P0984,P0464,9,1,P0984,set-scores
2012-s5-A-GB-2-4,2012-s5,A,2012-s5-A-GB,P0984,P1793,6,4,P0984,set-scores
2012-s5-A-GB-2-6,2012-s5,A,2012-s5-A-GB,P0984,P1587,6,4,P0984,set-scores
2012-s5-A-GB-3-4,2012-s5,A,2012-s5-A-GB,P0464,P1793,4,6,P1793,set-scores
2012-s5-A-GB-3-5,2012-s5,A,2012-s5-A-GB,P0464,P1096,1,9,P1096,set-scores
2012-s5-A-GB-3-6,2012-s5,A,2012-s5-A-GB,P0464,P1587,1,9,P1587,set-scores
2012-s5-A-GB-4-5,2012-s5,A,2012-s5-A-GB,P1793,P1096,3,7,P1096,set-scores
2012-s5-A-GB-4-6,2012-s5,A,2012-s5-A-GB,P1793,P1587,2,8,P1587,set-scores
2012-s5-A-GB-5-6,2012-s5,A,2012-s5-A-GB,P1096,P1587,5,5,,set-scores
2012-s5-A-GC-0-1,2012-s5,A,2012-s5-A-GC,P1788,P0368,3,7,P0368,set-scores
2012-s5-A-GC-0-2,2012-s5,A,2012-s5-A-GC,P1788,P1808,4,6,P1808,set-scores
2012-s5-A-GC-0-3,2012-s5,A,2012-s5-A-GC,P1788,P1567,4,6,P1567,set-scores
2012-s5-A-GC-0-4,2012-s5,A,2012-s5-A-GC,P1788,P1270,7,3,P1788,set-scores
2012-s5-A-GC-0-5,2012-s5,A,2012-s5-A-GC,P1788,P1749,6,4,P1788,set-scores
2012-s5-A-GC-0-6,2012-s5,A,2012-s5-A-GC,P1788,P1846,9,1,P1788,set-scores
2012-s5-A-GC-1-2,2012-s5,A,2012-s5-A-GC,P0368,P1808,6,4,P0368,set-scores
2012-s5-A-GC-1-3,2012-s5,A,2012-s5-A-GC,P0368,P1567,4,6,P1567,set-scores
2012-s5-A-GC-1-4,2012-s5,A,2012-s5-A-GC,P0368,P1270,6,4,P0368,set-scores
2012-s5-A-GC-1-5,2012-s5,A,2012-s5-A-GC,P0368,P1749,8,2,P0368,set-scores
2012-s5-A-GC-1-6,2012-s5,A,2012-s5-A-GC,P0368,P1846,10,0,P0368,set-scores
2012-s5-A-GC-2-3,2012-s5,A,2012-s5-A-GC,P1808,P1567,6,4,P1808,set-scores
2012-s5-A-GC-2-4,2012-s5,A,2012-s5-A-GC,P1808,P1270,6,4,P1808,set-scores
2012-s5-A-GC-3-4,2012-s5,A,2012-s5-A-GC,P1567,P1270,7,3,P1567,set-scores
2012-s5-A-GC-3-5,2012-s5,A,2012-s5-A-GC,P1567,P1749,4,6,P1749,set-scores
2012-s5-A-GC-3-6,2012-s5,A,2012-s5-A-GC,P1567,P1846,7,3,P1567,set-scores
2012-s5-A-GC-4-5,2012-s5,A,2012-s5-A-GC,P1270,P1749,3,7,P1749,set-scores
2012-s5-A-GD-0-1,2012-s5,A,2012-s5-A-GD,P1765,P0182,6,4,P1765,set-scores
2012-s5-A-GD-0-2,2012-s5,A,2012-s5-A-GD,P1765,P1578,5,5,,set-scores
2012-s5-A-GD-0-3,2012-s5,A,2012-s5-A-GD,P1765,P1686,4,6,P1686,set-scores
2012-s5-A-GD-0-4,2012-s5,A,2012-s5-A-GD,P1765,P1830,7,3,P1765,set-scores
2012-s5-A-GD-0-5,2012-s5,A,2012-s5-A-GD,P1765,P1805,6,4,P1765,set-scores
2012-s5-A-GD-0-6,2012-s5,A,2012-s5-A-GD,P1765,P1085,7,3,P1765,set-scores
2012-s5-A-GD-1-2,2012-s5,A,2012-s5-A-GD,P0182,P1578,7,3,P0182,set-scores
2012-s5-A-GD-1-4,2012-s5,A,2012-s5-A-GD,P0182,P1830,8,2,P0182,set-scores
2012-s5-A-GD-1-5,2012-s5,A,2012-s5-A-GD,P0182,P1805,7,3,P0182,set-scores
2012-s5-A-GD-1-6,2012-s5,A,2012-s5-A-GD,P0182,P1085,7,3,P0182,set-scores
2012-s5-A-GD-2-4,2012-s5,A,2012-s5-A-GD,P1578,P1830,6,4,P1578,set-scores
2012-s5-A-GD-2-5,2012-s5,A,2012-s5-A-GD,P1578,P1805,2,8,P1805,set-scores
2012-s5-A-GD-2-6,2012-s5,A,2012-s5-A-GD,P1578,P1085,2,8,P1085,set-scores
2012-s5-A-GD-3-5,2012-s5,A,2012-s5-A-GD,P1686,P1805,6,4,P1686,set-scores
2012-s5-A-GD-4-6,2012-s5,A,2012-s5-A-GD,P1830,P1085,4,6,P1085,set-scores
2012-s5-A-GD-5-6,2012-s5,A,2012-s5-A-GD,P1805,P1085,1,9,P1085,set-scores
2012-s5-A-GE-0-1,2012-s5,A,2012-s5-A-GE,P1758,P1809,6,4,P1758,set-scores
2012-s5-A-GE-0-2,2012-s5,A,2012-s5-A-GE,P1758,P1732,3,7,P1732,set-scores
2012-s5-A-GE-0-3,2012-s5,A,2012-s5-A-GE,P1758,P1835,6,4,P1758,set-scores
2012-s5-A-GE-0-4,2012-s5,A,2012-s5-A-GE,P1758,P1531,5,5,,set-scores
2012-s5-A-GE-0-5,2012-s5,A,2012-s5-A-GE,P1758,P1851,6,4,P1758,set-scores
2012-s5-A-GE-0-6,2012-s5,A,2012-s5-A-GE,P1758,P1841,8,2,P1758,set-scores
2012-s5-A-GE-1-2,2012-s5,A,2012-s5-A-GE,P1809,P1732,3,7,P1732,set-scores
2012-s5-A-GE-1-4,2012-s5,A,2012-s5-A-GE,P1809,P1531,4,6,P1531,set-scores
2012-s5-A-GE-1-5,2012-s5,A,2012-s5-A-GE,P1809,P1851,6,4,P1809,set-scores
2012-s5-A-GE-1-6,2012-s5,A,2012-s5-A-GE,P1809,P1841,4,6,P1841,set-scores
2012-s5-A-GE-2-3,2012-s5,A,2012-s5-A-GE,P1732,P1835,8,2,P1732,set-scores
2012-s5-A-GE-2-4,2012-s5,A,2012-s5-A-GE,P1732,P1531,6,4,P1732,set-scores
2012-s5-A-GE-2-5,2012-s5,A,2012-s5-A-GE,P1732,P1851,5,5,,set-scores
2012-s5-A-GE-2-6,2012-s5,A,2012-s5-A-GE,P1732,P1841,8,2,P1732,set-scores
2012-s5-A-GE-3-4,2012-s5,A,2012-s5-A-GE,P1835,P1531,4,6,P1531,set-scores
2012-s5-A-GE-4-5,2012-s5,A,2012-s5-A-GE,P1531,P1851,2,8,P1851,set-scores
2012-s5-A-GE-4-6,2012-s5,A,2012-s5-A-GE,P1531,P1841,7,3,P1531,set-scores
2012-s5-A-GE-5-6,2012-s5,A,2012-s5-A-GE,P1851,P1841,8,2,P1851,set-scores
2012-s5-B-GA-0-1,2012-s5,B,2012-s5-B-GA,P1828,P1824,1,9,P1824,set-scores
2012-s5-B-GA-0-2,2012-s5,B,2012-s5-B-GA,P1828,P0772,4,6,P0772,set-scores
2012-s5-B-GA-0-3,2012-s5,B,2012-s5-B-GA,P1828,P1807,4,6,P1807,set-scores
2012-s5-B-GA-0-4,2012-s5,B,2012-s5-B-GA,P1828,P1762,8,2,P1828,set-scores
2012-s5-B-GA-0-6,2012-s5,B,2012-s5-B-GA,P1828,P1857,7,3,P1828,set-scores
2012-s5-B-GA-1-2,2012-s5,B,2012-s5-B-GA,P1824,P0772,5,5,,set-scores
2012-s5-B-GA-1-3,2012-s5,B,2012-s5-B-GA,P1824,P1807,6,4,P1824,set-scores
2012-s5-B-GA-1-4,2012-s5,B,2012-s5-B-GA,P1824,P1762,8,2,P1824,set-scores
2012-s5-B-GA-1-5,2012-s5,B,2012-s5-B-GA,P1824,P1458,10,0,P1824,set-scores
2012-s5-B-GA-2-3,2012-s5,B,2012-s5-B-GA,P0772,P1807,4,6,P1807,set-scores
2012-s5-B-GA-3-4,2012-s5,B,2012-s5-B-GA,P1807,P1762,6,4,P1807,set-scores
2012-s5-B-GA-3-5,2012-s5,B,2012-s5-B-GA,P1807,P1458,8,2,P1807,set-scores
2012-s5-B-GA-3-6,2012-s5,B,2012-s5-B-GA,P1807,P1857,6,4,P1807,set-scores
2012-s5-B-GA-4-6,2012-s5,B,2012-s5-B-GA,P1762,P1857,4,6,P1857,set-scores
2012-s5-B-GB-0-1,2012-s5,B,2012-s5-B-GB,P1855,P1717,3,7,P1717,set-scores
2012-s5-B-GB-0-4,2012-s5,B,2012-s5-B-GB,P1855,P1536,4,6,P1536,set-scores
2012-s5-B-GB-1-2,2012-s5,B,2012-s5-B-GB,P1717,P1786,8,2,P1717,set-scores
2012-s5-B-GB-1-3,2012-s5,B,2012-s5-B-GB,P1717,P1586,3,7,P1586,set-scores
2012-s5-B-GB-1-4,2012-s5,B,2012-s5-B-GB,P1717,P1536,5,5,,set-scores
2012-s5-B-GB-1-5,2012-s5,B,2012-s5-B-GB,P1717,P1784,6,4,P1717,set-scores
2012-s5-B-GB-1-6,2012-s5,B,2012-s5-B-GB,P1717,P1797,6,4,P1717,set-scores
2012-s5-B-GB-2-3,2012-s5,B,2012-s5-B-GB,P1786,P1586,6,4,P1786,set-scores
2012-s5-B-GB-2-4,2012-s5,B,2012-s5-B-GB,P1786,P1536,3,7,P1536,set-scores
2012-s5-B-GB-2-5,2012-s5,B,2012-s5-B-GB,P1786,P1784,6,4,P1786,set-scores
2012-s5-B-GB-2-6,2012-s5,B,2012-s5-B-GB,P1786,P1797,7,3,P1786,set-scores
2012-s5-B-GB-3-4,2012-s5,B,2012-s5-B-GB,P1586,P1536,5,5,,set-scores
2012-s5-B-GB-3-5,2012-s5,B,2012-s5-B-GB,P1586,P1784,5,5,,set-scores
2012-s5-B-GB-4-5,2012-s5,B,2012-s5-B-GB,P1536,P1784,8,2,P1536,set-scores
2012-s5-B-GB-4-6,2012-s5,B,2012-s5-B-GB,P1536,P1797,7,3,P1536,set-scores
2012-s5-B-GC-0-2,2012-s5,B,2012-s5-B-GC,P1768,P1833,8,2,P1768,set-scores
2012-s5-B-GC-0-3,2012-s5,B,2012-s5-B-GC,P1768,P1381,5,5,,set-scores
2012-s5-B-GC-0-4,2012-s5,B,2012-s5-B-GC,P1768,P1763,5,5,,set-scores
2012-s5-B-GC-0-5,2012-s5,B,2012-s5-B-GC,P1768,P1818,6,4,P1768,set-scores
2012-s5-B-GC-0-6,2012-s5,B,2012-s5-B-GC,P1768,P1736,9,1,P1768,set-scores
2012-s5-B-GC-1-4,2012-s5,B,2012-s5-B-GC,P1771,P1763,4,6,P1763,set-scores
2012-s5-B-GC-2-4,2012-s5,B,2012-s5-B-GC,P1833,P1763,3,7,P1763,set-scores
2012-s5-B-GC-2-5,2012-s5,B,2012-s5-B-GC,P1833,P1818,3,7,P1818,set-scores
2012-s5-B-GC-2-6,2012-s5,B,2012-s5-B-GC,P1833,P1736,5,5,,set-scores
2012-s5-B-GC-3-4,2012-s5,B,2012-s5-B-GC,P1381,P1763,4,6,P1763,set-scores
2012-s5-B-GC-3-5,2012-s5,B,2012-s5-B-GC,P1381,P1818,3,7,P1818,set-scores
2012-s5-B-GC-4-5,2012-s5,B,2012-s5-B-GC,P1763,P1818,3,7,P1818,set-scores
2012-s5-B-GC-4-6,2012-s5,B,2012-s5-B-GC,P1763,P1736,9,1,P1763,set-scores
2012-s5-B-GC-5-6,2012-s5,B,2012-s5-B-GC,P1818,P1736,10,0,P1818,set-scores
2012-s5-B-GD-0-1,2012-s5,B,2012-s5-B-GD,P1733,P1813,3,7,P1813,set-scores
2012-s5-B-GD-0-2,2012-s5,B,2012-s5-B-GD,P1733,P1837,10,0,P1733,set-scores
2012-s5-B-GD-0-3,2012-s5,B,2012-s5-B-GD,P1733,P1730,6,4,P1733,set-scores
2012-s5-B-GD-0-4,2012-s5,B,2012-s5-B-GD,P1733,P1826,5,5,,set-scores
2012-s5-B-GD-0-5,2012-s5,B,2012-s5-B-GD,P1733,P1604,0,10,P1604,set-scores
2012-s5-B-GD-0-6,2012-s5,B,2012-s5-B-GD,P1733,P0327,1,9,P0327,set-scores
2012-s5-B-GD-1-2,2012-s5,B,2012-s5-B-GD,P1813,P1837,5,5,,set-scores
2012-s5-B-GD-1-3,2012-s5,B,2012-s5-B-GD,P1813,P1730,6,4,P1813,set-scores
2012-s5-B-GD-1-4,2012-s5,B,2012-s5-B-GD,P1813,P1826,6,4,P1813,set-scores
2012-s5-B-GD-1-5,2012-s5,B,2012-s5-B-GD,P1813,P1604,1,9,P1604,set-scores
2012-s5-B-GD-1-6,2012-s5,B,2012-s5-B-GD,P1813,P0327,6,4,P1813,set-scores
2012-s5-B-GD-2-3,2012-s5,B,2012-s5-B-GD,P1837,P1730,6,4,P1837,set-scores
2012-s5-B-GD-2-4,2012-s5,B,2012-s5-B-GD,P1837,P1826,3,7,P1826,set-scores
2012-s5-B-GD-2-6,2012-s5,B,2012-s5-B-GD,P1837,P0327,4,6,P0327,set-scores
2012-s5-B-GD-3-4,2012-s5,B,2012-s5-B-GD,P1730,P1826,6,4,P1730,set-scores
2012-s5-B-GD-3-5,2012-s5,B,2012-s5-B-GD,P1730,P1604,2,8,P1604,set-scores
2012-s5-B-GD-3-6,2012-s5,B,2012-s5-B-GD,P1730,P0327,4,6,P0327,set-scores
2012-s5-B-GD-4-5,2012-s5,B,2012-s5-B-GD,P1826,P1604,10,0,P1826,set-scores
2012-s5-B-GD-4-6,2012-s5,B,2012-s5-B-GD,P1826,P0327,6,4,P1826,set-scores
2013-s1-A-GA-0-1,2013-s1,A,2013-s1-A-GA,P0969,P1567,8,2,P0969,set-scores
2013-s1-A-GA-0-2,2013-s1,A,2013-s1-A-GA,P0969,P1757,4,6,P1757,set-scores
2013-s1-A-GA-0-3,2013-s1,A,2013-s1-A-GA,P0969,P0064,5,5,,set-scores
2013-s1-A-GA-0-4,2013-s1,A,2013-s1-A-GA,P0969,P1918,6,4,P0969,set-scores
2013-s1-A-GA-0-5,2013-s1,A,2013-s1-A-GA,P0969,P1821,4,6,P1821,set-scores
2013-s1-A-GA-0-6,2013-s1,A,2013-s1-A-GA,P0969,P1801,8,2,P0969,set-scores
2013-s1-A-GA-1-2,2013-s1,A,2013-s1-A-GA,P1567,P1757,6,4,P1567,set-scores
2013-s1-A-GA-1-3,2013-s1,A,2013-s1-A-GA,P1567,P0064,6,4,P1567,set-scores
2013-s1-A-GA-1-5,2013-s1,A,2013-s1-A-GA,P1567,P1821,6,4,P1567,set-scores
2013-s1-A-GA-2-3,2013-s1,A,2013-s1-A-GA,P1757,P0064,6,4,P1757,set-scores
2013-s1-A-GA-2-4,2013-s1,A,2013-s1-A-GA,P1757,P1918,9,1,P1757,set-scores
2013-s1-A-GA-2-5,2013-s1,A,2013-s1-A-GA,P1757,P1821,2,8,P1821,set-scores
2013-s1-A-GA-3-5,2013-s1,A,2013-s1-A-GA,P0064,P1821,4,6,P1821,set-scores
2013-s1-A-GA-4-6,2013-s1,A,2013-s1-A-GA,P1918,P1801,3,7,P1801,set-scores
2013-s1-A-GA-5-6,2013-s1,A,2013-s1-A-GA,P1821,P1801,6,4,P1821,set-scores
2013-s1-A-GB-0-1,2013-s1,A,2013-s1-A-GB,P1791,P1793,3,7,P1793,set-scores
2013-s1-A-GB-0-2,2013-s1,A,2013-s1-A-GB,P1791,P1096,6,4,P1791,set-scores
2013-s1-A-GB-0-3,2013-s1,A,2013-s1-A-GB,P1791,P1830,6,4,P1791,set-scores
2013-s1-A-GB-0-4,2013-s1,A,2013-s1-A-GB,P1791,P1396,7,3,P1791,set-scores
2013-s1-A-GB-0-5,2013-s1,A,2013-s1-A-GB,P1791,P1874,6,0,P1791,set-scores
2013-s1-A-GB-0-6,2013-s1,A,2013-s1-A-GB,P1791,P0772,6,4,P1791,set-scores
2013-s1-A-GB-1-2,2013-s1,A,2013-s1-A-GB,P1793,P1096,4,6,P1096,set-scores
2013-s1-A-GB-1-3,2013-s1,A,2013-s1-A-GB,P1793,P1830,5,5,,set-scores
2013-s1-A-GB-1-4,2013-s1,A,2013-s1-A-GB,P1793,P1396,5,5,,set-scores
2013-s1-A-GB-1-5,2013-s1,A,2013-s1-A-GB,P1793,P1874,6,4,P1793,set-scores
2013-s1-A-GB-1-6,2013-s1,A,2013-s1-A-GB,P1793,P0772,4,6,P0772,set-scores
2013-s1-A-GB-2-3,2013-s1,A,2013-s1-A-GB,P1096,P1830,8,2,P1096,set-scores
2013-s1-A-GB-2-4,2013-s1,A,2013-s1-A-GB,P1096,P1396,7,3,P1096,set-scores
2013-s1-A-GB-2-5,2013-s1,A,2013-s1-A-GB,P1096,P1874,7,3,P1096,set-scores
2013-s1-A-GB-2-6,2013-s1,A,2013-s1-A-GB,P1096,P0772,4,6,P0772,set-scores
2013-s1-A-GB-3-4,2013-s1,A,2013-s1-A-GB,P1830,P1396,7,3,P1830,set-scores
2013-s1-A-GB-3-5,2013-s1,A,2013-s1-A-GB,P1830,P1874,6,4,P1830,set-scores
2013-s1-A-GB-3-6,2013-s1,A,2013-s1-A-GB,P1830,P0772,8,2,P1830,set-scores
2013-s1-A-GB-4-5,2013-s1,A,2013-s1-A-GB,P1396,P1874,6,2,P1396,set-scores
2013-s1-A-GB-4-6,2013-s1,A,2013-s1-A-GB,P1396,P0772,8,2,P1396,set-scores
2013-s1-A-GB-5-6,2013-s1,A,2013-s1-A-GB,P1874,P0772,3,7,P0772,set-scores
2013-s1-A-GC-0-1,2013-s1,A,2013-s1-A-GC,P1732,P1419,7,3,P1732,set-scores
2013-s1-A-GC-0-2,2013-s1,A,2013-s1-A-GC,P1732,P1531,3,7,P1531,set-scores
2013-s1-A-GC-0-3,2013-s1,A,2013-s1-A-GC,P1732,P1588,6,4,P1732,set-scores
2013-s1-A-GC-0-4,2013-s1,A,2013-s1-A-GC,P1732,P1734,5,5,,set-scores
2013-s1-A-GC-0-5,2013-s1,A,2013-s1-A-GC,P1732,P1183,9,1,P1732,set-scores
2013-s1-A-GC-1-2,2013-s1,A,2013-s1-A-GC,P1419,P1531,8,2,P1419,set-scores
2013-s1-A-GC-1-3,2013-s1,A,2013-s1-A-GC,P1419,P1588,4,6,P1588,set-scores
2013-s1-A-GC-1-5,2013-s1,A,2013-s1-A-GC,P1419,P1183,6,4,P1419,set-scores
2013-s1-A-GC-1-6,2013-s1,A,2013-s1-A-GC,P1419,P0076,6,4,P1419,set-scores
2013-s1-A-GC-2-3,2013-s1,A,2013-s1-A-GC,P1531,P1588,3,7,P1588,set-scores
2013-s1-A-GC-2-4,2013-s1,A,2013-s1-A-GC,P1531,P1734,7,3,P1531,set-scores
2013-s1-A-GC-2-5,2013-s1,A,2013-s1-A-GC,P1531,P1183,8,2,P1531,set-scores
2013-s1-A-GC-3-4,2013-s1,A,2013-s1-A-GC,P1588,P1734,7,3,P1588,set-scores
2013-s1-A-GC-3-5,2013-s1,A,2013-s1-A-GC,P1588,P1183,10,0,P1588,set-scores
2013-s1-A-GC-4-5,2013-s1,A,2013-s1-A-GC,P1734,P1183,8,2,P1734,set-scores
2013-s1-A-GC-4-6,2013-s1,A,2013-s1-A-GC,P1734,P0076,6,4,P1734,set-scores
2013-s1-A-GD-0-1,2013-s1,A,2013-s1-A-GD,P1802,P0464,7,3,P1802,set-scores
2013-s1-A-GD-0-3,2013-s1,A,2013-s1-A-GD,P1802,P1270,6,4,P1802,set-scores
2013-s1-A-GD-0-4,2013-s1,A,2013-s1-A-GD,P1802,P1526,4,6,P1526,set-scores
2013-s1-A-GD-0-5,2013-s1,A,2013-s1-A-GD,P1802,P0709,4,6,P0709,set-scores
2013-s1-A-GD-0-6,2013-s1,A,2013-s1-A-GD,P1802,P1435,6,2,P1802,set-scores
2013-s1-A-GD-1-3,2013-s1,A,2013-s1-A-GD,P0464,P1270,6,4,P0464,set-scores
2013-s1-A-GD-1-4,2013-s1,A,2013-s1-A-GD,P0464,P1526,4,6,P1526,set-scores
2013-s1-A-GD-1-5,2013-s1,A,2013-s1-A-GD,P0464,P0709,4,6,P0709,set-scores
2013-s1-A-GD-1-6,2013-s1,A,2013-s1-A-GD,P0464,P1435,4,6,P1435,set-scores
2013-s1-A-GD-2-3,2013-s1,A,2013-s1-A-GD,P1860,P1270,4,6,P1270,set-scores
2013-s1-A-GD-2-4,2013-s1,A,2013-s1-A-GD,P1860,P1526,6,4,P1860,set-scores
2013-s1-A-GD-2-5,2013-s1,A,2013-s1-A-GD,P1860,P0709,3,7,P0709,set-scores
2013-s1-A-GD-3-4,2013-s1,A,2013-s1-A-GD,P1270,P1526,6,4,P1270,set-scores
2013-s1-A-GD-3-5,2013-s1,A,2013-s1-A-GD,P1270,P0709,6,4,P1270,set-scores
2013-s1-A-GD-3-6,2013-s1,A,2013-s1-A-GD,P1270,P1435,6,4,P1270,set-scores
2013-s1-A-GD-4-5,2013-s1,A,2013-s1-A-GD,P1526,P0709,4,6,P0709,set-scores
2013-s1-A-GD-4-6,2013-s1,A,2013-s1-A-GD,P1526,P1435,6,0,P1526,set-scores
2013-s1-A-GE-0-1,2013-s1,A,2013-s1-A-GE,P1202,P1825,4,6,P1825,set-scores
2013-s1-A-GE-0-2,2013-s1,A,2013-s1-A-GE,P1202,P1587,5,5,,set-scores
2013-s1-A-GE-0-3,2013-s1,A,2013-s1-A-GE,P1202,P1788,8,2,P1202,set-scores
2013-s1-A-GE-0-4,2013-s1,A,2013-s1-A-GE,P1202,P1809,6,4,P1202,set-scores
2013-s1-A-GE-0-5,2013-s1,A,2013-s1-A-GE,P1202,P1895,6,4,P1202,set-scores
2013-s1-A-GE-1-2,2013-s1,A,2013-s1-A-GE,P1825,P1587,3,7,P1587,set-scores
2013-s1-A-GE-1-3,2013-s1,A,2013-s1-A-GE,P1825,P1788,6,4,P1825,set-scores
2013-s1-A-GE-1-5,2013-s1,A,2013-s1-A-GE,P1825,P1895,6,4,P1825,set-scores
2013-s1-A-GE-1-6,2013-s1,A,2013-s1-A-GE,P1825,P1868,6,4,P1825,set-scores
2013-s1-A-GE-2-3,2013-s1,A,2013-s1-A-GE,P1587,P1788,4,6,P1788,set-scores
2013-s1-A-GE-2-4,2013-s1,A,2013-s1-A-GE,P1587,P1809,4,6,P1809,set-scores
2013-s1-A-GE-2-5,2013-s1,A,2013-s1-A-GE,P1587,P1895,8,2,P1587,set-scores
2013-s1-A-GE-2-6,2013-s1,A,2013-s1-A-GE,P1587,P1868,9,1,P1587,set-scores
2013-s1-A-GE-3-4,2013-s1,A,2013-s1-A-GE,P1788,P1809,6,4,P1788,set-scores
2013-s1-A-GE-3-5,2013-s1,A,2013-s1-A-GE,P1788,P1895,3,7,P1895,set-scores
2013-s1-A-GE-4-5,2013-s1,A,2013-s1-A-GE,P1809,P1895,4,6,P1895,set-scores
2013-s1-A-GE-5-6,2013-s1,A,2013-s1-A-GE,P1895,P1868,6,4,P1895,set-scores
2013-s1-B-GA-0-1,2013-s1,B,2013-s1-B-GA,P1807,P1395,6,4,P1807,set-scores
2013-s1-B-GA-0-2,2013-s1,B,2013-s1-B-GA,P1807,P1731,3,7,P1731,set-scores
2013-s1-B-GA-0-3,2013-s1,B,2013-s1-B-GA,P1807,P1730,7,3,P1807,set-scores
2013-s1-B-GA-0-4,2013-s1,B,2013-s1-B-GA,P1807,P1735,7,3,P1807,set-scores
2013-s1-B-GA-0-5,2013-s1,B,2013-s1-B-GA,P1807,P1863,6,4,P1807,set-scores
2013-s1-B-GA-0-6,2013-s1,B,2013-s1-B-GA,P1807,P1890,7,3,P1807,set-scores
2013-s1-B-GA-1-3,2013-s1,B,2013-s1-B-GA,P1395,P1730,5,5,,set-scores
2013-s1-B-GA-1-4,2013-s1,B,2013-s1-B-GA,P1395,P1735,6,4,P1395,set-scores
2013-s1-B-GA-1-5,2013-s1,B,2013-s1-B-GA,P1395,P1863,6,4,P1395,set-scores
2013-s1-B-GA-2-4,2013-s1,B,2013-s1-B-GA,P1731,P1735,8,2,P1731,set-scores
2013-s1-B-GA-2-5,2013-s1,B,2013-s1-B-GA,P1731,P1863,4,6,P1863,set-scores
2013-s1-B-GA-3-5,2013-s1,B,2013-s1-B-GA,P1730,P1863,6,4,P1730,set-scores
2013-s1-B-GA-3-6,2013-s1,B,2013-s1-B-GA,P1730,P1890,6,4,P1730,set-scores
2013-s1-B-GA-4-5,2013-s1,B,2013-s1-B-GA,P1735,P1863,7,3,P1735,set-scores
2013-s1-B-GA-4-6,2013-s1,B,2013-s1-B-GA,P1735,P1890,6,4,P1735,set-scores
2013-s1-B-GA-5-6,2013-s1,B,2013-s1-B-GA,P1863,P1890,3,7,P1890,set-scores
2013-s1-B-GB-0-1,2013-s1,B,2013-s1-B-GB,P1523,P1763,6,4,P1523,set-scores
2013-s1-B-GB-0-2,2013-s1,B,2013-s1-B-GB,P1523,P1138,6,1,P1523,set-scores
2013-s1-B-GB-0-3,2013-s1,B,2013-s1-B-GB,P1523,P1381,8,2,P1523,set-scores
2013-s1-B-GB-0-4,2013-s1,B,2013-s1-B-GB,P1523,P1903,7,3,P1523,set-scores
2013-s1-B-GB-0-5,2013-s1,B,2013-s1-B-GB,P1523,P1805,7,3,P1523,set-scores
2013-s1-B-GB-1-2,2013-s1,B,2013-s1-B-GB,P1763,P1138,7,3,P1763,set-scores
2013-s1-B-GB-1-3,2013-s1,B,2013-s1-B-GB,P1763,P1381,6,0,P1763,set-scores
2013-s1-B-GB-1-4,2013-s1,B,2013-s1-B-GB,P1763,P1903,6,4,P1763,set-scores
2013-s1-B-GB-1-5,2013-s1,B,2013-s1-B-GB,P1763,P1805,2,8,P1805,set-scores
2013-s1-B-GB-1-6,2013-s1,B,2013-s1-B-GB,P1763,P1875,9,1,P1763,set-scores
2013-s1-B-GB-2-4,2013-s1,B,2013-s1-B-GB,P1138,P1903,7,3,P1138,set-scores
2013-s1-B-GB-2-5,2013-s1,B,2013-s1-B-GB,P1138,P1805,6,4,P1138,set-scores
2013-s1-B-GB-3-5,2013-s1,B,2013-s1-B-GB,P1381,P1805,6,4,P1381,set-scores
2013-s1-B-GB-4-5,2013-s1,B,2013-s1-B-GB,P1903,P1805,2,8,P1805,set-scores
2013-s1-B-GB-5-6,2013-s1,B,2013-s1-B-GB,P1805,P1875,8,2,P1805,set-scores
2013-s1-B-GC-0-1,2013-s1,B,2013-s1-B-GC,P1736,P1862,1,9,P1862,set-scores
2013-s1-B-GC-0-3,2013-s1,B,2013-s1-B-GC,P1736,P1887,4,6,P1887,set-scores
2013-s1-B-GC-0-4,2013-s1,B,2013-s1-B-GC,P1736,P1762,4,6,P1762,set-scores
2013-s1-B-GC-0-5,2013-s1,B,2013-s1-B-GC,P1736,P1930,4,6,P1930,set-scores
2013-s1-B-GC-0-6,2013-s1,B,2013-s1-B-GC,P1736,P1900,6,0,P1736,set-scores
2013-s1-B-GC-1-2,2013-s1,B,2013-s1-B-GC,P1862,P1798,6,4,P1862,set-scores
2013-s1-B-GC-1-3,2013-s1,B,2013-s1-B-GC,P1862,P1887,6,4,P1862,set-scores
2013-s1-B-GC-1-4,2013-s1,B,2013-s1-B-GC,P1862,P1762,9,1,P1862,set-scores
2013-s1-B-GC-1-5,2013-s1,B,2013-s1-B-GC,P1862,P1930,7,3,P1862,set-scores
2013-s1-B-GC-1-6,2013-s1,B,2013-s1-B-GC,P1862,P1900,8,2,P1862,set-scores
2013-s1-B-GC-2-4,2013-s1,B,2013-s1-B-GC,P1798,P1762,7,3,P1798,set-scores
2013-s1-B-GC-2-5,2013-s1,B,2013-s1-B-GC,P1798,P1930,2,8,P1930,set-scores
2013-s1-B-GC-2-6,2013-s1,B,2013-s1-B-GC,P1798,P1900,4,6,P1900,set-scores
2013-s1-B-GC-3-5,2013-s1,B,2013-s1-B-GC,P1887,P1930,4,6,P1930,set-scores
2013-s1-B-GC-3-6,2013-s1,B,2013-s1-B-GC,P1887,P1900,6,4,P1887,set-scores
2013-s1-B-GC-4-5,2013-s1,B,2013-s1-B-GC,P1762,P1930,2,8,P1930,set-scores
2013-s1-B-GC-4-6,2013-s1,B,2013-s1-B-GC,P1762,P1900,7,3,P1762,set-scores
2013-s1-B-GC-5-6,2013-s1,B,2013-s1-B-GC,P1930,P1900,7,3,P1930,set-scores
2013-s1-B-GD-0-1,2013-s1,B,2013-s1-B-GD,P1913,P1768,4,6,P1768,set-scores
2013-s1-B-GD-0-3,2013-s1,B,2013-s1-B-GD,P1913,P1733,4,6,P1733,set-scores
2013-s1-B-GD-0-4,2013-s1,B,2013-s1-B-GD,P1913,P1786,2,8,P1786,set-scores
2013-s1-B-GD-0-5,2013-s1,B,2013-s1-B-GD,P1913,P1604,0,10,P1604,set-scores
2013-s1-B-GD-0-6,2013-s1,B,2013-s1-B-GD,P1913,P1664,3,7,P1664,set-scores
2013-s1-B-GD-1-2,2013-s1,B,2013-s1-B-GD,P1768,P1878,6,4,P1768,set-scores
2013-s1-B-GD-1-3,2013-s1,B,2013-s1-B-GD,P1768,P1733,4,6,P1733,set-scores
2013-s1-B-GD-1-5,2013-s1,B,2013-s1-B-GD,P1768,P1604,4,6,P1604,set-scores
2013-s1-B-GD-2-3,2013-s1,B,2013-s1-B-GD,P1878,P1733,3,7,P1733,set-scores
2013-s1-B-GD-2-4,2013-s1,B,2013-s1-B-GD,P1878,P1786,4,6,P1786,set-scores
2013-s1-B-GD-2-5,2013-s1,B,2013-s1-B-GD,P1878,P1604,0,10,P1604,set-scores
2013-s1-B-GD-3-4,2013-s1,B,2013-s1-B-GD,P1733,P1786,3,7,P1786,set-scores
2013-s1-B-GD-3-5,2013-s1,B,2013-s1-B-GD,P1733,P1604,2,8,P1604,set-scores
2013-s1-B-GD-3-6,2013-s1,B,2013-s1-B-GD,P1733,P1664,3,7,P1664,set-scores
2013-s1-B-GD-4-5,2013-s1,B,2013-s1-B-GD,P1786,P1604,0,10,P1604,set-scores
2013-s2-A-GA-0-1,2013-s2,A,2013-s2-A-GA,P0709,P1096,6,4,P0709,set-scores
2013-s2-A-GA-0-2,2013-s2,A,2013-s2-A-GA,P0709,P0464,8,2,P0709,set-scores
2013-s2-A-GA-0-4,2013-s2,A,2013-s2-A-GA,P0709,P1813,7,3,P0709,set-scores
2013-s2-A-GA-0-6,2013-s2,A,2013-s2-A-GA,P0709,P0182,6,4,P0709,set-scores
2013-s2-A-GA-1-2,2013-s2,A,2013-s2-A-GA,P1096,P0464,7,3,P1096,set-scores
2013-s2-A-GA-1-3,2013-s2,A,2013-s2-A-GA,P1096,P1523,6,4,P1096,set-scores
2013-s2-A-GA-1-4,2013-s2,A,2013-s2-A-GA,P1096,P1813,4,6,P1813,set-scores
2013-s2-A-GA-1-6,2013-s2,A,2013-s2-A-GA,P1096,P0182,4,6,P0182,set-scores
2013-s2-A-GA-2-4,2013-s2,A,2013-s2-A-GA,P0464,P1813,6,4,P0464,set-scores
2013-s2-A-GA-2-6,2013-s2,A,2013-s2-A-GA,P0464,P0182,7,3,P0464,set-scores
2013-s2-A-GA-3-5,2013-s2,A,2013-s2-A-GA,P1523,P1737,3,7,P1737,set-scores
2013-s2-A-GA-3-6,2013-s2,A,2013-s2-A-GA,P1523,P0182,4,6,P0182,set-scores
2013-s2-A-GA-4-5,2013-s2,A,2013-s2-A-GA,P1813,P1737,5,5,,set-scores
2013-s2-A-GA-4-6,2013-s2,A,2013-s2-A-GA,P1813,P0182,4,6,P0182,set-scores
2013-s2-A-GA-5-6,2013-s2,A,2013-s2-A-GA,P1737,P0182,6,4,P1737,set-scores
2013-s2-A-GB-0-1,2013-s2,A,2013-s2-A-GB,P1531,P1567,6,4,P1531,set-scores
2013-s2-A-GB-0-2,2013-s2,A,2013-s2-A-GB,P1531,P1768,5,5,,set-scores
2013-s2-A-GB-0-3,2013-s2,A,2013-s2-A-GB,P1531,P1316,5,5,,set-scores
2013-s2-A-GB-0-4,2013-s2,A,2013-s2-A-GB,P1531,P1396,6,4,P1531,set-scores
2013-s2-A-GB-0-5,2013-s2,A,2013-s2-A-GB,P1531,P1769,8,2,P1531,set-scores
2013-s2-A-GB-0-6,2013-s2,A,2013-s2-A-GB,P1531,P1757,6,4,P1531,set-scores
2013-s2-A-GB-1-2,2013-s2,A,2013-s2-A-GB,P1567,P1768,8,2,P1567,set-scores
2013-s2-A-GB-1-3,2013-s2,A,2013-s2-A-GB,P1567,P1316,7,3,P1567,set-scores
2013-s2-A-GB-1-4,2013-s2,A,2013-s2-A-GB,P1567,P1396,4,6,P1396,set-scores
2013-s2-A-GB-1-5,2013-s2,A,2013-s2-A-GB,P1567,P1769,6,4,P1567,set-scores
2013-s2-A-GB-1-6,2013-s2,A,2013-s2-A-GB,P1567,P1757,7,3,P1567,set-scores
2013-s2-A-GB-2-3,2013-s2,A,2013-s2-A-GB,P1768,P1316,4,6,P1316,set-scores
2013-s2-A-GB-2-4,2013-s2,A,2013-s2-A-GB,P1768,P1396,1,9,P1396,set-scores
2013-s2-A-GB-2-6,2013-s2,A,2013-s2-A-GB,P1768,P1757,4,6,P1757,set-scores
2013-s2-A-GB-3-4,2013-s2,A,2013-s2-A-GB,P1316,P1396,7,3,P1316,set-scores
2013-s2-A-GB-3-5,2013-s2,A,2013-s2-A-GB,P1316,P1769,5,5,,set-scores
2013-s2-A-GB-3-6,2013-s2,A,2013-s2-A-GB,P1316,P1757,4,6,P1757,set-scores
2013-s2-A-GB-4-5,2013-s2,A,2013-s2-A-GB,P1396,P1769,9,1,P1396,set-scores
2013-s2-A-GB-4-6,2013-s2,A,2013-s2-A-GB,P1396,P1757,6,4,P1396,set-scores
2013-s2-A-GC-0-2,2013-s2,A,2013-s2-A-GC,P1808,P1788,6,4,P1808,set-scores
2013-s2-A-GC-0-3,2013-s2,A,2013-s2-A-GC,P1808,P1588,2,8,P1588,set-scores
2013-s2-A-GC-0-4,2013-s2,A,2013-s2-A-GC,P1808,P1871,4,6,P1871,set-scores
2013-s2-A-GC-0-5,2013-s2,A,2013-s2-A-GC,P1808,P1717,7,3,P1808,set-scores
2013-s2-A-GC-0-6,2013-s2,A,2013-s2-A-GC,P1808,P0273,7,3,P1808,set-scores
2013-s2-A-GC-1-2,2013-s2,A,2013-s2-A-GC,P1830,P1788,6,4,P1830,set-scores
2013-s2-A-GC-1-4,2013-s2,A,2013-s2-A-GC,P1830,P1871,4,6,P1871,set-scores
2013-s2-A-GC-2-3,2013-s2,A,2013-s2-A-GC,P1788,P1588,6,4,P1788,set-scores
2013-s2-A-GC-2-4,2013-s2,A,2013-s2-A-GC,P1788,P1871,4,6,P1871,set-scores
2013-s2-A-GC-2-5,2013-s2,A,2013-s2-A-GC,P1788,P1717,9,1,P1788,set-scores
2013-s2-A-GC-2-6,2013-s2,A,2013-s2-A-GC,P1788,P0273,8,2,P1788,set-scores
2013-s2-A-GC-3-4,2013-s2,A,2013-s2-A-GC,P1588,P1871,6,4,P1588,set-scores
2013-s2-A-GC-3-5,2013-s2,A,2013-s2-A-GC,P1588,P1717,7,3,P1588,set-scores
2013-s2-A-GC-3-6,2013-s2,A,2013-s2-A-GC,P1588,P0273,8,2,P1588,set-scores
2013-s2-A-GC-4-5,2013-s2,A,2013-s2-A-GC,P1871,P1717,9,1,P1871,set-scores
2013-s2-A-GC-4-6,2013-s2,A,2013-s2-A-GC,P1871,P0273,7,3,P1871,set-scores
2013-s2-A-GD-0-3,2013-s2,A,2013-s2-A-GD,P1578,P1270,6,4,P1578,set-scores
2013-s2-A-GD-0-5,2013-s2,A,2013-s2-A-GD,P1578,P1927,6,4,P1578,set-scores
2013-s2-A-GD-1-2,2013-s2,A,2013-s2-A-GD,P1802,P1526,5,5,,set-scores
2013-s2-A-GD-1-3,2013-s2,A,2013-s2-A-GD,P1802,P1270,8,2,P1802,set-scores
2013-s2-A-GD-1-5,2013-s2,A,2013-s2-A-GD,P1802,P1927,10,0,P1802,set-scores
2013-s2-A-GD-1-6,2013-s2,A,2013-s2-A-GD,P1802,P1835,7,3,P1802,set-scores
2013-s2-A-GD-2-3,2013-s2,A,2013-s2-A-GD,P1526,P1270,7,3,P1526,set-scores
2013-s2-A-GD-2-4,2013-s2,A,2013-s2-A-GD,P1526,P1104,7,3,P1526,set-scores
2013-s2-A-GD-3-4,2013-s2,A,2013-s2-A-GD,P1270,P1104,9,1,P1270,set-scores
2013-s2-A-GD-3-5,2013-s2,A,2013-s2-A-GD,P1270,P1927,6,4,P1270,set-scores
2013-s2-A-GE-0-1,2013-s2,A,2013-s2-A-GE,P1791,P1825,7,3,P1791,set-scores
2013-s2-A-GE-0-2,2013-s2,A,2013-s2-A-GE,P1791,P1587,4,6,P1587,set-scores
2013-s2-A-GE-0-4,2013-s2,A,2013-s2-A-GE,P1791,P1435,5,5,,set-scores
2013-s2-A-GE-0-5,2013-s2,A,2013-s2-A-GE,P1791,P1202,6,4,P1791,set-scores
2013-s2-A-GE-0-6,2013-s2,A,2013-s2-A-GE,P1791,P1425,7,3,P1791,set-scores
2013-s2-A-GE-1-2,2013-s2,A,2013-s2-A-GE,P1825,P1587,7,3,P1825,set-scores
2013-s2-A-GE-1-3,2013-s2,A,2013-s2-A-GE,P1825,P1895,3,7,P1895,set-scores
2013-s2-A-GE-1-4,2013-s2,A,2013-s2-A-GE,P1825,P1435,3,7,P1435,set-scores
2013-s2-A-GE-1-5,2013-s2,A,2013-s2-A-GE,P1825,P1202,4,6,P1202,set-scores
2013-s2-A-GE-1-6,2013-s2,A,2013-s2-A-GE,P1825,P1425,6,4,P1825,set-scores
2013-s2-A-GE-2-3,2013-s2,A,2013-s2-A-GE,P1587,P1895,5,5,,set-scores
2013-s2-A-GE-2-4,2013-s2,A,2013-s2-A-GE,P1587,P1435,6,4,P1587,set-scores
2013-s2-A-GE-2-5,2013-s2,A,2013-s2-A-GE,P1587,P1202,7,3,P1587,set-scores
2013-s2-A-GE-2-6,2013-s2,A,2013-s2-A-GE,P1587,P1425,6,4,P1587,set-scores
2013-s2-A-GE-3-4,2013-s2,A,2013-s2-A-GE,P1895,P1435,10,0,P1895,set-scores
2013-s2-A-GE-3-5,2013-s2,A,2013-s2-A-GE,P1895,P1202,6,4,P1895,set-scores
2013-s2-A-GE-3-6,2013-s2,A,2013-s2-A-GE,P1895,P1425,4,6,P1425,set-scores
2013-s2-A-GE-4-5,2013-s2,A,2013-s2-A-GE,P1435,P1202,2,8,P1202,set-scores
2013-s2-A-GE-5-6,2013-s2,A,2013-s2-A-GE,P1202,P1425,6,4,P1202,set-scores
2013-s2-B-GA-0-1,2013-s2,B,2013-s2-B-GA,P1807,P1395,6,4,P1807,set-scores
2013-s2-B-GA-0-2,2013-s2,B,2013-s2-B-GA,P1807,P1921,3,7,P1921,set-scores
2013-s2-B-GA-0-3,2013-s2,B,2013-s2-B-GA,P1807,P1912,6,4,P1807,set-scores
2013-s2-B-GA-0-4,2013-s2,B,2013-s2-B-GA,P1807,P1931,6,4,P1807,set-scores
2013-s2-B-GA-0-5,2013-s2,B,2013-s2-B-GA,P1807,P1586,5,5,,set-scores
2013-s2-B-GA-0-6,2013-s2,B,2013-s2-B-GA,P1807,P1890,6,4,P1807,set-scores
2013-s2-B-GA-1-2,2013-s2,B,2013-s2-B-GA,P1395,P1921,3,7,P1921,set-scores
2013-s2-B-GA-1-3,2013-s2,B,2013-s2-B-GA,P1395,P1912,7,3,P1395,set-scores
2013-s2-B-GA-1-4,2013-s2,B,2013-s2-B-GA,P1395,P1931,6,4,P1395,set-scores
2013-s2-B-GA-1-5,2013-s2,B,2013-s2-B-GA,P1395,P1586,8,2,P1395,set-scores
2013-s2-B-GA-1-6,2013-s2,B,2013-s2-B-GA,P1395,P1890,2,8,P1890,set-scores
2013-s2-B-GA-2-3,2013-s2,B,2013-s2-B-GA,P1921,P1912,7,3,P1921,set-scores
2013-s2-B-GA-2-4,2013-s2,B,2013-s2-B-GA,P1921,P1931,6,4,P1921,set-scores
2013-s2-B-GA-2-6,2013-s2,B,2013-s2-B-GA,P1921,P1890,8,2,P1921,set-scores
2013-s2-B-GA-3-4,2013-s2,B,2013-s2-B-GA,P1912,P1931,6,4,P1912,set-scores
2013-s2-B-GA-3-5,2013-s2,B,2013-s2-B-GA,P1912,P1586,2,8,P1586,set-scores
2013-s2-B-GA-3-6,2013-s2,B,2013-s2-B-GA,P1912,P1890,7,3,P1912,set-scores
2013-s2-B-GA-4-5,2013-s2,B,2013-s2-B-GA,P1931,P1586,0,10,P1586,set-scores
2013-s2-B-GA-4-6,2013-s2,B,2013-s2-B-GA,P1931,P1890,0,10,P1890,set-scores
2013-s2-B-GA-5-6,2013-s2,B,2013-s2-B-GA,P1586,P1890,6,4,P1586,set-scores
2013-s2-B-GB-0-1,2013-s2,B,2013-s2-B-GB,P1930,P1914,7,3,P1930,set-scores
2013-s2-B-GB-0-2,2013-s2,B,2013-s2-B-GB,P1930,P1736,4,6,P1736,set-scores
2013-s2-B-GB-0-3,2013-s2,B,2013-s2-B-GB,P1930,P1381,4,6,P1381,set-scores
2013-s2-B-GB-0-4,2013-s2,B,2013-s2-B-GB,P1930,P1837,6,4,P1930,set-scores
2013-s2-B-GB-0-5,2013-s2,B,2013-s2-B-GB,P1930,P1772,6,4,P1930,set-scores
2013-s2-B-GB-0-6,2013-s2,B,2013-s2-B-GB,P1930,P1859,9,1,P1930,set-scores
2013-s2-B-GB-1-2,2013-s2,B,2013-s2-B-GB,P1914,P1736,2,8,P1736,set-scores
2013-s2-B-GB-1-3,2013-s2,B,2013-s2-B-GB,P1914,P1381,4,6,P1381,set-scores
2013-s2-B-GB-1-4,2013-s2,B,2013-s2-B-GB,P1914,P1837,5,5,,set-scores
2013-s2-B-GB-1-5,2013-s2,B,2013-s2-B-GB,P1914,P1772,1,9,P1772,set-scores
2013-s2-B-GB-1-6,2013-s2,B,2013-s2-B-GB,P1914,P1859,2,8,P1859,set-scores
2013-s2-B-GB-2-3,2013-s2,B,2013-s2-B-GB,P1736,P1381,2,8,P1381,set-scores
2013-s2-B-GB-2-4,2013-s2,B,2013-s2-B-GB,P1736,P1837,5,5,,set-scores
2013-s2-B-GB-2-5,2013-s2,B,2013-s2-B-GB,P1736,P1772,3,7,P1772,set-scores
2013-s2-B-GB-2-6,2013-s2,B,2013-s2-B-GB,P1736,P1859,3,7,P1859,set-scores
2013-s2-B-GB-3-4,2013-s2,B,2013-s2-B-GB,P1381,P1837,7,3,P1381,set-scores
2013-s2-B-GB-3-5,2013-s2,B,2013-s2-B-GB,P1381,P1772,1,9,P1772,set-scores
2013-s2-B-GB-3-6,2013-s2,B,2013-s2-B-GB,P1381,P1859,4,6,P1859,set-scores
2013-s2-B-GB-4-5,2013-s2,B,2013-s2-B-GB,P1837,P1772,0,10,P1772,set-scores
2013-s2-B-GB-4-6,2013-s2,B,2013-s2-B-GB,P1837,P1859,6,4,P1837,set-scores
2013-s2-B-GB-5-6,2013-s2,B,2013-s2-B-GB,P1772,P1859,8,2,P1772,set-scores
2013-s2-B-GC-0-1,2013-s2,B,2013-s2-B-GC,P1881,P1880,3,7,P1880,set-scores
2013-s2-B-GC-1-2,2013-s2,B,2013-s2-B-GC,P1880,P1798,6,4,P1880,set-scores
2013-s2-B-GC-1-3,2013-s2,B,2013-s2-B-GC,P1880,P1883,6,4,P1880,set-scores
2013-s2-B-GC-1-4,2013-s2,B,2013-s2-B-GC,P1880,P1794,6,4,P1880,set-scores
2013-s2-B-GC-1-5,2013-s2,B,2013-s2-B-GC,P1880,P1743,1,9,P1743,set-scores
2013-s2-B-GC-1-6,2013-s2,B,2013-s2-B-GC,P1880,P1872,3,7,P1872,set-scores
2013-s2-B-GC-2-5,2013-s2,B,2013-s2-B-GC,P1798,P1743,3,7,P1743,set-scores
2013-s2-B-GC-3-4,2013-s2,B,2013-s2-B-GC,P1883,P1794,4,6,P1794,set-scores
2013-s2-B-GC-3-5,2013-s2,B,2013-s2-B-GC,P1883,P1743,7,3,P1883,set-scores
2013-s2-B-GC-3-6,2013-s2,B,2013-s2-B-GC,P1883,P1872,4,6,P1872,set-scores
2013-s2-B-GC-4-6,2013-s2,B,2013-s2-B-GC,P1794,P1872,4,6,P1872,set-scores
2013-s2-B-GC-5-6,2013-s2,B,2013-s2-B-GC,P1743,P1872,5,5,,set-scores
2013-s2-B-GD-0-3,2013-s2,B,2013-s2-B-GD,P1903,P1733,4,6,P1733,set-scores
2013-s2-B-GD-0-4,2013-s2,B,2013-s2-B-GD,P1903,P1901,3,7,P1901,set-scores
2013-s2-B-GD-0-5,2013-s2,B,2013-s2-B-GD,P1903,P1730,3,7,P1730,set-scores
2013-s2-B-GD-1-2,2013-s2,B,2013-s2-B-GD,P1786,P1913,9,1,P1786,set-scores
2013-s2-B-GD-1-3,2013-s2,B,2013-s2-B-GD,P1786,P1733,6,4,P1786,set-scores
2013-s2-B-GD-1-4,2013-s2,B,2013-s2-B-GD,P1786,P1901,6,4,P1786,set-scores
2013-s2-B-GD-1-5,2013-s2,B,2013-s2-B-GD,P1786,P1730,7,3,P1786,set-scores
2013-s2-B-GD-2-3,2013-s2,B,2013-s2-B-GD,P1913,P1733,4,6,P1733,set-scores
2013-s2-B-GD-2-4,2013-s2,B,2013-s2-B-GD,P1913,P1901,2,8,P1901,set-scores
2013-s2-B-GD-2-5,2013-s2,B,2013-s2-B-GD,P1913,P1730,0,10,P1730,set-scores
2013-s2-B-GD-2-6,2013-s2,B,2013-s2-B-GD,P1913,P1824,1,9,P1824,set-scores
2013-s2-B-GD-3-4,2013-s2,B,2013-s2-B-GD,P1733,P1901,3,7,P1901,set-scores
2013-s2-B-GD-3-5,2013-s2,B,2013-s2-B-GD,P1733,P1730,4,6,P1730,set-scores
2013-s2-B-GD-3-6,2013-s2,B,2013-s2-B-GD,P1733,P1824,7,3,P1733,set-scores
2013-s2-B-GD-4-5,2013-s2,B,2013-s2-B-GD,P1901,P1730,2,8,P1730,set-scores
2013-s2-B-GD-4-6,2013-s2,B,2013-s2-B-GD,P1901,P1824,6,4,P1901,set-scores
2013-s2-B-GD-5-6,2013-s2,B,2013-s2-B-GD,P1730,P1824,8,2,P1730,set-scores
2013-s3-A-GA-0-1,2013-s3,A,2013-s3-A-GA,P1202,P1419,6,4,P1202,set-scores
2013-s3-A-GA-0-2,2013-s3,A,2013-s3-A-GA,P1202,P1587,5,5,,set-scores
2013-s3-A-GA-0-3,2013-s3,A,2013-s3-A-GA,P1202,P1316,5,5,,set-scores
2013-s3-A-GA-0-4,2013-s3,A,2013-s3-A-GA,P1202,P0064,6,4,P1202,set-scores
2013-s3-A-GA-0-5,2013-s3,A,2013-s3-A-GA,P1202,P1901,8,2,P1202,set-scores
2013-s3-A-GA-0-6,2013-s3,A,2013-s3-A-GA,P1202,P1813,9,1,P1202,set-scores
2013-s3-A-GA-1-2,2013-s3,A,2013-s3-A-GA,P1419,P1587,3,7,P1587,set-scores
2013-s3-A-GA-1-3,2013-s3,A,2013-s3-A-GA,P1419,P1316,1,9,P1316,set-scores
2013-s3-A-GA-1-4,2013-s3,A,2013-s3-A-GA,P1419,P0064,4,6,P0064,set-scores
2013-s3-A-GA-1-5,2013-s3,A,2013-s3-A-GA,P1419,P1901,6,4,P1419,set-scores
2013-s3-A-GA-2-3,2013-s3,A,2013-s3-A-GA,P1587,P1316,4,6,P1316,set-scores
2013-s3-A-GA-2-4,2013-s3,A,2013-s3-A-GA,P1587,P0064,6,4,P1587,set-scores
2013-s3-A-GA-2-5,2013-s3,A,2013-s3-A-GA,P1587,P1901,8,2,P1587,set-scores
2013-s3-A-GA-2-6,2013-s3,A,2013-s3-A-GA,P1587,P1813,7,3,P1587,set-scores
2013-s3-A-GA-3-4,2013-s3,A,2013-s3-A-GA,P1316,P0064,8,2,P1316,set-scores
2013-s3-A-GA-3-5,2013-s3,A,2013-s3-A-GA,P1316,P1901,4,6,P1901,set-scores
2013-s3-A-GA-3-6,2013-s3,A,2013-s3-A-GA,P1316,P1813,5,5,,set-scores
2013-s3-A-GA-4-5,2013-s3,A,2013-s3-A-GA,P0064,P1901,9,1,P0064,set-scores
2013-s3-A-GA-4-6,2013-s3,A,2013-s3-A-GA,P0064,P1813,6,4,P0064,set-scores
2013-s3-A-GA-5-6,2013-s3,A,2013-s3-A-GA,P1901,P1813,1,9,P1813,set-scores
2013-s3-A-GB-0-1,2013-s3,A,2013-s3-A-GB,P0709,P1793,6,4,P0709,set-scores
2013-s3-A-GB-0-2,2013-s3,A,2013-s3-A-GB,P0709,P0969,3,7,P0969,set-scores
2013-s3-A-GB-0-3,2013-s3,A,2013-s3-A-GB,P0709,P1830,9,1,P0709,set-scores
2013-s3-A-GB-0-4,2013-s3,A,2013-s3-A-GB,P0709,P1104,9,1,P0709,set-scores
2013-s3-A-GB-0-5,2013-s3,A,2013-s3-A-GB,P0709,P1805,6,4,P0709,set-scores
2013-s3-A-GB-0-6,2013-s3,A,2013-s3-A-GB,P0709,P1818,7,3,P0709,set-scores
2013-s3-A-GB-1-2,2013-s3,A,2013-s3-A-GB,P1793,P0969,4,6,P0969,set-scores
2013-s3-A-GB-1-3,2013-s3,A,2013-s3-A-GB,P1793,P1830,4,6,P1830,set-scores
2013-s3-A-GB-1-5,2013-s3,A,2013-s3-A-GB,P1793,P1805,4,6,P1805,set-scores
2013-s3-A-GB-1-6,2013-s3,A,2013-s3-A-GB,P1793,P1818,6,4,P1793,set-scores
2013-s3-A-GB-2-3,2013-s3,A,2013-s3-A-GB,P0969,P1830,7,3,P0969,set-scores
2013-s3-A-GB-2-4,2013-s3,A,2013-s3-A-GB,P0969,P1104,7,3,P0969,set-scores
2013-s3-A-GB-2-5,2013-s3,A,2013-s3-A-GB,P0969,P1805,9,1,P0969,set-scores
2013-s3-A-GB-2-6,2013-s3,A,2013-s3-A-GB,P0969,P1818,8,2,P0969,set-scores
2013-s3-A-GB-3-5,2013-s3,A,2013-s3-A-GB,P1830,P1805,8,2,P1830,set-scores
2013-s3-A-GB-3-6,2013-s3,A,2013-s3-A-GB,P1830,P1818,8,2,P1830,set-scores
2013-s3-A-GB-5-6,2013-s3,A,2013-s3-A-GB,P1805,P1818,3,7,P1818,set-scores
2013-s3-A-GC-0-2,2013-s3,A,2013-s3-A-GC,P1791,P1531,8,2,P1791,set-scores
2013-s3-A-GC-0-3,2013-s3,A,2013-s3-A-GC,P1791,P1772,7,3,P1791,set-scores
2013-s3-A-GC-0-4,2013-s3,A,2013-s3-A-GC,P1791,P1860,8,2,P1791,set-scores
2013-s3-A-GC-0-5,2013-s3,A,2013-s3-A-GC,P1791,P0464,8,2,P1791,set-scores
2013-s3-A-GC-0-6,2013-s3,A,2013-s3-A-GC,P1791,P1773,6,4,P1791,set-scores
2013-s3-A-GC-1-2,2013-s3,A,2013-s3-A-GC,P1808,P1531,4,6,P1531,set-scores
2013-s3-A-GC-1-3,2013-s3,A,2013-s3-A-GC,P1808,P1772,5,5,,set-scores
2013-s3-A-GC-1-4,2013-s3,A,2013-s3-A-GC,P1808,P1860,3,7,P1860,set-scores
2013-s3-A-GC-1-5,2013-s3,A,2013-s3-A-GC,P1808,P0464,2,8,P0464,set-scores
2013-s3-A-GC-2-3,2013-s3,A,2013-s3-A-GC,P1531,P1772,9,1,P1531,set-scores
2013-s3-A-GC-2-4,2013-s3,A,2013-s3-A-GC,P1531,P1860,5,5,,set-scores
2013-s3-A-GC-2-5,2013-s3,A,2013-s3-A-GC,P1531,P0464,6,4,P1531,set-scores
2013-s3-A-GC-2-6,2013-s3,A,2013-s3-A-GC,P1531,P1773,7,3,P1531,set-scores
2013-s3-A-GC-3-4,2013-s3,A,2013-s3-A-GC,P1772,P1860,4,6,P1860,set-scores
2013-s3-A-GC-3-5,2013-s3,A,2013-s3-A-GC,P1772,P0464,5,5,,set-scores
2013-s3-A-GC-4-5,2013-s3,A,2013-s3-A-GC,P1860,P0464,6,4,P1860,set-scores
2013-s3-A-GC-4-6,2013-s3,A,2013-s3-A-GC,P1860,P1773,6,4,P1860,set-scores
2013-s3-A-GD-0-1,2013-s3,A,2013-s3-A-GD,P1588,P1270,4,6,P1270,set-scores
2013-s3-A-GD-0-2,2013-s3,A,2013-s3-A-GD,P1588,P1757,3,7,P1757,set-scores
2013-s3-A-GD-0-3,2013-s3,A,2013-s3-A-GD,P1588,P1769,6,1,P1588,set-scores
2013-s3-A-GD-0-5,2013-s3,A,2013-s3-A-GD,P1588,P0364,7,3,P1588,set-scores
2013-s3-A-GD-0-6,2013-s3,A,2013-s3-A-GD,P1588,P1763,6,4,P1588,set-scores
2013-s3-A-GD-1-2,2013-s3,A,2013-s3-A-GD,P1270,P1757,6,4,P1270,set-scores
2013-s3-A-GD-1-3,2013-s3,A,2013-s3-A-GD,P1270,P1769,4,6,P1769,set-scores
2013-s3-A-GD-1-4,2013-s3,A,2013-s3-A-GD,P1270,P0029,4,6,P0029,set-scores
2013-s3-A-GD-1-5,2013-s3,A,2013-s3-A-GD,P1270,P0364,6,4,P1270,set-scores
2013-s3-A-GD-1-6,2013-s3,A,2013-s3-A-GD,P1270,P1763,4,6,P1763,set-scores
2013-s3-A-GD-2-3,2013-s3,A,2013-s3-A-GD,P1757,P1769,8,2,P1757,set-scores
2013-s3-A-GD-2-6,2013-s3,A,2013-s3-A-GD,P1757,P1763,6,4,P1757,set-scores
2013-s3-A-GD-3-6,2013-s3,A,2013-s3-A-GD,P1769,P1763,6,4,P1769,set-scores
2013-s3-A-GD-4-6,2013-s3,A,2013-s3-A-GD,P0029,P1763,4,6,P1763,set-scores
2013-s3-A-GD-5-6,2013-s3,A,2013-s3-A-GD,P0364,P1763,4,6,P1763,set-scores
2013-s3-A-GE-0-1,2013-s3,A,2013-s3-A-GE,P0368,P1567,4,6,P1567,set-scores
2013-s3-A-GE-0-2,2013-s3,A,2013-s3-A-GE,P0368,P1862,5,5,,set-scores
2013-s3-A-GE-0-3,2013-s3,A,2013-s3-A-GE,P0368,P1825,3,7,P1825,set-scores
2013-s3-A-GE-0-4,2013-s3,A,2013-s3-A-GE,P0368,P1734,7,3,P0368,set-scores
2013-s3-A-GE-0-5,2013-s3,A,2013-s3-A-GE,P0368,P1732,5,5,,set-scores
2013-s3-A-GE-0-6,2013-s3,A,2013-s3-A-GE,P0368,P1731,6,0,P0368,set-scores
2013-s3-A-GE-1-2,2013-s3,A,2013-s3-A-GE,P1567,P1862,7,3,P1567,set-scores
2013-s3-A-GE-1-3,2013-s3,A,2013-s3-A-GE,P1567,P1825,6,4,P1567,set-scores
2013-s3-A-GE-1-5,2013-s3,A,2013-s3-A-GE,P1567,P1732,7,3,P1567,set-scores
2013-s3-A-GE-1-6,2013-s3,A,2013-s3-A-GE,P1567,P1731,7,3,P1567,set-scores
2013-s3-A-GE-2-3,2013-s3,A,2013-s3-A-GE,P1862,P1825,1,9,P1825,set-scores
2013-s3-A-GE-2-4,2013-s3,A,2013-s3-A-GE,P1862,P1734,7,3,P1862,set-scores
2013-s3-A-GE-2-5,2013-s3,A,2013-s3-A-GE,P1862,P1732,4,6,P1732,set-scores
2013-s3-A-GE-2-6,2013-s3,A,2013-s3-A-GE,P1862,P1731,6,0,P1862,set-scores
2013-s3-A-GE-3-4,2013-s3,A,2013-s3-A-GE,P1825,P1734,8,2,P1825,set-scores
2013-s3-A-GE-3-5,2013-s3,A,2013-s3-A-GE,P1825,P1732,4,6,P1732,set-scores
2013-s3-A-GE-3-6,2013-s3,A,2013-s3-A-GE,P1825,P1731,7,1,P1825,set-scores
2013-s3-A-GE-4-5,2013-s3,A,2013-s3-A-GE,P1734,P1732,4,6,P1732,set-scores
2013-s3-A-GE-4-6,2013-s3,A,2013-s3-A-GE,P1734,P1731,6,2,P1734,set-scores
2013-s3-A-GE-5-6,2013-s3,A,2013-s3-A-GE,P1732,P1731,6,1,P1732,set-scores
2013-s3-A-GF-0-1,2013-s3,A,2013-s3-A-GF,P1578,P1768,5,5,,set-scores
2013-s3-A-GF-0-2,2013-s3,A,2013-s3-A-GF,P1578,P1650,2,8,P1650,set-scores
2013-s3-A-GF-0-3,2013-s3,A,2013-s3-A-GF,P1578,P1783,7,3,P1578,set-scores
2013-s3-A-GF-0-4,2013-s3,A,2013-s3-A-GF,P1578,P0772,7,3,P1578,set-scores
2013-s3-A-GF-0-6,2013-s3,A,2013-s3-A-GF,P1578,P1761,7,3,P1578,set-scores
2013-s3-A-GF-1-2,2013-s3,A,2013-s3-A-GF,P1768,P1650,3,7,P1650,set-scores
2013-s3-A-GF-1-3,2013-s3,A,2013-s3-A-GF,P1768,P1783,5,5,,set-scores
2013-s3-A-GF-1-4,2013-s3,A,2013-s3-A-GF,P1768,P0772,5,5,,set-scores
2013-s3-A-GF-1-6,2013-s3,A,2013-s3-A-GF,P1768,P1761,5,5,,set-scores
2013-s3-A-GF-2-4,2013-s3,A,2013-s3-A-GF,P1650,P0772,2,8,P0772,set-scores
2013-s3-A-GF-2-5,2013-s3,A,2013-s3-A-GF,P1650,P1809,3,7,P1809,set-scores
2013-s3-A-GF-2-6,2013-s3,A,2013-s3-A-GF,P1650,P1761,7,3,P1650,set-scores
2013-s3-A-GF-3-4,2013-s3,A,2013-s3-A-GF,P1783,P0772,5,5,,set-scores
2013-s3-A-GF-3-5,2013-s3,A,2013-s3-A-GF,P1783,P1809,4,6,P1809,set-scores
2013-s3-A-GF-3-6,2013-s3,A,2013-s3-A-GF,P1783,P1761,6,4,P1783,set-scores
2013-s3-A-GF-4-5,2013-s3,A,2013-s3-A-GF,P0772,P1809,3,7,P1809,set-scores
2013-s3-A-GF-4-6,2013-s3,A,2013-s3-A-GF,P0772,P1761,4,6,P1761,set-scores
2013-s3-A-GF-5-6,2013-s3,A,2013-s3-A-GF,P1809,P1761,4,6,P1761,set-scores
2013-s3-A-GG-0-1,2013-s3,A,2013-s3-A-GG,P1802,P1895,5,5,,set-scores
2013-s3-A-GG-0-2,2013-s3,A,2013-s3-A-GG,P1802,P1841,7,3,P1802,set-scores
2013-s3-A-GG-0-3,2013-s3,A,2013-s3-A-GG,P1802,P1788,8,2,P1802,set-scores
2013-s3-A-GG-0-4,2013-s3,A,2013-s3-A-GG,P1802,P1396,8,2,P1802,set-scores
2013-s3-A-GG-0-5,2013-s3,A,2013-s3-A-GG,P1802,P1526,7,3,P1802,set-scores
2013-s3-A-GG-0-6,2013-s3,A,2013-s3-A-GG,P1802,P1730,7,3,P1802,set-scores
2013-s3-A-GG-1-2,2013-s3,A,2013-s3-A-GG,P1895,P1841,6,4,P1895,set-scores
2013-s3-A-GG-1-3,2013-s3,A,2013-s3-A-GG,P1895,P1788,6,4,P1895,set-scores
2013-s3-A-GG-1-4,2013-s3,A,2013-s3-A-GG,P1895,P1396,8,2,P1895,set-scores
2013-s3-A-GG-1-5,2013-s3,A,2013-s3-A-GG,P1895,P1526,3,7,P1526,set-scores
2013-s3-A-GG-1-6,2013-s3,A,2013-s3-A-GG,P1895,P1730,7,3,P1895,set-scores
2013-s3-A-GG-2-3,2013-s3,A,2013-s3-A-GG,P1841,P1788,6,4,P1841,set-scores
2013-s3-A-GG-2-4,2013-s3,A,2013-s3-A-GG,P1841,P1396,4,6,P1396,set-scores
2013-s3-A-GG-2-5,2013-s3,A,2013-s3-A-GG,P1841,P1526,6,4,P1841,set-scores
2013-s3-A-GG-2-6,2013-s3,A,2013-s3-A-GG,P1841,P1730,5,5,,set-scores
2013-s3-A-GG-3-4,2013-s3,A,2013-s3-A-GG,P1788,P1396,7,3,P1788,set-scores
2013-s3-A-GG-3-5,2013-s3,A,2013-s3-A-GG,P1788,P1526,7,3,P1788,set-scores
2013-s3-A-GG-3-6,2013-s3,A,2013-s3-A-GG,P1788,P1730,8,2,P1788,set-scores
2013-s3-A-GG-4-5,2013-s3,A,2013-s3-A-GG,P1396,P1526,6,4,P1396,set-scores
2013-s3-A-GG-4-6,2013-s3,A,2013-s3-A-GG,P1396,P1730,6,4,P1396,set-scores
2013-s3-A-GG-5-6,2013-s3,A,2013-s3-A-GG,P1526,P1730,7,3,P1526,set-scores
2013-s3-B-GA-0-1,2013-s3,B,2013-s3-B-GA,P1893,P1664,4,6,P1664,set-scores
2013-s3-B-GA-0-2,2013-s3,B,2013-s3-B-GA,P1893,P1890,0,10,P1890,set-scores
2013-s3-B-GA-0-3,2013-s3,B,2013-s3-B-GA,P1893,P1858,0,10,P1858,set-scores
2013-s3-B-GA-0-4,2013-s3,B,2013-s3-B-GA,P1893,P1899,0,10,P1899,set-scores
2013-s3-B-GA-0-5,2013-s3,B,2013-s3-B-GA,P1893,P1797,0,10,P1797,set-scores
2013-s3-B-GA-0-6,2013-s3,B,2013-s3-B-GA,P1893,P1837,0,10,P1837,set-scores
2013-s3-B-GA-1-2,2013-s3,B,2013-s3-B-GA,P1664,P1890,9,1,P1664,set-scores
2013-s3-B-GA-1-3,2013-s3,B,2013-s3-B-GA,P1664,P1858,7,3,P1664,set-scores
2013-s3-B-GA-1-4,2013-s3,B,2013-s3-B-GA,P1664,P1899,6,4,P1664,set-scores
2013-s3-B-GA-1-5,2013-s3,B,2013-s3-B-GA,P1664,P1797,9,1,P1664,set-scores
2013-s3-B-GA-1-6,2013-s3,B,2013-s3-B-GA,P1664,P1837,5,5,,set-scores
2013-s3-B-GA-2-3,2013-s3,B,2013-s3-B-GA,P1890,P1858,4,6,P1858,set-scores
2013-s3-B-GA-2-4,2013-s3,B,2013-s3-B-GA,P1890,P1899,2,8,P1899,set-scores
2013-s3-B-GA-2-6,2013-s3,B,2013-s3-B-GA,P1890,P1837,4,6,P1837,set-scores
2013-s3-B-GA-3-4,2013-s3,B,2013-s3-B-GA,P1858,P1899,4,6,P1899,set-scores
2013-s3-B-GA-3-5,2013-s3,B,2013-s3-B-GA,P1858,P1797,6,4,P1858,set-scores
2013-s3-B-GA-3-6,2013-s3,B,2013-s3-B-GA,P1858,P1837,4,6,P1837,set-scores
2013-s3-B-GA-4-5,2013-s3,B,2013-s3-B-GA,P1899,P1797,6,4,P1899,set-scores
2013-s3-B-GA-4-6,2013-s3,B,2013-s3-B-GA,P1899,P1837,7,3,P1899,set-scores
2013-s3-B-GA-5-6,2013-s3,B,2013-s3-B-GA,P1797,P1837,2,8,P1837,set-scores
2013-s3-B-GB-0-1,2013-s3,B,2013-s3-B-GB,P1872,P1381,8,2,P1872,set-scores
2013-s3-B-GB-0-2,2013-s3,B,2013-s3-B-GB,P1872,P1889,6,4,P1872,set-scores
2013-s3-B-GB-0-4,2013-s3,B,2013-s3-B-GB,P1872,P1204,6,4,P1872,set-scores
2013-s3-B-GB-0-5,2013-s3,B,2013-s3-B-GB,P1872,P1883,6,4,P1872,set-scores
2013-s3-B-GB-0-6,2013-s3,B,2013-s3-B-GB,P1872,P1896,7,3,P1872,set-scores
2013-s3-B-GB-1-2,2013-s3,B,2013-s3-B-GB,P1381,P1889,5,5,,set-scores
2013-s3-B-GB-1-4,2013-s3,B,2013-s3-B-GB,P1381,P1204,7,3,P1381,set-scores
2013-s3-B-GB-1-5,2013-s3,B,2013-s3-B-GB,P1381,P1883,6,4,P1381,set-scores
2013-s3-B-GB-1-6,2013-s3,B,2013-s3-B-GB,P1381,P1896,3,7,P1896,set-scores
2013-s3-B-GB-2-3,2013-s3,B,2013-s3-B-GB,P1889,P1395,6,4,P1889,set-scores
2013-s3-B-GB-2-4,2013-s3,B,2013-s3-B-GB,P1889,P1204,8,2,P1889,set-scores
2013-s3-B-GB-2-5,2013-s3,B,2013-s3-B-GB,P1889,P1883,6,4,P1889,set-scores
2013-s3-B-GB-2-6,2013-s3,B,2013-s3-B-GB,P1889,P1896,6,4,P1889,set-scores
2013-s3-B-GB-3-4,2013-s3,B,2013-s3-B-GB,P1395,P1204,4,6,P1204,set-scores
2013-s3-B-GB-3-5,2013-s3,B,2013-s3-B-GB,P1395,P1883,6,4,P1395,set-scores
2013-s3-B-GB-3-6,2013-s3,B,2013-s3-B-GB,P1395,P1896,1,9,P1896,set-scores
2013-s3-B-GB-4-5,2013-s3,B,2013-s3-B-GB,P1204,P1883,6,4,P1204,set-scores
2013-s3-B-GB-4-6,2013-s3,B,2013-s3-B-GB,P1204,P1896,2,8,P1896,set-scores
2013-s3-B-GB-5-6,2013-s3,B,2013-s3-B-GB,P1883,P1896,0,10,P1896,set-scores
2013-s3-B-GD-0-2,2013-s3,B,2013-s3-B-GD,P1786,P1892,2,8,P1892,set-scores
2013-s3-B-GD-0-4,2013-s3,B,2013-s3-B-GD,P1786,P1869,6,4,P1786,set-scores
2013-s3-B-GD-1-2,2013-s3,B,2013-s3-B-GD,P1717,P1892,3,7,P1892,set-scores
2013-s3-B-GD-1-3,2013-s3,B,2013-s3-B-GD,P1717,P1870,0,10,P1870,set-scores
2013-s3-B-GD-1-4,2013-s3,B,2013-s3-B-GD,P1717,P1869,4,6,P1869,set-scores
2013-s3-B-GD-1-5,2013-s3,B,2013-s3-B-GD,P1717,P1897,9,1,P1717,set-scores
2013-s3-B-GD-2-3,2013-s3,B,2013-s3-B-GD,P1892,P1870,4,6,P1870,set-scores
2013-s3-B-GD-2-5,2013-s3,B,2013-s3-B-GD,P1892,P1897,10,0,P1892,set-scores
2013-s3-B-GD-2-6,2013-s3,B,2013-s3-B-GD,P1892,P1873,7,3,P1892,set-scores
2013-s3-B-GD-3-4,2013-s3,B,2013-s3-B-GD,P1870,P1869,4,6,P1869,set-scores
2013-s3-B-GD-3-5,2013-s3,B,2013-s3-B-GD,P1870,P1897,10,0,P1870,set-scores
2013-s3-B-GD-3-6,2013-s3,B,2013-s3-B-GD,P1870,P1873,6,1,P1870,set-scores
2013-s3-B-GD-4-5,2013-s3,B,2013-s3-B-GD,P1869,P1897,8,2,P1869,set-scores
2013-s3-B-GD-5-6,2013-s3,B,2013-s3-B-GD,P1897,P1873,0,10,P1873,set-scores
2013-s4-A-GA-0-1,2013-s4,A,2013-s4-A-GA,P1587,P1886,7,3,P1587,set-scores
2013-s4-A-GA-0-2,2013-s4,A,2013-s4-A-GA,P1587,P1588,6,4,P1587,set-scores
2013-s4-A-GA-0-3,2013-s4,A,2013-s4-A-GA,P1587,P1788,7,3,P1587,set-scores
2013-s4-A-GA-0-4,2013-s4,A,2013-s4-A-GA,P1587,P1526,6,4,P1587,set-scores
2013-s4-A-GA-0-5,2013-s4,A,2013-s4-A-GA,P1587,P1835,6,4,P1587,set-scores
2013-s4-A-GA-0-6,2013-s4,A,2013-s4-A-GA,P1587,P1772,6,0,P1587,set-scores
2013-s4-A-GA-1-2,2013-s4,A,2013-s4-A-GA,P1886,P1588,6,4,P1886,set-scores
2013-s4-A-GA-1-3,2013-s4,A,2013-s4-A-GA,P1886,P1788,2,8,P1788,set-scores
2013-s4-A-GA-1-4,2013-s4,A,2013-s4-A-GA,P1886,P1526,6,4,P1886,set-scores
2013-s4-A-GA-1-6,2013-s4,A,2013-s4-A-GA,P1886,P1772,6,1,P1886,set-scores
2013-s4-A-GA-2-3,2013-s4,A,2013-s4-A-GA,P1588,P1788,1,9,P1788,set-scores
2013-s4-A-GA-2-4,2013-s4,A,2013-s4-A-GA,P1588,P1526,8,2,P1588,set-scores
2013-s4-A-GA-2-6,2013-s4,A,2013-s4-A-GA,P1588,P1772,7,3,P1588,set-scores
2013-s4-A-GA-3-4,2013-s4,A,2013-s4-A-GA,P1788,P1526,5,5,,set-scores
2013-s4-A-GA-3-5,2013-s4,A,2013-s4-A-GA,P1788,P1835,6,4,P1788,set-scores
2013-s4-A-GA-3-6,2013-s4,A,2013-s4-A-GA,P1788,P1772,6,4,P1788,set-scores
2013-s4-A-GA-4-6,2013-s4,A,2013-s4-A-GA,P1526,P1772,6,4,P1526,set-scores
2013-s4-A-GA-5-6,2013-s4,A,2013-s4-A-GA,P1835,P1772,6,4,P1835,set-scores
2013-s4-A-GB-0-1,2013-s4,A,2013-s4-A-GB,P1732,P1802,3,7,P1802,set-scores
2013-s4-A-GB-0-2,2013-s4,A,2013-s4-A-GB,P1732,P1270,5,5,,set-scores
2013-s4-A-GB-0-3,2013-s4,A,2013-s4-A-GB,P1732,P1825,6,4,P1732,set-scores
2013-s4-A-GB-0-4,2013-s4,A,2013-s4-A-GB,P1732,P1096,5,5,,set-scores
2013-s4-A-GB-0-5,2013-s4,A,2013-s4-A-GB,P1732,P1818,9,1,P1732,set-scores
2013-s4-A-GB-0-6,2013-s4,A,2013-s4-A-GB,P1732,P1733,7,3,P1732,set-scores
2013-s4-A-GB-1-2,2013-s4,A,2013-s4-A-GB,P1802,P1270,6,4,P1802,set-scores
2013-s4-A-GB-1-3,2013-s4,A,2013-s4-A-GB,P1802,P1825,6,4,P1802,set-scores
2013-s4-A-GB-1-4,2013-s4,A,2013-s4-A-GB,P1802,P1096,6,1,P1802,set-scores
2013-s4-A-GB-1-5,2013-s4,A,2013-s4-A-GB,P1802,P1818,6,4,P1802,set-scores
2013-s4-A-GB-1-6,2013-s4,A,2013-s4-A-GB,P1802,P1733,7,3,P1802,set-scores
2013-s4-A-GB-2-3,2013-s4,A,2013-s4-A-GB,P1270,P1825,6,4,P1270,set-scores
2013-s4-A-GB-2-4,2013-s4,A,2013-s4-A-GB,P1270,P1096,6,4,P1270,set-scores
2013-s4-A-GB-2-5,2013-s4,A,2013-s4-A-GB,P1270,P1818,6,4,P1270,set-scores
2013-s4-A-GB-2-6,2013-s4,A,2013-s4-A-GB,P1270,P1733,6,4,P1270,set-scores
2013-s4-A-GB-3-5,2013-s4,A,2013-s4-A-GB,P1825,P1818,4,6,P1818,set-scores
2013-s4-A-GB-3-6,2013-s4,A,2013-s4-A-GB,P1825,P1733,7,3,P1825,set-scores
2013-s4-A-GB-5-6,2013-s4,A,2013-s4-A-GB,P1818,P1733,6,4,P1818,set-scores
2013-s4-A-GC-0-1,2013-s4,A,2013-s4-A-GC,P1791,P0969,7,3,P1791,set-scores
2013-s4-A-GC-0-2,2013-s4,A,2013-s4-A-GC,P1791,P1757,6,4,P1791,set-scores
2013-s4-A-GC-0-3,2013-s4,A,2013-s4-A-GC,P1791,P1531,8,2,P1791,set-scores
2013-s4-A-GC-0-4,2013-s4,A,2013-s4-A-GC,P1791,P1743,7,3,P1791,set-scores
2013-s4-A-GC-0-6,2013-s4,A,2013-s4-A-GC,P1791,P1763,7,3,P1791,set-scores
2013-s4-A-GC-1-2,2013-s4,A,2013-s4-A-GC,P0969,P1757,9,1,P0969,set-scores
2013-s4-A-GC-1-4,2013-s4,A,2013-s4-A-GC,P0969,P1743,9,1,P0969,set-scores
2013-s4-A-GC-1-5,2013-s4,A,2013-s4-A-GC,P0969,P0076,6,4,P0969,set-scores
2013-s4-A-GC-1-6,2013-s4,A,2013-s4-A-GC,P0969,P1763,6,4,P0969,set-scores
2013-s4-A-GC-2-3,2013-s4,A,2013-s4-A-GC,P1757,P1531,3,7,P1531,set-scores
2013-s4-A-GC-2-4,2013-s4,A,2013-s4-A-GC,P1757,P1743,9,1,P1757,set-scores
2013-s4-A-GC-2-6,2013-s4,A,2013-s4-A-GC,P1757,P1763,3,7,P1763,set-scores
2013-s4-A-GC-3-4,2013-s4,A,2013-s4-A-GC,P1531,P1743,9,1,P1531,set-scores
2013-s4-A-GC-3-6,2013-s4,A,2013-s4-A-GC,P1531,P1763,4,6,P1763,set-scores
2013-s4-A-GC-4-6,2013-s4,A,2013-s4-A-GC,P1743,P1763,0,10,P1763,set-scores
2013-s4-A-GC-5-6,2013-s4,A,2013-s4-A-GC,P0076,P1763,5,5,,set-scores
2013-s4-A-GD-0-2,2013-s4,A,2013-s4-A-GD,P1202,P1604,6,4,P1202,set-scores
2013-s4-A-GD-0-3,2013-s4,A,2013-s4-A-GD,P1202,P1104,6,4,P1202,set-scores
2013-s4-A-GD-0-4,2013-s4,A,2013-s4-A-GD,P1202,P1650,4,6,P1650,set-scores
2013-s4-A-GD-0-5,2013-s4,A,2013-s4-A-GD,P1202,P1419,6,4,P1202,set-scores
2013-s4-A-GD-1-3,2013-s4,A,2013-s4-A-GD,P0709,P1104,6,4,P0709,set-scores
2013-s4-A-GD-1-4,2013-s4,A,2013-s4-A-GD,P0709,P1650,1,9,P1650,set-scores
2013-s4-A-GD-1-5,2013-s4,A,2013-s4-A-GD,P0709,P1419,4,6,P1419,set-scores
2013-s4-A-GD-1-6,2013-s4,A,2013-s4-A-GD,P0709,P1664,8,2,P0709,set-scores
2013-s4-A-GD-2-3,2013-s4,A,2013-s4-A-GD,P1604,P1104,6,4,P1604,set-scores
2013-s4-A-GD-2-4,2013-s4,A,2013-s4-A-GD,P1604,P1650,4,6,P1650,set-scores
2013-s4-A-GD-2-5,2013-s4,A,2013-s4-A-GD,P1604,P1419,5,5,,set-scores
2013-s4-A-GD-2-6,2013-s4,A,2013-s4-A-GD,P1604,P1664,6,4,P1604,set-scores
2013-s4-A-GD-3-4,2013-s4,A,2013-s4-A-GD,P1104,P1650,0,10,P1650,set-scores
2013-s4-A-GD-3-5,2013-s4,A,2013-s4-A-GD,P1104,P1419,4,6,P1419,set-scores
2013-s4-A-GD-4-5,2013-s4,A,2013-s4-A-GD,P1650,P1419,6,4,P1650,set-scores
2013-s4-A-GD-4-6,2013-s4,A,2013-s4-A-GD,P1650,P1664,4,6,P1664,set-scores
2013-s4-A-GD-5-6,2013-s4,A,2013-s4-A-GD,P1419,P1664,9,1,P1419,set-scores
2013-s4-A-GE-0-3,2013-s4,A,2013-s4-A-GE,P1316,P0182,4,6,P0182,set-scores
2013-s4-A-GE-0-4,2013-s4,A,2013-s4-A-GE,P1316,P1830,4,6,P1830,set-scores
2013-s4-A-GE-0-6,2013-s4,A,2013-s4-A-GE,P1316,P1896,6,4,P1316,set-scores
2013-s4-A-GE-1-4,2013-s4,A,2013-s4-A-GE,P1578,P1830,4,6,P1830,set-scores
2013-s4-A-GE-2-3,2013-s4,A,2013-s4-A-GE,P1895,P0182,3,7,P0182,set-scores
2013-s4-A-GE-2-4,2013-s4,A,2013-s4-A-GE,P1895,P1830,2,8,P1830,set-scores
2013-s4-A-GE-3-4,2013-s4,A,2013-s4-A-GE,P0182,P1830,3,7,P1830,set-scores
2013-s4-A-GE-3-5,2013-s4,A,2013-s4-A-GE,P0182,P1862,6,1,P0182,set-scores
2013-s4-A-GE-3-6,2013-s4,A,2013-s4-A-GE,P0182,P1896,6,4,P0182,set-scores
2013-s4-A-GE-4-5,2013-s4,A,2013-s4-A-GE,P1830,P1862,6,4,P1830,set-scores
2013-s4-A-GE-4-6,2013-s4,A,2013-s4-A-GE,P1830,P1896,6,0,P1830,set-scores
2013-s4-A-GF-0-1,2013-s4,A,2013-s4-A-GF,P1871,P1860,7,3,P1871,set-scores
2013-s4-A-GF-0-2,2013-s4,A,2013-s4-A-GF,P1871,P1567,5,5,,set-scores
2013-s4-A-GF-0-3,2013-s4,A,2013-s4-A-GF,P1871,P0064,3,7,P0064,set-scores
2013-s4-A-GF-0-4,2013-s4,A,2013-s4-A-GF,P1871,P1932,6,4,P1871,set-scores
2013-s4-A-GF-0-5,2013-s4,A,2013-s4-A-GF,P1871,P0464,6,4,P1871,set-scores
2013-s4-A-GF-0-6,2013-s4,A,2013-s4-A-GF,P1871,P1901,6,4,P1871,set-scores
2013-s4-A-GF-1-2,2013-s4,A,2013-s4-A-GF,P1860,P1567,2,8,P1567,set-scores
2013-s4-A-GF-1-4,2013-s4,A,2013-s4-A-GF,P1860,P1932,1,9,P1932,set-scores
2013-s4-A-GF-2-3,2013-s4,A,2013-s4-A-GF,P1567,P0064,7,3,P1567,set-scores
2013-s4-A-GF-2-4,2013-s4,A,2013-s4-A-GF,P1567,P1932,8,2,P1567,set-scores
2013-s4-A-GF-2-5,2013-s4,A,2013-s4-A-GF,P1567,P0464,7,3,P1567,set-scores
2013-s4-A-GF-2-6,2013-s4,A,2013-s4-A-GF,P1567,P1901,7,3,P1567,set-scores
2013-s4-A-GF-3-5,2013-s4,A,2013-s4-A-GF,P0064,P0464,6,4,P0064,set-scores
2013-s4-A-GF-3-6,2013-s4,A,2013-s4-A-GF,P0064,P1901,6,3,P0064,set-scores
2013-s4-A-GF-4-5,2013-s4,A,2013-s4-A-GF,P1932,P0464,6,3,P1932,set-scores
2013-s4-A-GF-4-6,2013-s4,A,2013-s4-A-GF,P1932,P1901,4,6,P1901,set-scores
2013-s4-A-GF-5-6,2013-s4,A,2013-s4-A-GF,P0464,P1901,4,6,P1901,set-scores
2013-s4-B-GA-0-1,2013-s4,B,2013-s4-B-GA,P0364,P1761,4,6,P1761,set-scores
2013-s4-B-GA-0-2,2013-s4,B,2013-s4-B-GA,P0364,P1917,8,2,P0364,set-scores
2013-s4-B-GA-0-3,2013-s4,B,2013-s4-B-GA,P0364,P1888,7,3,P0364,set-scores
2013-s4-B-GA-0-4,2013-s4,B,2013-s4-B-GA,P0364,P1858,9,1,P0364,set-scores
2013-s4-B-GA-0-5,2013-s4,B,2013-s4-B-GA,P0364,P1867,4,6,P1867,set-scores
2013-s4-B-GA-0-6,2013-s4,B,2013-s4-B-GA,P0364,P1926,7,3,P0364,set-scores
2013-s4-B-GA-1-2,2013-s4,B,2013-s4-B-GA,P1761,P1917,5,5,,set-scores
2013-s4-B-GA-1-3,2013-s4,B,2013-s4-B-GA,P1761,P1888,5,5,,set-scores
2013-s4-B-GA-1-4,2013-s4,B,2013-s4-B-GA,P1761,P1858,8,2,P1761,set-scores
2013-s4-B-GA-1-5,2013-s4,B,2013-s4-B-GA,P1761,P1867,6,4,P1761,set-scores
2013-s4-B-GA-1-6,2013-s4,B,2013-s4-B-GA,P1761,P1926,6,4,P1761,set-scores
2013-s4-B-GA-2-3,2013-s4,B,2013-s4-B-GA,P1917,P1888,7,2,P1917,set-scores
2013-s4-B-GA-2-5,2013-s4,B,2013-s4-B-GA,P1917,P1867,3,7,P1867,set-scores
2013-s4-B-GA-2-6,2013-s4,B,2013-s4-B-GA,P1917,P1926,2,8,P1926,set-scores
2013-s4-B-GA-3-5,2013-s4,B,2013-s4-B-GA,P1888,P1867,4,6,P1867,set-scores
2013-s4-B-GA-3-6,2013-s4,B,2013-s4-B-GA,P1888,P1926,3,7,P1926,set-scores
2013-s4-B-GA-4-5,2013-s4,B,2013-s4-B-GA,P1858,P1867,1,9,P1867,set-scores
2013-s4-B-GA-4-6,2013-s4,B,2013-s4-B-GA,P1858,P1926,4,6,P1926,set-scores
2013-s4-B-GA-5-6,2013-s4,B,2013-s4-B-GA,P1867,P1926,5,5,,set-scores
2013-s4-B-GB-0-1,2013-s4,B,2013-s4-B-GB,P1743,P1870,4,6,P1870,set-scores
2013-s4-B-GB-0-2,2013-s4,B,2013-s4-B-GB,P1743,P1813,6,4,P1743,set-scores
2013-s4-B-GB-0-3,2013-s4,B,2013-s4-B-GB,P1743,P1910,6,4,P1743,set-scores
2013-s4-B-GB-0-4,2013-s4,B,2013-s4-B-GB,P1743,P1381,6,4,P1743,set-scores
2013-s4-B-GB-0-5,2013-s4,B,2013-s4-B-GB,P1743,P1859,6,4,P1743,set-scores
2013-s4-B-GB-0-6,2013-s4,B,2013-s4-B-GB,P1743,P1924,7,3,P1743,set-scores
2013-s4-B-GB-1-2,2013-s4,B,2013-s4-B-GB,P1870,P1813,3,7,P1813,set-scores
2013-s4-B-GB-1-3,2013-s4,B,2013-s4-B-GB,P1870,P1910,10,0,P1870,set-scores
2013-s4-B-GB-1-4,2013-s4,B,2013-s4-B-GB,P1870,P1381,9,1,P1870,set-scores
2013-s4-B-GB-1-5,2013-s4,B,2013-s4-B-GB,P1870,P1859,2,8,P1859,set-scores
2013-s4-B-GB-1-6,2013-s4,B,2013-s4-B-GB,P1870,P1924,7,3,P1870,set-scores
2013-s4-B-GB-2-3,2013-s4,B,2013-s4-B-GB,P1813,P1910,8,2,P1813,set-scores
2013-s4-B-GB-2-4,2013-s4,B,2013-s4-B-GB,P1813,P1381,7,3,P1813,set-scores
2013-s4-B-GB-2-5,2013-s4,B,2013-s4-B-GB,P1813,P1859,7,3,P1813,set-scores
2013-s4-B-GB-2-6,2013-s4,B,2013-s4-B-GB,P1813,P1924,6,4,P1813,set-scores
2013-s4-B-GB-3-4,2013-s4,B,2013-s4-B-GB,P1910,P1381,4,6,P1381,set-scores
2013-s4-B-GB-3-5,2013-s4,B,2013-s4-B-GB,P1910,P1859,4,6,P1859,set-scores
2013-s4-B-GB-4-5,2013-s4,B,2013-s4-B-GB,P1381,P1859,4,6,P1859,set-scores
2013-s4-B-GB-4-6,2013-s4,B,2013-s4-B-GB,P1381,P1924,6,4,P1381,set-scores
2013-s4-B-GB-5-6,2013-s4,B,2013-s4-B-GB,P1859,P1924,7,3,P1859,set-scores
2013-s4-B-GC-0-1,2013-s4,B,2013-s4-B-GC,P1889,P0772,6,4,P1889,set-scores
2013-s4-B-GC-0-2,2013-s4,B,2013-s4-B-GC,P1889,P1869,4,6,P1869,set-scores
2013-s4-B-GC-0-3,2013-s4,B,2013-s4-B-GC,P1889,P1179,2,8,P1179,set-scores
2013-s4-B-GC-0-4,2013-s4,B,2013-s4-B-GC,P1889,P1908,7,3,P1889,set-scores
2013-s4-B-GC-0-5,2013-s4,B,2013-s4-B-GC,P1889,P1486,4,6,P1486,set-scores
2013-s4-B-GC-1-2,2013-s4,B,2013-s4-B-GC,P0772,P1869,4,6,P1869,set-scores
2013-s4-B-GC-1-3,2013-s4,B,2013-s4-B-GC,P0772,P1179,6,4,P0772,set-scores
2013-s4-B-GC-1-4,2013-s4,B,2013-s4-B-GC,P0772,P1908,7,3,P0772,set-scores
2013-s4-B-GC-1-5,2013-s4,B,2013-s4-B-GC,P0772,P1486,7,3,P0772,set-scores
2013-s4-B-GC-1-6,2013-s4,B,2013-s4-B-GC,P0772,P1800,7,3,P0772,set-scores
2013-s4-B-GC-2-3,2013-s4,B,2013-s4-B-GC,P1869,P1179,7,3,P1869,set-scores
2013-s4-B-GC-2-4,2013-s4,B,2013-s4-B-GC,P1869,P1908,7,3,P1869,set-scores
2013-s4-B-GC-2-6,2013-s4,B,2013-s4-B-GC,P1869,P1800,9,1,P1869,set-scores
2013-s4-B-GC-3-4,2013-s4,B,2013-s4-B-GC,P1179,P1908,7,3,P1179,set-scores
2013-s4-B-GC-3-5,2013-s4,B,2013-s4-B-GC,P1179,P1486,4,6,P1486,set-scores
2013-s4-B-GC-3-6,2013-s4,B,2013-s4-B-GC,P1179,P1800,6,4,P1179,set-scores
2013-s4-B-GC-4-5,2013-s4,B,2013-s4-B-GC,P1908,P1486,6,4,P1908,set-scores
2013-s4-B-GD-0-2,2013-s4,B,2013-s4-B-GD,P1872,P1717,3,7,P1717,set-scores
2013-s4-B-GD-0-5,2013-s4,B,2013-s4-B-GD,P1872,P1920,7,3,P1872,set-scores
2013-s4-B-GD-0-6,2013-s4,B,2013-s4-B-GD,P1872,P1919,8,2,P1872,set-scores
2013-s4-B-GD-1-6,2013-s4,B,2013-s4-B-GD,P1923,P1919,7,3,P1923,set-scores
2013-s4-B-GD-2-4,2013-s4,B,2013-s4-B-GD,P1717,P1736,5,5,,set-scores
2013-s4-B-GD-2-5,2013-s4,B,2013-s4-B-GD,P1717,P1920,8,2,P1717,set-scores
2013-s4-B-GD-2-6,2013-s4,B,2013-s4-B-GD,P1717,P1919,3,7,P1919,set-scores
2013-s4-B-GD-3-4,2013-s4,B,2013-s4-B-GD,P0380,P1736,7,3,P0380,set-scores
2013-s4-B-GD-3-6,2013-s4,B,2013-s4-B-GD,P0380,P1919,2,8,P1919,set-scores
2013-s4-B-GD-4-5,2013-s4,B,2013-s4-B-GD,P1736,P1920,6,4,P1736,set-scores
2013-s4-B-GD-4-6,2013-s4,B,2013-s4-B-GD,P1736,P1919,1,9,P1919,set-scores
2013-s4-B-GD-5-6,2013-s4,B,2013-s4-B-GD,P1920,P1919,3,7,P1919,set-scores
2013-s4-B-GE-0-1,2013-s4,B,2013-s4-B-GE,P1730,P1523,3,7,P1523,set-scores
2013-s4-B-GE-0-2,2013-s4,B,2013-s4-B-GE,P1730,P1890,8,2,P1730,set-scores
2013-s4-B-GE-0-3,2013-s4,B,2013-s4-B-GE,P1730,P1916,10,0,P1730,set-scores
2013-s4-B-GE-0-4,2013-s4,B,2013-s4-B-GE,P1730,P1905,6,4,P1730,set-scores
2013-s4-B-GE-0-5,2013-s4,B,2013-s4-B-GE,P1730,P1914,7,3,P1730,set-scores
2013-s4-B-GE-0-6,2013-s4,B,2013-s4-B-GE,P1730,P1899,2,8,P1899,set-scores
2013-s4-B-GE-1-2,2013-s4,B,2013-s4-B-GE,P1523,P1890,9,1,P1523,set-scores
2013-s4-B-GE-1-3,2013-s4,B,2013-s4-B-GE,P1523,P1916,8,2,P1523,set-scores
2013-s4-B-GE-1-4,2013-s4,B,2013-s4-B-GE,P1523,P1905,6,4,P1523,set-scores
2013-s4-B-GE-1-5,2013-s4,B,2013-s4-B-GE,P1523,P1914,6,4,P1523,set-scores
2013-s4-B-GE-1-6,2013-s4,B,2013-s4-B-GE,P1523,P1899,6,4,P1523,set-scores
2013-s4-B-GE-2-3,2013-s4,B,2013-s4-B-GE,P1890,P1916,3,7,P1916,set-scores
2013-s4-B-GE-2-4,2013-s4,B,2013-s4-B-GE,P1890,P1905,6,4,P1890,set-scores
2013-s4-B-GE-2-5,2013-s4,B,2013-s4-B-GE,P1890,P1914,8,2,P1890,set-scores
2013-s4-B-GE-2-6,2013-s4,B,2013-s4-B-GE,P1890,P1899,2,8,P1899,set-scores
2013-s4-B-GE-3-4,2013-s4,B,2013-s4-B-GE,P1916,P1905,6,4,P1916,set-scores
2013-s4-B-GE-3-6,2013-s4,B,2013-s4-B-GE,P1916,P1899,3,7,P1899,set-scores
2013-s4-B-GE-5-6,2013-s4,B,2013-s4-B-GE,P1914,P1899,4,6,P1899,set-scores
2013-s5-A-GA-0-1,2013-s5,A,2013-s5-A-GA,P1791,P1732,6,4,P1791,set-scores
2013-s5-A-GA-0-2,2013-s5,A,2013-s5-A-GA,P1791,P1270,4,6,P1270,set-scores
2013-s5-A-GA-0-3,2013-s5,A,2013-s5-A-GA,P1791,P1841,4,6,P1841,set-scores
2013-s5-A-GA-0-4,2013-s5,A,2013-s5-A-GA,P1791,P1772,6,1,P1791,set-scores
2013-s5-A-GA-0-5,2013-s5,A,2013-s5-A-GA,P1791,P1531,8,2,P1791,set-scores
2013-s5-A-GA-1-2,2013-s5,A,2013-s5-A-GA,P1732,P1270,2,8,P1270,set-scores
2013-s5-A-GA-1-3,2013-s5,A,2013-s5-A-GA,P1732,P1841,7,3,P1732,set-scores
2013-s5-A-GA-1-4,2013-s5,A,2013-s5-A-GA,P1732,P1772,5,5,,set-scores
2013-s5-A-GA-1-5,2013-s5,A,2013-s5-A-GA,P1732,P1531,10,0,P1732,set-scores
2013-s5-A-GA-1-6,2013-s5,A,2013-s5-A-GA,P1732,P1627,7,3,P1732,set-scores
2013-s5-A-GA-2-3,2013-s5,A,2013-s5-A-GA,P1270,P1841,6,4,P1270,set-scores
2013-s5-A-GA-2-4,2013-s5,A,2013-s5-A-GA,P1270,P1772,7,3,P1270,set-scores
2013-s5-A-GA-2-5,2013-s5,A,2013-s5-A-GA,P1270,P1531,4,6,P1531,set-scores
2013-s5-A-GA-3-4,2013-s5,A,2013-s5-A-GA,P1841,P1772,4,6,P1772,set-scores
2013-s5-A-GA-3-6,2013-s5,A,2013-s5-A-GA,P1841,P1627,6,4,P1841,set-scores
2013-s5-A-GA-5-6,2013-s5,A,2013-s5-A-GA,P1531,P1627,3,7,P1627,set-scores
2013-s5-A-GB-0-2,2013-s5,A,2013-s5-A-GB,P1588,P1425,7,3,P1588,set-scores
2013-s5-A-GB-0-3,2013-s5,A,2013-s5-A-GB,P1588,P1839,3,7,P1839,set-scores
2013-s5-A-GB-0-4,2013-s5,A,2013-s5-A-GB,P1588,P0772,4,6,P0772,set-scores
2013-s5-A-GB-0-5,2013-s5,A,2013-s5-A-GB,P1588,P1763,6,4,P1588,set-scores
2013-s5-A-GB-0-6,2013-s5,A,2013-s5-A-GB,P1588,P1419,7,3,P1588,set-scores
2013-s5-A-GB-1-2,2013-s5,A,2013-s5-A-GB,P1865,P1425,1,9,P1425,set-scores
2013-s5-A-GB-1-3,2013-s5,A,2013-s5-A-GB,P1865,P1839,4,6,P1839,set-scores
2013-s5-A-GB-1-5,2013-s5,A,2013-s5-A-GB,P1865,P1763,5,5,,set-scores
2013-s5-A-GB-2-3,2013-s5,A,2013-s5-A-GB,P1425,P1839,4,6,P1839,set-scores
2013-s5-A-GB-2-4,2013-s5,A,2013-s5-A-GB,P1425,P0772,5,5,,set-scores
2013-s5-A-GB-2-5,2013-s5,A,2013-s5-A-GB,P1425,P1763,8,2,P1425,set-scores
2013-s5-A-GB-2-6,2013-s5,A,2013-s5-A-GB,P1425,P1419,2,8,P1419,set-scores
2013-s5-A-GB-3-4,2013-s5,A,2013-s5-A-GB,P1839,P0772,9,1,P1839,set-scores
2013-s5-A-GB-3-5,2013-s5,A,2013-s5-A-GB,P1839,P1763,9,1,P1839,set-scores
2013-s5-A-GB-3-6,2013-s5,A,2013-s5-A-GB,P1839,P1419,8,2,P1839,set-scores
2013-s5-A-GB-4-5,2013-s5,A,2013-s5-A-GB,P0772,P1763,4,6,P1763,set-scores
2013-s5-A-GB-4-6,2013-s5,A,2013-s5-A-GB,P0772,P1419,8,2,P0772,set-scores
2013-s5-A-GB-5-6,2013-s5,A,2013-s5-A-GB,P1763,P1419,5,5,,set-scores
2013-s5-A-GC-0-1,2013-s5,A,2013-s5-A-GC,P1793,P1202,4,6,P1202,set-scores
2013-s5-A-GC-0-2,2013-s5,A,2013-s5-A-GC,P1793,P1788,6,4,P1793,set-scores
2013-s5-A-GC-0-3,2013-s5,A,2013-s5-A-GC,P1793,P1934,3,7,P1934,set-scores
2013-s5-A-GC-0-4,2013-s5,A,2013-s5-A-GC,P1793,P1604,7,3,P1793,set-scores
2013-s5-A-GC-0-5,2013-s5,A,2013-s5-A-GC,P1793,P0064,6,4,P1793,set-scores
2013-s5-A-GC-0-6,2013-s5,A,2013-s5-A-GC,P1793,P1877,8,2,P1793,set-scores
2013-s5-A-GC-1-2,2013-s5,A,2013-s5-A-GC,P1202,P1788,7,3,P1202,set-scores
2013-s5-A-GC-1-3,2013-s5,A,2013-s5-A-GC,P1202,P1934,8,2,P1202,set-scores
2013-s5-A-GC-1-4,2013-s5,A,2013-s5-A-GC,P1202,P1604,7,3,P1202,set-scores
2013-s5-A-GC-1-5,2013-s5,A,2013-s5-A-GC,P1202,P0064,10,0,P1202,set-scores
2013-s5-A-GC-1-6,2013-s5,A,2013-s5-A-GC,P1202,P1877,6,4,P1202,set-scores
2013-s5-A-GC-2-3,2013-s5,A,2013-s5-A-GC,P1788,P1934,7,3,P1788,set-scores
2013-s5-A-GC-2-5,2013-s5,A,2013-s5-A-GC,P1788,P0064,7,3,P1788,set-scores
2013-s5-A-GC-3-4,2013-s5,A,2013-s5-A-GC,P1934,P1604,3,7,P1604,set-scores
2013-s5-A-GC-3-6,2013-s5,A,2013-s5-A-GC,P1934,P1877,8,2,P1934,set-scores
2013-s5-A-GC-4-5,2013-s5,A,2013-s5-A-GC,P1604,P0064,5,5,,set-scores
2013-s5-A-GC-4-6,2013-s5,A,2013-s5-A-GC,P1604,P1877,7,3,P1604,set-scores
2013-s5-A-GD-0-1,2013-s5,A,2013-s5-A-GD,P0754,P1567,4,6,P1567,set-scores
2013-s5-A-GD-0-2,2013-s5,A,2013-s5-A-GD,P0754,P1757,3,7,P1757,set-scores
2013-s5-A-GD-0-3,2013-s5,A,2013-s5-A-GD,P0754,P1096,2,6,P1096,set-scores
2013-s5-A-GD-0-4,2013-s5,A,2013-s5-A-GD,P0754,P1734,2,8,P1734,set-scores
2013-s5-A-GD-0-5,2013-s5,A,2013-s5-A-GD,P0754,P1523,4,6,P1523,set-scores
2013-s5-A-GD-0-6,2013-s5,A,2013-s5-A-GD,P0754,P1805,3,7,P1805,set-scores
2013-s5-A-GD-1-2,2013-s5,A,2013-s5-A-GD,P1567,P1757,8,2,P1567,set-scores
2013-s5-A-GD-1-3,2013-s5,A,2013-s5-A-GD,P1567,P1096,6,4,P1567,set-scores
2013-s5-A-GD-1-4,2013-s5,A,2013-s5-A-GD,P1567,P1734,5,5,,set-scores
2013-s5-A-GD-1-5,2013-s5,A,2013-s5-A-GD,P1567,P1523,6,4,P1567,set-scores
2013-s5-A-GD-1-6,2013-s5,A,2013-s5-A-GD,P1567,P1805,6,4,P1567,set-scores
2013-s5-A-GD-2-3,2013-s5,A,2013-s5-A-GD,P1757,P1096,4,6,P1096,set-scores
2013-s5-A-GD-2-4,2013-s5,A,2013-s5-A-GD,P1757,P1734,4,6,P1734,set-scores
2013-s5-A-GD-2-6,2013-s5,A,2013-s5-A-GD,P1757,P1805,4,6,P1805,set-scores
2013-s5-A-GD-3-4,2013-s5,A,2013-s5-A-GD,P1096,P1734,6,4,P1096,set-scores
2013-s5-A-GD-3-5,2013-s5,A,2013-s5-A-GD,P1096,P1523,6,4,P1096,set-scores
2013-s5-A-GD-3-6,2013-s5,A,2013-s5-A-GD,P1096,P1805,7,3,P1096,set-scores
2013-s5-A-GD-4-5,2013-s5,A,2013-s5-A-GD,P1734,P1523,6,4,P1734,set-scores
2013-s5-A-GD-4-6,2013-s5,A,2013-s5-A-GD,P1734,P1805,6,4,P1734,set-scores
2013-s5-A-GD-5-6,2013-s5,A,2013-s5-A-GD,P1523,P1805,7,3,P1523,set-scores
2013-s5-A-GE-0-1,2013-s5,A,2013-s5-A-GE,P1871,P1316,4,6,P1316,set-scores
2013-s5-A-GE-0-2,2013-s5,A,2013-s5-A-GE,P1871,P1650,6,4,P1871,set-scores
2013-s5-A-GE-0-3,2013-s5,A,2013-s5-A-GE,P1871,P1396,6,1,P1871,set-scores
2013-s5-A-GE-0-4,2013-s5,A,2013-s5-A-GE,P1871,P1024,6,0,P1871,set-scores
2013-s5-A-GE-0-5,2013-s5,A,2013-s5-A-GE,P1871,P1898,6,4,P1871,set-scores
2013-s5-A-GE-0-6,2013-s5,A,2013-s5-A-GE,P1871,P1860,7,3,P1871,set-scores
2013-s5-A-GE-1-2,2013-s5,A,2013-s5-A-GE,P1316,P1650,7,3,P1316,set-scores
2013-s5-A-GE-1-3,2013-s5,A,2013-s5-A-GE,P1316,P1396,7,3,P1316,set-scores
2013-s5-A-GE-1-4,2013-s5,A,2013-s5-A-GE,P1316,P1024,6,4,P1316,set-scores
2013-s5-A-GE-1-5,2013-s5,A,2013-s5-A-GE,P1316,P1898,8,2,P1316,set-scores
2013-s5-A-GE-1-6,2013-s5,A,2013-s5-A-GE,P1316,P1860,3,7,P1860,set-scores
2013-s5-A-GE-2-3,2013-s5,A,2013-s5-A-GE,P1650,P1396,3,7,P1396,set-scores
2013-s5-A-GE-2-4,2013-s5,A,2013-s5-A-GE,P1650,P1024,5,5,,set-scores
2013-s5-A-GE-2-6,2013-s5,A,2013-s5-A-GE,P1650,P1860,3,7,P1860,set-scores
2013-s5-A-GE-3-4,2013-s5,A,2013-s5-A-GE,P1396,P1024,6,4,P1396,set-scores
2013-s5-A-GE-3-5,2013-s5,A,2013-s5-A-GE,P1396,P1898,7,3,P1396,set-scores
2013-s5-A-GE-3-6,2013-s5,A,2013-s5-A-GE,P1396,P1860,3,7,P1860,set-scores
2013-s5-A-GE-4-6,2013-s5,A,2013-s5-A-GE,P1024,P1860,6,4,P1024,set-scores
2013-s5-A-GE-5-6,2013-s5,A,2013-s5-A-GE,P1898,P1860,3,7,P1860,set-scores
2013-s5-B-GA-0-1,2013-s5,B,2013-s5-B-GA,P0364,P1743,5,5,,set-scores
2013-s5-B-GA-0-2,2013-s5,B,2013-s5-B-GA,P0364,P1666,4,6,P1666,set-scores
2013-s5-B-GA-0-3,2013-s5,B,2013-s5-B-GA,P0364,P1586,7,3,P0364,set-scores
2013-s5-B-GA-0-4,2013-s5,B,2013-s5-B-GA,P0364,P1858,8,2,P0364,set-scores
2013-s5-B-GA-0-5,2013-s5,B,2013-s5-B-GA,P0364,P1800,7,3,P0364,set-scores
2013-s5-B-GA-0-6,2013-s5,B,2013-s5-B-GA,P0364,P1717,6,4,P0364,set-scores
2013-s5-B-GA-1-2,2013-s5,B,2013-s5-B-GA,P1743,P1666,8,2,P1743,set-scores
2013-s5-B-GA-1-3,2013-s5,B,2013-s5-B-GA,P1743,P1586,1,9,P1586,set-scores
2013-s5-B-GA-1-4,2013-s5,B,2013-s5-B-GA,P1743,P1858,8,2,P1743,set-scores
2013-s5-B-GA-1-5,2013-s5,B,2013-s5-B-GA,P1743,P1800,7,3,P1743,set-scores
2013-s5-B-GA-1-6,2013-s5,B,2013-s5-B-GA,P1743,P1717,7,3,P1743,set-scores
2013-s5-B-GA-2-3,2013-s5,B,2013-s5-B-GA,P1666,P1586,6,4,P1666,set-scores
2013-s5-B-GA-2-4,2013-s5,B,2013-s5-B-GA,P1666,P1858,4,6,P1858,set-scores
2013-s5-B-GA-2-5,2013-s5,B,2013-s5-B-GA,P1666,P1800,6,4,P1666,set-scores
2013-s5-B-GA-2-6,2013-s5,B,2013-s5-B-GA,P1666,P1717,6,4,P1666,set-scores
2013-s5-B-GA-3-4,2013-s5,B,2013-s5-B-GA,P1586,P1858,7,3,P1586,set-scores
2013-s5-B-GA-3-5,2013-s5,B,2013-s5-B-GA,P1586,P1800,7,3,P1586,set-scores
2013-s5-B-GA-3-6,2013-s5,B,2013-s5-B-GA,P1586,P1717,4,6,P1717,set-scores
2013-s5-B-GA-4-5,2013-s5,B,2013-s5-B-GA,P1858,P1800,6,4,P1858,set-scores
2013-s5-B-GA-5-6,2013-s5,B,2013-s5-B-GA,P1800,P1717,6,4,P1800,set-scores
2013-s5-B-GB-0-1,2013-s5,B,2013-s5-B-GB,P1813,P1768,8,2,P1813,set-scores
2013-s5-B-GB-0-4,2013-s5,B,2013-s5-B-GB,P1813,P1879,6,4,P1813,set-scores
2013-s5-B-GB-0-5,2013-s5,B,2013-s5-B-GB,P1813,P1837,8,2,P1813,set-scores
2013-s5-B-GB-0-6,2013-s5,B,2013-s5-B-GB,P1813,P1761,6,4,P1813,set-scores
2013-s5-B-GB-1-2,2013-s5,B,2013-s5-B-GB,P1768,P1862,4,6,P1862,set-scores
2013-s5-B-GB-1-3,2013-s5,B,2013-s5-B-GB,P1768,P1908,6,4,P1768,set-scores
2013-s5-B-GB-1-4,2013-s5,B,2013-s5-B-GB,P1768,P1879,3,7,P1879,set-scores
2013-s5-B-GB-1-6,2013-s5,B,2013-s5-B-GB,P1768,P1761,2,8,P1761,set-scores
2013-s5-B-GB-2-3,2013-s5,B,2013-s5-B-GB,P1862,P1908,9,1,P1862,set-scores
2013-s5-B-GB-2-4,2013-s5,B,2013-s5-B-GB,P1862,P1879,4,6,P1879,set-scores
2013-s5-B-GB-2-6,2013-s5,B,2013-s5-B-GB,P1862,P1761,8,2,P1862,set-scores
2013-s5-B-GB-3-4,2013-s5,B,2013-s5-B-GB,P1908,P1879,3,7,P1879,set-scores
2013-s5-B-GB-3-5,2013-s5,B,2013-s5-B-GB,P1908,P1837,5,5,,set-scores
2013-s5-B-GB-3-6,2013-s5,B,2013-s5-B-GB,P1908,P1761,3,7,P1761,set-scores
2013-s5-B-GB-4-6,2013-s5,B,2013-s5-B-GB,P1879,P1761,6,4,P1879,set-scores
2013-s5-B-GB-5-6,2013-s5,B,2013-s5-B-GB,P1837,P1761,2,8,P1761,set-scores
2013-s5-B-GC-0-1,2013-s5,B,2013-s5-B-GC,P1593,P1743,10,0,P1593,set-scores
2013-s5-B-GC-0-2,2013-s5,B,2013-s5-B-GC,P1593,P1736,9,1,P1593,set-scores
2013-s5-B-GC-0-3,2013-s5,B,2013-s5-B-GC,P1593,P1753,6,4,P1593,set-scores
2013-s5-B-GC-0-4,2013-s5,B,2013-s5-B-GC,P1593,P1904,9,1,P1593,set-scores
2013-s5-B-GC-0-5,2013-s5,B,2013-s5-B-GC,P1593,P1919,3,7,P1919,set-scores
2013-s5-B-GC-0-6,2013-s5,B,2013-s5-B-GC,P1593,P1733,7,3,P1593,set-scores
2013-s5-B-GC-1-2,2013-s5,B,2013-s5-B-GC,P1743,P1736,8,2,P1743,set-scores
2013-s5-B-GC-1-3,2013-s5,B,2013-s5-B-GC,P1743,P1753,3,7,P1753,set-scores
2013-s5-B-GC-1-5,2013-s5,B,2013-s5-B-GC,P1743,P1919,1,9,P1919,set-scores
2013-s5-B-GC-1-6,2013-s5,B,2013-s5-B-GC,P1743,P1733,3,7,P1733,set-scores
2013-s5-B-GC-2-5,2013-s5,B,2013-s5-B-GC,P1736,P1919,6,4,P1736,set-scores
2013-s5-B-GC-2-6,2013-s5,B,2013-s5-B-GC,P1736,P1733,2,8,P1733,set-scores
2013-s5-B-GC-3-4,2013-s5,B,2013-s5-B-GC,P1753,P1904,7,3,P1753,set-scores
2013-s5-B-GC-3-5,2013-s5,B,2013-s5-B-GC,P1753,P1919,6,4,P1753,set-scores
2013-s5-B-GC-3-6,2013-s5,B,2013-s5-B-GC,P1753,P1733,6,4,P1753,set-scores
2013-s5-B-GC-4-5,2013-s5,B,2013-s5-B-GC,P1904,P1919,4,6,P1919,set-scores
2013-s5-B-GC-4-6,2013-s5,B,2013-s5-B-GC,P1904,P1733,2,8,P1733,set-scores
2013-s5-B-GC-5-6,2013-s5,B,2013-s5-B-GC,P1919,P1733,8,2,P1919,set-scores
2013-s5-B-GD-0-1,2013-s5,B,2013-s5-B-GD,P1899,P1786,1,9,P1786,set-scores
2013-s5-B-GD-0-2,2013-s5,B,2013-s5-B-GD,P1899,P1355,6,4,P1899,set-scores
2013-s5-B-GD-0-3,2013-s5,B,2013-s5-B-GD,P1899,P1861,3,7,P1861,set-scores
2013-s5-B-GD-0-4,2013-s5,B,2013-s5-B-GD,P1899,P1901,5,5,,set-scores
2013-s5-B-GD-0-5,2013-s5,B,2013-s5-B-GD,P1899,P1885,3,7,P1885,set-scores
2013-s5-B-GD-0-6,2013-s5,B,2013-s5-B-GD,P1899,P1891,6,4,P1899,set-scores
2013-s5-B-GD-1-2,2013-s5,B,2013-s5-B-GD,P1786,P1355,10,0,P1786,set-scores
2013-s5-B-GD-1-3,2013-s5,B,2013-s5-B-GD,P1786,P1861,3,7,P1861,set-scores
2013-s5-B-GD-1-4,2013-s5,B,2013-s5-B-GD,P1786,P1901,5,5,,set-scores
2013-s5-B-GD-1-6,2013-s5,B,2013-s5-B-GD,P1786,P1891,4,6,P1891,set-scores
2013-s5-B-GD-2-3,2013-s5,B,2013-s5-B-GD,P1355,P1861,8,2,P1355,set-scores
2013-s5-B-GD-2-4,2013-s5,B,2013-s5-B-GD,P1355,P1901,6,4,P1355,set-scores
2013-s5-B-GD-2-6,2013-s5,B,2013-s5-B-GD,P1355,P1891,4,6,P1891,set-scores
2013-s5-B-GD-3-4,2013-s5,B,2013-s5-B-GD,P1861,P1901,4,6,P1901,set-scores
2013-s5-B-GD-3-6,2013-s5,B,2013-s5-B-GD,P1861,P1891,4,6,P1891,set-scores
2013-s5-B-GD-4-5,2013-s5,B,2013-s5-B-GD,P1901,P1885,6,4,P1901,set-scores
2013-s5-B-GD-4-6,2013-s5,B,2013-s5-B-GD,P1901,P1891,7,3,P1901,set-scores
2013-s5-B-GD-5-6,2013-s5,B,2013-s5-B-GD,P1885,P1891,4,6,P1891,set-scores
2014-s1-A-GA-0-1,2014-s1,A,2014-s1-A-GA,P1791,P0969,5,5,,set-scores
2014-s1-A-GA-0-2,2014-s1,A,2014-s1-A-GA,P1791,P1825,7,2,P1791,set-scores
2014-s1-A-GA-0-3,2014-s1,A,2014-s1-A-GA,P1791,P0754,7,3,P1791,set-scores
2014-s1-A-GA-0-4,2014-s1,A,2014-s1-A-GA,P1791,P1753,7,3,P1791,set-scores
2014-s1-A-GA-0-5,2014-s1,A,2014-s1-A-GA,P1791,P1818,4,6,P1818,set-scores
2014-s1-A-GA-0-6,2014-s1,A,2014-s1-A-GA,P1791,P1526,7,3,P1791,set-scores
2014-s1-A-GA-1-2,2014-s1,A,2014-s1-A-GA,P0969,P1825,4,6,P1825,set-scores
2014-s1-A-GA-1-3,2014-s1,A,2014-s1-A-GA,P0969,P0754,4,6,P0754,set-scores
2014-s1-A-GA-1-4,2014-s1,A,2014-s1-A-GA,P0969,P1753,9,1,P0969,set-scores
2014-s1-A-GA-1-5,2014-s1,A,2014-s1-A-GA,P0969,P1818,7,3,P0969,set-scores
2014-s1-A-GA-1-6,2014-s1,A,2014-s1-A-GA,P0969,P1526,6,4,P0969,set-scores
2014-s1-A-GA-2-3,2014-s1,A,2014-s1-A-GA,P1825,P0754,1,9,P0754,set-scores
2014-s1-A-GA-2-4,2014-s1,A,2014-s1-A-GA,P1825,P1753,8,2,P1825,set-scores
2014-s1-A-GA-2-5,2014-s1,A,2014-s1-A-GA,P1825,P1818,9,1,P1825,set-scores
2014-s1-A-GA-2-6,2014-s1,A,2014-s1-A-GA,P1825,P1526,3,7,P1526,set-scores
2014-s1-A-GA-3-4,2014-s1,A,2014-s1-A-GA,P0754,P1753,4,6,P1753,set-scores
2014-s1-A-GA-3-5,2014-s1,A,2014-s1-A-GA,P0754,P1818,5,5,,set-scores
2014-s1-A-GA-3-6,2014-s1,A,2014-s1-A-GA,P0754,P1526,6,4,P0754,set-scores
2014-s1-A-GA-4-5,2014-s1,A,2014-s1-A-GA,P1753,P1818,6,4,P1753,set-scores
2014-s1-A-GA-4-6,2014-s1,A,2014-s1-A-GA,P1753,P1526,6,4,P1753,set-scores
2014-s1-A-GB-0-1,2014-s1,A,2014-s1-A-GB,P1587,P1316,9,1,P1587,set-scores
2014-s1-A-GB-0-2,2014-s1,A,2014-s1-A-GB,P1587,P1763,9,1,P1587,set-scores
2014-s1-A-GB-0-3,2014-s1,A,2014-s1-A-GB,P1587,P1942,7,3,P1587,set-scores
2014-s1-A-GB-0-4,2014-s1,A,2014-s1-A-GB,P1587,P1901,10,0,P1587,set-scores
2014-s1-A-GB-0-5,2014-s1,A,2014-s1-A-GB,P1587,P1213,3,7,P1213,set-scores
2014-s1-A-GB-0-6,2014-s1,A,2014-s1-A-GB,P1587,P1761,7,3,P1587,set-scores
2014-s1-A-GB-1-2,2014-s1,A,2014-s1-A-GB,P1316,P1763,5,5,,set-scores
2014-s1-A-GB-1-3,2014-s1,A,2014-s1-A-GB,P1316,P1942,6,4,P1316,set-scores
2014-s1-A-GB-1-4,2014-s1,A,2014-s1-A-GB,P1316,P1901,6,4,P1316,set-scores
2014-s1-A-GB-1-5,2014-s1,A,2014-s1-A-GB,P1316,P1213,7,3,P1316,set-scores
2014-s1-A-GB-1-6,2014-s1,A,2014-s1-A-GB,P1316,P1761,5,5,,set-scores
2014-s1-A-GB-2-3,2014-s1,A,2014-s1-A-GB,P1763,P1942,2,8,P1942,set-scores
2014-s1-A-GB-2-4,2014-s1,A,2014-s1-A-GB,P1763,P1901,6,4,P1763,set-scores
2014-s1-A-GB-2-5,2014-s1,A,2014-s1-A-GB,P1763,P1213,5,5,,set-scores
2014-s1-A-GB-2-6,2014-s1,A,2014-s1-A-GB,P1763,P1761,2,8,P1761,set-scores
2014-s1-A-GB-3-4,2014-s1,A,2014-s1-A-GB,P1942,P1901,6,4,P1942,set-scores
2014-s1-A-GB-3-5,2014-s1,A,2014-s1-A-GB,P1942,P1213,3,7,P1213,set-scores
2014-s1-A-GB-3-6,2014-s1,A,2014-s1-A-GB,P1942,P1761,6,4,P1942,set-scores
2014-s1-A-GB-4-5,2014-s1,A,2014-s1-A-GB,P1901,P1213,4,6,P1213,set-scores
2014-s1-A-GB-4-6,2014-s1,A,2014-s1-A-GB,P1901,P1761,4,6,P1761,set-scores
2014-s1-A-GB-5-6,2014-s1,A,2014-s1-A-GB,P1213,P1761,4,6,P1761,set-scores
2014-s1-A-GC-0-1,2014-s1,A,2014-s1-A-GC,P1886,P1425,4,6,P1425,set-scores
2014-s1-A-GC-0-2,2014-s1,A,2014-s1-A-GC,P1886,P1805,3,7,P1805,set-scores
2014-s1-A-GC-0-3,2014-s1,A,2014-s1-A-GC,P1886,P1523,6,4,P1886,set-scores
2014-s1-A-GC-0-4,2014-s1,A,2014-s1-A-GC,P1886,P1419,2,8,P1419,set-scores
2014-s1-A-GC-0-6,2014-s1,A,2014-s1-A-GC,P1886,P1396,6,0,P1886,set-scores
2014-s1-A-GC-1-2,2014-s1,A,2014-s1-A-GC,P1425,P1805,4,6,P1805,set-scores
2014-s1-A-GC-1-3,2014-s1,A,2014-s1-A-GC,P1425,P1523,6,4,P1425,set-scores
2014-s1-A-GC-1-4,2014-s1,A,2014-s1-A-GC,P1425,P1419,4,6,P1419,set-scores
2014-s1-A-GC-1-5,2014-s1,A,2014-s1-A-GC,P1425,P1854,6,4,P1425,set-scores
2014-s1-A-GC-1-6,2014-s1,A,2014-s1-A-GC,P1425,P1396,7,3,P1425,set-scores
2014-s1-A-GC-2-3,2014-s1,A,2014-s1-A-GC,P1805,P1523,6,1,P1805,set-scores
2014-s1-A-GC-2-4,2014-s1,A,2014-s1-A-GC,P1805,P1419,6,4,P1805,set-scores
2014-s1-A-GC-2-5,2014-s1,A,2014-s1-A-GC,P1805,P1854,7,3,P1805,set-scores
2014-s1-A-GC-2-6,2014-s1,A,2014-s1-A-GC,P1805,P1396,6,0,P1805,set-scores
2014-s1-A-GC-3-4,2014-s1,A,2014-s1-A-GC,P1523,P1419,4,6,P1419,set-scores
2014-s1-A-GC-3-5,2014-s1,A,2014-s1-A-GC,P1523,P1854,8,2,P1523,set-scores
2014-s1-A-GC-3-6,2014-s1,A,2014-s1-A-GC,P1523,P1396,6,0,P1523,set-scores
2014-s1-A-GC-4-5,2014-s1,A,2014-s1-A-GC,P1419,P1854,6,1,P1419,set-scores
2014-s1-A-GC-4-6,2014-s1,A,2014-s1-A-GC,P1419,P1396,6,0,P1419,set-scores
2014-s1-A-GD-0-1,2014-s1,A,2014-s1-A-GD,P1567,P1270,4,6,P1270,set-scores
2014-s1-A-GD-0-2,2014-s1,A,2014-s1-A-GD,P1567,P1752,6,4,P1567,set-scores
2014-s1-A-GD-0-3,2014-s1,A,2014-s1-A-GD,P1567,P1593,4,6,P1593,set-scores
2014-s1-A-GD-0-4,2014-s1,A,2014-s1-A-GD,P1567,P1862,6,4,P1567,set-scores
2014-s1-A-GD-0-5,2014-s1,A,2014-s1-A-GD,P1567,P0772,5,5,,set-scores
2014-s1-A-GD-0-6,2014-s1,A,2014-s1-A-GD,P1567,P1870,7,3,P1567,set-scores
2014-s1-A-GD-1-2,2014-s1,A,2014-s1-A-GD,P1270,P1752,4,6,P1752,set-scores
2014-s1-A-GD-1-3,2014-s1,A,2014-s1-A-GD,P1270,P1593,6,4,P1270,set-scores
2014-s1-A-GD-1-4,2014-s1,A,2014-s1-A-GD,P1270,P1862,8,2,P1270,set-scores
2014-s1-A-GD-1-5,2014-s1,A,2014-s1-A-GD,P1270,P0772,6,4,P1270,set-scores
2014-s1-A-GD-1-6,2014-s1,A,2014-s1-A-GD,P1270,P1870,3,7,P1870,set-scores
2014-s1-A-GD-2-3,2014-s1,A,2014-s1-A-GD,P1752,P1593,6,0,P1752,set-scores
2014-s1-A-GD-2-4,2014-s1,A,2014-s1-A-GD,P1752,P1862,8,2,P1752,set-scores
2014-s1-A-GD-2-5,2014-s1,A,2014-s1-A-GD,P1752,P0772,4,6,P0772,set-scores
2014-s1-A-GD-2-6,2014-s1,A,2014-s1-A-GD,P1752,P1870,6,4,P1752,set-scores
2014-s1-A-GD-3-4,2014-s1,A,2014-s1-A-GD,P1593,P1862,8,2,P1593,set-scores
2014-s1-A-GD-3-5,2014-s1,A,2014-s1-A-GD,P1593,P0772,2,8,P0772,set-scores
2014-s1-A-GD-3-6,2014-s1,A,2014-s1-A-GD,P1593,P1870,4,6,P1870,set-scores
2014-s1-A-GD-4-5,2014-s1,A,2014-s1-A-GD,P1862,P0772,2,8,P0772,set-scores
2014-s1-A-GD-4-6,2014-s1,A,2014-s1-A-GD,P1862,P1870,4,6,P1870,set-scores
2014-s1-A-GD-5-6,2014-s1,A,2014-s1-A-GD,P0772,P1870,3,7,P1870,set-scores
2014-s1-A-GE-0-2,2014-s1,A,2014-s1-A-GE,P1830,P1860,4,6,P1860,set-scores
2014-s1-A-GE-0-3,2014-s1,A,2014-s1-A-GE,P1830,P1024,6,4,P1830,set-scores
2014-s1-A-GE-0-4,2014-s1,A,2014-s1-A-GE,P1830,P1948,6,4,P1830,set-scores
2014-s1-A-GE-0-5,2014-s1,A,2014-s1-A-GE,P1830,P1734,8,2,P1830,set-scores
2014-s1-A-GE-1-2,2014-s1,A,2014-s1-A-GE,P1757,P1860,3,7,P1860,set-scores
2014-s1-A-GE-1-3,2014-s1,A,2014-s1-A-GE,P1757,P1024,6,0,P1757,set-scores
2014-s1-A-GE-1-5,2014-s1,A,2014-s1-A-GE,P1757,P1734,7,3,P1757,set-scores
2014-s1-A-GE-1-6,2014-s1,A,2014-s1-A-GE,P1757,P1664,6,4,P1757,set-scores
2014-s1-A-GE-2-4,2014-s1,A,2014-s1-A-GE,P1860,P1948,6,4,P1860,set-scores
2014-s1-A-GE-2-5,2014-s1,A,2014-s1-A-GE,P1860,P1734,7,3,P1860,set-scores
2014-s1-A-GE-3-4,2014-s1,A,2014-s1-A-GE,P1024,P1948,9,1,P1024,set-scores
2014-s1-A-GE-3-5,2014-s1,A,2014-s1-A-GE,P1024,P1734,7,3,P1024,set-scores
2014-s1-A-GE-4-5,2014-s1,A,2014-s1-A-GE,P1948,P1734,4,6,P1734,set-scores
2014-s1-A-GE-4-6,2014-s1,A,2014-s1-A-GE,P1948,P1664,7,3,P1948,set-scores
2014-s1-A-GE-5-6,2014-s1,A,2014-s1-A-GE,P1734,P1664,8,2,P1734,set-scores
2014-s1-B-GA-0-2,2014-s1,B,2014-s1-B-GA,P1943,P1941,3,7,P1941,set-scores
2014-s1-B-GA-0-4,2014-s1,B,2014-s1-B-GA,P1943,P1904,4,6,P1904,set-scores
2014-s1-B-GA-0-5,2014-s1,B,2014-s1-B-GA,P1943,P1938,6,4,P1943,set-scores
2014-s1-B-GA-0-6,2014-s1,B,2014-s1-B-GA,P1943,P1804,4,6,P1804,set-scores
2014-s1-B-GA-1-2,2014-s1,B,2014-s1-B-GA,P1592,P1941,3,7,P1941,set-scores
2014-s1-B-GA-1-4,2014-s1,B,2014-s1-B-GA,P1592,P1904,0,10,P1904,set-scores
2014-s1-B-GA-2-3,2014-s1,B,2014-s1-B-GA,P1941,P1939,8,2,P1941,set-scores
2014-s1-B-GA-2-4,2014-s1,B,2014-s1-B-GA,P1941,P1904,6,4,P1941,set-scores
2014-s1-B-GA-2-5,2014-s1,B,2014-s1-B-GA,P1941,P1938,7,3,P1941,set-scores
2014-s1-B-GA-2-6,2014-s1,B,2014-s1-B-GA,P1941,P1804,10,0,P1941,set-scores
2014-s1-B-GA-4-5,2014-s1,B,2014-s1-B-GA,P1904,P1938,6,4,P1904,set-scores
2014-s1-B-GA-4-6,2014-s1,B,2014-s1-B-GA,P1904,P1804,6,0,P1904,set-scores
2014-s1-B-GA-5-6,2014-s1,B,2014-s1-B-GA,P1938,P1804,6,4,P1938,set-scores
2014-s1-B-GB-0-1,2014-s1,B,2014-s1-B-GB,P1771,P1800,5,5,,set-scores
2014-s1-B-GB-0-2,2014-s1,B,2014-s1-B-GB,P1771,P1736,9,1,P1771,set-scores
2014-s1-B-GB-0-3,2014-s1,B,2014-s1-B-GB,P1771,P1717,5,5,,set-scores
2014-s1-B-GB-0-4,2014-s1,B,2014-s1-B-GB,P1771,P1743,7,3,P1771,set-scores
2014-s1-B-GB-0-5,2014-s1,B,2014-s1-B-GB,P1771,P1946,4,6,P1946,set-scores
2014-s1-B-GB-0-6,2014-s1,B,2014-s1-B-GB,P1771,P1861,7,3,P1771,set-scores
2014-s1-B-GB-1-2,2014-s1,B,2014-s1-B-GB,P1800,P1736,1,9,P1736,set-scores
2014-s1-B-GB-1-3,2014-s1,B,2014-s1-B-GB,P1800,P1717,4,6,P1717,set-scores
2014-s1-B-GB-1-4,2014-s1,B,2014-s1-B-GB,P1800,P1743,0,10,P1743,set-scores
2014-s1-B-GB-1-5,2014-s1,B,2014-s1-B-GB,P1800,P1946,3,7,P1946,set-scores
2014-s1-B-GB-1-6,2014-s1,B,2014-s1-B-GB,P1800,P1861,7,3,P1800,set-scores
2014-s1-B-GB-2-3,2014-s1,B,2014-s1-B-GB,P1736,P1717,6,4,P1736,set-scores
2014-s1-B-GB-2-4,2014-s1,B,2014-s1-B-GB,P1736,P1743,8,2,P1736,set-scores
2014-s1-B-GB-2-5,2014-s1,B,2014-s1-B-GB,P1736,P1946,7,3,P1736,set-scores
2014-s1-B-GB-2-6,2014-s1,B,2014-s1-B-GB,P1736,P1861,2,8,P1861,set-scores
2014-s1-B-GB-3-4,2014-s1,B,2014-s1-B-GB,P1717,P1743,7,3,P1717,set-scores
2014-s1-B-GB-3-5,2014-s1,B,2014-s1-B-GB,P1717,P1946,6,4,P1717,set-scores
2014-s1-B-GB-3-6,2014-s1,B,2014-s1-B-GB,P1717,P1861,2,8,P1861,set-scores
2014-s1-B-GB-4-5,2014-s1,B,2014-s1-B-GB,P1743,P1946,4,6,P1946,set-scores
2014-s1-B-GB-4-6,2014-s1,B,2014-s1-B-GB,P1743,P1861,6,4,P1743,set-scores
2014-s1-B-GB-5-6,2014-s1,B,2014-s1-B-GB,P1946,P1861,5,5,,set-scores
2014-s1-B-GC-0-2,2014-s1,B,2014-s1-B-GC,P1899,P1730,3,7,P1730,set-scores
2014-s1-B-GC-0-3,2014-s1,B,2014-s1-B-GC,P1899,P1947,6,0,P1899,set-scores
2014-s1-B-GC-0-4,2014-s1,B,2014-s1-B-GC,P1899,P1937,5,5,,set-scores
2014-s1-B-GC-0-5,2014-s1,B,2014-s1-B-GC,P1899,P1914,6,4,P1899,set-scores
2014-s1-B-GC-0-6,2014-s1,B,2014-s1-B-GC,P1899,P1879,2,8,P1879,set-scores
2014-s1-B-GC-1-2,2014-s1,B,2014-s1-B-GC,P1813,P1730,5,5,,set-scores
2014-s1-B-GC-1-3,2014-s1,B,2014-s1-B-GC,P1813,P1947,6,0,P1813,set-scores
2014-s1-B-GC-1-4,2014-s1,B,2014-s1-B-GC,P1813,P1937,6,4,P1813,set-scores
2014-s1-B-GC-1-5,2014-s1,B,2014-s1-B-GC,P1813,P1914,6,4,P1813,set-scores
2014-s1-B-GC-1-6,2014-s1,B,2014-s1-B-GC,P1813,P1879,6,4,P1813,set-scores
2014-s1-B-GC-2-3,2014-s1,B,2014-s1-B-GC,P1730,P1947,6,0,P1730,set-scores
2014-s1-B-GC-2-4,2014-s1,B,2014-s1-B-GC,P1730,P1937,3,7,P1937,set-scores
2014-s1-B-GC-2-5,2014-s1,B,2014-s1-B-GC,P1730,P1914,8,2,P1730,set-scores
2014-s1-B-GC-3-4,2014-s1,B,2014-s1-B-GC,P1947,P1937,0,10,P1937,set-scores
2014-s1-B-GC-3-5,2014-s1,B,2014-s1-B-GC,P1947,P1914,0,10,P1914,set-scores
2014-s1-B-GC-3-6,2014-s1,B,2014-s1-B-GC,P1947,P1879,0,10,P1879,set-scores
2014-s1-B-GC-4-5,2014-s1,B,2014-s1-B-GC,P1937,P1914,6,4,P1937,set-scores
2014-s1-B-GC-4-6,2014-s1,B,2014-s1-B-GC,P1937,P1879,2,8,P1879,set-scores
2014-s1-B-GC-5-6,2014-s1,B,2014-s1-B-GC,P1914,P1879,4,6,P1879,set-scores
2014-s1-B-GD-0-2,2014-s1,B,2014-s1-B-GD,P1786,P1908,6,4,P1786,set-scores
2014-s1-B-GD-0-3,2014-s1,B,2014-s1-B-GD,P1786,P1743,5,5,,set-scores
2014-s1-B-GD-0-4,2014-s1,B,2014-s1-B-GD,P1786,P1940,6,4,P1786,set-scores
2014-s1-B-GD-0-5,2014-s1,B,2014-s1-B-GD,P1786,P1859,4,6,P1859,set-scores
2014-s1-B-GD-1-2,2014-s1,B,2014-s1-B-GD,P1381,P1908,8,2,P1381,set-scores
2014-s1-B-GD-1-3,2014-s1,B,2014-s1-B-GD,P1381,P1743,4,6,P1743,set-scores
2014-s1-B-GD-1-4,2014-s1,B,2014-s1-B-GD,P1381,P1940,9,1,P1381,set-scores
2014-s1-B-GD-1-5,2014-s1,B,2014-s1-B-GD,P1381,P1859,6,4,P1381,set-scores
2014-s1-B-GD-2-3,2014-s1,B,2014-s1-B-GD,P1908,P1743,4,6,P1743,set-scores
2014-s1-B-GD-2-4,2014-s1,B,2014-s1-B-GD,P1908,P1940,7,3,P1908,set-scores
2014-s1-B-GD-2-5,2014-s1,B,2014-s1-B-GD,P1908,P1859,4,6,P1859,set-scores
2014-s1-B-GD-2-6,2014-s1,B,2014-s1-B-GD,P1908,P1890,6,4,P1908,set-scores
2014-s1-B-GD-3-4,2014-s1,B,2014-s1-B-GD,P1743,P1940,6,4,P1743,set-scores
2014-s1-B-GD-3-5,2014-s1,B,2014-s1-B-GD,P1743,P1859,8,2,P1743,set-scores
2014-s1-B-GD-3-6,2014-s1,B,2014-s1-B-GD,P1743,P1890,7,3,P1743,set-scores
2014-s1-B-GD-4-5,2014-s1,B,2014-s1-B-GD,P1940,P1859,3,7,P1859,set-scores
2014-s1-B-GD-4-6,2014-s1,B,2014-s1-B-GD,P1940,P1890,5,5,,set-scores
2014-s1-B-GD-5-6,2014-s1,B,2014-s1-B-GD,P1859,P1890,6,4,P1859,set-scores
