group_id,season_id,division,group_letter,player_id,slot,played,wins,losses,draws,games_for,games_against,win_pct,points,bonus,total
2005-s1-single-GA,2005-s1,single,A,P0027,0,7,7,0,0,53,17,76,21,,21
2005-s1-single-GA,2005-s1,single,A,P0141,1,4,1,3,0,13,27,33,3,,3
2005-s1-single-GA,2005-s1,single,A,P0082,2,7,4,3,0,41,29,59,12,,12
2005-s1-single-GA,2005-s1,single,A,P0131,3,6,2,4,0,23,37,38,6,,6
2005-s1-single-GA,2005-s1,single,A,P0014,4,7,5,2,0,42,28,60,15,,15
2005-s1-single-GA,2005-s1,single,A,P0099,5,6,1,5,0,23,37,38.3,3,,3
2005-s1-single-GA,2005-s1,single,A,P0055,6,6,3,3,0,30,30,50,9,,9
2005-s1-single-GA,2005-s1,single,A,P0156,7,5,1,4,0,15,35,30,3,,3
2005-s1-single-GB,2005-s1,single,B,P0018,0,7,6,1,0,48,22,69,18,,18
2005-s1-single-GB,2005-s1,single,B,P0006,1,7,5,2,0,40,30,57.1,15,,15
2005-s1-single-GB,2005-s1,single,B,P0008,2,5,4,0,1,33,17,66,13,,13
2005-s1-single-GB,2005-s1,single,B,P0137,3,3,0,3,0,10,20,33,0,,0
2005-s1-single-GB,2005-s1,single,B,P0108,4,4,0,4,0,8,32,20,0,,0
2005-s1-single-GB,2005-s1,single,B,P0002,5,7,3,3,1,37,33,53,10,,10
2005-s1-single-GB,2005-s1,single,B,P0143,6,4,1,3,,15,25,38,3,,3
2005-s1-single-GB,2005-s1,single,B,P0115,7,3,0,3,0,9,21,30,0,,0
2005-s1-single-GC,2005-s1,single,C,P0058,0,4,2,2,0,24,16,60,6,,6
2005-s1-single-GC,2005-s1,single,C,P0107,1,6,4,2,0,36,24,60,12,,12
2005-s1-single-GC,2005-s1,single,C,P0044,2,1,0,1,0,2,8,20,0,,0
2005-s1-single-GC,2005-s1,single,C,P0067,3,5,4,0,1,32,18,64,13,,13
2005-s1-single-GC,2005-s1,single,C,P0155,4,4,0,4,0,7,33,17.5,0,,0
2005-s1-single-GC,2005-s1,single,C,P0134,5,2,0,2,0,4,16,20,0,,0
2005-s1-single-GC,2005-s1,single,C,P0052,6,4,,3,1,,,,60,,60
2005-s1-single-GC,2005-s1,single,C,P0078,7,5,2,2,1,28,22,56,7,,7
2005-s1-single-GD,2005-s1,single,D,P0036,0,5,3,1,1,32,18,64,10,,10
2005-s1-single-GD,2005-s1,single,D,P0049,1,7,5,0,2,47,23,67,17,,17
2005-s1-single-GD,2005-s1,single,D,P0122,2,4,1,3,0,9,31,23,3,,3
2005-s1-single-GD,2005-s1,single,D,P0046,3,6,2,2,2,38,22,63,8,,8
2005-s1-single-GD,2005-s1,single,D,P0015,4,3,2,1,0,15,15,50,6,,6
2005-s1-single-GD,2005-s1,single,D,P0121,5,7,1,5,1,26,44,37,4,,4
2005-s1-single-GD,2005-s1,single,D,P0007,6,6,2,2,2,28,32,47,8,,8
2005-s1-single-GD,2005-s1,single,D,P0092,7,4,1,3,0,15,25,38,3,,3
2005-s2-single-GA,2005-s2,single,A,P0005,0,6,4,2,0,38,22,63,13,,13
2005-s2-single-GA,2005-s2,single,A,P0018,1,5,5,0,0,39,11,78,15,,15
2005-s2-single-GA,2005-s2,single,A,P0082,2,4,3,1,0,30,20,60,9,,9
2005-s2-single-GA,2005-s2,single,A,P0092,3,3,1,2,0,15,15,50,3,,3
2005-s2-single-GA,2005-s2,single,A,P0150,4,6,0,6,0,0,60,0,0,,0
2005-s2-single-GA,2005-s2,single,A,P0043,5,4,1,3,0,20,20,50,3,,3
2005-s2-single-GA,2005-s2,single,A,P0058,6,6,4,2,0,28,22,56,12,,12
2005-s2-single-GB,2005-s2,single,B,P0027,0,6,5,0,1,44,16,73,17,,17
2005-s2-single-GB,2005-s2,single,B,P0003,1,3,1,2,0,17,13,56,3,,3
2005-s2-single-GB,2005-s2,single,B,P0145,2,6,5,1,0,41,19,68,16,,16
2005-s2-single-GB,2005-s2,single,B,P0144,3,4,2,2,0,20,20,50,6,,6
2005-s2-single-GB,2005-s2,single,B,P0148,4,3,1,2,0,15,15,50,3,,3
2005-s2-single-GB,2005-s2,single,B,P0012,5,3,1,1,1,19,11,63,4,,4
2005-s2-single-GB,2005-s2,single,B,P0100,6,0,,,,,,,,,
2005-s2-single-GC,2005-s2,single,C,P0038,0,3,2,1,0,21,9,70,6,,6
2005-s2-single-GC,2005-s2,single,C,P0046,1,5,4,0,1,35,15,70,13,,13
2005-s2-single-GC,2005-s2,single,C,P0019,2,4,1,2,1,22,28,44,4,,4
2005-s2-single-GC,2005-s2,single,C,P0125,3,0,,,,,,,,,
2005-s2-single-GC,2005-s2,single,C,P0007,4,6,4,2,0,37,23,62,13,,13
2005-s2-single-GC,2005-s2,single,C,P0096,5,5,1,3,1,23,27,46,5,,5
2005-s2-single-GC,2005-s2,single,C,P0131,6,6,4,1,1,42,18,70,14,,14
2005-s2-single-GD,2005-s2,single,D,P0128,0,2,1,1,0,13,7,65,3,,3
2005-s2-single-GD,2005-s2,single,D,P0060,1,6,4,2,0,41,19,68,13,,13
2005-s2-single-GD,2005-s2,single,D,P0143,2,5,3,1,1,31,19,62,10,,10
2005-s2-single-GD,2005-s2,single,D,P0041,3,5,2,3,0,25,25,50,6,,6
2005-s2-single-GD,2005-s2,single,D,P0080,4,6,4,2,0,38,22,63,13,,13
2005-s2-single-GD,2005-s2,single,D,P0079,5,0,,,,,,,,,
2005-s2-single-GD,2005-s2,single,D,P0024,6,5,3,1,1,30,20,60,10,,10
2005-s2-single-GE,2005-s2,single,E,P0057,0,6,4,2,0,32,28,53,13,,13
2005-s2-single-GE,2005-s2,single,E,P0103,1,6,6,0,0,51,10,85,19,,19
2005-s2-single-GE,2005-s2,single,E,P0095,2,6,2,3,1,33,27,55,8,,8
2005-s2-single-GE,2005-s2,single,E,P0127,3,6,2,4,0,23,37,38,5,,5
2005-s2-single-GE,2005-s2,single,E,P0101,4,0,,,,,,,,,
2005-s2-single-GE,2005-s2,single,E,P0040,5,6,1,4,1,26,34,43,5,,5
2005-s2-single-GE,2005-s2,single,E,P0037,6,6,5,1,0,45,15,75,16,,16
2005-s2-single-GF,2005-s2,single,F,P0063,0,4,0,3,1,9,31,23,1,,1
2005-s2-single-GF,2005-s2,single,F,P0087,1,5,3,1,1,32,18,64,11,,11
2005-s2-single-GF,2005-s2,single,F,P0004,2,6,3,2,1,35,25,58,11,,11
2005-s2-single-GF,2005-s2,single,F,P0089,3,6,1,2,3,26,34,43,7,,7
2005-s2-single-GF,2005-s2,single,F,P0108,4,5,0,4,1,15,35,30,1,,1
2005-s2-single-GF,2005-s2,single,F,P0070,5,6,3,2,1,30,30,50,,,
2005-s2-single-GF,2005-s2,single,F,P0081,6,5,5,0,0,49,11,82,19,,19
2005-s3-single-GA,2005-s3,single,A,P0005,0,5,5,0,0,35,15,70,15,,15
2005-s3-single-GA,2005-s3,single,A,P0007,1,5,4,1,0,34,16,68,12,,12
2005-s3-single-GA,2005-s3,single,A,P0069,2,5,2,3,0,22,28,44,6,,6
2005-s3-single-GA,2005-s3,single,A,P0139,3,5,0,3,2,21,29,42,2,,2
2005-s3-single-GA,2005-s3,single,A,P0118,4,5,3,2,0,27,33,45,10,,10
2005-s3-single-GA,2005-s3,single,A,P0109,5,5,0,4,1,14,36,28,1,,1
2005-s3-single-GA,2005-s3,single,A,P0082,6,3,1,1,1,17,13,57,4,,4
2005-s3-single-GB,2005-s3,single,B,P0027,0,5,4,0,1,39,11,78,13,,13
2005-s3-single-GB,2005-s3,single,B,P0042,1,6,4,2,0,38,22,63,13,,13
2005-s3-single-GB,2005-s3,single,B,P0072,2,6,2,3,1,34,26,57,8,,8
2005-s3-single-GB,2005-s3,single,B,P0022,3,0,,,,,,,,,
2005-s3-single-GB,2005-s3,single,B,P0143,4,6,4,2,0,35,25,58,13,,13
2005-s3-single-GB,2005-s3,single,B,P0099,5,5,1,4,0,20,30,40,3,,3
2005-s3-single-GB,2005-s3,single,B,P0041,6,4,3,1,0,14,16,47,9,,9
2005-s3-single-GC,2005-s3,single,C,P0130,0,6,5,1,0,39,21,65,16,,16
2005-s3-single-GC,2005-s3,single,C,P0053,1,6,1,5,0,19,41,32,4,,4
2005-s3-single-GC,2005-s3,single,C,P0045,2,5,3,1,1,33,27,55,12,,12
2005-s3-single-GC,2005-s3,single,C,P0105,3,6,2,2,2,34,26,56,9,,9
2005-s3-single-GC,2005-s3,single,C,P0097,4,6,1,4,1,23,37,38,5,,5
2005-s3-single-GC,2005-s3,single,C,P0123,5,5,3,1,1,29,21,58,10,,10
2005-s3-single-GC,2005-s3,single,C,P0124,6,5,2,3,0,23,27,46,6,,6
2005-s3-single-GD,2005-s3,single,D,P0073,0,6,5,0,1,40,20,67,17,,17
2005-s3-single-GD,2005-s3,single,D,P0080,1,5,3,0,2,33,17,66,11,,11
2005-s3-single-GD,2005-s3,single,D,P0061,2,5,2,2,1,27,23,54,7,,7
2005-s3-single-GD,2005-s3,single,D,P0016,3,2,0,0,2,9,11,45,1,,1
2005-s3-single-GD,2005-s3,single,D,P0047,4,4,1,1,2,18,22,45,5,,5
2005-s3-single-GD,2005-s3,single,D,P0011,5,4,0,4,0,10,30,25,0,,0
2005-s3-single-GD,2005-s3,single,D,P0096,6,6,1,4,1,23,37,38,5,,5
2005-s3-single-GE,2005-s3,single,E,P0113,0,5,4,0,1,35,15,70,13,,13
2005-s3-single-GE,2005-s3,single,E,P0031,1,0,,,,,,,,,
2005-s3-single-GE,2005-s3,single,E,P0002,2,5,3,2,0,32,18,64,9,,9
2005-s3-single-GE,2005-s3,single,E,P0132,3,6,5,0,1,46,14,77,17,,17
2005-s3-single-GE,2005-s3,single,E,P0089,4,5,1,4,0,24,26,48,3,,3
2005-s3-single-GE,2005-s3,single,E,P0064,5,2,1,1,0,12,8,60,3,,3
2005-s3-single-GE,2005-s3,single,E,P0039,6,5,2,3,0,21,29,42,6,,6
2005-s3-single-GF,2005-s3,single,F,P0028,0,0,,,,,,,,,
2005-s3-single-GF,2005-s3,single,F,P0076,1,5,1,4,0,25,25,50,3,,3
2005-s3-single-GF,2005-s3,single,F,P0004,2,6,6,0,0,44,16,73,19,,19
2005-s3-single-GF,2005-s3,single,F,P0024,3,6,3,2,1,34,26,56,11,,11
2005-s3-single-GF,2005-s3,single,F,P0068,4,6,2,3,1,33,27,55,8,,8
2005-s3-single-GF,2005-s3,single,F,P0142,5,4,3,1,0,24,16,60,9,,9
2005-s3-single-GF,2005-s3,single,F,P0063,6,5,3,2,0,30,20,60,9,,9
2005-s3-single-GG,2005-s3,single,G,P0084,0,2,0,0,2,5,15,25,1,,1
2005-s3-single-GG,2005-s3,single,G,P0009,1,3,0,3,0,8,22,27,0,,0
2005-s3-single-GG,2005-s3,single,G,P0062,2,5,3,2,0,27,23,54,9,,9
2005-s3-single-GG,2005-s3,single,G,P0017,3,5,4,1,0,27,23,54,12,,12
2005-s3-single-GG,2005-s3,single,G,P0025,4,4,0,3,1,12,28,30,1,,1
2005-s3-single-GG,2005-s3,single,G,P0030,5,2,0,2,0,8,12,40,0,,0
2005-s3-single-GG,2005-s3,single,G,P0001,6,5,5,0,0,43,7,86,15,,15
2005-s4-single-GA,2005-s4,single,A,P0123,0,6,5,1,0,40,20,67,16,,16
2005-s4-single-GA,2005-s4,single,A,P0132,1,6,5,1,0,40,20,67,16,,16
2005-s4-single-GA,2005-s4,single,A,P0051,2,6,2,3,1,27,33,45,8,,8
2005-s4-single-GA,2005-s4,single,A,P0153,3,6,0,6,0,16,44,27,1,,1
2005-s4-single-GA,2005-s4,single,A,P0143,4,6,3,2,1,30,30,50,11,,11
2005-s4-single-GA,2005-s4,single,A,P0009,5,6,3,2,1,31,29,52,11,,11
2005-s4-single-GA,2005-s4,single,A,P0086,6,6,1,4,1,28,32,47,5,,5
2005-s4-single-GB,2005-s4,single,B,P0073,0,6,4,2,0,36,24,60,13,,13
2005-s4-single-GB,2005-s4,single,B,P0032,1,6,6,0,0,49,11,82,19,,19
2005-s4-single-GB,2005-s4,single,B,P0151,2,4,1,3,0,11,39,28,3,,3
2005-s4-single-GB,2005-s4,single,B,P0091,3,6,3,3,0,33,27,55,10,,10
2005-s4-single-GB,2005-s4,single,B,P0072,4,6,2,4,0,27,33,45,7,,7
2005-s4-single-GB,2005-s4,single,B,P0124,5,6,3,3,0,28,32,47,10,,10
2005-s4-single-GB,2005-s4,single,B,P0120,6,5,1,4,0,17,33,34,3,,3
2005-s4-single-GC,2005-s4,single,C,P0027,0,6,6,0,0,47,13,78,19,,19
2005-s4-single-GC,2005-s4,single,C,P0135,1,6,5,1,0,46,14,77,15,,15
2005-s4-single-GC,2005-s4,single,C,P0116,2,5,1,4,0,14,36,28,3,,3
2005-s4-single-GC,2005-s4,single,C,P0102,3,5,0,5,0,0,50,0,0,,0
2005-s4-single-GC,2005-s4,single,C,P0063,4,6,4,2,0,36,24,60,13,,13
2005-s4-single-GC,2005-s4,single,C,P0147,5,4,1,3,0,14,26,35,3,,3
2005-s4-single-GC,2005-s4,single,C,P0099,6,6,2,4,0,33,27,55,7,,7
2005-s4-single-GD,2005-s4,single,D,P0062,0,4,2,1,1,25,15,63,7,,7
2005-s4-single-GD,2005-s4,single,D,P0054,1,4,3,0,1,24,16,60,10,,10
2005-s4-single-GD,2005-s4,single,D,P0126,2,6,1,3,2,21,39,35,6,,6
2005-s4-single-GD,2005-s4,single,D,P0077,3,5,4,1,0,33,17,66,12,,12
2005-s4-single-GD,2005-s4,single,D,P0089,4,6,2,4,0,30,30,50,7,,7
2005-s4-single-GD,2005-s4,single,D,P0033,5,6,4,2,0,35,25,58,13,,13
2005-s4-single-GD,2005-s4,single,D,P0106,6,6,1,5,0,18,42,30,4,,4
2005-s4-single-GE,2005-s4,single,E,P0133,0,6,3,2,1,28,32,47,11,,11
2005-s4-single-GE,2005-s4,single,E,P0114,1,6,2,3,1,35,25,58,8,,8
2005-s4-single-GE,2005-s4,single,E,P0140,2,6,5,0,1,37,23,62,17,,17
2005-s4-single-GE,2005-s4,single,E,P0138,3,6,4,2,0,38,22,63,13,,13
2005-s4-single-GE,2005-s4,single,E,P0088,4,6,1,5,0,19,41,32,4,,4
2005-s4-single-GE,2005-s4,single,E,P0119,5,6,1,3,2,27,33,45,6,,6
2005-s4-single-GE,2005-s4,single,E,P0075,6,6,2,3,1,26,34,43,8,,8
2005-s4-single-GF,2005-s4,single,F,P0005,0,6,5,0,1,43,17,72,17,,17
2005-s4-single-GF,2005-s4,single,F,P0042,1,6,4,2,0,38,22,63,13,,13
2005-s4-single-GF,2005-s4,single,F,P0045,2,5,2,3,0,16,34,32,6,,6
2005-s4-single-GF,2005-s4,single,F,P0074,3,6,3,2,1,27,33,45,11,,11
2005-s4-single-GF,2005-s4,single,F,P0002,4,6,2,4,0,28,32,47,7,,7
2005-s4-single-GF,2005-s4,single,F,P0098,5,6,0,6,0,17,43,28,1,,1
2005-s4-single-GF,2005-s4,single,F,P0020,6,5,3,2,0,31,19,62,9,,9
2005-s4-single-GG,2005-s4,single,G,P0105,0,6,3,3,0,29,31,48,10,,10
2005-s4-single-GG,2005-s4,single,G,P0094,1,5,3,1,1,35,15,70,10,,10
2005-s4-single-GG,2005-s4,single,G,P0104,2,5,4,0,1,37,13,74,13,,13
2005-s4-single-GG,2005-s4,single,G,P0076,3,6,5,0,1,39,21,65,17,,17
2005-s4-single-GG,2005-s4,single,G,P0064,4,6,1,4,1,25,35,42,5,,5
2005-s4-single-GG,2005-s4,single,G,P0146,5,6,1,5,0,18,42,30,4,,4
2005-s4-single-GG,2005-s4,single,G,P0110,6,6,1,5,0,17,43,28,4,,4
2005-s4-single-GH,2005-s4,single,H,P0050,0,3,2,0,1,20,10,67,7,,7
2005-s4-single-GH,2005-s4,single,H,P0080,1,3,3,0,0,23,7,76,9,,9
2005-s4-single-GH,2005-s4,single,H,P0021,2,4,1,2,1,17,23,43,4,,4
2005-s4-single-GH,2005-s4,single,H,P0024,3,6,2,4,0,25,35,42,7,,7
2005-s4-single-GH,2005-s4,single,H,P0017,4,5,4,1,0,30,20,60,12,,12
2005-s4-single-GH,2005-s4,single,H,P0111,5,6,2,2,2,31,29,52,9,,9
2005-s4-single-GH,2005-s4,single,H,P0011,6,5,0,5,0,14,36,28,0,,0
2005-s4-single-GI,2005-s4,single,I,P0034,0,6,4,1,1,40,20,67,14,,14
2005-s4-single-GI,2005-s4,single,I,P0035,1,6,3,2,1,32,28,52,11,,11
2005-s4-single-GI,2005-s4,single,I,P0026,2,6,4,1,1,43,17,72,14,,14
2005-s4-single-GI,2005-s4,single,I,P0093,3,6,0,5,1,16,44,27,2,,2
2005-s4-single-GI,2005-s4,single,I,P0129,4,5,1,3,1,13,37,26,4,,4
2005-s4-single-GI,2005-s4,single,I,P0071,5,6,4,2,0,38,22,63,13,,13
2005-s4-single-GI,2005-s4,single,I,P0152,6,5,1,3,1,18,32,36,4,,4
2005-s4-single-GJ,2005-s4,single,J,P0048,0,5,4,1,0,33,17,66,12,,12
2005-s4-single-GJ,2005-s4,single,J,P0013,1,4,2,1,1,25,15,63,7,,7
2005-s4-single-GJ,2005-s4,single,J,P0066,2,6,0,6,0,12,48,20,1,,1
2005-s4-single-GJ,2005-s4,single,J,P0149,3,6,1,4,1,26,34,43,5,,5
2005-s4-single-GJ,2005-s4,single,J,P0010,4,6,6,0,0,44,16,73,19,,19
2005-s4-single-GJ,2005-s4,single,J,P0117,5,6,2,4,0,19,41,32,7,,7
2005-s4-single-GJ,2005-s4,single,J,P0090,6,5,3,2,0,31,19,62,9,,9
2005-s4-single-GK,2005-s4,single,K,P0065,0,6,3,2,1,33,27,55,11,,11
2005-s4-single-GK,2005-s4,single,K,P0029,1,6,5,1,0,44,16,73,16,,16
2005-s4-single-GK,2005-s4,single,K,P0085,2,6,1,4,1,26,34,43,5,,5
2005-s4-single-GK,2005-s4,single,K,P0060,3,5,5,0,0,35,15,70,12,,12
2005-s4-single-GK,2005-s4,single,K,P0043,4,6,0,6,0,15,45,25,1,,1
2005-s4-single-GK,2005-s4,single,K,P0056,5,6,2,4,0,17,43,28,7,,7
2005-s4-single-GK,2005-s4,single,K,P0112,6,5,2,1,2,30,20,60,8,,8
2006-s1-single-GA,2006-s1,single,A,P0258,0,6,6,0,0,46,14,77,19,,19
2006-s1-single-GA,2006-s1,single,A,P0111,1,6,2,3,1,23,37,38,8,,8
2006-s1-single-GA,2006-s1,single,A,P0332,2,5,3,1,1,30,20,60,10,,10
2006-s1-single-GA,2006-s1,single,A,P0146,3,5,0,5,0,11,39,22,0,,0
2006-s1-single-GA,2006-s1,single,A,P0635,4,6,2,3,1,23,37,38,8,,8
2006-s1-single-GA,2006-s1,single,A,P0007,5,4,0,3,1,16,24,40,1,,1
2006-s1-single-GA,2006-s1,single,A,P0410,6,6,4,2,0,41,19,68,13,,13
2006-s1-single-GB,2006-s1,single,B,P0478,0,6,5,1,0,49,11,81,16,,16
2006-s1-single-GB,2006-s1,single,B,P0503,1,6,3,2,1,33,27,55,11,,11
2006-s1-single-GB,2006-s1,single,B,P0029,2,6,3,2,1,35,25,58,11,,11
2006-s1-single-GB,2006-s1,single,B,P0636,3,5,0,5,0,0,50,0,3,,3
2006-s1-single-GB,2006-s1,single,B,P0089,4,0,0,0,0,0,0,0,0,,0
2006-s1-single-GB,2006-s1,single,B,P0619,5,6,4,1,1,46,14,77,14,,14
2006-s1-single-GB,2006-s1,single,B,P0444,6,6,3,2,1,37,23,62,11,,11
2006-s1-single-GC,2006-s1,single,C,P0490,0,5,5,0,0,35,15,70,16,,16
2006-s1-single-GC,2006-s1,single,C,P0584,1,6,1,4,1,21,39,35,5,,5
2006-s1-single-GC,2006-s1,single,C,P0091,2,6,1,5,0,20,40,33,4,,4
2006-s1-single-GC,2006-s1,single,C,P0045,3,6,3,2,1,32,28,53,11,,11
2006-s1-single-GC,2006-s1,single,C,P0196,4,6,3,2,1,32,28,53,11,,11
2006-s1-single-GC,2006-s1,single,C,P0386,5,6,3,2,1,36,24,60,11,,11
2006-s1-single-GC,2006-s1,single,C,P0164,6,6,3,3,0,29,31,48,10,,10
2006-s1-single-GD,2006-s1,single,D,P0547,0,6,2,3,1,28,32,47,8,,8
2006-s1-single-GD,2006-s1,single,D,P0257,1,6,6,0,0,51,9,85,19,,19
2006-s1-single-GD,2006-s1,single,D,P0024,2,6,3,3,0,33,27,56,10,,10
2006-s1-single-GD,2006-s1,single,D,P0566,3,6,0,6,0,0,60,0,0,,0
2006-s1-single-GD,2006-s1,single,D,P0334,4,6,4,1,1,39,21,65,14,,14
2006-s1-single-GD,2006-s1,single,D,P0051,5,6,2,2,2,32,28,54,9,,9
2006-s1-single-GD,2006-s1,single,D,P0337,6,6,1,3,2,27,33,45,6,,6
2006-s1-single-GE,2006-s1,single,E,P0297,0,6,5,0,1,42,18,70,17,,17
2006-s1-single-GE,2006-s1,single,E,P0033,1,6,5,1,0,39,21,65,16,,16
2006-s1-single-GE,2006-s1,single,E,P0381,2,6,3,1,2,36,24,60,12,,12
2006-s1-single-GE,2006-s1,single,E,P0002,3,6,1,4,1,25,35,42,5,,5
2006-s1-single-GE,2006-s1,single,E,P0426,4,5,0,5,0,9,41,18,0,,0
2006-s1-single-GE,2006-s1,single,E,P0379,5,6,3,2,1,34,26,57,11,,11
2006-s1-single-GE,2006-s1,single,E,P0351,6,5,0,4,1,15,35,30,1,,1
2006-s1-single-GF,2006-s1,single,F,P0077,0,5,3,1,1,32,18,64,10,,10
2006-s1-single-GF,2006-s1,single,F,P0349,1,6,5,1,0,47,13,78,16,,16
2006-s1-single-GF,2006-s1,single,F,P0017,2,6,4,2,0,38,22,63,13,,13
2006-s1-single-GF,2006-s1,single,F,P0238,3,6,3,2,1,34,26,57,11,,11
2006-s1-single-GF,2006-s1,single,F,P0613,4,5,1,4,0,20,30,30,3,,3
2006-s1-single-GF,2006-s1,single,F,P0419,5,0,0,0,0,0,0,0,0,,0
2006-s1-single-GF,2006-s1,single,F,P0440,6,6,3,3,0,29,31,48,10,,10
2006-s1-single-GG,2006-s1,single,G,P0073,0,6,6,0,0,43,17,72,19,,19
2006-s1-single-GG,2006-s1,single,G,P0569,1,6,3,2,1,35,25,58,11,,11
2006-s1-single-GG,2006-s1,single,G,P0360,2,6,1,5,0,21,39,35,4,,4
2006-s1-single-GG,2006-s1,single,G,P0060,3,6,3,2,1,35,25,58,11,,11
2006-s1-single-GG,2006-s1,single,G,P0126,4,6,2,4,0,22,38,37,7,,7
2006-s1-single-GG,2006-s1,single,G,P0243,5,6,3,1,2,35,25,58,12,,12
2006-s1-single-GG,2006-s1,single,G,P0286,6,6,1,5,0,19,41,32,4,,4
2006-s1-single-GH,2006-s1,single,H,P0362,0,5,4,0,1,38,12,76,14,,14
2006-s1-single-GH,2006-s1,single,H,P0168,1,0,0,0,0,,,0,0,,0
2006-s1-single-GH,2006-s1,single,H,P0063,2,6,3,3,0,22,28,44,10,,10
2006-s1-single-GH,2006-s1,single,H,P0476,3,6,3,2,1,40,20,67,11,,11
2006-s1-single-GH,2006-s1,single,H,P0053,4,6,4,1,1,42,18,70,14,,14
2006-s1-single-GH,2006-s1,single,H,P0325,5,6,3,2,1,34,26,57,11,,11
2006-s1-single-GH,2006-s1,single,H,P0236,6,6,1,3,2,22,38,44,6,,6
2006-s1-single-GI,2006-s1,single,I,P0140,0,5,5,0,0,35,15,70,15,,15
2006-s1-single-GI,2006-s1,single,I,P0330,1,6,4,2,0,32,28,48,13,,13
2006-s1-single-GI,2006-s1,single,I,P0026,2,6,2,4,0,32,28,53,7,,7
2006-s1-single-GI,2006-s1,single,I,P0562,3,5,4,1,0,29,21,58,13,,13
2006-s1-single-GI,2006-s1,single,I,P0009,4,4,0,4,0,9,31,23,0,,0
2006-s1-single-GI,2006-s1,single,I,P0047,5,5,0,4,1,15,35,30,1,,1
2006-s1-single-GI,2006-s1,single,I,P0316,6,6,3,2,1,34,26,57,11,,11
2006-s1-single-GN,2006-s1,single,N,P0094,0,5,4,1,0,38,12,76,12,,12
2006-s1-single-GN,2006-s1,single,N,P0042,1,5,4,1,0,37,13,74,12,,12
2006-s1-single-GN,2006-s1,single,N,P0062,2,6,4,2,0,30,30,50,13,,13
2006-s1-single-GN,2006-s1,single,N,P0076,3,2,0,1,1,7,33,18,1,,1
2006-s1-single-GN,2006-s1,single,N,P0545,4,5,3,1,1,41,19,68,14,,14
2006-s1-single-GN,2006-s1,single,N,P0598,5,5,0,5,0,5,45,1,0,,0
2006-s1-single-GN,2006-s1,single,N,P0075,6,6,1,3,2,30,30,50,6,,6
2006-s1-single-GJ,2006-s1,single,J,P0610,0,5,1,3,1,25,25,50,4,,4
2006-s1-single-GJ,2006-s1,single,J,P0502,1,6,3,2,1,33,27,55,11,,11
2006-s1-single-GJ,2006-s1,single,J,P0057,2,6,3,2,1,30,30,50,11,,11
2006-s1-single-GJ,2006-s1,single,J,P0468,3,5,2,2,1,24,26,48,7,,7
2006-s1-single-GJ,2006-s1,single,J,P0352,4,6,3,2,1,29,31,48,11,,11
2006-s1-single-GJ,2006-s1,single,J,P0185,5,6,3,2,1,33,27,55,11,,11
2006-s1-single-GJ,2006-s1,single,J,P0200,6,6,2,4,0,26,34,43,7,,7
2006-s1-single-GK,2006-s1,single,K,P0260,0,4,0,4,0,14,26,35,0,,0
2006-s1-single-GK,2006-s1,single,K,P0171,1,3,3,0,0,22,8,573,9,,9
2006-s1-single-GK,2006-s1,single,K,P0450,2,6,3,3,0,28,32,47,10,,10
2006-s1-single-GK,2006-s1,single,K,P0259,3,5,2,3,0,20,30,40,6,,6
2006-s1-single-GK,2006-s1,single,K,P0231,4,5,4,1,0,37,13,74,12,,12
2006-s1-single-GK,2006-s1,single,K,P0374,5,4,4,0,0,34,6,85,12,,12
2006-s1-single-GK,2006-s1,single,K,P0486,6,5,1,4,0,14,36,28,3,,3
2006-s1-single-GL,2006-s1,single,L,P0341,0,6,4,1,1,38,22,63,14,,14
2006-s1-single-GL,2006-s1,single,L,P0086,1,6,1,5,0,22,38,37,4,,4
2006-s1-single-GL,2006-s1,single,L,P0088,2,5,3,2,0,27,23,54,9,,9
2006-s1-single-GL,2006-s1,single,L,P0398,3,5,4,1,0,34,16,68,12,,12
2006-s1-single-GL,2006-s1,single,L,P0429,4,4,2,1,1,24,16,60,7,,7
2006-s1-single-GL,2006-s1,single,L,P0287,5,5,2,2,1,23,27,46,7,,7
2006-s1-single-GL,2006-s1,single,L,P0564,6,5,0,4,1,12,38,24,1,,1
2006-s1-single-GM,2006-s1,single,M,P0649,0,6,0,4,2,23,37,42,3,,3
2006-s1-single-GM,2006-s1,single,M,P0387,1,6,3,3,0,29,31,48,10,,10
2006-s1-single-GM,2006-s1,single,M,P0443,2,6,2,2,2,33,27,55,9,,9
2006-s1-single-GM,2006-s1,single,M,P0308,3,6,1,4,1,13,47,22,5,,5
2006-s1-single-GM,2006-s1,single,M,P0425,4,6,5,1,0,41,19,68,16,,16
2006-s1-single-GM,2006-s1,single,M,P0514,5,6,3,2,1,35,25,58,11,,11
2006-s1-single-GM,2006-s1,single,M,P0160,6,6,4,2,0,36,24,60,13,,13
2006-s2-single-GA,2006-s2,single,A,P0158,0,6,3,1,2,28,32,47,12,,12
2006-s2-single-GA,2006-s2,single,A,P0570,1,6,2,2,2,33,27,55,9,,9
2006-s2-single-GA,2006-s2,single,A,P0488,2,6,3,1,2,28,32,47,12,,12
2006-s2-single-GA,2006-s2,single,A,P0091,3,6,1,4,1,27,33,45,5,,5
2006-s2-single-GA,2006-s2,single,A,P0500,4,6,3,1,2,35,25,58,12,,12
2006-s2-single-GA,2006-s2,single,A,P0300,5,6,3,3,0,31,29,52,10,,10
2006-s2-single-GA,2006-s2,single,A,P0491,6,6,1,4,1,28,32,47,5,,5
2006-s2-single-GB,2006-s2,single,B,P0478,0,6,5,1,0,37,23,62,16,,16
2006-s2-single-GB,2006-s2,single,B,P0274,1,6,4,1,1,39,21,65,14,,14
2006-s2-single-GB,2006-s2,single,B,P0397,2,5,0,5,0,12,38,24,0,,0
2006-s2-single-GB,2006-s2,single,B,P0165,3,6,3,2,1,34,26,57,11,,11
2006-s2-single-GB,2006-s2,single,B,P0024,4,6,4,2,0,31,29,52,13,,13
2006-s2-single-GB,2006-s2,single,B,P0476,5,6,2,2,2,30,30,50,9,,9
2006-s2-single-GB,2006-s2,single,B,P0602,6,5,0,5,0,15,35,30,0,,0
2006-s2-single-GC,2006-s2,single,C,P0226,0,5,4,0,1,33,17,66,14,,14
2006-s2-single-GC,2006-s2,single,C,P0349,1,6,4,2,0,35,25,58,13,,13
2006-s2-single-GC,2006-s2,single,C,P0051,2,6,3,3,0,33,27,55,10,,10
2006-s2-single-GC,2006-s2,single,C,P0434,3,6,2,4,0,28,32,47,7,,7
2006-s2-single-GC,2006-s2,single,C,P0620,4,6,0,6,0,0,60,0,0,,0
2006-s2-single-GC,2006-s2,single,C,P0331,5,6,4,2,0,39,21,65,13,,13
2006-s2-single-GC,2006-s2,single,C,P0334,6,6,3,2,1,38,22,63,11,,11
2006-s2-single-GD,2006-s2,single,D,P0258,0,6,3,2,1,37,23,62,11,,11
2006-s2-single-GD,2006-s2,single,D,P0603,1,6,5,1,0,41,19,68,16,,16
2006-s2-single-GD,2006-s2,single,D,P0455,2,6,3,3,0,29,31,48,10,,10
2006-s2-single-GD,2006-s2,single,D,P0061,3,4,1,3,0,13,27,33,3,,3
2006-s2-single-GD,2006-s2,single,D,P0571,4,5,2,2,1,25,25,50,7,,7
2006-s2-single-GD,2006-s2,single,D,P0013,5,5,0,5,0,8,42,16,0,,0
2006-s2-single-GD,2006-s2,single,D,P0053,6,6,4,2,0,37,23,62,13,,13
2006-s2-single-GE,2006-s2,single,E,P0297,0,6,4,0,2,40,20,67,15,,15
2006-s2-single-GE,2006-s2,single,E,P0261,1,6,4,0,2,39,21,65,15,,15
2006-s2-single-GE,2006-s2,single,E,P0399,2,5,1,4,0,16,34,32,3,,3
2006-s2-single-GE,2006-s2,single,E,P0568,3,5,2,2,1,25,25,50,7,,7
2006-s2-single-GE,2006-s2,single,E,P0243,4,6,3,0,3,33,27,55,13,,13
2006-s2-single-GE,2006-s2,single,E,P0569,5,3,0,3,0,12,18,40,0,,0
2006-s2-single-GE,2006-s2,single,E,P0063,6,4,0,4,0,14,26,28,0,,0
2006-s2-single-GF,2006-s2,single,F,P0382,0,3,1,1,1,16,14,55,4,,4
2006-s2-single-GF,2006-s2,single,F,P0077,1,5,3,1,1,28,22,56,10,,10
2006-s2-single-GF,2006-s2,single,F,P0337,2,6,0,6,0,12,48,20,1,,1
2006-s2-single-GF,2006-s2,single,F,P0317,3,5,3,1,1,28,22,56,10,,10
2006-s2-single-GF,2006-s2,single,F,P0076,4,6,4,1,1,40,20,66,14,,14
2006-s2-single-GF,2006-s2,single,F,P0224,5,6,4,2,0,34,26,57,13,,13
2006-s2-single-GF,2006-s2,single,F,P0146,6,5,1,4,0,22,28,44,3,,3
2006-s2-single-GG,2006-s2,single,G,P0271,0,6,2,1,3,31,29,52,10,,10
2006-s2-single-GG,2006-s2,single,G,P0545,1,4,2,1,1,23,17,58,7,,7
2006-s2-single-GG,2006-s2,single,G,P0055,2,4,0,3,1,16,24,40,1,,1
2006-s2-single-GG,2006-s2,single,G,P0255,3,6,4,0,2,37,23,62,15,,15
2006-s2-single-GG,2006-s2,single,G,P0622,4,5,0,2,3,23,27,46,3,,3
2006-s2-single-GG,2006-s2,single,G,P0388,5,6,4,2,0,30,30,50,13,,13
2006-s2-single-GG,2006-s2,single,G,P0445,6,5,0,3,2,20,30,40,2,,2
2006-s2-single-GH,2006-s2,single,H,P0535,0,6,4,1,1,38,22,63,14,,14
2006-s2-single-GH,2006-s2,single,H,P0411,1,5,3,2,0,25,25,50,9,,9
2006-s2-single-GH,2006-s2,single,H,P0575,2,4,1,3,0,11,29,28,3,,3
2006-s2-single-GH,2006-s2,single,H,P0012,3,5,1,3,1,23,27,46,4,,4
2006-s2-single-GH,2006-s2,single,H,P0033,4,6,5,0,1,46,14,77,17,,17
2006-s2-single-GH,2006-s2,single,H,P0440,5,4,1,3,0,13,27,33,3,,3
2006-s2-single-GH,2006-s2,single,H,P0166,6,6,1,4,1,24,36,40,5,,5
2006-s2-single-GI,2006-s2,single,I,P0140,0,6,4,0,2,40,20,66,15,,15
2006-s2-single-GI,2006-s2,single,I,P0487,1,6,2,1,3,37,23,62,10,,10
2006-s2-single-GI,2006-s2,single,I,P0172,2,5,2,1,2,29,21,58,8,,8
2006-s2-single-GI,2006-s2,single,I,P0126,3,4,0,4,0,12,28,30,0,,0
2006-s2-single-GI,2006-s2,single,I,P0504,4,6,0,6,0,0,60,0,0,,0
2006-s2-single-GI,2006-s2,single,I,P0029,5,6,4,2,0,35,25,58,13,,13
2006-s2-single-GI,2006-s2,single,I,P0252,6,6,2,1,3,36,24,60,10,,10
2006-s2-single-GJ,2006-s2,single,J,P0490,0,6,0,6,0,0,60,0,0,,0
2006-s2-single-GJ,2006-s2,single,J,P0335,1,6,6,0,0,45,15,75,,,
2006-s2-single-GJ,2006-s2,single,J,P0528,2,5,1,4,0,25,25,50,3,,3
2006-s2-single-GJ,2006-s2,single,J,P0425,3,3,1,2,0,11,19,37,3,,3
2006-s2-single-GJ,2006-s2,single,J,P0197,4,6,4,2,0,39,21,65,13,,13
2006-s2-single-GJ,2006-s2,single,J,P0062,5,6,5,1,0,42,18,70,16,,16
2006-s2-single-GJ,2006-s2,single,J,P0635,6,6,3,3,0,38,22,63,10,,10
2006-s2-single-GW,2006-s2,single,W,P0559,0,3,0,3,0,10,20,33,0,,0
2006-s2-single-GW,2006-s2,single,W,P0515,1,7,4,0,3,45,25,64,16,,16
2006-s2-single-GW,2006-s2,single,W,P0629,2,2,0,1,1,9,11,45,1,,1
2006-s2-single-GW,2006-s2,single,W,P0628,3,3,1,2,0,12,18,40,3,,3
2006-s2-single-GW,2006-s2,single,W,P0357,4,4,2,0,2,25,15,63,8,,8
2006-s2-single-GW,2006-s2,single,W,P0228,5,3,0,3,0,3,27,10,0,,0
2006-s2-single-GW,2006-s2,single,W,P0058,6,5,3,0,2,33,17,66,11,,11
2006-s2-single-GW,2006-s2,single,W,P0451,7,1,0,1,0,3,7,30,0,,0
2006-s2-single-GX,2006-s2,single,X,P0160,0,7,5,1,1,40,30,57,17,,17
2006-s2-single-GX,2006-s2,single,X,P0200,1,7,1,5,1,28,42,40,5,,5
2006-s2-single-GX,2006-s2,single,X,P0458,2,7,2,4,1,33,37,47,8,,8
2006-s2-single-GX,2006-s2,single,X,P0577,3,7,1,4,2,27,43,39,6,,6
2006-s2-single-GX,2006-s2,single,X,P0443,4,7,2,4,1,32,38,46,8,,8
2006-s2-single-GX,2006-s2,single,X,P0483,5,7,5,2,0,40,30,57,16,,16
2006-s2-single-GX,2006-s2,single,X,P0288,6,7,3,1,3,39,31,56,13,,13
2006-s2-single-GX,2006-s2,single,X,P0289,7,7,4,2,1,41,29,59,14,,14
2006-s2-single-GY,2006-s2,single,Y,P0206,0,7,5,2,0,45,25,64,16,,16
2006-s2-single-GY,2006-s2,single,Y,P0431,1,7,1,5,1,26,44,37,5,,5
2006-s2-single-GY,2006-s2,single,Y,P0075,2,7,3,0,4,39,31,52,14,,14
2006-s2-single-GY,2006-s2,single,Y,P0502,3,7,4,2,1,43,27,61,14,,14
2006-s2-single-GY,2006-s2,single,Y,P0585,4,6,1,3,2,19,41,32,6,,6
2006-s2-single-GY,2006-s2,single,Y,P0617,5,7,3,2,2,39,31,56,12,,12
2006-s2-single-GY,2006-s2,single,Y,P0614,6,6,4,2,0,38,22,63,12,,12
2006-s2-single-GY,2006-s2,single,Y,P0173,7,5,0,5,0,10,40,20,0,,0
2006-s2-single-GZ,2006-s2,single,Z,P0531,0,6,3,1,2,32,28,54,11,,11
2006-s2-single-GZ,2006-s2,single,Z,P0272,1,6,3,2,1,35,25,58,10,,10
2006-s2-single-GZ,2006-s2,single,Z,P0457,2,7,4,1,2,42,28,60,15,,15
2006-s2-single-GZ,2006-s2,single,Z,P0009,3,7,1,5,1,27,43,39,5,,5
2006-s2-single-GZ,2006-s2,single,Z,P0208,4,4,2,1,1,23,17,58,7,,7
2006-s3-A-GA,2006-s3,A,A,P0440,0,6,0,6,0,0,60,0,0,,0
2006-s3-A-GA,2006-s3,A,A,P0314,1,5,2,1,2,30,20,60,8,,8
2006-s3-A-GA,2006-s3,A,A,P0297,2,6,3,0,3,42,18,70,13,,13
2006-s3-A-GA,2006-s3,A,A,P0011,3,5,1,4,0,21,29,42,3,,3
2006-s3-A-GA,2006-s3,A,A,P0029,4,6,4,0,2,44,16,73,15,,15
2006-s3-A-GA,2006-s3,A,A,P0545,5,6,3,0,3,41,19,68,13,,13
2006-s3-A-GA,2006-s3,A,A,P0389,6,6,2,4,0,22,38,37,7,,7
2006-s3-A-GB,2006-s3,A,B,P0472,0,4,1,3,0,15,25,38,3,,3
2006-s3-A-GB,2006-s3,A,B,P0279,1,4,0,4,0,12,28,30,0,,0
2006-s3-A-GB,2006-s3,A,B,P0094,2,3,1,0,2,17,13,57,5,,5
2006-s3-A-GB,2006-s3,A,B,P0478,3,5,4,1,0,37,13,74,12,,12
2006-s3-A-GB,2006-s3,A,B,P0289,4,6,3,1,2,33,27,55,12,,12
2006-s3-A-GB,2006-s3,A,B,P0335,5,3,1,1,1,13,17,43,4,,4
2006-s3-A-GB,2006-s3,A,B,P0333,6,6,3,2,1,32,28,53,11,,11
2006-s3-A-GC,2006-s3,A,C,P0378,0,6,3,3,0,33,27,55,10,,10
2006-s3-A-GC,2006-s3,A,C,P0400,1,6,1,4,1,21,39,35,5,,5
2006-s3-A-GC,2006-s3,A,C,P0018,2,5,5,0,0,43,7,86,15,,15
2006-s3-A-GC,2006-s3,A,C,P0118,3,0,0,0,0,0,60,0,0,,0
2006-s3-A-GC,2006-s3,A,C,P0276,4,5,4,1,0,34,16,68,12,,12
2006-s3-A-GC,2006-s3,A,C,P0244,5,6,3,2,1,32,28,53,11,,11
2006-s3-A-GC,2006-s3,A,C,P0427,6,6,3,3,0,37,23,62,10,,10
2006-s3-A-GD,2006-s3,A,D,P0275,0,6,4,2,0,42,18,70,13,,13
2006-s3-A-GD,2006-s3,A,D,P0535,1,6,3,0,3,39,21,65,13,,13
2006-s3-A-GD,2006-s3,A,D,P0555,2,5,2,2,1,25,25,50,7,,7
2006-s3-A-GD,2006-s3,A,D,P0149,3,6,1,3,2,21,39,35,4,,4
2006-s3-A-GD,2006-s3,A,D,P0511,4,6,0,6,0,0,60,0,0,,0
2006-s3-A-GD,2006-s3,A,D,P0075,5,5,3,1,1,36,14,72,10,,10
2006-s3-A-GD,2006-s3,A,D,P0637,6,6,3,1,2,37,23,62,12,,12
2006-s3-A-GE,2006-s3,A,E,P0492,0,4,1,2,1,16,24,40,4,,4
2006-s3-A-GE,2006-s3,A,E,P0258,1,4,3,0,1,28,12,70,10,,10
2006-s3-A-GE,2006-s3,A,E,P0445,2,5,1,3,1,22,28,44,4,,4
2006-s3-A-GE,2006-s3,A,E,P0459,3,5,2,3,0,23,27,46,6,,6
2006-s3-A-GE,2006-s3,A,E,P0091,4,4,0,4,0,10,30,25,0,,0
2006-s3-A-GE,2006-s3,A,E,P0174,5,6,5,1,0,39,21,65,16,,16
2006-s3-A-GE,2006-s3,A,E,P0487,6,3,2,0,1,20,10,67,7,,7
2006-s3-A-GF,2006-s3,A,F,P0430,0,5,3,1,1,30,20,60,10,,10
2006-s3-A-GF,2006-s3,A,F,P0324,1,6,4,0,2,41,19,68,15,,15
2006-s3-A-GF,2006-s3,A,F,P0337,2,6,0,6,0,13,47,22,1,,1
2006-s3-A-GF,2006-s3,A,F,P0491,3,6,3,3,0,28,32,47,10,,10
2006-s3-A-GF,2006-s3,A,F,P0583,4,5,2,3,0,23,27,46,6,,6
2006-s3-A-GF,2006-s3,A,F,P0262,5,4,3,1,0,27,13,68,9,,9
2006-s3-A-GF,2006-s3,A,F,P0194,6,3,1,1,1,17,13,57,4,,4
2006-s3-A-GG,2006-s3,A,G,P0255,0,5,1,3,1,21,29,42,4,,4
2006-s3-A-GG,2006-s3,A,G,P0077,1,2,0,1,1,9,11,45,1,,1
2006-s3-A-GG,2006-s3,A,G,P0616,2,5,0,5,0,14,36,28,0,,0
2006-s3-A-GG,2006-s3,A,G,P0617,3,5,4,1,0,30,20,60,12,,12
2006-s3-A-GG,2006-s3,A,G,P0252,4,6,5,1,0,39,21,65,16,,16
2006-s3-A-GG,2006-s3,A,G,P0309,5,5,1,2,2,23,27,46,5,,5
2006-s3-A-GG,2006-s3,A,G,P0186,6,6,3,1,2,34,26,57,11,,11
2006-s3-A-GH,2006-s3,A,H,P0166,0,6,2,2,2,25,35,42,8,,8
2006-s3-A-GH,2006-s3,A,H,P0532,1,6,4,1,1,40,20,67,14,,14
2006-s3-A-GH,2006-s3,A,H,P0622,2,6,4,0,2,37,23,62,15,,15
2006-s3-A-GH,2006-s3,A,H,P0206,3,6,1,4,1,27,33,45,5,,5
2006-s3-A-GH,2006-s3,A,H,P0557,4,6,0,6,0,14,46,23,1,,1
2006-s3-A-GH,2006-s3,A,H,P0261,5,6,4,2,0,36,24,60,13,,13
2006-s3-A-GH,2006-s3,A,H,P0479,6,6,3,3,0,31,29,52,10,,10
2006-s3-A-GI,2006-s3,A,I,P0331,0,5,3,0,2,32,18,64,11,,11
2006-s3-A-GI,2006-s3,A,I,P0488,1,3,2,0,1,19,11,63,7,,7
2006-s3-A-GI,2006-s3,A,I,P0328,2,1,0,1,0,1,9,10,0,,0
2006-s3-A-GI,2006-s3,A,I,P0423,3,2,0,2,0,0,20,0,0,,0
2006-s3-A-GI,2006-s3,A,I,P0161,4,5,4,1,0,42,8,84,12,,12
2006-s3-A-GI,2006-s3,A,I,P0586,5,3,0,2,1,7,23,23,1,,1
2006-s3-A-GI,2006-s3,A,I,P0548,6,4,1,3,0,19,21,47,3,,3
2006-s3-A-GJ,2006-s3,A,J,P0428,0,5,4,1,0,36,14,72,13,,13
2006-s3-A-GJ,2006-s3,A,J,P0318,1,6,4,1,1,39,21,65,14,,14
2006-s3-A-GJ,2006-s3,A,J,P0393,2,6,3,3,0,37,23,62,10,,10
2006-s3-A-GJ,2006-s3,A,J,P0551,3,6,1,5,0,13,47,22,4,,4
2006-s3-A-GJ,2006-s3,A,J,P0592,4,6,1,4,1,21,39,35,5,,5
2006-s3-A-GJ,2006-s3,A,J,P0055,5,6,2,4,0,21,39,35,7,,7
2006-s3-A-GJ,2006-s3,A,J,P0169,6,6,5,1,0,43,17,72,16,,16
2006-s3-A-GW,2006-s3,A,W,P0281,0,6,4,2,0,34,26,57,13,,13
2006-s3-A-GW,2006-s3,A,W,P0390,1,2,1,1,0,8,12,40,3,,3
2006-s3-A-GW,2006-s3,A,W,P0614,2,4,0,4,0,12,28,30,0,,0
2006-s3-A-GW,2006-s3,A,W,P0220,3,5,2,3,0,25,25,50,6,,6
2006-s3-A-GW,2006-s3,A,W,P0631,4,3,1,1,1,15,15,50,4,,4
2006-s3-A-GW,2006-s3,A,W,P0454,5,3,3,0,0,23,7,77,9,,9
2006-s3-A-GW,2006-s3,A,W,P0383,6,5,2,2,1,24,26,48,7,,7
2006-s3-A-GX,2006-s3,A,X,P0329,0,6,4,1,1,34,26,57,14,,14
2006-s3-A-GX,2006-s3,A,X,P0431,1,6,0,6,0,18,42,30,0,,0
2006-s3-A-GX,2006-s3,A,X,P0607,2,6,4,1,1,36,24,60,14,,14
2006-s3-A-GX,2006-s3,A,X,P0502,3,6,3,2,1,31,29,52,11,,11
2006-s3-A-GX,2006-s3,A,X,P0514,4,5,2,2,1,22,28,44,7,,7
2006-s3-A-GX,2006-s3,A,X,P0524,5,5,1,4,0,21,29,42,3,,3
2006-s3-A-GX,2006-s3,A,X,P0209,6,6,3,1,2,38,22,63,12,,12
2006-s3-A-GY,2006-s3,A,Y,P0218,0,6,2,2,2,34,26,57,9,,9
2006-s3-A-GY,2006-s3,A,Y,P0434,1,6,5,1,0,36,24,60,16,,16
2006-s3-A-GY,2006-s3,A,Y,P0577,2,6,1,2,3,33,27,55,7,,7
2006-s3-A-GY,2006-s3,A,Y,P0359,3,6,2,3,1,28,32,47,8,,8
2006-s3-A-GY,2006-s3,A,Y,P0529,4,6,3,3,0,28,32,47,10,,10
2006-s3-A-GY,2006-s3,A,Y,P0560,5,6,0,6,0,9,51,15,0,,0
2006-s3-A-GY,2006-s3,A,Y,P0247,6,6,4,0,2,42,18,70,15,,15
2006-s3-A-GZ,2006-s3,A,Z,P0353,0,6,4,1,1,36,24,60,14,,14
2006-s3-A-GZ,2006-s3,A,Z,P0650,1,6,0,5,1,22,38,37,2,,2
2006-s3-A-GZ,2006-s3,A,Z,P0558,2,6,1,5,0,19,41,37,4,,4
2006-s3-A-GZ,2006-s3,A,Z,P0288,3,6,3,1,2,37,23,62,12,,12
2006-s3-A-GZ,2006-s3,A,Z,P0572,4,6,1,4,1,23,37,38,5,,5
2006-s3-A-GZ,2006-s3,A,Z,P0214,5,6,4,1,1,33,27,55,14,,14
2006-s3-A-GZ,2006-s3,A,Z,P0196,6,6,5,1,0,40,20,67,16,,16
2006-s3-B-GA,2006-s3,B,A,P0440,0,6,0,6,0,0,60,0,0,,0
2006-s3-B-GA,2006-s3,B,A,P0314,1,5,2,1,2,30,20,60,8,,8
2006-s3-B-GA,2006-s3,B,A,P0297,2,6,3,0,3,42,18,70,13,,13
2006-s3-B-GA,2006-s3,B,A,P0011,3,5,1,4,0,21,29,42,3,,3
2006-s3-B-GA,2006-s3,B,A,P0029,4,6,4,0,2,44,16,73,15,,15
2006-s3-B-GA,2006-s3,B,A,P0545,5,6,3,0,3,41,19,68,13,,13
2006-s3-B-GA,2006-s3,B,A,P0389,6,6,2,4,0,22,38,37,7,,7
2006-s3-B-GB,2006-s3,B,B,P0472,0,4,1,3,0,15,25,38,3,,3
2006-s3-B-GB,2006-s3,B,B,P0279,1,4,0,4,0,12,28,30,0,,0
2006-s3-B-GB,2006-s3,B,B,P0094,2,3,1,0,2,17,13,57,5,,5
2006-s3-B-GB,2006-s3,B,B,P0478,3,5,4,1,0,37,13,74,12,,12
2006-s3-B-GB,2006-s3,B,B,P0289,4,6,3,1,2,33,27,55,12,,12
2006-s3-B-GB,2006-s3,B,B,P0335,5,3,1,1,1,13,17,43,4,,4
2006-s3-B-GB,2006-s3,B,B,P0333,6,6,3,2,1,32,28,53,11,,11
2006-s3-B-GC,2006-s3,B,C,P0378,0,6,3,3,0,33,27,55,10,,10
2006-s3-B-GC,2006-s3,B,C,P0400,1,6,1,4,1,21,39,35,5,,5
2006-s3-B-GC,2006-s3,B,C,P0018,2,5,5,0,0,43,7,86,15,,15
2006-s3-B-GC,2006-s3,B,C,P0118,3,0,0,0,0,0,60,0,0,,0
2006-s3-B-GC,2006-s3,B,C,P0276,4,5,4,1,0,34,16,68,12,,12
2006-s3-B-GC,2006-s3,B,C,P0244,5,6,3,2,1,32,28,53,11,,11
2006-s3-B-GC,2006-s3,B,C,P0427,6,6,3,3,0,37,23,62,10,,10
2006-s3-B-GD,2006-s3,B,D,P0275,0,6,4,2,0,42,18,70,13,,13
2006-s3-B-GD,2006-s3,B,D,P0535,1,6,3,0,3,39,21,65,13,,13
2006-s3-B-GD,2006-s3,B,D,P0555,2,5,2,2,1,25,25,50,7,,7
2006-s3-B-GD,2006-s3,B,D,P0149,3,6,1,3,2,21,39,35,4,,4
2006-s3-B-GD,2006-s3,B,D,P0511,4,6,0,6,0,0,60,0,0,,0
2006-s3-B-GD,2006-s3,B,D,P0075,5,5,3,1,1,36,14,72,10,,10
2006-s3-B-GD,2006-s3,B,D,P0637,6,6,3,1,2,37,23,62,12,,12
2006-s3-B-GE,2006-s3,B,E,P0492,0,4,1,2,1,16,24,40,4,,4
2006-s3-B-GE,2006-s3,B,E,P0258,1,4,3,0,1,28,12,70,10,,10
2006-s3-B-GE,2006-s3,B,E,P0445,2,5,1,3,1,22,28,44,4,,4
2006-s3-B-GE,2006-s3,B,E,P0459,3,5,2,3,0,23,27,46,6,,6
2006-s3-B-GE,2006-s3,B,E,P0091,4,4,0,4,0,10,30,25,0,,0
2006-s3-B-GE,2006-s3,B,E,P0174,5,6,5,1,0,39,21,65,16,,16
2006-s3-B-GE,2006-s3,B,E,P0487,6,3,2,0,1,20,10,67,7,,7
2006-s3-B-GF,2006-s3,B,F,P0430,0,5,3,1,1,30,20,60,10,,10
2006-s3-B-GF,2006-s3,B,F,P0324,1,6,4,0,2,41,19,68,15,,15
2006-s3-B-GF,2006-s3,B,F,P0337,2,6,0,6,0,13,47,22,1,,1
2006-s3-B-GF,2006-s3,B,F,P0491,3,6,3,3,0,28,32,47,10,,10
2006-s3-B-GF,2006-s3,B,F,P0583,4,5,2,3,0,23,27,46,6,,6
2006-s3-B-GF,2006-s3,B,F,P0262,5,4,3,1,0,27,13,68,9,,9
2006-s3-B-GF,2006-s3,B,F,P0194,6,3,1,1,1,17,13,57,4,,4
2006-s3-B-GG,2006-s3,B,G,P0255,0,5,1,3,1,21,29,42,4,,4
2006-s3-B-GG,2006-s3,B,G,P0077,1,2,0,1,1,9,11,45,1,,1
2006-s3-B-GG,2006-s3,B,G,P0616,2,5,0,5,0,14,36,28,0,,0
2006-s3-B-GG,2006-s3,B,G,P0617,3,5,4,1,0,30,20,60,12,,12
2006-s3-B-GG,2006-s3,B,G,P0252,4,6,5,1,0,39,21,65,16,,16
2006-s3-B-GG,2006-s3,B,G,P0309,5,5,1,2,2,23,27,46,5,,5
2006-s3-B-GG,2006-s3,B,G,P0186,6,6,3,1,2,34,26,57,11,,11
2006-s3-B-GH,2006-s3,B,H,P0166,0,6,2,2,2,25,35,42,8,,8
2006-s3-B-GH,2006-s3,B,H,P0532,1,6,4,1,1,40,20,67,14,,14
2006-s3-B-GH,2006-s3,B,H,P0622,2,6,4,0,2,37,23,62,15,,15
2006-s3-B-GH,2006-s3,B,H,P0206,3,6,1,4,1,27,33,45,5,,5
2006-s3-B-GH,2006-s3,B,H,P0557,4,6,0,6,0,14,46,23,1,,1
2006-s3-B-GH,2006-s3,B,H,P0261,5,6,4,2,0,36,24,60,13,,13
2006-s3-B-GH,2006-s3,B,H,P0479,6,6,3,3,0,31,29,52,10,,10
2006-s3-B-GI,2006-s3,B,I,P0331,0,5,3,0,2,32,18,64,11,,11
2006-s3-B-GI,2006-s3,B,I,P0488,1,3,2,0,1,19,11,63,7,,7
2006-s3-B-GI,2006-s3,B,I,P0328,2,1,0,1,0,1,9,10,0,,0
2006-s3-B-GI,2006-s3,B,I,P0423,3,2,0,2,0,0,20,0,0,,0
2006-s3-B-GI,2006-s3,B,I,P0161,4,5,4,1,0,42,8,84,12,,12
2006-s3-B-GI,2006-s3,B,I,P0586,5,3,0,2,1,7,23,23,1,,1
2006-s3-B-GI,2006-s3,B,I,P0548,6,4,1,3,0,19,21,47,3,,3
2006-s3-B-GJ,2006-s3,B,J,P0428,0,5,4,1,0,36,14,72,13,,13
2006-s3-B-GJ,2006-s3,B,J,P0318,1,6,4,1,1,39,21,65,14,,14
2006-s3-B-GJ,2006-s3,B,J,P0393,2,6,3,3,0,37,23,62,10,,10
2006-s3-B-GJ,2006-s3,B,J,P0551,3,6,1,5,0,13,47,22,4,,4
2006-s3-B-GJ,2006-s3,B,J,P0592,4,6,1,4,1,21,39,35,5,,5
2006-s3-B-GJ,2006-s3,B,J,P0055,5,6,2,4,0,21,39,35,7,,7
2006-s3-B-GJ,2006-s3,B,J,P0169,6,6,5,1,0,43,17,72,16,,16
2006-s3-B-GW,2006-s3,B,W,P0281,0,6,4,2,0,34,26,57,13,,13
2006-s3-B-GW,2006-s3,B,W,P0390,1,2,1,1,0,8,12,40,3,,3
2006-s3-B-GW,2006-s3,B,W,P0614,2,4,0,4,0,12,28,30,0,,0
2006-s3-B-GW,2006-s3,B,W,P0220,3,5,2,3,0,25,25,50,6,,6
2006-s3-B-GW,2006-s3,B,W,P0631,4,3,1,1,1,15,15,50,4,,4
2006-s3-B-GW,2006-s3,B,W,P0454,5,3,3,0,0,23,7,77,9,,9
2006-s3-B-GW,2006-s3,B,W,P0383,6,5,2,2,1,24,26,48,7,,7
2006-s3-B-GX,2006-s3,B,X,P0329,0,6,4,1,1,34,26,57,14,,14
2006-s3-B-GX,2006-s3,B,X,P0431,1,6,0,6,0,18,42,30,0,,0
2006-s3-B-GX,2006-s3,B,X,P0607,2,6,4,1,1,36,24,60,14,,14
2006-s3-B-GX,2006-s3,B,X,P0502,3,6,3,2,1,31,29,52,11,,11
2006-s3-B-GX,2006-s3,B,X,P0514,4,5,2,2,1,22,28,44,7,,7
2006-s3-B-GX,2006-s3,B,X,P0524,5,5,1,4,0,21,29,42,3,,3
2006-s3-B-GX,2006-s3,B,X,P0209,6,6,3,1,2,38,22,63,12,,12
2006-s3-B-GY,2006-s3,B,Y,P0218,0,6,2,2,2,34,26,57,9,,9
2006-s3-B-GY,2006-s3,B,Y,P0434,1,6,5,1,0,36,24,60,16,,16
2006-s3-B-GY,2006-s3,B,Y,P0577,2,6,1,2,3,33,27,55,7,,7
2006-s3-B-GY,2006-s3,B,Y,P0359,3,6,2,3,1,28,32,47,8,,8
2006-s3-B-GY,2006-s3,B,Y,P0529,4,6,3,3,0,28,32,47,10,,10
2006-s3-B-GY,2006-s3,B,Y,P0560,5,6,0,6,0,9,51,15,0,,0
2006-s3-B-GY,2006-s3,B,Y,P0247,6,6,4,0,2,42,18,70,15,,15
2006-s3-B-GZ,2006-s3,B,Z,P0353,0,6,4,1,1,36,24,60,14,,14
2006-s3-B-GZ,2006-s3,B,Z,P0650,1,6,0,5,1,22,38,37,2,,2
2006-s3-B-GZ,2006-s3,B,Z,P0558,2,6,1,5,0,19,41,37,4,,4
2006-s3-B-GZ,2006-s3,B,Z,P0288,3,6,3,1,2,37,23,62,12,,12
2006-s3-B-GZ,2006-s3,B,Z,P0572,4,6,1,4,1,23,37,38,5,,5
2006-s3-B-GZ,2006-s3,B,Z,P0214,5,6,4,1,1,33,27,55,14,,14
2006-s3-B-GZ,2006-s3,B,Z,P0196,6,6,5,1,0,40,20,67,16,,16
2006-s4-A-GA,2006-s4,A,A,P0478,0,6,4,1,1,43,17,72,14,,14
2006-s4-A-GA,2006-s4,A,A,P0161,1,6,5,1,0,39,21,65,16,,16
2006-s4-A-GA,2006-s4,A,A,P0392,2,4,0,4,0,8,32,20,0,,0
2006-s4-A-GA,2006-s4,A,A,P0289,3,6,2,3,1,30,30,50,8,,8
2006-s4-A-GA,2006-s4,A,A,P0209,4,6,4,2,0,39,21,65,13,,13
2006-s4-A-GA,2006-s4,A,A,P0446,5,6,4,2,0,29,31,48,13,,13
2006-s4-A-GA,2006-s4,A,A,P0521,6,5,0,5,0,10,40,20,0,,0
2006-s4-A-GB,2006-s4,A,B,P0018,0,6,3,2,1,40,20,67,11,,11
2006-s4-A-GB,2006-s4,A,B,P0583,1,6,1,4,1,22,38,37,4,,4
2006-s4-A-GB,2006-s4,A,B,P0534,2,6,3,1,2,35,25,58,12,,12
2006-s4-A-GB,2006-s4,A,B,P0247,3,6,4,2,0,31,29,52,13,,13
2006-s4-A-GB,2006-s4,A,B,P0166,4,6,3,2,1,30,30,50,11,,11
2006-s4-A-GB,2006-s4,A,B,P0415,5,6,1,4,1,19,41,32,5,,5
2006-s4-A-GB,2006-s4,A,B,P0187,6,6,3,3,0,33,27,55,10,,10
2006-s4-A-GC,2006-s4,A,C,P0181,0,6,4,0,2,43,17,72,15,,15
2006-s4-A-GC,2006-s4,A,C,P0378,1,6,3,3,0,38,22,63,10,,10
2006-s4-A-GC,2006-s4,A,C,P0354,2,6,2,4,0,32,28,53,7,,7
2006-s4-A-GC,2006-s4,A,C,P0198,3,6,4,1,1,38,22,63,14,,14
2006-s4-A-GC,2006-s4,A,C,P0319,4,6,4,1,1,34,26,57,14,,14
2006-s4-A-GC,2006-s4,A,C,P0126,5,6,2,4,0,25,35,42,7,,7
2006-s4-A-GC,2006-s4,A,C,P0358,6,0,0,0,0,0,0,0,0,,0
2006-s4-A-GD,2006-s4,A,D,P0297,0,6,4,1,1,39,21,65,14,,14
2006-s4-A-GD,2006-s4,A,D,P0080,1,6,4,2,0,39,21,65,13,,13
2006-s4-A-GD,2006-s4,A,D,P0547,2,5,2,2,1,27,23,54,7,,7
2006-s4-A-GD,2006-s4,A,D,P0554,3,4,3,1,0,26,14,65,9,,9
2006-s4-A-GD,2006-s4,A,D,P0364,4,6,5,1,0,41,19,68,16,,16
2006-s4-A-GD,2006-s4,A,D,P0311,5,6,0,6,0,8,52,13,1,,1
2006-s4-A-GD,2006-s4,A,D,P0288,6,6,1,5,0,16,44,27,4,,4
2006-s4-A-GE,2006-s4,A,E,P0505,0,5,0,5,0,18,32,36,0,,0
2006-s4-A-GE,2006-s4,A,E,P0263,1,6,6,0,0,42,18,70,19,,19
2006-s4-A-GE,2006-s4,A,E,P0252,2,5,2,3,0,25,25,50,6,,6
2006-s4-A-GE,2006-s4,A,E,P0300,3,4,1,3,0,11,29,28,3,,3
2006-s4-A-GE,2006-s4,A,E,P0514,4,6,3,2,1,32,28,53,11,,11
2006-s4-A-GE,2006-s4,A,E,P0333,5,6,2,2,2,31,29,52,9,,9
2006-s4-A-GE,2006-s4,A,E,P0051,6,6,3,2,1,31,29,52,11,,11
2006-s4-A-GF,2006-s4,A,F,P0030,0,6,3,3,0,28,32,47,10,,10
2006-s4-A-GF,2006-s4,A,F,P0179,1,6,2,2,2,32,28,53,9,,9
2006-s4-A-GF,2006-s4,A,F,P0245,2,6,0,4,2,23,36,38,3,,3
2006-s4-A-GF,2006-s4,A,F,P0653,3,6,4,1,1,39,21,65,14,,14
2006-s4-A-GF,2006-s4,A,F,P0611,4,6,4,1,1,32,28,53,14,,14
2006-s4-A-GF,2006-s4,A,F,P0578,5,6,2,3,1,28,32,47,8,,8
2006-s4-A-GF,2006-s4,A,F,P0460,6,6,2,3,1,27,33,45,8,,8
2006-s4-A-GG,2006-s4,A,G,P0029,0,6,4,1,1,38,22,63,14,,14
2006-s4-A-GG,2006-s4,A,G,P0623,1,6,4,1,1,36,24,60,14,,14
2006-s4-A-GG,2006-s4,A,G,P0210,2,5,0,5,0,16,34,32,0,,0
2006-s4-A-GG,2006-s4,A,G,P0206,3,5,1,2,2,22,28,44,5,,5
2006-s4-A-GG,2006-s4,A,G,P0258,4,6,3,1,2,33,27,55,12,,12
2006-s4-A-GG,2006-s4,A,G,P0336,5,4,0,2,2,13,27,33,1,,1
2006-s4-A-GG,2006-s4,A,G,P0607,6,6,3,2,1,32,28,53,11,,11
2006-s4-A-GH,2006-s4,A,H,P0324,0,5,4,1,0,32,18,64,12,,12
2006-s4-A-GH,2006-s4,A,H,P0232,1,6,4,1,1,37,23,62,14,,14
2006-s4-A-GH,2006-s4,A,H,P0331,2,4,2,1,1,18,22,45,7,,7
2006-s4-A-GH,2006-s4,A,H,P0407,3,5,3,2,0,24,26,48,9,,9
2006-s4-A-GH,2006-s4,A,H,P0493,4,6,2,4,0,30,30,50,7,,7
2006-s4-A-GH,2006-s4,A,H,P0280,5,6,2,4,0,24,36,40,7,,7
2006-s4-A-GH,2006-s4,A,H,P0491,6,6,1,5,0,25,35,42,4,,4
2006-s4-A-GI,2006-s4,A,I,P0264,0,6,3,2,1,32,28,53,11,,11
2006-s4-A-GI,2006-s4,A,I,P0035,1,6,3,2,1,33,27,55,11,,11
2006-s4-A-GI,2006-s4,A,I,P0094,2,6,1,4,1,14,46,23,5,,5
2006-s4-A-GI,2006-s4,A,I,P0175,3,5,4,0,1,37,13,74,13,,13
2006-s4-A-GI,2006-s4,A,I,P0383,4,6,3,3,0,36,24,60,10,,10
2006-s4-A-GI,2006-s4,A,I,P0427,5,6,3,1,2,38,22,63,12,,12
2006-s4-A-GI,2006-s4,A,I,P0633,6,5,0,5,0,10,40,20,0,,0
2006-s4-B-GV,2006-s4,B,V,P0469,0,7,2,5,0,32,38,46,7,,7
2006-s4-B-GV,2006-s4,B,V,P0513,1,7,3,2,2,37,33,53,12,,12
2006-s4-B-GV,2006-s4,B,V,P0558,2,6,1,4,1,14,46,23,4,,4
2006-s4-B-GV,2006-s4,B,V,P0201,3,7,3,1,3,41,29,59,13,,13
2006-s4-B-GV,2006-s4,B,V,P0250,4,7,5,1,1,48,22,69,17,,17
2006-s4-B-GV,2006-s4,B,V,P0542,5,7,5,1,1,45,25,62,17,,17
2006-s4-B-GV,2006-s4,B,V,P0180,6,6,1,4,1,22,38,36,4,,4
2006-s4-B-GV,2006-s4,B,V,P0394,7,7,1,3,3,30,40,43,7,,7
2006-s4-B-GW,2006-s4,B,W,P0303,0,7,4,2,1,44,26,63,13,,13
2006-s4-B-GW,2006-s4,B,W,P0009,1,7,3,1,3,45,25,64,12,,12
2006-s4-B-GW,2006-s4,B,W,P0632,2,6,0,6,0,9,51,15,0,,0
2006-s4-B-GW,2006-s4,B,W,P0338,3,6,0,6,0,5,55,8,0,,0
2006-s4-B-GW,2006-s4,B,W,P0376,4,7,5,1,1,42,28,60,17,,17
2006-s4-B-GW,2006-s4,B,W,P0593,5,6,2,4,0,28,32,47,6,,6
2006-s4-B-GW,2006-s4,B,W,P0577,6,7,3,4,0,39,31,56,10,,10
2006-s4-B-GW,2006-s4,B,W,P0556,7,7,7,0,0,51,19,73,22,,22
2006-s4-B-GX,2006-s4,B,X,P0283,0,7,3,4,0,20,40,28,10,,10
2006-s4-B-GX,2006-s4,B,X,P0527,1,7,4,2,1,42,28,60,14,,14
2006-s4-B-GX,2006-s4,B,X,P0347,2,7,1,6,0,24,46,34,4,,4
2006-s4-B-GX,2006-s4,B,X,P0436,3,7,2,5,0,23,47,33,7,,7
2006-s4-B-GX,2006-s4,B,X,P0616,4,7,4,3,0,41,29,59,13,,13
2006-s4-B-GX,2006-s4,B,X,P0466,5,7,3,3,1,35,35,50,11,,11
2006-s4-B-GX,2006-s4,B,X,P0281,6,7,5,1,1,52,18,74,17,,17
2006-s4-B-GX,2006-s4,B,X,P0618,7,7,4,2,1,43,27,61,14,,14
2006-s4-B-GY,2006-s4,B,Y,P0428,0,6,1,3,2,19,41,32,5,,5
2006-s4-B-GY,2006-s4,B,Y,P0582,1,4,2,2,0,22,18,55,6,,6
2006-s4-B-GY,2006-s4,B,Y,P0401,2,7,2,3,2,31,39,44,9,,9
2006-s4-B-GY,2006-s4,B,Y,P0595,3,5,0,5,0,9,41,18,0,,0
2006-s4-B-GY,2006-s4,B,Y,P0489,4,6,2,3,1,30,30,50,7,,7
2006-s4-B-GY,2006-s4,B,Y,P0285,5,6,4,1,1,40,20,67,13,,13
2006-s4-B-GY,2006-s4,B,Y,P0601,6,7,7,0,0,54,16,77,22,,22
2006-s4-B-GY,2006-s4,B,Y,P0157,7,4,3,1,0,31,9,78,10,,10
2006-s4-B-GZ,2006-s4,B,Z,P0359,0,7,4,2,1,41,29,59,14,,14
2006-s4-B-GZ,2006-s4,B,Z,P0221,1,6,4,2,0,38,22,63,12,,12
2006-s4-B-GZ,2006-s4,B,Z,P0525,2,7,2,3,2,28,42,40,9,,9
2006-s4-B-GZ,2006-s4,B,Z,P0309,3,4,1,1,2,19,21,48,5,,5
2006-s4-B-GZ,2006-s4,B,Z,P0431,4,6,0,5,1,21,39,35,1,,1
2006-s4-B-GZ,2006-s4,B,Z,P0322,5,6,2,2,2,31,29,52,8,,8
2006-s4-B-GZ,2006-s4,B,Z,P0590,6,6,3,3,0,22,38,37,9,,9
2006-s4-B-GZ,2006-s4,B,Z,P0183,7,6,4,2,0,40,20,67,12,,12
2006-s5-A-GA,2006-s5,A,A,P0073,0,6,3,1,2,36,24,60,12,,12
2006-s5-A-GA,2006-s5,A,A,P0378,1,6,2,1,3,29,31,48,10,,10
2006-s5-A-GA,2006-s5,A,A,P0140,2,6,3,1,2,38,22,63,12,,12
2006-s5-A-GA,2006-s5,A,A,P0585,3,6,3,1,2,35,25,58,12,,12
2006-s5-A-GA,2006-s5,A,A,P0166,4,6,2,2,2,28,32,47,9,,9
2006-s5-A-GA,2006-s5,A,A,P0616,5,6,1,4,1,22,38,37,5,,5
2006-s5-A-GA,2006-s5,A,A,P0593,6,6,1,5,0,22,38,37,4,,4
2006-s5-A-GB,2006-s5,A,B,P0430,0,6,4,0,2,40,20,67,15,,15
2006-s5-A-GB,2006-s5,A,B,P0257,1,6,3,1,2,36,24,60,12,,12
2006-s5-A-GB,2006-s5,A,B,P0349,2,6,2,4,0,22,38,37,7,,7
2006-s5-A-GB,2006-s5,A,B,P0282,3,6,1,3,2,28,32,47,6,,6
2006-s5-A-GB,2006-s5,A,B,P0250,4,6,3,2,1,32,28,53,11,,11
2006-s5-A-GB,2006-s5,A,B,P0416,5,6,1,4,1,19,41,32,5,,5
2006-s5-A-GB,2006-s5,A,B,P0494,6,6,2,3,1,32,28,53,8,,8
2006-s5-A-GC,2006-s5,A,C,P0179,0,6,4,1,1,36,24,57,14,,14
2006-s5-A-GC,2006-s5,A,C,P0480,1,6,3,2,1,32,28,53,11,,11
2006-s5-A-GC,2006-s5,A,C,P0578,2,5,1,3,1,20,30,40,4,,4
2006-s5-A-GC,2006-s5,A,C,P0542,3,6,4,0,2,39,21,65,15,,15
2006-s5-A-GC,2006-s5,A,C,P0333,4,6,3,2,1,35,25,58,11,,11
2006-s5-A-GC,2006-s5,A,C,P0220,5,5,0,5,0,9,41,18,0,,0
2006-s5-A-GC,2006-s5,A,C,P0601,6,6,1,3,2,29,31,48,6,,6
2006-s5-A-GD,2006-s5,A,D,P0252,0,6,1,4,1,22,38,37,5,,5
2006-s5-A-GD,2006-s5,A,D,P0172,1,6,3,2,1,35,25,58,11,,11
2006-s5-A-GD,2006-s5,A,D,P0495,2,6,4,2,0,36,24,60,13,,13
2006-s5-A-GD,2006-s5,A,D,P0091,3,5,2,3,0,22,28,44,6,,6
2006-s5-A-GD,2006-s5,A,D,P0646,4,6,2,2,2,25,35,42,9,,9
2006-s5-A-GD,2006-s5,A,D,P0210,5,5,1,3,1,25,25,50,4,,4
2006-s5-A-GD,2006-s5,A,D,P0366,6,6,4,1,1,35,25,58,14,,14
2006-s5-A-GE,2006-s5,A,E,P0233,0,5,5,0,0,42,8,84,15,,15
2006-s5-A-GE,2006-s5,A,E,P0440,1,4,1,2,1,17,23,43,5,,5
2006-s5-A-GE,2006-s5,A,E,P0487,2,3,3,0,0,23,7,77,9,,9
2006-s5-A-GE,2006-s5,A,E,P0394,3,3,0,1,2,12,18,40,2,,2
2006-s5-A-GE,2006-s5,A,E,P0510,4,4,0,4,0,10,30,25,0,,0
2006-s5-A-GE,2006-s5,A,E,P0211,5,2,1,1,0,8,12,40,3,,3
2006-s5-A-GE,2006-s5,A,E,P0461,6,6,2,2,2,26,34,43,9,,9
2006-s5-A-GF,2006-s5,A,F,P0297,0,6,5,1,0,37,23,62,16,,16
2006-s5-A-GF,2006-s5,A,F,P0237,1,6,2,2,2,32,28,53,9,,9
2006-s5-A-GF,2006-s5,A,F,P0186,2,6,4,1,1,39,21,65,14,,14
2006-s5-A-GF,2006-s5,A,F,P0012,3,6,2,2,2,30,30,50,9,,9
2006-s5-A-GF,2006-s5,A,F,P0617,4,6,2,3,1,31,29,52,8,,8
2006-s5-A-GF,2006-s5,A,F,P0359,5,6,0,5,1,17,43,28,2,,2
2006-s5-A-GF,2006-s5,A,F,P0011,6,6,2,3,1,24,36,40,8,,8
2006-s5-A-GG,2006-s5,A,G,P0060,0,6,4,1,1,37,23,62,14,,14
2006-s5-A-GG,2006-s5,A,G,P0653,1,6,4,1,1,40,20,67,14,,14
2006-s5-A-GG,2006-s5,A,G,P0638,2,6,0,6,0,10,50,16,1,,1
2006-s5-A-GG,2006-s5,A,G,P0076,3,5,3,1,1,32,18,64,11,,11
2006-s5-A-GG,2006-s5,A,G,P0402,4,6,2,4,0,26,34,43,7,,7
2006-s5-A-GG,2006-s5,A,G,P0642,5,6,3,2,1,37,23,62,11,,11
2006-s5-A-GG,2006-s5,A,G,P0420,6,6,3,3,0,27,33,45,10,,10
2006-s5-A-GH,2006-s5,A,H,P0206,0,6,2,1,3,33,27,55,10,,10
2006-s5-A-GH,2006-s5,A,H,P0227,1,6,4,1,1,34,26,57,14,,14
2006-s5-A-GH,2006-s5,A,H,P0622,2,6,5,0,1,37,23,62,17,,17
2006-s5-A-GH,2006-s5,A,H,P0335,3,6,1,3,2,22,38,37,6,,6
2006-s5-A-GH,2006-s5,A,H,P0290,4,5,1,4,0,18,32,36,3,,3
2006-s5-A-GH,2006-s5,A,H,P0514,5,6,2,3,1,31,29,52,8,,8
2006-s5-A-GH,2006-s5,A,H,P0157,6,5,1,4,0,25,25,50,3,,3
2006-s5-A-GI,2006-s5,A,I,P0324,0,6,5,1,0,39,21,65,16,,16
2006-s5-A-GI,2006-s5,A,I,P0030,1,6,4,2,0,39,21,65,13,,13
2006-s5-A-GI,2006-s5,A,I,P0383,2,6,2,4,0,23,37,38,7,,7
2006-s5-A-GI,2006-s5,A,I,P0265,3,6,1,5,0,23,37,38,4,,4
2006-s5-A-GI,2006-s5,A,I,P0245,4,6,3,3,0,30,30,50,10,,10
2006-s5-A-GI,2006-s5,A,I,P0196,5,6,5,1,0,36,24,60,16,,16
2006-s5-A-GI,2006-s5,A,I,P0589,6,6,1,5,0,20,40,50,3,,3
2006-s5-A-GJ,2006-s5,A,J,P0354,0,0,0,0,0,0,0,0,0,,0
2006-s5-A-GJ,2006-s5,A,J,P0565,1,6,3,2,1,33,27,55,11,,11
2006-s5-A-GJ,2006-s5,A,J,P0609,2,6,3,1,2,39,21,65,12,,12
2006-s5-A-GJ,2006-s5,A,J,P0082,3,6,1,5,0,14,46,23,4,,4
2006-s5-A-GJ,2006-s5,A,J,P0447,4,5,2,3,0,26,24,52,7,,7
2006-s5-A-GJ,2006-s5,A,J,P0029,5,6,4,2,0,38,22,63,13,,13
2006-s5-A-GJ,2006-s5,A,J,P0018,6,6,4,0,2,39,21,65,15,,15
2006-s5-A-GK,2006-s5,A,K,P0474,0,6,1,5,0,18,42,30,4,,4
2006-s5-A-GK,2006-s5,A,K,P0239,1,5,1,4,0,16,34,32,3,,3
2006-s5-A-GK,2006-s5,A,K,P0478,2,6,5,0,1,43,17,72,17,,17
2006-s5-A-GK,2006-s5,A,K,P0375,3,6,4,0,2,35,25,58,15,,15
2006-s5-A-GK,2006-s5,A,K,P0377,4,6,3,2,1,35,25,58,11,,11
2006-s5-A-GK,2006-s5,A,K,P0242,5,6,3,3,0,33,27,55,10,,10
2006-s5-A-GK,2006-s5,A,K,P0075,6,5,1,4,0,20,30,40,3,,3
2006-s5-B-GA,2006-s5,B,A,P0183,0,6,3,0,3,35,25,58,13,,13
2006-s5-B-GA,2006-s5,B,A,P0639,1,6,0,6,0,14,46,23,1,,1
2006-s5-B-GA,2006-s5,B,A,P0519,2,6,4,2,0,40,20,67,13,,13
2006-s5-B-GA,2006-s5,B,A,P0518,3,6,2,3,1,27,33,45,8,,8
2006-s5-B-GA,2006-s5,B,A,P0327,4,6,3,2,1,33,27,55,11,,11
2006-s5-B-GA,2006-s5,B,A,P0467,5,5,2,3,0,23,27,46,7,,7
2006-s5-B-GA,2006-s5,B,A,P0470,6,6,4,1,1,36,24,60,14,,14
2006-s5-B-GB,2006-s5,B,B,P0009,0,6,2,3,1,35,25,58,8,,8
2006-s5-B-GB,2006-s5,B,B,P0436,1,6,1,4,1,26,34,43,5,,5
2006-s5-B-GB,2006-s5,B,B,P0266,2,6,4,0,2,36,24,60,15,,15
2006-s5-B-GB,2006-s5,B,B,P0217,3,6,3,1,2,32,28,53,12,,12
2006-s5-B-GB,2006-s5,B,B,P0323,4,6,0,3,3,17,43,28,4,,4
2006-s5-B-GB,2006-s5,B,B,P0437,5,6,4,2,0,37,23,62,13,,13
2006-s5-B-GB,2006-s5,B,B,P0641,6,6,2,3,1,27,33,45,8,,8
2006-s5-B-GC,2006-s5,B,C,P0350,0,6,3,2,1,35,25,58,11,,11
2006-s5-B-GC,2006-s5,B,C,P0434,1,6,2,2,2,29,31,48,9,,9
2006-s5-B-GC,2006-s5,B,C,P0537,2,6,0,6,0,15,45,25,1,,1
2006-s5-B-GC,2006-s5,B,C,P0530,3,6,1,4,1,20,40,33,5,,5
2006-s5-B-GC,2006-s5,B,C,P0524,4,6,4,1,1,38,22,63,14,,14
2006-s5-B-GC,2006-s5,B,C,P0163,5,6,4,1,1,36,24,60,14,,14
2006-s5-B-GC,2006-s5,B,C,P0580,6,6,2,0,4,37,23,62,11,,11
2006-s5-B-GD,2006-s5,B,D,P0475,0,6,3,2,1,31,29,52,11,,11
2006-s5-B-GD,2006-s5,B,D,P0347,1,6,2,3,1,26,34,43,8,,8
2006-s5-B-GD,2006-s5,B,D,P0176,2,6,0,6,0,19,41,32,1,,1
2006-s5-B-GD,2006-s5,B,D,P0249,3,6,2,1,3,34,26,57,10,,10
2006-s5-B-GD,2006-s5,B,D,P0361,4,6,4,1,1,38,22,63,14,,14
2006-s5-B-GD,2006-s5,B,D,P0499,5,6,2,3,1,24,36,40,8,,8
2006-s5-B-GD,2006-s5,B,D,P0291,6,6,4,1,1,38,22,63,14,,14
2006-s5-B-GE,2006-s5,B,E,P0406,0,6,2,4,0,30,30,50,7,,7
2006-s5-B-GE,2006-s5,B,E,P0223,1,6,4,2,0,42,18,70,13,,13
2006-s5-B-GE,2006-s5,B,E,P0522,2,5,0,5,0,2,48,4,0,,0
2006-s5-B-GE,2006-s5,B,E,P0346,3,5,0,5,0,6,44,12,0,,0
2006-s5-B-GE,2006-s5,B,E,P0248,4,6,5,1,0,38,22,63,16,,16
2006-s5-B-GE,2006-s5,B,E,P0205,5,6,4,2,0,41,19,68,13,,13
2006-s5-B-GE,2006-s5,B,E,P0131,6,6,5,1,0,41,19,68,16,,16
2006-s6-A-GA,2006-s6,A,A,P0361,0,6,1,4,1,21,39,,5,,5
2006-s6-A-GA,2006-s6,A,A,P0579,1,6,3,2,1,32,28,,11,,11
2006-s6-A-GA,2006-s6,A,A,P0475,2,5,1,3,1,24,26,,4,,4
2006-s6-A-GA,2006-s6,A,A,P0549,3,6,3,2,1,32,28,,11,,11
2006-s6-A-GA,2006-s6,A,A,P0210,4,5,0,3,2,21,29,,2,,2
2006-s6-A-GA,2006-s6,A,A,P0355,5,6,6,0,0,40,20,,19,,19
2006-s6-A-GA,2006-s6,A,A,P0290,6,6,3,3,0,30,30,,10,,10
2006-s6-A-GB,2006-s6,A,B,P0199,0,6,4,1,1,33,27,,14,,14
2006-s6-A-GB,2006-s6,A,B,P0494,1,6,0,6,0,19,41,,1,,1
2006-s6-A-GB,2006-s6,A,B,P0266,2,5,1,3,1,18,32,,4,,4
2006-s6-A-GB,2006-s6,A,B,P0456,3,6,5,0,1,42,18,,17,,17
2006-s6-A-GB,2006-s6,A,B,P0625,4,6,4,1,1,40,20,,14,,14
2006-s6-A-GB,2006-s6,A,B,P0462,5,6,2,4,0,27,33,,7,,7
2006-s6-A-GB,2006-s6,A,B,P0237,6,5,2,3,0,21,29,,6,,6
2006-s6-A-GC,2006-s6,A,C,P0182,0,5,1,4,0,11,39,,3,,3
2006-s6-A-GC,2006-s6,A,C,P0565,1,6,3,3,0,34,26,,10,,10
2006-s6-A-GC,2006-s6,A,C,P0412,2,6,3,2,1,32,28,,11,,11
2006-s6-A-GC,2006-s6,A,C,P0421,3,6,5,1,0,35,25,,16,,16
2006-s6-A-GC,2006-s6,A,C,P0167,4,5,2,3,0,30,30,,10,,10
2006-s6-A-GC,2006-s6,A,C,P0640,5,5,1,3,1,21,29,,4,,4
2006-s6-A-GC,2006-s6,A,C,P0506,6,4,3,1,0,31,9,,10,,10
2006-s6-A-GD,2006-s6,A,D,P0447,0,6,0,6,0,24,36,,1,,1
2006-s6-A-GD,2006-s6,A,D,P0359,1,6,2,3,1,27,33,,8,,8
2006-s6-A-GD,2006-s6,A,D,P0188,2,6,4,2,0,30,30,,13,,13
2006-s6-A-GD,2006-s6,A,D,P0267,3,6,4,1,1,39,21,,14,,14
2006-s6-A-GD,2006-s6,A,D,P0507,4,6,3,1,2,35,25,,12,,12
2006-s6-A-GD,2006-s6,A,D,P0481,5,5,2,3,0,23,27,,7,,7
2006-s6-A-GD,2006-s6,A,D,P0225,6,6,4,2,0,29,31,,13,,13
2006-s6-A-GE,2006-s6,A,E,P0348,0,5,2,3,0,18,32,,6,,6
2006-s6-A-GE,2006-s6,A,E,P0189,1,6,5,1,0,33,27,,16,,16
2006-s6-A-GE,2006-s6,A,E,P0482,2,6,6,0,0,49,11,,19,,19
2006-s6-A-GE,2006-s6,A,E,P0493,3,6,2,3,1,31,29,,8,,8
2006-s6-A-GE,2006-s6,A,E,P0540,4,6,3,3,0,31,29,,10,,10
2006-s6-A-GE,2006-s6,A,E,P0616,5,6,1,5,0,25,35,,4,,4
2006-s6-A-GE,2006-s6,A,E,P0233,6,5,0,4,1,13,37,,1,,1
2006-s6-A-GF,2006-s6,A,F,P0643,0,6,3,2,1,29,31,,11,,11
2006-s6-A-GF,2006-s6,A,F,P0212,1,5,1,3,1,16,34,,4,,4
2006-s6-A-GF,2006-s6,A,F,P0251,2,5,2,1,2,27,23,,8,,8
2006-s6-A-GF,2006-s6,A,F,P0594,3,6,0,5,1,19,41,,2,,2
2006-s6-A-GF,2006-s6,A,F,P0268,4,6,5,0,1,44,16,,17,,17
2006-s6-A-GF,2006-s6,A,F,P0587,5,6,4,2,0,35,25,,13,,13
2006-s6-A-GF,2006-s6,A,F,P0427,6,7,1,4,2,30,30,,6,,6
2006-s6-A-GG,2006-s6,A,G,P0654,0,6,6,0,0,42,18,,19,,19
2006-s6-A-GG,2006-s6,A,G,P0310,1,5,2,3,0,21,29,,7,,7
2006-s6-A-GG,2006-s6,A,G,P0202,2,6,3,3,0,35,25,,10,,10
2006-s6-A-GG,2006-s6,A,G,P0177,3,6,4,2,0,36,24,,13,,13
2006-s6-A-GG,2006-s6,A,G,P0281,4,6,0,6,0,13,47,,1,,1
2006-s6-A-GG,2006-s6,A,G,P0305,5,6,3,2,1,32,28,,11,,11
2006-s6-A-GG,2006-s6,A,G,P0277,6,6,2,3,1,28,32,,8,,8
2006-s6-A-GH,2006-s6,A,H,P0367,0,6,4,1,1,36,24,,14,,14
2006-s6-A-GH,2006-s6,A,H,P0253,1,6,4,2,0,31,29,,13,,13
2006-s6-A-GH,2006-s6,A,H,P0333,2,6,2,3,1,29,31,,8,,8
2006-s6-A-GH,2006-s6,A,H,P0403,3,6,1,4,1,22,38,,5,,5
2006-s6-A-GH,2006-s6,A,H,P0417,4,5,3,2,0,29,21,,10,,10
2006-s6-A-GH,2006-s6,A,H,P0246,5,6,2,2,2,34,26,,9,,9
2006-s6-A-GH,2006-s6,A,H,P0516,6,5,1,3,1,19,31,,4,,4
2006-s6-A-GI,2006-s6,A,I,P0609,0,5,2,2,1,24,27,,7,,7
2006-s6-A-GI,2006-s6,A,I,P0601,1,6,1,3,2,21,39,,6,,6
2006-s6-A-GI,2006-s6,A,I,P0395,2,6,4,1,1,36,24,,14,,14
2006-s6-A-GI,2006-s6,A,I,P0624,3,6,3,3,0,31,29,,10,,10
2006-s6-A-GI,2006-s6,A,I,P0216,4,4,1,3,0,19,21,,4,,4
2006-s6-A-GI,2006-s6,A,I,P0320,5,5,2,3,0,23,27,,6,,6
2006-s6-A-GI,2006-s6,A,I,P0384,6,6,5,1,0,41,19,,16,,16
2006-s6-A-GJ,2006-s6,A,J,P0254,0,6,5,0,1,44,16,,17,,17
2006-s6-A-GJ,2006-s6,A,J,P0207,1,6,4,2,0,30,30,,13,,13
2006-s6-A-GJ,2006-s6,A,J,P0227,2,6,2,4,0,25,35,,7,,7
2006-s6-A-GJ,2006-s6,A,J,P0269,3,5,1,4,0,21,29,,3,,3
2006-s6-A-GJ,2006-s6,A,J,P0391,4,6,5,1,0,37,23,,16,,16
2006-s6-A-GJ,2006-s6,A,J,P0024,5,5,1,3,1,22,28,,4,,4
2006-s6-A-GJ,2006-s6,A,J,P0217,6,6,0,4,2,21,39,,3,,3
2006-s6-B-GA,2006-s6,B,A,P0558,0,6,2,4,0,26,34,,7,,7
2006-s6-B-GA,2006-s6,B,A,P0413,1,5,1,4,0,21,29,,3,,3
2006-s6-B-GA,2006-s6,B,A,P0471,2,6,3,3,0,23,37,,10,,10
2006-s6-B-GA,2006-s6,B,A,P0573,3,6,4,2,0,39,21,,13,,13
2006-s6-B-GA,2006-s6,B,A,P0292,4,6,6,0,0,44,16,,19,,19
2006-s6-B-GA,2006-s6,B,A,P0312,5,6,2,4,0,27,33,,7,,7
2006-s6-B-GA,2006-s6,B,A,P0326,6,6,3,3,0,31,29,,10,,10
2006-s6-B-GB,2006-s6,B,B,P0606,0,6,4,2,0,37,23,,13,,13
2006-s6-B-GB,2006-s6,B,B,P0641,1,5,2,2,1,25,25,,7,,7
2006-s6-B-GB,2006-s6,B,B,P0526,2,6,6,0,0,47,13,,19,,19
2006-s6-B-GB,2006-s6,B,B,P0539,3,6,3,2,1,34,26,,11,,11
2006-s6-B-GB,2006-s6,B,B,P0567,4,6,3,3,0,30,30,,10,,10
2006-s6-B-GB,2006-s6,B,B,P0432,5,6,1,5,0,21,39,,4,,4
2006-s6-B-GB,2006-s6,B,B,P0467,6,5,0,5,0,6,44,,0,,0
2006-s6-B-GC,2006-s6,B,C,P0438,0,5,0,3,2,16,34,,2,,2
2006-s6-B-GC,2006-s6,B,C,P0343,1,6,1,4,1,23,37,,5,,5
2006-s6-B-GC,2006-s6,B,C,P0496,2,6,3,1,2,35,25,,12,,12
2006-s6-B-GC,2006-s6,B,C,P0370,3,6,3,0,3,38,22,,13,,13
2006-s6-B-GC,2006-s6,B,C,P0345,4,6,5,0,1,40,20,,17,,17
2006-s6-B-GC,2006-s6,B,C,P0405,5,6,2,1,3,34,26,,10,,10
2006-s6-B-GC,2006-s6,B,C,P0563,6,5,0,5,0,14,36,,0,,0
2006-s6-B-GD,2006-s6,B,D,P0647,0,6,4,1,1,36,24,,14,,14
2006-s6-B-GD,2006-s6,B,D,P0439,1,6,5,0,1,39,21,,17,,17
2006-s6-B-GD,2006-s6,B,D,P0369,2,6,3,2,1,36,24,,11,,11
2006-s6-B-GD,2006-s6,B,D,P0537,3,6,0,6,0,10,50,,1,,1
2006-s6-B-GD,2006-s6,B,D,P0068,4,4,3,1,0,25,15,,10,,10
2006-s6-B-GD,2006-s6,B,D,P0193,5,6,3,2,1,33,27,,11,,11
2006-s6-B-GD,2006-s6,B,D,P0453,6,6,1,5,0,23,37,,4,,4
2006-s6-B-GE,2006-s6,B,E,P0191,0,6,4,0,2,42,18,,15,,15
2006-s6-B-GE,2006-s6,B,E,P0298,1,6,3,2,1,29,31,,11,,11
2006-s6-B-GE,2006-s6,B,E,P0373,2,6,2,2,2,32,28,,9,,9
2006-s6-B-GE,2006-s6,B,E,P0435,3,6,3,0,3,36,24,,13,,13
2006-s6-B-GE,2006-s6,B,E,P0229,4,6,2,3,1,29,31,,8,,8
2006-s6-B-GE,2006-s6,B,E,P0406,5,6,0,6,0,16,44,,1,,1
2006-s6-B-GE,2006-s6,B,E,P0536,6,6,2,3,1,26,34,,8,,8
2006-s7-A-GA,2006-s7,A,A,P0644,0,5,1,3,1,20,30,,4,,4
2006-s7-A-GA,2006-s7,A,A,P0206,1,6,1,5,,22,38,,4,,4
2006-s7-A-GA,2006-s7,A,A,P0184,2,6,3,1,2,33,27,,12,,12
2006-s7-A-GA,2006-s7,A,A,P0258,3,6,2,1,3,33,27,,10,,10
2006-s7-A-GA,2006-s7,A,A,P0297,4,6,5,1,,40,20,,16,,16
2006-s7-A-GA,2006-s7,A,A,P0073,5,6,3,1,2,33,27,,12,,12
2006-s7-A-GA,2006-s7,A,A,P0411,6,5,1,4,,19,31,,3,,3
2006-s7-A-GB,2006-s7,A,B,P0609,0,6,3,3,,30,30,,10,,10
2006-s7-A-GB,2006-s7,A,B,P0140,1,6,3,1,2,34,26,,12,,12
2006-s7-A-GB,2006-s7,A,B,P0126,2,6,1,3,2,19,41,,6,,6
2006-s7-A-GB,2006-s7,A,B,P0356,3,6,2,2,2,26,34,,9,,9
2006-s7-A-GB,2006-s7,A,B,P0278,4,6,4,2,,41,19,,13,,13
2006-s7-A-GB,2006-s7,A,B,P0060,5,6,4,2,,33,27,,13,,13
2006-s7-A-GB,2006-s7,A,B,P0450,6,6,1,5,,27,33,,4,,4
2006-s7-A-GC,2006-s7,A,C,P0300,0,6,4,2,,36,24,,13,,13
2006-s7-A-GC,2006-s7,A,C,P0029,1,5,2,2,1,28,22,,7,,7
2006-s7-A-GC,2006-s7,A,C,P0321,2,6,4,1,1,34,26,,14,,14
2006-s7-A-GC,2006-s7,A,C,P0437,3,6,2,3,1,25,35,,8,,8
2006-s7-A-GC,2006-s7,A,C,P0501,4,4,,3,1,14,26,,1,,1
2006-s7-A-GC,2006-s7,A,C,P0024,5,5,1,4,,18,32,,3,,3
2006-s7-A-GC,2006-s7,A,C,P0378,6,6,3,1,2,35,25,,12,,12
2006-s7-A-GD,2006-s7,A,D,P0261,0,6,2,4,,30,30,,7,,7
2006-s7-A-GD,2006-s7,A,D,P0422,1,6,5,1,,43,17,,16,,16
2006-s7-A-GD,2006-s7,A,D,P0653,2,6,6,,,48,12,,19,,19
2006-s7-A-GD,2006-s7,A,D,P0213,3,6,4,2,,35,25,,13,,13
2006-s7-A-GD,2006-s7,A,D,P0630,4,6,,6,,6,54,,0,,0
2006-s7-A-GD,2006-s7,A,D,P0293,5,6,2,4,,24,36,,7,,7
2006-s7-A-GD,2006-s7,A,D,P0359,6,6,2,4,,24,36,,7,,7
2006-s7-A-GE,2006-s7,A,E,P0178,0,6,1,5,,15,45,,3,,3
2006-s7-A-GE,2006-s7,A,E,P0616,1,6,3,3,,25,35,,10,,10
2006-s7-A-GE,2006-s7,A,E,P0294,2,6,2,4,,33,27,,7,,7
2006-s7-A-GE,2006-s7,A,E,P0075,3,6,1,4,1,23,37,,5,,5
2006-s7-A-GE,2006-s7,A,E,P0172,4,6,4,2,,37,23,,13,,13
2006-s7-A-GE,2006-s7,A,E,P0204,5,6,4,2,,37,23,,13,,13
2006-s7-A-GE,2006-s7,A,E,P0385,6,6,5,,1,40,20,,17,,17
2006-s7-A-GF,2006-s7,A,F,P0427,0,6,4,2,,35,25,,13,,13
2006-s7-A-GF,2006-s7,A,F,P0167,1,5,1,4,,22,28,,3,,3
2006-s7-A-GF,2006-s7,A,F,P0430,2,3,2,1,,20,10,,6,,6
2006-s7-A-GF,2006-s7,A,F,P0565,3,4,2,2,,18,22,,6,,6
2006-s7-A-GF,2006-s7,A,F,P0512,4,6,5,,1,43,17,,17,,17
2006-s7-A-GF,2006-s7,A,F,P0215,5,4,2,1,1,22,18,,7,,7
2006-s7-A-GF,2006-s7,A,F,P0340,6,6,,6,,10,50,,1,,1
2006-s7-A-GG,2006-s7,A,G,P0239,0,6,4,2,,37,23,,13,,13
2006-s7-A-GG,2006-s7,A,G,P0270,1,6,5,1,,37,23,,16,,16
2006-s7-A-GG,2006-s7,A,G,P0310,2,3,,2,1,11,19,,1,,1
2006-s7-A-GG,2006-s7,A,G,P0186,3,5,3,2,,30,20,,9,,9
2006-s7-A-GG,2006-s7,A,G,P0588,4,5,1,3,1,24,26,,4,,4
2006-s7-A-GG,2006-s7,A,G,P0051,5,4,,4,,6,34,,,,
2006-s7-A-GG,2006-s7,A,G,P0533,6,5,3,2,,26,24,,9,,9
2006-s7-A-GH,2006-s7,A,H,P0342,0,5,2,3,,20,30,,6,,6
2006-s7-A-GH,2006-s7,A,H,P0493,1,6,6,,,42,18,,19,,19
2006-s7-A-GH,2006-s7,A,H,P0404,2,5,1,4,,16,34,,3,,3
2006-s7-A-GH,2006-s7,A,H,P0234,3,3,,3,,11,19,,0,,0
2006-s7-A-GH,2006-s7,A,H,P0434,4,6,2,4,,30,30,,7,,7
2006-s7-A-GH,2006-s7,A,H,P0377,5,5,3,1,1,28,22,,10,,10
2006-s7-A-GH,2006-s7,A,H,P0076,6,6,3,2,1,33,27,,11,,11
2006-s7-A-GI,2006-s7,A,I,P0535,0,6,4,2,,35,25,,13,,13
2006-s7-A-GI,2006-s7,A,I,P0195,1,5,1,4,,14,36,,3,,3
2006-s7-A-GI,2006-s7,A,I,P0250,2,5,2,3,,31,19,,6,,6
2006-s7-A-GI,2006-s7,A,I,P0627,3,5,1,4,,18,32,,3,,3
2006-s7-A-GI,2006-s7,A,I,P0615,4,1,1,,,8,2,,3,,3
2006-s7-A-GI,2006-s7,A,I,P0363,5,6,4,1,1,37,23,,14,,14
2006-s7-A-GI,2006-s7,A,I,P0205,6,6,5,,1,47,13,,17,,17
2006-s7-A-GJ,2006-s7,A,J,P0333,0,6,4,2,,35,25,,13,,13
2006-s7-A-GJ,2006-s7,A,J,P0485,1,5,1,4,,24,26,,3,,3
2006-s7-A-GJ,2006-s7,A,J,P0581,2,6,3,3,,34,26,,10,,10
2006-s7-A-GJ,2006-s7,A,J,P0216,3,6,3,3,,33,27,,10,,10
2006-s7-A-GJ,2006-s7,A,J,P0464,4,4,,4,,5,45,,0,,0
2006-s7-A-GJ,2006-s7,A,J,P0235,5,6,6,,,43,17,,19,,19
2006-s7-A-GJ,2006-s7,A,J,P0192,6,6,2,4,,16,44,,6,,6
2006-s7-A-GK,2006-s7,A,K,P0497,0,5,2,3,,24,26,,6,,6
2006-s7-A-GK,2006-s7,A,K,P0621,1,3,2,,1,21,9,,7,,7
2006-s7-A-GK,2006-s7,A,K,P0247,2,6,4,1,1,43,17,,14,,14
2006-s7-A-GK,2006-s7,A,K,P0380,3,6,3,3,,31,29,,10,,10
2006-s7-A-GK,2006-s7,A,K,P0463,4,6,,6,,,,,,,
2006-s7-A-GK,2006-s7,A,K,P0541,5,5,3,2,,31,19,,9,,9
2006-s7-A-GK,2006-s7,A,K,P0418,6,5,3,2,,30,20,,9,,9
2006-s7-A-GL,2006-s7,A,L,P0509,0,6,,6,,,,,,,
2006-s7-A-GL,2006-s7,A,L,P0409,1,6,4,1,1,37,23,,14,,14
2006-s7-A-GL,2006-s7,A,L,P0383,2,6,3,3,,34,26,,10,,10
2006-s7-A-GL,2006-s7,A,L,P0508,3,6,1,5,,23,37,,4,,4
2006-s7-A-GL,2006-s7,A,L,P0440,4,6,5,,1,45,15,,17,,17
2006-s7-A-GL,2006-s7,A,L,P0210,5,6,3,2,1,34,26,,11,,11
2006-s7-A-GL,2006-s7,A,L,P0622,6,6,3,2,1,37,23,,11,,11
2006-s7-B-GA,2006-s7,B,A,P0307,0,6,5,1,,39,21,,16,,16
2006-s7-B-GA,2006-s7,B,A,P0217,1,6,5,1,,40,20,,16,,16
2006-s7-B-GA,2006-s7,B,A,P0604,2,5,,5,,13,37,,0,,0
2006-s7-B-GA,2006-s7,B,A,P0347,3,5,1,4,,17,33,,3,,3
2006-s7-B-GA,2006-s7,B,A,P0326,4,4,1,3,,17,23,,3,,3
2006-s7-B-GA,2006-s7,B,A,P0591,5,5,4,1,,32,18,,13,,13
2006-s7-B-GA,2006-s7,B,A,P0431,6,6,3,3,,30,30,,10,,10
2006-s7-B-GB,2006-s7,B,B,P0601,0,6,1,3,2,27,33,,6,,6
2006-s7-B-GB,2006-s7,B,B,P0313,1,6,3,3,,34,26,,10,,10
2006-s7-B-GB,2006-s7,B,B,P0441,2,6,2,1,3,35,25,,10,,10
2006-s7-B-GB,2006-s7,B,B,P0304,3,6,0,6,,9,51,,,,
2006-s7-B-GB,2006-s7,B,B,P0219,4,6,3,2,1,32,28,,11,,11
2006-s7-B-GB,2006-s7,B,B,P0159,5,6,4,1,1,35,25,,14,,14
2006-s7-B-GB,2006-s7,B,B,P0484,6,6,4,1,1,38,22,,14,,14
2006-s7-B-GC,2006-s7,B,C,P0408,0,6,2,4,,24,36,,7,,7
2006-s7-B-GC,2006-s7,B,C,P0371,1,6,6,,,44,16,,19,,19
2006-s7-B-GC,2006-s7,B,C,P0230,2,6,3,3,,34,26,,10,,10
2006-s7-B-GC,2006-s7,B,C,P0414,3,6,,6,,3,57,,0,,0
2006-s7-B-GC,2006-s7,B,C,P0203,4,6,1,5,,22,38,,4,,4
2006-s7-B-GC,2006-s7,B,C,P0296,5,6,4,1,1,42,18,,14,,14
2006-s7-B-GC,2006-s7,B,C,P0009,6,6,4,1,1,41,19,,14,,14
2006-s7-B-GD,2006-s7,B,D,P0538,0,6,3,3,,24,36,,10,,10
2006-s7-B-GD,2006-s7,B,D,P0453,1,4,,4,,10,30,,0,,0
2006-s7-B-GD,2006-s7,B,D,P0498,2,6,2,3,1,25,35,,8,,8
2006-s7-B-GD,2006-s7,B,D,P0550,3,6,5,,1,48,12,,16,,16
2006-s7-B-GD,2006-s7,B,D,P0266,4,4,,3,1,13,27,,1,,1
2006-s7-B-GD,2006-s7,B,D,P0223,5,6,5,,1,45,15,,17,,17
2006-s7-B-GD,2006-s7,B,D,P0626,6,4,1,3,,15,25,,3,,3
2006-s7-B-GE,2006-s7,B,E,P0452,0,6,2,3,1,28,32,,8,,8
2006-s7-B-GE,2006-s7,B,E,P0241,1,5,2,2,1,30,20,,8,,8
2006-s7-B-GE,2006-s7,B,E,P0396,2,6,,6,,2,58,,0,,0
2006-s7-B-GE,2006-s7,B,E,P0344,3,5,4,,1,31,19,,13,,13
2006-s7-B-GE,2006-s7,B,E,P0327,4,6,4,1,1,43,17,,14,,14
2006-s7-B-GE,2006-s7,B,E,P0339,5,5,2,3,,26,24,,6,,6
2006-s7-B-GE,2006-s7,B,E,P0424,6,2,2,,,18,2,,6,,6
2006-s7-B-GF,2006-s7,B,F,P0282,0,6,2,3,1,26,34,,8,,8
2006-s7-B-GF,2006-s7,B,F,P0447,1,6,5,1,,41,19,,16,,16
2006-s7-B-GF,2006-s7,B,F,P0465,2,6,4,2,,37,23,,13,,13
2006-s7-B-GF,2006-s7,B,F,P0438,3,5,1,2,2,23,27,,6,,6
2006-s7-B-GF,2006-s7,B,F,P0222,4,6,,5,1,17,43,,2,,2
2006-s7-B-GF,2006-s7,B,F,P0544,5,6,1,3,2,25,35,,6,,6
2006-s7-B-GF,2006-s7,B,F,P0273,6,6,5,1,,37,23,,16,,16
2006-s7-B-GG,2006-s7,B,G,P0284,0,5,1,4,,17,33,,3,,3
2006-s7-B-GG,2006-s7,B,G,P0302,1,6,5,1,,40,20,,16,,16
2006-s7-B-GG,2006-s7,B,G,P0190,2,3,,3,,1,29,,0,,0
2006-s7-B-GG,2006-s7,B,G,P0315,3,5,,5,,14,36,,0,,0
2006-s7-B-GG,2006-s7,B,G,P0196,4,6,4,2,,36,24,,13,,13
2006-s7-B-GG,2006-s7,B,G,P0240,5,6,6,,,41,19,,19,,19
2006-s7-B-GG,2006-s7,B,G,P0491,6,6,3,3,,37,23,,10,,10
2007-s1-A-GA,2007-s1,A,A,P0385,0,6,3,2,1,34,26,57,10,1,11
2007-s1-A-GA,2007-s1,A,A,P0235,1,5,3,2,0,32,18,64,9,0,9
2007-s1-A-GA,2007-s1,A,A,P0776,2,6,3,3,0,25,35,42,9,1,10
2007-s1-A-GA,2007-s1,A,A,P0808,3,6,4,1,1,39,21,65,13,1,14
2007-s1-A-GA,2007-s1,A,A,P0007,4,6,3,2,1,35,25,58,10,1,11
2007-s1-A-GA,2007-s1,A,A,P0297,5,6,2,3,1,21,39,35,7,1,8
2007-s1-A-GA,2007-s1,A,A,P0863,6,5,0,5,0,14,36,28,0,0,0
2007-s1-A-GB,2007-s1,A,B,P0029,0,6,3,1,2,37,23,62,11,1,12
2007-s1-A-GB,2007-s1,A,B,P0655,1,6,2,1,3,35,25,58,9,1,10
2007-s1-A-GB,2007-s1,A,B,P0076,2,6,4,2,0,41,19,68,12,1,13
2007-s1-A-GB,2007-s1,A,B,P0710,3,4,1,1,2,16,24,40,5,0,5
2007-s1-A-GB,2007-s1,A,B,P0925,4,5,1,2,2,20,30,40,5,0,5
2007-s1-A-GB,2007-s1,A,B,P0653,5,6,2,2,2,26,34,43,8,1,9
2007-s1-A-GB,2007-s1,A,B,P0609,6,5,0,4,1,15,35,30,1,0,1
2007-s1-A-GC,2007-s1,A,C,P0239,0,6,6,0,0,47,13,78,18,1,19
2007-s1-A-GC,2007-s1,A,C,P0258,1,6,3,2,1,29,31,48,10,1,11
2007-s1-A-GC,2007-s1,A,C,P0259,2,6,2,3,1,29,31,48,7,1,8
2007-s1-A-GC,2007-s1,A,C,P0697,3,6,3,2,1,34,26,57,10,1,11
2007-s1-A-GC,2007-s1,A,C,P0659,4,6,0,5,1,21,39,35,1,1,2
2007-s1-A-GC,2007-s1,A,C,P0271,5,6,1,5,0,14,46,23,3,1,4
2007-s1-A-GC,2007-s1,A,C,P0812,6,6,4,2,0,36,24,60,12,1,13
2007-s1-A-GD,2007-s1,A,D,P0024,0,6,0,5,1,21,39,35,1,1,2
2007-s1-A-GD,2007-s1,A,D,P0411,1,6,5,0,1,36,24,60,16,1,17
2007-s1-A-GD,2007-s1,A,D,P0223,2,6,3,3,0,30,30,50,9,1,10
2007-s1-A-GD,2007-s1,A,D,P0493,3,6,3,2,1,34,26,57,10,1,11
2007-s1-A-GD,2007-s1,A,D,P0484,4,6,3,2,1,31,29,52,10,1,11
2007-s1-A-GD,2007-s1,A,D,P0240,5,6,1,5,0,24,36,40,3,1,4
2007-s1-A-GD,2007-s1,A,D,P0073,6,6,4,2,0,34,26,57,12,1,13
2007-s1-A-GE,2007-s1,A,E,P0300,0,6,3,3,0,29,31,48,9,1,10
2007-s1-A-GE,2007-s1,A,E,P0378,1,5,1,4,0,18,32,36,3,0,3
2007-s1-A-GE,2007-s1,A,E,P0172,2,6,4,1,1,40,20,67,13,1,14
2007-s1-A-GE,2007-s1,A,E,P0800,3,6,2,4,0,27,33,45,6,1,7
2007-s1-A-GE,2007-s1,A,E,P0430,4,6,5,1,0,34,26,57,15,1,16
2007-s1-A-GE,2007-s1,A,E,P0321,5,6,3,2,1,33,27,55,10,1,11
2007-s1-A-GE,2007-s1,A,E,P0140,6,5,1,4,0,19,31,38,3,0,3
2007-s1-A-GF,2007-s1,A,F,P0333,0,6,4,2,0,41,19,68,12,1,13
2007-s1-A-GF,2007-s1,A,F,P0359,1,5,0,5,0,14,36,28,0,0,0
2007-s1-A-GF,2007-s1,A,F,P0018,2,6,4,0,2,38,22,63,14,1,15
2007-s1-A-GF,2007-s1,A,F,P0541,3,5,2,3,0,17,33,34,6,0,6
2007-s1-A-GF,2007-s1,A,F,P0383,4,4,1,3,0,15,25,38,3,0,3
2007-s1-A-GF,2007-s1,A,F,P0166,5,6,2,3,1,28,32,47,7,1,8
2007-s1-A-GF,2007-s1,A,F,P0939,6,6,4,1,1,37,23,62,13,1,14
2007-s1-A-GG,2007-s1,A,G,P0205,0,6,4,2,0,33,27,55,12,1,13
2007-s1-A-GG,2007-s1,A,G,P0788,1,6,2,4,0,26,34,43,6,1,7
2007-s1-A-GG,2007-s1,A,G,P0512,2,6,5,0,1,35,25,58,16,1,17
2007-s1-A-GG,2007-s1,A,G,P0666,3,6,1,5,0,27,33,45,3,1,4
2007-s1-A-GG,2007-s1,A,G,P0250,4,6,4,1,1,37,23,62,13,1,14
2007-s1-A-GG,2007-s1,A,G,P0616,5,6,0,6,0,20,40,33,0,1,1
2007-s1-A-GG,2007-s1,A,G,P0717,6,6,4,2,0,32,28,53,12,1,13
2007-s1-A-GH,2007-s1,A,H,P0270,0,6,3,2,1,31,29,52,10,1,11
2007-s1-A-GH,2007-s1,A,H,P0418,1,6,0,6,0,13,47,22,0,1,1
2007-s1-A-GH,2007-s1,A,H,P0363,2,6,3,2,1,36,24,60,10,1,11
2007-s1-A-GH,2007-s1,A,H,P0261,3,6,4,1,1,36,24,60,13,1,14
2007-s1-A-GH,2007-s1,A,H,P0617,4,6,3,2,1,31,29,52,10,1,11
2007-s1-A-GH,2007-s1,A,H,P0682,5,6,3,3,0,30,30,50,9,1,10
2007-s1-A-GH,2007-s1,A,H,P0427,6,6,3,3,0,33,27,55,9,1,10
2007-s1-A-GI,2007-s1,A,I,P0242,0,4,1,2,1,20,20,50,4,0,4
2007-s1-A-GI,2007-s1,A,I,P0440,1,6,3,2,1,30,30,50,10,1,11
2007-s1-A-GI,2007-s1,A,I,P0246,2,5,3,2,0,26,24,52,9,0,9
2007-s1-A-GI,2007-s1,A,I,P0853,3,6,6,0,0,51,9,85,18,1,19
2007-s1-A-GI,2007-s1,A,I,P0897,4,6,3,2,1,27,33,45,10,1,11
2007-s1-A-GI,2007-s1,A,I,P0588,5,6,1,5,0,26,34,43,3,1,4
2007-s1-A-GI,2007-s1,A,I,P0878,6,6,1,4,1,20,40,33,4,1,5
2007-s1-B-GA,2007-s1,B,A,P0068,0,6,4,1,1,38,22,63,13,1,14
2007-s1-B-GA,2007-s1,B,A,P0770,1,6,2,4,0,24,36,40,6,1,7
2007-s1-B-GA,2007-s1,B,A,P0340,2,6,2,4,0,24,37,39,6,1,7
2007-s1-B-GA,2007-s1,B,A,P0809,3,6,4,2,0,36,24,60,12,1,13
2007-s1-B-GA,2007-s1,B,A,P0508,4,6,2,4,0,27,33,45,6,1,7
2007-s1-B-GA,2007-s1,B,A,P0558,5,4,1,3,0,17,24,41,3,0,3
2007-s1-B-GA,2007-s1,B,A,P0938,6,6,5,0,1,41,19,68,16,1,17
2007-s1-B-GB,2007-s1,B,B,P0917,0,6,4,2,0,35,25,58,12,1,13
2007-s1-B-GB,2007-s1,B,B,P0648,1,6,2,4,0,28,32,47,6,1,7
2007-s1-B-GB,2007-s1,B,B,P0693,2,6,3,1,2,35,25,58,11,1,12
2007-s1-B-GB,2007-s1,B,B,P0307,3,6,4,2,0,28,32,47,12,1,13
2007-s1-B-GB,2007-s1,B,B,P0183,4,6,2,3,1,26,34,43,7,1,8
2007-s1-B-GB,2007-s1,B,B,P0441,5,6,0,5,1,24,36,40,1,1,2
2007-s1-B-GB,2007-s1,B,B,P0467,6,6,4,2,0,34,26,57,12,1,13
2007-s1-B-GC,2007-s1,B,C,P0296,0,6,4,2,0,34,26,57,12,1,13
2007-s1-B-GC,2007-s1,B,C,P0821,1,5,3,2,0,28,22,56,9,1,10
2007-s1-B-GC,2007-s1,B,C,P0491,2,6,2,2,2,30,31,49,8,1,9
2007-s1-B-GC,2007-s1,B,C,P0766,3,5,0,5,0,14,37,27,0,1,1
2007-s1-B-GC,2007-s1,B,C,P0485,4,6,3,2,1,32,28,53,10,1,11
2007-s1-B-GC,2007-s1,B,C,P0698,5,6,2,3,1,29,31,48,7,1,8
2007-s1-B-GC,2007-s1,B,C,P0876,6,6,5,1,0,38,22,63,15,1,16
2007-s1-B-GD,2007-s1,B,D,P0695,0,6,4,1,1,36,24,60,13,1,14
2007-s1-B-GD,2007-s1,B,D,P0872,1,6,3,3,0,34,26,57,9,1,10
2007-s1-B-GD,2007-s1,B,D,P0887,2,4,3,1,0,24,16,60,9,1,10
2007-s1-B-GD,2007-s1,B,D,P0842,3,6,0,6,0,18,42,30,0,1,1
2007-s1-B-GD,2007-s1,B,D,P0591,4,6,5,1,0,45,15,75,15,1,16
2007-s1-B-GD,2007-s1,B,D,P0665,5,6,3,3,0,26,34,43,9,1,10
2007-s1-B-GD,2007-s1,B,D,P0663,6,6,2,3,1,22,38,37,7,1,8
2007-s1-B-GE,2007-s1,B,E,P0404,0,6,4,1,1,35,25,58,13,1,14
2007-s1-B-GE,2007-s1,B,E,P0217,1,6,3,3,0,27,33,45,9,1,10
2007-s1-B-GE,2007-s1,B,E,P0795,2,6,3,3,0,34,26,57,9,1,10
2007-s1-B-GE,2007-s1,B,E,P0731,3,6,4,2,0,34,26,57,12,1,13
2007-s1-B-GE,2007-s1,B,E,P0673,4,6,1,5,0,17,43,28,3,1,4
2007-s1-B-GE,2007-s1,B,E,P0813,5,6,4,2,0,39,21,65,12,1,13
2007-s1-B-GE,2007-s1,B,E,P0835,6,6,1,4,1,24,36,40,4,1,5
2007-s1-B-GF,2007-s1,B,F,P0315,0,6,4,2,0,33,27,55,12,1,13
2007-s1-B-GF,2007-s1,B,F,P0913,1,6,3,2,1,36,24,60,10,1,11
2007-s1-B-GF,2007-s1,B,F,P0683,2,6,0,5,1,10,50,17,1,1,2
2007-s1-B-GF,2007-s1,B,F,P0344,3,6,4,2,0,35,25,58,12,1,13
2007-s1-B-GF,2007-s1,B,F,P0819,4,6,4,1,1,39,21,65,13,1,14
2007-s1-B-GF,2007-s1,B,F,P0465,5,6,1,3,2,24,36,40,5,1,6
2007-s1-B-GF,2007-s1,B,F,P0126,6,6,2,3,1,33,27,55,7,1,8
2007-s1-B-GG,2007-s1,B,G,P0009,0,3,1,2,0,17,13,57,3,0,3
2007-s1-B-GG,2007-s1,B,G,P0822,1,2,1,1,0,9,11,45,3,0,3
2007-s1-B-GG,2007-s1,B,G,P0241,2,5,0,5,0,15,35,30,0,0,0
2007-s1-B-GG,2007-s1,B,G,P0831,3,3,3,0,0,19,11,63,9,0,9
2007-s1-B-GG,2007-s1,B,G,P0447,4,5,3,2,0,27,23,54,9,0,9
2007-s1-B-GG,2007-s1,B,G,P0327,5,6,4,2,0,33,27,55,12,1,13
2007-s1-B-GG,2007-s1,B,G,P0914,6,2,1,1,0,10,10,50,3,0,3
2007-s1-B-GH,2007-s1,B,H,P0741,0,6,1,1,4,30,30,50,7,1,8
2007-s1-B-GH,2007-s1,B,H,P0771,1,6,3,2,1,31,29,52,10,1,11
2007-s1-B-GH,2007-s1,B,H,P0452,2,6,3,1,2,35,25,58,11,1,12
2007-s1-B-GH,2007-s1,B,H,P0932,3,5,2,1,2,25,25,50,8,1,9
2007-s1-B-GH,2007-s1,B,H,P0051,4,6,2,3,1,32,28,53,7,1,8
2007-s1-B-GH,2007-s1,B,H,P0544,5,6,4,1,1,36,24,60,13,1,14
2007-s1-B-GH,2007-s1,B,H,P0772,6,6,0,5,1,19,41,32,1,1,2
2007-s1-B-GI,2007-s1,B,I,P0667,0,6,1,5,0,18,42,30,3,1,4
2007-s1-B-GI,2007-s1,B,I,P0431,1,6,4,2,0,35,25,58,12,1,13
2007-s1-B-GI,2007-s1,B,I,P0763,2,6,4,2,0,33,27,55,12,1,13
2007-s1-B-GI,2007-s1,B,I,P0406,3,6,1,5,0,21,39,35,3,1,4
2007-s1-B-GI,2007-s1,B,I,P0862,4,6,4,2,0,37,23,62,12,1,13
2007-s1-B-GI,2007-s1,B,I,P0514,5,6,5,1,0,40,20,67,15,1,16
2007-s1-B-GI,2007-s1,B,I,P0742,6,6,2,4,0,26,34,43,6,1,7
2007-s2-A-GA,2007-s2,A,A,P0920,0,5,4,1,0,30,20,60,12,1,13
2007-s2-A-GA,2007-s2,A,A,P0843,1,6,2,3,1,30,30,50,7,1,8
2007-s2-A-GA,2007-s2,A,A,P0223,2,6,2,4,0,27,33,45,6,1,7
2007-s2-A-GA,2007-s2,A,A,P0363,3,6,3,2,1,32,28,53,10,1,11
2007-s2-A-GA,2007-s2,A,A,P0140,4,6,3,2,1,33,27,55,10,1,11
2007-s2-A-GA,2007-s2,A,A,P0905,5,6,2,2,2,25,35,42,8,1,9
2007-s2-A-GA,2007-s2,A,A,P0491,6,6,2,3,1,29,31,48,7,1,8
2007-s2-A-GB,2007-s2,A,B,P0385,0,6,4,1,1,38,22,63,13,1,14
2007-s2-A-GB,2007-s2,A,B,P0362,1,2,0,2,0,7,13,35,0,0,0
2007-s2-A-GB,2007-s2,A,B,P0029,2,6,4,2,0,38,22,63,12,1,13
2007-s2-A-GB,2007-s2,A,B,P0617,3,3,0,2,1,11,19,37,1,0,1
2007-s2-A-GB,2007-s2,A,B,P0068,4,1,1,0,0,6,4,60,3,0,3
2007-s2-A-GB,2007-s2,A,B,P0196,5,5,4,1,0,37,13,74,12,1,13
2007-s2-A-GB,2007-s2,A,B,P0242,6,6,4,2,0,39,21,65,12,1,13
2007-s2-A-GC,2007-s2,A,C,P0609,0,6,0,5,1,20,40,33,1,1,2
2007-s2-A-GC,2007-s2,A,C,P0655,1,6,2,2,2,29,31,48,8,1,9
2007-s2-A-GC,2007-s2,A,C,P0812,2,6,3,1,2,32,28,53,11,1,12
2007-s2-A-GC,2007-s2,A,C,P0258,3,6,4,0,2,44,16,73,14,1,15
2007-s2-A-GC,2007-s2,A,C,P0024,4,6,1,2,3,27,33,45,6,1,7
2007-s2-A-GC,2007-s2,A,C,P0378,5,6,1,1,4,30,30,50,7,1,8
2007-s2-A-GC,2007-s2,A,C,P0659,6,6,3,3,0,28,32,47,9,1,10
2007-s2-A-GD,2007-s2,A,D,P0321,0,6,4,1,1,38,22,63,13,1,14
2007-s2-A-GD,2007-s2,A,D,P0335,1,5,0,3,2,18,32,36,2,0,2
2007-s2-A-GD,2007-s2,A,D,P0541,2,6,1,3,2,27,33,45,5,1,6
2007-s2-A-GD,2007-s2,A,D,P0131,3,4,0,2,2,16,24,40,2,0,2
2007-s2-A-GD,2007-s2,A,D,P0300,4,6,1,2,3,30,30,50,6,1,7
2007-s2-A-GD,2007-s2,A,D,P0897,5,6,4,1,1,34,26,57,13,1,14
2007-s2-A-GD,2007-s2,A,D,P0205,6,6,4,1,1,34,26,57,13,1,14
2007-s2-A-GE,2007-s2,A,E,P0493,0,6,5,0,1,37,23,62,16,1,17
2007-s2-A-GE,2007-s2,A,E,P0270,1,6,5,1,0,41,19,68,15,1,16
2007-s2-A-GE,2007-s2,A,E,P0485,2,6,2,4,0,26,34,43,6,1,7
2007-s2-A-GE,2007-s2,A,E,P0333,3,6,3,3,0,33,27,55,9,1,10
2007-s2-A-GE,2007-s2,A,E,P0224,4,6,4,1,1,36,24,60,13,1,14
2007-s2-A-GE,2007-s2,A,E,P0616,5,6,1,5,0,23,37,38,3,1,4
2007-s2-A-GE,2007-s2,A,E,P0427,6,4,0,4,0,14,26,35,0,0,0
2007-s2-A-GF,2007-s2,A,F,P0430,0,6,4,2,0,32,28,53,12,1,13
2007-s2-A-GF,2007-s2,A,F,P0819,1,6,2,4,0,28,32,47,6,1,7
2007-s2-A-GF,2007-s2,A,F,P0240,2,6,3,3,0,32,28,53,9,1,10
2007-s2-A-GF,2007-s2,A,F,P0186,3,6,3,3,0,24,36,40,9,1,10
2007-s2-A-GF,2007-s2,A,F,P0344,4,6,2,4,0,26,34,43,6,0,6
2007-s2-A-GF,2007-s2,A,F,P0902,5,6,3,2,1,34,26,57,10,1,11
2007-s2-A-GF,2007-s2,A,F,P0247,6,6,3,2,1,34,26,57,10,1,11
2007-s2-A-GG,2007-s2,A,G,P0917,0,5,0,4,1,14,36,28,1,0,1
2007-s2-A-GG,2007-s2,A,G,P0165,1,5,1,3,1,22,28,44,4,0,4
2007-s2-A-GG,2007-s2,A,G,P0512,2,6,6,0,0,42,18,70,18,1,19
2007-s2-A-GG,2007-s2,A,G,P0172,3,6,4,2,0,34,26,57,12,1,13
2007-s2-A-GG,2007-s2,A,G,P0856,4,3,0,2,1,9,21,30,1,0,1
2007-s2-A-GG,2007-s2,A,G,P0411,5,5,3,1,1,33,17,66,10,1,11
2007-s2-A-GG,2007-s2,A,G,P0877,6,3,1,2,0,14,16,47,3,0,3
2007-s2-A-GH,2007-s2,A,H,P0440,0,6,2,4,0,16,44,27,6,1,7
2007-s2-A-GH,2007-s2,A,H,P0717,1,6,1,5,0,20,40,33,3,1,3
2007-s2-A-GH,2007-s2,A,H,P0931,2,6,2,4,0,28,32,47,6,1,7
2007-s2-A-GH,2007-s2,A,H,P0777,3,6,3,3,0,34,26,57,9,1,10
2007-s2-A-GH,2007-s2,A,H,P0874,4,6,6,0,0,45,15,75,18,1,19
2007-s2-A-GH,2007-s2,A,H,P0239,5,6,4,2,0,37,23,62,12,1,13
2007-s2-A-GH,2007-s2,A,H,P0250,6,6,3,3,0,30,30,50,9,1,10
2007-s2-A-GI,2007-s2,A,I,P0094,0,6,3,2,1,30,30,50,10,1,11
2007-s2-A-GI,2007-s2,A,I,P0769,1,6,4,1,1,35,25,58,13,1,14
2007-s2-A-GI,2007-s2,A,I,P0725,2,6,1,5,0,24,36,40,3,1,4
2007-s2-A-GI,2007-s2,A,I,P0607,3,6,5,1,0,40,20,67,15,1,16
2007-s2-A-GI,2007-s2,A,I,P0806,4,6,0,6,0,18,42,30,0,1,1
2007-s2-A-GI,2007-s2,A,I,P0863,5,6,4,2,0,34,26,57,12,1,13
2007-s2-A-GI,2007-s2,A,I,P0839,6,6,3,3,0,30,30,50,9,1,10
2007-s2-B-GA,2007-s2,B,A,P0327,0,5,4,0,1,36,14,72,13,0,13
2007-s2-B-GA,2007-s2,B,A,P0798,1,6,4,1,1,34,26,57,13,1,14
2007-s2-B-GA,2007-s2,B,A,P0441,2,6,4,2,0,33,27,55,12,1,13
2007-s2-B-GA,2007-s2,B,A,P0699,3,6,2,4,0,24,36,40,6,1,7
2007-s2-B-GA,2007-s2,B,A,P0688,4,6,3,3,0,36,24,60,9,1,10
2007-s2-B-GA,2007-s2,B,A,P0743,5,5,0,5,0,12,38,24,0,0,0
2007-s2-B-GA,2007-s2,B,A,P0822,6,4,1,3,0,15,25,38,3,0,3
2007-s2-B-GB,2007-s2,B,B,P0051,0,6,5,1,0,42,18,70,15,1,16
2007-s2-B-GB,2007-s2,B,B,P0766,1,6,1,5,0,12,48,20,3,1,4
2007-s2-B-GB,2007-s2,B,B,P0789,2,6,0,6,0,20,40,33,0,1,1
2007-s2-B-GB,2007-s2,B,B,P0404,3,6,3,3,0,33,27,55,9,1,10
2007-s2-B-GB,2007-s2,B,B,P0823,4,6,5,1,0,39,21,65,15,1,16
2007-s2-B-GB,2007-s2,B,B,P0241,5,6,4,2,0,32,28,53,12,1,13
2007-s2-B-GB,2007-s2,B,B,P0814,6,6,3,3,0,32,28,53,9,1,10
2007-s2-B-GC,2007-s2,B,C,P0359,0,6,3,2,1,36,24,60,10,1,11
2007-s2-B-GC,2007-s2,B,C,P0484,1,5,4,0,1,37,13,74,13,1,14
2007-s2-B-GC,2007-s2,B,C,P0217,2,6,3,1,2,33,27,55,11,1,12
2007-s2-B-GC,2007-s2,B,C,P0467,3,5,2,3,0,21,29,42,6,0,6
2007-s2-B-GC,2007-s2,B,C,P0913,4,6,2,2,2,33,27,55,8,1,9
2007-s2-B-GC,2007-s2,B,C,P0591,5,2,0,2,0,8,12,40,0,0,0
2007-s2-B-GC,2007-s2,B,C,P0700,6,5,2,1,2,30,20,60,8,0,8
2007-s2-B-GD,2007-s2,B,D,P0908,0,6,2,4,0,27,33,45,6,1,7
2007-s2-B-GD,2007-s2,B,D,P0668,1,6,0,6,0,15,45,25,0,1,1
2007-s2-B-GD,2007-s2,B,D,P0701,2,6,5,1,0,35,25,58,15,1,16
2007-s2-B-GD,2007-s2,B,D,P0680,3,6,4,2,0,30,30,50,12,1,13
2007-s2-B-GD,2007-s2,B,D,P0772,4,6,2,4,0,30,30,50,6,1,7
2007-s2-B-GD,2007-s2,B,D,P0842,5,6,4,2,0,39,21,65,12,1,13
2007-s2-B-GD,2007-s2,B,D,P0750,6,6,4,2,0,34,26,57,12,1,13
2007-s2-B-GE,2007-s2,B,E,P0648,0,6,0,6,0,12,48,20,0,1,1
2007-s2-B-GE,2007-s2,B,E,P0406,1,6,1,5,0,18,42,30,3,0,3
2007-s2-B-GE,2007-s2,B,E,P0558,2,6,5,1,0,41,19,68,15,1,16
2007-s2-B-GE,2007-s2,B,E,P0431,3,6,3,3,0,32,28,53,9,1,10
2007-s2-B-GE,2007-s2,B,E,P0447,4,6,4,2,0,40,20,60,12,1,13
2007-s2-B-GE,2007-s2,B,E,P0315,5,6,4,2,0,35,25,58,12,1,13
2007-s2-B-GE,2007-s2,B,E,P0864,6,6,4,2,0,32,28,53,12,1,13
2007-s2-B-GF,2007-s2,B,F,P0868,0,6,2,3,1,25,35,42,7,1,8
2007-s2-B-GF,2007-s2,B,F,P0805,1,6,2,4,0,26,34,43,6,1,7
2007-s2-B-GF,2007-s2,B,F,P0848,2,6,0,5,1,18,32,30,1,1,2
2007-s2-B-GF,2007-s2,B,F,P0824,3,6,3,2,1,31,29,52,10,1,11
2007-s2-B-GF,2007-s2,B,F,P0885,4,6,5,1,0,34,26,57,15,1,16
2007-s2-B-GF,2007-s2,B,F,P0453,5,6,5,0,1,43,17,72,16,1,17
2007-s2-B-GF,2007-s2,B,F,P0835,6,6,1,4,1,28,32,47,5,1,6
2007-s3-A-GA,2007-s3,A,A,P0140,0,6,6,0,0,43,17,72,18,1,19
2007-s3-A-GA,2007-s3,A,A,P0431,1,6,0,5,1,18,42,30,1,1,2
2007-s3-A-GA,2007-s3,A,A,P0729,2,6,0,5,1,17,43,28,1,1,2
2007-s3-A-GA,2007-s3,A,A,P0247,3,6,4,1,1,38,22,62,13,1,14
2007-s3-A-GA,2007-s3,A,A,P0333,4,6,4,1,1,43,17,72,13,1,14
2007-s3-A-GA,2007-s3,A,A,P0344,5,6,2,4,0,19,41,32,6,1,7
2007-s3-A-GA,2007-s3,A,A,P0812,6,6,3,3,0,32,28,53,9,1,10
2007-s3-A-GB,2007-s3,A,B,P0493,0,6,3,2,1,30,30,50,10,1,11
2007-s3-A-GB,2007-s3,A,B,P0655,1,6,2,3,1,28,32,47,7,1,8
2007-s3-A-GB,2007-s3,A,B,P0750,2,6,1,4,1,27,33,45,4,1,5
2007-s3-A-GB,2007-s3,A,B,P0662,3,6,1,3,2,27,33,45,5,1,6
2007-s3-A-GB,2007-s3,A,B,P0767,4,5,4,1,0,33,17,66,12,1,13
2007-s3-A-GB,2007-s3,A,B,P0131,5,6,1,2,3,31,29,52,6,1,7
2007-s3-A-GB,2007-s3,A,B,P0094,6,6,5,1,0,32,28,53,15,1,16
2007-s3-A-GC,2007-s3,A,C,P0844,0,5,1,3,1,15,35,30,4,0,4
2007-s3-A-GC,2007-s3,A,C,P0753,1,6,4,1,1,37,23,62,13,1,14
2007-s3-A-GC,2007-s3,A,C,P0073,2,6,3,2,1,34,26,57,10,1,11
2007-s3-A-GC,2007-s3,A,C,P0825,3,4,1,3,0,10,30,25,3,0,3
2007-s3-A-GC,2007-s3,A,C,P0702,4,6,5,1,0,49,11,82,15,1,16
2007-s3-A-GC,2007-s3,A,C,P0732,5,5,0,4,1,8,42,16,1,0,1
2007-s3-A-GC,2007-s3,A,C,P0819,6,6,3,3,0,37,23,62,9,1,10
2007-s3-A-GD,2007-s3,A,D,P0205,0,6,4,2,0,33,27,55,12,1,13
2007-s3-A-GD,2007-s3,A,D,P0877,1,6,1,4,1,26,34,43,4,1,5
2007-s3-A-GD,2007-s3,A,D,P0857,2,6,4,1,1,37,23,62,13,1,14
2007-s3-A-GD,2007-s3,A,D,P0541,3,5,3,2,0,30,30,50,9,1,10
2007-s3-A-GD,2007-s3,A,D,P0240,4,6,2,4,0,24,36,40,6,1,7
2007-s3-A-GD,2007-s3,A,D,P0404,5,6,3,3,0,26,34,43,9,1,10
2007-s3-A-GD,2007-s3,A,D,P0703,6,6,3,3,0,34,26,57,9,1,10
2007-s3-A-GE,2007-s3,A,E,P0826,0,6,2,2,2,32,28,53,8,1,9
2007-s3-A-GE,2007-s3,A,E,P0196,1,6,3,3,0,31,29,52,9,1,10
2007-s3-A-GE,2007-s3,A,E,P0165,2,6,3,3,0,25,35,42,9,1,10
2007-s3-A-GE,2007-s3,A,E,P0616,3,6,2,4,0,24,36,40,6,1,7
2007-s3-A-GE,2007-s3,A,E,P0032,4,6,5,1,0,38,22,63,15,1,16
2007-s3-A-GE,2007-s3,A,E,P0897,5,6,4,1,1,36,24,60,13,1,14
2007-s3-A-GE,2007-s3,A,E,P0718,6,6,0,5,1,24,36,40,1,1,2
2007-s3-A-GF,2007-s3,A,F,P0363,0,3,2,0,1,19,11,63,7,0,7
2007-s3-A-GF,2007-s3,A,F,P0778,1,3,1,2,0,14,16,47,3,0,3
2007-s3-A-GF,2007-s3,A,F,P0024,2,6,2,2,2,31,29,52,8,1,9
2007-s3-A-GF,2007-s3,A,F,P0484,3,6,4,2,0,36,24,60,12,1,13
2007-s3-A-GF,2007-s3,A,F,P0166,4,4,0,3,1,15,25,38,1,0,1
2007-s3-A-GF,2007-s3,A,F,P0321,5,6,6,0,0,44,16,73,18,1,19
2007-s3-A-GF,2007-s3,A,F,P0485,6,4,0,4,0,9,31,23,0,0,0
2007-s3-A-GG,2007-s3,A,G,P0607,0,6,3,1,2,36,24,60,11,1,12
2007-s3-A-GG,2007-s3,A,G,P0874,1,6,4,1,1,38,22,63,13,1,14
2007-s3-A-GG,2007-s3,A,G,P0704,2,6,0,6,0,14,46,23,0,1,1
2007-s3-A-GG,2007-s3,A,G,P0853,3,6,4,1,1,35,25,58,13,1,14
2007-s3-A-GG,2007-s3,A,G,P0694,4,6,2,4,0,26,34,43,6,1,7
2007-s3-A-GG,2007-s3,A,G,P0184,5,6,3,1,2,34,26,57,11,1,12
2007-s3-A-GG,2007-s3,A,G,P0934,6,6,2,4,0,27,33,45,6,1,7
2007-s3-A-GH,2007-s3,A,H,P0659,0,6,3,2,1,30,30,50,10,1,11
2007-s3-A-GH,2007-s3,A,H,P0921,1,6,5,1,0,45,15,75,15,1,16
2007-s3-A-GH,2007-s3,A,H,P0757,2,5,2,3,0,24,26,48,6,0,6
2007-s3-A-GH,2007-s3,A,H,P0172,3,4,2,2,0,21,19,53,6,0,6
2007-s3-A-GH,2007-s3,A,H,P0885,4,4,0,3,1,12,28,30,1,0,1
2007-s3-A-GH,2007-s3,A,H,P0754,5,6,2,3,1,26,34,43,7,1,8
2007-s3-A-GH,2007-s3,A,H,P0807,6,3,1,1,1,12,18,40,4,0,4
2007-s3-B-GA,2007-s3,B,A,P0917,0,5,1,4,0,24,26,48,3,0,3
2007-s3-B-GA,2007-s3,B,A,P0359,1,5,2,3,0,21,29,42,6,0,6
2007-s3-B-GA,2007-s3,B,A,P0315,2,6,5,0,1,38,22,63,16,1,17
2007-s3-B-GA,2007-s3,B,A,P0764,3,6,4,1,1,37,23,62,13,1,14
2007-s3-B-GA,2007-s3,B,A,P0499,4,4,1,3,0,15,25,38,3,0,3
2007-s3-B-GA,2007-s3,B,A,P0848,5,6,4,2,0,32,28,53,12,1,13
2007-s3-B-GA,2007-s3,B,A,P0836,6,6,0,4,2,23,37,38,2,1,3
2007-s3-B-GB,2007-s3,B,B,P0447,0,5,1,4,0,23,27,46,3,0,3
2007-s3-B-GB,2007-s3,B,B,P0441,1,6,1,4,1,25,35,42,4,1,5
2007-s3-B-GB,2007-s3,B,B,P0796,2,6,4,1,1,41,19,62,13,1,14
2007-s3-B-GB,2007-s3,B,B,P0223,3,6,4,1,1,41,19,68,13,1,14
2007-s3-B-GB,2007-s3,B,B,P0805,4,6,4,1,1,32,28,53,13,1,14
2007-s3-B-GB,2007-s3,B,B,P0889,5,4,0,2,2,11,29,28,2,0,2
2007-s3-B-GB,2007-s3,B,B,P0340,6,5,2,3,0,17,33,34,6,0,6
2007-s3-B-GC,2007-s3,B,C,P0803,0,6,4,2,0,39,21,65,12,1,13
2007-s3-B-GC,2007-s3,B,C,P0855,1,4,0,4,0,3,37,8,0,0,0
2007-s3-B-GC,2007-s3,B,C,P0882,2,4,0,4,0,14,26,35,0,0,0
2007-s3-B-GC,2007-s3,B,C,P0744,3,6,3,3,0,27,33,45,9,1,10
2007-s3-B-GC,2007-s3,B,C,P0051,4,6,5,0,1,45,15,75,16,1,17
2007-s3-B-GC,2007-s3,B,C,P0864,5,4,0,4,0,6,34,15,0,0,0
2007-s3-B-GC,2007-s3,B,C,P0680,6,6,5,0,1,46,14,77,16,1,17
2007-s3-B-GD,2007-s3,B,D,P0217,0,6,5,1,0,36,24,60,15,1,16
2007-s3-B-GD,2007-s3,B,D,P0761,1,6,4,2,0,33,27,55,12,1,13
2007-s3-B-GD,2007-s3,B,D,P0865,2,5,1,3,1,22,28,44,4,0,4
2007-s3-B-GD,2007-s3,B,D,P0814,3,5,0,4,1,17,33,34,1,0,1
2007-s3-B-GD,2007-s3,B,D,P0774,4,6,5,1,0,41,19,68,15,1,16
2007-s3-B-GD,2007-s3,B,D,P0577,5,4,0,4,0,10,30,25,0,0,0
2007-s3-B-GD,2007-s3,B,D,P0664,6,6,3,3,0,31,29,52,9,1,10
2007-s3-B-GE,2007-s3,B,E,P0842,0,6,3,2,1,35,25,58,10,1,11
2007-s3-B-GE,2007-s3,B,E,P0895,1,5,1,3,1,21,29,42,4,0,4
2007-s3-B-GE,2007-s3,B,E,P0712,2,6,5,0,1,40,20,67,16,1,17
2007-s3-B-GE,2007-s3,B,E,P0801,3,5,0,5,0,12,38,24,0,0,0
2007-s3-B-GE,2007-s3,B,E,P0908,4,4,0,4,0,4,36,10,0,0,0
2007-s3-B-GE,2007-s3,B,E,P0558,5,6,4,2,0,38,22,63,12,1,13
2007-s3-B-GE,2007-s3,B,E,P0633,6,6,3,0,3,40,20,66,12,1,13
2007-s3-B-GF,2007-s3,B,F,P0669,0,6,3,3,0,27,33,45,9,1,10
2007-s3-B-GF,2007-s3,B,F,P0789,1,4,0,3,1,17,23,43,1,0,1
2007-s3-B-GF,2007-s3,B,F,P0737,2,6,5,1,0,33,27,55,15,1,16
2007-s3-B-GF,2007-s3,B,F,P0822,3,5,0,4,1,5,45,10,1,1,2
2007-s3-B-GF,2007-s3,B,F,P0772,4,6,3,1,2,40,20,67,11,1,12
2007-s3-B-GF,2007-s3,B,F,P0685,5,4,1,2,1,16,24,40,4,1,5
2007-s3-B-GF,2007-s3,B,F,P0791,6,6,4,1,1,43,17,77,13,1,14
2007-s4-A-GA,2007-s4,A,A,P0658,0,6,4,2,0,40,20,67,12,1,13
2007-s4-A-GA,2007-s4,A,A,P0724,1,6,4,2,0,41,19,68,12,1,13
2007-s4-A-GA,2007-s4,A,A,P0845,2,6,3,2,1,38,22,63,10,1,11
2007-s4-A-GA,2007-s4,A,A,P0879,3,0,0,0,0,0,0,,,,
2007-s4-A-GA,2007-s4,A,A,P0532,4,6,1,4,1,18,42,36,4,0,4
2007-s4-A-GA,2007-s4,A,A,P0713,5,5,1,4,0,10,40,20,3,0,3
2007-s4-A-GA,2007-s4,A,A,P0940,6,6,5,1,0,40,20,67,15,1,16
2007-s4-A-GB,2007-s4,A,B,P0029,0,5,2,2,1,24,26,48,7,0,7
2007-s4-A-GB,2007-s4,A,B,P0655,1,6,3,3,0,31,29,52,9,1,10
2007-s4-A-GB,2007-s4,A,B,P0737,2,5,1,4,0,20,30,40,3,0,3
2007-s4-A-GB,2007-s4,A,B,P0714,3,6,4,2,0,36,24,60,12,1,13
2007-s4-A-GB,2007-s4,A,B,P0897,4,6,4,0,2,34,26,57,14,1,15
2007-s4-A-GB,2007-s4,A,B,P0679,5,6,1,5,0,24,36,40,3,1,4
2007-s4-A-GB,2007-s4,A,B,P0609,6,6,3,2,1,31,29,52,10,1,11
2007-s4-A-GC,2007-s4,A,C,P0846,0,5,1,4,0,16,34,32,3,0,3
2007-s4-A-GC,2007-s4,A,C,P0333,1,5,2,3,0,24,26,48,6,0,6
2007-s4-A-GC,2007-s4,A,C,P0690,2,6,4,1,1,30,30,50,13,1,14
2007-s4-A-GC,2007-s4,A,C,P0718,3,6,1,5,0,25,35,42,3,1,4
2007-s4-A-GC,2007-s4,A,C,P0131,4,6,5,1,0,42,18,70,15,1,16
2007-s4-A-GC,2007-s4,A,C,P0933,5,6,3,3,0,31,29,52,9,1,10
2007-s4-A-GC,2007-s4,A,C,P0617,6,5,3,1,1,32,28,53,10,1,11
2007-s4-A-GD,2007-s4,A,D,P0024,0,6,2,2,2,29,31,48,8,1,9
2007-s4-A-GD,2007-s4,A,D,P0363,1,6,4,2,0,43,17,72,12,1,13
2007-s4-A-GD,2007-s4,A,D,P0753,2,6,3,2,1,36,24,60,10,1,11
2007-s4-A-GD,2007-s4,A,D,P0702,3,6,3,0,3,35,25,58,12,1,13
2007-s4-A-GD,2007-s4,A,D,P0851,4,5,,3,2,16,34,32,2,0,2
2007-s4-A-GD,2007-s4,A,D,P0739,5,6,2,1,3,35,25,58,9,1,10
2007-s4-A-GD,2007-s4,A,D,P0921,6,0,0,0,0,0,0,,,,
2007-s4-A-GE,2007-s4,A,E,P0732,0,6,2,4,0,27,33,45,6,1,7
2007-s4-A-GE,2007-s4,A,E,P0297,1,6,5,1,0,44,16,73,15,1,16
2007-s4-A-GE,2007-s4,A,E,P0827,2,6,1,5,0,16,44,27,3,0,3
2007-s4-A-GE,2007-s4,A,E,P0440,3,6,3,2,1,37,23,62,10,1,11
2007-s4-A-GE,2007-s4,A,E,P0694,4,6,0,6,0,18,42,30,0,1,1
2007-s4-A-GE,2007-s4,A,E,P0073,5,6,4,2,0,32,28,53,12,1,13
2007-s4-A-GE,2007-s4,A,E,P0584,6,6,5,0,1,36,24,60,16,1,17
2007-s4-A-GF,2007-s4,A,F,P0774,0,6,1,5,0,20,40,33,3,1,4
2007-s4-A-GF,2007-s4,A,F,P0223,1,6,5,1,0,40,20,67,15,1,16
2007-s4-A-GF,2007-s4,A,F,P0853,2,6,4,2,0,35,25,58,12,1,13
2007-s4-A-GF,2007-s4,A,F,P0493,3,6,6,0,0,42,18,70,18,1,19
2007-s4-A-GF,2007-s4,A,F,P0383,4,6,3,3,0,31,29,52,9,1,10
2007-s4-A-GF,2007-s4,A,F,P0166,5,0,0,0,0,,,,0,0,0
2007-s4-A-GF,2007-s4,A,F,P0880,6,6,2,4,0,29,31,48,6,1,7
2007-s4-A-GG,2007-s4,A,G,P0205,0,5,4,1,0,29,21,58,12,0,12
2007-s4-A-GG,2007-s4,A,G,P0749,1,4,1,3,0,15,25,38,3,0,3
2007-s4-A-GG,2007-s4,A,G,P0877,2,3,0,3,0,9,21,30,0,0,0
2007-s4-A-GG,2007-s4,A,G,P0847,3,6,5,1,0,40,20,67,15,1,16
2007-s4-A-GG,2007-s4,A,G,P0172,4,4,4,0,0,35,5,88,12,1,13
2007-s4-A-GG,2007-s4,A,G,P0321,5,0,0,0,0,0,0,,,,
2007-s4-A-GG,2007-s4,A,G,P0662,6,0,0,0,0,0,0,,,,
2007-s4-A-GH,2007-s4,A,H,P0165,0,6,2,3,1,37,23,62,7,1,8
2007-s4-A-GH,2007-s4,A,H,P0697,1,5,4,1,0,29,21,58,12,0,12
2007-s4-A-GH,2007-s4,A,H,P0270,2,0,0,0,0,0,0,,,,
2007-s4-A-GH,2007-s4,A,H,P0076,3,5,2,1,2,31,19,62,8,0,8
2007-s4-A-GH,2007-s4,A,H,P0828,4,0,0,0,0,0,0,,,,
2007-s4-A-GH,2007-s4,A,H,P0491,5,6,2,3,1,27,33,45,7,1,8
2007-s4-A-GH,2007-s4,A,H,P0404,6,6,3,3,0,31,29,52,9,1,10
2007-s4-B-GA,2007-s4,B,A,P0727,0,6,3,2,1,35,25,50,10,1,11
2007-s4-B-GA,2007-s4,B,A,P0764,1,3,1,1,1,15,15,50,4,0,4
2007-s4-B-GA,2007-s4,B,A,P0792,2,6,2,3,1,32,28,53,7,1,8
2007-s4-B-GA,2007-s4,B,A,P0664,3,0,0,0,0,0,0,,,,
2007-s4-B-GA,2007-s4,B,A,P0866,4,3,1,2,0,13,17,43,3,0,3
2007-s4-B-GA,2007-s4,B,A,P0266,5,3,0,1,2,13,17,43,2,0,2
2007-s4-B-GA,2007-s4,B,A,P0558,6,6,5,0,1,38,22,63,15,1,16
2007-s4-B-GB,2007-s4,B,B,P0919,0,5,0,5,0,14,36,28,0,0,0
2007-s4-B-GB,2007-s4,B,B,P0315,1,6,6,0,0,39,21,65,18,1,19
2007-s4-B-GB,2007-s4,B,B,P0687,2,5,4,1,0,31,19,62,12,0,12
2007-s4-B-GB,2007-s4,B,B,P0852,3,4,1,3,0,11,29,28,3,0,3
2007-s4-B-GB,2007-s4,B,B,P0848,4,4,2,2,0,22,18,55,6,0,6
2007-s4-B-GB,2007-s4,B,B,P0051,5,3,2,1,0,21,9,70,6,0,6
2007-s4-B-GB,2007-s4,B,B,P0916,6,5,1,4,0,22,28,44,3,0,3
2007-s4-B-GC,2007-s4,B,C,P0881,0,6,5,1,0,39,21,65,15,1,16
2007-s4-B-GC,2007-s4,B,C,P0738,1,6,2,3,1,31,29,52,7,1,8
2007-s4-B-GC,2007-s4,B,C,P0794,2,6,3,2,1,33,27,55,10,1,11
2007-s4-B-GC,2007-s4,B,C,P0447,3,6,2,3,1,31,29,52,7,1,8
2007-s4-B-GC,2007-s4,B,C,P0929,4,6,3,3,0,33,27,55,9,1,10
2007-s4-B-GC,2007-s4,B,C,P0886,5,6,4,2,0,34,26,57,12,1,13
2007-s4-B-GC,2007-s4,B,C,P0633,6,0,0,0,0,0,0,,,,
2007-s4-B-GD,2007-s4,B,D,P0729,0,6,4,1,1,39,21,65,13,1,14
2007-s4-B-GD,2007-s4,B,D,P0217,1,6,5,0,1,40,20,67,16,1,17
2007-s4-B-GD,2007-s4,B,D,P0359,2,6,3,1,2,37,23,62,11,1,12
2007-s4-B-GD,2007-s4,B,D,P0431,3,6,0,5,1,18,42,30,1,1,2
2007-s4-B-GD,2007-s4,B,D,P0899,4,4,1,2,1,15,25,38,4,0,4
2007-s4-B-GD,2007-s4,B,D,P0909,5,6,3,2,1,32,28,53,10,1,11
2007-s4-B-GD,2007-s4,B,D,P0686,6,6,1,4,1,29,31,48,4,1,5
2007-s4-B-GE,2007-s4,B,E,P0745,0,6,1,5,0,18,42,28,3,1,4
2007-s4-B-GE,2007-s4,B,E,P0771,1,6,2,4,0,28,32,47,6,1,7
2007-s4-B-GE,2007-s4,B,E,P0344,2,6,4,2,0,39,21,65,12,1,13
2007-s4-B-GE,2007-s4,B,E,P0765,3,6,6,0,0,38,22,63,18,1,19
2007-s4-B-GE,2007-s4,B,E,P0684,4,6,5,1,0,38,22,63,15,1,16
2007-s4-B-GE,2007-s4,B,E,P0669,5,6,1,5,0,22,38,37,3,1,4
2007-s4-B-GE,2007-s4,B,E,P0820,6,6,3,3,0,31,29,52,9,1,10
2007-s4-B-GF,2007-s4,B,F,P0728,0,5,3,0,2,36,14,72,11,0,11
2007-s4-B-GF,2007-s4,B,F,P0761,1,6,2,4,0,24,36,40,6,1,7
2007-s4-B-GF,2007-s4,B,F,P0775,2,6,3,3,0,27,33,45,9,1,10
2007-s4-B-GF,2007-s4,B,F,P0854,3,6,0,6,0,8,52,13,0,1,1
2007-s4-B-GF,2007-s4,B,F,P0782,4,6,2,2,2,32,28,53,8,1,9
2007-s4-B-GF,2007-s4,B,F,P0796,5,5,3,0,2,37,13,74,11,0,11
2007-s4-B-GF,2007-s4,B,F,P0785,6,6,3,1,2,36,24,60,11,1,12
2007-s4-B-GG,2007-s4,B,G,P0340,0,5,1,3,1,18,32,36,4,0,4
2007-s4-B-GG,2007-s4,B,G,P0903,1,5,2,3,0,21,29,42,6,0,6
2007-s4-B-GG,2007-s4,B,G,P0485,2,6,4,2,0,36,24,60,12,1,13
2007-s4-B-GG,2007-s4,B,G,P0875,3,6,3,3,0,27,33,45,9,1,10
2007-s4-B-GG,2007-s4,B,G,P0772,4,6,3,3,0,31,29,52,9,1,10
2007-s4-B-GG,2007-s4,B,G,P0928,5,6,3,2,1,34,26,57,10,1,11
2007-s4-B-GG,2007-s4,B,G,P0895,6,6,3,3,0,33,27,55,9,1,10
2007-s5-A-GA,2007-s5,A,A,P0531,0,6,3,1,2,35,25,58,11,1,12
2007-s5-A-GA,2007-s5,A,A,P0728,1,6,2,2,2,32,28,53,8,1,9
2007-s5-A-GA,2007-s5,A,A,P0422,2,5,3,2,0,22,28,44,9,0,9
2007-s5-A-GA,2007-s5,A,A,P0719,3,6,3,3,0,33,27,55,9,1,10
2007-s5-A-GA,2007-s5,A,A,P0895,4,6,1,5,0,20,40,33,3,1,4
2007-s5-A-GA,2007-s5,A,A,P0847,5,5,3,0,2,31,19,62,11,0,11
2007-s5-A-GA,2007-s5,A,A,P0940,6,6,1,3,2,27,33,45,5,1,6
2007-s5-A-GB,2007-s5,A,B,P0724,0,5,4,0,1,37,13,74,13,0,13
2007-s5-A-GB,2007-s5,A,B,P0404,1,5,2,3,0,20,30,40,6,0,6
2007-s5-A-GB,2007-s5,A,B,P0711,2,5,3,2,0,24,26,48,9,0,9
2007-s5-A-GB,2007-s5,A,B,P0672,3,6,4,1,1,36,24,60,13,1,14
2007-s5-A-GB,2007-s5,A,B,P0897,4,6,3,3,0,35,25,58,9,1,10
2007-s5-A-GB,2007-s5,A,B,P0912,5,6,1,5,0,15,45,25,3,1,4
2007-s5-A-GB,2007-s5,A,B,P0616,6,5,1,4,0,23,27,46,3,0,3
2007-s5-A-GC,2007-s5,A,C,P0363,0,6,4,2,0,32,28,53,12,1,13
2007-s5-A-GC,2007-s5,A,C,P0715,1,6,3,3,0,30,30,50,9,1,10
2007-s5-A-GC,2007-s5,A,C,P0024,2,6,2,4,0,25,35,42,6,1,7
2007-s5-A-GC,2007-s5,A,C,P0787,3,5,2,3,0,26,24,52,6,0,6
2007-s5-A-GC,2007-s5,A,C,P0073,4,6,5,1,0,38,22,63,15,1,16
2007-s5-A-GC,2007-s5,A,C,P0655,5,6,3,3,0,30,30,50,9,1,10
2007-s5-A-GC,2007-s5,A,C,P0491,6,5,1,4,0,19,31,38,3,0,3
2007-s5-A-GD,2007-s5,A,D,P0759,0,6,3,3,0,29,31,48,9,1,10
2007-s5-A-GD,2007-s5,A,D,P0140,1,6,4,2,0,39,21,65,12,1,13
2007-s5-A-GD,2007-s5,A,D,P0297,2,6,6,0,0,49,11,82,18,1,19
2007-s5-A-GD,2007-s5,A,D,P0019,3,6,1,4,1,27,33,45,4,1,5
2007-s5-A-GD,2007-s5,A,D,P0923,4,6,2,3,1,31,29,52,7,1,8
2007-s5-A-GD,2007-s5,A,D,P0223,5,6,4,2,0,35,25,58,12,1,13
2007-s5-A-GD,2007-s5,A,D,P0910,6,0,0,0,0,0,0,0,0,0,0
2007-s5-A-GE,2007-s5,A,E,P0820,0,6,4,2,0,33,27,55,12,1,13
2007-s5-A-GE,2007-s5,A,E,P0501,1,5,3,1,1,28,22,56,10,0,10
2007-s5-A-GE,2007-s5,A,E,P0584,2,4,0,4,0,9,31,23,0,0,0
2007-s5-A-GE,2007-s5,A,E,P0558,3,4,1,2,1,16,24,40,4,0,4
2007-s5-A-GE,2007-s5,A,E,P0689,4,5,4,1,0,37,13,74,12,0,12
2007-s5-A-GE,2007-s5,A,E,P0678,5,6,4,2,0,31,29,52,12,1,13
2007-s5-A-GE,2007-s5,A,E,P0493,6,4,0,4,0,16,24,40,0,0,0
2007-s5-A-GF,2007-s5,A,F,P0484,0,3,0,3,0,3,27,10,0,0,0
2007-s5-A-GF,2007-s5,A,F,P0732,1,3,1,2,0,14,16,47,3,0,3
2007-s5-A-GF,2007-s5,A,F,P0702,2,6,5,0,1,45,15,75,16,1,17
2007-s5-A-GF,2007-s5,A,F,P0440,3,3,2,0,1,19,11,63,7,0,7
2007-s5-A-GF,2007-s5,A,F,P0933,4,3,0,3,0,7,23,23,0,0,0
2007-s5-A-GF,2007-s5,A,F,P0205,5,4,3,1,0,25,15,63,9,0,9
2007-s5-A-GF,2007-s5,A,F,P0705,6,4,1,3,0,17,23,43,3,0,3
2007-s5-A-GG,2007-s5,A,G,P0658,0,6,3,3,0,33,27,55,9,1,10
2007-s5-A-GG,2007-s5,A,G,P0691,1,5,2,2,1,23,27,46,7,0,7
2007-s5-A-GG,2007-s5,A,G,P0609,2,4,1,3,0,16,24,40,3,0,3
2007-s5-A-GG,2007-s5,A,G,P0029,3,5,4,1,0,31,19,62,12,0,12
2007-s5-A-GG,2007-s5,A,G,P0617,4,5,2,2,1,30,20,60,7,0,7
2007-s5-A-GG,2007-s5,A,G,P0679,5,6,1,5,0,22,38,37,3,1,4
2007-s5-A-GG,2007-s5,A,G,P0172,6,5,4,1,0,25,25,50,12,0,12
2007-s5-B-GA,2007-s5,B,A,P0892,0,4,1,2,1,14,26,35,4,0,4
2007-s5-B-GA,2007-s5,B,A,P0730,1,6,5,1,0,37,23,62,15,1,16
2007-s5-B-GA,2007-s5,B,A,P0918,2,6,5,0,1,38,22,63,16,1,17
2007-s5-B-GA,2007-s5,B,A,P0499,3,4,1,3,0,16,24,40,3,0,3
2007-s5-B-GA,2007-s5,B,A,P0790,4,4,0,4,0,14,26,35,0,0,0
2007-s5-B-GA,2007-s5,B,A,P0810,5,4,0,4,0,12,28,30,0,0,0
2007-s5-B-GA,2007-s5,B,A,P0829,6,6,4,2,0,39,21,65,12,1,13
2007-s5-B-GB,2007-s5,B,B,P0794,0,3,2,1,0,21,9,70,6,0,6
2007-s5-B-GB,2007-s5,B,B,P0772,1,4,3,1,0,22,18,55,9,0,9
2007-s5-B-GB,2007-s5,B,B,P0869,2,3,0,3,0,10,20,33,0,0,0
2007-s5-B-GB,2007-s5,B,B,P0799,3,1,0,0,1,5,5,50,1,0,1
2007-s5-B-GB,2007-s5,B,B,P0748,4,5,4,0,1,35,15,70,13,0,13
2007-s5-B-GB,2007-s5,B,B,P0801,5,3,0,3,0,4,26,13,0,0,0
2007-s5-B-GB,2007-s5,B,B,P0904,6,1,0,1,0,3,7,30,0,0,0
2007-s5-B-GC,2007-s5,B,C,P0681,0,4,1,3,0,14,26,35,3,0,3
2007-s5-B-GC,2007-s5,B,C,P0880,1,6,4,0,2,43,17,72,14,1,15
2007-s5-B-GC,2007-s5,B,C,P0657,2,5,3,1,1,28,22,56,10,0,10
2007-s5-B-GC,2007-s5,B,C,P0861,3,6,1,3,2,24,36,40,5,1,6
2007-s5-B-GC,2007-s5,B,C,P0837,4,5,3,2,0,23,27,46,9,0,9
2007-s5-B-GC,2007-s5,B,C,P0779,5,5,0,4,1,16,34,32,1,0,1
2007-s5-B-GC,2007-s5,B,C,P0881,6,5,3,2,0,32,18,64,9,0,9
2007-s5-B-GD,2007-s5,B,D,P0797,0,4,3,0,1,27,13,68,10,0,10
2007-s5-B-GD,2007-s5,B,D,P0092,1,4,0,3,1,13,27,33,1,0,1
2007-s5-B-GD,2007-s5,B,D,P0841,2,4,3,0,1,25,15,63,10,0,10
2007-s5-B-GD,2007-s5,B,D,P0793,3,6,0,4,2,23,37,38,2,1,3
2007-s5-B-GD,2007-s5,B,D,P0706,4,4,2,2,0,22,18,55,6,0,6
2007-s5-B-GD,2007-s5,B,D,P0781,5,6,4,0,2,42,18,70,14,1,15
2007-s5-B-GD,2007-s5,B,D,P0783,6,6,1,4,1,18,42,30,4,1,5
2007-s5-B-GE,2007-s5,B,E,P0762,0,4,2,2,0,20,20,50,6,0,6
2007-s5-B-GE,2007-s5,B,E,P0888,1,5,2,3,0,18,32,36,6,0,6
2007-s5-B-GE,2007-s5,B,E,P0735,2,6,5,0,1,41,19,68,16,1,17
2007-s5-B-GE,2007-s5,B,E,P0720,3,5,3,2,0,24,26,48,9,0,9
2007-s5-B-GE,2007-s5,B,E,P0906,4,3,0,1,2,13,17,43,2,0,2
2007-s5-B-GE,2007-s5,B,E,P0764,5,6,3,3,0,35,25,58,9,1,10
2007-s5-B-GE,2007-s5,B,E,P0804,6,6,1,4,1,25,35,42,4,1,5
2007-s5-B-GF,2007-s5,B,F,P0922,0,6,4,1,1,39,21,65,13,1,14
2007-s5-B-GF,2007-s5,B,F,P0686,1,6,1,5,0,27,33,45,3,1,4
2007-s5-B-GF,2007-s5,B,F,P0746,2,6,2,4,0,26,34,43,6,1,7
2007-s5-B-GF,2007-s5,B,F,P0486,3,6,0,6,0,10,50,17,0,1,1
2007-s5-B-GF,2007-s5,B,F,P0315,4,6,4,0,2,42,18,70,14,1,15
2007-s5-B-GF,2007-s5,B,F,P0928,5,6,3,3,0,27,33,45,9,1,10
2007-s5-B-GF,2007-s5,B,F,P0815,6,6,5,0,1,39,21,65,16,1,17
2007-s5-B-GG,2007-s5,B,G,P0758,0,6,3,1,2,32,28,53,11,1,12
2007-s5-B-GG,2007-s5,B,G,P0849,1,6,3,2,1,33,27,55,10,1,11
2007-s5-B-GG,2007-s5,B,G,P0761,2,6,3,1,2,34,26,57,11,1,12
2007-s5-B-GG,2007-s5,B,G,P0727,3,6,4,1,1,34,26,57,13,1,14
2007-s5-B-GG,2007-s5,B,G,P0431,4,6,2,4,0,25,35,42,6,1,7
2007-s5-B-GG,2007-s5,B,G,P0670,5,6,0,6,0,17,43,38,0,1,1
2007-s5-B-GG,2007-s5,B,G,P0909,6,6,3,3,0,35,25,58,9,1,10
2007-s5-B-GH,2007-s5,B,H,P0893,0,5,2,3,0,26,24,52,6,0,6
2007-s5-B-GH,2007-s5,B,H,P0327,1,6,4,2,0,35,25,58,12,1,13
2007-s5-B-GH,2007-s5,B,H,P0674,2,6,4,2,0,37,23,62,12,1,13
2007-s5-B-GH,2007-s5,B,H,P0755,3,6,4,2,0,33,27,55,12,1,13
2007-s5-B-GH,2007-s5,B,H,P0883,4,4,1,3,0,8,32,20,3,0,3
2007-s5-B-GH,2007-s5,B,H,P0733,5,6,4,2,0,35,25,58,12,1,13
2007-s5-B-GH,2007-s5,B,H,P0867,6,5,0,5,0,16,34,32,0,0,0
2007-s6-A-GA,2007-s6,A,A,P0584,0,2,1,1,0,8,12,40,3,0,3
2007-s6-A-GA,2007-s6,A,A,P0440,1,2,1,1,0,9,11,45,3,0,3
2007-s6-A-GA,2007-s6,A,A,P0865,2,5,0,5,0,15,35,30,0,0,0
2007-s6-A-GA,2007-s6,A,A,P0721,3,6,5,1,0,44,16,73,15,1,16
2007-s6-A-GA,2007-s6,A,A,P0140,4,6,4,1,1,40,20,67,13,1,14
2007-s6-A-GA,2007-s6,A,A,P0678,5,6,3,2,1,34,26,57,10,1,11
2007-s6-A-GA,2007-s6,A,A,P0616,6,6,4,2,0,41,19,53,12,1,13
2007-s6-A-GB,2007-s6,A,B,P0724,0,6,4,2,0,34,26,57,12,1,13
2007-s6-A-GB,2007-s6,A,B,P0404,1,6,2,4,0,26,34,43,6,1,7
2007-s6-A-GB,2007-s6,A,B,P0858,2,6,2,4,0,29,31,48,6,1,7
2007-s6-A-GB,2007-s6,A,B,P0816,3,6,3,3,0,31,29,52,9,1,10
2007-s6-A-GB,2007-s6,A,B,P0707,4,6,4,1,1,36,24,60,13,1,14
2007-s6-A-GB,2007-s6,A,B,P0205,5,6,1,4,1,21,39,35,4,1,5
2007-s6-A-GB,2007-s6,A,B,P0740,6,6,3,1,2,33,27,55,11,1,12
2007-s6-A-GC,2007-s6,A,C,P0787,0,4,2,1,1,24,16,60,7,0,7
2007-s6-A-GC,2007-s6,A,C,P0696,1,6,4,0,2,38,22,63,14,1,15
2007-s6-A-GC,2007-s6,A,C,P0732,2,4,1,2,1,15,25,38,4,0,4
2007-s6-A-GC,2007-s6,A,C,P0658,3,6,2,3,1,30,30,50,7,1,8
2007-s6-A-GC,2007-s6,A,C,P0607,4,6,3,3,0,32,28,53,9,1,10
2007-s6-A-GC,2007-s6,A,C,P0672,5,5,3,1,1,27,23,54,10,0,10
2007-s6-A-GC,2007-s6,A,C,P0764,6,4,0,4,0,13,27,33,0,0,0
2007-s6-A-GD,2007-s6,A,D,P0830,0,6,4,2,0,32,28,53,12,1,13
2007-s6-A-GD,2007-s6,A,D,P0694,1,6,2,4,0,28,32,47,6,1,7
2007-s6-A-GD,2007-s6,A,D,P0237,2,5,4,1,0,29,31,48,12,1,13
2007-s6-A-GD,2007-s6,A,D,P0820,3,5,1,4,0,19,31,38,3,0,3
2007-s6-A-GD,2007-s6,A,D,P0131,4,6,4,2,0,34,26,57,12,1,13
2007-s6-A-GD,2007-s6,A,D,P0617,5,6,4,2,0,40,20,67,12,1,13
2007-s6-A-GD,2007-s6,A,D,P0834,6,5,1,4,0,18,32,36,3,0,3
2007-s6-A-GE,2007-s6,A,E,P0708,0,3,0,3,0,5,25,16,0,0,0
2007-s6-A-GE,2007-s6,A,E,P0847,1,5,4,1,0,41,9,82,12,0,12
2007-s6-A-GE,2007-s6,A,E,P0709,2,5,4,1,0,40,10,80,12,0,12
2007-s6-A-GE,2007-s6,A,E,P0662,3,4,3,1,0,27,13,68,9,0,9
2007-s6-A-GE,2007-s6,A,E,P0817,4,4,0,4,0,7,33,18,0,0,0
2007-s6-A-GE,2007-s6,A,E,P0363,5,6,4,2,0,32,28,53,12,1,13
2007-s6-A-GE,2007-s6,A,E,P0753,6,6,3,3,0,28,32,47,9,1,10
2007-s6-A-GF,2007-s6,A,F,P0430,0,0,,,,,,,0,,0
2007-s6-A-GF,2007-s6,A,F,P0935,1,5,3,2,0,33,17,66,9,0,9
2007-s6-A-GF,2007-s6,A,F,P0692,2,6,3,2,1,36,24,60,10,1,11
2007-s6-A-GF,2007-s6,A,F,P0689,3,4,4,0,0,32,8,80,12,0,12
2007-s6-A-GF,2007-s6,A,F,P0297,4,1,0,0,1,5,5,50,1,0,1
2007-s6-A-GF,2007-s6,A,F,P0859,5,6,3,3,0,38,22,40,9,1,10
2007-s6-A-GF,2007-s6,A,F,P0898,6,5,4,1,0,36,14,72,12,0,12
2007-s6-B-GA,2007-s6,B,A,P0751,0,6,4,2,0,35,25,58,12,1,13
2007-s6-B-GA,2007-s6,B,A,P0838,1,6,4,2,0,33,27,55,12,1,13
2007-s6-B-GA,2007-s6,B,A,P0722,2,5,1,4,0,24,26,48,3,0,3
2007-s6-B-GA,2007-s6,B,A,P0671,3,6,0,6,0,12,48,20,0,1,1
2007-s6-B-GA,2007-s6,B,A,P0896,4,6,6,0,0,41,19,68,18,1,19
2007-s6-B-GA,2007-s6,B,A,P0686,5,6,3,2,1,28,32,47,10,1,11
2007-s6-B-GA,2007-s6,B,A,P0790,6,5,1,3,1,27,23,54,4,0,4
2007-s6-B-GB,2007-s6,B,B,P0873,0,5,5,0,0,36,14,72,15,0,15
2007-s6-B-GB,2007-s6,B,B,P0802,1,6,2,4,0,33,27,55,6,1,7
2007-s6-B-GB,2007-s6,B,B,P0706,2,4,2,2,0,21,19,53,6,0,6
2007-s6-B-GB,2007-s6,B,B,P0880,3,6,5,1,0,44,16,73,15,1,16
2007-s6-B-GB,2007-s6,B,B,P0937,4,1,1,0,0,7,3,70,3,0,3
2007-s6-B-GB,2007-s6,B,B,P0051,5,5,1,3,1,21,29,42,4,0,4
2007-s6-B-GB,2007-s6,B,B,P0890,6,6,2,3,1,32,28,53,6,1,7
2007-s6-B-GC,2007-s6,B,C,P0869,0,5,5,0,0,36,14,72,15,0,15
2007-s6-B-GC,2007-s6,B,C,P0486,1,5,0,5,0,13,37,26,0,0,0
2007-s6-B-GC,2007-s6,B,C,P0927,2,5,3,2,0,25,25,50,9,0,9
2007-s6-B-GC,2007-s6,B,C,P0675,3,5,4,1,0,31,19,62,12,0,12
2007-s6-B-GC,2007-s6,B,C,P0772,4,5,2,3,0,26,24,43,6,0,6
2007-s6-B-GC,2007-s6,B,C,P0870,5,6,1,5,0,23,37,38,3,1,4
2007-s6-B-GC,2007-s6,B,C,P0894,6,1,1,0,0,6,4,60,3,0,3
2007-s6-B-GD,2007-s6,B,D,P0761,0,6,3,2,1,33,27,55,10,1,11
2007-s6-B-GD,2007-s6,B,D,P0431,1,5,,4,1,17,33,34,1,0,1
2007-s6-B-GD,2007-s6,B,D,P0784,2,6,3,1,2,36,24,60,11,1,12
2007-s6-B-GD,2007-s6,B,D,P0747,3,6,3,2,1,36,24,60,10,1,11
2007-s6-B-GD,2007-s6,B,D,P0811,4,2,0,2,0,4,16,20,0,0,0
2007-s6-B-GD,2007-s6,B,D,P0726,5,6,5,1,0,41,19,68,15,1,16
2007-s6-B-GD,2007-s6,B,D,P0850,6,6,3,2,1,33,27,55,10,1,11
2007-s6-B-GE,2007-s6,B,E,P0780,0,5,1,2,2,23,27,46,5,0,5
2007-s6-B-GE,2007-s6,B,E,P0926,1,5,4,0,1,39,11,78,13,0,13
2007-s6-B-GE,2007-s6,B,E,P0315,2,6,3,3,0,33,27,55,9,1,10
2007-s6-B-GE,2007-s6,B,E,P0685,3,6,4,0,2,42,18,70,14,1,15
2007-s6-B-GE,2007-s6,B,E,P0860,4,6,2,3,1,34,26,57,7,1,8
2007-s6-B-GE,2007-s6,B,E,P0660,5,5,2,3,0,15,35,30,6,0,6
2007-s6-B-GE,2007-s6,B,E,P0852,6,2,0,2,0,4,16,20,0,0,0
2007-s6-B-GF,2007-s6,B,F,P0841,0,6,3,2,1,34,26,57,10,1,11
2007-s6-B-GF,2007-s6,B,F,P0861,1,6,2,3,1,27,33,45,7,1,8
2007-s6-B-GF,2007-s6,B,F,P0781,2,6,5,0,1,38,22,63,16,1,17
2007-s6-B-GF,2007-s6,B,F,P0676,3,6,3,3,0,32,28,53,9,1,10
2007-s6-B-GF,2007-s6,B,F,P0752,4,6,4,0,2,40,20,67,14,1,15
2007-s6-B-GF,2007-s6,B,F,P0734,5,6,1,5,0,26,34,43,3,1,4
2007-s6-B-GF,2007-s6,B,F,P0723,6,6,0,5,1,13,47,22,1,0,1
2007-s6-B-GG,2007-s6,B,G,P0247,0,1,0,1,0,3,7,30,0,0,0
2007-s6-B-GG,2007-s6,B,G,P0773,1,6,4,2,0,37,23,62,12,1,13
2007-s6-B-GG,2007-s6,B,G,P0762,2,5,2,3,0,29,21,58,6,0,6
2007-s6-B-GG,2007-s6,B,G,P0922,3,5,2,1,2,29,21,58,8,0,8
2007-s6-B-GG,2007-s6,B,G,P0217,4,5,2,3,0,24,26,48,6,0,6
2007-s6-B-GG,2007-s6,B,G,P0748,5,6,6,0,0,40,20,67,18,1,19
2007-s6-B-GG,2007-s6,B,G,P0786,6,6,2,3,1,33,27,55,7,1,8
2007-s6-B-GH,2007-s6,B,H,P0484,0,3,2,1,0,16,14,53,6,0,6
2007-s6-B-GH,2007-s6,B,H,P0661,1,4,0,4,0,10,30,25,0,0,0
2007-s6-B-GH,2007-s6,B,H,P0716,2,6,5,1,0,38,22,63,15,1,16
2007-s6-B-GH,2007-s6,B,H,P0901,3,6,5,1,0,42,18,70,15,1,16
2007-s6-B-GH,2007-s6,B,H,P0736,4,2,0,2,0,8,12,40,0,0,0
2007-s6-B-GH,2007-s6,B,H,P0818,5,4,1,3,0,15,25,38,3,0,3
2007-s6-B-GH,2007-s6,B,H,P0737,6,5,3,2,0,31,19,62,9,0,9
2008-s1-A-GA,2008-s1,A,A,P0975,0,5,1,4,0,10,40,20,3,0,3
2008-s1-A-GA,2008-s1,A,A,P0029,1,6,5,1,0,40,20,67,15,1,16
2008-s1-A-GA,2008-s1,A,A,P1088,2,6,3,2,1,34,26,57,10,1,11
2008-s1-A-GA,2008-s1,A,A,P1064,3,6,2,4,0,28,32,47,6,1,7
2008-s1-A-GA,2008-s1,A,A,P0953,4,5,4,0,1,32,18,64,13,0,13
2008-s1-A-GA,2008-s1,A,A,P0737,5,6,1,5,0,21,39,35,3,1,4
2008-s1-A-GA,2008-s1,A,A,P1078,6,6,2,2,2,35,25,58,8,1,9
2008-s1-A-GB,2008-s1,A,B,P0073,0,6,3,2,1,35,25,58,10,1,11
2008-s1-A-GB,2008-s1,A,B,P1071,1,6,5,0,1,41,19,68,16,1,17
2008-s1-A-GB,2008-s1,A,B,P1124,2,6,2,4,0,25,35,42,6,1,7
2008-s1-A-GB,2008-s1,A,B,P0948,3,6,3,3,0,28,32,47,9,1,10
2008-s1-A-GB,2008-s1,A,B,P1063,4,6,2,4,0,24,36,40,6,1,7
2008-s1-A-GB,2008-s1,A,B,P0987,5,6,3,1,2,35,25,58,11,1,12
2008-s1-A-GB,2008-s1,A,B,P1086,6,6,1,5,0,22,38,37,3,1,4
2008-s1-A-GC,2008-s1,A,C,P0585,0,4,1,3,0,10,30,25,3,0,3
2008-s1-A-GC,2008-s1,A,C,P0607,1,3,2,1,0,19,11,63,6,0,6
2008-s1-A-GC,2008-s1,A,C,P0616,2,6,1,5,0,22,38,37,3,1,4
2008-s1-A-GC,2008-s1,A,C,P0363,3,4,3,1,0,25,15,63,9,0,9
2008-s1-A-GC,2008-s1,A,C,P1171,4,3,1,2,0,9,21,30,3,0,3
2008-s1-A-GC,2008-s1,A,C,P0205,5,4,4,0,0,26,14,65,12,0,12
2008-s1-A-GC,2008-s1,A,C,P1021,6,6,3,3,0,39,21,65,9,1,10
2008-s1-A-GD,2008-s1,A,D,P0897,0,6,2,4,0,22,38,37,6,1,7
2008-s1-A-GD,2008-s1,A,D,P0960,1,6,5,1,0,37,23,62,15,1,16
2008-s1-A-GD,2008-s1,A,D,P0658,2,6,2,2,2,34,26,57,8,1,9
2008-s1-A-GD,2008-s1,A,D,P0992,3,5,0,5,0,9,41,18,0,0,0
2008-s1-A-GD,2008-s1,A,D,P1175,4,5,1,4,0,24,26,48,3,0,3
2008-s1-A-GD,2008-s1,A,D,P0994,5,6,5,0,1,41,19,68,16,1,17
2008-s1-A-GD,2008-s1,A,D,P0692,6,6,3,2,1,33,27,55,10,1,11
2008-s1-A-GE,2008-s1,A,E,P0847,0,6,5,0,1,42,18,70,16,1,17
2008-s1-A-GE,2008-s1,A,E,P0140,1,6,3,2,1,30,30,50,10,1,11
2008-s1-A-GE,2008-s1,A,E,P1038,2,4,1,2,1,15,25,38,4,0,4
2008-s1-A-GE,2008-s1,A,E,P0678,3,6,4,1,1,39,21,65,13,1,14
2008-s1-A-GE,2008-s1,A,E,P1024,4,6,3,3,0,33,27,55,9,1,10
2008-s1-A-GE,2008-s1,A,E,P0866,5,4,0,4,0,12,28,30,0,0,0
2008-s1-A-GE,2008-s1,A,E,P0558,6,4,0,4,0,9,31,23,0,0,0
2008-s1-A-GF,2008-s1,A,F,P0707,0,6,4,1,1,35,25,58,13,1,14
2008-s1-A-GF,2008-s1,A,F,P0478,1,6,5,0,1,44,16,73,16,1,17
2008-s1-A-GF,2008-s1,A,F,P1012,2,6,1,5,0,18,42,30,3,1,4
2008-s1-A-GF,2008-s1,A,F,P1164,3,6,1,5,0,23,37,38,3,1,4
2008-s1-A-GF,2008-s1,A,F,P1153,4,6,4,2,0,32,28,53,12,1,13
2008-s1-A-GF,2008-s1,A,F,P0691,5,6,3,3,0,31,29,52,9,1,10
2008-s1-A-GF,2008-s1,A,F,P0953,6,6,2,4,0,27,33,45,6,1,7
2008-s1-A-GG,2008-s1,A,G,P1143,0,6,1,5,0,12,48,20,3,1,4
2008-s1-A-GG,2008-s1,A,G,P0617,1,6,4,2,0,33,27,55,12,1,13
2008-s1-A-GG,2008-s1,A,G,P0764,2,6,4,2,0,35,25,58,12,1,13
2008-s1-A-GG,2008-s1,A,G,P0972,3,6,4,2,0,33,27,55,12,1,13
2008-s1-A-GG,2008-s1,A,G,P1000,4,6,0,6,0,24,36,40,0,1,1
2008-s1-A-GG,2008-s1,A,G,P1157,5,6,5,1,0,39,21,65,15,1,16
2008-s1-A-GG,2008-s1,A,G,P1034,6,6,3,3,0,34,26,57,9,1,10
2008-s1-A-GH,2008-s1,A,H,P0968,0,5,1,4,0,13,37,26,3,0,3
2008-s1-A-GH,2008-s1,A,H,P0858,1,6,5,1,0,41,19,68,15,1,16
2008-s1-A-GH,2008-s1,A,H,P0962,2,6,1,5,0,25,35,42,3,1,4
2008-s1-A-GH,2008-s1,A,H,P0333,3,6,4,2,0,40,20,67,12,1,13
2008-s1-A-GH,2008-s1,A,H,P0472,4,6,6,0,0,41,19,68,18,1,19
2008-s1-A-GH,2008-s1,A,H,P1119,5,5,1,4,0,13,37,26,3,0,3
2008-s1-A-GH,2008-s1,A,H,P0430,6,6,2,4,0,27,33,45,6,1,7
2008-s1-A-GI,2008-s1,A,I,P0988,0,3,3,0,0,18,12,60,9,0,9
2008-s1-A-GI,2008-s1,A,I,P0989,1,5,4,1,0,34,16,68,12,0,12
2008-s1-A-GI,2008-s1,A,I,P0076,2,4,1,2,1,21,19,53,4,0,4
2008-s1-A-GI,2008-s1,A,I,P1110,3,4,2,2,0,20,20,50,6,0,6
2008-s1-A-GI,2008-s1,A,I,P0921,4,5,4,1,0,29,21,58,12,0,12
2008-s1-A-GI,2008-s1,A,I,P0997,5,6,0,6,0,15,45,25,0,1,1
2008-s1-A-GI,2008-s1,A,I,P1040,6,5,1,3,1,23,27,46,4,0,4
2008-s1-B-GA,2008-s1,B,A,P0327,0,6,5,1,0,40,20,67,15,1,16
2008-s1-B-GA,2008-s1,B,A,P1161,1,4,2,2,0,24,16,60,6,0,6
2008-s1-B-GA,2008-s1,B,A,P1102,2,6,4,2,0,42,18,70,12,1,13
2008-s1-B-GA,2008-s1,B,A,P1132,3,6,3,2,1,35,25,58,10,1,11
2008-s1-B-GA,2008-s1,B,A,P1147,4,4,0,4,0,2,38,5,0,0,0
2008-s1-B-GA,2008-s1,B,A,P1039,5,4,2,1,1,19,21,48,7,0,7
2008-s1-B-GA,2008-s1,B,A,P0922,6,4,0,4,0,8,32,20,0,0,0
2008-s1-B-GB,2008-s1,B,B,P0633,0,4,3,1,0,20,20,50,9,0,9
2008-s1-B-GB,2008-s1,B,B,P0842,1,0,0,0,0,0,0,,0,0,0
2008-s1-B-GB,2008-s1,B,B,P0928,2,4,2,2,0,21,19,53,6,0,6
2008-s1-B-GB,2008-s1,B,B,P1129,3,5,3,2,0,31,19,62,9,0,9
2008-s1-B-GB,2008-s1,B,B,P0772,4,4,1,3,0,14,26,35,3,0,3
2008-s1-B-GB,2008-s1,B,B,P1068,5,1,1,0,0,6,4,60,3,0,3
2008-s1-B-GB,2008-s1,B,B,P1118,6,4,1,3,0,18,22,45,3,0,3
2008-s1-B-GC,2008-s1,B,C,P0431,0,6,3,2,1,33,27,55,10,1,11
2008-s1-B-GC,2008-s1,B,C,P0976,1,6,2,2,2,31,29,52,8,1,9
2008-s1-B-GC,2008-s1,B,C,P1076,2,6,0,5,1,12,48,20,1,1,2
2008-s1-B-GC,2008-s1,B,C,P1127,3,6,2,4,0,28,32,47,6,1,7
2008-s1-B-GC,2008-s1,B,C,P1108,4,6,3,3,0,34,26,57,9,1,10
2008-s1-B-GC,2008-s1,B,C,P1061,5,6,3,1,2,31,29,52,11,1,12
2008-s1-B-GC,2008-s1,B,C,P0315,6,6,5,1,0,41,19,68,15,1,16
2008-s1-B-GD,2008-s1,B,D,P1159,0,4,2,2,0,18,22,45,6,0,6
2008-s1-B-GD,2008-s1,B,D,P1082,1,5,3,2,0,26,24,52,9,0,9
2008-s1-B-GD,2008-s1,B,D,P0706,2,4,0,3,1,16,24,40,1,0,1
2008-s1-B-GD,2008-s1,B,D,P1094,3,6,5,1,0,38,22,63,15,1,16
2008-s1-B-GD,2008-s1,B,D,P0954,4,4,1,3,0,16,24,40,3,0,3
2008-s1-B-GD,2008-s1,B,D,P1006,5,5,3,2,0,29,21,58,9,0,9
2008-s1-B-GD,2008-s1,B,D,P1111,6,6,2,3,1,27,33,45,7,1,8
2008-s1-B-GE,2008-s1,B,E,P1077,0,6,0,6,0,16,44,27,0,1,1
2008-s1-B-GE,2008-s1,B,E,P0971,1,6,4,2,0,37,23,62,12,1,13
2008-s1-B-GE,2008-s1,B,E,P1091,2,6,4,1,1,38,22,63,13,1,14
2008-s1-B-GE,2008-s1,B,E,P0344,3,6,3,3,0,31,29,52,9,1,10
2008-s1-B-GE,2008-s1,B,E,P0982,4,6,4,1,1,38,22,63,13,1,14
2008-s1-B-GE,2008-s1,B,E,P1028,5,5,1,4,0,17,33,34,3,0,3
2008-s1-B-GE,2008-s1,B,E,P1126,6,5,3,2,0,23,27,46,9,0,9
2008-s1-B-GF,2008-s1,B,F,P1114,0,6,1,5,0,19,41,32,3,1,4
2008-s1-B-GF,2008-s1,B,F,P0217,1,6,2,3,1,33,27,55,7,1,8
2008-s1-B-GF,2008-s1,B,F,P0801,2,6,0,5,1,10,50,17,1,1,2
2008-s1-B-GF,2008-s1,B,F,P1101,3,5,3,1,1,31,19,62,10,0,10
2008-s1-B-GF,2008-s1,B,F,P0946,4,5,4,1,0,33,17,66,12,0,12
2008-s1-B-GF,2008-s1,B,F,P0447,5,4,2,1,1,18,22,45,7,0,7
2008-s1-B-GF,2008-s1,B,F,P1136,6,6,5,1,0,46,14,77,15,1,16
2008-s1-B-GG,2008-s1,B,G,P1081,0,4,0,4,0,8,32,20,0,0,0
2008-s1-B-GG,2008-s1,B,G,P1140,1,3,0,3,0,4,26,13,0,0,0
2008-s1-B-GG,2008-s1,B,G,P0752,2,6,6,0,0,51,9,85,18,1,19
2008-s1-B-GG,2008-s1,B,G,P0993,3,6,4,2,0,31,29,52,12,1,13
2008-s1-B-GG,2008-s1,B,G,P0890,4,4,2,2,0,21,19,53,6,0,6
2008-s1-B-GG,2008-s1,B,G,P0978,5,5,3,2,0,27,23,54,9,0,9
2008-s1-B-GG,2008-s1,B,G,P1010,6,2,0,2,0,8,12,40,0,0,0
2008-s1-B-GH,2008-s1,B,H,P1168,0,0,0,0,0,0,0,,0,0,0
2008-s1-B-GH,2008-s1,B,H,P1168,1,0,0,0,0,0,0,,0,0,0
2008-s1-B-GH,2008-s1,B,H,P1168,2,0,0,0,0,0,0,,0,0,0
2008-s1-B-GH,2008-s1,B,H,P1168,3,0,0,0,0,0,0,,0,0,0
2008-s1-B-GH,2008-s1,B,H,P1168,4,0,0,0,0,0,0,,0,0,0
2008-s1-B-GH,2008-s1,B,H,P1168,5,0,0,0,0,0,0,,0,0,0
2008-s1-B-GH,2008-s1,B,H,P1168,6,0,0,0,0,0,0,,0,0,0
2008-s1-B-GI,2008-s1,B,I,P1168,0,0,0,0,0,0,0,,0,0,0
2008-s1-B-GI,2008-s1,B,I,P1168,1,0,0,0,0,0,0,,0,0,0
2008-s1-B-GI,2008-s1,B,I,P1168,2,0,0,0,0,0,0,,0,0,0
2008-s1-B-GI,2008-s1,B,I,P1168,3,0,0,0,0,0,0,,0,0,0
2008-s1-B-GI,2008-s1,B,I,P1168,4,0,0,0,0,0,0,,0,0,0
2008-s1-B-GI,2008-s1,B,I,P1168,5,0,0,0,0,0,0,,0,0,0
2008-s1-B-GI,2008-s1,B,I,P1168,6,0,0,0,0,0,0,,0,0,0
2008-s2-A-GA,2008-s2,A,A,P0140,0,6,5,1,0,34,26,57,15,1,16
2008-s2-A-GA,2008-s2,A,A,P1072,1,6,6,0,0,39,21,65,18,1,19
2008-s2-A-GA,2008-s2,A,A,P1069,2,6,2,3,1,26,34,43,7,1,8
2008-s2-A-GA,2008-s2,A,A,P1040,3,6,1,4,1,27,33,45,4,1,5
2008-s2-A-GA,2008-s2,A,A,P0953,4,6,1,5,0,23,37,38,3,1,4
2008-s2-A-GA,2008-s2,A,A,P0029,5,6,4,2,0,37,23,62,12,1,13
2008-s2-A-GA,2008-s2,A,A,P0979,6,6,1,5,0,24,36,40,3,1,4
2008-s2-A-GB,2008-s2,A,B,P0297,0,5,5,0,0,33,17,66,15,0,15
2008-s2-A-GB,2008-s2,A,B,P0961,1,6,4,1,1,37,23,62,13,1,14
2008-s2-A-GB,2008-s2,A,B,P1102,2,5,1,4,0,24,26,48,3,0,3
2008-s2-A-GB,2008-s2,A,B,P0327,3,6,1,5,0,23,37,38,3,1,4
2008-s2-A-GB,2008-s2,A,B,P1089,4,6,2,3,1,23,37,38,7,1,8
2008-s2-A-GB,2008-s2,A,B,P1121,5,6,2,3,1,28,32,47,7,1,8
2008-s2-A-GB,2008-s2,A,B,P0764,6,6,3,2,1,32,28,53,10,1,11
2008-s2-A-GC,2008-s2,A,C,P0422,0,6,3,1,2,35,25,58,11,1,12
2008-s2-A-GC,2008-s2,A,C,P0617,1,4,1,2,1,17,23,43,4,0,4
2008-s2-A-GC,2008-s2,A,C,P1176,2,5,2,3,0,20,29,41,6,0,6
2008-s2-A-GC,2008-s2,A,C,P0344,3,6,4,2,0,32,28,53,12,1,13
2008-s2-A-GC,2008-s2,A,C,P0957,4,5,0,5,0,18,31,37,0,0,0
2008-s2-A-GC,2008-s2,A,C,P1035,5,6,3,3,0,26,34,43,9,1,10
2008-s2-A-GC,2008-s2,A,C,P1085,6,6,4,1,1,41,19,68,13,1,14
2008-s2-A-GD,2008-s2,A,D,P0707,0,6,4,1,1,42,18,70,13,1,14
2008-s2-A-GD,2008-s2,A,D,P0325,1,6,5,1,0,39,21,65,15,1,16
2008-s2-A-GD,2008-s2,A,D,P1148,2,5,0,5,0,12,38,24,0,0,0
2008-s2-A-GD,2008-s2,A,D,P0315,3,6,1,3,2,26,34,43,5,1,6
2008-s2-A-GD,2008-s2,A,D,P0867,4,5,1,1,3,22,28,44,6,0,6
2008-s2-A-GD,2008-s2,A,D,P0371,5,0,,,,,,,,,
2008-s2-A-GD,2008-s2,A,D,P0678,6,5,1,3,1,17,23,43,4,0,4
2008-s2-A-GE,2008-s2,A,E,P0073,0,6,4,2,0,39,21,65,12,1,13
2008-s2-A-GE,2008-s2,A,E,P0858,1,6,5,1,0,43,17,72,15,1,16
2008-s2-A-GE,2008-s2,A,E,P0737,2,4,0,4,0,7,33,18,0,0,0
2008-s2-A-GE,2008-s2,A,E,P0616,3,6,2,4,0,27,33,45,6,1,7
2008-s2-A-GE,2008-s2,A,E,P1094,4,4,0,3,1,13,27,33,1,0,1
2008-s2-A-GE,2008-s2,A,E,P0558,5,3,2,1,0,13,17,43,6,0,6
2008-s2-A-GE,2008-s2,A,E,P1093,6,5,3,1,1,28,22,56,10,0,10
2008-s2-A-GF,2008-s2,A,F,P1026,0,6,3,2,1,25,35,42,10,1,11
2008-s2-A-GF,2008-s2,A,F,P0205,1,5,3,2,0,37,13,74,9,0,9
2008-s2-A-GF,2008-s2,A,F,P0131,2,6,4,2,0,31,29,52,12,1,13
2008-s2-A-GF,2008-s2,A,F,P1063,3,5,0,5,0,16,34,32,0,0,0
2008-s2-A-GF,2008-s2,A,F,P1149,4,6,6,0,0,46,14,77,18,1,19
2008-s2-A-GF,2008-s2,A,F,P1044,5,5,0,5,0,12,38,24,0,0,0
2008-s2-A-GF,2008-s2,A,F,P1054,6,5,2,2,1,23,27,46,7,0,7
2008-s2-A-GG,2008-s2,A,G,P0984,0,6,3,3,0,31,29,52,9,1,10
2008-s2-A-GG,2008-s2,A,G,P1064,1,6,2,4,0,27,33,45,6,1,7
2008-s2-A-GG,2008-s2,A,G,P1055,2,5,0,4,1,13,37,26,1,0,1
2008-s2-A-GG,2008-s2,A,G,P0273,3,6,5,1,0,41,19,68,15,1,16
2008-s2-A-GG,2008-s2,A,G,P1000,4,5,2,3,0,22,28,44,6,0,6
2008-s2-A-GG,2008-s2,A,G,P0847,5,6,6,0,0,42,18,70,18,1,19
2008-s2-A-GG,2008-s2,A,G,P0901,6,6,1,4,1,24,36,40,4,1,5
2008-s2-B-GA,2008-s2,B,A,P1164,0,5,1,1,3,23,27,46,6,0,6
2008-s2-B-GA,2008-s2,B,A,P0431,1,6,1,5,0,20,40,33,3,1,4
2008-s2-B-GA,2008-s2,B,A,P0955,2,6,3,3,0,30,30,50,9,1,10
2008-s2-B-GA,2008-s2,B,A,P0447,3,5,3,2,0,25,25,50,9,0,9
2008-s2-B-GA,2008-s2,B,A,P1053,4,6,1,3,2,26,34,43,5,1,6
2008-s2-B-GA,2008-s2,B,A,P0956,5,6,3,1,2,36,24,60,11,1,12
2008-s2-B-GA,2008-s2,B,A,P0880,6,6,3,0,3,40,20,67,12,1,13
2008-s2-B-GB,2008-s2,B,B,P1118,0,6,4,1,1,40,20,67,13,1,14
2008-s2-B-GB,2008-s2,B,B,P0531,1,6,0,6,0,7,53,12,0,1,1
2008-s2-B-GB,2008-s2,B,B,P0772,2,6,2,3,1,30,30,50,7,1,8
2008-s2-B-GB,2008-s2,B,B,P0965,3,6,2,3,1,31,29,52,7,1,8
2008-s2-B-GB,2008-s2,B,B,P0928,4,6,2,2,2,32,28,53,8,1,9
2008-s2-B-GB,2008-s2,B,B,P1051,5,6,5,0,1,36,24,60,16,1,17
2008-s2-B-GB,2008-s2,B,B,P1058,6,6,2,2,2,34,26,57,8,1,9
2008-s2-B-GC,2008-s2,B,C,P1062,0,5,3,2,0,34,16,68,9,0,9
2008-s2-B-GC,2008-s2,B,C,P1019,1,6,3,2,1,31,29,52,10,1,11
2008-s2-B-GC,2008-s2,B,C,P1007,2,5,4,0,1,37,13,74,13,0,13
2008-s2-B-GC,2008-s2,B,C,P1092,3,6,2,4,0,25,35,42,6,1,7
2008-s2-B-GC,2008-s2,B,C,P1079,4,6,5,1,0,35,25,58,15,1,16
2008-s2-B-GC,2008-s2,B,C,P1056,5,6,1,5,0,20,40,33,3,1,4
2008-s2-B-GC,2008-s2,B,C,P0793,6,6,1,5,0,18,42,30,3,1,4
2008-s2-B-GD,2008-s2,B,D,P0217,0,6,4,2,0,36,24,60,12,1,13
2008-s2-B-GD,2008-s2,B,D,P0902,1,5,3,2,0,31,19,62,9,0,9
2008-s2-B-GD,2008-s2,B,D,P1052,2,6,3,3,0,32,28,53,9,1,10
2008-s2-B-GD,2008-s2,B,D,P1047,3,5,4,1,0,32,18,64,12,0,12
2008-s2-B-GD,2008-s2,B,D,P1165,4,6,0,5,1,18,42,30,1,1,2
2008-s2-B-GD,2008-s2,B,D,P0976,5,6,0,5,1,8,52,13,1,1,2
2008-s2-B-GD,2008-s2,B,D,P1155,6,6,5,1,0,43,17,72,15,1,16
2008-s2-B-GE,2008-s2,B,E,P0820,0,6,4,1,1,35,25,58,13,1,14
2008-s2-B-GE,2008-s2,B,E,P0247,1,6,5,1,0,40,20,67,15,1,16
2008-s2-B-GE,2008-s2,B,E,P1083,2,6,4,2,0,32,28,53,12,1,13
2008-s2-B-GE,2008-s2,B,E,P1161,3,5,1,4,0,16,34,32,3,0,3
2008-s2-B-GE,2008-s2,B,E,P0870,4,5,0,4,1,20,30,40,1,0,1
2008-s2-B-GE,2008-s2,B,E,P1115,5,6,3,3,0,31,29,52,9,1,10
2008-s2-B-GE,2008-s2,B,E,P0577,6,6,2,4,0,26,34,43,6,1,7
2008-s2-B-GF,2008-s2,B,F,P1129,0,6,4,2,0,35,25,58,12,1,13
2008-s2-B-GF,2008-s2,B,F,P1109,1,6,3,3,0,38,22,63,9,1,10
2008-s2-B-GF,2008-s2,B,F,P0183,2,5,0,5,0,13,37,26,0,0,0
2008-s2-B-GF,2008-s2,B,F,P1015,3,6,1,5,0,19,41,32,3,1,4
2008-s2-B-GF,2008-s2,B,F,P0982,4,5,4,0,1,31,19,62,13,0,13
2008-s2-B-GF,2008-s2,B,F,P1178,5,6,4,1,1,37,23,62,13,1,14
2008-s2-B-GF,2008-s2,B,F,P1127,6,6,3,3,0,27,33,45,9,1,10
2008-s3-A-GA,2008-s3,A,A,P1085,0,4,3,1,0,26,14,65,9,0,9
2008-s3-A-GA,2008-s3,A,A,P0985,1,6,5,0,1,38,22,63,16,1,17
2008-s3-A-GA,2008-s3,A,A,P1073,2,6,2,3,1,28,32,47,7,1,8
2008-s3-A-GA,2008-s3,A,A,P0982,3,5,2,2,1,25,25,50,7,0,7
2008-s3-A-GA,2008-s3,A,A,P1030,4,6,3,3,0,35,25,58,9,1,10
2008-s3-A-GA,2008-s3,A,A,P0616,5,6,2,3,1,24,36,40,7,1,8
2008-s3-A-GA,2008-s3,A,A,P0867,6,5,0,5,0,14,36,28,0,0,0
2008-s3-A-GB,2008-s3,A,B,P0962,0,6,2,4,0,21,39,35,6,1,7
2008-s3-A-GB,2008-s3,A,B,P0558,1,6,1,4,1,25,35,42,4,1,5
2008-s3-A-GB,2008-s3,A,B,P0787,2,6,3,2,1,30,30,50,10,1,11
2008-s3-A-GB,2008-s3,A,B,P1155,3,6,3,0,3,36,24,60,12,1,13
2008-s3-A-GB,2008-s3,A,B,P0327,4,6,1,3,2,29,31,48,5,1,6
2008-s3-A-GB,2008-s3,A,B,P0980,5,6,2,3,1,30,30,50,7,1,8
2008-s3-A-GB,2008-s3,A,B,P0617,6,6,5,1,0,39,21,65,15,1,16
2008-s3-A-GC,2008-s3,A,C,P0990,0,6,4,2,0,39,21,65,12,1,13
2008-s3-A-GC,2008-s3,A,C,P0131,1,5,1,4,0,17,33,34,3,0,3
2008-s3-A-GC,2008-s3,A,C,P1103,2,5,0,5,0,7,43,14,0,0,0
2008-s3-A-GC,2008-s3,A,C,P0321,3,6,5,0,1,43,17,72,16,1,17
2008-s3-A-GC,2008-s3,A,C,P1070,4,6,2,3,1,32,28,53,7,1,8
2008-s3-A-GC,2008-s3,A,C,P0658,5,6,4,2,0,32,28,53,12,1,13
2008-s3-A-GC,2008-s3,A,C,P1089,6,6,3,3,0,30,30,50,9,1,10
2008-s3-A-GD,2008-s3,A,D,P0073,0,6,3,1,2,32,28,53,11,1,12
2008-s3-A-GD,2008-s3,A,D,P0847,1,6,3,2,1,33,27,55,10,1,11
2008-s3-A-GD,2008-s3,A,D,P0678,2,6,2,4,0,28,32,47,6,1,7
2008-s3-A-GD,2008-s3,A,D,P1144,3,6,2,4,0,22,38,37,6,1,7
2008-s3-A-GD,2008-s3,A,D,P1065,4,6,3,3,0,28,32,47,9,1,10
2008-s3-A-GD,2008-s3,A,D,P1022,5,6,3,2,1,34,26,57,10,1,11
2008-s3-A-GD,2008-s3,A,D,P1174,6,6,3,3,0,33,27,55,9,1,10
2008-s3-A-GE,2008-s3,A,E,P1026,0,6,5,0,1,46,14,77,16,1,17
2008-s3-A-GE,2008-s3,A,E,P1172,1,6,2,3,1,20,40,33,7,1,8
2008-s3-A-GE,2008-s3,A,E,P0691,2,6,5,1,0,37,23,62,15,1,16
2008-s3-A-GE,2008-s3,A,E,P0273,3,6,2,3,1,29,31,48,7,1,8
2008-s3-A-GE,2008-s3,A,E,P1011,4,6,1,4,1,21,39,35,4,1,5
2008-s3-A-GE,2008-s3,A,E,P1041,5,6,1,5,0,28,32,47,3,1,4
2008-s3-A-GE,2008-s3,A,E,P0607,6,6,2,2,2,29,31,48,8,1,9
2008-s3-A-GF,2008-s3,A,F,P0662,0,6,2,4,0,18,42,30,6,1,7
2008-s3-A-GF,2008-s3,A,F,P0478,1,6,5,1,0,42,18,70,15,1,16
2008-s3-A-GF,2008-s3,A,F,P1083,2,6,0,5,1,6,54,10,1,1,2
2008-s3-A-GF,2008-s3,A,F,P0029,3,6,4,2,0,39,21,65,12,1,13
2008-s3-A-GF,2008-s3,A,F,P0726,4,6,1,4,1,24,36,40,4,1,5
2008-s3-A-GF,2008-s3,A,F,P1125,5,6,3,3,0,37,23,62,9,1,10
2008-s3-A-GF,2008-s3,A,F,P0140,6,6,5,1,0,44,16,73,15,1,16
2008-s3-A-GG,2008-s3,A,G,P0344,0,6,1,5,0,20,40,33,3,1,4
2008-s3-A-GG,2008-s3,A,G,P0707,1,6,6,0,0,49,11,82,18,1,19
2008-s3-A-GG,2008-s3,A,G,P1001,2,6,3,2,1,31,29,52,10,1,11
2008-s3-A-GG,2008-s3,A,G,P1141,3,5,1,4,0,17,33,34,3,0,3
2008-s3-A-GG,2008-s3,A,G,P0986,4,5,2,2,1,23,27,46,7,0,7
2008-s3-A-GG,2008-s3,A,G,P1040,5,6,2,4,0,28,32,47,6,1,7
2008-s3-A-GG,2008-s3,A,G,P0422,6,6,4,2,0,32,28,53,12,1,13
2008-s3-B-GA,2008-s3,B,A,P1106,0,6,4,2,0,38,22,63,12,1,13
2008-s3-B-GA,2008-s3,B,A,P1128,1,6,2,4,0,25,35,42,6,1,7
2008-s3-B-GA,2008-s3,B,A,P1049,2,6,3,2,1,36,24,60,10,1,11
2008-s3-B-GA,2008-s3,B,A,P0577,3,5,1,3,1,14,36,28,4,0,4
2008-s3-B-GA,2008-s3,B,A,P1053,4,6,3,1,2,33,27,55,11,1,12
2008-s3-B-GA,2008-s3,B,A,P0953,5,5,2,3,0,22,28,44,6,0,6
2008-s3-B-GA,2008-s3,B,A,P1150,6,6,2,2,2,32,28,53,8,1,9
2008-s3-B-GB,2008-s3,B,B,P1100,0,6,2,3,1,30,30,50,7,1,8
2008-s3-B-GB,2008-s3,B,B,P0955,1,6,3,1,2,34,26,57,11,1,12
2008-s3-B-GB,2008-s3,B,B,P1091,2,6,2,3,1,28,32,47,7,1,8
2008-s3-B-GB,2008-s3,B,B,P1127,3,6,2,2,2,26,34,43,8,1,9
2008-s3-B-GB,2008-s3,B,B,P1116,4,6,2,4,0,29,31,48,6,1,7
2008-s3-B-GB,2008-s3,B,B,P1066,5,6,2,3,1,29,31,48,7,1,8
2008-s3-B-GB,2008-s3,B,B,P0983,6,6,4,1,1,34,26,57,13,1,14
2008-s3-B-GC,2008-s3,B,C,P1031,0,6,4,2,0,36,24,60,12,1,13
2008-s3-B-GC,2008-s3,B,C,P1090,1,5,2,3,0,18,32,36,6,0,6
2008-s3-B-GC,2008-s3,B,C,P1084,2,5,2,3,0,22,28,44,6,0,6
2008-s3-B-GC,2008-s3,B,C,P1016,3,6,3,2,1,32,28,53,10,1,11
2008-s3-B-GC,2008-s3,B,C,P1135,4,6,2,4,0,28,32,47,6,1,7
2008-s3-B-GC,2008-s3,B,C,P1059,5,6,5,1,0,42,18,70,15,1,16
2008-s3-B-GC,2008-s3,B,C,P1120,6,4,0,3,1,12,28,30,1,0,1
2008-s3-B-GD,2008-s3,B,D,P1080,0,5,4,1,0,33,17,66,12,0,12
2008-s3-B-GD,2008-s3,B,D,P1152,1,3,0,3,0,4,26,13,0,0,0
2008-s3-B-GD,2008-s3,B,D,P0970,2,4,0,4,0,5,35,13,0,0,0
2008-s3-B-GD,2008-s3,B,D,P1168,3,1,1,0,0,8,2,80,3,0,3
2008-s3-B-GD,2008-s3,B,D,P0998,4,4,2,2,0,17,23,43,6,0,6
2008-s3-B-GD,2008-s3,B,D,P1087,5,4,3,1,0,26,14,65,9,0,9
2008-s3-B-GD,2008-s3,B,D,P0217,6,5,3,2,0,37,13,74,9,0,9
2008-s3-B-GE,2008-s3,B,E,P0902,0,6,3,2,1,35,25,58,10,1,11
2008-s3-B-GE,2008-s3,B,E,P1162,1,6,0,4,2,18,42,30,2,1,3
2008-s3-B-GE,2008-s3,B,E,P0963,2,6,5,1,0,38,22,63,15,1,16
2008-s3-B-GE,2008-s3,B,E,P1160,3,6,3,3,0,27,33,45,9,1,10
2008-s3-B-GE,2008-s3,B,E,P0431,4,6,1,4,1,24,36,40,4,1,5
2008-s3-B-GE,2008-s3,B,E,P1170,5,6,3,3,0,39,21,65,9,1,10
2008-s3-B-GE,2008-s3,B,E,P0685,6,6,3,1,2,29,31,48,11,1,12
2008-s3-B-GF,2008-s3,B,F,P0981,0,0,0,0,0,0,0,,0,0,0
2008-s3-B-GF,2008-s3,B,F,P1130,1,4,1,3,0,17,23,43,3,0,3
2008-s3-B-GF,2008-s3,B,F,P1104,2,4,3,0,1,31,9,78,10,0,10
2008-s3-B-GF,2008-s3,B,F,P0965,3,4,1,3,0,12,28,30,3,0,3
2008-s3-B-GF,2008-s3,B,F,P1122,4,5,3,2,0,29,21,58,9,0,9
2008-s3-B-GF,2008-s3,B,F,P1156,5,2,0,2,0,3,17,15,0,0,0
2008-s3-B-GF,2008-s3,B,F,P1009,6,5,3,1,1,28,22,56,10,0,10
2008-s4-A-GA,2008-s4,A,A,P0858,0,5,5,0,0,35,15,70,15,0,15
2008-s4-A-GA,2008-s4,A,A,P1020,1,5,4,1,0,33,17,66,12,0,12
2008-s4-A-GA,2008-s4,A,A,P1029,2,4,2,2,0,23,17,58,6,0,6
2008-s4-A-GA,2008-s4,A,A,P1172,3,6,0,6,0,4,56,7,0,1,1
2008-s4-A-GA,2008-s4,A,A,P1142,4,4,2,2,0,24,16,60,6,0,6
2008-s4-A-GA,2008-s4,A,A,P1063,5,5,1,4,0,22,28,44,3,0,3
2008-s4-A-GA,2008-s4,A,A,P0607,6,5,3,2,0,29,21,58,9,0,9
2008-s4-A-GB,2008-s4,A,B,P0984,0,6,4,2,0,32,28,53,12,1,13
2008-s4-A-GB,2008-s4,A,B,P0131,1,6,4,1,1,43,17,72,13,1,14
2008-s4-A-GB,2008-s4,A,B,P0707,2,6,5,0,1,48,12,80,16,1,17
2008-s4-A-GB,2008-s4,A,B,P1051,3,5,1,4,0,25,25,50,3,0,3
2008-s4-A-GB,2008-s4,A,B,P0787,4,5,2,3,0,19,31,38,6,0,6
2008-s4-A-GB,2008-s4,A,B,P0967,5,6,3,3,0,32,28,53,9,1,10
2008-s4-A-GB,2008-s4,A,B,P1169,6,6,0,6,0,1,59,2,0,1,1
2008-s4-A-GC,2008-s4,A,C,P0140,0,5,3,2,0,35,15,70,9,0,9
2008-s4-A-GC,2008-s4,A,C,P0029,1,4,3,1,0,26,14,65,9,0,9
2008-s4-A-GC,2008-s4,A,C,P1034,2,4,0,4,0,14,26,35,0,0,0
2008-s4-A-GC,2008-s4,A,C,P0297,3,1,1,0,0,6,4,60,3,0,3
2008-s4-A-GC,2008-s4,A,C,P1176,4,3,0,3,0,6,24,20,0,0,0
2008-s4-A-GC,2008-s4,A,C,P1011,5,5,2,3,0,16,34,32,6,0,6
2008-s4-A-GC,2008-s4,A,C,P1088,6,6,5,1,0,37,23,62,15,1,16
2008-s4-A-GD,2008-s4,A,D,P0512,0,5,4,1,0,42,8,84,12,0,12
2008-s4-A-GD,2008-s4,A,D,P0988,1,2,0,2,0,4,16,20,0,0,0
2008-s4-A-GD,2008-s4,A,D,P0073,2,2,1,1,0,6,14,30,3,0,3
2008-s4-A-GD,2008-s4,A,D,P1095,3,3,1,2,0,13,17,43,3,0,3
2008-s4-A-GD,2008-s4,A,D,P0948,4,3,0,3,0,7,23,23,0,0,0
2008-s4-A-GD,2008-s4,A,D,P1064,5,1,1,0,0,7,3,70,3,0,3
2008-s4-A-GD,2008-s4,A,D,P1104,6,4,3,1,0,21,19,53,9,0,9
2008-s4-A-GE,2008-s4,A,E,P0321,0,5,5,0,0,38,12,76,15,0,15
2008-s4-A-GE,2008-s4,A,E,P0558,1,5,1,4,0,16,34,32,3,0,3
2008-s4-A-GE,2008-s4,A,E,P0422,2,5,4,1,0,34,16,68,12,0,12
2008-s4-A-GE,2008-s4,A,E,P0950,3,6,3,3,0,30,30,50,9,1,10
2008-s4-A-GE,2008-s4,A,E,P0964,4,6,0,6,0,16,44,27,0,1,1
2008-s4-A-GE,2008-s4,A,E,P1080,5,6,5,1,0,41,19,68,15,1,16
2008-s4-A-GE,2008-s4,A,E,P0973,6,5,1,4,0,15,35,30,3,0,3
2008-s4-A-GF,2008-s4,A,F,P0478,0,6,5,1,0,38,22,63,15,1,16
2008-s4-A-GF,2008-s4,A,F,P0966,1,5,2,2,1,23,27,46,7,0,7
2008-s4-A-GF,2008-s4,A,F,P0363,2,6,2,2,2,29,31,48,8,1,9
2008-s4-A-GF,2008-s4,A,F,P1022,3,6,3,2,1,34,26,57,10,1,11
2008-s4-A-GF,2008-s4,A,F,P0726,4,6,1,5,0,23,37,38,3,1,4
2008-s4-A-GF,2008-s4,A,F,P0616,5,6,0,6,0,20,40,33,0,1,1
2008-s4-A-GF,2008-s4,A,F,P0921,6,5,5,0,0,33,17,66,15,0,15
2008-s4-A-GG,2008-s4,A,G,P1042,0,4,1,1,2,23,17,58,5,0,5
2008-s4-A-GG,2008-s4,A,G,P1014,1,5,2,3,0,26,24,52,6,0,6
2008-s4-A-GG,2008-s4,A,G,P1002,2,5,5,0,0,33,17,66,15,0,15
2008-s4-A-GG,2008-s4,A,G,P1013,3,6,4,1,1,36,24,60,13,1,14
2008-s4-A-GG,2008-s4,A,G,P0995,4,6,3,2,1,31,29,52,10,1,11
2008-s4-A-GG,2008-s4,A,G,P1003,5,3,0,3,0,9,21,30,0,0,0
2008-s4-A-GG,2008-s4,A,G,P1017,6,5,0,5,0,12,38,24,0,0,0
2008-s4-B-GA,2008-s4,B,A,P0958,0,6,0,6,0,18,42,30,0,1,1
2008-s4-B-GA,2008-s4,B,A,P1123,1,6,4,2,0,42,18,70,12,1,13
2008-s4-B-GA,2008-s4,B,A,P1004,2,6,4,2,0,31,29,52,12,1,13
2008-s4-B-GA,2008-s4,B,A,P1108,3,6,2,4,0,27,33,45,6,1,7
2008-s4-B-GA,2008-s4,B,A,P1036,4,6,4,2,0,37,23,62,12,1,13
2008-s4-B-GA,2008-s4,B,A,P0991,5,6,3,3,0,23,37,38,9,1,10
2008-s4-B-GA,2008-s4,B,A,P1117,6,6,4,2,0,32,28,53,12,1,13
2008-s4-B-GB,2008-s4,B,B,P1023,0,6,2,2,2,31,29,52,8,1,9
2008-s4-B-GB,2008-s4,B,B,P1099,1,6,3,2,1,28,32,47,10,1,11
2008-s4-B-GB,2008-s4,B,B,P0685,2,6,1,5,0,24,36,40,3,1,4
2008-s4-B-GB,2008-s4,B,B,P1059,3,6,4,2,0,35,25,58,12,1,13
2008-s4-B-GB,2008-s4,B,B,P1049,4,6,2,4,0,25,35,42,6,1,7
2008-s4-B-GB,2008-s4,B,B,P1145,5,6,3,3,0,32,28,53,9,1,10
2008-s4-B-GB,2008-s4,B,B,P1127,6,6,4,1,1,35,25,58,13,1,14
2008-s4-B-GC,2008-s4,B,C,P0772,0,6,2,3,1,25,35,42,7,1,8
2008-s4-B-GC,2008-s4,B,C,P1097,1,6,4,2,0,32,28,53,12,1,13
2008-s4-B-GC,2008-s4,B,C,P1130,2,6,2,3,1,31,29,52,7,1,8
2008-s4-B-GC,2008-s4,B,C,P1048,3,5,2,3,0,27,23,54,6,0,6
2008-s4-B-GC,2008-s4,B,C,P1027,4,5,1,3,1,20,30,40,4,0,4
2008-s4-B-GC,2008-s4,B,C,P0949,5,6,4,2,0,33,27,55,12,1,13
2008-s4-B-GC,2008-s4,B,C,P0947,6,6,2,1,3,32,28,53,9,1,10
2008-s4-B-GD,2008-s4,B,D,P1154,0,4,1,3,0,16,24,40,3,0,3
2008-s4-B-GD,2008-s4,B,D,P0431,1,5,1,4,0,22,28,44,3,0,3
2008-s4-B-GD,2008-s4,B,D,P1056,2,6,2,4,0,18,42,30,6,1,7
2008-s4-B-GD,2008-s4,B,D,P1106,3,4,3,1,0,24,16,60,9,0,9
2008-s4-B-GD,2008-s4,B,D,P1084,4,3,1,2,0,11,19,37,3,0,3
2008-s4-B-GD,2008-s4,B,D,P1113,5,4,3,0,1,31,9,78,10,0,10
2008-s4-B-GD,2008-s4,B,D,P0928,6,6,4,1,1,38,22,63,13,1,14
2008-s4-B-GE,2008-s4,B,E,P1033,0,6,5,1,0,36,24,60,15,1,16
2008-s4-B-GE,2008-s4,B,E,P1159,1,4,1,3,0,15,25,38,3,0,3
2008-s4-B-GE,2008-s4,B,E,P1008,2,6,4,1,1,40,20,67,13,1,14
2008-s4-B-GE,2008-s4,B,E,P1091,3,6,2,3,1,30,30,50,7,1,8
2008-s4-B-GE,2008-s4,B,E,P0955,4,4,2,2,0,19,21,48,6,0,6
2008-s4-B-GE,2008-s4,B,E,P0217,5,5,2,3,0,21,29,42,6,0,6
2008-s4-B-GE,2008-s4,B,E,P1137,6,5,1,4,0,19,31,38,3,0,3
2008-s4-B-GF,2008-s4,B,F,P1168,0,0,0,0,0,0,0,,0,0,0
2008-s4-B-GF,2008-s4,B,F,P1168,1,0,0,0,0,0,0,,0,0,0
2008-s4-B-GF,2008-s4,B,F,P1168,2,0,0,0,0,0,0,,0,0,0
2008-s4-B-GF,2008-s4,B,F,P1168,3,0,0,0,0,0,0,,0,0,0
2008-s4-B-GF,2008-s4,B,F,P1168,4,0,0,0,0,0,0,,0,0,0
2008-s4-B-GF,2008-s4,B,F,P1168,5,0,0,0,0,0,0,,0,0,0
2008-s4-B-GF,2008-s4,B,F,P1168,6,0,0,0,0,0,0,,0,0,0
2008-s5-A-GA,2008-s5,A,A,P0974,0,6,3,3,0,30,30,50,9,1,10
2008-s5-A-GA,2008-s5,A,A,P0949,1,6,5,0,1,37,23,62,16,1,17
2008-s5-A-GA,2008-s5,A,A,P0977,2,6,0,6,0,13,47,22,0,1,1
2008-s5-A-GA,2008-s5,A,A,P0678,3,5,2,3,0,26,24,52,6,0,6
2008-s5-A-GA,2008-s5,A,A,P0707,4,6,4,2,0,37,23,62,12,1,13
2008-s5-A-GA,2008-s5,A,A,P1040,5,5,2,3,0,27,23,54,6,0,6
2008-s5-A-GA,2008-s5,A,A,P1022,6,6,3,2,1,30,30,50,10,1,11
2008-s5-A-GB,2008-s5,A,B,P0073,0,3,1,2,0,14,16,47,3,0,3
2008-s5-A-GB,2008-s5,A,B,P0422,1,2,0,1,1,5,15,25,1,0,1
2008-s5-A-GB,2008-s5,A,B,P0764,2,6,3,2,1,33,27,55,10,1,11
2008-s5-A-GB,2008-s5,A,B,P1014,3,5,3,2,0,24,26,48,9,0,9
2008-s5-A-GB,2008-s5,A,B,P0321,4,4,1,3,0,14,26,35,3,0,3
2008-s5-A-GB,2008-s5,A,B,P1075,5,4,3,1,0,24,16,60,9,0,9
2008-s5-A-GB,2008-s5,A,B,P1158,6,6,3,3,0,36,24,60,9,1,10
2008-s5-A-GC,2008-s5,A,C,P1074,0,3,3,0,0,20,10,67,9,0,9
2008-s5-A-GC,2008-s5,A,C,P0558,1,4,0,4,0,11,29,28,0,0,0
2008-s5-A-GC,2008-s5,A,C,P0029,2,6,5,1,0,39,21,65,15,1,16
2008-s5-A-GC,2008-s5,A,C,P0820,3,3,0,3,0,8,22,27,0,0,0
2008-s5-A-GC,2008-s5,A,C,P1163,4,4,1,3,0,17,23,43,3,0,3
2008-s5-A-GC,2008-s5,A,C,P0491,5,6,3,3,0,32,28,53,9,1,10
2008-s5-A-GC,2008-s5,A,C,P0969,6,6,4,2,0,33,27,55,12,1,13
2008-s5-A-GD,2008-s5,A,D,P0748,0,5,1,3,1,24,26,48,4,0,4
2008-s5-A-GD,2008-s5,A,D,P1088,1,6,5,0,1,38,22,63,16,1,17
2008-s5-A-GD,2008-s5,A,D,P0956,2,3,0,3,0,8,22,27,0,0,0
2008-s5-A-GD,2008-s5,A,D,P0999,3,5,3,2,0,24,26,48,9,0,9
2008-s5-A-GD,2008-s5,A,D,P1013,4,6,3,1,2,35,25,58,11,1,12
2008-s5-A-GD,2008-s5,A,D,P1045,5,5,2,1,2,26,24,52,8,0,8
2008-s5-A-GD,2008-s5,A,D,P0965,6,6,1,5,0,25,35,42,3,1,4
2008-s5-A-GE,2008-s5,A,E,P1002,0,6,4,0,2,35,25,58,14,1,15
2008-s5-A-GE,2008-s5,A,E,P1148,1,6,0,5,1,21,39,35,1,1,2
2008-s5-A-GE,2008-s5,A,E,P1138,2,6,3,3,0,28,32,47,9,1,10
2008-s5-A-GE,2008-s5,A,E,P0617,3,5,2,3,0,26,24,52,6,0,6
2008-s5-A-GE,2008-s5,A,E,P1037,4,5,3,1,1,30,20,60,10,0,10
2008-s5-A-GE,2008-s5,A,E,P0951,5,6,2,4,0,28,32,47,6,1,7
2008-s5-A-GE,2008-s5,A,E,P0363,6,4,3,1,0,22,18,55,9,0,9
2008-s5-A-GF,2008-s5,A,F,P0512,0,6,6,0,0,44,16,73,18,1,19
2008-s5-A-GF,2008-s5,A,F,P1111,1,5,1,4,0,17,33,34,3,0,3
2008-s5-A-GF,2008-s5,A,F,P1010,2,5,1,4,0,11,39,22,3,0,3
2008-s5-A-GF,2008-s5,A,F,P0982,3,6,2,4,0,27,33,45,6,1,7
2008-s5-A-GF,2008-s5,A,F,P1105,4,6,5,1,0,45,15,75,15,1,16
2008-s5-A-GF,2008-s5,A,F,P0616,5,6,3,3,0,26,34,43,9,1,10
2008-s5-A-GF,2008-s5,A,F,P1042,6,6,2,4,0,30,30,50,6,1,7
2008-s5-A-GG,2008-s5,A,G,P1097,0,6,2,4,0,26,34,43,6,1,7
2008-s5-A-GG,2008-s5,A,G,P1166,1,6,3,3,0,31,29,52,9,1,10
2008-s5-A-GG,2008-s5,A,G,P0607,2,6,5,1,0,37,23,62,15,1,16
2008-s5-A-GG,2008-s5,A,G,P0858,3,5,3,1,1,30,20,60,10,0,10
2008-s5-A-GG,2008-s5,A,G,P0996,4,6,3,2,1,32,28,53,10,1,11
2008-s5-A-GG,2008-s5,A,G,P1034,5,5,1,4,0,14,36,28,3,0,3
2008-s5-A-GG,2008-s5,A,G,P0658,6,6,2,4,0,30,30,50,6,1,7
2008-s5-B-GA,2008-s5,B,A,P0928,0,4,0,4,0,9,31,23,0,0,0
2008-s5-B-GA,2008-s5,B,A,P1160,1,6,3,3,0,30,30,50,9,1,10
2008-s5-B-GA,2008-s5,B,A,P1053,2,6,4,2,0,38,22,63,12,1,13
2008-s5-B-GA,2008-s5,B,A,P1130,3,6,1,5,0,21,39,35,3,1,4
2008-s5-B-GA,2008-s5,B,A,P1025,4,5,5,0,0,37,13,74,15,0,15
2008-s5-B-GA,2008-s5,B,A,P1177,5,5,2,3,0,17,33,34,6,0,6
2008-s5-B-GA,2008-s5,B,A,P1048,6,6,4,2,0,38,22,63,12,1,13
2008-s5-B-GB,2008-s5,B,B,P1146,0,4,3,1,0,23,17,58,9,0,9
2008-s5-B-GB,2008-s5,B,B,P0685,1,5,2,2,1,24,26,48,7,0,7
2008-s5-B-GB,2008-s5,B,B,P1135,2,4,2,2,0,21,19,53,6,0,6
2008-s5-B-GB,2008-s5,B,B,P1005,3,6,2,3,1,36,24,60,7,1,8
2008-s5-B-GB,2008-s5,B,B,P1151,4,5,3,1,1,34,16,68,10,0,10
2008-s5-B-GB,2008-s5,B,B,P1173,5,6,0,6,0,0,60,0,0,1,1
2008-s5-B-GB,2008-s5,B,B,P0327,6,6,4,1,1,42,18,70,13,1,14
2008-s5-B-GC,2008-s5,B,C,P1098,0,6,3,3,0,33,27,55,9,1,10
2008-s5-B-GC,2008-s5,B,C,P1008,1,6,4,0,2,39,21,65,14,1,15
2008-s5-B-GC,2008-s5,B,C,P0793,2,5,1,3,1,15,35,30,4,0,4
2008-s5-B-GC,2008-s5,B,C,P0431,3,6,1,4,1,22,38,37,4,1,5
2008-s5-B-GC,2008-s5,B,C,P1057,4,6,3,2,1,28,32,47,10,1,11
2008-s5-B-GC,2008-s5,B,C,P1167,5,6,4,2,0,40,20,67,12,1,13
2008-s5-B-GC,2008-s5,B,C,P1096,6,5,1,3,1,23,27,46,4,0,4
2008-s5-B-GD,2008-s5,B,D,P1067,0,4,2,2,0,25,15,63,6,0,6
2008-s5-B-GD,2008-s5,B,D,P1046,1,5,3,1,1,27,23,54,10,0,10
2008-s5-B-GD,2008-s5,B,D,P1032,2,5,1,2,2,19,31,38,5,0,5
2008-s5-B-GD,2008-s5,B,D,P1060,3,5,2,2,1,28,22,56,7,0,7
2008-s5-B-GD,2008-s5,B,D,P1043,4,4,0,4,0,11,29,28,0,0,0
2008-s5-B-GD,2008-s5,B,D,P1112,5,5,4,1,0,30,20,60,12,0,12
2008-s5-B-GD,2008-s5,B,D,P1133,6,0,0,0,0,0,0,,0,0,0
2008-s5-B-GE,2008-s5,B,E,P1050,0,6,2,3,1,32,28,53,7,1,8
2008-s5-B-GE,2008-s5,B,E,P0938,1,6,4,1,1,42,18,70,13,1,14
2008-s5-B-GE,2008-s5,B,E,P1108,2,6,4,1,1,45,15,75,13,1,14
2008-s5-B-GE,2008-s5,B,E,P1018,3,6,1,5,0,21,39,35,3,1,4
2008-s5-B-GE,2008-s5,B,E,P0718,4,6,1,4,1,15,45,25,4,1,5
2008-s5-B-GE,2008-s5,B,E,P0959,5,6,1,4,1,17,43,28,4,1,5
2008-s5-B-GE,2008-s5,B,E,P1134,6,6,5,0,1,38,22,63,16,1,17
2008-s5-B-GF,2008-s5,B,F,P1091,0,6,3,2,1,29,31,48,10,1,11
2008-s5-B-GF,2008-s5,B,F,P0217,1,6,2,4,0,28,32,47,6,1,7
2008-s5-B-GF,2008-s5,B,F,P1123,2,6,5,0,1,41,19,68,16,1,17
2008-s5-B-GF,2008-s5,B,F,P0995,3,3,1,2,0,13,17,43,3,0,3
2008-s5-B-GF,2008-s5,B,F,P1139,4,3,0,3,0,8,22,27,0,0,0
2008-s5-B-GF,2008-s5,B,F,P0952,5,4,2,1,1,20,20,50,7,0,7
2008-s5-B-GF,2008-s5,B,F,P1106,6,4,1,2,1,21,19,53,4,0,4
2009-s1-A-GA,2009-s1,A,A,P0558,0,6,4,2,0,33,27,55,12,1,13
2009-s1-A-GA,2009-s1,A,A,P0689,1,4,2,2,0,19,21,48,6,0,6
2009-s1-A-GA,2009-s1,A,A,P0658,2,5,0,5,0,18,32,36,0,0,0
2009-s1-A-GA,2009-s1,A,A,P0029,3,6,5,1,0,36,24,60,15,1,16
2009-s1-A-GA,2009-s1,A,A,P1244,4,4,2,2,0,20,20,50,6,0,6
2009-s1-A-GA,2009-s1,A,A,P0697,5,3,0,3,0,10,20,33,0,0,0
2009-s1-A-GA,2009-s1,A,A,P1294,6,6,4,2,0,34,26,57,12,1,13
2009-s1-A-GB,2009-s1,A,B,P1158,0,6,2,3,1,32,28,53,7,1,8
2009-s1-A-GB,2009-s1,A,B,P1383,1,6,1,5,0,23,37,38,3,1,4
2009-s1-A-GB,2009-s1,A,B,P1310,2,5,0,5,0,12,38,24,0,0,0
2009-s1-A-GB,2009-s1,A,B,P0672,3,6,4,1,1,34,26,57,13,1,14
2009-s1-A-GB,2009-s1,A,B,P0969,4,6,4,1,1,36,24,60,13,1,14
2009-s1-A-GB,2009-s1,A,B,P1303,5,5,1,3,1,21,29,42,4,0,4
2009-s1-A-GB,2009-s1,A,B,P1368,6,6,6,0,0,42,18,70,18,1,19
2009-s1-A-GC,2009-s1,A,C,P0858,0,5,5,0,0,40,10,80,15,0,15
2009-s1-A-GC,2009-s1,A,C,P0363,1,4,1,3,0,13,27,33,3,0,3
2009-s1-A-GC,2009-s1,A,C,P1151,2,5,0,4,1,11,39,22,1,0,1
2009-s1-A-GC,2009-s1,A,C,P0616,3,6,0,5,1,20,40,33,1,1,2
2009-s1-A-GC,2009-s1,A,C,P1074,4,6,3,3,0,33,27,55,9,1,10
2009-s1-A-GC,2009-s1,A,C,P0707,5,6,4,2,0,32,28,53,12,1,13
2009-s1-A-GC,2009-s1,A,C,P0951,6,6,5,1,0,41,19,68,15,1,16
2009-s1-A-GD,2009-s1,A,D,P0512,0,6,5,1,0,44,16,73,15,1,16
2009-s1-A-GD,2009-s1,A,D,P0982,1,5,0,5,0,7,43,14,0,0,0
2009-s1-A-GD,2009-s1,A,D,P1330,2,6,4,2,0,35,25,58,12,1,13
2009-s1-A-GD,2009-s1,A,D,P1259,3,6,3,3,0,32,28,53,9,1,10
2009-s1-A-GD,2009-s1,A,D,P1324,4,5,1,4,0,16,34,32,3,0,3
2009-s1-A-GD,2009-s1,A,D,P1292,5,6,4,2,0,39,21,65,12,1,13
2009-s1-A-GD,2009-s1,A,D,P1241,6,6,3,3,0,27,33,45,9,1,10
2009-s1-A-GE,2009-s1,A,E,P1318,0,5,1,4,0,20,30,40,3,0,3
2009-s1-A-GE,2009-s1,A,E,P0607,1,6,3,2,1,32,28,53,10,1,11
2009-s1-A-GE,2009-s1,A,E,P0140,2,6,3,2,1,36,24,60,10,1,11
2009-s1-A-GE,2009-s1,A,E,P0820,3,5,0,5,0,15,35,30,0,0,0
2009-s1-A-GE,2009-s1,A,E,P0984,4,6,5,0,1,38,22,63,16,1,17
2009-s1-A-GE,2009-s1,A,E,P0491,5,6,5,0,1,37,23,62,16,1,17
2009-s1-A-GE,2009-s1,A,E,P1040,6,4,0,4,0,12,28,30,0,0,0
2009-s1-A-GF,2009-s1,A,F,P1088,0,6,4,2,0,42,18,70,12,1,13
2009-s1-A-GF,2009-s1,A,F,P1104,1,5,2,3,0,20,30,40,6,0,6
2009-s1-A-GF,2009-s1,A,F,P0962,2,4,3,1,0,26,14,65,9,0,9
2009-s1-A-GF,2009-s1,A,F,P1360,3,6,4,2,0,38,22,63,12,1,13
2009-s1-A-GF,2009-s1,A,F,P1054,4,6,3,3,0,33,27,55,9,1,10
2009-s1-A-GF,2009-s1,A,F,P1236,5,3,0,3,0,1,29,3,0,0,0
2009-s1-A-GF,2009-s1,A,F,P1354,6,4,1,3,0,10,30,25,3,0,3
2009-s1-A-GG,2009-s1,A,G,P1205,0,6,4,1,1,32,28,53,13,1,14
2009-s1-A-GG,2009-s1,A,G,P1282,1,6,0,6,0,15,45,25,0,1,1
2009-s1-A-GG,2009-s1,A,G,P1051,2,5,1,4,0,18,32,36,3,0,3
2009-s1-A-GG,2009-s1,A,G,P1284,3,6,3,3,0,29,31,48,9,1,10
2009-s1-A-GG,2009-s1,A,G,P1194,4,6,3,2,1,33,27,55,10,1,11
2009-s1-A-GG,2009-s1,A,G,P1349,5,5,2,3,0,23,27,46,6,0,6
2009-s1-A-GG,2009-s1,A,G,P1002,6,6,6,0,0,50,10,83,18,1,19
2009-s1-A-GH,2009-s1,A,H,P1022,0,5,4,0,1,30,20,60,13,0,13
2009-s1-A-GH,2009-s1,A,H,P1361,1,3,0,2,1,8,22,27,1,0,1
2009-s1-A-GH,2009-s1,A,H,P0678,2,4,1,3,0,17,23,43,3,0,3
2009-s1-A-GH,2009-s1,A,H,P1275,3,4,2,2,0,17,23,43,6,0,6
2009-s1-A-GH,2009-s1,A,H,P1357,4,6,0,5,1,23,37,38,1,1,2
2009-s1-A-GH,2009-s1,A,H,P0764,5,6,3,2,1,34,26,57,10,1,11
2009-s1-A-GH,2009-s1,A,H,P1085,6,6,4,0,2,41,19,68,14,1,15
2009-s1-B-GA,2009-s1,B,A,P0938,0,5,1,3,1,22,28,44,4,0,4
2009-s1-B-GA,2009-s1,B,A,P1290,1,6,3,2,1,29,31,48,10,1,11
2009-s1-B-GA,2009-s1,B,A,P0870,2,6,4,2,0,33,27,55,12,1,13
2009-s1-B-GA,2009-s1,B,A,P1108,3,4,1,2,1,20,20,50,4,0,4
2009-s1-B-GA,2009-s1,B,A,P0217,4,5,1,3,1,24,26,48,4,0,4
2009-s1-B-GA,2009-s1,B,A,P1195,5,6,3,2,1,33,27,55,10,1,11
2009-s1-B-GA,2009-s1,B,A,P0772,6,6,3,2,1,29,31,48,10,1,11
2009-s1-B-GB,2009-s1,B,B,P0999,0,6,3,1,2,35,25,58,11,1,12
2009-s1-B-GB,2009-s1,B,B,P1005,1,6,3,2,1,34,26,57,10,1,11
2009-s1-B-GB,2009-s1,B,B,P1196,2,6,4,2,0,38,22,63,12,1,13
2009-s1-B-GB,2009-s1,B,B,P1302,3,5,1,4,0,18,32,36,3,0,3
2009-s1-B-GB,2009-s1,B,B,P1184,4,6,2,3,1,27,33,45,7,1,8
2009-s1-B-GB,2009-s1,B,B,P0928,5,4,2,2,0,14,26,35,6,0,6
2009-s1-B-GB,2009-s1,B,B,P1060,6,5,2,3,0,24,26,48,6,0,6
2009-s1-B-GC,2009-s1,B,C,P1371,0,6,4,1,1,43,17,72,13,1,14
2009-s1-B-GC,2009-s1,B,C,P1167,1,6,4,1,1,36,24,60,13,1,14
2009-s1-B-GC,2009-s1,B,C,P1096,2,6,4,1,1,36,24,60,13,1,14
2009-s1-B-GC,2009-s1,B,C,P1362,3,5,2,3,0,25,25,50,6,0,6
2009-s1-B-GC,2009-s1,B,C,P1346,4,4,1,2,1,18,22,45,4,0,4
2009-s1-B-GC,2009-s1,B,C,P1219,5,6,1,5,0,16,44,27,3,1,4
2009-s1-B-GC,2009-s1,B,C,P1186,6,5,1,4,0,16,34,32,3,0,3
2009-s1-B-GD,2009-s1,B,D,P1298,0,4,0,4,0,10,30,25,0,0,0
2009-s1-B-GD,2009-s1,B,D,P1289,1,6,6,0,0,45,15,75,18,1,19
2009-s1-B-GD,2009-s1,B,D,P1106,2,5,2,3,0,26,24,52,6,0,6
2009-s1-B-GD,2009-s1,B,D,P1190,3,4,0,4,0,9,31,23,0,0,0
2009-s1-B-GD,2009-s1,B,D,P1347,4,6,5,1,0,37,23,62,15,1,16
2009-s1-B-GD,2009-s1,B,D,P1204,5,5,3,2,0,31,19,62,9,0,9
2009-s1-B-GD,2009-s1,B,D,P1057,6,2,0,2,0,2,18,10,0,0,0
2009-s1-B-GE,2009-s1,B,E,P1287,0,6,1,4,1,27,33,45,4,1,5
2009-s1-B-GE,2009-s1,B,E,P1208,1,6,0,6,0,18,42,30,0,1,1
2009-s1-B-GE,2009-s1,B,E,P0344,2,6,3,1,2,34,26,57,11,1,12
2009-s1-B-GE,2009-s1,B,E,P1032,3,6,3,1,2,32,28,53,11,1,12
2009-s1-B-GE,2009-s1,B,E,P0907,4,6,3,2,1,32,28,53,10,1,11
2009-s1-B-GE,2009-s1,B,E,P1127,5,6,4,1,1,38,22,63,13,1,14
2009-s1-B-GE,2009-s1,B,E,P1185,6,6,3,2,1,29,31,48,10,1,11
2009-s1-B-GF,2009-s1,B,F,P1351,0,5,4,1,0,33,17,66,12,0,12
2009-s1-B-GF,2009-s1,B,F,P1230,1,5,4,1,0,33,17,66,12,0,12
2009-s1-B-GF,2009-s1,B,F,P1278,2,4,3,1,0,26,14,65,9,0,9
2009-s1-B-GF,2009-s1,B,F,P1331,3,2,0,2,0,1,19,5,0,0,0
2009-s1-B-GF,2009-s1,B,F,P0431,4,6,3,3,0,32,28,53,9,1,10
2009-s1-B-GF,2009-s1,B,F,P1252,5,4,0,4,0,15,25,38,0,0,0
2009-s1-B-GF,2009-s1,B,F,P0718,6,2,0,2,0,0,20,0,0,0,0
2009-s2-A-GA,2009-s2,A,A,P0748,0,6,3,2,1,33,27,55,10,1,11
2009-s2-A-GA,2009-s2,A,A,P1388,1,3,2,1,0,17,13,57,6,0,6
2009-s2-A-GA,2009-s2,A,A,P1258,2,4,1,3,0,16,24,40,3,0,3
2009-s2-A-GA,2009-s2,A,A,P1381,3,6,2,4,0,30,30,50,6,1,7
2009-s2-A-GA,2009-s2,A,A,P1261,4,2,1,1,0,9,11,45,3,0,3
2009-s2-A-GA,2009-s2,A,A,P1074,5,3,1,1,1,13,17,43,4,0,4
2009-s2-A-GA,2009-s2,A,A,P0140,6,2,2,0,0,12,8,60,6,0,6
2009-s2-A-GB,2009-s2,A,B,P1176,0,4,1,3,0,16,24,40,3,0,3
2009-s2-A-GB,2009-s2,A,B,P0969,1,4,1,3,0,12,28,30,3,0,3
2009-s2-A-GB,2009-s2,A,B,P1223,2,5,4,1,0,36,14,72,12,0,12
2009-s2-A-GB,2009-s2,A,B,P0984,3,6,5,1,0,39,21,65,15,1,16
2009-s2-A-GB,2009-s2,A,B,P0962,4,6,4,2,0,34,26,57,12,1,13
2009-s2-A-GB,2009-s2,A,B,P1127,5,4,0,4,0,13,27,33,0,0,0
2009-s2-A-GB,2009-s2,A,B,P0255,6,5,2,3,0,20,30,40,6,0,6
2009-s2-A-GC,2009-s2,A,C,P1380,0,6,5,1,0,42,18,70,15,1,16
2009-s2-A-GC,2009-s2,A,C,P0558,1,6,2,4,0,24,36,40,6,1,7
2009-s2-A-GC,2009-s2,A,C,P0858,2,5,4,1,0,33,17,66,12,0,12
2009-s2-A-GC,2009-s2,A,C,P0707,3,6,5,1,0,42,18,70,15,1,16
2009-s2-A-GC,2009-s2,A,C,P1266,4,6,3,3,0,37,23,62,9,1,10
2009-s2-A-GC,2009-s2,A,C,P1075,5,6,1,5,0,8,52,13,3,1,4
2009-s2-A-GC,2009-s2,A,C,P1358,6,5,0,5,0,14,36,28,0,0,0
2009-s2-A-GD,2009-s2,A,D,P1237,0,5,1,4,0,14,36,28,3,0,3
2009-s2-A-GD,2009-s2,A,D,P1312,1,6,5,1,0,43,17,72,15,1,16
2009-s2-A-GD,2009-s2,A,D,P1326,2,6,2,3,1,29,31,48,7,1,8
2009-s2-A-GD,2009-s2,A,D,P0196,3,6,3,1,2,35,25,58,11,1,12
2009-s2-A-GD,2009-s2,A,D,P1255,4,5,3,2,0,24,26,48,9,0,9
2009-s2-A-GD,2009-s2,A,D,P1063,5,6,1,5,0,21,39,35,3,1,4
2009-s2-A-GD,2009-s2,A,D,P1390,6,6,3,2,1,34,26,57,10,1,11
2009-s2-A-GE,2009-s2,A,E,P1304,0,5,3,1,1,30,20,60,10,0,10
2009-s2-A-GE,2009-s2,A,E,P1093,1,6,3,2,1,27,33,45,10,1,11
2009-s2-A-GE,2009-s2,A,E,P1192,2,5,2,2,1,28,22,56,7,0,7
2009-s2-A-GE,2009-s2,A,E,P0950,3,6,3,3,0,30,30,50,9,1,10
2009-s2-A-GE,2009-s2,A,E,P1172,4,6,0,4,2,21,39,35,2,1,3
2009-s2-A-GE,2009-s2,A,E,P1293,5,6,4,1,1,36,24,60,13,1,14
2009-s2-A-GE,2009-s2,A,E,P1179,6,6,0,2,4,28,32,47,4,1,5
2009-s2-A-GF,2009-s2,A,F,P0366,0,6,3,2,1,35,25,58,10,1,11
2009-s2-A-GF,2009-s2,A,F,P1206,1,4,1,3,0,15,25,38,3,0,3
2009-s2-A-GF,2009-s2,A,F,P1167,2,4,0,4,0,6,34,15,0,0,0
2009-s2-A-GF,2009-s2,A,F,P1340,3,6,3,2,1,34,26,57,10,1,11
2009-s2-A-GF,2009-s2,A,F,P1354,4,4,1,1,2,20,20,50,5,0,5
2009-s2-A-GF,2009-s2,A,F,P1296,5,6,4,2,0,38,22,63,12,1,13
2009-s2-A-GF,2009-s2,A,F,P1279,6,6,4,2,0,32,28,53,12,1,13
2009-s2-A-GG,2009-s2,A,G,P1376,0,5,1,4,0,20,30,40,3,0,3
2009-s2-A-GG,2009-s2,A,G,P1088,1,6,4,2,0,32,28,53,12,1,13
2009-s2-A-GG,2009-s2,A,G,P1231,2,5,3,2,0,29,21,58,9,0,9
2009-s2-A-GG,2009-s2,A,G,P1215,3,6,1,5,0,16,44,27,3,1,4
2009-s2-A-GG,2009-s2,A,G,P0764,4,6,4,2,0,32,28,53,12,1,13
2009-s2-A-GG,2009-s2,A,G,P1318,5,6,5,1,0,45,15,75,15,1,16
2009-s2-A-GG,2009-s2,A,G,P1289,6,6,2,4,0,26,34,43,6,1,7
2009-s2-A-GH,2009-s2,A,H,P1384,0,6,1,3,2,29,31,48,5,1,6
2009-s2-A-GH,2009-s2,A,H,P0512,1,5,3,1,1,29,21,58,10,0,10
2009-s2-A-GH,2009-s2,A,H,P0951,2,6,1,4,1,21,39,35,4,1,5
2009-s2-A-GH,2009-s2,A,H,P1368,3,5,4,1,0,33,17,66,12,0,12
2009-s2-A-GH,2009-s2,A,H,P1232,4,6,4,1,1,36,24,60,13,1,14
2009-s2-A-GH,2009-s2,A,H,P1199,5,4,1,1,2,22,18,55,5,0,5
2009-s2-A-GH,2009-s2,A,H,P1038,6,4,0,3,1,10,30,25,1,0,1
2009-s2-B-GA,2009-s2,B,A,P0772,0,6,2,4,0,29,31,48,6,1,7
2009-s2-B-GA,2009-s2,B,A,P1197,1,6,4,1,1,31,29,52,13,1,14
2009-s2-B-GA,2009-s2,B,A,P1032,2,6,2,4,0,21,39,35,6,1,7
2009-s2-B-GA,2009-s2,B,A,P1147,3,6,4,2,0,34,26,57,12,1,13
2009-s2-B-GA,2009-s2,B,A,P1355,4,6,4,1,1,42,18,70,13,1,14
2009-s2-B-GA,2009-s2,B,A,P1204,5,6,1,5,0,17,43,28,3,1,4
2009-s2-B-GA,2009-s2,B,A,P1273,6,6,3,3,0,36,24,60,9,1,10
2009-s2-B-GB,2009-s2,B,B,P1300,0,6,6,0,0,47,13,78,18,1,19
2009-s2-B-GB,2009-s2,B,B,P1305,1,5,2,3,0,22,28,44,6,0,6
2009-s2-B-GB,2009-s2,B,B,P0907,2,4,2,2,0,15,25,38,6,0,6
2009-s2-B-GB,2009-s2,B,B,P1224,3,4,0,4,0,11,29,28,0,0,0
2009-s2-B-GB,2009-s2,B,B,P1220,4,6,1,5,0,25,35,42,3,1,4
2009-s2-B-GB,2009-s2,B,B,P1229,5,6,4,2,0,36,24,60,12,1,13
2009-s2-B-GB,2009-s2,B,B,P1346,6,5,3,2,0,24,26,48,9,0,9
2009-s2-B-GC,2009-s2,B,C,P1247,0,6,3,3,0,33,27,55,9,1,10
2009-s2-B-GC,2009-s2,B,C,P1322,1,5,5,0,0,41,9,82,15,0,15
2009-s2-B-GC,2009-s2,B,C,P1217,2,5,3,1,1,31,19,62,10,0,10
2009-s2-B-GC,2009-s2,B,C,P1287,3,6,4,1,1,36,24,60,13,1,14
2009-s2-B-GC,2009-s2,B,C,P0431,4,6,2,3,1,31,29,52,7,1,8
2009-s2-B-GC,2009-s2,B,C,P1333,5,6,1,4,1,28,32,47,4,1,5
2009-s2-B-GC,2009-s2,B,C,P1378,6,6,0,6,0,0,60,0,0,0,0
2009-s2-B-GD,2009-s2,B,D,P1295,0,6,0,6,0,4,56,7,0,1,1
2009-s2-B-GD,2009-s2,B,D,P1282,1,6,4,2,0,34,26,57,12,1,13
2009-s2-B-GD,2009-s2,B,D,P1347,2,6,4,2,0,38,22,63,12,1,13
2009-s2-B-GD,2009-s2,B,D,P0870,3,6,5,0,1,39,21,65,16,1,17
2009-s2-B-GD,2009-s2,B,D,P1242,4,6,2,2,2,34,26,57,8,1,9
2009-s2-B-GD,2009-s2,B,D,P1320,5,6,3,3,0,35,25,58,9,1,10
2009-s2-B-GD,2009-s2,B,D,P1364,6,6,1,4,1,26,34,43,4,1,5
2009-s2-B-GE,2009-s2,B,E,P1280,0,6,0,6,0,18,42,30,0,1,1
2009-s2-B-GE,2009-s2,B,E,P1372,1,6,2,1,3,31,29,52,9,1,10
2009-s2-B-GE,2009-s2,B,E,P1344,2,6,4,1,1,36,24,60,13,1,14
2009-s2-B-GE,2009-s2,B,E,P1310,3,6,1,3,2,24,36,40,5,1,6
2009-s2-B-GE,2009-s2,B,E,P1187,4,6,3,1,2,42,18,70,11,1,12
2009-s2-B-GE,2009-s2,B,E,P1265,5,6,3,0,3,37,23,62,12,1,13
2009-s2-B-GE,2009-s2,B,E,P1209,6,6,2,3,1,22,38,37,7,1,8
2009-s2-B-GF,2009-s2,B,F,P0820,0,5,2,2,1,27,23,54,7,0,7
2009-s2-B-GF,2009-s2,B,F,P0217,1,4,3,1,0,24,16,60,9,0,9
2009-s2-B-GF,2009-s2,B,F,P1370,2,5,0,4,1,11,39,22,1,0,1
2009-s2-B-GF,2009-s2,B,F,P1288,3,6,3,3,0,30,30,50,9,1,10
2009-s2-B-GF,2009-s2,B,F,P1373,4,6,5,1,0,42,18,70,15,1,16
2009-s2-B-GF,2009-s2,B,F,P1306,5,6,2,4,0,27,33,45,6,1,7
2009-s2-B-GF,2009-s2,B,F,P1130,6,6,3,3,0,29,31,48,9,1,10
2009-s3-A-GA,2009-s3,A,A,P1103,0,5,4,1,0,29,21,58,12,0,12
2009-s3-A-GA,2009-s3,A,A,P0748,1,6,3,3,0,32,28,53,9,1,10
2009-s3-A-GA,2009-s3,A,A,P1300,2,5,3,2,0,28,22,56,9,0,9
2009-s3-A-GA,2009-s3,A,A,P1096,3,4,0,4,0,14,26,35,0,0,0
2009-s3-A-GA,2009-s3,A,A,P0558,4,6,2,4,0,24,36,40,6,1,7
2009-s3-A-GA,2009-s3,A,A,P1095,5,4,1,3,0,17,23,43,3,0,3
2009-s3-A-GA,2009-s3,A,A,P1304,6,4,4,0,0,26,14,65,12,0,12
2009-s3-A-GB,2009-s3,A,B,P1088,0,6,2,4,0,21,39,35,6,1,7
2009-s3-A-GB,2009-s3,A,B,P1289,1,5,4,1,0,34,16,68,12,0,12
2009-s3-A-GB,2009-s3,A,B,P1243,2,4,2,2,0,17,23,43,6,0,6
2009-s3-A-GB,2009-s3,A,B,P0073,3,6,4,2,0,34,26,57,12,1,13
2009-s3-A-GB,2009-s3,A,B,P0658,4,6,4,2,0,39,21,65,12,1,13
2009-s3-A-GB,2009-s3,A,B,P0344,5,5,1,4,0,19,31,38,3,0,3
2009-s3-A-GB,2009-s3,A,B,P1176,6,4,1,3,0,16,24,40,3,0,3
2009-s3-A-GC,2009-s3,A,C,P1368,0,6,5,0,1,43,17,72,16,1,17
2009-s3-A-GC,2009-s3,A,C,P1323,1,4,2,2,0,18,22,45,6,0,6
2009-s3-A-GC,2009-s3,A,C,P1345,2,5,0,5,0,17,33,34,0,0,0
2009-s3-A-GC,2009-s3,A,C,P1034,3,5,3,2,0,32,18,64,9,0,9
2009-s3-A-GC,2009-s3,A,C,P1291,4,5,1,4,0,13,37,26,3,0,3
2009-s3-A-GC,2009-s3,A,C,P0029,5,6,5,1,0,42,18,70,15,1,16
2009-s3-A-GC,2009-s3,A,C,P1373,6,3,0,2,1,5,25,17,1,0,1
2009-s3-A-GD,2009-s3,A,D,P0707,0,6,5,1,0,40,20,67,15,1,16
2009-s3-A-GD,2009-s3,A,D,P0969,1,6,5,1,0,38,22,63,15,1,16
2009-s3-A-GD,2009-s3,A,D,P0255,2,4,1,2,1,19,21,48,4,0,4
2009-s3-A-GD,2009-s3,A,D,P1381,3,6,0,6,0,20,40,33,0,1,1
2009-s3-A-GD,2009-s3,A,D,P1147,4,5,2,3,0,18,32,36,6,0,6
2009-s3-A-GD,2009-s3,A,D,P0273,5,5,2,3,0,28,22,56,6,0,6
2009-s3-A-GD,2009-s3,A,D,P1234,6,6,3,2,1,27,33,45,10,1,11
2009-s3-A-GE,2009-s3,A,E,P1297,0,4,2,1,1,21,19,53,7,0,7
2009-s3-A-GE,2009-s3,A,E,P1172,1,6,5,0,1,37,23,62,16,1,17
2009-s3-A-GE,2009-s3,A,E,P1197,2,4,0,4,0,11,29,28,0,0,0
2009-s3-A-GE,2009-s3,A,E,P1287,3,3,0,3,0,11,19,37,0,0,0
2009-s3-A-GE,2009-s3,A,E,P1343,4,6,3,3,0,36,24,60,9,1,10
2009-s3-A-GE,2009-s3,A,E,P1256,5,4,1,3,0,14,26,35,3,0,3
2009-s3-A-GE,2009-s3,A,E,P1380,6,5,4,1,0,30,20,60,12,0,12
2009-s3-A-GF,2009-s3,A,F,P1193,0,6,5,0,1,43,17,72,16,1,17
2009-s3-A-GF,2009-s3,A,F,P1227,1,6,5,1,0,37,23,62,15,1,16
2009-s3-A-GF,2009-s3,A,F,P1245,2,5,1,4,0,15,35,30,3,0,3
2009-s3-A-GF,2009-s3,A,F,P0951,3,6,3,2,1,40,20,67,10,1,11
2009-s3-A-GF,2009-s3,A,F,P1390,4,6,0,6,0,17,43,28,0,1,1
2009-s3-A-GF,2009-s3,A,F,P0363,5,5,2,3,0,20,30,40,6,0,6
2009-s3-A-GF,2009-s3,A,F,P1327,6,6,3,3,0,28,32,47,9,1,10
2009-s3-A-GG,2009-s3,A,G,P0757,0,6,3,2,1,36,24,60,10,1,11
2009-s3-A-GG,2009-s3,A,G,P0140,1,6,5,0,1,44,16,73,16,1,17
2009-s3-A-GG,2009-s3,A,G,P0024,2,6,2,4,0,27,33,45,6,1,7
2009-s3-A-GG,2009-s3,A,G,P1316,3,5,3,2,0,28,22,56,9,0,9
2009-s3-A-GG,2009-s3,A,G,P1358,4,5,1,4,0,21,29,42,3,0,3
2009-s3-A-GG,2009-s3,A,G,P1182,5,6,0,6,0,0,60,0,0,1,1
2009-s3-A-GG,2009-s3,A,G,P0962,6,6,5,1,0,44,16,73,15,1,16
2009-s3-A-GH,2009-s3,A,H,P0078,0,6,3,1,2,34,26,57,11,1,12
2009-s3-A-GH,2009-s3,A,H,P0847,1,6,5,0,1,43,17,72,16,1,17
2009-s3-A-GH,2009-s3,A,H,P1040,2,5,1,4,0,23,27,46,3,0,3
2009-s3-A-GH,2009-s3,A,H,P1075,3,6,5,1,0,42,18,70,15,1,16
2009-s3-A-GH,2009-s3,A,H,P0858,4,6,0,6,0,0,60,0,0,1,1
2009-s3-A-GH,2009-s3,A,H,P1202,5,5,1,4,0,19,31,38,3,0,3
2009-s3-A-GH,2009-s3,A,H,P0617,6,6,3,2,1,39,21,65,10,1,11
2009-s3-B-GA,2009-s3,B,A,P1311,0,4,1,3,0,12,28,30,3,0,3
2009-s3-B-GA,2009-s3,B,A,P1179,1,5,2,1,2,29,21,58,8,0,8
2009-s3-B-GA,2009-s3,B,A,P1210,2,6,0,6,0,13,47,22,0,1,1
2009-s3-B-GA,2009-s3,B,A,P1224,3,6,4,2,0,36,24,60,12,1,13
2009-s3-B-GA,2009-s3,B,A,P1385,4,4,2,2,0,19,21,48,6,0,6
2009-s3-B-GA,2009-s3,B,A,P1268,5,5,2,2,1,30,20,60,7,0,7
2009-s3-B-GA,2009-s3,B,A,P1332,6,6,5,0,1,41,19,68,16,1,17
2009-s3-B-GB,2009-s3,B,B,P1282,0,6,3,2,1,26,34,43,10,1,11
2009-s3-B-GB,2009-s3,B,B,P1216,1,5,2,1,2,33,17,66,8,0,8
2009-s3-B-GB,2009-s3,B,B,P1265,2,4,0,4,0,6,34,15,0,0,0
2009-s3-B-GB,2009-s3,B,B,P1346,3,5,2,3,0,19,31,38,6,0,6
2009-s3-B-GB,2009-s3,B,B,P1260,4,4,1,3,0,12,28,30,3,0,3
2009-s3-B-GB,2009-s3,B,B,P1355,5,5,3,0,2,39,11,78,11,0,11
2009-s3-B-GB,2009-s3,B,B,P1225,6,5,3,1,1,35,15,70,10,0,10
2009-s3-B-GC,2009-s3,B,C,P1340,0,6,6,0,0,48,12,80,18,1,19
2009-s3-B-GC,2009-s3,B,C,P1221,1,3,1,2,0,11,19,37,3,0,3
2009-s3-B-GC,2009-s3,B,C,P1387,2,5,1,4,0,15,35,30,3,0,3
2009-s3-B-GC,2009-s3,B,C,P1106,3,3,2,1,0,20,10,67,6,0,6
2009-s3-B-GC,2009-s3,B,C,P1269,4,4,2,2,0,20,20,50,6,0,6
2009-s3-B-GC,2009-s3,B,C,P1341,5,2,0,2,0,5,15,25,0,0,0
2009-s3-B-GC,2009-s3,B,C,P1329,6,1,0,1,0,1,9,10,0,0,0
2009-s3-B-GD,2009-s3,B,D,P0820,0,5,4,0,1,35,15,70,13,0,13
2009-s3-B-GD,2009-s3,B,D,P1187,1,5,2,2,1,26,24,52,7,0,7
2009-s3-B-GD,2009-s3,B,D,P0431,2,6,3,2,1,30,30,50,10,1,11
2009-s3-B-GD,2009-s3,B,D,P0217,3,3,1,2,0,14,16,47,3,0,3
2009-s3-B-GD,2009-s3,B,D,P1315,4,3,1,2,0,7,23,23,3,0,3
2009-s3-B-GD,2009-s3,B,D,P0976,5,4,0,4,0,10,30,25,0,0,0
2009-s3-B-GD,2009-s3,B,D,P1371,6,6,3,2,1,38,22,63,10,1,11
2009-s3-B-GE,2009-s3,B,E,P1353,0,6,5,1,0,40,20,67,15,1,16
2009-s3-B-GE,2009-s3,B,E,P1120,1,3,1,2,0,12,18,40,3,0,3
2009-s3-B-GE,2009-s3,B,E,P1057,2,6,2,3,1,27,33,45,7,1,8
2009-s3-B-GE,2009-s3,B,E,P1365,3,4,0,4,0,13,27,33,0,0,0
2009-s3-B-GE,2009-s3,B,E,P1130,4,3,0,2,1,5,25,17,1,0,1
2009-s3-B-GE,2009-s3,B,E,P1167,5,4,4,0,0,27,13,68,12,0,12
2009-s3-B-GE,2009-s3,B,E,P0772,6,6,3,3,0,36,24,60,9,1,10
2009-s3-B-GF,2009-s3,B,F,P1168,0,0,0,0,0,0,0,,0,0,0
2009-s3-B-GF,2009-s3,B,F,P1168,1,0,0,0,0,0,0,,0,0,0
2009-s3-B-GF,2009-s3,B,F,P1168,2,0,0,0,0,0,0,,0,0,0
2009-s3-B-GF,2009-s3,B,F,P1168,3,0,0,0,0,0,0,,0,0,0
2009-s3-B-GF,2009-s3,B,F,P1168,4,0,0,0,0,0,0,,0,0,0
2009-s3-B-GF,2009-s3,B,F,P1168,5,0,0,0,0,0,0,,0,0,0
2009-s3-B-GF,2009-s3,B,F,P1168,6,0,0,0,0,0,0,,0,0,0
2009-s4-A-GA,2009-s4,A,A,P0051,0,3,0,3,0,10,20,33,0,0,0
2009-s4-A-GA,2009-s4,A,A,P1369,1,6,6,0,0,43,17,72,18,1,19
2009-s4-A-GA,2009-s4,A,A,P1353,2,6,3,3,0,33,27,55,9,1,10
2009-s4-A-GA,2009-s4,A,A,P1223,3,4,2,2,0,19,21,48,6,0,6
2009-s4-A-GA,2009-s4,A,A,P1352,4,4,0,4,0,5,35,13,0,0,0
2009-s4-A-GA,2009-s4,A,A,P1063,5,6,3,3,0,27,33,45,9,1,10
2009-s4-A-GA,2009-s4,A,A,P0984,6,5,3,2,0,33,17,66,9,0,9
2009-s4-A-GB,2009-s4,A,B,P1327,0,6,3,3,0,27,33,45,9,1,10
2009-s4-A-GB,2009-s4,A,B,P0711,1,6,5,1,0,38,22,63,15,1,16
2009-s4-A-GB,2009-s4,A,B,P1348,2,5,0,5,0,20,30,40,0,0,0
2009-s4-A-GB,2009-s4,A,B,P1224,3,5,2,3,0,24,26,48,6,0,6
2009-s4-A-GB,2009-s4,A,B,P0658,4,6,6,0,0,38,22,63,18,1,19
2009-s4-A-GB,2009-s4,A,B,P1054,5,6,2,4,0,28,32,47,6,1,7
2009-s4-A-GB,2009-s4,A,B,P1088,6,6,2,4,0,25,35,42,6,1,7
2009-s4-A-GC,2009-s4,A,C,P1380,0,6,3,3,0,36,24,60,9,1,10
2009-s4-A-GC,2009-s4,A,C,P0951,1,6,6,0,0,46,14,77,18,1,19
2009-s4-A-GC,2009-s4,A,C,P1301,2,6,3,2,1,29,31,48,10,1,11
2009-s4-A-GC,2009-s4,A,C,P1167,3,4,2,2,0,14,26,35,6,0,6
2009-s4-A-GC,2009-s4,A,C,P0297,4,4,1,3,0,10,30,25,3,0,3
2009-s4-A-GC,2009-s4,A,C,P0073,5,6,2,4,0,31,29,52,6,1,7
2009-s4-A-GC,2009-s4,A,C,P1179,6,4,0,3,1,14,26,35,1,0,1
2009-s4-A-GD,2009-s4,A,D,P1085,0,4,2,2,0,20,20,50,6,0,6
2009-s4-A-GD,2009-s4,A,D,P1261,1,5,4,1,0,30,20,60,12,0,12
2009-s4-A-GD,2009-s4,A,D,P1034,2,3,0,3,0,6,24,20,0,0,0
2009-s4-A-GD,2009-s4,A,D,P1272,3,6,3,3,0,29,31,48,9,1,10
2009-s4-A-GD,2009-s4,A,D,P1183,4,4,0,4,0,14,26,35,0,0,0
2009-s4-A-GD,2009-s4,A,D,P0697,5,6,6,0,0,45,15,75,18,1,19
2009-s4-A-GD,2009-s4,A,D,P1074,6,2,0,2,0,6,14,30,0,0,0
2009-s4-A-GE,2009-s4,A,E,P1176,0,4,0,4,0,10,30,25,0,0,0
2009-s4-A-GE,2009-s4,A,E,P1257,1,6,3,3,0,31,29,52,9,1,10
2009-s4-A-GE,2009-s4,A,E,P1339,2,5,3,2,0,27,23,54,9,0,9
2009-s4-A-GE,2009-s4,A,E,P1207,3,3,1,2,0,11,19,37,3,0,3
2009-s4-A-GE,2009-s4,A,E,P1198,4,6,4,2,0,32,28,53,12,1,13
2009-s4-A-GE,2009-s4,A,E,P0296,5,5,3,2,0,27,23,54,9,0,9
2009-s4-A-GE,2009-s4,A,E,P1390,6,5,3,2,0,32,18,64,9,0,9
2009-s4-A-GF,2009-s4,A,F,P1268,0,6,4,2,0,39,21,65,12,1,13
2009-s4-A-GF,2009-s4,A,F,P0140,1,5,4,1,0,28,22,56,12,0,12
2009-s4-A-GF,2009-s4,A,F,P1354,2,2,0,2,0,8,12,40,0,0,0
2009-s4-A-GF,2009-s4,A,F,P1172,3,4,4,0,0,30,10,75,12,0,12
2009-s4-A-GF,2009-s4,A,F,P0024,4,5,0,4,1,17,33,34,1,0,1
2009-s4-A-GF,2009-s4,A,F,P1366,5,6,2,3,1,20,40,33,7,1,8
2009-s4-A-GF,2009-s4,A,F,P1274,6,4,1,3,0,18,22,45,3,0,3
2009-s4-A-GG,2009-s4,A,G,P1193,0,4,2,0,2,26,14,65,8,0,8
2009-s4-A-GG,2009-s4,A,G,P1158,1,4,0,3,1,13,27,33,1,0,1
2009-s4-A-GG,2009-s4,A,G,P1243,2,4,0,3,1,17,23,43,1,0,1
2009-s4-A-GG,2009-s4,A,G,P1235,3,3,2,1,0,15,15,50,6,0,6
2009-s4-A-GG,2009-s4,A,G,P1343,4,2,1,1,0,10,10,50,3,0,3
2009-s4-A-GG,2009-s4,A,G,P1336,5,6,3,3,0,31,29,52,9,1,10
2009-s4-A-GG,2009-s4,A,G,P1213,6,5,4,1,0,28,22,56,12,0,12
2009-s4-A-GH,2009-s4,A,H,P1340,0,6,2,3,1,29,31,48,7,1,8
2009-s4-A-GH,2009-s4,A,H,P1300,1,6,3,2,1,34,26,57,10,1,11
2009-s4-A-GH,2009-s4,A,H,P1281,2,6,4,2,0,32,28,53,12,1,13
2009-s4-A-GH,2009-s4,A,H,P1381,3,6,2,3,1,25,35,42,7,1,8
2009-s4-A-GH,2009-s4,A,H,P1197,4,6,2,4,0,23,37,38,6,1,7
2009-s4-A-GH,2009-s4,A,H,P1334,5,6,3,3,0,33,27,55,9,1,10
2009-s4-A-GH,2009-s4,A,H,P1289,6,6,3,2,1,34,26,57,10,1,11
2009-s4-B-GA,2009-s4,B,A,P1181,0,5,2,3,0,23,27,46,6,0,6
2009-s4-B-GA,2009-s4,B,A,P1211,1,5,2,3,0,22,28,44,6,0,6
2009-s4-B-GA,2009-s4,B,A,P1276,2,5,4,1,0,26,24,52,12,0,12
2009-s4-B-GA,2009-s4,B,A,P1319,3,5,2,3,0,24,26,48,6,0,6
2009-s4-B-GA,2009-s4,B,A,P1019,4,3,0,3,0,8,22,27,0,0,0
2009-s4-B-GA,2009-s4,B,A,P1371,5,6,6,0,0,48,12,80,18,1,19
2009-s4-B-GA,2009-s4,B,A,P1387,6,5,1,4,0,19,31,38,3,0,3
2009-s4-B-GB,2009-s4,B,B,P1214,0,6,3,3,0,36,24,60,9,1,10
2009-s4-B-GB,2009-s4,B,B,P1379,1,5,1,4,0,14,36,28,3,0,3
2009-s4-B-GB,2009-s4,B,B,P1314,2,5,3,2,0,26,24,52,9,0,9
2009-s4-B-GB,2009-s4,B,B,P0344,3,6,5,1,0,44,16,73,15,1,16
2009-s4-B-GB,2009-s4,B,B,P1328,4,6,5,1,0,36,24,60,15,1,16
2009-s4-B-GB,2009-s4,B,B,P1299,5,4,1,3,0,15,25,38,3,0,3
2009-s4-B-GB,2009-s4,B,B,P1201,6,6,1,5,0,19,41,32,3,1,4
2009-s4-B-GC,2009-s4,B,C,P1200,0,5,3,2,0,28,22,56,9,0,9
2009-s4-B-GC,2009-s4,B,C,P1188,1,6,5,0,1,42,18,70,16,1,17
2009-s4-B-GC,2009-s4,B,C,P1386,2,4,2,2,0,23,17,58,6,0,6
2009-s4-B-GC,2009-s4,B,C,P0431,3,5,1,4,0,16,34,32,3,0,3
2009-s4-B-GC,2009-s4,B,C,P0327,4,6,4,0,2,40,20,67,14,1,15
2009-s4-B-GC,2009-s4,B,C,P1191,5,5,0,5,0,11,39,22,0,0,0
2009-s4-B-GC,2009-s4,B,C,P1222,6,5,1,3,1,20,30,40,4,0,4
2009-s4-B-GD,2009-s4,B,D,P0447,0,0,0,0,0,0,0,,0,0,0
2009-s4-B-GD,2009-s4,B,D,P1346,1,1,0,1,0,3,7,30,0,0,0
2009-s4-B-GD,2009-s4,B,D,P1311,2,2,0,2,0,7,13,35,0,0,0
2009-s4-B-GD,2009-s4,B,D,P1253,3,1,0,1,0,3,7,30,0,0,0
2009-s4-B-GD,2009-s4,B,D,P1307,4,1,0,1,0,1,9,10,0,0,0
2009-s4-B-GD,2009-s4,B,D,P0772,5,5,5,0,0,36,14,72,15,0,15
2009-s4-B-GD,2009-s4,B,D,P1106,6,2,1,1,0,10,10,50,3,0,3
2009-s4-B-GE,2009-s4,B,E,P1218,0,6,1,4,1,28,32,47,4,1,5
2009-s4-B-GE,2009-s4,B,E,P1374,1,5,2,1,2,28,22,56,8,0,8
2009-s4-B-GE,2009-s4,B,E,P1234,2,6,4,0,2,37,23,62,14,1,15
2009-s4-B-GE,2009-s4,B,E,P1308,3,5,0,5,0,13,37,26,0,0,0
2009-s4-B-GE,2009-s4,B,E,P1285,4,6,3,2,1,29,31,48,10,1,11
2009-s4-B-GE,2009-s4,B,E,P1264,5,5,2,1,2,27,23,54,8,0,8
2009-s4-B-GE,2009-s4,B,E,P1187,6,3,1,0,2,18,12,60,5,0,5
2009-s5-B-GF,2009-s5,B,F,P1168,0,0,0,0,0,0,0,,0,0,0
2009-s5-B-GF,2009-s5,B,F,P1168,1,0,0,0,0,0,0,,0,0,0
2009-s5-B-GF,2009-s5,B,F,P1168,2,0,0,0,0,0,0,,0,0,0
2009-s5-B-GF,2009-s5,B,F,P1168,3,0,0,0,0,0,0,,0,0,0
2009-s5-B-GF,2009-s5,B,F,P1168,4,0,0,0,0,0,0,,0,0,0
2009-s5-B-GF,2009-s5,B,F,P1168,5,0,0,0,0,0,0,,0,0,0
2009-s5-B-GF,2009-s5,B,F,P1168,6,0,0,0,0,0,0,,0,0,0
2009-s6-A-GA,2009-s6,A,A,P0196,0,6,1,4,1,27,33,45,4,1,5
2009-s6-A-GA,2009-s6,A,A,P1030,1,6,3,1,2,33,27,55,11,1,12
2009-s6-A-GA,2009-s6,A,A,P1300,2,6,3,3,0,32,28,53,9,1,10
2009-s6-A-GA,2009-s6,A,A,P1375,3,6,1,2,3,26,34,43,6,1,7
2009-s6-A-GA,2009-s6,A,A,P0029,4,6,4,1,1,36,24,60,13,1,14
2009-s6-A-GA,2009-s6,A,A,P0073,5,6,4,1,1,32,28,53,13,1,14
2009-s6-A-GA,2009-s6,A,A,P1053,6,6,1,5,0,24,36,40,3,1,4
2009-s6-A-GB,2009-s6,A,B,P1215,0,6,4,2,0,29,31,48,12,1,13
2009-s6-A-GB,2009-s6,A,B,P0565,1,4,1,3,0,9,31,23,3,0,3
2009-s6-A-GB,2009-s6,A,B,P1226,2,6,5,0,1,52,8,87,16,1,17
2009-s6-A-GB,2009-s6,A,B,P0772,3,6,3,3,0,34,26,57,9,1,10
2009-s6-A-GB,2009-s6,A,B,P0921,4,4,2,1,1,27,13,68,7,0,7
2009-s6-A-GB,2009-s6,A,B,P1054,5,3,0,3,0,4,26,13,0,0,0
2009-s6-A-GB,2009-s6,A,B,P1391,6,3,0,3,0,5,25,17,0,0,0
2009-s6-A-GC,2009-s6,A,C,P1238,0,5,2,3,0,20,30,40,6,0,6
2009-s6-A-GC,2009-s6,A,C,P1267,1,6,1,5,0,24,36,40,3,1,4
2009-s6-A-GC,2009-s6,A,C,P0585,2,4,2,2,0,22,18,55,6,0,6
2009-s6-A-GC,2009-s6,A,C,P0024,3,5,2,3,0,20,30,40,6,0,6
2009-s6-A-GC,2009-s6,A,C,P0962,4,6,4,2,0,32,28,53,12,1,13
2009-s6-A-GC,2009-s6,A,C,P1382,5,6,3,2,1,32,28,53,10,1,11
2009-s6-A-GC,2009-s6,A,C,P0140,6,6,4,1,1,40,20,67,13,1,14
2009-s6-A-GD,2009-s6,A,D,P0951,0,6,6,0,0,47,13,78,18,1,19
2009-s6-A-GD,2009-s6,A,D,P1283,1,6,3,3,0,30,30,50,9,1,10
2009-s6-A-GD,2009-s6,A,D,P1158,2,5,1,4,0,11,39,22,3,0,3
2009-s6-A-GD,2009-s6,A,D,P1311,3,5,0,4,1,11,39,22,1,0,1
2009-s6-A-GD,2009-s6,A,D,P1334,4,6,4,1,1,43,17,72,13,1,14
2009-s6-A-GD,2009-s6,A,D,P1096,5,6,3,2,1,32,28,53,10,1,11
2009-s6-A-GD,2009-s6,A,D,P1381,6,6,1,4,1,26,34,43,4,1,5
2009-s6-A-GF,2009-s6,A,F,P1075,0,5,4,1,0,36,14,72,12,0,12
2009-s6-A-GF,2009-s6,A,F,P1251,1,5,5,0,0,33,17,66,15,0,15
2009-s6-A-GF,2009-s6,A,F,P1180,2,2,2,0,0,15,5,75,6,0,6
2009-s6-A-GF,2009-s6,A,F,P0969,3,4,2,2,0,20,20,50,6,0,6
2009-s6-A-GF,2009-s6,A,F,P1377,4,6,1,5,0,19,41,32,3,1,4
2009-s6-A-GF,2009-s6,A,F,P0948,5,5,2,3,0,22,28,44,6,0,6
2009-s6-A-GF,2009-s6,A,F,P1212,6,5,0,5,0,15,35,30,0,0,0
2009-s6-A-GG,2009-s6,A,G,P1325,0,6,0,4,2,14,46,23,2,1,3
2009-s6-A-GG,2009-s6,A,G,P0051,1,5,2,3,0,20,30,40,6,0,6
2009-s6-A-GG,2009-s6,A,G,P1390,2,5,0,3,2,21,29,42,2,0,2
2009-s6-A-GG,2009-s6,A,G,P0753,3,3,0,2,1,6,24,20,1,0,1
2009-s6-A-GG,2009-s6,A,G,P0658,4,6,5,1,0,47,13,78,15,1,16
2009-s6-A-GG,2009-s6,A,G,P1088,5,6,5,0,1,42,18,70,16,1,17
2009-s6-A-GG,2009-s6,A,G,P1063,6,5,3,2,0,30,20,60,9,0,9
2009-s6-A-GH,2009-s6,A,H,P0662,0,2,1,1,0,7,13,35,3,0,3
2009-s6-A-GH,2009-s6,A,H,P1263,1,3,0,3,0,4,26,13,0,0,0
2009-s6-A-GH,2009-s6,A,H,P0984,2,5,4,1,0,25,25,50,12,0,12
2009-s6-A-GH,2009-s6,A,H,P1380,3,5,3,2,0,31,19,62,9,0,9
2009-s6-A-GH,2009-s6,A,H,P0273,4,3,1,2,0,12,18,40,3,0,3
2009-s6-A-GH,2009-s6,A,H,P1233,5,4,2,2,0,20,20,50,6,0,6
2009-s6-A-GH,2009-s6,A,H,P1348,6,6,3,3,0,41,19,68,9,1,10
2009-s6-B-GA,2009-s6,B,A,P1032,0,5,1,4,0,18,32,36,3,0,3
2009-s6-B-GA,2009-s6,B,A,P1097,1,6,4,2,0,35,25,58,12,1,13
2009-s6-B-GA,2009-s6,B,A,P1203,2,6,1,4,1,22,38,37,4,1,5
2009-s6-B-GA,2009-s6,B,A,P1277,3,6,5,1,0,39,21,65,15,1,16
2009-s6-B-GA,2009-s6,B,A,P1200,4,6,3,2,1,33,27,55,10,1,11
2009-s6-B-GA,2009-s6,B,A,P1264,5,6,3,1,2,33,27,55,11,1,12
2009-s6-B-GA,2009-s6,B,A,P0447,6,5,1,4,0,20,30,40,3,0,3
2009-s6-B-GB,2009-s6,B,B,P1387,0,5,0,5,0,7,43,14,0,0,0
2009-s6-B-GB,2009-s6,B,B,P1254,1,5,1,4,0,15,35,30,3,0,3
2009-s6-B-GB,2009-s6,B,B,P1246,2,6,5,1,0,42,18,70,15,1,16
2009-s6-B-GB,2009-s6,B,B,P1314,3,4,2,2,0,17,23,43,6,0,6
2009-s6-B-GB,2009-s6,B,B,P1328,4,6,2,3,1,34,26,57,7,1,8
2009-s6-B-GB,2009-s6,B,B,P0296,5,6,4,1,1,35,25,58,13,1,14
2009-s6-B-GB,2009-s6,B,B,P1286,6,6,3,1,2,40,20,67,11,1,12
2009-s6-B-GC,2009-s6,B,C,P1218,0,6,0,6,0,14,46,23,0,1,1
2009-s6-B-GC,2009-s6,B,C,P0217,1,6,3,3,0,34,26,57,9,1,10
2009-s6-B-GC,2009-s6,B,C,P1239,2,6,5,1,0,42,18,70,15,1,16
2009-s6-B-GC,2009-s6,B,C,P1309,3,5,3,2,0,30,20,60,9,0,9
2009-s6-B-GC,2009-s6,B,C,P1342,4,6,3,3,0,29,31,48,9,1,10
2009-s6-B-GC,2009-s6,B,C,P1262,5,6,4,2,0,29,31,48,12,1,13
2009-s6-B-GC,2009-s6,B,C,P1371,6,5,2,3,0,22,28,44,6,0,6
2009-s6-B-GD,2009-s6,B,D,P0359,0,5,0,5,0,13,37,26,0,0,0
2009-s6-B-GD,2009-s6,B,D,P1106,1,6,4,0,2,46,14,77,14,1,15
2009-s6-B-GD,2009-s6,B,D,P1199,2,6,4,2,0,35,25,58,12,1,13
2009-s6-B-GD,2009-s6,B,D,P0841,3,4,0,3,1,12,28,30,1,0,1
2009-s6-B-GD,2009-s6,B,D,P1313,4,5,1,4,0,16,34,32,3,0,3
2009-s6-B-GD,2009-s6,B,D,P1321,5,6,4,1,1,35,25,58,13,1,14
2009-s6-B-GD,2009-s6,B,D,P1228,6,6,3,1,2,33,27,55,11,1,12
2009-s6-B-GE,2009-s6,B,E,P1250,0,5,3,2,0,32,18,64,9,0,9
2009-s6-B-GE,2009-s6,B,E,P1248,1,5,2,3,0,23,27,46,6,0,6
2009-s6-B-GE,2009-s6,B,E,P1095,2,4,2,2,0,22,18,55,6,0,6
2009-s6-B-GE,2009-s6,B,E,P1363,3,5,2,3,0,27,23,54,6,0,6
2009-s6-B-GE,2009-s6,B,E,P0248,4,6,6,0,0,46,14,77,18,1,19
2009-s6-B-GE,2009-s6,B,E,P1356,5,3,2,1,0,18,12,60,6,0,6
2009-s6-B-GE,2009-s6,B,E,P1367,6,6,0,6,0,2,58,3,0,1,1
2009-s6-B-GF,2009-s6,B,F,P1168,0,0,0,0,0,0,0,,0,0,0
2009-s6-B-GF,2009-s6,B,F,P1168,1,0,0,0,0,0,0,,0,0,0
2009-s6-B-GF,2009-s6,B,F,P1168,2,0,0,0,0,0,0,,0,0,0
2009-s6-B-GF,2009-s6,B,F,P1168,3,0,0,0,0,0,0,,0,0,0
2009-s6-B-GF,2009-s6,B,F,P1168,4,0,0,0,0,0,0,,0,0,0
2009-s6-B-GF,2009-s6,B,F,P1168,5,0,0,0,0,0,0,,0,0,0
2009-s6-B-GF,2009-s6,B,F,P1168,6,0,0,0,0,0,0,,0,0,0
2010-s1-A-GA,2010-s1,A,A,P1388,0,1,0,1,0,4,6,40,0,0,0
2010-s1-A-GA,2010-s1,A,A,P0658,1,5,4,1,0,29,21,58,12,0,12
2010-s1-A-GA,2010-s1,A,A,P1057,2,1,0,1,0,4,6,40,0,0,0
2010-s1-A-GA,2010-s1,A,A,P1545,3,3,2,1,0,13,17,43,6,0,6
2010-s1-A-GA,2010-s1,A,A,P1262,4,3,0,3,0,9,21,30,0,0,0
2010-s1-A-GA,2010-s1,A,A,P1340,5,5,4,1,0,34,16,68,12,0,12
2010-s1-A-GA,2010-s1,A,A,P1074,6,2,0,2,0,7,13,35,0,0,0
2010-s1-A-GB,2010-s1,A,B,P1054,0,6,1,4,1,25,35,42,4,1,5
2010-s1-A-GB,2010-s1,A,B,P1286,1,2,1,1,0,10,10,50,3,0,3
2010-s1-A-GB,2010-s1,A,B,P1425,2,6,3,3,0,32,28,53,9,1,10
2010-s1-A-GB,2010-s1,A,B,P0754,3,3,1,2,0,13,17,43,3,0,3
2010-s1-A-GB,2010-s1,A,B,P1233,4,3,1,1,1,13,17,43,4,0,4
2010-s1-A-GB,2010-s1,A,B,P0140,5,5,4,1,0,32,18,64,12,0,12
2010-s1-A-GB,2010-s1,A,B,P1496,6,3,2,1,0,15,15,50,6,0,6
2010-s1-A-GC,2010-s1,A,C,P1405,0,2,0,2,0,8,12,40,0,0,0
2010-s1-A-GC,2010-s1,A,C,P0024,1,3,1,1,1,14,16,47,4,0,4
2010-s1-A-GC,2010-s1,A,C,P1429,2,5,1,3,1,19,31,38,4,0,4
2010-s1-A-GC,2010-s1,A,C,P0029,3,4,2,1,1,25,15,63,7,0,7
2010-s1-A-GC,2010-s1,A,C,P1215,4,6,4,1,1,35,25,58,13,1,14
2010-s1-A-GC,2010-s1,A,C,P1481,5,3,2,1,0,16,14,53,6,0,6
2010-s1-A-GC,2010-s1,A,C,P1289,6,1,0,1,0,3,7,30,0,0,0
2010-s1-A-GD,2010-s1,A,D,P1278,0,2,0,2,0,0,20,0,0,0,0
2010-s1-A-GD,2010-s1,A,D,P1554,1,3,0,3,0,7,23,23,0,0,0
2010-s1-A-GD,2010-s1,A,D,P1450,2,4,3,1,0,25,15,63,9,0,9
2010-s1-A-GD,2010-s1,A,D,P1051,3,1,0,1,0,4,6,40,0,0,0
2010-s1-A-GD,2010-s1,A,D,P0294,4,4,1,2,1,20,20,50,4,0,4
2010-s1-A-GD,2010-s1,A,D,P1249,5,5,4,1,0,37,13,74,12,0,12
2010-s1-A-GD,2010-s1,A,D,P1075,6,3,2,0,1,17,13,57,7,0,7
2010-s1-A-GE,2010-s1,A,E,P1381,0,6,1,5,0,18,42,30,3,1,4
2010-s1-A-GE,2010-s1,A,E,P1426,1,4,3,1,0,24,16,60,9,0,9
2010-s1-A-GE,2010-s1,A,E,P1539,2,3,2,1,0,17,13,57,6,0,6
2010-s1-A-GE,2010-s1,A,E,P1514,3,4,3,1,0,25,15,63,9,0,9
2010-s1-A-GE,2010-s1,A,E,P1453,4,3,1,2,0,14,16,47,3,0,3
2010-s1-A-GE,2010-s1,A,E,P1063,5,6,4,2,0,35,25,58,12,1,13
2010-s1-A-GE,2010-s1,A,E,P1096,6,4,1,3,0,17,23,43,3,0,3
2010-s1-A-GF,2010-s1,A,F,P1513,0,4,1,3,0,14,26,35,3,0,3
2010-s1-A-GF,2010-s1,A,F,P1097,1,5,1,4,0,20,30,40,3,0,3
2010-s1-A-GF,2010-s1,A,F,P1441,2,5,4,0,1,34,16,68,13,0,13
2010-s1-A-GF,2010-s1,A,F,P0617,3,2,1,1,0,10,10,50,3,0,3
2010-s1-A-GF,2010-s1,A,F,P0672,4,4,4,0,0,31,9,78,12,0,12
2010-s1-A-GF,2010-s1,A,F,P1380,5,6,3,2,1,37,23,62,10,1,11
2010-s1-A-GF,2010-s1,A,F,P1512,6,4,0,4,0,4,36,10,0,0,0
2010-s1-A-GG,2010-s1,A,G,P1088,0,4,1,2,1,19,21,48,4,0,4
2010-s1-A-GG,2010-s1,A,G,P1530,1,6,4,2,0,35,25,58,12,1,13
2010-s1-A-GG,2010-s1,A,G,P0196,2,4,1,2,1,19,21,48,4,0,4
2010-s1-A-GG,2010-s1,A,G,P1491,3,3,1,2,0,15,15,50,3,0,3
2010-s1-A-GG,2010-s1,A,G,P1508,4,4,2,2,0,19,21,48,6,0,6
2010-s1-A-GG,2010-s1,A,G,P1521,5,6,5,1,0,34,26,57,15,1,16
2010-s1-A-GG,2010-s1,A,G,P1524,6,5,1,4,0,19,31,38,3,0,3
2010-s1-A-GH,2010-s1,A,H,P1334,0,5,2,1,2,26,24,52,8,0,8
2010-s1-A-GH,2010-s1,A,H,P0853,1,4,2,1,1,23,17,58,7,0,7
2010-s1-A-GH,2010-s1,A,H,P0951,2,3,0,3,0,12,18,40,0,0,0
2010-s1-A-GH,2010-s1,A,H,P1300,3,6,3,2,1,30,30,50,10,1,11
2010-s1-A-GH,2010-s1,A,H,P0969,4,4,2,2,0,19,21,48,6,0,6
2010-s1-A-GH,2010-s1,A,H,P0245,5,1,0,1,0,4,6,40,0,0,0
2010-s1-A-GH,2010-s1,A,H,P0368,6,5,3,2,0,26,24,52,9,0,9
2010-s1-B-GA,2010-s1,B,A,P1422,0,2,0,2,0,7,13,35,0,0,0
2010-s1-B-GA,2010-s1,B,A,P1486,1,2,0,2,0,6,14,30,0,0,0
2010-s1-B-GA,2010-s1,B,A,P1427,2,1,0,1,0,4,6,40,0,0,0
2010-s1-B-GA,2010-s1,B,A,P1328,3,4,4,0,0,26,14,65,12,0,12
2010-s1-B-GA,2010-s1,B,A,P1522,4,0,0,0,0,0,0,,0,0,0
2010-s1-B-GA,2010-s1,B,A,P1479,5,1,1,0,0,7,3,70,3,0,3
2010-s1-B-GA,2010-s1,B,A,P0344,6,2,1,1,0,10,10,50,3,0,3
2010-s1-B-GB,2010-s1,B,B,P1295,0,0,0,0,0,0,0,,0,0,0
2010-s1-B-GB,2010-s1,B,B,P1561,1,1,1,0,0,8,2,80,3,0,3
2010-s1-B-GB,2010-s1,B,B,P0217,2,2,0,2,0,6,14,30,0,0,0
2010-s1-B-GB,2010-s1,B,B,P1199,3,2,0,2,0,8,12,40,0,0,0
2010-s1-B-GB,2010-s1,B,B,P0841,4,1,1,0,0,6,4,60,3,0,3
2010-s1-B-GB,2010-s1,B,B,P0205,5,2,1,0,1,11,9,55,4,0,4
2010-s1-B-GB,2010-s1,B,B,P1420,6,2,1,0,1,11,9,55,4,0,4
2010-s1-B-GC,2010-s1,B,C,P1182,0,3,2,1,0,16,14,53,6,0,6
2010-s1-B-GC,2010-s1,B,C,P1525,1,3,1,2,0,12,18,40,3,0,3
2010-s1-B-GC,2010-s1,B,C,P1218,2,4,2,2,0,21,19,53,6,0,6
2010-s1-B-GC,2010-s1,B,C,P1448,3,0,0,0,0,0,0,,0,0,0
2010-s1-B-GC,2010-s1,B,C,P0064,4,3,2,1,0,18,12,60,6,0,6
2010-s1-B-GC,2010-s1,B,C,P1201,5,1,0,1,0,3,7,30,0,0,0
2010-s1-B-GC,2010-s1,B,C,P1493,6,0,0,0,0,0,0,,0,0,0
2010-s1-B-GD,2010-s1,B,D,P1416,0,5,2,2,1,27,23,54,7,0,7
2010-s1-B-GD,2010-s1,B,D,P1264,1,5,2,2,1,26,24,52,7,0,7
2010-s1-B-GD,2010-s1,B,D,P1506,2,6,4,2,0,39,21,65,12,1,13
2010-s1-B-GD,2010-s1,B,D,P1469,3,6,0,6,0,0,60,0,0,1,1
2010-s1-B-GD,2010-s1,B,D,P1392,4,6,3,1,2,37,23,62,11,1,12
2010-s1-B-GD,2010-s1,B,D,P1313,5,5,2,3,0,27,23,54,6,0,6
2010-s1-B-GD,2010-s1,B,D,P1414,6,5,3,0,2,34,16,68,11,0,11
2010-s1-B-GE,2010-s1,B,E,P1168,0,0,0,0,0,0,0,,0,0,0
2010-s1-B-GE,2010-s1,B,E,P1168,1,0,0,0,0,0,0,,0,0,0
2010-s1-B-GE,2010-s1,B,E,P1168,2,0,0,0,0,0,0,,0,0,0
2010-s1-B-GE,2010-s1,B,E,P1168,3,0,0,0,0,0,0,,0,0,0
2010-s1-B-GE,2010-s1,B,E,P1168,4,0,0,0,0,0,0,,0,0,0
2010-s1-B-GE,2010-s1,B,E,P1168,5,0,0,0,0,0,0,,0,0,0
2010-s1-B-GE,2010-s1,B,E,P1168,6,0,0,0,0,0,0,,0,0,0
2010-s1-B-GF,2010-s1,B,F,P1168,0,0,0,0,0,0,0,,0,0,0
2010-s1-B-GF,2010-s1,B,F,P1168,1,0,0,0,0,0,0,,0,0,0
2010-s1-B-GF,2010-s1,B,F,P1168,2,0,0,0,0,0,0,,0,0,0
2010-s1-B-GF,2010-s1,B,F,P1168,3,0,0,0,0,0,0,,0,0,0
2010-s1-B-GF,2010-s1,B,F,P1168,4,0,0,0,0,0,0,,0,0,0
2010-s1-B-GF,2010-s1,B,F,P1168,5,0,0,0,0,0,0,,0,0,0
2010-s1-B-GF,2010-s1,B,F,P1168,6,0,0,0,0,0,0,,0,0,0
2010-s2-A-GA,2010-s2,A,A,P1334,0,6,6,0,0,42,18,70,18,1,19
2010-s2-A-GA,2010-s2,A,A,P1425,1,6,4,2,0,39,21,65,12,1,13
2010-s2-A-GA,2010-s2,A,A,P1553,2,4,0,4,0,12,28,30,0,0,0
2010-s2-A-GA,2010-s2,A,A,P1424,3,5,0,5,0,3,47,6,0,1,1
2010-s2-A-GA,2010-s2,A,A,P0101,4,6,5,1,0,42,18,70,15,1,16
2010-s2-A-GA,2010-s2,A,A,P1554,5,6,3,3,0,33,27,55,9,1,10
2010-s2-A-GA,2010-s2,A,A,P1499,6,5,1,4,0,19,31,38,3,0,3
2010-s2-A-GB,2010-s2,A,B,P1408,0,6,5,0,1,41,19,68,16,1,17
2010-s2-A-GB,2010-s2,A,B,P1148,1,6,4,1,1,43,17,72,13,1,14
2010-s2-A-GB,2010-s2,A,B,P1215,2,6,1,3,2,19,41,32,5,1,6
2010-s2-A-GB,2010-s2,A,B,P1413,3,4,0,4,0,7,33,18,0,0,0
2010-s2-A-GB,2010-s2,A,B,P1411,4,5,1,4,0,18,32,36,3,0,3
2010-s2-A-GB,2010-s2,A,B,P1528,5,5,2,2,1,26,24,52,7,0,7
2010-s2-A-GB,2010-s2,A,B,P1420,6,6,3,2,1,36,24,60,10,1,11
2010-s2-A-GC,2010-s2,A,C,P1459,0,5,5,0,0,35,15,70,15,0,15
2010-s2-A-GC,2010-s2,A,C,P0584,1,2,0,1,1,9,11,45,1,0,1
2010-s2-A-GC,2010-s2,A,C,P1566,2,2,0,2,0,3,17,15,0,0,0
2010-s2-A-GC,2010-s2,A,C,P1381,3,4,1,2,1,15,25,38,4,0,4
2010-s2-A-GC,2010-s2,A,C,P1436,4,5,1,3,1,23,27,46,4,0,4
2010-s2-A-GC,2010-s2,A,C,P0988,5,5,3,1,1,32,18,64,10,0,10
2010-s2-A-GC,2010-s2,A,C,P1417,6,3,1,2,0,13,17,43,3,0,3
2010-s2-A-GD,2010-s2,A,D,P0140,0,5,4,0,1,33,17,66,13,0,13
2010-s2-A-GD,2010-s2,A,D,P1380,1,6,3,3,0,32,28,53,9,1,10
2010-s2-A-GD,2010-s2,A,D,P1340,2,6,3,1,2,33,27,55,11,1,12
2010-s2-A-GD,2010-s2,A,D,P1096,3,5,2,3,0,19,31,38,6,0,6
2010-s2-A-GD,2010-s2,A,D,P1526,4,5,1,3,1,23,27,46,4,0,4
2010-s2-A-GD,2010-s2,A,D,P0090,5,6,2,4,0,28,32,47,6,1,7
2010-s2-A-GD,2010-s2,A,D,P1548,6,5,2,3,0,22,28,44,6,0,6
2010-s2-A-GE,2010-s2,A,E,P1434,0,6,5,1,0,42,18,70,15,1,16
2010-s2-A-GE,2010-s2,A,E,P1093,1,5,0,5,0,4,46,8,0,0,0
2010-s2-A-GE,2010-s2,A,E,P1397,2,6,4,2,0,44,16,73,12,1,13
2010-s2-A-GE,2010-s2,A,E,P1451,3,6,4,2,0,36,24,60,12,1,13
2010-s2-A-GE,2010-s2,A,E,P1088,4,6,4,2,0,43,17,72,12,1,13
2010-s2-A-GE,2010-s2,A,E,P1559,5,6,3,3,0,28,32,47,9,1,10
2010-s2-A-GE,2010-s2,A,E,P1454,6,5,0,5,0,3,47,6,0,0,0
2010-s2-A-GF,2010-s2,A,F,P1441,0,6,6,0,0,48,12,80,18,1,19
2010-s2-A-GF,2010-s2,A,F,P0010,1,5,4,1,0,29,21,58,12,0,12
2010-s2-A-GF,2010-s2,A,F,P0951,2,6,3,2,1,35,25,58,10,1,11
2010-s2-A-GF,2010-s2,A,F,P1543,3,6,0,4,2,18,42,30,2,1,3
2010-s2-A-GF,2010-s2,A,F,P1429,4,6,0,4,2,21,39,35,2,1,3
2010-s2-A-GF,2010-s2,A,F,P1369,5,5,3,1,1,29,21,58,10,0,10
2010-s2-A-GF,2010-s2,A,F,P1536,6,6,0,4,2,20,40,33,2,1,3
2010-s2-A-GG,2010-s2,A,G,P1497,0,4,3,1,0,29,11,73,9,0,9
2010-s2-A-GG,2010-s2,A,G,P1318,1,4,4,0,0,28,12,70,12,0,12
2010-s2-A-GG,2010-s2,A,G,P1075,2,4,2,2,0,25,15,63,6,0,6
2010-s2-A-GG,2010-s2,A,G,P0757,3,6,4,2,0,32,28,53,12,1,13
2010-s2-A-GG,2010-s2,A,G,P1533,4,6,0,6,0,1,59,2,0,1,1
2010-s2-A-GG,2010-s2,A,G,P1540,5,4,1,3,0,19,21,48,3,0,3
2010-s2-A-GG,2010-s2,A,G,P1286,6,4,2,2,0,26,14,65,6,0,6
2010-s2-A-GH,2010-s2,A,H,P1014,0,5,3,2,0,31,19,62,9,0,9
2010-s2-A-GH,2010-s2,A,H,P1300,1,6,3,3,0,32,28,53,9,1,10
2010-s2-A-GH,2010-s2,A,H,P1063,2,6,2,4,0,27,33,45,6,1,7
2010-s2-A-GH,2010-s2,A,H,P1022,3,5,4,1,0,30,20,60,12,0,12
2010-s2-A-GH,2010-s2,A,H,P1466,4,4,1,2,1,11,29,28,4,0,4
2010-s2-A-GH,2010-s2,A,H,P0073,5,6,5,1,0,43,17,72,15,1,16
2010-s2-A-GH,2010-s2,A,H,P1487,6,6,0,5,1,16,44,27,1,1,2
2010-s2-B-GA,2010-s2,B,A,P1485,0,4,3,1,0,19,21,48,9,0,9
2010-s2-B-GA,2010-s2,B,A,P1482,1,6,4,2,0,36,24,60,12,1,13
2010-s2-B-GA,2010-s2,B,A,P1544,2,6,0,6,0,18,42,30,0,1,1
2010-s2-B-GA,2010-s2,B,A,P1549,3,6,3,3,0,32,28,53,9,1,10
2010-s2-B-GA,2010-s2,B,A,P1199,4,5,1,4,0,20,30,40,3,0,3
2010-s2-B-GA,2010-s2,B,A,P1419,5,5,4,1,0,31,19,62,12,0,12
2010-s2-B-GA,2010-s2,B,A,P1516,6,6,4,2,0,34,26,57,12,1,13
2010-s2-B-GB,2010-s2,B,B,P1138,0,6,4,2,0,36,24,60,12,1,13
2010-s2-B-GB,2010-s2,B,B,P1113,1,5,4,1,0,34,16,68,12,0,12
2010-s2-B-GB,2010-s2,B,B,P1416,2,4,1,3,0,19,21,48,3,0,3
2010-s2-B-GB,2010-s2,B,B,P1400,3,4,3,1,0,26,14,65,9,0,9
2010-s2-B-GB,2010-s2,B,B,P1510,4,6,0,6,0,1,59,2,0,1,1
2010-s2-B-GB,2010-s2,B,B,P1432,5,6,5,1,0,44,16,73,15,1,16
2010-s2-B-GB,2010-s2,B,B,P1394,6,5,1,4,0,20,30,40,3,0,3
2010-s2-B-GC,2010-s2,B,C,P1474,0,5,3,2,0,31,19,62,9,0,9
2010-s2-B-GC,2010-s2,B,C,P1449,1,3,0,3,0,9,21,30,0,0,0
2010-s2-B-GC,2010-s2,B,C,P1418,2,4,1,3,0,17,23,43,3,0,3
2010-s2-B-GC,2010-s2,B,C,P1483,3,4,4,0,0,28,12,70,12,0,12
2010-s2-B-GC,2010-s2,B,C,P1455,4,4,0,4,0,12,28,30,0,0,0
2010-s2-B-GC,2010-s2,B,C,P1398,5,6,4,1,1,36,24,60,13,1,14
2010-s2-B-GC,2010-s2,B,C,P1495,6,6,3,2,1,27,33,45,10,1,11
2010-s2-B-GD,2010-s2,B,D,P1460,0,6,5,1,0,40,20,67,15,1,16
2010-s2-B-GD,2010-s2,B,D,P1447,1,6,4,2,0,38,22,63,12,1,13
2010-s2-B-GD,2010-s2,B,D,P1321,2,5,3,2,0,28,22,56,9,0,9
2010-s2-B-GD,2010-s2,B,D,P1442,3,6,0,6,0,2,58,3,0,1,1
2010-s2-B-GD,2010-s2,B,D,P0928,4,5,2,3,0,25,25,50,6,0,6
2010-s2-B-GD,2010-s2,B,D,P1435,5,6,3,3,0,29,31,48,9,1,10
2010-s2-B-GD,2010-s2,B,D,P1463,6,6,3,3,0,38,22,63,9,1,10
2010-s2-B-GE,2010-s2,B,E,P1346,0,4,1,2,1,22,18,55,4,0,4
2010-s2-B-GE,2010-s2,B,E,P1204,1,5,2,2,1,24,26,48,7,0,7
2010-s2-B-GE,2010-s2,B,E,P1478,2,6,4,1,1,41,19,68,13,1,14
2010-s2-B-GE,2010-s2,B,E,P0282,3,6,1,2,3,31,29,52,6,1,7
2010-s2-B-GE,2010-s2,B,E,P1535,4,5,2,0,3,30,20,60,9,0,9
2010-s2-B-GE,2010-s2,B,E,P1506,5,6,3,1,2,37,23,62,11,1,12
2010-s2-B-GE,2010-s2,B,E,P1443,6,6,0,5,1,5,55,8,1,1,2
2010-s2-B-GF,2010-s2,B,F,P1168,0,0,0,0,0,0,0,,0,0,0
2010-s2-B-GF,2010-s2,B,F,P1168,1,0,0,0,0,0,0,,0,0,0
2010-s2-B-GF,2010-s2,B,F,P1168,2,0,0,0,0,0,0,,0,0,0
2010-s2-B-GF,2010-s2,B,F,P1168,3,0,0,0,0,0,0,,0,0,0
2010-s2-B-GF,2010-s2,B,F,P1168,4,0,0,0,0,0,0,,0,0,0
2010-s2-B-GF,2010-s2,B,F,P1168,5,0,0,0,0,0,0,,0,0,0
2010-s2-B-GF,2010-s2,B,F,P1168,6,0,0,0,0,0,0,,0,0,0
2010-s3-A-GA,2010-s3,A,A,P0368,0,6,1,5,0,26,34,43,3,1,4
2010-s3-A-GA,2010-s3,A,A,P1411,1,6,0,6,0,14,46,23,0,1,1
2010-s3-A-GA,2010-s3,A,A,P1300,2,6,4,2,0,38,22,63,12,1,13
2010-s3-A-GA,2010-s3,A,A,P1498,3,6,4,2,0,32,28,53,12,1,13
2010-s3-A-GA,2010-s3,A,A,P1528,4,6,4,1,1,35,25,58,13,1,14
2010-s3-A-GA,2010-s3,A,A,P1425,5,6,4,1,1,35,25,58,13,1,14
2010-s3-A-GA,2010-s3,A,A,P1312,6,6,3,3,0,30,30,50,9,1,10
2010-s3-A-GB,2010-s3,A,B,P1537,0,5,1,4,0,18,32,36,3,0,3
2010-s3-A-GB,2010-s3,A,B,P1088,1,6,2,3,1,24,36,40,7,1,8
2010-s3-A-GB,2010-s3,A,B,P1393,2,5,3,1,1,33,17,66,10,0,10
2010-s3-A-GB,2010-s3,A,B,P1400,3,4,2,2,0,17,23,43,6,0,6
2010-s3-A-GB,2010-s3,A,B,P1441,4,4,3,1,0,25,15,63,9,0,9
2010-s3-A-GB,2010-s3,A,B,P1392,5,6,1,4,1,25,35,42,4,1,5
2010-s3-A-GB,2010-s3,A,B,P1262,6,6,4,1,1,38,22,63,13,1,14
2010-s3-A-GC,2010-s3,A,C,P1304,0,6,3,1,2,38,22,63,11,1,12
2010-s3-A-GC,2010-s3,A,C,P1401,1,6,1,5,0,14,46,23,3,1,4
2010-s3-A-GC,2010-s3,A,C,P0073,2,6,4,1,1,37,23,62,13,1,14
2010-s3-A-GC,2010-s3,A,C,P1523,3,6,1,5,0,12,48,20,3,1,4
2010-s3-A-GC,2010-s3,A,C,P1517,4,6,3,3,0,36,24,60,9,1,10
2010-s3-A-GC,2010-s3,A,C,P0969,5,6,4,1,1,41,19,68,13,1,14
2010-s3-A-GC,2010-s3,A,C,P1063,6,6,3,3,0,32,28,53,9,1,10
2010-s3-A-GD,2010-s3,A,D,P1215,0,6,3,3,0,25,35,42,9,1,10
2010-s3-A-GD,2010-s3,A,D,P1398,1,6,3,3,0,32,28,53,9,1,10
2010-s3-A-GD,2010-s3,A,D,P0051,2,5,1,4,0,25,25,50,3,0,3
2010-s3-A-GD,2010-s3,A,D,P1014,3,3,2,1,0,21,9,70,6,0,6
2010-s3-A-GD,2010-s3,A,D,P1409,4,5,5,0,0,37,13,74,15,0,15
2010-s3-A-GD,2010-s3,A,D,P1451,5,5,4,1,0,37,13,74,12,0,12
2010-s3-A-GD,2010-s3,A,D,P1420,6,6,0,6,0,3,57,5,0,1,1
2010-s3-A-GE,2010-s3,A,E,P1415,0,6,3,3,0,33,27,55,9,1,10
2010-s3-A-GE,2010-s3,A,E,P1509,1,3,1,2,0,12,18,40,3,0,3
2010-s3-A-GE,2010-s3,A,E,P0010,2,3,0,3,0,10,20,33,0,0,0
2010-s3-A-GE,2010-s3,A,E,P0951,3,6,3,2,1,32,28,53,10,1,11
2010-s3-A-GE,2010-s3,A,E,P1542,4,4,1,3,0,13,27,33,3,0,3
2010-s3-A-GE,2010-s3,A,E,P1148,5,4,3,0,1,23,17,58,10,0,10
2010-s3-A-GE,2010-s3,A,E,P1138,6,4,3,1,0,27,13,68,9,0,9
2010-s3-A-GF,2010-s3,A,F,P1381,0,6,1,3,2,29,31,48,5,1,6
2010-s3-A-GF,2010-s3,A,F,P1096,1,6,3,2,1,30,30,50,10,1,11
2010-s3-A-GF,2010-s3,A,F,P1515,2,6,4,1,1,43,17,72,13,1,14
2010-s3-A-GF,2010-s3,A,F,P0077,3,6,0,5,1,5,55,8,1,1,2
2010-s3-A-GF,2010-s3,A,F,P1334,4,6,5,1,0,45,15,75,15,1,16
2010-s3-A-GF,2010-s3,A,F,P1483,5,6,4,2,0,34,26,57,12,1,13
2010-s3-A-GF,2010-s3,A,F,P1343,6,6,1,4,1,24,36,40,4,1,5
2010-s3-A-GG,2010-s3,A,G,P1022,0,6,6,0,0,48,12,80,18,1,19
2010-s3-A-GG,2010-s3,A,G,P1032,1,6,2,4,0,30,30,50,6,1,7
2010-s3-A-GG,2010-s3,A,G,P1249,2,6,5,1,0,37,23,62,15,1,16
2010-s3-A-GG,2010-s3,A,G,P1520,3,6,4,2,0,37,23,62,12,1,13
2010-s3-A-GG,2010-s3,A,G,P1054,4,6,1,5,0,20,40,33,3,1,4
2010-s3-A-GG,2010-s3,A,G,P1495,5,6,0,6,0,4,56,7,0,1,1
2010-s3-A-GG,2010-s3,A,G,P0250,6,6,3,3,0,34,26,57,9,1,10
2010-s3-A-GH,2010-s3,A,H,P1539,0,6,3,3,0,33,27,55,9,1,10
2010-s3-A-GH,2010-s3,A,H,P1395,1,5,0,5,0,10,40,20,0,0,0
2010-s3-A-GH,2010-s3,A,H,P1444,2,6,2,4,0,23,37,38,6,1,7
2010-s3-A-GH,2010-s3,A,H,P0689,3,4,4,0,0,30,10,75,12,0,12
2010-s3-A-GH,2010-s3,A,H,P1511,4,5,3,2,0,30,20,60,9,0,9
2010-s3-A-GH,2010-s3,A,H,P1475,5,6,3,3,0,29,31,48,9,1,10
2010-s3-A-GH,2010-s3,A,H,P0262,6,4,3,1,0,25,15,63,9,0,9
2010-s3-B-GA,2010-s3,B,A,P1113,0,6,4,1,1,38,22,63,13,1,14
2010-s3-B-GA,2010-s3,B,A,P1083,1,6,4,1,1,37,23,62,13,1,14
2010-s3-B-GA,2010-s3,B,A,P1429,2,6,3,3,0,32,28,53,9,1,10
2010-s3-B-GA,2010-s3,B,A,P1313,3,6,2,3,1,30,30,50,7,1,8
2010-s3-B-GA,2010-s3,B,A,P1547,4,5,0,5,0,11,39,22,0,0,0
2010-s3-B-GA,2010-s3,B,A,P1464,5,5,1,3,1,20,30,40,4,0,4
2010-s3-B-GA,2010-s3,B,A,P1531,6,6,4,2,0,32,28,53,12,1,13
2010-s3-B-GB,2010-s3,B,B,P0217,0,6,3,1,2,36,24,60,11,1,12
2010-s3-B-GB,2010-s3,B,B,P1471,1,5,1,2,2,20,30,40,5,0,5
2010-s3-B-GB,2010-s3,B,B,P1370,2,6,0,6,0,7,53,12,0,1,1
2010-s3-B-GB,2010-s3,B,B,P1430,3,6,2,2,2,38,22,63,8,1,9
2010-s3-B-GB,2010-s3,B,B,P1484,4,6,4,1,1,40,20,67,13,1,14
2010-s3-B-GB,2010-s3,B,B,P1488,5,5,1,4,0,13,37,26,3,0,3
2010-s3-B-GB,2010-s3,B,B,P1456,6,6,5,0,1,46,14,77,16,1,17
2010-s3-B-GC,2010-s3,B,C,P1516,0,6,6,0,0,49,11,82,18,1,19
2010-s3-B-GC,2010-s3,B,C,P1463,1,4,1,3,0,13,27,33,3,0,3
2010-s3-B-GC,2010-s3,B,C,P1391,2,6,0,6,0,2,58,3,0,1,1
2010-s3-B-GC,2010-s3,B,C,P1468,3,5,3,2,0,30,20,60,9,0,9
2010-s3-B-GC,2010-s3,B,C,P1418,4,5,3,2,0,32,18,64,9,0,9
2010-s3-B-GC,2010-s3,B,C,P0282,5,4,1,3,0,17,23,43,3,0,3
2010-s3-B-GC,2010-s3,B,C,P1396,6,6,4,2,0,37,23,62,12,1,13
2010-s3-B-GD,2010-s3,B,D,P1554,0,5,4,1,0,38,12,76,12,0,12
2010-s3-B-GD,2010-s3,B,D,P1440,1,6,5,1,0,43,17,72,15,1,16
2010-s3-B-GD,2010-s3,B,D,P0726,2,5,3,2,0,28,22,56,9,0,9
2010-s3-B-GD,2010-s3,B,D,P1321,3,5,2,2,1,24,26,48,7,0,7
2010-s3-B-GD,2010-s3,B,D,P1438,4,6,0,6,0,3,57,5,0,1,1
2010-s3-B-GD,2010-s3,B,D,P1536,5,6,3,2,1,40,20,67,10,1,11
2010-s3-B-GD,2010-s3,B,D,P1550,6,5,1,4,0,14,36,28,3,0,3
2010-s3-B-GE,2010-s3,B,E,P1433,0,5,4,1,0,37,13,74,12,0,12
2010-s3-B-GE,2010-s3,B,E,P1480,1,6,3,3,0,36,24,60,9,1,10
2010-s3-B-GE,2010-s3,B,E,P1489,2,6,2,4,0,27,33,45,6,1,7
2010-s3-B-GE,2010-s3,B,E,P1482,3,6,0,5,1,1,49,2,1,0,1
2010-s3-B-GE,2010-s3,B,E,P1419,4,6,6,0,0,49,11,82,18,1,19
2010-s3-B-GE,2010-s3,B,E,P1413,5,5,4,1,0,37,13,74,12,0,12
2010-s3-B-GE,2010-s3,B,E,P1494,6,6,0,5,1,3,47,6,1,0,1
2010-s3-B-GF,2010-s3,B,F,P1168,0,0,0,0,0,0,0,,0,0,0
2010-s3-B-GF,2010-s3,B,F,P1168,1,0,0,0,0,0,0,,0,0,0
2010-s3-B-GF,2010-s3,B,F,P1168,2,0,0,0,0,0,0,,0,0,0
2010-s3-B-GF,2010-s3,B,F,P1168,3,0,0,0,0,0,0,,0,0,0
2010-s3-B-GF,2010-s3,B,F,P1168,4,0,0,0,0,0,0,,0,0,0
2010-s3-B-GF,2010-s3,B,F,P1168,5,0,0,0,0,0,0,,0,0,0
2010-s3-B-GF,2010-s3,B,F,P1168,6,0,0,0,0,0,0,,0,0,0
2010-s4-A-GA,2010-s4,A,A,P1223,0,6,4,0,2,42,18,70,14,0,14
2010-s4-A-GA,2010-s4,A,A,P1497,1,4,2,1,1,25,15,63,7,0,7
2010-s4-A-GA,2010-s4,A,A,P1304,2,4,1,3,0,18,22,45,3,0,3
2010-s4-A-GA,2010-s4,A,A,P1419,3,6,3,3,0,34,26,57,9,1,10
2010-s4-A-GA,2010-s4,A,A,P1083,4,4,1,3,0,16,24,40,3,0,3
2010-s4-A-GA,2010-s4,A,A,P1515,5,6,1,5,0,10,50,17,3,1,4
2010-s4-A-GA,2010-s4,A,A,P1452,6,4,3,0,1,25,15,63,10,0,10
2010-s4-A-GB,2010-s4,A,B,P1539,0,5,3,2,0,33,17,66,9,0,9
2010-s4-A-GB,2010-s4,A,B,P1437,1,6,2,4,0,30,30,50,6,1,7
2010-s4-A-GB,2010-s4,A,B,P1538,2,3,2,1,0,20,10,67,6,0,6
2010-s4-A-GB,2010-s4,A,B,P1501,3,6,0,6,0,2,58,3,0,1,1
2010-s4-A-GB,2010-s4,A,B,P1520,4,3,3,0,0,23,7,77,9,0,9
2010-s4-A-GB,2010-s4,A,B,P1439,5,5,2,3,0,23,27,46,6,0,6
2010-s4-A-GB,2010-s4,A,B,P1399,6,4,4,0,0,29,11,73,12,0,12
2010-s4-A-GC,2010-s4,A,C,P1262,0,5,4,1,0,34,16,68,12,0,12
2010-s4-A-GC,2010-s4,A,C,P1483,1,5,2,3,0,25,25,50,6,0,6
2010-s4-A-GC,2010-s4,A,C,P1477,2,6,0,6,0,3,57,5,0,1,1
2010-s4-A-GC,2010-s4,A,C,P1096,3,5,3,2,0,31,19,62,9,0,9
2010-s4-A-GC,2010-s4,A,C,P0754,4,6,4,1,1,38,22,63,13,1,14
2010-s4-A-GC,2010-s4,A,C,P1446,5,6,3,3,0,31,29,52,9,1,10
2010-s4-A-GC,2010-s4,A,C,P1138,6,5,2,2,1,28,22,56,7,0,7
2010-s4-A-GD,2010-s4,A,D,P1425,0,5,2,3,0,25,25,50,6,0,6
2010-s4-A-GD,2010-s4,A,D,P1300,1,5,3,2,0,23,27,46,9,0,9
2010-s4-A-GD,2010-s4,A,D,P1555,2,6,0,6,0,8,52,13,0,1,1
2010-s4-A-GD,2010-s4,A,D,P0969,3,5,4,0,1,38,12,76,13,0,13
2010-s4-A-GD,2010-s4,A,D,P1180,4,6,4,2,0,37,23,62,12,1,13
2010-s4-A-GD,2010-s4,A,D,P1063,5,5,1,4,0,24,26,48,3,0,3
2010-s4-A-GD,2010-s4,A,D,P1404,6,6,4,1,1,35,25,58,13,1,14
2010-s4-A-GE,2010-s4,A,E,P1406,0,6,4,2,0,43,17,72,12,1,13
2010-s4-A-GE,2010-s4,A,E,P1554,1,4,1,3,0,17,23,43,3,0,3
2010-s4-A-GE,2010-s4,A,E,P1556,2,2,1,1,0,7,13,35,3,0,3
2010-s4-A-GE,2010-s4,A,E,P1381,3,6,3,3,0,28,32,47,9,1,10
2010-s4-A-GE,2010-s4,A,E,P0073,4,4,4,0,0,29,11,73,12,0,12
2010-s4-A-GE,2010-s4,A,E,P1321,5,4,1,3,0,12,28,30,3,0,3
2010-s4-A-GE,2010-s4,A,E,P1413,6,2,0,2,0,4,16,20,0,0,0
2010-s4-A-GF,2010-s4,A,F,P1423,0,6,1,5,0,22,38,37,3,1,4
2010-s4-A-GF,2010-s4,A,F,P0987,1,5,3,0,2,31,19,62,11,0,11
2010-s4-A-GF,2010-s4,A,F,P1396,2,6,1,5,0,16,44,27,3,1,4
2010-s4-A-GF,2010-s4,A,F,P1410,3,6,4,1,1,42,18,70,13,1,14
2010-s4-A-GF,2010-s4,A,F,P0250,4,6,4,1,1,34,26,57,13,1,14
2010-s4-A-GF,2010-s4,A,F,P1148,5,6,1,5,0,25,35,42,3,1,4
2010-s4-A-GF,2010-s4,A,F,P1022,6,5,4,1,0,30,20,60,12,0,12
2010-s4-A-GG,2010-s4,A,G,P1480,0,3,1,2,0,8,22,27,3,0,3
2010-s4-A-GG,2010-s4,A,G,P0076,1,1,0,1,0,4,6,40,0,0,0
2010-s4-A-GG,2010-s4,A,G,P1457,2,4,3,0,1,24,16,60,10,0,10
2010-s4-A-GG,2010-s4,A,G,P1511,3,6,4,2,0,40,20,67,12,1,13
2010-s4-A-GG,2010-s4,A,G,P1393,4,5,2,2,1,28,22,56,7,0,7
2010-s4-A-GG,2010-s4,A,G,P1215,5,5,1,4,0,16,34,32,3,0,3
2010-s4-A-GG,2010-s4,A,G,P1113,6,4,1,1,2,20,20,50,5,0,5
2010-s4-A-GH,2010-s4,A,H,P1054,0,5,2,3,0,32,18,64,6,0,6
2010-s4-A-GH,2010-s4,A,H,P1403,1,4,4,0,0,33,7,83,12,0,12
2010-s4-A-GH,2010-s4,A,H,P1421,2,5,0,5,0,0,50,0,0,1,1
2010-s4-A-GH,2010-s4,A,H,P0140,3,5,0,5,0,0,50,0,0,1,1
2010-s4-A-GH,2010-s4,A,H,P0951,4,6,4,1,1,40,20,67,13,1,14
2010-s4-A-GH,2010-s4,A,H,P1417,5,4,3,1,0,30,10,75,9,0,9
2010-s4-A-GH,2010-s4,A,H,P1369,6,3,2,0,1,25,5,83,7,0,7
2010-s4-B-GA,2010-s4,B,A,P1465,0,5,4,0,1,29,21,58,13,0,13
2010-s4-B-GA,2010-s4,B,A,P1472,1,6,1,2,3,28,32,47,6,1,7
2010-s4-B-GA,2010-s4,B,A,P1467,2,5,0,5,0,15,35,30,0,0,0
2010-s4-B-GA,2010-s4,B,A,P0327,3,6,3,1,2,36,24,60,11,1,12
2010-s4-B-GA,2010-s4,B,A,P1534,4,6,2,3,1,25,35,42,7,1,8
2010-s4-B-GA,2010-s4,B,A,P1130,5,3,2,0,1,21,9,70,7,0,7
2010-s4-B-GA,2010-s4,B,A,P1492,6,5,2,3,0,26,24,52,6,0,6
2010-s4-B-GB,2010-s4,B,B,P0383,0,6,4,2,0,40,20,67,12,1,13
2010-s4-B-GB,2010-s4,B,B,P1532,1,4,0,4,0,9,31,23,0,0,0
2010-s4-B-GB,2010-s4,B,B,P1531,2,6,5,1,0,35,25,58,15,1,16
2010-s4-B-GB,2010-s4,B,B,P1516,3,6,4,2,0,32,28,53,12,1,13
2010-s4-B-GB,2010-s4,B,B,P1461,4,5,0,5,0,15,35,30,0,0,0
2010-s4-B-GB,2010-s4,B,B,P1440,5,6,5,1,0,42,18,70,15,1,16
2010-s4-B-GB,2010-s4,B,B,P1560,6,5,1,4,0,17,33,34,3,0,3
2010-s4-B-GC,2010-s4,B,C,P1462,0,5,3,2,0,28,22,56,9,0,9
2010-s4-B-GC,2010-s4,B,C,P1428,1,6,1,5,0,23,37,38,3,1,4
2010-s4-B-GC,2010-s4,B,C,P1392,2,6,4,2,0,33,27,55,12,1,13
2010-s4-B-GC,2010-s4,B,C,P1430,3,6,3,3,0,29,31,48,9,1,10
2010-s4-B-GC,2010-s4,B,C,P1402,4,5,4,1,0,29,21,58,12,0,12
2010-s4-B-GC,2010-s4,B,C,P1536,5,6,4,2,0,34,26,57,12,1,13
2010-s4-B-GC,2010-s4,B,C,P1407,6,6,1,5,0,24,36,40,3,1,4
2010-s4-B-GD,2010-s4,B,D,P1313,0,6,2,0,4,32,28,53,10,1,11
2010-s4-B-GD,2010-s4,B,D,P1412,1,6,3,1,2,30,30,50,11,1,12
2010-s4-B-GD,2010-s4,B,D,P1507,2,6,3,1,2,37,23,62,11,1,12
2010-s4-B-GD,2010-s4,B,D,P1458,3,6,1,5,0,19,41,32,3,1,4
2010-s4-B-GD,2010-s4,B,D,P0726,4,6,4,2,0,37,23,62,12,1,13
2010-s4-B-GD,2010-s4,B,D,P1551,5,6,1,4,1,24,36,40,4,1,5
2010-s4-B-GD,2010-s4,B,D,P1445,6,6,2,3,1,31,29,52,7,1,8
2010-s4-B-GE,2010-s4,B,E,P1456,0,5,3,1,1,29,21,58,10,0,10
2010-s4-B-GE,2010-s4,B,E,P1500,1,4,2,1,1,23,17,58,7,0,7
2010-s4-B-GE,2010-s4,B,E,P1490,2,4,1,3,0,21,19,53,3,0,3
2010-s4-B-GE,2010-s4,B,E,P1546,3,1,1,0,0,10,0,100,3,0,3
2010-s4-B-GE,2010-s4,B,E,P1470,4,6,0,6,0,0,60,0,0,1,1
2010-s4-B-GE,2010-s4,B,E,P1502,5,2,1,1,0,14,6,70,3,0,3
2010-s4-B-GE,2010-s4,B,E,P1057,6,4,4,0,0,33,7,83,12,0,12
2010-s4-B-GF,2010-s4,B,F,P1168,0,0,0,0,0,0,0,,0,0,0
2010-s4-B-GF,2010-s4,B,F,P1168,1,0,0,0,0,0,0,,0,0,0
2010-s4-B-GF,2010-s4,B,F,P1168,2,0,0,0,0,0,0,,0,0,0
2010-s4-B-GF,2010-s4,B,F,P1168,3,0,0,0,0,0,0,,0,0,0
2010-s4-B-GF,2010-s4,B,F,P1168,4,0,0,0,0,0,0,,0,0,0
2010-s4-B-GF,2010-s4,B,F,P1168,5,0,0,0,0,0,0,,0,0,0
2010-s4-B-GF,2010-s4,B,F,P1168,6,0,0,0,0,0,0,,0,0,0
2011-s1-A-GA,2011-s1,A,A,P1581,0,5,3,2,0,33,17,66,9,0,9
2011-s1-A-GA,2011-s1,A,A,P1444,1,6,1,5,0,6,54,10,3,1,4
2011-s1-A-GA,2011-s1,A,A,P0754,2,3,2,1,0,22,8,73,6,0,6
2011-s1-A-GA,2011-s1,A,A,P1531,3,4,0,4,0,9,31,23,0,0,0
2011-s1-A-GA,2011-s1,A,A,P1404,4,6,5,1,0,47,13,78,15,1,16
2011-s1-A-GA,2011-s1,A,A,P1717,5,6,2,4,0,21,39,35,6,1,7
2011-s1-A-GA,2011-s1,A,A,P1022,6,4,4,0,0,32,8,80,12,0,12
2011-s1-A-GB,2011-s1,A,B,P1593,0,6,4,2,0,39,21,65,12,1,13
2011-s1-A-GB,2011-s1,A,B,P1441,1,6,5,1,0,41,19,68,15,1,16
2011-s1-A-GB,2011-s1,A,B,P1637,2,6,0,6,0,12,48,20,0,1,1
2011-s1-A-GB,2011-s1,A,B,P1605,3,6,1,5,0,24,36,40,3,1,4
2011-s1-A-GB,2011-s1,A,B,P1667,4,6,3,2,1,28,32,47,10,1,11
2011-s1-A-GB,2011-s1,A,B,P1672,5,6,3,3,0,31,29,52,9,1,10
2011-s1-A-GB,2011-s1,A,B,P1425,6,6,4,1,1,35,25,58,13,1,14
2011-s1-A-GC,2011-s1,A,C,P1158,0,6,5,1,0,40,20,67,15,1,16
2011-s1-A-GC,2011-s1,A,C,P0969,1,3,0,2,1,9,21,30,1,0,1
2011-s1-A-GC,2011-s1,A,C,P1650,2,6,6,0,0,51,9,85,18,1,19
2011-s1-A-GC,2011-s1,A,C,P1381,3,6,2,3,1,34,26,57,7,1,8
2011-s1-A-GC,2011-s1,A,C,P1457,4,4,0,4,0,8,32,20,0,0,0
2011-s1-A-GC,2011-s1,A,C,P1619,5,5,1,4,0,13,37,26,3,0,3
2011-s1-A-GC,2011-s1,A,C,P1685,6,4,2,2,0,15,25,38,6,0,6
2011-s1-A-GD,2011-s1,A,D,P0672,0,5,4,0,1,34,16,68,13,0,13
2011-s1-A-GD,2011-s1,A,D,P1536,1,5,1,2,2,23,27,46,5,0,5
2011-s1-A-GD,2011-s1,A,D,P1300,2,6,5,1,0,43,17,72,15,1,16
2011-s1-A-GD,2011-s1,A,D,P1659,3,5,1,2,2,22,28,44,5,0,5
2011-s1-A-GD,2011-s1,A,D,P1423,4,4,1,3,0,15,25,38,3,0,3
2011-s1-A-GD,2011-s1,A,D,P0051,5,4,1,2,1,13,27,33,4,0,4
2011-s1-A-GD,2011-s1,A,D,P1699,6,3,0,3,0,10,20,33,0,0,0
2011-s1-A-GE,2011-s1,A,E,P0140,0,5,4,1,0,39,11,78,12,0,12
2011-s1-A-GE,2011-s1,A,E,P1274,1,4,0,4,0,10,30,25,0,0,0
2011-s1-A-GE,2011-s1,A,E,P1645,2,3,0,3,0,5,25,17,0,0,0
2011-s1-A-GE,2011-s1,A,E,P1655,3,4,4,0,0,30,10,75,12,0,12
2011-s1-A-GE,2011-s1,A,E,P1415,4,5,4,1,0,35,15,70,12,0,12
2011-s1-A-GE,2011-s1,A,E,P1138,5,6,3,3,0,28,32,47,9,1,10
2011-s1-A-GE,2011-s1,A,E,P1417,6,3,0,3,0,3,27,10,0,0,0
2011-s1-A-GF,2011-s1,A,F,P1511,0,4,0,4,0,5,35,13,0,0,0
2011-s1-A-GF,2011-s1,A,F,P1096,1,6,3,1,2,30,30,50,11,1,12
2011-s1-A-GF,2011-s1,A,F,P1539,2,4,1,2,1,16,24,40,4,0,4
2011-s1-A-GF,2011-s1,A,F,P1435,3,4,0,3,1,9,31,23,1,0,1
2011-s1-A-GF,2011-s1,A,F,P1396,4,6,2,4,0,25,35,42,6,1,7
2011-s1-A-GF,2011-s1,A,F,P1620,5,6,4,2,0,44,16,73,12,1,13
2011-s1-A-GF,2011-s1,A,F,P0073,6,6,6,0,0,51,9,85,18,1,19
2011-s1-A-GG,2011-s1,A,G,P1723,0,6,0,6,0,3,57,5,0,1,1
2011-s1-A-GG,2011-s1,A,G,P1401,1,6,1,5,0,20,40,33,3,1,4
2011-s1-A-GG,2011-s1,A,G,P1654,2,5,4,1,0,29,21,58,12,0,12
2011-s1-A-GG,2011-s1,A,G,P0951,3,5,3,1,1,30,20,60,10,0,10
2011-s1-A-GG,2011-s1,A,G,P1466,4,4,3,1,0,33,7,83,9,0,9
2011-s1-A-GG,2011-s1,A,G,P1520,5,3,2,1,0,21,9,70,6,0,6
2011-s1-A-GG,2011-s1,A,G,P1446,6,3,2,0,1,24,6,80,7,0,7
2011-s1-B-GA,2011-s1,B,A,P1715,0,6,3,3,0,33,27,55,9,1,10
2011-s1-B-GA,2011-s1,B,A,P1573,1,5,1,4,0,11,39,22,3,0,3
2011-s1-B-GA,2011-s1,B,A,P1489,2,5,0,5,0,10,40,20,0,0,0
2011-s1-B-GA,2011-s1,B,A,P1516,3,6,4,2,0,37,23,62,12,1,13
2011-s1-B-GA,2011-s1,B,A,P1632,4,6,5,1,0,43,17,72,15,1,16
2011-s1-B-GA,2011-s1,B,A,P1707,5,4,0,4,0,9,31,23,0,0,0
2011-s1-B-GA,2011-s1,B,A,P1199,6,6,6,0,0,47,13,78,18,1,19
2011-s1-B-GB,2011-s1,B,B,P0282,0,6,4,1,1,31,29,52,13,1,14
2011-s1-B-GB,2011-s1,B,B,P1716,1,6,2,4,0,25,35,42,6,1,7
2011-s1-B-GB,2011-s1,B,B,P1596,2,6,0,6,0,20,40,33,0,1,1
2011-s1-B-GB,2011-s1,B,B,P1113,3,6,4,2,0,39,21,65,12,1,13
2011-s1-B-GB,2011-s1,B,B,P1554,4,6,3,2,1,31,29,52,10,1,11
2011-s1-B-GB,2011-s1,B,B,P1572,5,6,3,2,1,32,28,53,10,1,11
2011-s1-B-GB,2011-s1,B,B,P1576,6,6,3,2,1,32,28,53,10,1,11
2011-s1-B-GC,2011-s1,B,C,P1721,0,6,4,1,1,39,21,65,13,1,14
2011-s1-B-GC,2011-s1,B,C,P1626,1,6,5,1,0,44,16,73,15,1,16
2011-s1-B-GC,2011-s1,B,C,P1492,2,3,0,3,0,10,20,33,0,0,0
2011-s1-B-GC,2011-s1,B,C,P1589,3,4,3,0,1,31,9,78,10,0,10
2011-s1-B-GC,2011-s1,B,C,P1664,4,4,1,3,0,10,30,25,3,0,3
2011-s1-B-GC,2011-s1,B,C,P1313,5,6,2,4,0,25,35,42,6,1,7
2011-s1-B-GC,2011-s1,B,C,P1652,6,5,1,4,0,11,39,22,3,0,3
2011-s1-B-GD,2011-s1,B,D,P1668,0,6,3,3,0,32,28,53,9,1,10
2011-s1-B-GD,2011-s1,B,D,P1694,1,5,2,3,0,19,31,38,6,0,6
2011-s1-B-GD,2011-s1,B,D,P1725,2,6,6,0,0,44,16,73,18,1,19
2011-s1-B-GD,2011-s1,B,D,P1623,3,6,3,3,0,36,24,60,9,1,10
2011-s1-B-GD,2011-s1,B,D,P1579,4,5,4,1,0,31,19,62,12,0,12
2011-s1-B-GD,2011-s1,B,D,P1642,5,6,2,4,0,23,37,38,6,1,7
2011-s1-B-GD,2011-s1,B,D,P1720,6,6,0,6,0,15,45,25,0,1,1
2011-s1-B-GE,2011-s1,B,E,P1430,0,6,3,3,0,29,31,48,9,1,10
2011-s1-B-GE,2011-s1,B,E,P1709,1,5,1,4,0,19,31,38,3,0,3
2011-s1-B-GE,2011-s1,B,E,P1603,2,6,5,0,1,45,15,75,16,1,17
2011-s1-B-GE,2011-s1,B,E,P1613,3,5,3,2,0,29,21,58,9,0,9
2011-s1-B-GE,2011-s1,B,E,P1407,4,6,0,6,0,1,59,2,0,1,1
2011-s1-B-GE,2011-s1,B,E,P1209,5,6,3,3,0,36,24,60,9,1,10
2011-s1-B-GE,2011-s1,B,E,P0726,6,6,4,1,1,41,19,68,13,1,14
2011-s1-B-GF,2011-s1,B,F,P1168,0,0,0,0,0,0,0,,0,0,0
2011-s1-B-GF,2011-s1,B,F,P1168,1,0,0,0,0,0,0,,0,0,0
2011-s1-B-GF,2011-s1,B,F,P1168,2,0,0,0,0,0,0,,0,0,0
2011-s1-B-GF,2011-s1,B,F,P1168,3,0,0,0,0,0,0,,0,0,0
2011-s1-B-GF,2011-s1,B,F,P1168,4,0,0,0,0,0,0,,0,0,0
2011-s1-B-GF,2011-s1,B,F,P1168,5,0,0,0,0,0,0,,0,0,0
2011-s1-B-GF,2011-s1,B,F,P1168,6,0,0,0,0,0,0,,0,0,0
2011-s2-A-GA,2011-s2,A,A,P0073,0,6,4,2,0,40,20,67,12,1,13
2011-s2-A-GA,2011-s2,A,A,P1300,1,5,3,2,0,31,19,62,9,0,9
2011-s2-A-GA,2011-s2,A,A,P1063,2,2,0,2,0,6,14,30,0,0,0
2011-s2-A-GA,2011-s2,A,A,P1381,3,5,2,3,0,21,29,42,6,0,6
2011-s2-A-GA,2011-s2,A,A,P1054,4,6,5,1,0,35,25,58,15,1,16
2011-s2-A-GA,2011-s2,A,A,P1704,5,5,1,4,0,18,32,36,3,0,3
2011-s2-A-GA,2011-s2,A,A,P1666,6,5,2,3,0,19,31,38,6,0,6
2011-s2-A-GB,2011-s2,A,B,P1441,0,6,4,1,1,40,20,67,13,1,14
2011-s2-A-GB,2011-s2,A,B,P0951,1,5,4,0,1,33,17,66,13,0,13
2011-s2-A-GB,2011-s2,A,B,P0335,2,4,1,3,0,14,26,35,3,0,3
2011-s2-A-GB,2011-s2,A,B,P1589,3,4,2,2,0,20,20,50,6,0,6
2011-s2-A-GB,2011-s2,A,B,P1435,4,6,2,4,0,26,34,43,6,1,7
2011-s2-A-GB,2011-s2,A,B,P1657,5,6,0,6,0,18,42,30,0,1,1
2011-s2-A-GB,2011-s2,A,B,P0726,6,5,4,1,0,29,21,58,12,0,12
2011-s2-A-GC,2011-s2,A,C,P1655,0,4,3,1,0,28,12,70,9,0,9
2011-s2-A-GC,2011-s2,A,C,P0584,1,5,2,3,0,26,24,52,6,0,6
2011-s2-A-GC,2011-s2,A,C,P1520,2,6,3,3,0,33,27,55,9,1,10
2011-s2-A-GC,2011-s2,A,C,P1594,3,4,3,1,0,22,18,55,9,0,9
2011-s2-A-GC,2011-s2,A,C,P1423,4,5,1,3,1,17,33,34,4,0,4
2011-s2-A-GC,2011-s2,A,C,P1621,5,4,1,3,0,10,30,25,3,0,3
2011-s2-A-GC,2011-s2,A,C,P0617,6,6,3,2,1,34,26,57,10,1,11
2011-s2-A-GD,2011-s2,A,D,P1393,0,4,3,1,0,27,13,68,9,0,9
2011-s2-A-GD,2011-s2,A,D,P1425,1,5,5,0,0,31,19,62,15,0,15
2011-s2-A-GD,2011-s2,A,D,P1567,2,5,4,1,0,31,19,62,12,0,12
2011-s2-A-GD,2011-s2,A,D,P1097,3,5,1,4,0,19,31,38,3,0,3
2011-s2-A-GD,2011-s2,A,D,P1725,4,3,0,3,0,10,20,33,0,0,0
2011-s2-A-GD,2011-s2,A,D,P1157,5,5,2,3,0,23,27,46,6,0,6
2011-s2-A-GD,2011-s2,A,D,P1728,6,3,0,3,0,9,21,30,0,0,0
2011-s2-A-GE,2011-s2,A,E,P1583,0,5,4,1,0,28,22,56,12,0,12
2011-s2-A-GE,2011-s2,A,E,P1096,1,6,2,2,2,33,27,55,8,1,9
2011-s2-A-GE,2011-s2,A,E,P1199,2,5,1,4,0,23,27,46,3,0,3
2011-s2-A-GE,2011-s2,A,E,P1648,3,6,2,3,1,30,30,50,7,1,8
2011-s2-A-GE,2011-s2,A,E,P1713,4,5,5,0,0,38,12,76,15,0,15
2011-s2-A-GE,2011-s2,A,E,P1685,5,3,1,2,0,9,21,30,3,0,3
2011-s2-A-GE,2011-s2,A,E,P1576,6,6,1,4,1,19,41,32,4,1,5
2011-s2-A-GF,2011-s2,A,F,P1404,0,5,5,0,0,32,18,64,15,0,15
2011-s2-A-GF,2011-s2,A,F,P1223,1,6,3,2,1,35,25,58,10,1,11
2011-s2-A-GF,2011-s2,A,F,P1602,2,6,3,3,0,31,29,52,9,1,10
2011-s2-A-GF,2011-s2,A,F,P1113,3,6,0,5,1,23,37,38,1,1,2
2011-s2-A-GF,2011-s2,A,F,P1539,4,6,2,3,1,27,33,45,7,1,8
2011-s2-A-GF,2011-s2,A,F,P1396,5,6,1,5,0,20,40,33,3,1,4
2011-s2-A-GF,2011-s2,A,F,P1581,6,5,4,0,1,32,18,64,13,0,13
2011-s2-A-GG,2011-s2,A,G,P1168,0,0,0,0,0,0,0,,0,0,0
2011-s2-A-GG,2011-s2,A,G,P1168,1,0,0,0,0,0,0,,0,0,0
2011-s2-A-GG,2011-s2,A,G,P1168,2,0,0,0,0,0,0,,0,0,0
2011-s2-A-GG,2011-s2,A,G,P1168,3,0,0,0,0,0,0,,0,0,0
2011-s2-A-GG,2011-s2,A,G,P1168,4,0,0,0,0,0,0,,0,0,0
2011-s2-A-GG,2011-s2,A,G,P1168,5,0,0,0,0,0,0,,0,0,0
2011-s2-A-GG,2011-s2,A,G,P1168,6,0,0,0,0,0,0,,0,0,0
2011-s2-B-GA,2011-s2,B,A,P1463,0,6,3,3,0,31,29,52,9,1,10
2011-s2-B-GA,2011-s2,B,A,P1313,1,6,4,2,0,46,14,77,12,1,13
2011-s2-B-GA,2011-s2,B,A,P1663,2,6,4,2,0,38,22,63,12,1,13
2011-s2-B-GA,2011-s2,B,A,P1516,3,6,3,3,0,32,28,53,9,1,10
2011-s2-B-GA,2011-s2,B,A,P1168,4,6,0,5,1,4,46,8,1,1,2
2011-s2-B-GA,2011-s2,B,A,P1677,5,6,6,0,0,49,11,82,18,1,19
2011-s2-B-GA,2011-s2,B,A,P1579,6,6,0,5,1,0,50,0,1,1,2
2011-s2-B-GB,2011-s2,B,B,P1649,0,2,0,1,1,5,15,25,1,0,1
2011-s2-B-GB,2011-s2,B,B,P1623,1,4,1,2,1,15,25,38,4,0,4
2011-s2-B-GB,2011-s2,B,B,P1717,2,4,0,4,0,12,28,30,0,0,0
2011-s2-B-GB,2011-s2,B,B,P1204,3,5,3,1,1,31,19,62,10,0,10
2011-s2-B-GB,2011-s2,B,B,P1413,4,6,5,0,1,48,12,80,16,1,17
2011-s2-B-GB,2011-s2,B,B,P1502,5,3,0,2,1,11,19,37,1,0,1
2011-s2-B-GB,2011-s2,B,B,P1472,6,4,2,1,1,18,22,45,7,0,7
2011-s2-B-GC,2011-s2,B,C,P1430,0,6,1,4,1,24,36,40,4,1,5
2011-s2-B-GC,2011-s2,B,C,P1536,1,6,5,0,1,43,17,72,16,1,17
2011-s2-B-GC,2011-s2,B,C,P1696,2,6,1,4,1,21,39,35,4,1,5
2011-s2-B-GC,2011-s2,B,C,P1638,3,6,1,5,0,23,37,38,3,1,4
2011-s2-B-GC,2011-s2,B,C,P1606,4,6,2,1,3,27,33,45,9,1,10
2011-s2-B-GC,2011-s2,B,C,P1622,5,6,4,2,0,39,21,65,12,1,13
2011-s2-B-GC,2011-s2,B,C,P1554,6,6,4,2,0,33,27,55,12,1,13
2011-s2-B-GD,2011-s2,B,D,P1456,0,6,5,1,0,43,17,72,15,1,16
2011-s2-B-GD,2011-s2,B,D,P1721,1,5,0,5,0,11,39,22,0,0,0
2011-s2-B-GD,2011-s2,B,D,P1626,2,6,4,2,0,33,27,55,12,1,13
2011-s2-B-GD,2011-s2,B,D,P1624,3,6,2,4,0,25,35,42,6,1,7
2011-s2-B-GD,2011-s2,B,D,P1574,4,6,2,3,1,23,37,38,7,1,8
2011-s2-B-GD,2011-s2,B,D,P1635,5,6,3,2,1,34,26,57,10,1,11
2011-s2-B-GD,2011-s2,B,D,P1617,6,5,3,2,0,31,19,62,9,0,9
2011-s2-B-GE,2011-s2,B,E,P1572,0,6,5,0,1,45,15,75,16,1,17
2011-s2-B-GE,2011-s2,B,E,P0907,1,6,3,3,0,30,30,50,9,1,10
2011-s2-B-GE,2011-s2,B,E,P1708,2,4,0,3,1,3,37,8,1,0,1
2011-s2-B-GE,2011-s2,B,E,P1600,3,5,1,3,1,31,29,52,4,1,5
2011-s2-B-GE,2011-s2,B,E,P1642,4,6,3,2,1,35,25,58,10,1,11
2011-s2-B-GE,2011-s2,B,E,P1597,5,6,0,5,1,13,37,26,1,0,1
2011-s2-B-GE,2011-s2,B,E,P1607,6,5,4,0,1,33,17,66,13,0,13
2011-s2-B-GF,2011-s2,B,F,P1168,0,0,0,0,0,0,0,,0,0,0
2011-s2-B-GF,2011-s2,B,F,P1168,1,0,0,0,0,0,0,,0,0,0
2011-s2-B-GF,2011-s2,B,F,P1168,2,0,0,0,0,0,0,,0,0,0
2011-s2-B-GF,2011-s2,B,F,P1168,3,0,0,0,0,0,0,,0,0,0
2011-s2-B-GF,2011-s2,B,F,P1168,4,0,0,0,0,0,0,,0,0,0
2011-s2-B-GF,2011-s2,B,F,P1168,5,0,0,0,0,0,0,,0,0,0
2011-s2-B-GF,2011-s2,B,F,P1168,6,0,0,0,0,0,0,,0,0,0
2011-s3-A-GA,2011-s3,A,A,P1410,0,5,5,0,0,39,11,78,15,0,15
2011-s3-A-GA,2011-s3,A,A,P0969,1,6,3,3,0,39,21,65,9,1,10
2011-s3-A-GA,2011-s3,A,A,P1567,2,4,3,1,0,22,18,55,9,0,9
2011-s3-A-GA,2011-s3,A,A,P1318,3,3,0,2,1,6,24,20,1,0,1
2011-s3-A-GA,2011-s3,A,A,P1615,4,4,3,1,0,23,17,58,9,0,9
2011-s3-A-GA,2011-s3,A,A,P1554,5,6,1,4,1,22,38,37,4,1,5
2011-s3-A-GA,2011-s3,A,A,P1270,6,4,0,4,0,9,31,23,0,0,0
2011-s3-A-GB,2011-s3,A,B,P1157,0,6,4,2,0,29,31,48,12,1,13
2011-s3-A-GB,2011-s3,A,B,P0010,1,6,4,1,1,37,23,62,13,1,14
2011-s3-A-GB,2011-s3,A,B,P1096,2,6,4,2,0,34,26,57,12,1,13
2011-s3-A-GB,2011-s3,A,B,P1556,3,6,2,4,0,26,34,43,6,1,7
2011-s3-A-GB,2011-s3,A,B,P1675,4,6,3,3,0,31,29,52,9,1,10
2011-s3-A-GB,2011-s3,A,B,P1627,5,6,0,6,0,23,37,38,0,1,1
2011-s3-A-GB,2011-s3,A,B,P0726,6,6,3,2,1,30,30,50,10,1,11
2011-s3-A-GC,2011-s3,A,C,P1334,0,6,6,0,0,41,19,68,18,1,19
2011-s3-A-GC,2011-s3,A,C,P1393,1,5,0,5,0,11,39,22,0,0,0
2011-s3-A-GC,2011-s3,A,C,P1688,2,5,1,3,1,17,33,34,4,0,4
2011-s3-A-GC,2011-s3,A,C,P1642,3,6,2,4,0,23,37,38,6,1,7
2011-s3-A-GC,2011-s3,A,C,P0076,4,6,3,3,0,35,25,58,9,1,10
2011-s3-A-GC,2011-s3,A,C,P0296,5,6,3,2,1,36,24,60,10,1,11
2011-s3-A-GC,2011-s3,A,C,P1300,6,6,4,2,0,37,23,62,12,1,13
2011-s3-A-GD,2011-s3,A,D,P1520,0,6,5,1,0,38,22,63,15,1,16
2011-s3-A-GD,2011-s3,A,D,P1063,1,6,2,3,1,34,26,57,7,1,8
2011-s3-A-GD,2011-s3,A,D,P0368,2,6,3,2,1,37,23,62,10,1,11
2011-s3-A-GD,2011-s3,A,D,P1381,3,6,1,5,0,14,46,23,3,1,4
2011-s3-A-GD,2011-s3,A,D,P1691,4,6,5,1,0,36,24,60,15,1,16
2011-s3-A-GD,2011-s3,A,D,P1607,5,6,3,3,0,28,32,47,9,1,10
2011-s3-A-GD,2011-s3,A,D,P1714,6,6,1,5,0,23,37,38,3,1,4
2011-s3-A-GE,2011-s3,A,E,P1446,0,6,3,3,0,32,28,53,9,1,10
2011-s3-A-GE,2011-s3,A,E,P1594,1,6,3,3,0,30,30,50,9,1,10
2011-s3-A-GE,2011-s3,A,E,P1425,2,4,1,2,1,19,21,48,4,0,4
2011-s3-A-GE,2011-s3,A,E,P1411,3,5,4,1,0,33,17,66,12,0,12
2011-s3-A-GE,2011-s3,A,E,P1113,4,4,0,4,0,11,29,28,0,0,0
2011-s3-A-GE,2011-s3,A,E,P1286,5,5,4,1,0,28,22,56,12,0,12
2011-s3-A-GE,2011-s3,A,E,P1686,6,6,2,3,1,27,33,45,7,1,8
2011-s3-A-GF,2011-s3,A,F,P1404,0,5,4,1,0,33,17,66,12,0,12
2011-s3-A-GF,2011-s3,A,F,P1630,1,6,4,2,0,36,24,60,12,1,13
2011-s3-A-GF,2011-s3,A,F,P1593,2,5,3,1,1,31,19,62,10,0,10
2011-s3-A-GF,2011-s3,A,F,P1603,3,6,3,3,0,31,29,52,9,1,10
2011-s3-A-GF,2011-s3,A,F,P1539,4,6,0,6,0,13,47,22,0,1,1
2011-s3-A-GF,2011-s3,A,F,P1672,5,4,1,3,0,12,28,30,3,0,3
2011-s3-A-GF,2011-s3,A,F,P1419,6,6,3,2,1,34,26,57,10,1,11
2011-s3-A-GG,2011-s3,A,G,P1577,0,4,3,1,0,24,16,60,9,0,9
2011-s3-A-GG,2011-s3,A,G,P1713,1,4,3,1,0,26,14,65,9,0,9
2011-s3-A-GG,2011-s3,A,G,P1097,2,5,0,4,1,14,36,28,1,0,1
2011-s3-A-GG,2011-s3,A,G,P1198,3,6,3,3,0,35,25,58,9,1,10
2011-s3-A-GG,2011-s3,A,G,P1440,4,3,1,2,0,11,19,37,3,0,3
2011-s3-A-GG,2011-s3,A,G,P1614,5,6,0,5,1,22,38,37,1,1,2
2011-s3-A-GG,2011-s3,A,G,P0754,6,6,6,0,0,38,22,63,18,1,19
2011-s3-B-GA,2011-s3,B,A,P1626,0,6,3,3,0,30,30,50,9,1,10
2011-s3-B-GA,2011-s3,B,A,P1582,1,6,5,1,0,34,26,57,15,1,16
2011-s3-B-GA,2011-s3,B,A,P1660,2,6,3,3,0,34,26,57,9,1,10
2011-s3-B-GA,2011-s3,B,A,P1472,3,5,2,3,0,24,26,48,6,0,6
2011-s3-B-GA,2011-s3,B,A,P1682,4,5,0,5,0,15,35,30,0,0,0
2011-s3-B-GA,2011-s3,B,A,P1570,5,6,3,3,0,29,31,48,9,1,10
2011-s3-B-GA,2011-s3,B,A,P1653,6,6,4,2,0,34,26,57,12,1,13
2011-s3-B-GB,2011-s3,B,B,P0907,0,6,6,0,0,43,17,72,18,1,19
2011-s3-B-GB,2011-s3,B,B,P1680,1,6,4,2,0,40,20,67,12,1,13
2011-s3-B-GB,2011-s3,B,B,P1624,2,6,2,4,0,22,38,37,6,1,7
2011-s3-B-GB,2011-s3,B,B,P1313,3,6,1,4,1,25,35,42,4,1,5
2011-s3-B-GB,2011-s3,B,B,P1644,4,6,4,1,1,35,25,58,13,1,14
2011-s3-B-GB,2011-s3,B,B,P1658,5,6,0,6,0,17,43,28,0,1,1
2011-s3-B-GB,2011-s3,B,B,P1598,6,6,3,3,0,28,32,47,9,1,10
2011-s3-B-GC,2011-s3,B,C,P1721,0,6,3,2,1,36,24,60,10,1,11
2011-s3-B-GC,2011-s3,B,C,P1417,1,4,2,2,0,22,18,55,6,0,6
2011-s3-B-GC,2011-s3,B,C,P1606,2,5,3,2,0,29,21,58,9,0,9
2011-s3-B-GC,2011-s3,B,C,P1576,3,6,5,0,1,41,19,68,16,1,17
2011-s3-B-GC,2011-s3,B,C,P1430,4,6,3,3,0,30,30,50,9,1,10
2011-s3-B-GC,2011-s3,B,C,P1575,5,6,1,5,0,10,50,17,3,1,4
2011-s3-B-GC,2011-s3,B,C,P1633,6,5,1,4,0,22,28,44,3,0,3
2011-s3-B-GD,2011-s3,B,D,P1463,0,6,2,4,0,34,26,57,6,1,7
2011-s3-B-GD,2011-s3,B,D,P1610,1,3,0,3,0,4,26,13,0,0,0
2011-s3-B-GD,2011-s3,B,D,P1609,2,5,3,2,0,29,21,58,9,0,9
2011-s3-B-GD,2011-s3,B,D,P1531,3,6,6,0,0,45,15,75,18,1,19
2011-s3-B-GD,2011-s3,B,D,P1716,4,4,0,4,0,4,36,10,0,0,0
2011-s3-B-GD,2011-s3,B,D,P1705,5,4,1,3,0,9,31,23,3,0,3
2011-s3-B-GD,2011-s3,B,D,P1516,6,6,5,1,0,45,15,75,15,1,16
2011-s3-B-GE,2011-s3,B,E,P1628,0,3,0,3,0,7,23,23,0,0,0
2011-s3-B-GE,2011-s3,B,E,P1697,1,5,3,2,0,33,17,66,9,0,9
2011-s3-B-GE,2011-s3,B,E,P1696,2,4,1,3,0,13,27,33,3,0,3
2011-s3-B-GE,2011-s3,B,E,P1492,3,5,2,3,0,20,30,40,6,0,6
2011-s3-B-GE,2011-s3,B,E,P1703,4,6,4,2,0,35,25,58,12,1,13
2011-s3-B-GE,2011-s3,B,E,P1669,5,6,4,2,0,34,26,57,12,1,13
2011-s3-B-GE,2011-s3,B,E,P1639,6,5,3,2,0,28,22,56,9,0,9
2011-s3-B-GF,2011-s3,B,F,P1568,0,5,3,2,0,22,28,44,9,0,9
2011-s3-B-GF,2011-s3,B,F,P1616,1,6,5,1,0,44,16,73,15,1,16
2011-s3-B-GF,2011-s3,B,F,P1717,2,4,2,2,0,20,20,50,6,0,6
2011-s3-B-GF,2011-s3,B,F,P0282,3,4,0,4,0,13,27,33,0,0,0
2011-s3-B-GF,2011-s3,B,F,P1666,4,3,1,2,0,14,16,47,3,0,3
2011-s3-B-GF,2011-s3,B,F,P1592,5,3,1,2,0,11,19,37,3,0,3
2011-s3-B-GF,2011-s3,B,F,P1710,6,5,3,2,0,26,24,52,9,0,9
2011-s4-A-GA,2011-s4,A,A,P1693,0,4,0,4,0,12,28,30,0,0,0
2011-s4-A-GA,2011-s4,A,A,P1713,1,5,4,1,0,34,16,68,12,0,12
2011-s4-A-GA,2011-s4,A,A,P0184,2,1,1,0,0,6,4,60,3,0,3
2011-s4-A-GA,2011-s4,A,A,P0076,3,5,3,0,2,31,19,62,11,0,11
2011-s4-A-GA,2011-s4,A,A,P1603,4,5,1,4,0,13,27,33,3,0,3
2011-s4-A-GA,2011-s4,A,A,P1578,5,4,2,1,1,21,19,53,7,0,7
2011-s4-A-GA,2011-s4,A,A,P1380,6,4,1,2,1,13,17,43,4,0,4
2011-s4-A-GB,2011-s4,A,B,P1520,0,3,0,3,0,8,12,40,0,0,0
2011-s4-A-GB,2011-s4,A,B,P1404,1,5,3,2,0,24,26,48,9,0,9
2011-s4-A-GB,2011-s4,A,B,P1223,2,5,4,0,1,27,13,68,13,0,13
2011-s4-A-GB,2011-s4,A,B,P1706,3,4,2,1,1,21,19,53,7,0,7
2011-s4-A-GB,2011-s4,A,B,P1096,4,4,1,3,0,17,23,43,3,0,3
2011-s4-A-GB,2011-s4,A,B,P1435,5,4,3,1,0,24,16,60,9,0,9
2011-s4-A-GB,2011-s4,A,B,P1683,6,5,1,4,0,19,31,38,3,0,3
2011-s4-A-GC,2011-s4,A,C,P1198,0,6,5,1,0,38,22,63,15,1,16
2011-s4-A-GC,2011-s4,A,C,P1595,1,6,4,2,0,32,28,53,12,1,13
2011-s4-A-GC,2011-s4,A,C,P0969,2,6,5,1,0,40,20,67,15,1,16
2011-s4-A-GC,2011-s4,A,C,P1631,3,5,2,3,0,23,27,46,6,0,6
2011-s4-A-GC,2011-s4,A,C,P0726,4,5,1,4,0,19,31,38,3,0,3
2011-s4-A-GC,2011-s4,A,C,P1075,5,6,2,4,0,30,30,50,6,1,7
2011-s4-A-GC,2011-s4,A,C,P1138,6,4,0,4,0,8,32,20,0,0,0
2011-s4-A-GD,2011-s4,A,D,P0951,0,4,1,2,1,16,24,40,4,0,4
2011-s4-A-GD,2011-s4,A,D,P1584,1,4,3,1,0,24,16,60,9,0,9
2011-s4-A-GD,2011-s4,A,D,P1262,2,6,3,1,2,34,26,57,11,1,12
2011-s4-A-GD,2011-s4,A,D,P0988,3,5,4,0,1,33,17,66,13,0,13
2011-s4-A-GD,2011-s4,A,D,P1399,4,4,1,2,1,22,18,55,4,0,4
2011-s4-A-GD,2011-s4,A,D,P1466,5,4,0,4,0,11,29,28,0,0,0
2011-s4-A-GD,2011-s4,A,D,P1686,6,3,0,2,1,10,20,33,1,0,1
2011-s4-A-GE,2011-s4,A,E,P1724,0,4,0,4,0,8,32,20,0,0,0
2011-s4-A-GE,2011-s4,A,E,P1425,1,6,5,1,0,41,19,68,15,1,16
2011-s4-A-GE,2011-s4,A,E,P1022,2,3,1,2,0,13,17,43,3,0,3
2011-s4-A-GE,2011-s4,A,E,P0754,3,3,2,1,0,19,11,63,6,0,6
2011-s4-A-GE,2011-s4,A,E,P1701,4,5,4,1,0,30,20,60,12,0,12
2011-s4-A-GE,2011-s4,A,E,P1063,5,5,1,4,0,21,29,42,3,0,3
2011-s4-A-GE,2011-s4,A,E,P1508,6,4,2,2,0,18,22,45,6,0,6
2011-s4-A-GF,2011-s4,A,F,P1300,0,6,3,3,0,28,32,47,9,1,10
2011-s4-A-GF,2011-s4,A,F,P0010,1,4,3,1,0,26,14,65,9,0,9
2011-s4-A-GF,2011-s4,A,F,P1157,2,6,2,2,2,31,29,52,8,1,9
2011-s4-A-GF,2011-s4,A,F,P1588,3,6,5,1,0,36,24,60,15,1,16
2011-s4-A-GF,2011-s4,A,F,P1576,4,5,0,4,1,18,32,36,1,0,1
2011-s4-A-GF,2011-s4,A,F,P0873,5,5,2,2,1,28,22,56,7,0,7
2011-s4-A-GF,2011-s4,A,F,P1556,6,4,1,3,0,13,27,33,3,0,3
2011-s4-A-GG,2011-s4,A,G,P1656,0,6,5,0,1,42,18,70,16,1,17
2011-s4-A-GG,2011-s4,A,G,P0984,1,5,3,1,1,35,15,70,10,0,10
2011-s4-A-GG,2011-s4,A,G,P1249,2,4,1,2,1,12,18,40,4,0,4
2011-s4-A-GG,2011-s4,A,G,P1085,3,5,3,2,0,23,27,46,9,0,9
2011-s4-A-GG,2011-s4,A,G,P0728,4,6,3,3,0,22,28,44,9,0,9
2011-s4-A-GG,2011-s4,A,G,P1569,5,6,1,5,0,24,36,40,3,1,4
2011-s4-A-GG,2011-s4,A,G,P1675,6,6,1,4,1,22,38,37,4,1,5
2011-s4-B-GA,2011-s4,B,A,P1313,0,5,0,4,1,17,33,34,1,0,1
2011-s4-B-GA,2011-s4,B,A,P1430,1,6,2,2,2,30,30,50,8,1,9
2011-s4-B-GA,2011-s4,B,A,P1625,2,5,1,3,1,19,31,38,4,0,4
2011-s4-B-GA,2011-s4,B,A,P1700,3,6,6,0,0,45,15,75,18,1,19
2011-s4-B-GA,2011-s4,B,A,P0296,4,6,5,1,0,43,17,72,15,1,16
2011-s4-B-GA,2011-s4,B,A,P0282,5,4,0,3,1,12,28,30,1,0,1
2011-s4-B-GA,2011-s4,B,A,P1573,6,6,2,3,1,24,36,40,7,1,8
2011-s4-B-GB,2011-s4,B,B,P1653,0,5,4,1,0,38,12,76,12,0,12
2011-s4-B-GB,2011-s4,B,B,P0907,1,6,6,0,0,46,14,77,18,1,19
2011-s4-B-GB,2011-s4,B,B,P1718,2,3,1,2,0,9,21,30,3,0,3
2011-s4-B-GB,2011-s4,B,B,P1680,3,2,0,2,0,4,16,20,0,0,0
2011-s4-B-GB,2011-s4,B,B,P1676,4,4,0,3,1,11,29,28,1,0,1
2011-s4-B-GB,2011-s4,B,B,P1599,5,6,2,3,1,32,28,53,7,1,8
2011-s4-B-GB,2011-s4,B,B,P1463,6,4,0,2,2,10,30,25,2,0,2
2011-s4-B-GC,2011-s4,B,C,P1097,0,5,3,2,0,27,23,54,9,0,9
2011-s4-B-GC,2011-s4,B,C,P1698,1,5,2,3,0,19,31,38,6,0,6
2011-s4-B-GC,2011-s4,B,C,P1673,2,5,4,0,1,32,18,64,13,0,13
2011-s4-B-GC,2011-s4,B,C,P1663,3,5,1,4,0,21,29,42,3,0,3
2011-s4-B-GC,2011-s4,B,C,P1681,4,5,4,1,0,32,18,64,12,0,12
2011-s4-B-GC,2011-s4,B,C,P1696,5,4,0,3,1,15,25,38,1,0,1
2011-s4-B-GC,2011-s4,B,C,P1661,6,1,0,1,0,4,6,40,0,0,0
2011-s4-B-GD,2011-s4,B,D,P1516,0,5,5,0,0,32,18,64,15,0,15
2011-s4-B-GD,2011-s4,B,D,P1293,1,6,3,1,2,36,24,60,11,1,12
2011-s4-B-GD,2011-s4,B,D,P1607,2,6,4,2,0,38,22,63,12,1,13
2011-s4-B-GD,2011-s4,B,D,P1643,3,6,2,4,0,27,33,45,6,1,7
2011-s4-B-GD,2011-s4,B,D,P1629,4,5,2,2,1,25,25,50,7,0,7
2011-s4-B-GD,2011-s4,B,D,P1674,5,6,2,3,1,28,32,47,7,1,8
2011-s4-B-GD,2011-s4,B,D,P0616,6,6,0,6,0,14,46,23,0,1,1
2011-s4-B-GE,2011-s4,B,E,P1580,0,4,4,0,0,32,8,80,12,0,12
2011-s4-B-GE,2011-s4,B,E,P1641,1,5,1,4,0,17,33,34,3,0,3
2011-s4-B-GE,2011-s4,B,E,P1395,2,6,2,4,0,26,34,43,6,1,7
2011-s4-B-GE,2011-s4,B,E,P1714,3,2,1,1,0,10,10,50,3,0,3
2011-s4-B-GE,2011-s4,B,E,P1664,4,5,1,4,0,17,33,34,3,0,3
2011-s4-B-GE,2011-s4,B,E,P1604,5,4,4,0,0,30,10,75,12,0,12
2011-s4-B-GE,2011-s4,B,E,P1554,6,6,3,3,0,28,32,47,9,1,10
2011-s4-B-GF,2011-s4,B,F,P1699,0,4,2,2,0,21,19,53,6,0,6
2011-s4-B-GF,2011-s4,B,F,P1608,1,5,3,2,0,25,25,50,9,0,9
2011-s4-B-GF,2011-s4,B,F,P1710,2,6,1,5,0,15,35,30,3,0,3
2011-s4-B-GF,2011-s4,B,F,P1609,3,6,4,2,0,33,17,66,12,0,12
2011-s4-B-GF,2011-s4,B,F,P1636,4,6,5,1,0,37,23,62,15,1,16
2011-s4-B-GF,2011-s4,B,F,P1531,5,5,3,2,0,28,24,54,9,0,9
2011-s4-B-GF,2011-s4,B,F,P1670,6,6,1,5,0,23,39,37,3,1,4
2011-s4-B-GG,2011-s4,B,G,P1640,0,2,0,2,0,1,9,10,0,0,0
2011-s4-B-GG,2011-s4,B,G,P1492,1,3,0,3,0,5,15,25,0,0,0
2011-s4-B-GG,2011-s4,B,G,P1690,2,4,2,2,0,15,15,50,6,0,6
2011-s4-B-GG,2011-s4,B,G,P1702,3,4,0,4,0,13,27,33,0,0,0
2011-s4-B-GG,2011-s4,B,G,P1627,4,5,4,0,1,25,15,63,13,0,13
2011-s4-B-GG,2011-s4,B,G,P1539,5,5,3,2,0,32,18,64,9,0,9
2011-s4-B-GG,2011-s4,B,G,P1113,6,5,4,0,1,19,11,63,13,0,13
2011-s5-A-GA,2011-s5,A,A,P1334,0,6,6,0,0,46,14,77,18,1,19
2011-s5-A-GA,2011-s5,A,A,P1369,1,4,3,1,0,22,18,55,9,0,9
2011-s5-A-GA,2011-s5,A,A,P0988,2,4,1,2,1,15,25,38,4,0,4
2011-s5-A-GA,2011-s5,A,A,P1588,3,6,3,3,0,27,33,45,9,1,10
2011-s5-A-GA,2011-s5,A,A,P1631,4,6,0,6,0,24,36,40,0,1,1
2011-s5-A-GA,2011-s5,A,A,P0726,5,4,1,3,0,15,25,38,3,0,3
2011-s5-A-GA,2011-s5,A,A,P1104,6,4,2,1,1,21,19,53,7,0,7
2011-s5-A-GB,2011-s5,A,B,P1441,0,6,4,2,0,31,29,52,12,1,13
2011-s5-A-GB,2011-s5,A,B,P1434,1,6,5,0,1,38,22,63,16,1,17
2011-s5-A-GB,2011-s5,A,B,P1425,2,6,3,3,0,32,28,53,9,1,10
2011-s5-A-GB,2011-s5,A,B,P0951,3,6,2,3,1,32,28,53,7,1,8
2011-s5-A-GB,2011-s5,A,B,P0728,4,5,1,4,0,22,28,44,3,0,3
2011-s5-A-GB,2011-s5,A,B,P1189,5,6,4,2,0,34,26,57,12,1,13
2011-s5-A-GB,2011-s5,A,B,P1632,6,5,0,5,0,11,39,22,0,0,0
2011-s5-A-GC,2011-s5,A,C,P1585,0,4,4,0,0,29,11,73,12,0,12
2011-s5-A-GC,2011-s5,A,C,P0584,1,6,5,1,0,41,19,68,15,1,16
2011-s5-A-GC,2011-s5,A,C,P1063,2,4,0,3,1,12,18,40,1,0,1
2011-s5-A-GC,2011-s5,A,C,P0073,3,6,3,3,0,24,26,48,9,0,9
2011-s5-A-GC,2011-s5,A,C,P1435,4,4,1,3,0,10,30,25,3,0,3
2011-s5-A-GC,2011-s5,A,C,P1679,5,6,3,2,1,25,25,50,10,0,10
2011-s5-A-GC,2011-s5,A,C,P1618,6,4,0,4,0,9,21,30,0,0,0
2011-s5-A-GD,2011-s5,A,D,P1262,0,5,2,3,0,20,20,50,6,0,6
2011-s5-A-GD,2011-s5,A,D,P1158,1,6,3,3,0,30,30,50,9,1,10
2011-s5-A-GD,2011-s5,A,D,P1719,2,6,4,2,0,33,27,55,12,1,13
2011-s5-A-GD,2011-s5,A,D,P1096,3,6,3,2,1,26,24,52,10,0,10
2011-s5-A-GD,2011-s5,A,D,P1701,4,6,4,1,1,34,26,57,13,1,14
2011-s5-A-GD,2011-s5,A,D,P1627,5,5,1,4,0,19,31,38,3,0,3
2011-s5-A-GD,2011-s5,A,D,P0076,6,4,1,3,0,18,22,45,3,0,3
2011-s5-A-GE,2011-s5,A,E,P1404,0,6,0,6,0,4,6,40,0,0,0
2011-s5-A-GE,2011-s5,A,E,P1300,1,6,4,1,1,31,19,62,13,0,13
2011-s5-A-GE,2011-s5,A,E,P1380,2,6,3,3,0,24,26,48,9,0,9
2011-s5-A-GE,2011-s5,A,E,P0873,3,6,4,2,0,25,25,50,12,0,12
2011-s5-A-GE,2011-s5,A,E,P1689,4,5,5,0,0,26,14,65,15,0,15
2011-s5-A-GE,2011-s5,A,E,P1399,5,6,2,4,0,27,33,45,6,1,7
2011-s5-A-GE,2011-s5,A,E,P1497,6,5,1,3,1,13,27,33,4,0,4
2011-s5-A-GF,2011-s5,A,F,P1578,0,6,4,2,0,33,27,55,12,1,13
2011-s5-A-GF,2011-s5,A,F,P0907,1,6,1,4,1,21,39,35,4,1,5
2011-s5-A-GF,2011-s5,A,F,P1569,2,6,3,1,2,24,26,48,11,0,11
2011-s5-A-GF,2011-s5,A,F,P1075,3,6,6,0,0,50,10,83,18,1,19
2011-s5-A-GF,2011-s5,A,F,P1595,4,5,1,4,0,14,26,35,3,0,3
2011-s5-A-GF,2011-s5,A,F,P0010,5,6,3,2,1,18,22,45,10,0,10
2011-s5-A-GF,2011-s5,A,F,P0617,6,5,0,5,0,10,20,33,0,0,0
2011-s5-A-GG,2011-s5,A,G,P1168,0,0,0,0,0,0,0,,0,0,0
2011-s5-A-GG,2011-s5,A,G,P1168,1,0,0,0,0,0,0,,0,0,0
2011-s5-A-GG,2011-s5,A,G,P1168,2,0,0,0,0,0,0,,0,0,0
2011-s5-A-GG,2011-s5,A,G,P1168,3,0,0,0,0,0,0,,0,0,0
2011-s5-A-GG,2011-s5,A,G,P1168,4,0,0,0,0,0,0,,0,0,0
2011-s5-A-GG,2011-s5,A,G,P1168,5,0,0,0,0,0,0,,0,0,0
2011-s5-A-GG,2011-s5,A,G,P1168,6,0,0,0,0,0,0,,0,0,0
2011-s5-B-GA,2011-s5,B,A,P1586,0,6,2,4,0,25,35,42,6,1,7
2011-s5-B-GA,2011-s5,B,A,P1647,1,6,1,5,0,19,41,32,3,1,4
2011-s5-B-GA,2011-s5,B,A,P1596,2,6,2,4,0,26,34,43,6,1,7
2011-s5-B-GA,2011-s5,B,A,P1401,3,6,2,4,0,22,28,44,6,1,7
2011-s5-B-GA,2011-s5,B,A,P0296,4,6,5,0,1,36,14,72,16,0,16
2011-s5-B-GA,2011-s5,B,A,P1671,5,6,3,1,2,33,27,55,11,1,12
2011-s5-B-GA,2011-s5,B,A,P1664,6,6,4,1,1,39,21,65,13,1,14
2011-s5-B-GB,2011-s5,B,B,P1722,0,3,1,2,0,10,20,33,3,0,3
2011-s5-B-GB,2011-s5,B,B,P1607,1,5,0,5,0,16,34,32,0,0,0
2011-s5-B-GB,2011-s5,B,B,P1601,2,5,2,3,0,18,32,36,6,0,6
2011-s5-B-GB,2011-s5,B,B,P1626,3,5,2,3,0,27,23,54,6,0,6
2011-s5-B-GB,2011-s5,B,B,P1430,4,6,5,1,0,36,24,60,15,1,16
2011-s5-B-GB,2011-s5,B,B,P1536,5,6,3,2,1,36,24,60,10,1,11
2011-s5-B-GB,2011-s5,B,B,P1335,6,6,4,1,1,37,23,62,13,1,14
2011-s5-B-GC,2011-s5,B,C,P1010,0,6,4,2,0,32,28,53,12,1,13
2011-s5-B-GC,2011-s5,B,C,P1539,1,5,2,3,0,23,27,46,6,0,6
2011-s5-B-GC,2011-s5,B,C,P1717,2,5,1,4,0,15,35,30,3,0,3
2011-s5-B-GC,2011-s5,B,C,P1651,3,6,5,1,0,41,19,68,15,1,16
2011-s5-B-GC,2011-s5,B,C,P1313,4,5,1,4,0,23,27,46,3,0,3
2011-s5-B-GC,2011-s5,B,C,P1587,5,5,5,0,0,41,9,82,15,0,15
2011-s5-B-GC,2011-s5,B,C,P1646,6,4,0,4,0,5,35,13,0,0,0
2011-s5-B-GD,2011-s5,B,D,P1698,0,6,3,3,0,30,30,50,9,1,10
2011-s5-B-GD,2011-s5,B,D,P1711,1,6,1,4,1,21,39,35,4,1,5
2011-s5-B-GD,2011-s5,B,D,P1590,2,6,3,3,0,30,30,50,9,1,10
2011-s5-B-GD,2011-s5,B,D,P1684,3,6,1,4,1,28,32,47,4,1,5
2011-s5-B-GD,2011-s5,B,D,P1570,4,6,3,3,0,28,32,47,9,1,10
2011-s5-B-GD,2011-s5,B,D,P1611,5,6,3,3,0,34,26,57,9,1,10
2011-s5-B-GD,2011-s5,B,D,P1591,6,6,6,0,0,39,21,65,18,1,19
2011-s5-B-GE,2011-s5,B,E,P1138,0,6,6,0,0,43,17,72,18,1,19
2011-s5-B-GE,2011-s5,B,E,P1381,1,5,1,3,1,14,36,28,4,0,4
2011-s5-B-GE,2011-s5,B,E,P1463,2,5,0,5,0,12,28,30,0,0,0
2011-s5-B-GE,2011-s5,B,E,P1531,3,6,4,2,0,31,19,62,12,0,12
2011-s5-B-GE,2011-s5,B,E,P1675,4,6,3,3,0,33,27,55,9,1,10
2011-s5-B-GE,2011-s5,B,E,P1687,5,4,2,2,0,21,19,53,6,0,6
2011-s5-B-GE,2011-s5,B,E,P1662,6,6,2,3,1,26,34,43,7,1,8
2011-s5-B-GF,2011-s5,B,F,P0024,0,6,2,2,2,32,28,53,8,1,9
2011-s5-B-GF,2011-s5,B,F,P1573,1,6,1,4,1,21,40,34,4,1,5
2011-s5-B-GF,2011-s5,B,F,P1572,2,6,4,2,0,35,24,59,12,1,13
2011-s5-B-GF,2011-s5,B,F,P1516,3,5,4,0,1,30,20,60,13,0,13
2011-s5-B-GF,2011-s5,B,F,P1612,4,6,0,6,0,21,39,35,0,1,1
2011-s5-B-GF,2011-s5,B,F,P1439,5,5,3,1,1,28,22,56,10,0,10
2011-s5-B-GF,2011-s5,B,F,P1097,6,4,2,1,1,23,17,58,7,0,7
2012-s1-A-GA,2012-s1,A,A,P1588,0,6,2,3,1,27,33,33.3,7,,7
2012-s1-A-GA,2012-s1,A,A,P1802,1,6,2,3,1,28,32,33.3,7,,7
2012-s1-A-GA,2012-s1,A,A,P1801,2,6,4,2,0,39,21,66.7,12,,12
2012-s1-A-GA,2012-s1,A,A,P1761,3,5,1,3,1,23,27,20.0,4,,4
2012-s1-A-GA,2012-s1,A,A,P1103,4,6,2,1,3,30,30,33.3,9,,9
2012-s1-A-GA,2012-s1,A,A,P1419,5,5,4,1,0,28,22,80.0,12,,12
2012-s1-A-GA,2012-s1,A,A,P1846,6,4,0,4,0,5,35,0.0,0,,0
2012-s1-A-GB,2012-s1,A,B,P1585,0,6,6,0,0,42,18,100.0,18,,18
2012-s1-A-GB,2012-s1,A,B,P1578,1,6,4,2,0,35,25,66.7,12,,12
2012-s1-A-GB,2012-s1,A,B,P1063,2,3,0,3,0,11,19,0.0,0,,0
2012-s1-A-GB,2012-s1,A,B,P1825,3,5,1,4,0,21,29,20.0,3,,3
2012-s1-A-GB,2012-s1,A,B,P1425,4,5,2,3,0,16,34,40.0,6,,6
2012-s1-A-GB,2012-s1,A,B,P1817,5,5,1,4,0,21,29,20.0,3,,3
2012-s1-A-GB,2012-s1,A,B,P1627,6,6,4,2,0,34,26,66.7,12,,12
2012-s1-A-GC,2012-s1,A,C,P1202,0,0,,,,,,,,,
2012-s1-A-GC,2012-s1,A,C,P1567,1,0,,,,,,,,,
2012-s1-A-GC,2012-s1,A,C,P1821,2,0,,,,,,,,,
2012-s1-A-GC,2012-s1,A,C,P1316,3,0,,,,,,,,,
2012-s1-A-GC,2012-s1,A,C,P1719,4,0,,,,,,,,,
2012-s1-A-GC,2012-s1,A,C,P1587,5,0,,,,,,,,,
2012-s1-A-GD,2012-s1,A,D,P0969,0,6,4,1,1,42,18,66.7,13,,13
2012-s1-A-GD,2012-s1,A,D,P0182,1,6,2,2,2,30,30,33.3,8,,8
2012-s1-A-GD,2012-s1,A,D,P1822,2,3,0,3,0,2,28,0.0,0,,0
2012-s1-A-GD,2012-s1,A,D,P1852,3,5,4,1,0,32,18,80.0,12,,12
2012-s1-A-GD,2012-s1,A,D,P1771,4,5,1,4,0,14,36,20.0,3,,3
2012-s1-A-GD,2012-s1,A,D,P1398,5,5,2,2,1,24,26,40.0,7,,7
2012-s1-A-GD,2012-s1,A,D,P1739,6,6,2,4,0,26,34,33.3,6,,6
2012-s1-A-GE,2012-s1,A,E,P0709,0,4,1,3,0,16,24,25.0,3,,3
2012-s1-A-GE,2012-s1,A,E,P1839,1,4,3,1,0,21,19,75.0,9,,9
2012-s1-A-GE,2012-s1,A,E,P1732,2,5,4,1,0,30,20,80.0,12,,12
2012-s1-A-GE,2012-s1,A,E,P1270,3,3,1,2,0,14,16,33.3,3,,3
2012-s1-A-GE,2012-s1,A,E,P1765,4,5,1,1,3,25,25,20.0,6,,6
2012-s1-A-GE,2012-s1,A,E,P1815,5,3,1,2,0,10,20,33.3,3,,3
2012-s1-A-GE,2012-s1,A,E,P0248,6,3,0,3,0,6,24,0.0,0,,0
2012-s1-A-GF,2012-s1,A,F,P1830,0,6,2,3,1,30,30,33.3,7,,7
2012-s1-A-GF,2012-s1,A,F,P1740,1,6,3,3,0,24,36,50.0,9,,9
2012-s1-A-GF,2012-s1,A,F,P0223,2,6,2,4,0,28,32,33.3,6,,6
2012-s1-A-GF,2012-s1,A,F,P1096,3,6,2,1,3,31,29,33.3,9,,9
2012-s1-A-GF,2012-s1,A,F,P1757,4,6,4,2,0,32,28,66.7,12,,12
2012-s1-A-GF,2012-s1,A,F,P1835,5,6,4,2,0,32,28,66.7,12,,12
2012-s1-A-GF,2012-s1,A,F,P1775,6,6,1,4,1,28,32,16.7,4,,4
2012-s1-A-GG,2012-s1,A,G,P1842,0,0,0,0,0,0,0,0.0,0,,0
2012-s1-A-GG,2012-s1,A,G,P1854,1,0,0,0,0,0,0,0.0,0,,0
2012-s1-A-GG,2012-s1,A,G,P1791,2,0,0,0,0,0,0,0.0,0,,0
2012-s1-A-GG,2012-s1,A,G,P1753,3,0,0,0,0,0,0,0.0,0,,0
2012-s1-A-GG,2012-s1,A,G,P0464,4,0,0,0,0,0,0,0.0,0,,0
2012-s1-A-GG,2012-s1,A,G,P0076,5,0,0,0,0,0,0,0.0,0,,0
2012-s1-A-GG,2012-s1,A,G,P0029,6,0,0,0,0,0,0,0.0,0,,0
2012-s1-B-GA,2012-s1,B,A,P1735,0,6,4,2,0,30,30,66.7,12,,12
2012-s1-B-GA,2012-s1,B,A,P1823,1,5,2,3,0,23,27,40.0,6,,6
2012-s1-B-GA,2012-s1,B,A,P1778,2,5,4,1,0,32,18,80.0,12,,12
2012-s1-B-GA,2012-s1,B,A,P1803,3,1,0,1,0,4,6,0.0,0,,0
2012-s1-B-GA,2012-s1,B,A,P1807,4,5,1,4,0,21,29,20.0,3,,3
2012-s1-B-GA,2012-s1,B,A,P1762,5,4,1,3,0,15,25,25.0,3,,3
2012-s1-B-GA,2012-s1,B,A,P1754,6,4,3,1,0,25,15,75.0,9,,9
2012-s1-B-GB,2012-s1,B,B,P1810,0,6,4,2,0,39,21,66.7,12,,12
2012-s1-B-GB,2012-s1,B,B,P1586,1,4,0,4,0,9,31,0.0,0,,0
2012-s1-B-GB,2012-s1,B,B,P1439,2,6,3,3,0,24,36,50.0,9,,9
2012-s1-B-GB,2012-s1,B,B,P1733,3,5,5,0,0,32,18,100.0,15,,15
2012-s1-B-GB,2012-s1,B,B,P1604,4,5,5,0,0,41,9,100.0,15,,15
2012-s1-B-GB,2012-s1,B,B,P1430,5,4,0,4,0,12,28,0.0,0,,0
2012-s1-B-GB,2012-s1,B,B,P1756,6,4,0,4,0,13,27,0.0,0,,0
2012-s1-B-GC,2012-s1,B,C,P1717,0,6,3,3,0,25,35,50.0,9,,9
2012-s1-B-GC,2012-s1,B,C,P1767,1,6,3,2,1,34,26,50.0,10,,10
2012-s1-B-GC,2012-s1,B,C,P1664,2,5,2,2,1,25,25,40.0,7,,7
2012-s1-B-GC,2012-s1,B,C,P1838,3,6,4,2,0,36,24,66.7,12,,12
2012-s1-B-GC,2012-s1,B,C,P1394,4,6,4,2,0,40,20,66.7,12,,12
2012-s1-B-GC,2012-s1,B,C,P1764,5,5,1,4,0,14,36,20.0,3,,3
2012-s1-B-GC,2012-s1,B,C,P1200,6,6,2,4,0,26,34,33.3,6,,6
2012-s1-B-GD,2012-s1,B,D,P1789,0,0,,,,,,,,,
2012-s1-B-GD,2012-s1,B,D,P1808,1,0,,,,,,,,,
2012-s1-B-GD,2012-s1,B,D,P1741,2,0,,,,,,,,,
2012-s1-B-GD,2012-s1,B,D,P1274,3,0,,,,,,,,,
2012-s1-B-GD,2012-s1,B,D,P1646,4,0,,,,,,,,,
2012-s1-B-GE,2012-s1,B,E,P1179,0,0,,,,,,,,,
2012-s1-B-GE,2012-s1,B,E,P1051,1,0,,,,,,,,,
2012-s1-B-GE,2012-s1,B,E,P1774,2,0,,,,,,,,,
2012-s1-B-GE,2012-s1,B,E,P0772,3,0,,,,,,,,,
2012-s1-B-GE,2012-s1,B,E,P1458,4,0,,,,,,,,,
2012-s1-B-GE,2012-s1,B,E,P1183,5,0,,,,,,,,,
2012-s1-B-GF,2012-s1,B,F,P1381,0,5,3,2,0,23,27,60.0,9,,9
2012-s1-B-GF,2012-s1,B,F,P1843,1,4,0,4,0,8,32,0.0,0,,0
2012-s1-B-GF,2012-s1,B,F,P1805,2,3,0,3,0,10,20,0.0,0,,0
2012-s1-B-GF,2012-s1,B,F,P1848,3,4,4,0,0,29,11,100.0,12,,12
2012-s1-B-GF,2012-s1,B,F,P1531,4,6,3,2,1,35,25,50.0,10,,10
2012-s1-B-GF,2012-s1,B,F,P1820,5,1,0,1,0,0,10,0.0,0,,0
2012-s1-B-GF,2012-s1,B,F,P1836,6,5,3,2,0,30,20,60.0,9,,9
2012-s1-B-GG,2012-s1,B,G,P1794,0,0,0,0,0,0,0,0.0,0,,0
2012-s1-B-GG,2012-s1,B,G,P1396,1,0,0,0,0,0,0,0.0,0,,0
2012-s1-B-GG,2012-s1,B,G,P1686,2,0,0,0,0,0,0,0.0,0,,0
2012-s1-B-GG,2012-s1,B,G,P1730,3,0,0,0,0,0,0,0.0,0,,0
2012-s1-B-GG,2012-s1,B,G,P1818,4,0,0,0,0,0,0,0.0,0,,0
2012-s1-B-GG,2012-s1,B,G,P1824,5,0,0,0,0,0,0,0.0,0,,0
2012-s1-B-GG,2012-s1,B,G,P1840,6,0,0,0,0,0,0,0.0,0,,0
2012-s2-A-GA,2012-s2,A,A,P1765,0,6,1,3,2,30,30,16.7,5,,5
2012-s2-A-GA,2012-s2,A,A,P1849,1,1,0,1,0,1,9,0.0,0,,0
2012-s2-A-GA,2012-s2,A,A,P0772,2,6,4,1,1,34,26,66.7,13,,13
2012-s2-A-GA,2012-s2,A,A,P1808,3,4,4,0,0,28,12,100.0,12,,12
2012-s2-A-GA,2012-s2,A,A,P1425,4,6,0,4,2,25,35,0.0,2,,2
2012-s2-A-GA,2012-s2,A,A,P1732,5,6,1,1,4,29,31,16.7,7,,7
2012-s2-A-GA,2012-s2,A,A,P1249,6,6,2,2,2,28,32,33.3,8,,8
2012-s2-A-GB,2012-s2,A,B,P1584,0,6,4,1,1,33,27,66.7,13,,13
2012-s2-A-GB,2012-s2,A,B,P1854,1,5,1,4,0,13,37,20.0,3,,3
2012-s2-A-GB,2012-s2,A,B,P1771,2,6,3,2,1,33,27,50.0,10,,10
2012-s2-A-GB,2012-s2,A,B,P1419,3,6,3,2,1,37,23,50.0,10,,10
2012-s2-A-GB,2012-s2,A,B,P1770,4,5,3,1,1,32,18,60.0,10,,10
2012-s2-A-GB,2012-s2,A,B,P1775,5,5,0,5,0,14,36,0.0,0,,0
2012-s2-A-GB,2012-s2,A,B,P1096,6,6,3,1,2,34,26,50.0,11,,11
2012-s2-A-GC,2012-s2,A,C,P1251,0,6,5,0,1,39,21,83.3,16,,16
2012-s2-A-GC,2012-s2,A,C,P0064,1,6,3,3,0,32,28,50.0,9,,9
2012-s2-A-GC,2012-s2,A,C,P1398,2,4,1,3,0,16,24,25.0,3,,3
2012-s2-A-GC,2012-s2,A,C,P1825,3,6,2,4,0,24,36,33.3,6,,6
2012-s2-A-GC,2012-s2,A,C,P1755,4,4,1,2,1,15,25,25.0,4,,4
2012-s2-A-GC,2012-s2,A,C,P1802,5,6,1,3,2,28,32,16.7,5,,5
2012-s2-A-GC,2012-s2,A,C,P1830,6,6,4,2,0,36,24,66.7,12,,12
2012-s2-A-GD,2012-s2,A,D,P1791,0,6,2,2,2,30,30,33.3,8,,8
2012-s2-A-GD,2012-s2,A,D,P1396,1,6,4,2,0,36,24,66.7,12,,12
2012-s2-A-GD,2012-s2,A,D,P1523,2,6,2,4,0,28,32,33.3,6,,6
2012-s2-A-GD,2012-s2,A,D,P0951,3,6,3,3,0,25,35,50.0,9,,9
2012-s2-A-GD,2012-s2,A,D,P1757,4,3,1,2,0,14,16,33.3,3,,3
2012-s2-A-GD,2012-s2,A,D,P1821,5,3,0,3,0,8,22,0.0,0,,0
2012-s2-A-GD,2012-s2,A,D,P1801,6,4,4,0,0,29,11,100.0,12,,12
2012-s2-A-GE,2012-s2,A,E,P0182,0,5,3,1,1,29,21,60.0,10,,10
2012-s2-A-GE,2012-s2,A,E,P1773,1,6,2,3,1,26,34,33.3,7,,7
2012-s2-A-GE,2012-s2,A,E,P1051,2,5,0,4,1,17,33,0.0,1,,1
2012-s2-A-GE,2012-s2,A,E,P1748,3,3,0,3,0,6,24,0.0,0,,0
2012-s2-A-GE,2012-s2,A,E,P1839,4,4,2,2,0,20,20,50.0,6,,6
2012-s2-A-GE,2012-s2,A,E,P1587,5,6,5,1,0,44,16,83.3,15,,15
2012-s2-A-GE,2012-s2,A,E,P1842,6,6,4,2,0,33,27,66.7,12,,12
2012-s2-A-GF,2012-s2,A,F,P1202,0,3,1,1,1,13,17,33.3,4,,4
2012-s2-A-GF,2012-s2,A,F,P0368,1,6,5,1,0,38,22,83.3,15,,15
2012-s2-A-GF,2012-s2,A,F,P1810,2,6,1,2,3,29,31,16.7,6,,6
2012-s2-A-GF,2012-s2,A,F,P1103,3,4,1,2,1,19,21,25.0,4,,4
2012-s2-A-GF,2012-s2,A,F,P1745,4,5,3,0,2,29,21,60.0,11,,11
2012-s2-A-GF,2012-s2,A,F,P1063,5,6,2,3,1,31,29,33.3,7,,7
2012-s2-A-GF,2012-s2,A,F,P1381,6,3,0,3,0,10,20,0.0,0,,0
2012-s2-A-GG,2012-s2,A,G,P0969,0,0,0,0,0,0,0,0.0,0,,0
2012-s2-A-GG,2012-s2,A,G,P0464,1,0,0,0,0,0,0,0.0,0,,0
2012-s2-A-GG,2012-s2,A,G,P0024,2,0,0,0,0,0,0,0.0,0,,0
2012-s2-A-GG,2012-s2,A,G,P1588,3,0,0,0,0,0,0,0.0,0,,0
2012-s2-A-GG,2012-s2,A,G,P1627,4,0,0,0,0,0,0,0.0,0,,0
2012-s2-A-GG,2012-s2,A,G,P1316,5,0,0,0,0,0,0,0.0,0,,0
2012-s2-A-GG,2012-s2,A,G,P0223,6,0,0,0,0,0,0,0.0,0,,0
2012-s2-B-GA,2012-s2,B,A,P1183,0,5,3,2,0,28,22,60.0,9,,9
2012-s2-B-GA,2012-s2,B,A,P1643,1,5,1,4,0,15,35,20.0,3,,3
2012-s2-B-GA,2012-s2,B,A,P1805,2,6,4,2,0,34,26,66.7,12,,12
2012-s2-B-GA,2012-s2,B,A,P1766,3,5,3,2,0,30,20,60.0,9,,9
2012-s2-B-GA,2012-s2,B,A,P1780,4,2,0,2,0,5,15,0.0,0,,0
2012-s2-B-GA,2012-s2,B,A,P1439,5,6,5,1,0,39,21,83.3,15,,15
2012-s2-B-GA,2012-s2,B,A,P1664,6,5,1,4,0,19,31,20.0,3,,3
2012-s2-B-GB,2012-s2,B,B,P1394,0,2,2,0,0,14,6,100.0,6,,6
2012-s2-B-GB,2012-s2,B,B,P1804,1,4,0,4,0,14,25,0.0,0,,0
2012-s2-B-GB,2012-s2,B,B,P1586,2,5,1,4,0,18,32,20.0,3,,3
2012-s2-B-GB,2012-s2,B,B,P1774,3,4,1,1,2,19,21,25.0,5,,5
2012-s2-B-GB,2012-s2,B,B,P1717,4,6,4,1,1,35,24,66.7,13,,13
2012-s2-B-GB,2012-s2,B,B,P1798,5,5,3,1,1,29,21,60.0,10,,10
2012-s2-B-GB,2012-s2,B,B,P1807,6,5,3,2,0,28,22,60.0,9,,9
2012-s2-B-GC,2012-s2,B,C,P1353,0,6,4,2,0,32,28,66.7,12,,12
2012-s2-B-GC,2012-s2,B,C,P1787,1,6,5,0,1,45,15,83.3,16,,16
2012-s2-B-GC,2012-s2,B,C,P1813,2,6,3,3,0,31,29,50.0,9,,9
2012-s2-B-GC,2012-s2,B,C,P1735,3,6,3,3,0,30,30,50.0,9,,9
2012-s2-B-GC,2012-s2,B,C,P1646,4,6,0,6,0,15,45,0.0,0,,0
2012-s2-B-GC,2012-s2,B,C,P1744,5,6,1,4,1,23,37,16.7,4,,4
2012-s2-B-GC,2012-s2,B,C,P1200,6,6,4,2,0,34,26,66.7,12,,12
2012-s2-B-GD,2012-s2,B,D,P1739,0,5,5,0,0,40,10,100.0,15,,15
2012-s2-B-GD,2012-s2,B,D,P1824,1,2,0,2,0,3,17,0.0,0,,0
2012-s2-B-GD,2012-s2,B,D,P1778,2,6,4,2,0,27,33,66.7,12,,12
2012-s2-B-GD,2012-s2,B,D,P1746,3,2,2,0,0,18,2,100.0,6,,6
2012-s2-B-GD,2012-s2,B,D,P1814,4,3,1,2,0,13,17,33.3,3,,3
2012-s2-B-GD,2012-s2,B,D,P1795,5,4,0,4,0,12,28,0.0,0,,0
2012-s2-B-GD,2012-s2,B,D,P1776,6,2,0,2,0,7,13,0.0,0,,0
2012-s2-B-GE,2012-s2,B,E,P1531,0,6,6,0,0,49,11,100.0,18,,18
2012-s2-B-GE,2012-s2,B,E,P1666,1,4,1,3,0,9,31,25.0,3,,3
2012-s2-B-GE,2012-s2,B,E,P1836,2,5,3,2,0,29,21,60.0,9,,9
2012-s2-B-GE,2012-s2,B,E,P1764,3,5,0,5,0,8,42,0.0,0,,0
2012-s2-B-GE,2012-s2,B,E,P1782,4,5,2,2,1,28,22,40.0,7,,7
2012-s2-B-GE,2012-s2,B,E,P1204,5,3,2,1,0,18,12,66.7,6,,6
2012-s2-B-GE,2012-s2,B,E,P1847,6,2,0,1,1,9,11,0.0,1,,1
2012-s2-B-GF,2012-s2,B,F,P1736,0,0,0,0,0,0,0,0.0,0,,0
2012-s2-B-GF,2012-s2,B,F,P1799,1,0,0,0,0,0,0,0.0,0,,0
2012-s2-B-GF,2012-s2,B,F,P1818,2,0,0,0,0,0,0,0.0,0,,0
2012-s2-B-GF,2012-s2,B,F,P1747,3,0,0,0,0,0,0,0.0,0,,0
2012-s2-B-GF,2012-s2,B,F,P1730,4,0,0,0,0,0,0,0.0,0,,0
2012-s2-B-GF,2012-s2,B,F,P1733,5,0,0,0,0,0,0,0.0,0,,0
2012-s2-B-GF,2012-s2,B,F,P1731,6,0,0,0,0,0,0,0.0,0,,0
2012-s3-A-GA,2012-s3,A,A,P1808,0,5,3,1,1,31,19,60.0,10,,10
2012-s3-A-GA,2012-s3,A,A,P0772,1,6,2,4,0,22,38,33.3,6,,6
2012-s3-A-GA,2012-s3,A,A,P1251,2,6,3,2,1,36,24,50.0,10,,10
2012-s3-A-GA,2012-s3,A,A,P1731,3,4,0,4,0,5,35,0.0,0,,0
2012-s3-A-GA,2012-s3,A,A,P0368,4,6,6,0,0,43,17,100.0,18,,18
2012-s3-A-GA,2012-s3,A,A,P1752,5,6,4,2,0,33,27,66.7,12,,12
2012-s3-A-GA,2012-s3,A,A,P0024,6,5,1,4,0,17,33,20.0,3,,3
2012-s3-A-GB,2012-s3,A,B,P1353,0,4,0,4,0,13,27,0.0,0,,0
2012-s3-A-GB,2012-s3,A,B,P1732,1,6,6,0,0,44,16,100.0,18,,18
2012-s3-A-GB,2012-s3,A,B,P1755,2,4,0,3,1,15,25,0.0,1,,1
2012-s3-A-GB,2012-s3,A,B,P1765,3,6,3,2,1,31,29,50.0,10,,10
2012-s3-A-GB,2012-s3,A,B,P1096,4,5,4,1,0,31,19,80.0,12,,12
2012-s3-A-GB,2012-s3,A,B,P1835,5,3,0,2,1,11,19,0.0,1,,1
2012-s3-A-GB,2012-s3,A,B,P1531,6,6,2,3,1,25,35,33.3,7,,7
2012-s3-A-GC,2012-s3,A,C,P1775,0,6,3,3,0,33,27,50.0,9,,9
2012-s3-A-GC,2012-s3,A,C,P1845,1,4,0,4,0,14,26,0.0,0,,0
2012-s3-A-GC,2012-s3,A,C,P0951,2,6,3,3,0,31,29,50.0,9,,9
2012-s3-A-GC,2012-s3,A,C,P1588,3,6,4,2,0,32,28,66.7,12,,12
2012-s3-A-GC,2012-s3,A,C,P0182,4,5,4,0,1,31,19,80.0,13,,13
2012-s3-A-GC,2012-s3,A,C,P1771,5,4,0,3,1,14,26,0.0,1,,1
2012-s3-A-GC,2012-s3,A,C,P1419,6,5,3,2,0,25,25,60.0,9,,9
2012-s3-A-GD,2012-s3,A,D,P0969,0,6,5,1,0,44,16,83.3,15,,15
2012-s3-A-GD,2012-s3,A,D,P1830,1,6,2,2,2,31,29,33.3,8,,8
2012-s3-A-GD,2012-s3,A,D,P1104,2,4,3,1,0,24,16,75.0,9,,9
2012-s3-A-GD,2012-s3,A,D,P0464,3,5,2,3,0,21,29,40.0,6,,6
2012-s3-A-GD,2012-s3,A,D,P1396,4,4,0,3,1,11,29,0.0,1,,1
2012-s3-A-GD,2012-s3,A,D,P1063,5,6,4,1,1,34,26,66.7,13,,13
2012-s3-A-GD,2012-s3,A,D,P1437,6,5,0,5,0,15,35,0.0,0,,0
2012-s3-A-GE,2012-s3,A,E,P1793,0,6,4,2,0,34,26,66.7,12,,12
2012-s3-A-GE,2012-s3,A,E,P1567,1,5,4,1,0,29,21,80.0,12,,12
2012-s3-A-GE,2012-s3,A,E,P1425,2,4,2,2,0,17,23,50.0,6,,6
2012-s3-A-GE,2012-s3,A,E,P1398,3,5,2,3,0,26,24,40.0,6,,6
2012-s3-A-GE,2012-s3,A,E,P1839,4,5,4,1,0,29,21,80.0,12,,12
2012-s3-A-GE,2012-s3,A,E,P1818,5,6,2,4,0,31,29,33.3,6,,6
2012-s3-A-GE,2012-s3,A,E,P1739,6,5,0,5,0,14,36,0.0,0,,0
2012-s3-A-GF,2012-s3,A,F,P1587,0,6,3,2,1,34,26,50.0,10,,10
2012-s3-A-GF,2012-s3,A,F,P0223,1,5,2,2,1,23,27,40.0,7,,7
2012-s3-A-GF,2012-s3,A,F,P1791,2,6,2,1,3,35,25,33.3,9,,9
2012-s3-A-GF,2012-s3,A,F,P1822,3,2,0,2,0,2,18,0.0,0,,0
2012-s3-A-GF,2012-s3,A,F,P1783,4,5,2,2,1,23,27,40.0,7,,7
2012-s3-A-GF,2012-s3,A,F,P1819,5,5,2,2,1,27,23,40.0,7,,7
2012-s3-A-GF,2012-s3,A,F,P1627,6,5,1,1,3,26,24,20.0,6,,6
2012-s3-A-GG,2012-s3,A,G,P1802,0,0,0,0,0,0,0,0.0,0,,0
2012-s3-A-GG,2012-s3,A,G,P0064,1,0,0,0,0,0,0,0.0,0,,0
2012-s3-A-GG,2012-s3,A,G,P1316,2,0,0,0,0,0,0,0.0,0,,0
2012-s3-A-GG,2012-s3,A,G,P1825,3,0,0,0,0,0,0,0.0,0,,0
2012-s3-A-GG,2012-s3,A,G,P1772,4,0,0,0,0,0,0,0.0,0,,0
2012-s3-A-GG,2012-s3,A,G,P1578,5,0,0,0,0,0,0,0.0,0,,0
2012-s3-A-GG,2012-s3,A,G,P1523,6,0,0,0,0,0,0,0.0,0,,0
2012-s3-B-GA,2012-s3,B,A,P1778,0,5,5,0,0,35,15,100.0,15,,15
2012-s3-B-GA,2012-s3,B,A,P1844,1,4,1,3,0,14,26,25.0,3,,3
2012-s3-B-GA,2012-s3,B,A,P1586,2,5,3,2,0,26,24,60.0,9,,9
2012-s3-B-GA,2012-s3,B,A,P1798,3,4,0,4,0,12,28,0.0,0,,0
2012-s3-B-GA,2012-s3,B,A,P1823,4,6,3,3,0,35,25,50.0,9,,9
2012-s3-B-GA,2012-s3,B,A,P1800,5,5,2,3,0,22,28,40.0,6,,6
2012-s3-B-GA,2012-s3,B,A,P0248,6,1,1,0,0,6,4,100.0,3,,3
2012-s3-B-GB,2012-s3,B,B,P1781,0,5,1,4,0,17,33,20.0,3,,3
2012-s3-B-GB,2012-s3,B,B,P1664,1,5,3,1,1,31,19,60.0,10,,10
2012-s3-B-GB,2012-s3,B,B,P1762,2,3,1,2,0,9,21,33.3,3,,3
2012-s3-B-GB,2012-s3,B,B,P1733,3,5,4,1,0,34,16,80.0,12,,12
2012-s3-B-GB,2012-s3,B,B,P1747,4,1,0,1,0,3,7,0.0,0,,0
2012-s3-B-GB,2012-s3,B,B,P1827,5,3,1,2,0,10,20,33.3,3,,3
2012-s3-B-GB,2012-s3,B,B,P1790,6,3,1,1,1,19,11,33.3,4,,4
2012-s3-B-GC,2012-s3,B,C,P1794,0,4,1,3,0,13,27,25.0,3,,3
2012-s3-B-GC,2012-s3,B,C,P1646,1,5,1,4,0,17,33,20.0,3,,3
2012-s3-B-GC,2012-s3,B,C,P1439,2,6,4,2,0,38,22,66.7,12,,12
2012-s3-B-GC,2012-s3,B,C,P1746,3,4,4,0,0,33,7,100.0,12,,12
2012-s3-B-GC,2012-s3,B,C,P1394,4,3,1,2,0,11,19,33.3,3,,3
2012-s3-B-GC,2012-s3,B,C,P1792,5,4,0,4,0,14,26,0.0,0,,0
2012-s3-B-GC,2012-s3,B,C,P1805,6,6,5,1,0,34,26,83.3,15,,15
2012-s3-B-GD,2012-s3,B,D,P1786,0,5,2,2,1,24,26,40.0,7,,7
2012-s3-B-GD,2012-s3,B,D,P1813,1,5,2,2,1,27,23,40.0,7,,7
2012-s3-B-GD,2012-s3,B,D,P1686,2,5,4,0,1,39,11,80.0,13,,13
2012-s3-B-GD,2012-s3,B,D,P1811,3,4,2,2,0,22,18,50.0,6,,6
2012-s3-B-GD,2012-s3,B,D,P1381,4,5,2,3,0,20,30,40.0,6,,6
2012-s3-B-GD,2012-s3,B,D,P1807,5,6,3,2,1,31,29,50.0,10,,10
2012-s3-B-GD,2012-s3,B,D,P1744,6,4,0,4,0,7,33,0.0,0,,0
2012-s3-B-GE,2012-s3,B,E,P1735,0,6,3,3,0,29,31,50.0,9,,9
2012-s3-B-GE,2012-s3,B,E,P1736,1,4,0,4,0,8,32,0.0,0,,0
2012-s3-B-GE,2012-s3,B,E,P1717,2,6,1,5,0,22,38,16.7,3,,3
2012-s3-B-GE,2012-s3,B,E,P1183,3,6,5,0,1,41,19,83.3,16,,16
2012-s3-B-GE,2012-s3,B,E,P1774,4,5,2,3,0,26,24,40.0,6,,6
2012-s3-B-GE,2012-s3,B,E,P1737,5,6,4,1,1,38,22,66.7,13,,13
2012-s3-B-GE,2012-s3,B,E,P1730,6,5,3,2,0,26,24,60.0,9,,9
2012-s3-B-GF,2012-s3,B,F,P1840,0,0,0,0,0,0,0,0.0,0,,0
2012-s3-B-GF,2012-s3,B,F,P1779,1,0,0,0,0,0,0,0.0,0,,0
2012-s3-B-GF,2012-s3,B,F,P1607,2,0,0,0,0,0,0,0.0,0,,0
2012-s3-B-GF,2012-s3,B,F,P1551,3,0,0,0,0,0,0,0.0,0,,0
2012-s3-B-GF,2012-s3,B,F,P1836,4,0,0,0,0,0,0,0.0,0,,0
2012-s3-B-GF,2012-s3,B,F,P1759,5,0,0,0,0,0,0,0.0,0,,0
2012-s3-B-GF,2012-s3,B,F,P0051,6,0,0,0,0,0,0,0.0,0,,0
2012-s4-A-GA,2012-s4,A,A,P1588,0,5,2,2,1,27,23,40.0,7,,7
2012-s4-A-GA,2012-s4,A,A,P0962,1,6,0,6,0,17,43,0.0,0,,0
2012-s4-A-GA,2012-s4,A,A,P0368,2,6,4,2,0,37,23,66.7,12,,12
2012-s4-A-GA,2012-s4,A,A,P1791,3,6,4,2,0,32,28,66.7,12,,12
2012-s4-A-GA,2012-s4,A,A,P1104,4,4,3,1,0,23,17,75.0,9,,9
2012-s4-A-GA,2012-s4,A,A,P1316,5,6,4,2,0,33,27,66.7,12,,12
2012-s4-A-GA,2012-s4,A,A,P1138,6,5,1,3,1,21,29,20.0,4,,4
2012-s4-A-GB,2012-s4,A,B,P1278,0,6,3,1,2,34,26,50.0,11,,11
2012-s4-A-GB,2012-s4,A,B,P1085,1,6,1,3,2,24,36,16.7,5,,5
2012-s4-A-GB,2012-s4,A,B,P1839,2,4,2,0,2,24,16,50.0,8,,8
2012-s4-A-GB,2012-s4,A,B,P0951,3,4,1,3,0,16,24,25.0,3,,3
2012-s4-A-GB,2012-s4,A,B,P0969,4,6,4,2,0,36,24,66.7,12,,12
2012-s4-A-GB,2012-s4,A,B,P1249,5,6,4,2,0,31,29,66.7,12,,12
2012-s4-A-GB,2012-s4,A,B,P1738,6,4,0,4,0,15,25,0.0,0,,0
2012-s4-A-GC,2012-s4,A,C,P1604,0,6,1,4,1,26,34,16.7,4,,4
2012-s4-A-GC,2012-s4,A,C,P1793,1,5,4,1,0,35,15,80.0,12,,12
2012-s4-A-GC,2012-s4,A,C,P0182,2,4,3,0,1,24,16,75.0,10,,10
2012-s4-A-GC,2012-s4,A,C,P1805,3,6,2,2,2,28,32,33.3,8,,8
2012-s4-A-GC,2012-s4,A,C,P1755,4,4,1,2,1,13,27,25.0,4,,4
2012-s4-A-GC,2012-s4,A,C,P1183,5,5,0,5,0,15,35,0.0,0,,0
2012-s4-A-GC,2012-s4,A,C,P1808,6,6,4,1,1,39,21,66.7,13,,13
2012-s4-A-GD,2012-s4,A,D,P1765,0,6,5,1,0,38,22,83.3,15,,15
2012-s4-A-GD,2012-s4,A,D,P1063,1,5,3,2,0,28,22,60.0,9,,9
2012-s4-A-GD,2012-s4,A,D,P1523,2,2,0,2,0,6,14,0.0,0,,0
2012-s4-A-GD,2012-s4,A,D,P1587,3,4,1,3,0,18,22,25.0,3,,3
2012-s4-A-GD,2012-s4,A,D,P1398,4,4,1,3,0,13,27,25.0,3,,3
2012-s4-A-GD,2012-s4,A,D,P1627,5,2,1,1,0,14,6,50.0,3,,3
2012-s4-A-GD,2012-s4,A,D,P1528,6,5,3,2,0,23,27,60.0,9,,9
2012-s4-A-GE,2012-s4,A,E,P1531,0,6,2,3,1,28,32,33.3,7,,7
2012-s4-A-GE,2012-s4,A,E,P1818,1,6,0,6,0,17,43,0.0,0,,0
2012-s4-A-GE,2012-s4,A,E,P1567,2,6,4,2,0,30,30,66.7,12,,12
2012-s4-A-GE,2012-s4,A,E,P1802,3,6,5,1,0,39,21,83.3,15,,15
2012-s4-A-GE,2012-s4,A,E,P1251,4,6,6,0,0,45,15,100.0,18,,18
2012-s4-A-GE,2012-s4,A,E,P1396,5,6,2,3,1,28,32,33.3,7,,7
2012-s4-A-GE,2012-s4,A,E,P1536,6,6,1,5,0,23,37,16.7,3,,3
2012-s4-A-GF,2012-s4,A,F,P1825,0,5,3,1,1,30,20,60.0,10,,10
2012-s4-A-GF,2012-s4,A,F,P1830,1,6,3,3,0,25,35,50.0,9,,9
2012-s4-A-GF,2012-s4,A,F,P1202,2,6,6,0,0,46,14,100.0,18,,18
2012-s4-A-GF,2012-s4,A,F,P1096,3,6,3,1,2,34,26,50.0,11,,11
2012-s4-A-GF,2012-s4,A,F,P1771,4,3,0,3,0,11,19,0.0,0,,0
2012-s4-A-GF,2012-s4,A,F,P1835,5,4,0,3,1,14,26,0.0,1,,1
2012-s4-A-GF,2012-s4,A,F,P1824,6,4,0,4,0,10,30,0.0,0,,0
2012-s4-A-GG,2012-s4,A,G,P0464,0,0,0,0,0,0,0,0.0,0,,0
2012-s4-A-GG,2012-s4,A,G,P1578,1,0,0,0,0,0,0,0.0,0,,0
2012-s4-A-GG,2012-s4,A,G,P1732,2,0,0,0,0,0,0,0.0,0,,0
2012-s4-A-GG,2012-s4,A,G,P1775,3,0,0,0,0,0,0,0.0,0,,0
2012-s4-A-GG,2012-s4,A,G,P1734,4,0,0,0,0,0,0,0.0,0,,0
2012-s4-A-GG,2012-s4,A,G,P1419,5,0,0,0,0,0,0,0.0,0,,0
2012-s4-A-GG,2012-s4,A,G,P1270,6,0,0,0,0,0,0,0.0,0,,0
2012-s4-B-GA,2012-s4,B,A,P1381,0,5,3,2,0,28,22,60.0,9,,9
2012-s4-B-GA,2012-s4,B,A,P1850,1,3,0,3,0,10,20,0.0,0,,0
2012-s4-B-GA,2012-s4,B,A,P1439,2,5,2,3,0,23,27,40.0,6,,6
2012-s4-B-GA,2012-s4,B,A,P1750,3,3,3,0,0,20,10,100.0,9,,9
2012-s4-B-GA,2012-s4,B,A,P1844,4,1,0,1,0,2,8,0.0,0,,0
2012-s4-B-GA,2012-s4,B,A,P1742,5,2,2,0,0,13,7,100.0,6,,6
2012-s4-B-GA,2012-s4,B,A,P1760,6,3,1,2,0,14,16,33.3,3,,3
2012-s4-B-GB,2012-s4,B,B,P0772,0,3,2,1,0,18,12,66.7,6,,6
2012-s4-B-GB,2012-s4,B,B,P1813,1,6,4,2,0,39,21,66.7,12,,12
2012-s4-B-GB,2012-s4,B,B,P1777,2,4,1,3,0,18,22,25.0,3,,3
2012-s4-B-GB,2012-s4,B,B,P1717,3,6,5,1,0,37,23,83.3,15,,15
2012-s4-B-GB,2012-s4,B,B,P1798,4,4,1,3,0,15,25,25.0,3,,3
2012-s4-B-GB,2012-s4,B,B,P1832,5,4,0,4,0,11,29,0.0,0,,0
2012-s4-B-GB,2012-s4,B,B,P1837,6,5,3,2,0,22,28,60.0,9,,9
2012-s4-B-GC,2012-s4,B,C,P1437,0,4,3,0,1,24,16,75.0,10,,10
2012-s4-B-GC,2012-s4,B,C,P1735,1,6,4,1,1,38,22,66.7,13,,13
2012-s4-B-GC,2012-s4,B,C,P0327,2,1,0,1,0,4,6,0.0,0,,0
2012-s4-B-GC,2012-s4,B,C,P1796,3,2,1,1,0,13,7,50.0,3,,3
2012-s4-B-GC,2012-s4,B,C,P1834,4,2,0,2,0,4,16,0.0,0,,0
2012-s4-B-GC,2012-s4,B,C,P1664,5,3,2,1,0,16,14,66.7,6,,6
2012-s4-B-GC,2012-s4,B,C,P1781,6,4,0,4,0,11,29,0.0,0,,0
2012-s4-B-GD,2012-s4,B,D,P1772,0,6,4,2,0,35,25,66.7,12,,12
2012-s4-B-GD,2012-s4,B,D,P1840,1,3,0,3,0,8,22,0.0,0,,0
2012-s4-B-GD,2012-s4,B,D,P1786,2,5,3,2,0,31,19,60.0,9,,9
2012-s4-B-GD,2012-s4,B,D,P1831,3,4,0,4,0,9,31,0.0,0,,0
2012-s4-B-GD,2012-s4,B,D,P1794,4,5,3,1,1,33,17,60.0,10,,10
2012-s4-B-GD,2012-s4,B,D,P1401,5,5,4,0,1,32,18,80.0,13,,13
2012-s4-B-GD,2012-s4,B,D,P1800,6,4,1,3,0,12,28,25.0,3,,3
2012-s4-B-GE,2012-s4,B,E,P1739,0,6,4,2,0,36,24,66.7,12,,12
2012-s4-B-GE,2012-s4,B,E,P1806,1,1,0,1,0,2,8,0.0,0,,0
2012-s4-B-GE,2012-s4,B,E,P1646,2,2,0,2,0,5,15,0.0,0,,0
2012-s4-B-GE,2012-s4,B,E,P1829,3,4,2,1,1,22,18,50.0,7,,7
2012-s4-B-GE,2012-s4,B,E,P1430,4,4,1,3,0,18,22,25.0,3,,3
2012-s4-B-GE,2012-s4,B,E,P1643,5,4,2,2,0,20,20,50.0,6,,6
2012-s4-B-GE,2012-s4,B,E,P1458,6,3,2,0,1,17,13,66.7,7,,7
2012-s4-B-GF,2012-s4,B,F,P1807,0,0,0,0,0,0,0,0.0,0,,0
2012-s4-B-GF,2012-s4,B,F,P1736,1,0,0,0,0,0,0,0.0,0,,0
2012-s4-B-GF,2012-s4,B,F,P0164,2,0,0,0,0,0,0,0.0,0,,0
2012-s4-B-GF,2012-s4,B,F,P1779,3,0,0,0,0,0,0,0.0,0,,0
2012-s4-B-GF,2012-s4,B,F,P1733,4,0,0,0,0,0,0,0.0,0,,0
2012-s4-B-GF,2012-s4,B,F,P1797,5,0,0,0,0,0,0,0.0,0,,0
2012-s4-B-GF,2012-s4,B,F,P1764,6,0,0,0,0,0,0,0.0,0,,0
2012-s5-A-GA,2012-s5,A,A,P1419,0,4,1,2,1,21,19,25.0,4,,4
2012-s5-A-GA,2012-s5,A,A,P1202,1,5,5,0,0,36,14,100.0,15,,15
2012-s5-A-GA,2012-s5,A,A,P1526,2,4,1,3,0,16,24,25.0,3,,3
2012-s5-A-GA,2012-s5,A,A,P1757,3,5,2,2,1,23,27,40.0,7,,7
2012-s5-A-GA,2012-s5,A,A,P1316,4,1,0,1,0,4,6,0.0,0,,0
2012-s5-A-GA,2012-s5,A,A,P0064,5,5,1,3,1,20,30,20.0,4,,4
2012-s5-A-GA,2012-s5,A,A,P0969,6,4,2,1,1,20,20,50.0,7,,7
2012-s5-A-GB,2012-s5,A,B,P0325,0,3,1,1,1,15,15,33.3,4,,4
2012-s5-A-GB,2012-s5,A,B,P1249,1,2,1,1,0,9,11,50.0,3,,3
2012-s5-A-GB,2012-s5,A,B,P0984,2,4,3,1,0,25,15,75.0,9,,9
2012-s5-A-GB,2012-s5,A,B,P0464,3,4,0,4,0,7,33,0.0,0,,0
2012-s5-A-GB,2012-s5,A,B,P1793,4,6,3,3,0,28,32,50.0,9,,9
2012-s5-A-GB,2012-s5,A,B,P1096,5,3,2,0,1,21,9,66.7,7,,7
2012-s5-A-GB,2012-s5,A,B,P1587,6,6,2,2,2,35,25,33.3,8,,8
2012-s5-A-GC,2012-s5,A,C,P1788,0,6,3,3,0,33,27,50.0,9,,9
2012-s5-A-GC,2012-s5,A,C,P0368,1,6,5,1,0,41,19,83.3,15,,15
2012-s5-A-GC,2012-s5,A,C,P1808,2,4,3,1,0,22,18,75.0,9,,9
2012-s5-A-GC,2012-s5,A,C,P1567,3,6,4,2,0,34,26,66.7,12,,12
2012-s5-A-GC,2012-s5,A,C,P1270,4,5,0,5,0,17,33,0.0,0,,0
2012-s5-A-GC,2012-s5,A,C,P1749,5,4,2,2,0,19,21,50.0,6,,6
2012-s5-A-GC,2012-s5,A,C,P1846,6,3,0,3,0,4,26,0.0,0,,0
2012-s5-A-GD,2012-s5,A,D,P1765,0,6,4,1,1,35,25,66.7,13,,13
2012-s5-A-GD,2012-s5,A,D,P0182,1,5,4,1,0,33,17,80.0,12,,12
2012-s5-A-GD,2012-s5,A,D,P1578,2,5,1,3,1,18,32,20.0,4,,4
2012-s5-A-GD,2012-s5,A,D,P1686,3,2,2,0,0,12,8,100.0,6,,6
2012-s5-A-GD,2012-s5,A,D,P1830,4,4,0,4,0,13,27,0.0,0,,0
2012-s5-A-GD,2012-s5,A,D,P1805,5,5,1,4,0,20,30,20.0,3,,3
2012-s5-A-GD,2012-s5,A,D,P1085,6,5,3,2,0,29,21,60.0,9,,9
2012-s5-A-GE,2012-s5,A,E,P1758,0,6,4,1,1,34,26,66.7,13,,13
2012-s5-A-GE,2012-s5,A,E,P1809,1,5,1,4,0,21,29,20.0,3,,3
2012-s5-A-GE,2012-s5,A,E,P1732,2,6,5,0,1,41,19,83.3,16,,16
2012-s5-A-GE,2012-s5,A,E,P1835,3,3,0,3,0,10,20,0.0,0,,0
2012-s5-A-GE,2012-s5,A,E,P1531,4,6,3,2,1,30,30,50.0,10,,10
2012-s5-A-GE,2012-s5,A,E,P1851,5,5,2,2,1,29,21,40.0,7,,7
2012-s5-A-GE,2012-s5,A,E,P1841,6,5,1,4,0,15,35,20.0,3,,3
2012-s5-A-GF,2012-s5,A,F,P1791,0,0,0,0,0,0,0,0.0,0,,0
2012-s5-A-GF,2012-s5,A,F,P1825,1,0,0,0,0,0,0,0.0,0,,0
2012-s5-A-GF,2012-s5,A,F,P1802,2,0,0,0,0,0,0,0.0,0,,0
2012-s5-A-GF,2012-s5,A,F,P1750,3,0,0,0,0,0,0,0.0,0,,0
2012-s5-A-GF,2012-s5,A,F,P1138,4,0,0,0,0,0,0,0.0,0,,0
2012-s5-A-GF,2012-s5,A,F,P1104,5,0,0,0,0,0,0,0.0,0,,0
2012-s5-A-GF,2012-s5,A,F,P0689,6,0,0,0,0,0,0,0.0,0,,0
2012-s5-B-GA,2012-s5,B,A,P1828,0,5,2,3,0,24,26,40.0,6,,6
2012-s5-B-GA,2012-s5,B,A,P1824,1,5,4,0,1,38,12,80.0,13,,13
2012-s5-B-GA,2012-s5,B,A,P0772,2,3,1,1,1,15,15,33.3,4,,4
2012-s5-B-GA,2012-s5,B,A,P1807,3,6,5,1,0,36,24,83.3,15,,15
2012-s5-B-GA,2012-s5,B,A,P1762,4,4,0,4,0,12,28,0.0,0,,0
2012-s5-B-GA,2012-s5,B,A,P1458,5,2,0,2,0,2,18,0.0,0,,0
2012-s5-B-GA,2012-s5,B,A,P1857,6,3,1,2,0,13,17,33.3,3,,3
2012-s5-B-GB,2012-s5,B,B,P1855,0,2,0,2,0,7,13,0.0,0,,0
2012-s5-B-GB,2012-s5,B,B,P1717,1,6,4,1,1,35,25,66.7,13,,13
2012-s5-B-GB,2012-s5,B,B,P1786,2,5,3,2,0,24,26,60.0,9,,9
2012-s5-B-GB,2012-s5,B,B,P1586,3,4,1,1,2,21,19,25.0,5,,5
2012-s5-B-GB,2012-s5,B,B,P1536,4,6,4,0,2,38,22,66.7,14,,14
2012-s5-B-GB,2012-s5,B,B,P1784,5,4,0,3,1,15,25,0.0,1,,1
2012-s5-B-GB,2012-s5,B,B,P1797,6,3,0,3,0,10,20,0.0,0,,0
2012-s5-B-GC,2012-s5,B,C,P1768,0,5,3,0,2,33,17,60.0,11,,11
2012-s5-B-GC,2012-s5,B,C,P1771,1,1,0,1,0,4,6,0.0,0,,0
2012-s5-B-GC,2012-s5,B,C,P1833,2,4,0,3,1,13,27,0.0,1,,1
2012-s5-B-GC,2012-s5,B,C,P1381,3,3,0,2,1,12,18,0.0,1,,1
2012-s5-B-GC,2012-s5,B,C,P1763,4,6,4,1,1,36,24,66.7,13,,13
2012-s5-B-GC,2012-s5,B,C,P1818,5,5,4,1,0,35,15,80.0,12,,12
2012-s5-B-GC,2012-s5,B,C,P1736,6,4,0,3,1,7,33,0.0,1,,1
2012-s5-B-GD,2012-s5,B,D,P1733,0,6,2,3,1,25,35,33.3,7,,7
2012-s5-B-GD,2012-s5,B,D,P1813,1,6,4,1,1,31,29,66.7,13,,13
2012-s5-B-GD,2012-s5,B,D,P1837,2,5,1,3,1,18,32,20.0,4,,4
2012-s5-B-GD,2012-s5,B,D,P1730,3,6,1,5,0,24,36,16.7,3,,3
2012-s5-B-GD,2012-s5,B,D,P1826,4,6,3,2,1,36,24,50.0,10,,10
2012-s5-B-GD,2012-s5,B,D,P1604,5,4,3,1,0,27,13,75.0,9,,9
2012-s5-B-GD,2012-s5,B,D,P0327,6,5,3,2,0,29,21,60.0,9,,9
2012-s5-B-GE,2012-s5,B,E,P1769,0,0,0,0,0,0,0,0.0,0,,0
2012-s5-B-GE,2012-s5,B,E,P1739,1,0,0,0,0,0,0,0.0,0,,0
2012-s5-B-GE,2012-s5,B,E,P1779,2,0,0,0,0,0,0,0.0,0,,0
2012-s5-B-GE,2012-s5,B,E,P1183,3,0,0,0,0,0,0,0.0,0,,0
2012-s5-B-GE,2012-s5,B,E,P1735,4,0,0,0,0,0,0,0.0,0,,0
2012-s5-B-GE,2012-s5,B,E,P1743,5,0,0,0,0,0,0,0.0,0,,0
2012-s5-B-GE,2012-s5,B,E,P1734,6,0,0,0,0,0,0,0.0,0,,0
2013-s1-A-GA,2013-s1,A,A,P0969,0,6,3,2,1,35,25,50.0,10,,10
2013-s1-A-GA,2013-s1,A,A,P1567,1,4,3,1,0,20,20,75.0,9,,9
2013-s1-A-GA,2013-s1,A,A,P1757,2,5,3,2,0,27,23,60.0,9,,9
2013-s1-A-GA,2013-s1,A,A,P0064,3,4,0,3,1,17,23,0.0,1,,1
2013-s1-A-GA,2013-s1,A,A,P1918,4,3,0,3,0,4,26,0.0,0,,0
2013-s1-A-GA,2013-s1,A,A,P1821,5,5,4,1,0,30,20,80.0,12,,12
2013-s1-A-GA,2013-s1,A,A,P1801,6,3,1,2,0,13,17,33.3,3,,3
2013-s1-A-GB,2013-s1,A,B,P1791,0,6,5,1,0,34,22,83.3,15,,15
2013-s1-A-GB,2013-s1,A,B,P1793,1,6,2,2,2,31,29,33.3,8,,8
2013-s1-A-GB,2013-s1,A,B,P1096,2,6,4,2,0,36,24,66.7,12,,12
2013-s1-A-GB,2013-s1,A,B,P1830,3,6,3,2,1,32,28,50.0,10,,10
2013-s1-A-GB,2013-s1,A,B,P1396,4,6,2,3,1,28,30,33.3,7,,7
2013-s1-A-GB,2013-s1,A,B,P1874,5,6,0,6,0,12,48,0.0,0,,0
2013-s1-A-GB,2013-s1,A,B,P0772,6,6,3,3,0,27,33,50.0,9,,9
2013-s1-A-GC,2013-s1,A,C,P1732,0,5,3,1,1,30,20,60.0,10,,10
2013-s1-A-GC,2013-s1,A,C,P1419,1,5,3,2,0,27,23,60.0,9,,9
2013-s1-A-GC,2013-s1,A,C,P1531,2,5,3,2,0,27,23,60.0,9,,9
2013-s1-A-GC,2013-s1,A,C,P1588,3,5,4,1,0,34,16,80.0,12,,12
2013-s1-A-GC,2013-s1,A,C,P1734,4,5,2,2,1,25,25,40.0,7,,7
2013-s1-A-GC,2013-s1,A,C,P1183,5,5,0,5,0,9,41,0.0,0,,0
2013-s1-A-GC,2013-s1,A,C,P0076,6,2,0,2,0,8,12,0.0,0,,0
2013-s1-A-GD,2013-s1,A,D,P1802,0,5,3,2,0,27,21,60.0,9,,9
2013-s1-A-GD,2013-s1,A,D,P0464,1,5,1,4,0,21,29,20.0,3,,3
2013-s1-A-GD,2013-s1,A,D,P1860,2,3,1,2,0,13,17,33.3,3,,3
2013-s1-A-GD,2013-s1,A,D,P1270,3,6,4,2,0,32,28,66.7,12,,12
2013-s1-A-GD,2013-s1,A,D,P1526,4,6,3,3,0,30,26,50.0,9,,9
2013-s1-A-GD,2013-s1,A,D,P0709,5,5,4,1,0,29,21,80.0,12,,12
2013-s1-A-GD,2013-s1,A,D,P1435,6,4,1,3,0,12,28,25.0,3,,3
2013-s1-A-GE,2013-s1,A,E,P1202,0,5,3,1,1,29,21,60.0,10,,10
2013-s1-A-GE,2013-s1,A,E,P1825,1,5,4,1,0,27,23,80.0,12,,12
2013-s1-A-GE,2013-s1,A,E,P1587,2,6,3,2,1,37,23,50.0,10,,10
2013-s1-A-GE,2013-s1,A,E,P1788,3,5,2,3,0,21,29,40.0,6,,6
2013-s1-A-GE,2013-s1,A,E,P1809,4,4,1,3,0,18,22,25.0,3,,3
2013-s1-A-GE,2013-s1,A,E,P1895,5,6,3,3,0,29,31,50.0,9,,9
2013-s1-A-GE,2013-s1,A,E,P1868,6,3,0,3,0,9,21,0.0,0,,0
2013-s1-A-GF,2013-s1,A,F,P0368,0,0,0,0,0,0,0,0.0,0,,0
2013-s1-A-GF,2013-s1,A,F,P1578,1,0,0,0,0,0,0,0.0,0,,0
2013-s1-A-GF,2013-s1,A,F,P1425,2,0,0,0,0,0,0,0.0,0,,0
2013-s1-A-GF,2013-s1,A,F,P1835,3,0,0,0,0,0,0,0.0,0,,0
2013-s1-A-GF,2013-s1,A,F,P1749,4,0,0,0,0,0,0,0.0,0,,0
2013-s1-A-GF,2013-s1,A,F,P1586,5,0,0,0,0,0,0,0.0,0,,0
2013-s1-A-GF,2013-s1,A,F,P1158,6,0,0,0,0,0,0,0.0,0,,0
2013-s1-B-GA,2013-s1,B,A,P1807,0,6,5,1,0,36,24,83.3,15,,15
2013-s1-B-GA,2013-s1,B,A,P1395,1,4,2,1,1,21,19,50.0,7,,7
2013-s1-B-GA,2013-s1,B,A,P1731,2,3,2,1,0,19,11,66.7,6,,6
2013-s1-B-GA,2013-s1,B,A,P1730,3,4,2,1,1,20,20,50.0,7,,7
2013-s1-B-GA,2013-s1,B,A,P1735,4,5,2,3,0,22,28,40.0,6,,6
2013-s1-B-GA,2013-s1,B,A,P1863,5,6,1,5,0,24,36,16.7,3,,3
2013-s1-B-GA,2013-s1,B,A,P1890,6,4,1,3,0,18,22,25.0,3,,3
2013-s1-B-GB,2013-s1,B,B,P1523,0,5,5,0,0,34,13,100.0,15,,15
2013-s1-B-GB,2013-s1,B,B,P1763,1,6,4,2,0,34,22,66.7,12,,12
2013-s1-B-GB,2013-s1,B,B,P1138,2,4,2,2,0,17,23,50.0,6,,6
2013-s1-B-GB,2013-s1,B,B,P1381,3,3,1,2,0,8,22,33.3,3,,3
2013-s1-B-GB,2013-s1,B,B,P1903,4,4,0,4,0,12,28,0.0,0,,0
2013-s1-B-GB,2013-s1,B,B,P1805,5,6,3,3,0,35,25,50.0,9,,9
2013-s1-B-GB,2013-s1,B,B,P1875,6,2,0,2,0,3,17,0.0,0,,0
2013-s1-B-GC,2013-s1,B,C,P1736,0,5,1,4,0,19,27,20.0,3,,3
2013-s1-B-GC,2013-s1,B,C,P1862,1,6,6,0,0,45,15,100.0,18,,18
2013-s1-B-GC,2013-s1,B,C,P1798,2,4,1,3,0,17,23,25.0,3,,3
2013-s1-B-GC,2013-s1,B,C,P1887,3,4,2,2,0,20,20,50.0,6,,6
2013-s1-B-GC,2013-s1,B,C,P1762,4,5,2,3,0,19,31,40.0,6,,6
2013-s1-B-GC,2013-s1,B,C,P1930,5,6,5,1,0,38,22,83.3,15,,15
2013-s1-B-GC,2013-s1,B,C,P1900,6,6,1,5,0,18,42,16.7,3,,3
2013-s1-B-GD,2013-s1,B,D,P1913,0,5,0,5,0,13,37,0.0,0,,0
2013-s1-B-GD,2013-s1,B,D,P1768,1,4,2,2,0,20,20,50.0,6,,6
2013-s1-B-GD,2013-s1,B,D,P1878,2,4,0,4,0,11,29,0.0,0,,0
2013-s1-B-GD,2013-s1,B,D,P1733,3,6,3,3,0,27,33,50.0,9,,9
2013-s1-B-GD,2013-s1,B,D,P1786,4,4,3,1,0,21,19,75.0,9,,9
2013-s1-B-GD,2013-s1,B,D,P1604,5,5,5,0,0,40,10,100.0,15,,15
2013-s1-B-GD,2013-s1,B,D,P1664,6,2,2,0,0,14,6,100.0,6,,6
2013-s1-B-GE,2013-s1,B,E,P1813,0,0,0,0,0,0,0,0.0,0,,0
2013-s1-B-GE,2013-s1,B,E,P1881,1,0,0,0,0,0,0,0.0,0,,0
2013-s1-B-GE,2013-s1,B,E,P1824,2,0,0,0,0,0,0,0.0,0,,0
2013-s1-B-GE,2013-s1,B,E,P1914,3,0,0,0,0,0,0,0.0,0,,0
2013-s1-B-GE,2013-s1,B,E,P1931,4,0,0,0,0,0,0,0.0,0,,0
2013-s1-B-GE,2013-s1,B,E,P1882,5,0,0,0,0,0,0,0.0,0,,0
2013-s1-B-GE,2013-s1,B,E,P1880,6,0,0,0,0,0,0,0.0,0,,0
2013-s2-A-GA,2013-s2,A,A,P0709,0,4,4,0,0,27,13,100.0,12,,12
2013-s2-A-GA,2013-s2,A,A,P1096,1,5,2,3,0,25,25,40.0,6,,6
2013-s2-A-GA,2013-s2,A,A,P0464,2,4,2,2,0,18,22,50.0,6,,6
2013-s2-A-GA,2013-s2,A,A,P1523,3,3,0,3,0,11,19,0.0,0,,0
2013-s2-A-GA,2013-s2,A,A,P1813,4,5,1,3,1,22,28,20.0,4,,4
2013-s2-A-GA,2013-s2,A,A,P1737,5,3,2,0,1,18,12,66.7,7,,7
2013-s2-A-GA,2013-s2,A,A,P0182,6,6,3,3,0,26,34,50.0,9,,9
2013-s2-A-GB,2013-s2,A,B,P1531,0,6,4,0,2,36,24,66.7,14,,14
2013-s2-A-GB,2013-s2,A,B,P1567,1,6,4,2,0,36,24,66.7,12,,12
2013-s2-A-GB,2013-s2,A,B,P1768,2,5,0,4,1,16,34,0.0,1,,1
2013-s2-A-GB,2013-s2,A,B,P1316,3,6,2,2,2,30,30,33.3,8,,8
2013-s2-A-GB,2013-s2,A,B,P1396,4,6,4,2,0,37,23,66.7,12,,12
2013-s2-A-GB,2013-s2,A,B,P1769,5,4,0,3,1,12,28,0.0,1,,1
2013-s2-A-GB,2013-s2,A,B,P1757,6,5,2,3,0,23,27,40.0,6,,6
2013-s2-A-GC,2013-s2,A,C,P1808,0,5,3,2,0,26,24,60.0,9,,9
2013-s2-A-GC,2013-s2,A,C,P1830,1,2,1,1,0,10,10,50.0,3,,3
2013-s2-A-GC,2013-s2,A,C,P1788,2,6,3,3,0,35,25,50.0,9,,9
2013-s2-A-GC,2013-s2,A,C,P1588,3,5,4,1,0,33,17,80.0,12,,12
2013-s2-A-GC,2013-s2,A,C,P1871,4,6,5,1,0,38,22,83.3,15,,15
2013-s2-A-GC,2013-s2,A,C,P1717,5,4,0,4,0,8,32,0.0,0,,0
2013-s2-A-GC,2013-s2,A,C,P0273,6,4,0,4,0,10,30,0.0,0,,0
2013-s2-A-GD,2013-s2,A,D,P1578,0,2,2,0,0,12,8,100.0,6,,6
2013-s2-A-GD,2013-s2,A,D,P1802,1,4,3,0,1,30,10,75.0,10,,10
2013-s2-A-GD,2013-s2,A,D,P1526,2,3,2,0,1,19,11,66.7,7,,7
2013-s2-A-GD,2013-s2,A,D,P1270,3,5,2,3,0,24,26,40.0,6,,6
2013-s2-A-GD,2013-s2,A,D,P1104,4,1,0,1,0,0,10,0.0,0,,0
2013-s2-A-GD,2013-s2,A,D,P1927,5,3,0,3,0,8,22,0.0,0,,0
2013-s2-A-GD,2013-s2,A,D,P1835,6,1,0,1,0,3,7,0.0,0,,0
2013-s2-A-GE,2013-s2,A,E,P1791,0,5,3,1,1,29,21,60.0,10,,10
2013-s2-A-GE,2013-s2,A,E,P1825,1,6,2,4,0,26,34,33.3,6,,6
2013-s2-A-GE,2013-s2,A,E,P1587,2,6,4,1,1,33,27,66.7,13,,13
2013-s2-A-GE,2013-s2,A,E,P1895,3,5,3,1,1,32,18,60.0,10,,10
2013-s2-A-GE,2013-s2,A,E,P1435,4,5,1,3,1,18,32,20.0,4,,4
2013-s2-A-GE,2013-s2,A,E,P1202,5,6,3,3,0,31,29,50.0,9,,9
2013-s2-A-GE,2013-s2,A,E,P1425,6,5,1,4,0,21,29,20.0,3,,3
2013-s2-A-GF,2013-s2,A,F,P0368,0,0,0,0,0,0,0,0.0,0,,0
2013-s2-A-GF,2013-s2,A,F,P0772,1,0,0,0,0,0,0,0.0,0,,0
2013-s2-A-GF,2013-s2,A,F,P0969,2,0,0,0,0,0,0,0.0,0,,0
2013-s2-A-GF,2013-s2,A,F,P1734,3,0,0,0,0,0,0,0.0,0,,0
2013-s2-A-GF,2013-s2,A,F,P0064,4,0,0,0,0,0,0,0.0,0,,0
2013-s2-A-GF,2013-s2,A,F,P1805,5,0,0,0,0,0,0,0.0,0,,0
2013-s2-A-GF,2013-s2,A,F,P1818,6,0,0,0,0,0,0,0.0,0,,0
2013-s2-B-GA,2013-s2,B,A,P1807,0,6,4,1,1,32,28,66.7,13,,13
2013-s2-B-GA,2013-s2,B,A,P1395,1,6,3,3,0,30,30,50.0,9,,9
2013-s2-B-GA,2013-s2,B,A,P1921,2,5,5,0,0,35,15,100.0,15,,15
2013-s2-B-GA,2013-s2,B,A,P1912,3,6,2,4,0,25,35,33.3,6,,6
2013-s2-B-GA,2013-s2,B,A,P1931,4,6,0,6,0,0,60,0.0,0,,0
2013-s2-B-GA,2013-s2,B,A,P1586,5,5,3,1,1,27,23,60.0,10,,10
2013-s2-B-GA,2013-s2,B,A,P1890,6,6,2,4,0,27,33,33.3,6,,6
2013-s2-B-GB,2013-s2,B,B,P1930,0,6,4,2,0,36,24,66.7,12,,12
2013-s2-B-GB,2013-s2,B,B,P1914,1,6,0,5,1,17,43,0.0,1,,1
2013-s2-B-GB,2013-s2,B,B,P1736,2,6,2,3,1,27,33,33.3,7,,7
2013-s2-B-GB,2013-s2,B,B,P1381,3,6,4,2,0,32,28,66.7,12,,12
2013-s2-B-GB,2013-s2,B,B,P1837,4,6,1,3,2,19,41,16.7,5,,5
2013-s2-B-GB,2013-s2,B,B,P1772,5,6,5,1,0,43,17,83.3,15,,15
2013-s2-B-GB,2013-s2,B,B,P1859,6,6,3,3,0,28,32,50.0,9,,9
2013-s2-B-GC,2013-s2,B,C,P1881,0,1,0,1,0,3,7,0.0,0,,0
2013-s2-B-GC,2013-s2,B,C,P1880,1,6,4,2,0,29,31,66.7,12,,12
2013-s2-B-GC,2013-s2,B,C,P1798,2,2,0,2,0,7,13,0.0,0,,0
2013-s2-B-GC,2013-s2,B,C,P1883,3,4,1,3,0,19,21,25.0,3,,3
2013-s2-B-GC,2013-s2,B,C,P1794,4,3,1,2,0,14,16,33.3,3,,3
2013-s2-B-GC,2013-s2,B,C,P1743,5,4,2,1,1,24,16,50.0,7,,7
2013-s2-B-GC,2013-s2,B,C,P1872,6,4,3,0,1,24,16,75.0,10,,10
2013-s2-B-GD,2013-s2,B,D,P1903,0,3,0,3,0,10,20,0.0,0,,0
2013-s2-B-GD,2013-s2,B,D,P1786,1,4,4,0,0,28,12,100.0,12,,12
2013-s2-B-GD,2013-s2,B,D,P1913,2,5,0,5,0,8,42,0.0,0,,0
2013-s2-B-GD,2013-s2,B,D,P1733,3,6,3,3,0,30,30,50.0,9,,9
2013-s2-B-GD,2013-s2,B,D,P1901,4,6,4,2,0,34,26,66.7,12,,12
2013-s2-B-GD,2013-s2,B,D,P1730,5,6,5,1,0,42,18,83.3,15,,15
2013-s2-B-GD,2013-s2,B,D,P1824,6,4,1,3,0,18,22,25.0,3,,3
2013-s2-B-GE,2013-s2,B,E,P1763,0,0,0,0,0,0,0,0.0,0,,0
2013-s2-B-GE,2013-s2,B,E,P1864,1,0,0,0,0,0,0,0.0,0,,0
2013-s2-B-GE,2013-s2,B,E,P1926,2,0,0,0,0,0,0,0.0,0,,0
2013-s2-B-GE,2013-s2,B,E,P1893,3,0,0,0,0,0,0,0.0,0,,0
2013-s2-B-GE,2013-s2,B,E,P1401,4,0,0,0,0,0,0,0.0,0,,0
2013-s2-B-GE,2013-s2,B,E,P1884,5,0,0,0,0,0,0,0.0,0,,0
2013-s2-B-GE,2013-s2,B,E,P1731,6,0,0,0,0,0,0,0.0,0,,0
2013-s3-A-GA,2013-s3,A,A,P1202,0,6,4,0,2,39,21,66.7,14,,14
2013-s3-A-GA,2013-s3,A,A,P1419,1,5,1,4,0,18,32,20.0,3,,3
2013-s3-A-GA,2013-s3,A,A,P1587,2,6,4,1,1,37,23,66.7,13,,13
2013-s3-A-GA,2013-s3,A,A,P1316,3,6,3,1,2,37,23,50.0,11,,11
2013-s3-A-GA,2013-s3,A,A,P0064,4,6,3,3,0,31,29,50.0,9,,9
2013-s3-A-GA,2013-s3,A,A,P1901,5,6,1,5,0,16,44,16.7,3,,3
2013-s3-A-GA,2013-s3,A,A,P1813,6,5,1,3,1,20,30,20.0,4,,4
2013-s3-A-GB,2013-s3,A,B,P0709,0,6,5,1,0,40,20,83.3,15,,15
2013-s3-A-GB,2013-s3,A,B,P1793,1,5,1,4,0,22,28,20.0,3,,3
2013-s3-A-GB,2013-s3,A,B,P0969,2,6,6,0,0,44,16,100.0,18,,18
2013-s3-A-GB,2013-s3,A,B,P1830,3,5,3,2,0,26,24,60.0,9,,9
2013-s3-A-GB,2013-s3,A,B,P1104,4,3,0,3,0,7,23,0.0,0,,0
2013-s3-A-GB,2013-s3,A,B,P1805,5,5,1,4,0,16,34,20.0,3,,3
2013-s3-A-GB,2013-s3,A,B,P1818,6,5,1,4,0,18,32,20.0,3,,3
2013-s3-A-GC,2013-s3,A,C,P1791,0,5,5,0,0,37,13,100.0,15,,15
2013-s3-A-GC,2013-s3,A,C,P1808,1,4,0,3,1,14,26,0.0,1,,1
2013-s3-A-GC,2013-s3,A,C,P1531,2,6,4,1,1,35,25,66.7,13,,13
2013-s3-A-GC,2013-s3,A,C,P1772,3,5,0,3,2,18,32,0.0,2,,2
2013-s3-A-GC,2013-s3,A,C,P1860,4,6,4,1,1,32,28,66.7,13,,13
2013-s3-A-GC,2013-s3,A,C,P0464,5,5,1,3,1,21,27,20.0,4,,4
2013-s3-A-GC,2013-s3,A,C,P1773,6,3,0,3,0,11,19,0.0,0,,0
2013-s3-A-GD,2013-s3,A,D,P1588,0,5,3,2,0,26,21,60.0,9,,9
2013-s3-A-GD,2013-s3,A,D,P1270,1,6,3,3,0,30,30,50.0,9,,9
2013-s3-A-GD,2013-s3,A,D,P1757,2,4,3,1,0,25,15,75.0,9,,9
2013-s3-A-GD,2013-s3,A,D,P1769,3,4,2,2,0,15,25,50.0,6,,6
2013-s3-A-GD,2013-s3,A,D,P0029,4,2,1,1,0,10,10,50.0,3,,3
2013-s3-A-GD,2013-s3,A,D,P0364,5,3,0,3,0,11,19,0.0,0,,0
2013-s3-A-GD,2013-s3,A,D,P1763,6,6,3,3,0,30,30,50.0,9,,9
2013-s3-A-GE,2013-s3,A,E,P0368,0,6,2,2,2,30,26,33.3,8,,8
2013-s3-A-GE,2013-s3,A,E,P1567,1,5,5,0,0,33,17,100.0,15,,15
2013-s3-A-GE,2013-s3,A,E,P1862,2,6,2,3,1,26,30,33.3,7,,7
2013-s3-A-GE,2013-s3,A,E,P1825,3,6,4,2,0,36,19,66.7,12,,12
2013-s3-A-GE,2013-s3,A,E,P1734,4,5,1,4,0,18,30,20.0,3,,3
2013-s3-A-GE,2013-s3,A,E,P1732,5,6,4,1,1,32,25,66.7,13,,13
2013-s3-A-GE,2013-s3,A,E,P1731,6,6,0,6,0,7,53,0.0,0,,0
2013-s3-A-GF,2013-s3,A,F,P1578,0,5,3,1,1,28,22,60.0,10,,10
2013-s3-A-GF,2013-s3,A,F,P1768,1,5,0,1,4,23,27,0.0,4,,4
2013-s3-A-GF,2013-s3,A,F,P1650,2,5,3,2,0,27,23,60.0,9,,9
2013-s3-A-GF,2013-s3,A,F,P1783,3,6,2,2,2,29,27,33.3,8,,8
2013-s3-A-GF,2013-s3,A,F,P0772,4,6,1,3,2,28,32,16.7,5,,5
2013-s3-A-GF,2013-s3,A,F,P1809,5,4,3,1,0,24,16,75.0,9,,9
2013-s3-A-GF,2013-s3,A,F,P1761,6,6,2,3,1,27,33,33.3,7,,7
2013-s3-A-GG,2013-s3,A,G,P1802,0,6,5,0,1,42,18,83.3,16,,16
2013-s3-A-GG,2013-s3,A,G,P1895,1,6,4,1,1,35,25,66.7,13,,13
2013-s3-A-GG,2013-s3,A,G,P1841,2,6,2,3,1,28,32,33.3,7,,7
2013-s3-A-GG,2013-s3,A,G,P1788,3,6,3,3,0,32,28,50.0,9,,9
2013-s3-A-GG,2013-s3,A,G,P1396,4,6,3,3,0,25,35,50.0,9,,9
2013-s3-A-GG,2013-s3,A,G,P1526,5,6,2,4,0,28,32,33.3,6,,6
2013-s3-A-GG,2013-s3,A,G,P1730,6,6,0,5,1,20,40,0.0,1,,1
2013-s3-A-GH,2013-s3,A,H,P1425,0,0,0,0,0,0,0,0.0,0,,0
2013-s3-A-GH,2013-s3,A,H,P1740,1,0,0,0,0,0,0,0.0,0,,0
2013-s3-A-GH,2013-s3,A,H,P1752,2,0,0,0,0,0,0,0.0,0,,0
2013-s3-A-GH,2013-s3,A,H,P1902,3,0,0,0,0,0,0,0.0,0,,0
2013-s3-A-GH,2013-s3,A,H,P1063,4,0,0,0,0,0,0,0.0,0,,0
2013-s3-A-GH,2013-s3,A,H,P1435,5,0,0,0,0,0,0,0.0,0,,0
2013-s3-A-GH,2013-s3,A,H,P1096,6,0,0,0,0,0,0,0.0,0,,0
2013-s3-B-GA,2013-s3,B,A,P1893,0,6,0,6,0,4,56,0.0,0,,0
2013-s3-B-GA,2013-s3,B,A,P1664,1,6,5,0,1,42,18,83.3,16,,16
2013-s3-B-GA,2013-s3,B,A,P1890,2,5,1,4,0,17,29,20.0,3,,3
2013-s3-B-GA,2013-s3,B,A,P1858,3,6,3,3,0,29,27,50.0,9,,9
2013-s3-B-GA,2013-s3,B,A,P1899,4,6,5,1,0,37,19,83.3,15,,15
2013-s3-B-GA,2013-s3,B,A,P1797,5,5,1,4,0,17,29,20.0,3,,3
2013-s3-B-GA,2013-s3,B,A,P1837,6,6,4,1,1,34,22,66.7,13,,13
2013-s3-B-GB,2013-s3,B,B,P1872,0,5,5,0,0,33,17,100.0,15,,15
2013-s3-B-GB,2013-s3,B,B,P1381,1,5,2,2,1,23,27,40.0,7,,7
2013-s3-B-GB,2013-s3,B,B,P1889,2,6,4,1,1,35,25,66.7,13,,13
2013-s3-B-GB,2013-s3,B,B,P1395,3,4,1,3,0,15,25,25.0,3,,3
2013-s3-B-GB,2013-s3,B,B,P1204,4,6,2,4,0,23,37,33.3,6,,6
2013-s3-B-GB,2013-s3,B,B,P1883,5,6,0,6,0,0,60,0.0,0,,0
2013-s3-B-GB,2013-s3,B,B,P1896,6,6,4,2,0,40,20,66.7,12,,12
2013-s3-B-GC,2013-s3,B,C,P1908,0,0,,,,,,,,,
2013-s3-B-GC,2013-s3,B,C,P1466,1,0,,,,,,,,,
2013-s3-B-GC,2013-s3,B,C,P1923,2,0,,,,,,,,,
2013-s3-B-GC,2013-s3,B,C,P1922,3,0,,,,,,,,,
2013-s3-B-GC,2013-s3,B,C,P1736,4,0,,,,,,,,,
2013-s3-B-GC,2013-s3,B,C,P1833,5,0,,,,,,,,,
2013-s3-B-GD,2013-s3,B,D,P1786,0,2,1,1,0,8,12,50.0,3,,3
2013-s3-B-GD,2013-s3,B,D,P1717,1,4,1,3,0,16,24,25.0,3,,3
2013-s3-B-GD,2013-s3,B,D,P1892,2,5,4,1,0,36,14,80.0,12,,12
2013-s3-B-GD,2013-s3,B,D,P1870,3,5,4,1,0,36,11,80.0,12,,12
2013-s3-B-GD,2013-s3,B,D,P1869,4,4,3,1,0,24,16,75.0,9,,9
2013-s3-B-GD,2013-s3,B,D,P1897,5,5,0,5,0,3,47,0.0,0,,0
2013-s3-B-GD,2013-s3,B,D,P1873,6,3,1,2,0,14,16,33.3,3,,3
2013-s3-B-GE,2013-s3,B,E,P1859,0,0,0,0,0,0,0,0.0,0,,0
2013-s3-B-GE,2013-s3,B,E,P1733,1,0,0,0,0,0,0,0.0,0,,0
2013-s3-B-GE,2013-s3,B,E,P1914,2,0,0,0,0,0,0,0.0,0,,0
2013-s3-B-GE,2013-s3,B,E,P1800,3,0,0,0,0,0,0,0.0,0,,0
2013-s3-B-GE,2013-s3,B,E,P1743,4,0,0,0,0,0,0,0.0,0,,0
2013-s3-B-GE,2013-s3,B,E,P1861,5,0,0,0,0,0,0,0.0,0,,0
2013-s3-B-GE,2013-s3,B,E,P1831,6,0,0,0,0,0,0,0.0,0,,0
2013-s4-A-GA,2013-s4,A,A,P1587,0,6,6,0,0,38,18,100.0,18,,18
2013-s4-A-GA,2013-s4,A,A,P1886,1,5,3,2,0,23,24,60.0,9,,9
2013-s4-A-GA,2013-s4,A,A,P1588,2,5,2,3,0,24,26,40.0,6,,6
2013-s4-A-GA,2013-s4,A,A,P1788,3,6,4,1,1,37,23,66.7,13,,13
2013-s4-A-GA,2013-s4,A,A,P1526,4,5,1,3,1,21,29,20.0,4,,4
2013-s4-A-GA,2013-s4,A,A,P1835,5,3,1,2,0,14,16,33.3,3,,3
2013-s4-A-GA,2013-s4,A,A,P1772,6,3,0,3,0,4,26,0.0,0,,0
2013-s4-A-GB,2013-s4,A,B,P1732,0,6,3,1,2,35,25,50.0,11,,11
2013-s4-A-GB,2013-s4,A,B,P1802,1,6,6,0,0,38,19,100.0,18,,18
2013-s4-A-GB,2013-s4,A,B,P1270,2,6,4,1,1,33,27,66.7,13,,13
2013-s4-A-GB,2013-s4,A,B,P1825,3,5,1,4,0,23,27,20.0,3,,3
2013-s4-A-GB,2013-s4,A,B,P1096,4,3,0,2,1,10,20,0.0,1,,1
2013-s4-A-GB,2013-s4,A,B,P1818,5,5,2,3,0,21,29,40.0,6,,6
2013-s4-A-GB,2013-s4,A,B,P1733,6,5,0,5,0,17,33,0.0,0,,0
2013-s4-A-GC,2013-s4,A,C,P1791,0,5,5,0,0,35,15,100.0,15,,15
2013-s4-A-GC,2013-s4,A,C,P0969,1,5,4,1,0,33,17,80.0,12,,12
2013-s4-A-GC,2013-s4,A,C,P1757,2,5,1,4,0,20,30,20.0,3,,3
2013-s4-A-GC,2013-s4,A,C,P1531,3,4,2,2,0,22,18,50.0,6,,6
2013-s4-A-GC,2013-s4,A,C,P1743,4,5,0,5,0,6,44,0.0,0,,0
2013-s4-A-GC,2013-s4,A,C,P0076,5,2,0,1,1,9,11,0.0,1,,1
2013-s4-A-GC,2013-s4,A,C,P1763,6,6,3,2,1,35,25,50.0,10,,10
2013-s4-A-GD,2013-s4,A,D,P1202,0,4,3,1,0,22,18,75.0,9,,9
2013-s4-A-GD,2013-s4,A,D,P0709,1,4,2,2,0,19,21,50.0,6,,6
2013-s4-A-GD,2013-s4,A,D,P1604,2,5,2,2,1,25,25,40.0,7,,7
2013-s4-A-GD,2013-s4,A,D,P1104,3,2,0,2,0,4,16,0.0,0,,0
2013-s4-A-GD,2013-s4,A,D,P1650,4,6,5,1,0,34,19,83.3,15,,15
2013-s4-A-GD,2013-s4,A,D,P1419,5,6,3,2,1,34,26,50.0,10,,10
2013-s4-A-GD,2013-s4,A,D,P1664,6,5,2,3,0,19,31,40.0,6,,6
2013-s4-A-GE,2013-s4,A,E,P1316,0,3,1,2,0,14,16,33.3,3,,3
2013-s4-A-GE,2013-s4,A,E,P1578,1,1,0,1,0,4,6,0.0,0,,0
2013-s4-A-GE,2013-s4,A,E,P1895,2,2,0,2,0,5,15,0.0,0,,0
2013-s4-A-GE,2013-s4,A,E,P0182,3,5,4,1,0,28,19,80.0,12,,12
2013-s4-A-GE,2013-s4,A,E,P1830,4,6,6,0,0,37,17,100.0,18,,18
2013-s4-A-GE,2013-s4,A,E,P1862,5,2,0,2,0,5,15,0.0,0,,0
2013-s4-A-GE,2013-s4,A,E,P1896,6,0,0,0,0,0,0,0.0,0,,0
2013-s4-A-GF,2013-s4,A,F,P1871,0,6,4,1,1,33,27,66.7,13,,13
2013-s4-A-GF,2013-s4,A,F,P1860,1,3,0,3,0,6,24,0.0,0,,0
2013-s4-A-GF,2013-s4,A,F,P1567,2,6,5,0,1,42,18,83.3,16,,16
2013-s4-A-GF,2013-s4,A,F,P0064,3,4,3,1,0,22,17,75.0,9,,9
2013-s4-A-GF,2013-s4,A,F,P1932,4,5,2,3,0,22,24,40.0,6,,6
2013-s4-A-GF,2013-s4,A,F,P0464,5,5,0,5,0,18,31,0.0,0,,0
2013-s4-A-GF,2013-s4,A,F,P1901,6,5,2,3,0,22,27,40.0,6,,6
2013-s4-A-GG,2013-s4,A,G,P0368,0,0,0,0,0,0,0,0.0,0,,0
2013-s4-A-GG,2013-s4,A,G,P1793,1,0,0,0,0,0,0,0.0,0,,0
2013-s4-A-GG,2013-s4,A,G,P1396,2,0,0,0,0,0,0,0.0,0,,0
2013-s4-A-GG,2013-s4,A,G,P1841,3,0,0,0,0,0,0,0.0,0,,0
2013-s4-A-GG,2013-s4,A,G,P1425,4,0,0,0,0,0,0,0.0,0,,0
2013-s4-A-GG,2013-s4,A,G,P0951,5,0,0,0,0,0,0,0.0,0,,0
2013-s4-A-GG,2013-s4,A,G,P1768,6,0,0,0,0,0,0,0.0,0,,0
2013-s4-B-GA,2013-s4,B,A,P0364,0,6,4,2,0,39,21,66.7,12,,12
2013-s4-B-GA,2013-s4,B,A,P1761,1,6,4,0,2,36,24,66.7,14,,14
2013-s4-B-GA,2013-s4,B,A,P1917,2,5,1,3,1,19,30,20.0,4,,4
2013-s4-B-GA,2013-s4,B,A,P1888,3,5,0,4,1,17,33,0.0,1,,1
2013-s4-B-GA,2013-s4,B,A,P1858,4,5,0,5,0,9,41,0.0,0,,0
2013-s4-B-GA,2013-s4,B,A,P1867,5,6,4,1,1,37,23,66.7,13,,13
2013-s4-B-GA,2013-s4,B,A,P1926,6,6,3,2,1,33,27,50.0,10,,10
2013-s4-B-GB,2013-s4,B,B,P1743,0,6,5,1,0,35,25,83.3,15,,15
2013-s4-B-GB,2013-s4,B,B,P1870,1,6,4,2,0,37,23,66.7,12,,12
2013-s4-B-GB,2013-s4,B,B,P1813,2,6,5,1,0,39,21,83.3,15,,15
2013-s4-B-GB,2013-s4,B,B,P1910,3,5,0,5,0,14,36,0.0,0,,0
2013-s4-B-GB,2013-s4,B,B,P1381,4,6,2,4,0,24,36,33.3,6,,6
2013-s4-B-GB,2013-s4,B,B,P1859,5,6,4,2,0,34,26,66.7,12,,12
2013-s4-B-GB,2013-s4,B,B,P1924,6,5,0,5,0,17,33,0.0,0,,0
2013-s4-B-GC,2013-s4,B,C,P1889,0,5,2,3,0,23,27,40.0,6,,6
2013-s4-B-GC,2013-s4,B,C,P0772,1,6,4,2,0,35,25,66.7,12,,12
2013-s4-B-GC,2013-s4,B,C,P1869,2,5,5,0,0,35,15,100.0,15,,15
2013-s4-B-GC,2013-s4,B,C,P1179,3,6,3,3,0,32,28,50.0,9,,9
2013-s4-B-GC,2013-s4,B,C,P1908,4,5,1,4,0,18,32,20.0,3,,3
2013-s4-B-GC,2013-s4,B,C,P1486,5,4,2,2,0,19,21,50.0,6,,6
2013-s4-B-GC,2013-s4,B,C,P1800,6,3,0,3,0,8,22,0.0,0,,0
2013-s4-B-GD,2013-s4,B,D,P1872,0,3,2,1,0,18,12,66.7,6,,6
2013-s4-B-GD,2013-s4,B,D,P1923,1,1,1,0,0,7,3,100.0,3,,3
2013-s4-B-GD,2013-s4,B,D,P1717,2,4,2,1,1,23,17,50.0,7,,7
2013-s4-B-GD,2013-s4,B,D,P0380,3,2,1,1,0,9,11,50.0,3,,3
2013-s4-B-GD,2013-s4,B,D,P1736,4,4,1,2,1,15,25,25.0,4,,4
2013-s4-B-GD,2013-s4,B,D,P1920,5,4,0,4,0,12,28,0.0,0,,0
2013-s4-B-GD,2013-s4,B,D,P1919,6,6,4,2,0,33,24,66.7,12,,12
2013-s4-B-GE,2013-s4,B,E,P1730,0,6,4,2,0,36,24,66.7,12,,12
2013-s4-B-GE,2013-s4,B,E,P1523,1,6,6,0,0,42,18,100.0,18,,18
2013-s4-B-GE,2013-s4,B,E,P1890,2,6,2,4,0,22,38,33.3,6,,6
2013-s4-B-GE,2013-s4,B,E,P1916,3,5,2,3,0,18,32,40.0,6,,6
2013-s4-B-GE,2013-s4,B,E,P1905,4,0,0,0,0,0,0,0.0,0,,0
2013-s4-B-GE,2013-s4,B,E,P1914,5,5,1,4,0,19,31,20.0,3,,3
2013-s4-B-GE,2013-s4,B,E,P1899,6,6,5,1,0,39,21,83.3,15,,15
2013-s4-B-GF,2013-s4,B,F,P1891,0,0,0,0,0,0,0,0.0,0,,0
2013-s4-B-GF,2013-s4,B,F,P1586,1,0,0,0,0,0,0,0.0,0,,0
2013-s4-B-GF,2013-s4,B,F,P1837,2,0,0,0,0,0,0,0.0,0,,0
2013-s4-B-GF,2013-s4,B,F,P1904,3,0,0,0,0,0,0,0.0,0,,0
2013-s4-B-GF,2013-s4,B,F,P1906,4,0,0,0,0,0,0,0.0,0,,0
2013-s4-B-GF,2013-s4,B,F,P1861,5,0,0,0,0,0,0,0.0,0,,0
2013-s4-B-GF,2013-s4,B,F,P1907,6,0,0,0,0,0,0,0.0,0,,0
2013-s5-A-GA,2013-s5,A,A,P1791,0,5,3,2,0,28,19,60.0,9,,9
2013-s5-A-GA,2013-s5,A,A,P1732,1,6,3,2,1,35,25,50.0,10,,10
2013-s5-A-GA,2013-s5,A,A,P1270,2,5,4,1,0,31,19,80.0,12,,12
2013-s5-A-GA,2013-s5,A,A,P1841,3,5,2,3,0,23,27,40.0,6,,6
2013-s5-A-GA,2013-s5,A,A,P1772,4,3,1,1,1,12,18,33.3,4,,4
2013-s5-A-GA,2013-s5,A,A,P1531,5,3,1,2,0,11,19,33.3,3,,3
2013-s5-A-GA,2013-s5,A,A,P1627,6,3,1,2,0,14,16,33.3,3,,3
2013-s5-A-GB,2013-s5,A,B,P1588,0,5,3,2,0,27,23,60.0,9,,9
2013-s5-A-GB,2013-s5,A,B,P1865,1,3,0,2,1,10,20,0.0,1,,1
2013-s5-A-GB,2013-s5,A,B,P1425,2,6,2,3,1,31,29,33.3,7,,7
2013-s5-A-GB,2013-s5,A,B,P1839,3,6,6,0,0,45,15,100.0,18,,18
2013-s5-A-GB,2013-s5,A,B,P0772,4,5,2,2,1,24,26,40.0,7,,7
2013-s5-A-GB,2013-s5,A,B,P1763,5,6,1,3,2,23,37,16.7,5,,5
2013-s5-A-GB,2013-s5,A,B,P1419,6,5,1,3,1,20,30,20.0,4,,4
2013-s5-A-GC,2013-s5,A,C,P1793,0,6,4,2,0,34,26,66.7,12,,12
2013-s5-A-GC,2013-s5,A,C,P1202,1,6,6,0,0,44,16,100.0,18,,18
2013-s5-A-GC,2013-s5,A,C,P1788,2,4,2,2,0,21,19,50.0,6,,6
2013-s5-A-GC,2013-s5,A,C,P1934,3,5,2,3,0,23,27,40.0,6,,6
2013-s5-A-GC,2013-s5,A,C,P1604,4,5,2,2,1,25,25,40.0,7,,7
2013-s5-A-GC,2013-s5,A,C,P0064,5,4,0,3,1,12,28,0.0,1,,1
2013-s5-A-GC,2013-s5,A,C,P1877,6,5,0,5,0,15,35,0.0,0,,0
2013-s5-A-GD,2013-s5,A,D,P0754,0,6,0,6,0,18,40,0.0,0,,0
2013-s5-A-GD,2013-s5,A,D,P1567,1,6,5,0,1,37,23,83.3,16,,16
2013-s5-A-GD,2013-s5,A,D,P1757,2,5,1,4,0,21,29,20.0,3,,3
2013-s5-A-GD,2013-s5,A,D,P1096,3,6,5,1,0,35,23,83.3,15,,15
2013-s5-A-GD,2013-s5,A,D,P1734,4,6,4,1,1,33,25,66.7,13,,13
2013-s5-A-GD,2013-s5,A,D,P1523,5,5,2,3,0,25,25,40.0,6,,6
2013-s5-A-GD,2013-s5,A,D,P1805,6,6,2,4,0,27,33,33.3,6,,6
2013-s5-A-GE,2013-s5,A,E,P1871,0,6,5,1,0,35,18,83.3,15,,15
2013-s5-A-GE,2013-s5,A,E,P1316,1,6,5,1,0,37,23,83.3,15,,15
2013-s5-A-GE,2013-s5,A,E,P1650,2,5,0,4,1,18,32,0.0,1,,1
2013-s5-A-GE,2013-s5,A,E,P1396,3,6,3,3,0,27,33,50.0,9,,9
2013-s5-A-GE,2013-s5,A,E,P1024,4,5,1,3,1,19,31,20.0,4,,4
2013-s5-A-GE,2013-s5,A,E,P1898,5,4,0,4,0,12,28,0.0,0,,0
2013-s5-A-GE,2013-s5,A,E,P1860,6,5,4,1,0,32,18,80.0,12,,12
2013-s5-A-GF,2013-s5,A,F,P1587,0,0,0,0,0,0,0,0.0,0,,0
2013-s5-A-GF,2013-s5,A,F,P1825,1,0,0,0,0,0,0,0.0,0,,0
2013-s5-A-GF,2013-s5,A,F,P1866,2,0,0,0,0,0,0,0.0,0,,0
2013-s5-A-GF,2013-s5,A,F,P1830,3,0,0,0,0,0,0,0.0,0,,0
2013-s5-A-GF,2013-s5,A,F,P1818,4,0,0,0,0,0,0,0.0,0,,0
2013-s5-A-GF,2013-s5,A,F,P0490,5,0,0,0,0,0,0,0.0,0,,0
2013-s5-A-GF,2013-s5,A,F,P1854,6,0,0,0,0,0,0,0.0,0,,0
2013-s5-B-GA,2013-s5,B,A,P0364,0,6,4,1,1,37,23,66.7,13,,13
2013-s5-B-GA,2013-s5,B,A,P1743,1,6,4,1,1,36,24,66.7,13,,13
2013-s5-B-GA,2013-s5,B,A,P1666,2,6,4,2,0,30,30,66.7,12,,12
2013-s5-B-GA,2013-s5,B,A,P1586,3,6,3,3,0,34,26,50.0,9,,9
2013-s5-B-GA,2013-s5,B,A,P1858,4,5,2,3,0,19,31,40.0,6,,6
2013-s5-B-GA,2013-s5,B,A,P1800,5,6,1,5,0,23,37,16.7,3,,3
2013-s5-B-GA,2013-s5,B,A,P1717,6,5,1,4,0,21,29,20.0,3,,3
2013-s5-B-GB,2013-s5,B,B,P1813,0,4,4,0,0,28,12,100.0,12,,12
2013-s5-B-GB,2013-s5,B,B,P1768,1,5,1,4,0,17,33,20.0,3,,3
2013-s5-B-GB,2013-s5,B,B,P1862,2,4,3,1,0,27,13,75.0,9,,9
2013-s5-B-GB,2013-s5,B,B,P1908,3,5,0,4,1,16,34,0.0,1,,1
2013-s5-B-GB,2013-s5,B,B,P1879,4,5,4,1,0,30,20,80.0,12,,12
2013-s5-B-GB,2013-s5,B,B,P1837,5,3,0,2,1,9,21,0.0,1,,1
2013-s5-B-GB,2013-s5,B,B,P1761,6,6,3,3,0,33,27,50.0,9,,9
2013-s5-B-GC,2013-s5,B,C,P1593,0,6,5,1,0,44,16,83.3,15,,15
2013-s5-B-GC,2013-s5,B,C,P1743,1,5,1,4,0,15,35,20.0,3,,3
2013-s5-B-GC,2013-s5,B,C,P1736,2,4,1,3,0,11,29,25.0,3,,3
2013-s5-B-GC,2013-s5,B,C,P1753,3,5,4,1,0,30,20,80.0,12,,12
2013-s5-B-GC,2013-s5,B,C,P1904,4,4,0,4,0,10,30,0.0,0,,0
2013-s5-B-GC,2013-s5,B,C,P1919,5,6,4,2,0,38,22,66.7,12,,12
2013-s5-B-GC,2013-s5,B,C,P1733,6,6,3,3,0,32,28,50.0,9,,9
2013-s5-B-GD,2013-s5,B,D,P1899,0,6,2,3,1,24,36,33.3,7,,7
2013-s5-B-GD,2013-s5,B,D,P1786,1,5,2,2,1,31,19,40.0,7,,7
2013-s5-B-GD,2013-s5,B,D,P1355,2,5,2,3,0,22,28,40.0,6,,6
2013-s5-B-GD,2013-s5,B,D,P1861,3,5,2,3,0,24,26,40.0,6,,6
2013-s5-B-GD,2013-s5,B,D,P1901,4,6,3,1,2,33,27,50.0,11,,11
2013-s5-B-GD,2013-s5,B,D,P1885,5,3,1,2,0,15,15,33.3,3,,3
2013-s5-B-GD,2013-s5,B,D,P1891,6,6,4,2,0,31,29,66.7,12,,12
2013-s5-B-GE,2013-s5,B,E,P1867,0,0,0,0,0,0,0,0.0,0,,0
2013-s5-B-GE,2013-s5,B,E,P1664,1,0,0,0,0,0,0,0.0,0,,0
2013-s5-B-GE,2013-s5,B,E,P1739,2,0,0,0,0,0,0,0.0,0,,0
2013-s5-B-GE,2013-s5,B,E,P1917,3,0,0,0,0,0,0,0.0,0,,0
2013-s5-B-GE,2013-s5,B,E,P1890,4,0,0,0,0,0,0,0.0,0,,0
2013-s5-B-GE,2013-s5,B,E,P1213,5,0,0,0,0,0,0,0.0,0,,0
2013-s5-B-GE,2013-s5,B,E,P1381,6,0,0,0,0,0,0,0.0,0,,0
2014-s1-A-GA,2014-s1,A,A,P1791,0,6,4,1,1,37,22,66.7,13,,13
2014-s1-A-GA,2014-s1,A,A,P0969,1,6,3,2,1,35,25,50.0,10,,10
2014-s1-A-GA,2014-s1,A,A,P1825,2,6,3,3,0,29,31,50.0,9,,9
2014-s1-A-GA,2014-s1,A,A,P0754,3,6,3,2,1,33,27,50.0,10,,10
2014-s1-A-GA,2014-s1,A,A,P1753,4,6,3,3,0,24,36,50.0,9,,9
2014-s1-A-GA,2014-s1,A,A,P1818,5,5,1,3,1,19,31,20.0,4,,4
2014-s1-A-GA,2014-s1,A,A,P1526,6,5,1,4,0,22,28,20.0,3,,3
2014-s1-A-GB,2014-s1,A,B,P1587,0,6,5,1,0,45,15,83.3,15,,15
2014-s1-A-GB,2014-s1,A,B,P1316,1,6,3,1,2,30,30,50.0,11,,11
2014-s1-A-GB,2014-s1,A,B,P1763,2,6,1,3,2,21,39,16.7,5,,5
2014-s1-A-GB,2014-s1,A,B,P1942,3,6,3,3,0,30,30,50.0,9,,9
2014-s1-A-GB,2014-s1,A,B,P1901,4,6,0,6,0,20,40,0.0,0,,0
2014-s1-A-GB,2014-s1,A,B,P1213,5,6,3,2,1,32,28,50.0,10,,10
2014-s1-A-GB,2014-s1,A,B,P1761,6,6,3,2,1,32,28,50.0,10,,10
2014-s1-A-GC,2014-s1,A,C,P1886,0,5,2,3,0,21,25,40.0,6,,6
2014-s1-A-GC,2014-s1,A,C,P1425,1,6,4,2,0,33,26,66.7,12,,12
2014-s1-A-GC,2014-s1,A,C,P1805,2,6,6,0,0,38,15,100.0,18,,18
2014-s1-A-GC,2014-s1,A,C,P1523,3,6,2,4,0,27,29,33.3,6,,6
2014-s1-A-GC,2014-s1,A,C,P1419,4,6,5,1,0,36,17,83.3,15,,15
2014-s1-A-GC,2014-s1,A,C,P1854,5,4,0,4,0,10,30,0.0,0,,0
2014-s1-A-GC,2014-s1,A,C,P1396,6,6,0,6,0,3,57,0.0,0,,0
2014-s1-A-GD,2014-s1,A,D,P1567,0,6,3,2,1,32,28,50.0,10,,10
2014-s1-A-GD,2014-s1,A,D,P1270,1,6,4,2,0,33,27,66.7,12,,12
2014-s1-A-GD,2014-s1,A,D,P1752,2,6,4,2,0,34,22,66.7,12,,12
2014-s1-A-GD,2014-s1,A,D,P1593,3,5,2,3,0,24,26,40.0,6,,6
2014-s1-A-GD,2014-s1,A,D,P1862,4,6,0,6,0,16,44,0.0,0,,0
2014-s1-A-GD,2014-s1,A,D,P0772,5,6,3,2,1,32,26,50.0,10,,10
2014-s1-A-GD,2014-s1,A,D,P1870,6,6,4,2,0,33,27,66.7,12,,12
2014-s1-A-GE,2014-s1,A,E,P1830,0,4,3,1,0,24,16,75.0,9,,9
2014-s1-A-GE,2014-s1,A,E,P1757,1,4,3,1,0,22,14,75.0,9,,9
2014-s1-A-GE,2014-s1,A,E,P1860,2,4,4,0,0,26,14,100.0,12,,12
2014-s1-A-GE,2014-s1,A,E,P1024,3,4,2,2,0,20,20,50.0,6,,6
2014-s1-A-GE,2014-s1,A,E,P1948,4,5,1,4,0,20,30,20.0,3,,3
2014-s1-A-GE,2014-s1,A,E,P1734,5,6,2,4,0,25,35,33.3,6,,6
2014-s1-A-GE,2014-s1,A,E,P1664,6,2,0,2,0,7,13,0.0,0,,0
2014-s1-A-GF,2014-s1,A,F,P1788,0,0,0,0,0,0,0,0.0,0,,0
2014-s1-A-GF,2014-s1,A,F,P1588,1,0,0,0,0,0,0,0.0,0,,0
2014-s1-A-GF,2014-s1,A,F,P1867,2,0,0,0,0,0,0,0.0,0,,0
2014-s1-A-GF,2014-s1,A,F,P1531,3,0,0,0,0,0,0,0.0,0,,0
2014-s1-A-GF,2014-s1,A,F,P1841,4,0,0,0,0,0,0,0.0,0,,0
2014-s1-A-GF,2014-s1,A,F,P1604,5,0,0,0,0,0,0,0.0,0,,0
2014-s1-A-GF,2014-s1,A,F,P1740,6,0,0,0,0,0,0,0.0,0,,0
2014-s1-B-GA,2014-s1,B,A,P1943,0,4,1,3,0,17,23,25.0,3,,3
2014-s1-B-GA,2014-s1,B,A,P1592,1,2,0,2,0,3,17,0.0,0,,0
2014-s1-B-GA,2014-s1,B,A,P1941,2,6,6,0,0,45,15,100.0,18,,18
2014-s1-B-GA,2014-s1,B,A,P1939,3,1,0,1,0,2,8,0.0,0,,0
2014-s1-B-GA,2014-s1,B,A,P1904,4,5,4,1,0,28,14,80.0,12,,12
2014-s1-B-GA,2014-s1,B,A,P1938,5,3,1,2,0,14,16,33.3,3,,3
2014-s1-B-GA,2014-s1,B,A,P1804,6,4,1,3,0,10,30,25.0,3,,3
2014-s1-B-GB,2014-s1,B,B,P1771,0,6,3,1,2,37,23,50.0,11,,11
2014-s1-B-GB,2014-s1,B,B,P1800,1,6,1,4,1,20,40,16.7,4,,4
2014-s1-B-GB,2014-s1,B,B,P1736,2,6,4,2,0,33,27,66.7,12,,12
2014-s1-B-GB,2014-s1,B,B,P1717,3,6,3,2,1,30,30,50.0,10,,10
2014-s1-B-GB,2014-s1,B,B,P1743,4,6,2,4,0,28,32,33.3,6,,6
2014-s1-B-GB,2014-s1,B,B,P1946,5,6,3,2,1,31,29,50.0,10,,10
2014-s1-B-GB,2014-s1,B,B,P1861,6,6,2,3,1,31,29,33.3,7,,7
2014-s1-B-GC,2014-s1,B,C,P1899,0,5,2,2,1,22,24,40.0,7,,7
2014-s1-B-GC,2014-s1,B,C,P1813,1,5,4,0,1,29,17,80.0,13,,13
2014-s1-B-GC,2014-s1,B,C,P1730,2,5,3,1,1,29,17,60.0,10,,10
2014-s1-B-GC,2014-s1,B,C,P1947,3,6,0,6,0,0,60,0.0,0,,0
2014-s1-B-GC,2014-s1,B,C,P1937,4,6,3,2,1,30,26,50.0,10,,10
2014-s1-B-GC,2014-s1,B,C,P1914,5,6,1,5,0,24,32,16.7,3,,3
2014-s1-B-GC,2014-s1,B,C,P1879,6,5,4,1,0,32,14,80.0,12,,12
2014-s1-B-GD,2014-s1,B,D,P1786,0,4,2,1,1,21,19,50.0,7,,7
2014-s1-B-GD,2014-s1,B,D,P1381,1,5,4,1,0,33,17,80.0,12,,12
2014-s1-B-GD,2014-s1,B,D,P1908,2,6,2,4,0,27,33,33.3,6,,6
2014-s1-B-GD,2014-s1,B,D,P1743,3,6,5,0,1,38,22,83.3,16,,16
2014-s1-B-GD,2014-s1,B,D,P1940,4,6,0,5,1,20,40,0.0,1,,1
2014-s1-B-GD,2014-s1,B,D,P1859,5,6,4,2,0,31,29,66.7,12,,12
2014-s1-B-GD,2014-s1,B,D,P1890,6,4,0,3,1,16,24,0.0,1,,1
2014-s1-B-GE,2014-s1,B,E,P1733,0,0,0,0,0,0,0,0.0,0,,0
2014-s1-B-GE,2014-s1,B,E,P1921,1,0,0,0,0,0,0,0.0,0,,0
2014-s1-B-GE,2014-s1,B,E,P1944,2,0,0,0,0,0,0,0.0,0,,0
2014-s1-B-GE,2014-s1,B,E,P1945,3,0,0,0,0,0,0,0.0,0,,0
2014-s1-B-GE,2014-s1,B,E,P1355,4,0,0,0,0,0,0,0.0,0,,0
2014-s1-B-GE,2014-s1,B,E,P1858,5,0,0,0,0,0,0,0.0,0,,0
2014-s1-B-GE,2014-s1,B,E,P1586,6,0,0,0,0,0,0,0.0,0,,0
