player_lo_id,player_hi_id,matches,lo_wins,hi_wins,draws,lo_games,hi_games,group_matches,playoff_matches,last_season
P0027,P0141,1,1,0,0,7,3,1,0,2005-s1
P0027,P0082,1,1,0,0,6,4,1,0,2005-s1
P0027,P0131,1,1,0,0,9,1,1,0,2005-s1
P0014,P0027,1,0,1,0,2,8,1,0,2005-s1
P0027,P0099,3,3,0,0,23,7,3,0,2005-s4
P0027,P0055,1,1,0,0,7,3,1,0,2005-s1
P0027,P0156,1,1,0,0,9,1,1,0,2005-s1
P0082,P0141,1,1,0,0,7,3,1,0,2005-s1
P0014,P0141,1,1,0,0,9,1,1,0,2005-s1
P0055,P0141,1,0,1,0,4,6,1,0,2005-s1
P0082,P0131,1,1,0,0,8,2,1,0,2005-s1
P0014,P0082,1,1,0,0,6,4,1,0,2005-s1
P0082,P0099,1,1,0,0,7,3,1,0,2005-s1
P0055,P0082,1,1,0,0,6,4,1,0,2005-s1
P0082,P0156,1,1,0,0,7,3,1,0,2005-s1
P0014,P0131,1,1,0,0,8,2,1,0,2005-s1
P0099,P0131,1,0,1,0,4,6,1,0,2005-s1
P0055,P0131,1,1,0,0,7,3,1,0,2005-s1
P0131,P0156,1,1,0,0,9,1,1,0,2005-s1
P0014,P0099,1,0,1,0,3,7,1,0,2005-s1
P0014,P0055,1,1,0,0,8,2,1,0,2005-s1
P0014,P0156,1,1,0,0,6,4,1,0,2005-s1
P0055,P0099,1,1,0,0,8,2,1,0,2005-s1
P0099,P0156,1,0,1,0,4,6,1,0,2005-s1
P0006,P0018,1,0,1,0,3,7,1,0,2005-s1
P0008,P0018,1,1,0,0,7,3,1,0,2005-s1
P0018,P0137,1,1,0,0,6,4,1,0,2005-s1
P0018,P0108,1,1,0,0,10,0,1,0,2005-s1
P0002,P0018,1,0,1,0,4,6,1,0,2005-s1
P0018,P0143,1,1,0,0,8,2,1,0,2005-s1
P0018,P0115,1,1,0,0,8,2,1,0,2005-s1
P0006,P0008,1,0,1,0,4,6,1,0,2005-s1
P0006,P0137,1,1,0,0,6,4,1,0,2005-s1
P0006,P0108,1,1,0,0,7,3,1,0,2005-s1
P0002,P0006,1,0,1,0,3,7,1,0,2005-s1
P0006,P0143,1,1,0,0,6,4,1,0,2005-s1
P0006,P0115,1,1,0,0,7,3,1,0,2005-s1
P0008,P0108,1,1,0,0,8,2,1,0,2005-s1
P0002,P0008,1,0,0,1,5,5,1,0,2005-s1
P0008,P0143,1,1,0,0,7,3,1,0,2005-s1
P0002,P0137,1,1,0,0,8,2,1,0,2005-s1
P0002,P0108,1,1,0,0,7,3,1,0,2005-s1
P0002,P0143,1,0,1,0,4,6,1,0,2005-s1
P0002,P0115,1,1,0,0,6,4,1,0,2005-s1
P0058,P0107,1,1,0,0,7,3,1,0,2005-s1
P0058,P0067,1,0,1,0,4,6,1,0,2005-s1
P0058,P0155,1,1,0,0,9,1,1,0,2005-s1
P0058,P0078,1,0,1,0,4,6,1,0,2005-s1
P0044,P0107,1,0,1,0,2,8,1,0,2005-s1
P0067,P0107,1,1,0,0,7,3,1,0,2005-s1
P0107,P0155,1,1,0,0,7,3,1,0,2005-s1
P0052,P0107,1,0,1,0,1,9,1,0,2005-s1
P0078,P0107,1,0,1,0,4,6,1,0,2005-s1
P0067,P0155,1,1,0,0,7,3,1,0,2005-s1
P0067,P0134,1,1,0,0,7,3,1,0,2005-s1
P0067,P0078,1,0,0,1,5,5,1,0,2005-s1
P0052,P0155,1,1,0,0,8,2,1,0,2005-s1
P0078,P0155,1,1,0,0,9,1,1,0,2005-s1
P0052,P0134,1,1,0,0,9,1,1,0,2005-s1
P0036,P0049,1,0,1,0,4,6,1,0,2005-s1
P0036,P0122,1,1,0,0,9,1,1,0,2005-s1
P0036,P0046,1,1,0,0,6,4,1,0,2005-s1
P0036,P0121,1,1,0,0,8,2,1,0,2005-s1
P0007,P0036,1,0,0,1,5,5,1,0,2005-s1
P0049,P0122,1,1,0,0,10,0,1,0,2005-s1
P0046,P0049,1,0,0,1,5,5,1,0,2005-s1
P0015,P0049,1,0,1,0,2,8,1,0,2005-s1
P0049,P0121,1,1,0,0,6,4,1,0,2005-s1
P0007,P0049,1,0,0,1,5,5,1,0,2005-s1
P0049,P0092,1,1,0,0,7,3,1,0,2005-s1
P0046,P0122,1,1,0,0,10,0,1,0,2005-s1
P0121,P0122,1,0,1,0,2,8,1,0,2005-s1
P0046,P0121,1,0,0,1,5,5,1,0,2005-s1
P0007,P0046,2,1,1,0,9,11,2,0,2005-s2
P0046,P0092,1,1,0,0,10,0,1,0,2005-s1
P0015,P0121,1,1,0,0,6,4,1,0,2005-s1
P0007,P0015,1,0,1,0,3,7,1,0,2005-s1
P0007,P0121,1,1,0,0,7,3,1,0,2005-s1
P0092,P0121,1,0,1,0,4,6,1,0,2005-s1
P0007,P0092,1,0,1,0,2,8,1,0,2005-s1
P0005,P0018,1,0,1,0,3,7,1,0,2005-s2
P0005,P0082,1,1,0,0,6,4,1,0,2005-s2
P0005,P0092,1,1,0,0,9,1,1,0,2005-s2
P0005,P0150,1,1,0,0,10,0,1,0,2005-s2
P0005,P0043,1,1,0,0,6,4,1,0,2005-s2
P0005,P0058,1,0,1,0,4,6,1,0,2005-s2
P0018,P0082,2,2,0,0,17,3,2,0,2006-s5
P0018,P0092,1,1,0,0,6,4,1,0,2005-s2
P0018,P0150,1,1,0,0,10,0,1,0,2005-s2
P0018,P0058,1,1,0,0,9,1,1,0,2005-s2
P0082,P0150,1,1,0,0,10,0,1,0,2005-s2
P0043,P0082,1,0,1,0,4,6,1,0,2005-s2
P0058,P0082,1,0,1,0,3,7,1,0,2005-s2
P0092,P0150,1,1,0,0,10,0,1,0,2005-s2
P0043,P0150,1,1,0,0,10,0,1,0,2005-s2
P0058,P0150,1,1,0,0,10,0,1,0,2005-s2
P0043,P0058,1,0,1,0,2,8,1,0,2005-s2
P0003,P0027,1,0,1,0,4,6,1,0,2005-s2
P0027,P0145,1,1,0,0,8,2,1,0,2005-s2
P0027,P0144,1,1,0,0,6,4,1,0,2005-s2
P0027,P0148,1,1,0,0,9,1,1,0,2005-s2
P0012,P0027,1,0,0,1,5,5,1,0,2005-s2
P0027,P0100,1,1,0,0,10,0,1,0,2005-s2
P0003,P0145,1,0,1,0,3,7,1,0,2005-s2
P0003,P0100,1,1,0,0,10,0,1,0,2005-s2
P0144,P0145,1,0,1,0,0,10,1,0,2005-s2
P0145,P0148,1,1,0,0,6,4,1,0,2005-s2
P0012,P0145,1,0,1,0,4,6,1,0,2005-s2
P0100,P0145,1,0,1,0,0,10,1,0,2005-s2
P0100,P0144,1,0,1,0,0,10,1,0,2005-s2
P0100,P0148,1,0,1,0,0,10,1,0,2005-s2
P0012,P0100,1,1,0,0,10,0,1,0,2005-s2
P0038,P0125,1,1,0,0,10,0,1,0,2005-s2
P0007,P0038,1,1,0,0,6,4,1,0,2005-s2
P0038,P0131,1,1,0,0,7,3,1,0,2005-s2
P0019,P0046,1,0,1,0,4,6,1,0,2005-s2
P0046,P0125,1,1,0,0,10,0,1,0,2005-s2
P0046,P0096,1,1,0,0,7,3,1,0,2005-s2
P0046,P0131,1,0,0,1,5,5,1,0,2005-s2
P0019,P0125,1,1,0,0,10,0,1,0,2005-s2
P0007,P0019,1,1,0,0,10,0,1,0,2005-s2
P0019,P0096,1,0,0,1,5,5,1,0,2005-s2
P0019,P0131,1,0,1,0,3,7,1,0,2005-s2
P0007,P0096,1,1,0,0,7,3,1,0,2005-s2
P0007,P0131,1,0,1,0,1,9,1,0,2005-s2
P0096,P0131,1,0,1,0,2,8,1,0,2005-s2
P0080,P0128,1,1,0,0,7,3,1,0,2005-s2
P0079,P0128,1,0,1,0,0,10,1,0,2005-s2
P0060,P0143,1,1,0,0,7,3,1,0,2005-s2
P0041,P0060,1,0,1,0,2,8,1,0,2005-s2
P0060,P0080,1,0,1,0,4,6,1,0,2005-s2
P0060,P0079,1,1,0,0,10,0,1,0,2005-s2
P0024,P0060,1,1,0,0,6,4,1,0,2005-s2
P0041,P0143,2,1,1,0,10,10,2,0,2005-s3
P0080,P0143,1,0,1,0,3,7,1,0,2005-s2
P0079,P0143,1,0,1,0,0,10,1,0,2005-s2
P0024,P0143,1,0,0,1,5,5,1,0,2005-s2
P0041,P0080,1,0,1,0,2,8,1,0,2005-s2
P0041,P0079,1,1,0,0,10,0,1,0,2005-s2
P0024,P0041,1,0,1,0,3,7,1,0,2005-s2
P0079,P0080,1,0,1,0,0,10,1,0,2005-s2
P0024,P0080,2,1,1,0,8,12,2,0,2005-s4
P0057,P0103,1,0,1,0,0,10,1,0,2005-s2
P0057,P0095,1,1,0,0,7,3,1,0,2005-s2
P0057,P0127,1,1,0,0,7,3,1,0,2005-s2
P0057,P0101,1,1,0,0,10,0,1,0,2005-s2
P0040,P0057,1,0,1,0,3,7,1,0,2005-s2
P0037,P0057,1,1,0,0,9,1,1,0,2005-s2
P0095,P0103,1,0,1,0,2,8,1,0,2005-s2
P0103,P0127,1,1,0,0,9,1,1,0,2005-s2
P0101,P0103,1,0,1,0,0,10,1,0,2005-s2
P0040,P0103,1,0,1,0,2,8,1,0,2005-s2
P0037,P0103,1,0,1,0,4,6,1,0,2005-s2
P0095,P0127,1,1,0,0,10,0,1,0,2005-s2
P0095,P0101,1,1,0,0,10,0,1,0,2005-s2
P0040,P0095,1,0,0,1,5,5,1,0,2005-s2
P0037,P0095,1,1,0,0,7,3,1,0,2005-s2
P0101,P0127,1,0,1,0,0,10,1,0,2005-s2
P0040,P0127,1,0,1,0,4,6,1,0,2005-s2
P0037,P0127,1,1,0,0,7,3,1,0,2005-s2
P0037,P0040,1,1,0,0,8,2,1,0,2005-s2
P0063,P0087,1,0,1,0,3,7,1,0,2005-s2
P0004,P0063,2,2,0,0,15,5,2,0,2005-s3
P0063,P0089,1,0,0,1,5,5,1,0,2005-s2
P0063,P0070,1,0,1,0,0,10,1,0,2005-s2
P0004,P0087,1,1,0,0,6,4,1,0,2005-s2
P0087,P0089,1,0,0,1,5,5,1,0,2005-s2
P0087,P0108,1,1,0,0,6,4,1,0,2005-s2
P0070,P0087,1,0,1,0,0,10,1,0,2005-s2
P0004,P0089,1,0,1,0,4,6,1,0,2005-s2
P0004,P0108,1,1,0,0,7,3,1,0,2005-s2
P0004,P0070,1,0,0,1,5,5,1,0,2005-s2
P0004,P0081,1,0,1,0,4,6,1,0,2005-s2
P0089,P0108,1,0,0,1,5,5,1,0,2005-s2
P0070,P0089,1,1,0,0,7,3,1,0,2005-s2
P0081,P0089,1,1,0,0,8,2,1,0,2005-s2
P0070,P0108,1,1,0,0,8,2,1,0,2005-s2
P0081,P0108,1,1,0,0,9,1,1,0,2005-s2
P0070,P0081,1,0,1,0,0,10,1,0,2005-s2
P0005,P0007,1,1,0,0,6,4,1,0,2005-s3
P0005,P0069,1,1,0,0,7,3,1,0,2005-s3
P0005,P0139,1,1,0,0,7,3,1,0,2005-s3
P0005,P0118,1,1,0,0,7,3,1,0,2005-s3
P0005,P0109,1,1,0,0,8,2,1,0,2005-s3
P0007,P0069,1,1,0,0,6,4,1,0,2005-s3
P0007,P0118,1,1,0,0,6,4,1,0,2005-s3
P0007,P0109,1,1,0,0,10,0,1,0,2005-s3
P0007,P0082,1,1,0,0,8,2,1,0,2005-s3
P0069,P0139,1,1,0,0,6,4,1,0,2005-s3
P0069,P0118,1,0,1,0,3,7,1,0,2005-s3
P0069,P0109,1,1,0,0,6,4,1,0,2005-s3
P0118,P0139,1,1,0,0,6,4,1,0,2005-s3
P0109,P0139,1,0,0,1,5,5,1,0,2005-s3
P0082,P0139,1,0,0,1,5,5,1,0,2005-s3
P0109,P0118,1,0,1,0,3,7,1,0,2005-s3
P0082,P0118,1,1,0,0,10,0,1,0,2005-s3
P0027,P0042,1,1,0,0,9,1,1,0,2005-s3
P0027,P0072,1,0,0,1,5,5,1,0,2005-s3
P0022,P0027,1,0,1,0,0,10,1,0,2005-s3
P0027,P0143,1,1,0,0,7,3,1,0,2005-s3
P0042,P0072,1,1,0,0,7,3,1,0,2005-s3
P0022,P0042,1,0,1,0,0,10,1,0,2005-s3
P0042,P0143,1,0,1,0,4,6,1,0,2005-s3
P0042,P0099,1,1,0,0,8,2,1,0,2005-s3
P0041,P0042,1,0,1,0,2,8,1,0,2005-s3
P0022,P0072,1,0,1,0,0,10,1,0,2005-s3
P0072,P0143,1,0,1,0,4,6,1,0,2005-s3
P0072,P0099,1,1,0,0,8,2,1,0,2005-s3
P0041,P0072,1,1,0,0,6,4,1,0,2005-s3
P0099,P0143,1,0,1,0,4,6,1,0,2005-s3
P0053,P0130,1,0,1,0,3,7,1,0,2005-s3
P0045,P0130,1,0,1,0,4,6,1,0,2005-s3
P0105,P0130,1,1,0,0,7,3,1,0,2005-s3
P0097,P0130,1,0,1,0,1,9,1,0,2005-s3
P0123,P0130,1,0,1,0,4,6,1,0,2005-s3
P0124,P0130,1,0,1,0,2,8,1,0,2005-s3
P0045,P0053,1,1,0,0,6,4,1,0,2005-s3
P0053,P0105,1,0,1,0,0,10,1,0,2005-s3
P0053,P0097,1,0,1,0,3,7,1,0,2005-s3
P0053,P0123,1,0,1,0,3,7,1,0,2005-s3
P0053,P0124,1,1,0,0,6,4,1,0,2005-s3
P0045,P0105,1,0,0,1,5,5,1,0,2005-s3
P0045,P0097,1,1,0,0,7,3,1,0,2005-s3
P0045,P0123,1,0,0,1,5,5,1,0,2005-s3
P0045,P0124,1,1,0,0,6,4,1,0,2005-s3
P0097,P0105,1,0,0,1,5,5,1,0,2005-s3
P0105,P0123,1,0,1,0,3,7,1,0,2005-s3
P0105,P0124,1,0,1,0,4,6,1,0,2005-s3
P0097,P0123,1,0,1,0,4,6,1,0,2005-s3
P0097,P0124,1,0,1,0,3,7,1,0,2005-s3
P0073,P0080,1,0,0,1,5,5,1,0,2005-s3
P0061,P0073,1,0,1,0,2,8,1,0,2005-s3
P0016,P0073,1,0,1,0,4,6,1,0,2005-s3
P0047,P0073,1,0,1,0,2,8,1,0,2005-s3
P0011,P0073,1,0,1,0,3,7,1,0,2005-s3
P0073,P0096,1,1,0,0,6,4,1,0,2005-s3
P0061,P0080,1,0,1,0,4,6,1,0,2005-s3
P0047,P0080,1,0,0,1,5,5,1,0,2005-s3
P0011,P0080,1,0,1,0,2,8,1,0,2005-s3
P0080,P0096,1,1,0,0,9,1,1,0,2005-s3
P0047,P0061,1,0,0,1,5,5,1,0,2005-s3
P0011,P0061,1,0,1,0,2,8,1,0,2005-s3
P0061,P0096,1,1,0,0,8,2,1,0,2005-s3
P0016,P0096,1,0,0,1,5,5,1,0,2005-s3
P0047,P0096,1,1,0,0,6,4,1,0,2005-s3
P0011,P0096,1,0,1,0,3,7,1,0,2005-s3
P0031,P0113,1,0,1,0,0,10,1,0,2005-s3
P0002,P0113,1,0,1,0,4,6,1,0,2005-s3
P0113,P0132,1,0,0,1,5,5,1,0,2005-s3
P0089,P0113,1,0,1,0,4,6,1,0,2005-s3
P0039,P0113,1,0,1,0,2,8,1,0,2005-s3
P0002,P0132,1,0,1,0,2,8,1,0,2005-s3
P0002,P0089,1,1,0,0,6,4,1,0,2005-s3
P0002,P0039,1,1,0,0,10,0,1,0,2005-s3
P0089,P0132,1,0,1,0,2,8,1,0,2005-s3
P0064,P0132,1,0,1,0,2,8,1,0,2005-s3
P0039,P0132,1,0,1,0,3,7,1,0,2005-s3
P0039,P0089,1,1,0,0,6,4,1,0,2005-s3
P0004,P0076,1,1,0,0,7,3,1,0,2005-s3
P0024,P0076,1,1,0,0,6,4,1,0,2005-s3
P0068,P0076,1,1,0,0,6,4,1,0,2005-s3
P0063,P0076,1,1,0,0,6,4,1,0,2005-s3
P0004,P0024,1,1,0,0,6,4,1,0,2005-s3
P0004,P0068,1,1,0,0,6,4,1,0,2005-s3
P0004,P0142,1,1,0,0,9,1,1,0,2005-s3
P0024,P0068,1,0,0,1,5,5,1,0,2005-s3
P0024,P0142,1,0,1,0,3,7,1,0,2005-s3
P0024,P0063,1,1,0,0,6,4,1,0,2005-s3
P0068,P0142,1,0,1,0,4,6,1,0,2005-s3
P0063,P0068,1,1,0,0,6,4,1,0,2005-s3
P0025,P0084,1,0,0,1,5,5,1,0,2005-s3
P0001,P0084,1,1,0,0,10,0,1,0,2005-s3
P0009,P0062,1,0,1,0,3,7,1,0,2005-s3
P0009,P0017,1,0,1,0,3,7,1,0,2005-s3
P0001,P0009,1,1,0,0,8,2,1,0,2005-s3
P0017,P0062,1,1,0,0,6,4,1,0,2005-s3
P0025,P0062,1,0,1,0,4,6,1,0,2005-s3
P0030,P0062,1,0,1,0,4,6,1,0,2005-s3
P0001,P0062,1,1,0,0,6,4,1,0,2005-s3
P0017,P0025,1,1,0,0,8,2,1,0,2005-s3
P0017,P0030,1,1,0,0,6,4,1,0,2005-s3
P0001,P0017,1,1,0,0,10,0,1,0,2005-s3
P0001,P0025,1,1,0,0,9,1,1,0,2005-s3
P0123,P0132,1,0,1,0,1,9,1,0,2005-s4
P0051,P0123,1,0,1,0,4,6,1,0,2005-s4
P0123,P0153,1,1,0,0,10,0,1,0,2005-s4
P0123,P0143,1,1,0,0,9,1,1,0,2005-s4
P0009,P0123,1,0,1,0,2,8,1,0,2005-s4
P0086,P0123,1,0,1,0,4,6,1,0,2005-s4
P0051,P0132,1,0,1,0,3,7,1,0,2005-s4
P0132,P0153,1,1,0,0,8,2,1,0,2005-s4
P0132,P0143,1,0,1,0,4,6,1,0,2005-s4
P0009,P0132,1,0,1,0,4,6,1,0,2005-s4
P0086,P0132,1,0,1,0,4,6,1,0,2005-s4
P0051,P0153,1,1,0,0,7,3,1,0,2005-s4
P0051,P0143,1,0,1,0,2,8,1,0,2005-s4
P0009,P0051,1,0,0,1,5,5,1,0,2005-s4
P0051,P0086,1,1,0,0,6,4,1,0,2005-s4
P0143,P0153,1,1,0,0,6,4,1,0,2005-s4
P0009,P0153,1,1,0,0,6,4,1,0,2005-s4
P0086,P0153,1,1,0,0,7,3,1,0,2005-s4
P0009,P0143,1,1,0,0,6,4,1,0,2005-s4
P0086,P0143,1,0,0,1,5,5,1,0,2005-s4
P0009,P0086,1,1,0,0,8,2,1,0,2005-s4
P0032,P0073,1,1,0,0,9,1,1,0,2005-s4
P0073,P0151,1,0,1,0,4,6,1,0,2005-s4
P0073,P0091,1,1,0,0,8,2,1,0,2005-s4
P0072,P0073,1,0,1,0,2,8,1,0,2005-s4
P0073,P0124,1,1,0,0,6,4,1,0,2005-s4
P0073,P0120,1,1,0,0,8,2,1,0,2005-s4
P0032,P0151,1,1,0,0,10,0,1,0,2005-s4
P0032,P0091,1,1,0,0,6,4,1,0,2005-s4
P0032,P0072,1,1,0,0,7,3,1,0,2005-s4
P0032,P0124,1,1,0,0,10,0,1,0,2005-s4
P0032,P0120,1,1,0,0,7,3,1,0,2005-s4
P0091,P0151,1,1,0,0,10,0,1,0,2005-s4
P0072,P0151,1,1,0,0,9,1,1,0,2005-s4
P0124,P0151,1,1,0,0,6,4,1,0,2005-s4
P0072,P0091,1,0,1,0,4,6,1,0,2005-s4
P0091,P0124,1,0,1,0,4,6,1,0,2005-s4
P0091,P0120,1,1,0,0,7,3,1,0,2005-s4
P0072,P0124,1,0,1,0,1,9,1,0,2005-s4
P0072,P0120,1,1,0,0,8,2,1,0,2005-s4
P0120,P0124,1,1,0,0,7,3,1,0,2005-s4
P0027,P0135,1,1,0,0,7,3,1,0,2005-s4
P0027,P0116,1,1,0,0,6,4,1,0,2005-s4
P0027,P0102,1,0,1,0,0,10,1,0,2005-s4
P0027,P0063,1,1,0,0,6,4,1,0,2005-s4
P0027,P0147,1,1,0,0,10,0,1,0,2005-s4
P0116,P0135,1,0,1,0,0,10,1,0,2005-s4
P0102,P0135,1,0,1,0,0,10,1,0,2005-s4
P0063,P0135,1,0,1,0,0,10,1,0,2005-s4
P0135,P0147,1,1,0,0,6,4,1,0,2005-s4
P0099,P0135,1,0,1,0,3,7,1,0,2005-s4
P0102,P0116,1,0,1,0,0,10,1,0,2005-s4
P0063,P0116,1,1,0,0,10,0,1,0,2005-s4
P0099,P0116,1,1,0,0,10,0,1,0,2005-s4
P0063,P0102,1,1,0,0,10,0,1,0,2005-s4
P0102,P0147,1,0,1,0,0,10,1,0,2005-s4
P0063,P0147,1,1,0,0,6,4,1,0,2005-s4
P0063,P0099,1,1,0,0,6,4,1,0,2005-s4
P0099,P0147,1,0,1,0,4,6,1,0,2005-s4
P0062,P0126,1,0,0,1,5,5,1,0,2005-s4
P0062,P0089,1,1,0,0,6,4,1,0,2005-s4
P0033,P0062,1,1,0,0,6,4,1,0,2005-s4
P0062,P0106,1,1,0,0,10,0,1,0,2005-s4
P0054,P0126,1,0,0,1,5,5,1,0,2005-s4
P0054,P0089,1,1,0,0,6,4,1,0,2005-s4
P0033,P0054,1,0,1,0,3,7,1,0,2005-s4
P0054,P0106,1,1,0,0,6,4,1,0,2005-s4
P0077,P0126,1,1,0,0,9,1,1,0,2005-s4
P0089,P0126,1,1,0,0,8,2,1,0,2005-s4
P0033,P0126,1,1,0,0,9,1,1,0,2005-s4
P0106,P0126,1,0,1,0,3,7,1,0,2005-s4
P0077,P0089,1,0,1,0,3,7,1,0,2005-s4
P0033,P0077,1,0,1,0,3,7,1,0,2005-s4
P0077,P0106,1,1,0,0,8,2,1,0,2005-s4
P0033,P0089,1,1,0,0,7,3,1,0,2005-s4
P0089,P0106,1,0,1,0,4,6,1,0,2005-s4
P0033,P0106,1,1,0,0,7,3,1,0,2005-s4
P0114,P0133,1,0,1,0,4,6,1,0,2005-s4
P0133,P0140,1,0,1,0,3,7,1,0,2005-s4
P0133,P0138,1,0,1,0,0,10,1,0,2005-s4
P0088,P0133,1,0,1,0,4,6,1,0,2005-s4
P0119,P0133,1,0,0,1,5,5,1,0,2005-s4
P0075,P0133,1,0,1,0,2,8,1,0,2005-s4
P0114,P0140,1,0,1,0,4,6,1,0,2005-s4
P0114,P0138,1,0,1,0,4,6,1,0,2005-s4
P0088,P0114,1,0,1,0,0,10,1,0,2005-s4
P0114,P0119,1,0,0,1,5,5,1,0,2005-s4
P0075,P0114,1,0,1,0,2,8,1,0,2005-s4
P0138,P0140,1,0,1,0,4,6,1,0,2005-s4
P0088,P0140,1,0,1,0,3,7,1,0,2005-s4
P0119,P0140,1,0,1,0,4,6,1,0,2005-s4
P0075,P0140,1,0,0,1,5,5,1,0,2005-s4
P0088,P0138,1,1,0,0,6,4,1,0,2005-s4
P0119,P0138,1,0,1,0,2,8,1,0,2005-s4
P0075,P0138,1,0,1,0,4,6,1,0,2005-s4
P0088,P0119,1,0,1,0,3,7,1,0,2005-s4
P0075,P0088,1,1,0,0,7,3,1,0,2005-s4
P0075,P0119,1,1,0,0,6,4,1,0,2005-s4
P0005,P0042,1,1,0,0,8,2,1,0,2005-s4
P0005,P0045,1,1,0,0,10,0,1,0,2005-s4
P0005,P0074,1,0,0,1,5,5,1,0,2005-s4
P0002,P0005,1,0,1,0,4,6,1,0,2005-s4
P0005,P0098,1,1,0,0,7,3,1,0,2005-s4
P0005,P0020,1,1,0,0,7,3,1,0,2005-s4
P0042,P0045,1,1,0,0,10,0,1,0,2005-s4
P0042,P0074,1,1,0,0,8,2,1,0,2005-s4
P0002,P0042,1,0,1,0,3,7,1,0,2005-s4
P0042,P0098,1,1,0,0,7,3,1,0,2005-s4
P0020,P0042,1,1,0,0,6,4,1,0,2005-s4
P0045,P0074,1,0,1,0,4,6,1,0,2005-s4
P0002,P0045,1,0,1,0,4,6,1,0,2005-s4
P0045,P0098,1,1,0,0,6,4,1,0,2005-s4
P0002,P0074,1,0,1,0,3,7,1,0,2005-s4
P0074,P0098,1,1,0,0,7,3,1,0,2005-s4
P0020,P0074,1,1,0,0,10,0,1,0,2005-s4
P0002,P0098,1,1,0,0,6,4,1,0,2005-s4
P0002,P0020,1,1,0,0,8,2,1,0,2005-s4
P0020,P0098,1,1,0,0,10,0,1,0,2005-s4
P0094,P0105,1,1,0,0,7,3,1,0,2005-s4
P0104,P0105,1,1,0,0,6,4,1,0,2005-s4
P0076,P0105,1,1,0,0,8,2,1,0,2005-s4
P0064,P0105,1,0,1,0,4,6,1,0,2005-s4
P0105,P0146,1,1,0,0,8,2,1,0,2005-s4
P0105,P0110,1,1,0,0,6,4,1,0,2005-s4
P0076,P0094,2,1,1,0,6,14,2,0,2006-s1
P0064,P0094,1,0,0,1,5,5,1,0,2005-s4
P0094,P0146,1,1,0,0,9,1,1,0,2005-s4
P0094,P0110,1,1,0,0,10,0,1,0,2005-s4
P0076,P0104,1,0,0,1,5,5,1,0,2005-s4
P0064,P0104,1,0,1,0,2,8,1,0,2005-s4
P0104,P0146,1,1,0,0,8,2,1,0,2005-s4
P0104,P0110,1,1,0,0,10,0,1,0,2005-s4
P0064,P0076,1,0,1,0,3,7,1,0,2005-s4
P0076,P0146,2,2,0,0,13,7,2,0,2006-s2
P0076,P0110,1,1,0,0,6,4,1,0,2005-s4
P0064,P0146,1,0,1,0,4,6,1,0,2005-s4
P0064,P0110,1,1,0,0,7,3,1,0,2005-s4
P0110,P0146,1,1,0,0,6,4,1,0,2005-s4
P0024,P0050,1,0,1,0,4,6,1,0,2005-s4
P0050,P0111,1,0,0,1,5,5,1,0,2005-s4
P0011,P0050,1,0,1,0,1,9,1,0,2005-s4
P0017,P0080,1,0,1,0,1,9,1,0,2005-s4
P0080,P0111,1,1,0,0,6,4,1,0,2005-s4
P0021,P0024,1,0,1,0,2,8,1,0,2005-s4
P0017,P0021,1,1,0,0,7,3,1,0,2005-s4
P0021,P0111,1,0,0,1,5,5,1,0,2005-s4
P0011,P0021,1,0,1,0,3,7,1,0,2005-s4
P0017,P0024,1,1,0,0,8,2,1,0,2005-s4
P0024,P0111,1,0,1,0,3,7,1,0,2005-s4
P0011,P0024,1,0,1,0,4,6,1,0,2005-s4
P0017,P0111,1,1,0,0,7,3,1,0,2005-s4
P0011,P0017,1,0,1,0,3,7,1,0,2005-s4
P0011,P0111,1,0,1,0,3,7,1,0,2005-s4
P0034,P0035,1,1,0,0,9,1,1,0,2005-s4
P0026,P0034,1,1,0,0,7,3,1,0,2005-s4
P0034,P0093,1,1,0,0,8,2,1,0,2005-s4
P0034,P0129,1,0,0,1,5,5,1,0,2005-s4
P0034,P0071,1,1,0,0,7,3,1,0,2005-s4
P0034,P0152,1,1,0,0,8,2,1,0,2005-s4
P0026,P0035,1,0,1,0,4,6,1,0,2005-s4
P0035,P0093,1,1,0,0,7,3,1,0,2005-s4
P0035,P0129,1,1,0,0,10,0,1,0,2005-s4
P0035,P0071,1,0,1,0,3,7,1,0,2005-s4
P0035,P0152,1,0,0,1,5,5,1,0,2005-s4
P0026,P0093,1,0,0,1,5,5,1,0,2005-s4
P0026,P0129,1,1,0,0,10,0,1,0,2005-s4
P0026,P0071,1,1,0,0,7,3,1,0,2005-s4
P0026,P0152,1,1,0,0,10,0,1,0,2005-s4
P0093,P0129,1,0,1,0,2,8,1,0,2005-s4
P0071,P0093,1,1,0,0,8,2,1,0,2005-s4
P0093,P0152,1,0,1,0,2,8,1,0,2005-s4
P0071,P0129,1,1,0,0,10,0,1,0,2005-s4
P0071,P0152,1,1,0,0,7,3,1,0,2005-s4
P0048,P0066,1,1,0,0,7,3,1,0,2005-s4
P0048,P0149,1,1,0,0,6,4,1,0,2005-s4
P0010,P0048,1,1,0,0,7,3,1,0,2005-s4
P0048,P0117,1,1,0,0,10,0,1,0,2005-s4
P0048,P0090,1,1,0,0,7,3,1,0,2005-s4
P0013,P0066,1,1,0,0,7,3,1,0,2005-s4
P0013,P0149,1,0,0,1,5,5,1,0,2005-s4
P0010,P0013,1,1,0,0,7,3,1,0,2005-s4
P0013,P0117,1,1,0,0,10,0,1,0,2005-s4
P0066,P0149,1,0,1,0,0,10,1,0,2005-s4
P0010,P0066,1,1,0,0,10,0,1,0,2005-s4
P0066,P0117,1,0,1,0,2,8,1,0,2005-s4
P0066,P0090,1,0,1,0,4,6,1,0,2005-s4
P0010,P0149,1,1,0,0,7,3,1,0,2005-s4
P0117,P0149,1,1,0,0,8,2,1,0,2005-s4
P0090,P0149,1,1,0,0,8,2,1,0,2005-s4
P0010,P0117,1,1,0,0,7,3,1,0,2005-s4
P0010,P0090,1,1,0,0,6,4,1,0,2005-s4
P0090,P0117,1,1,0,0,10,0,1,0,2005-s4
P0029,P0065,1,1,0,0,8,2,1,0,2005-s4
P0065,P0085,1,1,0,0,7,3,1,0,2005-s4
P0060,P0065,1,1,0,0,7,3,1,0,2005-s4
P0043,P0065,1,0,1,0,4,6,1,0,2005-s4
P0056,P0065,1,0,1,0,0,10,1,0,2005-s4
P0065,P0112,1,0,0,1,5,5,1,0,2005-s4
P0029,P0085,1,1,0,0,8,2,1,0,2005-s4
P0029,P0060,1,0,1,0,4,6,1,0,2005-s4
P0029,P0043,1,1,0,0,10,0,1,0,2005-s4
P0029,P0056,1,1,0,0,7,3,1,0,2005-s4
P0029,P0112,1,1,0,0,7,3,1,0,2005-s4
P0060,P0085,1,1,0,0,6,4,1,0,2005-s4
P0043,P0085,1,0,1,0,2,8,1,0,2005-s4
P0056,P0085,1,1,0,0,6,4,1,0,2005-s4
P0085,P0112,1,0,0,1,5,5,1,0,2005-s4
P0043,P0060,1,0,1,0,2,8,1,0,2005-s4
P0056,P0060,1,0,1,0,2,8,1,0,2005-s4
P0043,P0056,1,0,1,0,4,6,1,0,2005-s4
P0043,P0112,1,0,1,0,3,7,1,0,2005-s4
P0056,P0112,1,0,1,0,0,10,1,0,2005-s4
P0111,P0258,1,0,1,0,1,9,1,0,2006-s1
P0258,P0332,1,1,0,0,6,4,1,0,2006-s1
P0146,P0258,1,0,1,0,2,8,1,0,2006-s1
P0258,P0635,1,1,0,0,10,0,1,0,2006-s1
P0007,P0258,1,0,1,0,3,7,1,0,2006-s1
P0258,P0410,1,1,0,0,6,4,1,0,2006-s1
P0111,P0332,1,0,0,1,5,5,1,0,2006-s1
P0111,P0146,1,1,0,0,8,2,1,0,2006-s1
P0111,P0635,1,0,1,0,3,7,1,0,2006-s1
P0007,P0111,1,0,1,0,4,6,1,0,2006-s1
P0111,P0410,1,0,1,0,0,10,1,0,2006-s1
P0146,P0332,1,0,1,0,2,8,1,0,2006-s1
P0332,P0635,1,1,0,0,7,3,1,0,2006-s1
P0332,P0410,1,1,0,0,6,4,1,0,2006-s1
P0146,P0635,1,0,1,0,3,7,1,0,2006-s1
P0146,P0410,1,0,1,0,2,8,1,0,2006-s1
P0007,P0635,1,0,0,1,5,5,1,0,2006-s1
P0410,P0635,1,1,0,0,9,1,1,0,2006-s1
P0007,P0410,1,0,1,0,4,6,1,0,2006-s1
P0478,P0503,1,1,0,0,8,2,1,0,2006-s1
P0029,P0478,2,0,2,0,5,15,2,0,2008-s3
P0478,P0636,1,1,0,0,9,1,1,0,2006-s1
P0089,P0478,1,0,1,0,0,10,1,0,2006-s1
P0478,P0619,1,1,0,0,10,0,1,0,2006-s1
P0444,P0478,1,1,0,0,6,4,1,0,2006-s1
P0029,P0503,1,0,0,1,5,5,1,0,2006-s1
P0503,P0636,1,1,0,0,10,0,1,0,2006-s1
P0089,P0503,1,0,1,0,0,10,1,0,2006-s1
P0503,P0619,1,0,1,0,0,10,1,0,2006-s1
P0444,P0503,1,0,1,0,4,6,1,0,2006-s1
P0029,P0636,1,1,0,0,10,0,1,0,2006-s1
P0029,P0089,1,1,0,0,10,0,1,0,2006-s1
P0029,P0619,1,0,1,0,0,10,1,0,2006-s1
P0029,P0444,1,1,0,0,8,2,1,0,2006-s1
P0619,P0636,1,1,0,0,10,0,1,0,2006-s1
P0444,P0636,1,1,0,0,10,0,1,0,2006-s1
P0444,P0619,1,0,0,1,5,5,1,0,2006-s1
P0490,P0584,1,1,0,0,8,2,1,0,2006-s1
P0091,P0490,1,0,1,0,4,6,1,0,2006-s1
P0196,P0490,1,0,1,0,3,7,1,0,2006-s1
P0386,P0490,1,0,1,0,4,6,1,0,2006-s1
P0164,P0490,1,0,1,0,2,8,1,0,2006-s1
P0091,P0584,1,1,0,0,7,3,1,0,2006-s1
P0045,P0584,1,0,1,0,4,6,1,0,2006-s1
P0196,P0584,1,1,0,0,7,3,1,0,2006-s1
P0386,P0584,1,0,0,1,5,5,1,0,2006-s1
P0164,P0584,1,1,0,0,8,2,1,0,2006-s1
P0045,P0091,1,1,0,0,7,3,1,0,2006-s1
P0091,P0196,1,0,1,0,3,7,1,0,2006-s1
P0091,P0386,1,0,1,0,3,7,1,0,2006-s1
P0091,P0164,1,0,1,0,1,9,1,0,2006-s1
P0045,P0196,1,0,0,1,5,5,1,0,2006-s1
P0045,P0386,1,1,0,0,6,4,1,0,2006-s1
P0045,P0164,1,0,1,0,4,6,1,0,2006-s1
P0196,P0386,1,0,1,0,4,6,1,0,2006-s1
P0164,P0196,1,0,1,0,4,6,1,0,2006-s1
P0164,P0386,1,0,1,0,0,10,1,0,2006-s1
P0257,P0547,1,1,0,0,8,2,1,0,2006-s1
P0024,P0547,1,1,0,0,7,3,1,0,2006-s1
P0547,P0566,1,1,0,0,10,0,1,0,2006-s1
P0334,P0547,1,1,0,0,8,2,1,0,2006-s1
P0051,P0547,1,0,1,0,4,6,1,0,2006-s1
P0337,P0547,1,0,0,1,5,5,1,0,2006-s1
P0024,P0257,1,0,1,0,2,8,1,0,2006-s1
P0257,P0566,1,1,0,0,10,0,1,0,2006-s1
P0257,P0334,1,1,0,0,8,2,1,0,2006-s1
P0051,P0257,1,0,1,0,1,9,1,0,2006-s1
P0257,P0337,1,1,0,0,8,2,1,0,2006-s1
P0024,P0566,1,1,0,0,10,0,1,0,2006-s1
P0024,P0334,1,0,1,0,3,7,1,0,2006-s1
P0024,P0051,1,0,1,0,3,7,1,0,2006-s1
P0024,P0337,1,1,0,0,8,2,1,0,2006-s1
P0334,P0566,1,1,0,0,10,0,1,0,2006-s1
P0051,P0566,1,1,0,0,10,0,1,0,2006-s1
P0337,P0566,1,1,0,0,10,0,1,0,2006-s1
P0051,P0334,2,0,1,1,8,12,2,0,2006-s2
P0334,P0337,1,1,0,0,7,3,1,0,2006-s1
P0051,P0337,1,0,0,1,5,5,1,0,2006-s1
P0033,P0297,1,0,1,0,4,6,1,0,2006-s1
P0297,P0381,1,0,0,1,5,5,1,0,2006-s1
P0002,P0297,1,0,1,0,2,8,1,0,2006-s1
P0297,P0426,1,1,0,0,10,0,1,0,2006-s1
P0297,P0379,1,1,0,0,6,4,1,0,2006-s1
P0297,P0351,1,1,0,0,7,3,1,0,2006-s1
P0033,P0381,1,1,0,0,8,2,1,0,2006-s1
P0002,P0033,1,0,1,0,2,8,1,0,2006-s1
P0033,P0426,1,1,0,0,6,4,1,0,2006-s1
P0033,P0379,1,1,0,0,6,4,1,0,2006-s1
P0033,P0351,1,1,0,0,7,3,1,0,2006-s1
P0002,P0381,1,0,1,0,3,7,1,0,2006-s1
P0381,P0426,1,1,0,0,10,0,1,0,2006-s1
P0379,P0381,1,0,0,1,5,5,1,0,2006-s1
P0351,P0381,1,0,1,0,3,7,1,0,2006-s1
P0002,P0426,1,1,0,0,9,1,1,0,2006-s1
P0002,P0379,1,0,1,0,4,6,1,0,2006-s1
P0002,P0351,1,0,0,1,5,5,1,0,2006-s1
P0379,P0426,1,1,0,0,6,4,1,0,2006-s1
P0351,P0379,1,0,1,0,1,9,1,0,2006-s1
P0077,P0349,1,0,1,0,2,8,1,0,2006-s1
P0017,P0077,1,0,1,0,4,6,1,0,2006-s1
P0077,P0238,1,0,0,1,5,5,1,0,2006-s1
P0077,P0419,1,1,0,0,10,0,1,0,2006-s1
P0077,P0440,1,1,0,0,9,1,1,0,2006-s1
P0017,P0349,1,1,0,0,6,4,1,0,2006-s1
P0238,P0349,1,0,1,0,1,9,1,0,2006-s1
P0349,P0613,1,1,0,0,10,0,1,0,2006-s1
P0349,P0419,1,1,0,0,10,0,1,0,2006-s1
P0349,P0440,1,1,0,0,6,4,1,0,2006-s1
P0017,P0238,1,1,0,0,7,3,1,0,2006-s1
P0017,P0613,1,1,0,0,7,3,1,0,2006-s1
P0017,P0419,1,1,0,0,10,0,1,0,2006-s1
P0017,P0440,1,0,1,0,4,6,1,0,2006-s1
P0238,P0613,1,1,0,0,6,4,1,0,2006-s1
P0238,P0419,1,1,0,0,10,0,1,0,2006-s1
P0238,P0440,1,1,0,0,9,1,1,0,2006-s1
P0419,P0613,1,0,1,0,0,10,1,0,2006-s1
P0440,P0613,1,1,0,0,7,3,1,0,2006-s1
P0073,P0569,1,1,0,0,7,3,1,0,2006-s1
P0073,P0360,1,1,0,0,7,3,1,0,2006-s1
P0060,P0073,1,0,1,0,4,6,1,0,2006-s1
P0073,P0126,1,1,0,0,7,3,1,0,2006-s1
P0073,P0243,1,1,0,0,8,2,1,0,2006-s1
P0073,P0286,1,1,0,0,8,2,1,0,2006-s1
P0360,P0569,1,1,0,0,6,4,1,0,2006-s1
P0060,P0569,1,0,1,0,4,6,1,0,2006-s1
P0126,P0569,1,0,1,0,0,10,1,0,2006-s1
P0243,P0569,2,1,0,1,11,9,2,0,2006-s2
P0286,P0569,1,0,1,0,3,7,1,0,2006-s1
P0060,P0360,1,1,0,0,7,3,1,0,2006-s1
P0126,P0360,1,1,0,0,7,3,1,0,2006-s1
P0243,P0360,1,1,0,0,8,2,1,0,2006-s1
P0286,P0360,1,1,0,0,6,4,1,0,2006-s1
P0060,P0126,2,2,0,0,14,6,2,0,2006-s7
P0060,P0243,1,0,0,1,5,5,1,0,2006-s1
P0060,P0286,1,1,0,0,8,2,1,0,2006-s1
P0126,P0243,1,0,1,0,2,8,1,0,2006-s1
P0126,P0286,1,1,0,0,7,3,1,0,2006-s1
P0243,P0286,1,1,0,0,7,3,1,0,2006-s1
P0168,P0362,1,0,1,0,0,10,1,0,2006-s1
P0063,P0362,1,0,1,0,0,10,1,0,2006-s1
P0053,P0362,1,0,1,0,4,6,1,0,2006-s1
P0325,P0362,1,0,1,0,3,7,1,0,2006-s1
P0236,P0362,1,0,0,1,5,5,1,0,2006-s1
P0063,P0476,1,0,1,0,0,10,1,0,2006-s1
P0053,P0063,1,1,0,0,8,2,1,0,2006-s1
P0063,P0325,1,1,0,0,10,0,1,0,2006-s1
P0063,P0236,1,1,0,0,10,0,1,0,2006-s1
P0053,P0476,1,1,0,0,6,4,1,0,2006-s1
P0325,P0476,1,1,0,0,7,3,1,0,2006-s1
P0236,P0476,1,0,0,1,5,5,1,0,2006-s1
P0053,P0325,1,0,0,1,5,5,1,0,2006-s1
P0053,P0236,1,1,0,0,9,1,1,0,2006-s1
P0236,P0325,1,0,1,0,1,9,1,0,2006-s1
P0140,P0330,1,1,0,0,6,4,1,0,2006-s1
P0026,P0140,1,0,1,0,4,6,1,0,2006-s1
P0140,P0562,1,1,0,0,7,3,1,0,2006-s1
P0047,P0140,1,0,1,0,2,8,1,0,2006-s1
P0140,P0316,1,1,0,0,8,2,1,0,2006-s1
P0026,P0330,1,0,1,0,4,6,1,0,2006-s1
P0330,P0562,1,1,0,0,7,3,1,0,2006-s1
P0009,P0330,1,0,1,0,4,6,1,0,2006-s1
P0047,P0330,1,0,1,0,2,8,1,0,2006-s1
P0316,P0330,1,1,0,0,8,2,1,0,2006-s1
P0026,P0562,1,0,1,0,4,6,1,0,2006-s1
P0009,P0026,1,0,1,0,0,10,1,0,2006-s1
P0026,P0047,1,1,0,0,7,3,1,0,2006-s1
P0026,P0316,1,0,1,0,3,7,1,0,2006-s1
P0009,P0562,1,0,1,0,3,7,1,0,2006-s1
P0047,P0562,1,0,1,0,3,7,1,0,2006-s1
P0316,P0562,1,0,1,0,4,6,1,0,2006-s1
P0009,P0316,1,0,1,0,2,8,1,0,2006-s1
P0047,P0316,1,0,0,1,5,5,1,0,2006-s1
P0062,P0094,1,0,1,0,0,10,1,0,2006-s1
P0094,P0545,1,0,1,0,2,8,1,0,2006-s1
P0094,P0598,1,1,0,0,10,0,1,0,2006-s1
P0075,P0094,1,0,1,0,4,6,1,0,2006-s1
P0042,P0062,1,1,0,0,9,1,1,0,2006-s1
P0042,P0545,1,0,1,0,3,7,1,0,2006-s1
P0042,P0598,1,1,0,0,10,0,1,0,2006-s1
P0042,P0075,1,1,0,0,7,3,1,0,2006-s1
P0062,P0076,1,1,0,0,8,2,1,0,2006-s1
P0062,P0545,1,1,0,0,6,4,1,0,2006-s1
P0062,P0598,1,1,0,0,9,1,1,0,2006-s1
P0062,P0075,1,1,0,0,6,4,1,0,2006-s1
P0076,P0545,1,0,1,0,0,10,1,0,2006-s1
P0075,P0076,1,0,0,1,5,5,1,0,2006-s1
P0545,P0598,1,1,0,0,7,3,1,0,2006-s1
P0075,P0545,1,0,0,1,5,5,1,0,2006-s1
P0075,P0598,1,1,0,0,9,1,1,0,2006-s1
P0502,P0610,1,1,0,0,6,4,1,0,2006-s1
P0057,P0610,1,1,0,0,6,4,1,0,2006-s1
P0352,P0610,1,1,0,0,6,4,1,0,2006-s1
P0185,P0610,1,0,0,1,5,5,1,0,2006-s1
P0200,P0610,1,0,1,0,2,8,1,0,2006-s1
P0057,P0502,1,0,1,0,2,8,1,0,2006-s1
P0468,P0502,1,1,0,0,6,4,1,0,2006-s1
P0352,P0502,1,0,0,1,5,5,1,0,2006-s1
P0185,P0502,1,1,0,0,6,4,1,0,2006-s1
P0200,P0502,1,0,1,0,4,6,1,0,2006-s1
P0057,P0468,1,0,0,1,5,5,1,0,2006-s1
P0057,P0352,1,1,0,0,6,4,1,0,2006-s1
P0057,P0185,1,0,1,0,4,6,1,0,2006-s1
P0057,P0200,1,1,0,0,7,3,1,0,2006-s1
P0352,P0468,1,1,0,0,6,4,1,0,2006-s1
P0185,P0468,1,0,1,0,4,6,1,0,2006-s1
P0200,P0468,1,1,0,0,7,3,1,0,2006-s1
P0185,P0352,1,1,0,0,9,1,1,0,2006-s1
P0200,P0352,1,0,1,0,3,7,1,0,2006-s1
P0185,P0200,1,0,1,0,3,7,1,0,2006-s1
P0171,P0260,1,1,0,0,6,4,1,0,2006-s1
P0260,P0450,1,0,1,0,4,6,1,0,2006-s1
P0259,P0260,1,1,0,0,7,3,1,0,2006-s1
P0260,P0374,1,0,1,0,3,7,1,0,2006-s1
P0171,P0231,1,1,0,0,7,3,1,0,2006-s1
P0171,P0486,1,1,0,0,9,1,1,0,2006-s1
P0259,P0450,1,0,1,0,2,8,1,0,2006-s1
P0231,P0450,1,1,0,0,6,4,1,0,2006-s1
P0374,P0450,1,1,0,0,10,0,1,0,2006-s1
P0450,P0486,1,0,1,0,0,10,1,0,2006-s1
P0231,P0259,1,1,0,0,10,0,1,0,2006-s1
P0259,P0374,1,0,1,0,3,7,1,0,2006-s1
P0259,P0486,1,1,0,0,8,2,1,0,2006-s1
P0231,P0374,1,1,0,0,9,1,1,0,2006-s1
P0231,P0486,1,1,0,0,9,1,1,0,2006-s1
P0374,P0486,1,1,0,0,10,0,1,0,2006-s1
P0086,P0341,1,0,1,0,2,8,1,0,2006-s1
P0088,P0341,1,0,1,0,2,8,1,0,2006-s1
P0341,P0398,1,0,1,0,2,8,1,0,2006-s1
P0341,P0429,1,0,0,1,5,5,1,0,2006-s1
P0287,P0341,1,0,1,0,3,7,1,0,2006-s1
P0341,P0564,1,1,0,0,8,2,1,0,2006-s1
P0086,P0088,1,0,1,0,4,6,1,0,2006-s1
P0086,P0398,1,0,1,0,3,7,1,0,2006-s1
P0086,P0429,1,0,1,0,1,9,1,0,2006-s1
P0086,P0287,1,0,1,0,4,6,1,0,2006-s1
P0086,P0564,1,1,0,0,8,2,1,0,2006-s1
P0088,P0398,1,1,0,0,7,3,1,0,2006-s1
P0088,P0429,1,0,1,0,4,6,1,0,2006-s1
P0088,P0564,1,1,0,0,8,2,1,0,2006-s1
P0287,P0398,1,0,1,0,3,7,1,0,2006-s1
P0398,P0564,1,1,0,0,9,1,1,0,2006-s1
P0287,P0429,1,1,0,0,6,4,1,0,2006-s1
P0287,P0564,1,0,0,1,5,5,1,0,2006-s1
P0387,P0649,1,1,0,0,7,3,1,0,2006-s1
P0443,P0649,1,0,0,1,5,5,1,0,2006-s1
P0308,P0649,1,0,0,1,5,5,1,0,2006-s1
P0425,P0649,1,1,0,0,8,2,1,0,2006-s1
P0514,P0649,1,1,0,0,6,4,1,0,2006-s1
P0160,P0649,1,1,0,0,6,4,1,0,2006-s1
P0387,P0443,1,0,1,0,0,10,1,0,2006-s1
P0308,P0387,1,0,1,0,0,10,1,0,2006-s1
P0387,P0425,1,0,1,0,3,7,1,0,2006-s1
P0387,P0514,1,1,0,0,6,4,1,0,2006-s1
P0160,P0387,1,1,0,0,7,3,1,0,2006-s1
P0308,P0443,1,1,0,0,6,4,1,0,2006-s1
P0425,P0443,1,1,0,0,7,3,1,0,2006-s1
P0443,P0514,1,0,0,1,5,5,1,0,2006-s1
P0160,P0443,2,1,1,0,11,9,2,0,2006-s2
P0308,P0425,1,0,1,0,0,10,1,0,2006-s1
P0308,P0514,1,0,1,0,2,8,1,0,2006-s1
P0160,P0308,1,1,0,0,10,0,1,0,2006-s1
P0425,P0514,1,0,1,0,2,8,1,0,2006-s1
P0160,P0425,1,0,1,0,3,7,1,0,2006-s1
P0160,P0514,1,1,0,0,6,4,1,0,2006-s1
P0158,P0570,1,1,0,0,6,4,1,0,2006-s2
P0158,P0488,1,0,0,1,5,5,1,0,2006-s2
P0091,P0158,1,1,0,0,10,0,1,0,2006-s2
P0158,P0500,1,0,0,1,5,5,1,0,2006-s2
P0158,P0300,1,1,0,0,6,4,1,0,2006-s2
P0158,P0491,1,1,0,0,6,4,1,0,2006-s2
P0488,P0570,1,0,1,0,0,10,1,0,2006-s2
P0091,P0570,1,0,0,1,5,5,1,0,2006-s2
P0500,P0570,1,1,0,0,7,3,1,0,2006-s2
P0300,P0570,1,0,1,0,4,6,1,0,2006-s2
P0491,P0570,1,0,0,1,5,5,1,0,2006-s2
P0091,P0488,1,0,1,0,4,6,1,0,2006-s2
P0488,P0500,1,0,0,1,5,5,1,0,2006-s2
P0300,P0488,1,0,1,0,4,6,1,0,2006-s2
P0488,P0491,1,1,0,0,6,4,1,0,2006-s2
P0091,P0500,1,0,1,0,3,7,1,0,2006-s2
P0091,P0300,1,0,1,0,3,7,1,0,2006-s2
P0091,P0491,1,0,1,0,2,8,1,0,2006-s2
P0300,P0500,1,1,0,0,6,4,1,0,2006-s2
P0491,P0500,1,0,1,0,3,7,1,0,2006-s2
P0300,P0491,1,1,0,0,6,4,1,0,2006-s2
P0274,P0478,1,0,1,0,4,6,1,0,2006-s2
P0397,P0478,1,0,1,0,3,7,1,0,2006-s2
P0165,P0478,1,0,1,0,4,6,1,0,2006-s2
P0024,P0478,1,1,0,0,6,4,1,0,2006-s2
P0476,P0478,1,0,1,0,2,8,1,0,2006-s2
P0478,P0602,1,1,0,0,8,2,1,0,2006-s2
P0274,P0397,1,1,0,0,7,3,1,0,2006-s2
P0165,P0274,1,0,1,0,3,7,1,0,2006-s2
P0024,P0274,1,0,1,0,1,9,1,0,2006-s2
P0274,P0476,1,0,0,1,5,5,1,0,2006-s2
P0274,P0602,1,1,0,0,7,3,1,0,2006-s2
P0165,P0397,1,1,0,0,10,0,1,0,2006-s2
P0024,P0397,1,1,0,0,6,4,1,0,2006-s2
P0397,P0476,1,0,1,0,2,8,1,0,2006-s2
P0024,P0165,1,0,1,0,4,6,1,0,2006-s2
P0165,P0476,1,0,0,1,5,5,1,0,2006-s2
P0165,P0602,1,1,0,0,6,4,1,0,2006-s2
P0024,P0476,1,1,0,0,7,3,1,0,2006-s2
P0024,P0602,1,1,0,0,7,3,1,0,2006-s2
P0476,P0602,1,1,0,0,7,3,1,0,2006-s2
P0051,P0226,1,0,1,0,4,6,1,0,2006-s2
P0226,P0434,1,1,0,0,6,4,1,0,2006-s2
P0226,P0620,1,1,0,0,10,0,1,0,2006-s2
P0226,P0331,1,1,0,0,6,4,1,0,2006-s2
P0226,P0334,1,0,0,1,5,5,1,0,2006-s2
P0051,P0349,1,1,0,0,6,4,1,0,2006-s2
P0349,P0434,1,0,1,0,3,7,1,0,2006-s2
P0349,P0620,1,1,0,0,10,0,1,0,2006-s2
P0331,P0349,1,0,1,0,4,6,1,0,2006-s2
P0334,P0349,1,0,1,0,4,6,1,0,2006-s2
P0051,P0434,1,1,0,0,7,3,1,0,2006-s2
P0051,P0620,1,1,0,0,10,0,1,0,2006-s2
P0051,P0331,1,0,1,0,3,7,1,0,2006-s2
P0434,P0620,1,1,0,0,10,0,1,0,2006-s2
P0331,P0434,1,1,0,0,7,3,1,0,2006-s2
P0334,P0434,1,1,0,0,9,1,1,0,2006-s2
P0331,P0620,1,1,0,0,10,0,1,0,2006-s2
P0334,P0620,1,1,0,0,10,0,1,0,2006-s2
P0331,P0334,1,1,0,0,7,3,1,0,2006-s2
P0258,P0603,1,0,1,0,4,6,1,0,2006-s2
P0258,P0455,1,1,0,0,8,2,1,0,2006-s2
P0061,P0258,1,0,1,0,2,8,1,0,2006-s2
P0258,P0571,1,0,0,1,5,5,1,0,2006-s2
P0013,P0258,1,0,1,0,1,9,1,0,2006-s2
P0053,P0258,1,1,0,0,7,3,1,0,2006-s2
P0455,P0603,1,0,1,0,1,9,1,0,2006-s2
P0061,P0603,1,0,1,0,4,6,1,0,2006-s2
P0571,P0603,1,1,0,0,7,3,1,0,2006-s2
P0013,P0603,1,0,1,0,2,8,1,0,2006-s2
P0053,P0603,1,0,1,0,1,9,1,0,2006-s2
P0061,P0455,1,0,1,0,1,9,1,0,2006-s2
P0455,P0571,1,1,0,0,6,4,1,0,2006-s2
P0013,P0455,1,0,1,0,2,8,1,0,2006-s2
P0053,P0455,1,1,0,0,7,3,1,0,2006-s2
P0053,P0061,1,0,1,0,4,6,1,0,2006-s2
P0013,P0571,1,0,1,0,3,7,1,0,2006-s2
P0053,P0571,1,1,0,0,8,2,1,0,2006-s2
P0013,P0053,1,0,1,0,0,10,1,0,2006-s2
P0261,P0297,1,0,0,1,5,5,1,0,2006-s2
P0297,P0399,1,1,0,0,9,1,1,0,2006-s2
P0297,P0568,1,1,0,0,8,2,1,0,2006-s2
P0243,P0297,1,0,0,1,5,5,1,0,2006-s2
P0297,P0569,1,1,0,0,6,4,1,0,2006-s2
P0063,P0297,1,0,1,0,3,7,1,0,2006-s2
P0261,P0399,1,1,0,0,8,2,1,0,2006-s2
P0261,P0568,1,1,0,0,6,4,1,0,2006-s2
P0243,P0261,1,0,0,1,5,5,1,0,2006-s2
P0261,P0569,1,1,0,0,6,4,1,0,2006-s2
P0063,P0261,1,0,1,0,1,9,1,0,2006-s2
P0399,P0568,1,0,1,0,3,7,1,0,2006-s2
P0243,P0399,1,1,0,0,6,4,1,0,2006-s2
P0063,P0399,1,0,1,0,4,6,1,0,2006-s2
P0243,P0568,1,0,0,1,5,5,1,0,2006-s2
P0063,P0568,1,0,1,0,3,7,1,0,2006-s2
P0063,P0243,1,0,1,0,4,6,1,0,2006-s2
P0337,P0382,1,0,1,0,3,7,1,0,2006-s2
P0076,P0382,1,0,0,1,5,5,1,0,2006-s2
P0224,P0382,1,1,0,0,6,4,1,0,2006-s2
P0077,P0337,1,1,0,0,8,2,1,0,2006-s2
P0077,P0317,1,0,0,1,5,5,1,0,2006-s2
P0076,P0077,1,0,1,0,3,7,1,0,2006-s2
P0077,P0224,1,0,1,0,1,9,1,0,2006-s2
P0077,P0146,1,1,0,0,7,3,1,0,2006-s2
P0317,P0337,1,1,0,0,7,3,1,0,2006-s2
P0076,P0337,1,1,0,0,9,1,1,0,2006-s2
P0224,P0337,1,1,0,0,9,1,1,0,2006-s2
P0146,P0337,1,1,0,0,8,2,1,0,2006-s2
P0076,P0317,1,1,0,0,7,3,1,0,2006-s2
P0224,P0317,1,0,1,0,3,7,1,0,2006-s2
P0146,P0317,1,0,1,0,4,6,1,0,2006-s2
P0076,P0224,1,1,0,0,10,0,1,0,2006-s2
P0146,P0224,1,0,1,0,3,7,1,0,2006-s2
P0271,P0545,1,1,0,0,6,4,1,0,2006-s2
P0055,P0271,1,0,1,0,4,6,1,0,2006-s2
P0255,P0271,1,0,0,1,5,5,1,0,2006-s2
P0271,P0622,1,0,0,1,5,5,1,0,2006-s2
P0271,P0388,1,0,1,0,4,6,1,0,2006-s2
P0271,P0445,1,0,0,1,5,5,1,0,2006-s2
P0255,P0545,1,0,0,1,5,5,1,0,2006-s2
P0388,P0545,1,0,1,0,3,7,1,0,2006-s2
P0445,P0545,1,0,1,0,3,7,1,0,2006-s2
P0055,P0255,1,0,1,0,3,7,1,0,2006-s2
P0055,P0622,1,0,0,1,5,5,1,0,2006-s2
P0055,P0388,1,0,1,0,4,6,1,0,2006-s2
P0255,P0622,1,1,0,0,6,4,1,0,2006-s2
P0255,P0388,1,1,0,0,7,3,1,0,2006-s2
P0255,P0445,1,1,0,0,7,3,1,0,2006-s2
P0388,P0622,1,1,0,0,6,4,1,0,2006-s2
P0445,P0622,1,0,0,1,5,5,1,0,2006-s2
P0388,P0445,1,1,0,0,6,4,1,0,2006-s2
P0411,P0535,1,1,0,0,7,3,1,0,2006-s2
P0535,P0575,1,1,0,0,10,0,1,0,2006-s2
P0012,P0535,1,0,1,0,4,6,1,0,2006-s2
P0033,P0535,1,0,0,1,5,5,1,0,2006-s2
P0440,P0535,1,0,1,0,2,8,1,0,2006-s2
P0166,P0535,1,0,1,0,4,6,1,0,2006-s2
P0012,P0411,1,1,0,0,7,3,1,0,2006-s2
P0033,P0411,1,1,0,0,7,3,1,0,2006-s2
P0411,P0440,1,1,0,0,6,4,1,0,2006-s2
P0166,P0411,1,0,1,0,4,6,1,0,2006-s2
P0012,P0575,1,0,1,0,4,6,1,0,2006-s2
P0033,P0575,1,1,0,0,9,1,1,0,2006-s2
P0166,P0575,1,1,0,0,6,4,1,0,2006-s2
P0012,P0033,1,0,1,0,3,7,1,0,2006-s2
P0012,P0166,1,0,0,1,5,5,1,0,2006-s2
P0033,P0440,1,1,0,0,9,1,1,0,2006-s2
P0033,P0166,1,1,0,0,9,1,1,0,2006-s2
P0166,P0440,1,0,1,0,4,6,1,0,2006-s2
P0140,P0487,1,0,0,1,5,5,1,0,2006-s2
P0140,P0172,2,1,1,0,8,12,2,0,2007-s1
P0126,P0140,2,0,1,1,9,11,2,0,2006-s7
P0140,P0504,1,1,0,0,10,0,1,0,2006-s2
P0029,P0140,4,2,2,0,18,22,4,0,2008-s4
P0140,P0252,1,0,0,1,5,5,1,0,2006-s2
P0172,P0487,1,0,0,1,5,5,1,0,2006-s2
P0126,P0487,1,0,1,0,2,8,1,0,2006-s2
P0487,P0504,1,1,0,0,10,0,1,0,2006-s2
P0029,P0487,1,1,0,0,6,4,1,0,2006-s2
P0252,P0487,1,0,0,1,5,5,1,0,2006-s2
P0172,P0504,1,1,0,0,10,0,1,0,2006-s2
P0029,P0172,1,0,1,0,4,6,1,0,2006-s2
P0172,P0252,2,1,0,1,12,8,2,0,2006-s5
P0126,P0504,1,1,0,0,10,0,1,0,2006-s2
P0029,P0126,1,1,0,0,7,3,1,0,2006-s2
P0126,P0252,1,0,1,0,3,7,1,0,2006-s2
P0029,P0504,1,1,0,0,10,0,1,0,2006-s2
P0252,P0504,1,1,0,0,10,0,1,0,2006-s2
P0029,P0252,1,1,0,0,6,4,1,0,2006-s2
P0335,P0490,1,1,0,0,10,0,1,0,2006-s2
P0490,P0528,1,0,1,0,0,10,1,0,2006-s2
P0425,P0490,1,1,0,0,10,0,1,0,2006-s2
P0197,P0490,1,1,0,0,10,0,1,0,2006-s2
P0062,P0490,1,1,0,0,10,0,1,0,2006-s2
P0490,P0635,1,0,1,0,0,10,1,0,2006-s2
P0335,P0528,1,1,0,0,6,4,1,0,2006-s2
P0335,P0425,1,1,0,0,10,0,1,0,2006-s2
P0197,P0335,1,0,1,0,3,7,1,0,2006-s2
P0062,P0335,1,0,1,0,4,6,1,0,2006-s2
P0335,P0635,1,1,0,0,6,4,1,0,2006-s2
P0197,P0528,1,1,0,0,6,4,1,0,2006-s2
P0062,P0528,1,1,0,0,6,4,1,0,2006-s2
P0528,P0635,1,0,1,0,3,7,1,0,2006-s2
P0062,P0425,1,1,0,0,10,0,1,0,2006-s2
P0425,P0635,1,0,1,0,1,9,1,0,2006-s2
P0062,P0197,1,1,0,0,6,4,1,0,2006-s2
P0197,P0635,1,1,0,0,6,4,1,0,2006-s2
P0062,P0635,1,1,0,0,6,4,1,0,2006-s2
P0515,P0559,1,1,0,0,6,4,1,0,2006-s2
P0357,P0559,1,1,0,0,6,4,1,0,2006-s2
P0058,P0559,1,1,0,0,8,2,1,0,2006-s2
P0515,P0629,1,0,0,1,5,5,1,0,2006-s2
P0515,P0628,1,1,0,0,7,3,1,0,2006-s2
P0357,P0515,1,0,0,1,5,5,1,0,2006-s2
P0228,P0515,1,0,1,0,0,10,1,0,2006-s2
P0058,P0515,1,0,0,1,5,5,1,0,2006-s2
P0451,P0515,1,0,1,0,3,7,1,0,2006-s2
P0628,P0629,1,1,0,0,6,4,1,0,2006-s2
P0058,P0628,1,1,0,0,7,3,1,0,2006-s2
P0228,P0357,1,0,1,0,1,9,1,0,2006-s2
P0058,P0357,1,0,0,1,5,5,1,0,2006-s2
P0058,P0228,1,1,0,0,8,2,1,0,2006-s2
P0160,P0200,1,1,0,0,6,4,1,0,2006-s2
P0160,P0458,1,1,0,0,6,4,1,0,2006-s2
P0160,P0577,1,1,0,0,6,4,1,0,2006-s2
P0160,P0483,1,1,0,0,8,2,1,0,2006-s2
P0160,P0288,1,0,1,0,2,8,1,0,2006-s2
P0160,P0289,1,0,0,1,5,5,1,0,2006-s2
P0200,P0458,1,0,1,0,2,8,1,0,2006-s2
P0200,P0577,1,0,0,1,5,5,1,0,2006-s2
P0200,P0443,1,1,0,0,7,3,1,0,2006-s2
P0200,P0483,1,0,1,0,4,6,1,0,2006-s2
P0200,P0288,1,0,1,0,3,7,1,0,2006-s2
P0200,P0289,1,0,1,0,3,7,1,0,2006-s2
P0458,P0577,1,1,0,0,7,3,1,0,2006-s2
P0443,P0458,1,1,0,0,6,4,1,0,2006-s2
P0458,P0483,1,0,1,0,1,9,1,0,2006-s2
P0288,P0458,1,0,0,1,5,5,1,0,2006-s2
P0289,P0458,1,1,0,0,6,4,1,0,2006-s2
P0443,P0577,1,0,1,0,4,6,1,0,2006-s2
P0483,P0577,1,1,0,0,7,3,1,0,2006-s2
P0288,P0577,1,0,0,1,5,5,1,0,2006-s2
P0289,P0577,1,1,0,0,9,1,1,0,2006-s2
P0443,P0483,1,0,1,0,3,7,1,0,2006-s2
P0288,P0443,1,0,0,1,5,5,1,0,2006-s2
P0289,P0443,1,0,1,0,2,8,1,0,2006-s2
P0288,P0483,1,1,0,0,7,3,1,0,2006-s2
P0289,P0483,1,0,1,0,4,6,1,0,2006-s2
P0288,P0289,1,0,1,0,2,8,1,0,2006-s2
P0206,P0431,1,1,0,0,8,2,1,0,2006-s2
P0075,P0206,1,1,0,0,6,4,1,0,2006-s2
P0206,P0502,1,1,0,0,6,4,1,0,2006-s2
P0206,P0585,1,1,0,0,9,1,1,0,2006-s2
P0206,P0617,1,1,0,0,7,3,1,0,2006-s2
P0206,P0614,1,0,1,0,4,6,1,0,2006-s2
P0173,P0206,1,0,1,0,3,7,1,0,2006-s2
P0075,P0431,1,0,0,1,5,5,1,0,2006-s2
P0431,P0502,3,0,3,0,12,18,3,0,2006-s3
P0431,P0585,1,0,1,0,3,7,1,0,2006-s2
P0431,P0617,1,0,1,0,4,6,1,0,2006-s2
P0431,P0614,1,0,1,0,2,8,1,0,2006-s2
P0173,P0431,1,0,1,0,4,6,1,0,2006-s2
P0075,P0502,1,0,0,1,5,5,1,0,2006-s2
P0075,P0585,1,0,0,1,5,5,1,0,2006-s2
P0075,P0617,1,0,0,1,5,5,1,0,2006-s2
P0075,P0614,1,1,0,0,6,4,1,0,2006-s2
P0075,P0173,1,1,0,0,7,3,1,0,2006-s2
P0502,P0585,1,1,0,0,9,1,1,0,2006-s2
P0502,P0617,1,0,1,0,3,7,1,0,2006-s2
P0502,P0614,1,1,0,0,7,3,1,0,2006-s2
P0173,P0502,1,0,1,0,1,9,1,0,2006-s2
P0585,P0617,1,0,0,1,5,5,1,0,2006-s2
P0585,P0614,1,0,1,0,0,10,1,0,2006-s2
P0614,P0617,1,1,0,0,7,3,1,0,2006-s2
P0173,P0617,1,0,1,0,0,10,1,0,2006-s2
P0272,P0531,1,0,0,1,5,5,1,0,2006-s2
P0457,P0531,1,1,0,0,7,3,1,0,2006-s2
P0009,P0531,1,0,0,1,5,5,1,0,2006-s2
P0272,P0457,1,0,1,0,3,7,1,0,2006-s2
P0009,P0272,1,0,1,0,2,8,1,0,2006-s2
P0009,P0457,1,0,1,0,2,8,1,0,2006-s2
P0208,P0457,1,0,0,1,5,5,1,0,2006-s2
P0009,P0208,1,0,1,0,4,6,1,0,2006-s2
P0314,P0440,2,2,0,0,20,0,2,0,2006-s3
P0297,P0440,3,3,0,0,26,4,3,0,2007-s4
P0011,P0440,2,2,0,0,20,0,2,0,2006-s3
P0029,P0440,2,2,0,0,20,0,2,0,2006-s3
P0440,P0545,2,0,2,0,0,20,2,0,2006-s3
P0389,P0440,2,2,0,0,20,0,2,0,2006-s3
P0297,P0314,2,0,0,2,10,10,2,0,2006-s3
P0029,P0314,2,2,0,0,12,8,2,0,2006-s3
P0314,P0545,2,0,0,2,10,10,2,0,2006-s3
P0314,P0389,2,2,0,0,12,8,2,0,2006-s3
P0011,P0297,3,0,3,0,10,20,3,0,2006-s5
P0029,P0297,2,0,0,2,10,10,2,0,2006-s3
P0297,P0545,2,0,0,2,10,10,2,0,2006-s3
P0297,P0389,2,2,0,0,20,0,2,0,2006-s3
P0011,P0029,2,0,2,0,4,16,2,0,2006-s3
P0011,P0545,2,0,2,0,4,16,2,0,2006-s3
P0011,P0389,2,0,2,0,8,12,2,0,2006-s3
P0029,P0545,2,0,0,2,10,10,2,0,2006-s3
P0029,P0389,2,2,0,0,20,0,2,0,2006-s3
P0389,P0545,2,0,2,0,4,16,2,0,2006-s3
P0279,P0472,2,0,2,0,2,18,2,0,2006-s3
P0472,P0478,2,0,2,0,2,18,2,0,2006-s3
P0289,P0472,2,2,0,0,16,4,2,0,2006-s3
P0333,P0472,3,2,1,0,18,12,3,0,2008-s1
P0094,P0279,2,2,0,0,14,6,2,0,2006-s3
P0279,P0478,2,0,2,0,4,16,2,0,2006-s3
P0279,P0289,2,0,2,0,6,14,2,0,2006-s3
P0279,P0333,2,0,2,0,8,12,2,0,2006-s3
P0094,P0289,2,0,0,2,10,10,2,0,2006-s3
P0094,P0335,2,0,0,2,10,10,2,0,2006-s3
P0289,P0478,3,0,2,1,9,21,3,0,2006-s4
P0335,P0478,2,0,2,0,4,16,2,0,2006-s3
P0333,P0478,2,2,0,0,12,8,2,0,2006-s3
P0289,P0335,2,0,0,2,10,10,2,0,2006-s3
P0289,P0333,2,2,0,0,12,8,2,0,2006-s3
P0333,P0335,2,0,2,0,8,12,2,0,2006-s3
P0378,P0400,2,2,0,0,16,4,2,0,2006-s3
P0018,P0378,2,2,0,0,18,2,2,0,2006-s3
P0118,P0378,2,0,2,0,0,20,2,0,2006-s3
P0276,P0378,2,2,0,0,14,6,2,0,2006-s3
P0244,P0378,2,2,0,0,12,8,2,0,2006-s3
P0378,P0427,2,2,0,0,14,6,2,0,2006-s3
P0018,P0400,2,2,0,0,20,0,2,0,2006-s3
P0118,P0400,2,0,2,0,0,20,2,0,2006-s3
P0276,P0400,2,2,0,0,16,4,2,0,2006-s3
P0244,P0400,2,0,0,2,10,10,2,0,2006-s3
P0400,P0427,2,0,2,0,4,16,2,0,2006-s3
P0018,P0118,2,2,0,0,20,0,2,0,2006-s3
P0018,P0244,2,2,0,0,16,4,2,0,2006-s3
P0018,P0427,2,2,0,0,12,8,2,0,2006-s3
P0118,P0276,2,0,2,0,0,20,2,0,2006-s3
P0118,P0244,2,0,2,0,0,20,2,0,2006-s3
P0118,P0427,2,0,2,0,0,20,2,0,2006-s3
P0244,P0276,2,0,2,0,6,14,2,0,2006-s3
P0276,P0427,2,0,2,0,4,16,2,0,2006-s3
P0244,P0427,2,2,0,0,12,8,2,0,2006-s3
P0275,P0535,2,0,2,0,8,12,2,0,2006-s3
P0275,P0555,2,2,0,0,20,0,2,0,2006-s3
P0149,P0275,2,0,2,0,6,14,2,0,2006-s3
P0275,P0511,2,2,0,0,20,0,2,0,2006-s3
P0075,P0275,2,2,0,0,16,4,2,0,2006-s3
P0275,P0637,2,2,0,0,18,2,2,0,2006-s3
P0535,P0555,2,2,0,0,16,4,2,0,2006-s3
P0149,P0535,2,0,0,2,10,10,2,0,2006-s3
P0511,P0535,2,0,2,0,0,20,2,0,2006-s3
P0075,P0535,2,0,0,2,10,10,2,0,2006-s3
P0535,P0637,2,0,0,2,10,10,2,0,2006-s3
P0149,P0555,2,0,2,0,4,16,2,0,2006-s3
P0511,P0555,2,0,2,0,0,20,2,0,2006-s3
P0555,P0637,2,0,0,2,10,10,2,0,2006-s3
P0149,P0511,2,2,0,0,20,0,2,0,2006-s3
P0075,P0149,2,2,0,0,18,2,2,0,2006-s3
P0149,P0637,2,0,2,0,0,20,2,0,2006-s3
P0075,P0511,2,2,0,0,20,0,2,0,2006-s3
P0511,P0637,2,0,2,0,0,20,2,0,2006-s3
P0075,P0637,2,0,2,0,8,12,2,0,2006-s3
P0258,P0492,2,2,0,0,18,2,2,0,2006-s3
P0445,P0492,2,0,0,2,10,10,2,0,2006-s3
P0459,P0492,2,0,2,0,8,12,2,0,2006-s3
P0174,P0492,2,2,0,0,12,8,2,0,2006-s3
P0258,P0445,2,2,0,0,14,6,2,0,2006-s3
P0258,P0459,2,2,0,0,14,6,2,0,2006-s3
P0258,P0487,2,0,0,2,10,10,2,0,2006-s3
P0445,P0459,2,0,2,0,6,14,2,0,2006-s3
P0091,P0445,2,0,2,0,6,14,2,0,2006-s3
P0174,P0445,2,2,0,0,12,8,2,0,2006-s3
P0091,P0459,2,0,2,0,4,16,2,0,2006-s3
P0174,P0459,2,2,0,0,18,2,2,0,2006-s3
P0091,P0174,2,0,2,0,6,14,2,0,2006-s3
P0091,P0487,2,0,2,0,4,16,2,0,2006-s3
P0174,P0487,2,0,2,0,6,14,2,0,2006-s3
P0324,P0430,2,0,0,2,10,10,2,0,2006-s3
P0337,P0430,2,0,2,0,4,16,2,0,2006-s3
P0430,P0491,2,2,0,0,12,8,2,0,2006-s3
P0430,P0583,2,0,2,0,8,12,2,0,2006-s3
P0262,P0430,2,0,2,0,6,14,2,0,2006-s3
P0324,P0337,2,2,0,0,14,6,2,0,2006-s3
P0324,P0491,3,3,0,0,22,8,3,0,2006-s4
P0324,P0583,2,2,0,0,14,6,2,0,2006-s3
P0262,P0324,2,0,2,0,2,18,2,0,2006-s3
P0194,P0324,2,0,0,2,10,10,2,0,2006-s3
P0337,P0491,2,0,2,0,8,12,2,0,2006-s3
P0337,P0583,2,0,2,0,8,12,2,0,2006-s3
P0262,P0337,2,2,0,0,20,0,2,0,2006-s3
P0194,P0337,2,2,0,0,20,0,2,0,2006-s3
P0491,P0583,2,2,0,0,12,8,2,0,2006-s3
P0262,P0491,2,2,0,0,16,4,2,0,2006-s3
P0194,P0491,2,0,2,0,4,16,2,0,2006-s3
P0262,P0583,2,2,0,0,12,8,2,0,2006-s3
P0255,P0616,2,2,0,0,14,6,2,0,2006-s3
P0255,P0617,2,0,2,0,8,12,2,0,2006-s3
P0252,P0255,2,2,0,0,16,4,2,0,2006-s3
P0255,P0309,2,0,0,2,10,10,2,0,2006-s3
P0186,P0255,2,2,0,0,14,6,2,0,2006-s3
P0077,P0252,2,0,2,0,8,12,2,0,2006-s3
P0077,P0186,2,0,0,2,10,10,2,0,2006-s3
P0616,P0617,2,0,2,0,4,16,2,0,2006-s3
P0252,P0616,2,2,0,0,16,4,2,0,2006-s3
P0309,P0616,2,2,0,0,12,8,2,0,2006-s3
P0186,P0616,2,2,0,0,14,6,2,0,2006-s3
P0252,P0617,2,0,2,0,8,12,2,0,2006-s3
P0309,P0617,2,0,2,0,6,14,2,0,2006-s3
P0186,P0617,3,3,0,0,21,9,3,0,2006-s5
P0252,P0309,2,2,0,0,12,8,2,0,2006-s3
P0186,P0252,2,0,2,0,6,14,2,0,2006-s3
P0186,P0309,2,0,0,2,10,10,2,0,2006-s3
P0166,P0532,2,0,2,0,0,20,2,0,2006-s3
P0166,P0622,2,0,0,2,10,10,2,0,2006-s3
P0166,P0206,2,0,0,2,10,10,2,0,2006-s3
P0166,P0557,2,2,0,0,16,4,2,0,2006-s3
P0166,P0261,2,0,2,0,2,18,2,0,2006-s3
P0166,P0479,2,2,0,0,12,8,2,0,2006-s3
P0532,P0622,2,0,0,2,10,10,2,0,2006-s3
P0206,P0532,2,0,2,0,8,12,2,0,2006-s3
P0532,P0557,2,2,0,0,14,6,2,0,2006-s3
P0261,P0532,2,0,2,0,2,18,2,0,2006-s3
P0479,P0532,2,2,0,0,14,6,2,0,2006-s3
P0206,P0622,3,0,3,0,10,20,3,0,2006-s5
P0557,P0622,2,0,2,0,4,16,2,0,2006-s3
P0261,P0622,2,0,2,0,8,12,2,0,2006-s3
P0479,P0622,2,0,2,0,8,12,2,0,2006-s3
P0206,P0557,2,2,0,0,14,6,2,0,2006-s3
P0206,P0261,2,0,2,0,8,12,2,0,2006-s3
P0206,P0479,2,0,2,0,8,12,2,0,2006-s3
P0261,P0557,2,2,0,0,14,6,2,0,2006-s3
P0479,P0557,2,2,0,0,18,2,2,0,2006-s3
P0261,P0479,2,2,0,0,18,2,2,0,2006-s3
P0331,P0488,2,0,0,2,10,10,2,0,2006-s3
P0331,P0423,2,2,0,0,20,0,2,0,2006-s3
P0161,P0331,2,0,2,0,8,12,2,0,2006-s3
P0331,P0586,2,0,0,2,10,10,2,0,2006-s3
P0331,P0548,2,2,0,0,12,8,2,0,2006-s3
P0488,P0586,2,2,0,0,16,4,2,0,2006-s3
P0488,P0548,2,2,0,0,12,8,2,0,2006-s3
P0161,P0328,2,2,0,0,18,2,2,0,2006-s3
P0161,P0423,2,2,0,0,20,0,2,0,2006-s3
P0161,P0586,2,2,0,0,20,0,2,0,2006-s3
P0161,P0548,2,2,0,0,18,2,2,0,2006-s3
P0318,P0428,2,2,0,0,14,6,2,0,2006-s3
P0393,P0428,2,0,2,0,8,12,2,0,2006-s3
P0428,P0551,2,2,0,0,14,6,2,0,2006-s3
P0428,P0592,2,2,0,0,20,0,2,0,2006-s3
P0055,P0428,2,0,2,0,0,20,2,0,2006-s3
P0318,P0393,2,2,0,0,12,8,2,0,2006-s3
P0318,P0551,2,2,0,0,20,0,2,0,2006-s3
P0318,P0592,2,0,0,2,10,10,2,0,2006-s3
P0055,P0318,2,0,2,0,6,14,2,0,2006-s3
P0169,P0318,2,2,0,0,12,8,2,0,2006-s3
P0393,P0551,2,2,0,0,18,2,2,0,2006-s3
P0393,P0592,2,0,2,0,8,12,2,0,2006-s3
P0055,P0393,2,0,2,0,0,20,2,0,2006-s3
P0169,P0393,2,0,2,0,8,12,2,0,2006-s3
P0551,P0592,2,2,0,0,14,6,2,0,2006-s3
P0055,P0551,2,2,0,0,18,2,2,0,2006-s3
P0169,P0551,2,2,0,0,18,2,2,0,2006-s3
P0055,P0592,2,2,0,0,14,6,2,0,2006-s3
P0169,P0592,2,2,0,0,12,8,2,0,2006-s3
P0055,P0169,2,0,2,0,4,16,2,0,2006-s3
P0281,P0390,2,2,0,0,16,4,2,0,2006-s3
P0281,P0614,2,2,0,0,16,4,2,0,2006-s3
P0220,P0281,2,0,2,0,8,12,2,0,2006-s3
P0281,P0631,2,0,2,0,8,12,2,0,2006-s3
P0281,P0454,2,0,2,0,4,16,2,0,2006-s3
P0281,P0383,2,2,0,0,12,8,2,0,2006-s3
P0390,P0614,2,2,0,0,12,8,2,0,2006-s3
P0220,P0614,2,2,0,0,16,4,2,0,2006-s3
P0383,P0614,2,2,0,0,12,8,2,0,2006-s3
P0220,P0631,2,2,0,0,14,6,2,0,2006-s3
P0220,P0454,2,0,2,0,6,14,2,0,2006-s3
P0220,P0383,2,0,2,0,6,14,2,0,2006-s3
P0383,P0631,2,0,0,2,10,10,2,0,2006-s3
P0383,P0454,2,0,2,0,4,16,2,0,2006-s3
P0329,P0431,2,2,0,0,12,8,2,0,2006-s3
P0329,P0607,2,2,0,0,12,8,2,0,2006-s3
P0329,P0502,2,0,0,2,10,10,2,0,2006-s3
P0329,P0514,2,0,2,0,4,16,2,0,2006-s3
P0329,P0524,2,2,0,0,16,4,2,0,2006-s3
P0209,P0329,2,0,2,0,6,14,2,0,2006-s3
P0431,P0607,2,0,2,0,8,12,2,0,2006-s3
P0431,P0514,3,0,3,0,10,20,3,0,2007-s1
P0431,P0524,2,0,2,0,4,16,2,0,2006-s3
P0209,P0431,2,2,0,0,20,0,2,0,2006-s3
P0502,P0607,2,0,2,0,6,14,2,0,2006-s3
P0514,P0607,2,0,2,0,4,16,2,0,2006-s3
P0524,P0607,2,0,2,0,8,12,2,0,2006-s3
P0209,P0607,2,0,0,2,10,10,2,0,2006-s3
P0502,P0514,2,2,0,0,18,2,2,0,2006-s3
P0502,P0524,2,2,0,0,12,8,2,0,2006-s3
P0209,P0502,2,2,0,0,16,4,2,0,2006-s3
P0209,P0514,2,0,0,2,10,10,2,0,2006-s3
P0209,P0524,2,2,0,0,14,6,2,0,2006-s3
P0218,P0434,2,0,2,0,8,12,2,0,2006-s3
P0218,P0577,2,0,0,2,10,10,2,0,2006-s3
P0218,P0359,2,0,2,0,6,14,2,0,2006-s3
P0218,P0529,2,2,0,0,14,6,2,0,2006-s3
P0218,P0560,2,2,0,0,20,0,2,0,2006-s3
P0218,P0247,2,0,0,2,10,10,2,0,2006-s3
P0434,P0577,2,2,0,0,12,8,2,0,2006-s3
P0359,P0434,2,0,2,0,8,12,2,0,2006-s3
P0434,P0529,2,2,0,0,14,6,2,0,2006-s3
P0434,P0560,2,2,0,0,16,4,2,0,2006-s3
P0247,P0434,2,2,0,0,14,6,2,0,2006-s3
P0359,P0577,2,0,0,2,10,10,2,0,2006-s3
P0529,P0577,2,2,0,0,12,8,2,0,2006-s3
P0560,P0577,2,0,2,0,0,20,2,0,2006-s3
P0247,P0577,3,1,0,2,18,12,3,0,2008-s2
P0359,P0529,2,0,2,0,6,14,2,0,2006-s3
P0359,P0560,2,2,0,0,16,4,2,0,2006-s3
P0247,P0359,2,2,0,0,18,2,2,0,2006-s3
P0529,P0560,2,2,0,0,14,6,2,0,2006-s3
P0247,P0529,2,2,0,0,16,4,2,0,2006-s3
P0247,P0560,2,2,0,0,16,4,2,0,2006-s3
P0353,P0650,2,2,0,0,14,6,2,0,2006-s3
P0353,P0558,2,2,0,0,16,4,2,0,2006-s3
P0288,P0353,2,0,0,2,10,10,2,0,2006-s3
P0353,P0572,2,2,0,0,12,8,2,0,2006-s3
P0214,P0353,2,0,2,0,6,14,2,0,2006-s3
P0196,P0353,2,2,0,0,14,6,2,0,2006-s3
P0558,P0650,2,2,0,0,12,8,2,0,2006-s3
P0288,P0650,2,2,0,0,12,8,2,0,2006-s3
P0572,P0650,2,0,0,2,10,10,2,0,2006-s3
P0214,P0650,2,2,0,0,12,8,2,0,2006-s3
P0196,P0650,2,2,0,0,16,4,2,0,2006-s3
P0288,P0558,2,2,0,0,16,4,2,0,2006-s3
P0558,P0572,2,0,2,0,8,12,2,0,2006-s3
P0214,P0558,2,2,0,0,14,6,2,0,2006-s3
P0196,P0558,2,2,0,0,16,4,2,0,2006-s3
P0288,P0572,2,2,0,0,18,2,2,0,2006-s3
P0214,P0288,2,0,0,2,10,10,2,0,2006-s3
P0196,P0288,2,2,0,0,12,8,2,0,2006-s3
P0214,P0572,2,2,0,0,12,8,2,0,2006-s3
P0196,P0572,2,2,0,0,14,6,2,0,2006-s3
P0196,P0214,2,0,2,0,8,12,2,0,2006-s3
P0161,P0478,1,1,0,0,6,4,1,0,2006-s4
P0392,P0478,1,0,1,0,3,7,1,0,2006-s4
P0209,P0478,1,0,1,0,0,10,1,0,2006-s4
P0446,P0478,1,0,1,0,2,8,1,0,2006-s4
P0478,P0521,1,1,0,0,9,1,1,0,2006-s4
P0161,P0392,1,1,0,0,8,2,1,0,2006-s4
P0161,P0289,1,1,0,0,6,4,1,0,2006-s4
P0161,P0209,1,1,0,0,6,4,1,0,2006-s4
P0161,P0446,1,0,1,0,4,6,1,0,2006-s4
P0161,P0521,1,1,0,0,9,1,1,0,2006-s4
P0209,P0392,1,1,0,0,10,0,1,0,2006-s4
P0392,P0446,1,0,1,0,3,7,1,0,2006-s4
P0209,P0289,1,1,0,0,7,3,1,0,2006-s4
P0289,P0446,1,0,1,0,4,6,1,0,2006-s4
P0289,P0521,1,1,0,0,6,4,1,0,2006-s4
P0209,P0446,1,1,0,0,8,2,1,0,2006-s4
P0209,P0521,1,1,0,0,10,0,1,0,2006-s4
P0446,P0521,1,1,0,0,6,4,1,0,2006-s4
P0018,P0583,1,1,0,0,8,2,1,0,2006-s4
P0018,P0534,1,0,0,1,5,5,1,0,2006-s4
P0018,P0247,1,0,1,0,4,6,1,0,2006-s4
P0018,P0166,2,0,1,1,9,11,2,0,2007-s1
P0018,P0415,1,1,0,0,10,0,1,0,2006-s4
P0018,P0187,1,1,0,0,9,1,1,0,2006-s4
P0534,P0583,1,1,0,0,6,4,1,0,2006-s4
P0247,P0583,1,0,1,0,3,7,1,0,2006-s4
P0166,P0583,1,1,0,0,8,2,1,0,2006-s4
P0415,P0583,1,0,0,1,5,5,1,0,2006-s4
P0187,P0583,1,1,0,0,8,2,1,0,2006-s4
P0247,P0534,1,0,1,0,0,10,1,0,2006-s4
P0166,P0534,1,0,0,1,5,5,1,0,2006-s4
P0415,P0534,1,0,1,0,4,6,1,0,2006-s4
P0187,P0534,1,1,0,0,7,3,1,0,2006-s4
P0166,P0247,1,0,1,0,1,9,1,0,2006-s4
P0247,P0415,1,1,0,0,7,3,1,0,2006-s4
P0187,P0247,1,0,1,0,4,6,1,0,2006-s4
P0166,P0415,1,1,0,0,9,1,1,0,2006-s4
P0166,P0187,1,0,1,0,1,9,1,0,2006-s4
P0187,P0415,1,0,1,0,4,6,1,0,2006-s4
P0181,P0378,1,1,0,0,6,4,1,0,2006-s4
P0181,P0354,1,1,0,0,8,2,1,0,2006-s4
P0181,P0198,1,0,0,1,5,5,1,0,2006-s4
P0181,P0319,1,0,0,1,5,5,1,0,2006-s4
P0126,P0181,1,0,1,0,1,9,1,0,2006-s4
P0181,P0358,1,1,0,0,10,0,1,0,2006-s4
P0354,P0378,1,0,1,0,4,6,1,0,2006-s4
P0198,P0378,1,1,0,0,6,4,1,0,2006-s4
P0319,P0378,1,0,1,0,0,10,1,0,2006-s4
P0126,P0378,1,1,0,0,6,4,1,0,2006-s4
P0358,P0378,1,0,1,0,0,10,1,0,2006-s4
P0198,P0354,1,1,0,0,6,4,1,0,2006-s4
P0319,P0354,1,1,0,0,6,4,1,0,2006-s4
P0126,P0354,1,0,1,0,2,8,1,0,2006-s4
P0354,P0358,1,1,0,0,10,0,1,0,2006-s4
P0198,P0319,1,0,1,0,4,6,1,0,2006-s4
P0126,P0198,1,0,1,0,3,7,1,0,2006-s4
P0198,P0358,1,1,0,0,10,0,1,0,2006-s4
P0126,P0319,1,0,1,0,3,7,1,0,2006-s4
P0319,P0358,1,1,0,0,10,0,1,0,2006-s4
P0126,P0358,1,1,0,0,10,0,1,0,2006-s4
P0080,P0297,1,0,1,0,4,6,1,0,2006-s4
P0297,P0547,1,0,0,1,5,5,1,0,2006-s4
P0297,P0554,1,0,1,0,4,6,1,0,2006-s4
P0297,P0364,1,1,0,0,8,2,1,0,2006-s4
P0297,P0311,1,1,0,0,7,3,1,0,2006-s4
P0288,P0297,1,0,1,0,1,9,1,0,2006-s4
P0080,P0547,1,1,0,0,7,3,1,0,2006-s4
P0080,P0554,1,1,0,0,6,4,1,0,2006-s4
P0080,P0364,1,0,1,0,2,8,1,0,2006-s4
P0080,P0311,1,1,0,0,10,0,1,0,2006-s4
P0080,P0288,1,1,0,0,10,0,1,0,2006-s4
P0364,P0547,1,1,0,0,8,2,1,0,2006-s4
P0311,P0547,1,0,1,0,0,10,1,0,2006-s4
P0288,P0547,1,0,1,0,3,7,1,0,2006-s4
P0364,P0554,1,1,0,0,6,4,1,0,2006-s4
P0311,P0554,1,0,1,0,0,10,1,0,2006-s4
P0288,P0554,1,0,1,0,4,6,1,0,2006-s4
P0311,P0364,1,0,1,0,1,9,1,0,2006-s4
P0288,P0364,1,0,1,0,2,8,1,0,2006-s4
P0288,P0311,1,1,0,0,6,4,1,0,2006-s4
P0263,P0505,1,1,0,0,7,3,1,0,2006-s4
P0252,P0505,1,1,0,0,6,4,1,0,2006-s4
P0505,P0514,1,0,1,0,4,6,1,0,2006-s4
P0333,P0505,1,1,0,0,6,4,1,0,2006-s4
P0051,P0505,1,1,0,0,7,3,1,0,2006-s4
P0252,P0263,1,0,1,0,4,6,1,0,2006-s4
P0263,P0300,1,1,0,0,9,1,1,0,2006-s4
P0263,P0514,1,1,0,0,6,4,1,0,2006-s4
P0263,P0333,1,1,0,0,6,4,1,0,2006-s4
P0051,P0263,1,0,1,0,2,8,1,0,2006-s4
P0252,P0514,1,0,1,0,4,6,1,0,2006-s4
P0252,P0333,1,0,1,0,3,7,1,0,2006-s4
P0051,P0252,1,0,1,0,2,8,1,0,2006-s4
P0300,P0514,1,0,1,0,0,10,1,0,2006-s4
P0300,P0333,1,1,0,0,6,4,1,0,2006-s4
P0051,P0300,1,1,0,0,6,4,1,0,2006-s4
P0333,P0514,1,0,0,1,5,5,1,0,2006-s4
P0051,P0514,1,1,0,0,9,1,1,0,2006-s4
P0051,P0333,1,0,0,1,5,5,1,0,2006-s4
P0030,P0179,1,1,0,0,6,4,1,0,2006-s4
P0030,P0245,2,2,0,0,14,6,2,0,2006-s5
P0030,P0653,1,0,1,0,2,8,1,0,2006-s4
P0030,P0611,1,1,0,0,8,2,1,0,2006-s4
P0030,P0578,1,0,1,0,3,7,1,0,2006-s4
P0030,P0460,1,0,1,0,3,7,1,0,2006-s4
P0179,P0245,1,0,0,1,5,5,1,0,2006-s4
P0179,P0653,1,1,0,0,6,4,1,0,2006-s4
P0179,P0611,1,0,1,0,4,6,1,0,2006-s4
P0179,P0578,2,2,0,0,17,3,2,0,2006-s5
P0179,P0460,1,0,0,1,5,5,1,0,2006-s4
P0245,P0653,1,0,1,0,2,8,1,0,2006-s4
P0245,P0611,1,0,1,0,4,6,1,0,2006-s4
P0245,P0578,1,0,0,1,5,5,1,0,2006-s4
P0245,P0460,1,0,1,0,4,6,1,0,2006-s4
P0611,P0653,1,0,0,1,5,5,1,0,2006-s4
P0578,P0653,1,0,1,0,4,6,1,0,2006-s4
P0460,P0653,1,0,1,0,2,8,1,0,2006-s4
P0578,P0611,1,0,1,0,3,7,1,0,2006-s4
P0460,P0611,1,0,1,0,4,6,1,0,2006-s4
P0460,P0578,1,0,1,0,3,7,1,0,2006-s4
P0029,P0623,1,0,1,0,4,6,1,0,2006-s4
P0029,P0210,1,1,0,0,6,4,1,0,2006-s4
P0029,P0206,1,0,0,1,5,5,1,0,2006-s4
P0029,P0258,1,1,0,0,6,4,1,0,2006-s4
P0029,P0336,1,1,0,0,10,0,1,0,2006-s4
P0029,P0607,1,1,0,0,7,3,1,0,2006-s4
P0210,P0623,1,0,1,0,1,9,1,0,2006-s4
P0206,P0623,1,0,1,0,4,6,1,0,2006-s4
P0258,P0623,1,1,0,0,7,3,1,0,2006-s4
P0336,P0623,1,0,0,1,5,5,1,0,2006-s4
P0607,P0623,1,0,1,0,3,7,1,0,2006-s4
P0206,P0210,1,1,0,0,6,4,1,0,2006-s4
P0210,P0258,1,0,1,0,4,6,1,0,2006-s4
P0210,P0607,1,0,1,0,3,7,1,0,2006-s4
P0206,P0258,2,0,1,1,8,12,2,0,2006-s7
P0206,P0607,1,0,1,0,2,8,1,0,2006-s4
P0258,P0336,1,1,0,0,6,4,1,0,2006-s4
P0258,P0607,1,0,0,1,5,5,1,0,2006-s4
P0336,P0607,1,0,0,1,5,5,1,0,2006-s4
P0232,P0324,1,0,1,0,4,6,1,0,2006-s4
P0324,P0407,1,1,0,0,10,0,1,0,2006-s4
P0324,P0493,1,0,1,0,0,10,1,0,2006-s4
P0280,P0324,1,0,1,0,0,10,1,0,2006-s4
P0232,P0331,1,0,0,1,5,5,1,0,2006-s4
P0232,P0407,1,1,0,0,6,4,1,0,2006-s4
P0232,P0493,1,1,0,0,6,4,1,0,2006-s4
P0232,P0280,1,1,0,0,7,3,1,0,2006-s4
P0232,P0491,1,1,0,0,9,1,1,0,2006-s4
P0331,P0493,1,1,0,0,7,3,1,0,2006-s4
P0280,P0331,1,0,1,0,4,6,1,0,2006-s4
P0331,P0491,1,0,1,0,0,10,1,0,2006-s4
P0407,P0493,1,1,0,0,7,3,1,0,2006-s4
P0280,P0407,1,0,1,0,4,6,1,0,2006-s4
P0407,P0491,1,1,0,0,7,3,1,0,2006-s4
P0280,P0493,1,1,0,0,7,3,1,0,2006-s4
P0491,P0493,1,0,1,0,3,7,1,0,2006-s4
P0280,P0491,1,1,0,0,6,4,1,0,2006-s4
P0035,P0264,1,1,0,0,8,2,1,0,2006-s4
P0094,P0264,1,0,0,1,5,5,1,0,2006-s4
P0175,P0264,1,1,0,0,7,3,1,0,2006-s4
P0264,P0383,1,1,0,0,7,3,1,0,2006-s4
P0264,P0427,1,1,0,0,6,4,1,0,2006-s4
P0264,P0633,1,1,0,0,9,1,1,0,2006-s4
P0035,P0094,1,1,0,0,8,2,1,0,2006-s4
P0035,P0175,1,0,1,0,4,6,1,0,2006-s4
P0035,P0383,1,0,1,0,2,8,1,0,2006-s4
P0035,P0427,1,0,0,1,5,5,1,0,2006-s4
P0035,P0633,1,1,0,0,6,4,1,0,2006-s4
P0094,P0175,1,0,1,0,0,10,1,0,2006-s4
P0094,P0383,1,0,1,0,0,10,1,0,2006-s4
P0094,P0427,1,0,1,0,0,10,1,0,2006-s4
P0094,P0633,1,1,0,0,7,3,1,0,2006-s4
P0175,P0383,1,1,0,0,9,1,1,0,2006-s4
P0175,P0427,1,0,0,1,5,5,1,0,2006-s4
P0383,P0427,1,0,1,0,4,6,1,0,2006-s4
P0383,P0633,1,1,0,0,10,0,1,0,2006-s4
P0427,P0633,1,1,0,0,8,2,1,0,2006-s4
P0469,P0513,1,0,1,0,3,7,1,0,2006-s4
P0469,P0558,1,1,0,0,7,3,1,0,2006-s4
P0201,P0469,1,1,0,0,6,4,1,0,2006-s4
P0250,P0469,1,1,0,0,6,4,1,0,2006-s4
P0469,P0542,1,0,1,0,4,6,1,0,2006-s4
P0180,P0469,1,0,1,0,4,6,1,0,2006-s4
P0394,P0469,1,1,0,0,6,4,1,0,2006-s4
P0513,P0558,1,0,1,0,4,6,1,0,2006-s4
P0201,P0513,1,0,0,1,5,5,1,0,2006-s4
P0250,P0513,1,0,1,0,4,6,1,0,2006-s4
P0513,P0542,1,0,1,0,3,7,1,0,2006-s4
P0180,P0513,1,0,1,0,3,7,1,0,2006-s4
P0394,P0513,1,0,0,1,5,5,1,0,2006-s4
P0201,P0558,1,1,0,0,10,0,1,0,2006-s4
P0250,P0558,1,1,0,0,10,0,1,0,2006-s4
P0542,P0558,1,1,0,0,10,0,1,0,2006-s4
P0394,P0558,1,0,0,1,5,5,1,0,2006-s4
P0201,P0250,1,0,0,1,5,5,1,0,2006-s4
P0201,P0542,1,0,1,0,3,7,1,0,2006-s4
P0180,P0201,1,0,0,1,5,5,1,0,2006-s4
P0201,P0394,1,1,0,0,7,3,1,0,2006-s4
P0250,P0542,1,1,0,0,6,4,1,0,2006-s4
P0180,P0250,1,0,1,0,1,9,1,0,2006-s4
P0250,P0394,1,1,0,0,8,2,1,0,2006-s4
P0180,P0542,1,0,1,0,4,6,1,0,2006-s4
P0394,P0542,1,0,0,1,5,5,1,0,2006-s4
P0180,P0394,1,1,0,0,6,4,1,0,2006-s4
P0009,P0303,1,0,0,1,5,5,1,0,2006-s4
P0303,P0632,1,1,0,0,10,0,1,0,2006-s4
P0303,P0338,1,1,0,0,10,0,1,0,2006-s4
P0303,P0376,1,0,1,0,4,6,1,0,2006-s4
P0303,P0593,1,1,0,0,7,3,1,0,2006-s4
P0303,P0577,1,1,0,0,7,3,1,0,2006-s4
P0303,P0556,1,0,1,0,3,7,1,0,2006-s4
P0009,P0632,1,1,0,0,10,0,1,0,2006-s4
P0009,P0338,1,1,0,0,10,0,1,0,2006-s4
P0009,P0376,1,0,0,1,5,5,1,0,2006-s4
P0009,P0593,1,0,0,1,5,5,1,0,2006-s4
P0009,P0577,1,1,0,0,6,4,1,0,2006-s4
P0009,P0556,1,0,1,0,4,6,1,0,2006-s4
P0376,P0632,1,1,0,0,6,4,1,0,2006-s4
P0593,P0632,1,1,0,0,10,0,1,0,2006-s4
P0577,P0632,1,1,0,0,7,3,1,0,2006-s4
P0556,P0632,1,1,0,0,8,2,1,0,2006-s4
P0338,P0376,1,0,1,0,3,7,1,0,2006-s4
P0338,P0593,1,0,1,0,0,10,1,0,2006-s4
P0338,P0577,1,0,1,0,0,10,1,0,2006-s4
P0338,P0556,1,0,1,0,2,8,1,0,2006-s4
P0376,P0593,1,1,0,0,7,3,1,0,2006-s4
P0376,P0577,1,1,0,0,8,2,1,0,2006-s4
P0376,P0556,1,0,1,0,3,7,1,0,2006-s4
P0577,P0593,1,1,0,0,10,0,1,0,2006-s4
P0556,P0593,1,1,0,0,8,2,1,0,2006-s4
P0556,P0577,1,1,0,0,7,3,1,0,2006-s4
P0283,P0527,1,0,1,0,0,10,1,0,2006-s4
P0283,P0347,1,0,1,0,0,10,1,0,2006-s4
P0283,P0436,1,1,0,0,8,2,1,0,2006-s4
P0283,P0616,1,0,1,0,0,10,1,0,2006-s4
P0283,P0466,1,1,0,0,6,4,1,0,2006-s4
P0281,P0283,1,1,0,0,10,0,1,0,2006-s4
P0283,P0618,1,1,0,0,6,4,1,0,2006-s4
P0347,P0527,1,0,1,0,0,10,1,0,2006-s4
P0436,P0527,1,1,0,0,6,4,1,0,2006-s4
P0527,P0616,1,1,0,0,6,4,1,0,2006-s4
P0466,P0527,1,0,1,0,4,6,1,0,2006-s4
P0281,P0527,1,0,0,1,5,5,1,0,2006-s4
P0527,P0618,1,0,1,0,1,9,1,0,2006-s4
P0347,P0436,1,0,1,0,4,6,1,0,2006-s4
P0347,P0616,1,0,1,0,3,7,1,0,2006-s4
P0347,P0466,1,0,1,0,3,7,1,0,2006-s4
P0281,P0347,1,1,0,0,8,2,1,0,2006-s4
P0347,P0618,1,0,1,0,2,8,1,0,2006-s4
P0436,P0616,1,0,1,0,3,7,1,0,2006-s4
P0436,P0466,1,0,1,0,3,7,1,0,2006-s4
P0281,P0436,1,1,0,0,9,1,1,0,2006-s4
P0436,P0618,1,0,1,0,2,8,1,0,2006-s4
P0466,P0616,1,0,1,0,2,8,1,0,2006-s4
P0281,P0616,1,1,0,0,9,1,1,0,2006-s4
P0616,P0618,1,0,1,0,4,6,1,0,2006-s4
P0281,P0466,1,0,1,0,4,6,1,0,2006-s4
P0466,P0618,1,0,0,1,5,5,1,0,2006-s4
P0281,P0618,1,1,0,0,7,3,1,0,2006-s4
P0428,P0582,1,1,0,0,7,3,1,0,2006-s4
P0401,P0428,1,0,0,1,5,5,1,0,2006-s4
P0428,P0489,1,0,1,0,1,9,1,0,2006-s4
P0285,P0428,1,0,0,1,5,5,1,0,2006-s4
P0428,P0601,1,0,1,0,1,9,1,0,2006-s4
P0157,P0428,1,1,0,0,10,0,1,0,2006-s4
P0401,P0582,1,0,1,0,3,7,1,0,2006-s4
P0582,P0601,1,0,1,0,4,6,1,0,2006-s4
P0157,P0582,1,0,1,0,2,8,1,0,2006-s4
P0401,P0595,1,1,0,0,6,4,1,0,2006-s4
P0401,P0489,1,0,0,1,5,5,1,0,2006-s4
P0285,P0401,1,1,0,0,7,3,1,0,2006-s4
P0401,P0601,1,0,1,0,3,7,1,0,2006-s4
P0157,P0401,1,0,1,0,4,6,1,0,2006-s4
P0489,P0595,1,1,0,0,8,2,1,0,2006-s4
P0285,P0595,1,1,0,0,10,0,1,0,2006-s4
P0595,P0601,1,0,1,0,0,10,1,0,2006-s4
P0157,P0595,1,1,0,0,7,3,1,0,2006-s4
P0285,P0489,1,1,0,0,6,4,1,0,2006-s4
P0489,P0601,1,0,1,0,4,6,1,0,2006-s4
P0157,P0489,1,1,0,0,10,0,1,0,2006-s4
P0285,P0601,1,0,1,0,3,7,1,0,2006-s4
P0157,P0285,1,0,1,0,1,9,1,0,2006-s4
P0157,P0601,1,0,1,0,1,9,1,0,2006-s4
P0221,P0359,1,0,1,0,4,6,1,0,2006-s4
P0359,P0525,1,1,0,0,6,4,1,0,2006-s4
P0309,P0359,1,0,0,1,5,5,1,0,2006-s4
P0359,P0431,2,2,0,0,14,6,2,0,2007-s4
P0322,P0359,1,1,0,0,7,3,1,0,2006-s4
P0359,P0590,1,1,0,0,10,0,1,0,2006-s4
P0183,P0359,1,1,0,0,6,4,1,0,2006-s4
P0221,P0525,1,0,1,0,4,6,1,0,2006-s4
P0221,P0431,1,1,0,0,7,3,1,0,2006-s4
P0221,P0322,1,1,0,0,6,4,1,0,2006-s4
P0221,P0590,1,1,0,0,10,0,1,0,2006-s4
P0183,P0221,1,0,1,0,3,7,1,0,2006-s4
P0309,P0525,1,0,0,1,5,5,1,0,2006-s4
P0431,P0525,1,0,1,0,4,6,1,0,2006-s4
P0322,P0525,1,0,0,1,5,5,1,0,2006-s4
P0525,P0590,1,0,1,0,1,9,1,0,2006-s4
P0183,P0525,1,1,0,0,9,1,1,0,2006-s4
P0309,P0431,1,1,0,0,6,4,1,0,2006-s4
P0309,P0590,1,0,1,0,3,7,1,0,2006-s4
P0322,P0431,1,0,0,1,5,5,1,0,2006-s4
P0183,P0431,1,1,0,0,8,2,1,0,2006-s4
P0322,P0590,1,0,1,0,4,6,1,0,2006-s4
P0183,P0322,1,0,1,0,4,6,1,0,2006-s4
P0183,P0590,1,1,0,0,10,0,1,0,2006-s4
P0073,P0378,1,1,0,0,9,1,1,0,2006-s5
P0073,P0140,1,0,0,1,5,5,1,0,2006-s5
P0073,P0585,1,0,1,0,2,8,1,0,2006-s5
P0073,P0166,1,0,0,1,5,5,1,0,2006-s5
P0073,P0616,2,2,0,0,16,4,2,0,2008-s2
P0073,P0593,1,1,0,0,7,3,1,0,2006-s5
P0140,P0378,1,0,1,0,4,6,1,0,2006-s5
P0378,P0585,1,0,0,1,5,5,1,0,2006-s5
P0166,P0378,1,0,0,1,5,5,1,0,2006-s5
P0378,P0616,1,0,0,1,5,5,1,0,2006-s5
P0378,P0593,1,1,0,0,7,3,1,0,2006-s5
P0140,P0585,2,1,0,1,11,9,2,0,2009-s6
P0140,P0166,1,1,0,0,8,2,1,0,2006-s5
P0140,P0616,2,2,0,0,16,4,2,0,2007-s6
P0140,P0593,1,1,0,0,7,3,1,0,2006-s5
P0166,P0585,1,1,0,0,6,4,1,0,2006-s5
P0585,P0616,2,2,0,0,12,8,2,0,2008-s1
P0585,P0593,1,1,0,0,7,3,1,0,2006-s5
P0166,P0616,1,0,1,0,4,6,1,0,2006-s5
P0166,P0593,1,1,0,0,6,4,1,0,2006-s5
P0593,P0616,1,1,0,0,6,4,1,0,2006-s5
P0257,P0430,1,0,0,1,5,5,1,0,2006-s5
P0349,P0430,1,0,1,0,0,10,1,0,2006-s5
P0282,P0430,1,0,0,1,5,5,1,0,2006-s5
P0250,P0430,1,0,1,0,3,7,1,0,2006-s5
P0416,P0430,1,0,1,0,3,7,1,0,2006-s5
P0430,P0494,1,1,0,0,6,4,1,0,2006-s5
P0257,P0349,1,1,0,0,8,2,1,0,2006-s5
P0257,P0282,1,0,0,1,5,5,1,0,2006-s5
P0250,P0257,1,0,1,0,2,8,1,0,2006-s5
P0257,P0416,1,1,0,0,9,1,1,0,2006-s5
P0257,P0494,1,0,1,0,1,9,1,0,2006-s5
P0282,P0349,1,1,0,0,6,4,1,0,2006-s5
P0250,P0349,1,1,0,0,7,3,1,0,2006-s5
P0349,P0416,1,1,0,0,7,3,1,0,2006-s5
P0349,P0494,1,1,0,0,6,4,1,0,2006-s5
P0250,P0282,1,1,0,0,6,4,1,0,2006-s5
P0282,P0416,1,0,1,0,4,6,1,0,2006-s5
P0282,P0494,1,0,1,0,4,6,1,0,2006-s5
P0250,P0416,1,1,0,0,9,1,1,0,2006-s5
P0250,P0494,1,1,0,0,6,4,1,0,2006-s5
P0416,P0494,1,0,0,1,5,5,1,0,2006-s5
P0179,P0480,1,1,0,0,6,4,1,0,2006-s5
P0179,P0542,1,0,0,1,5,5,1,0,2006-s5
P0179,P0333,1,0,1,0,3,7,1,0,2006-s5
P0179,P0220,1,1,0,0,7,3,1,0,2006-s5
P0179,P0601,1,1,0,0,6,4,1,0,2006-s5
P0480,P0578,1,1,0,0,7,3,1,0,2006-s5
P0480,P0542,1,0,1,0,2,8,1,0,2006-s5
P0333,P0480,1,0,1,0,3,7,1,0,2006-s5
P0220,P0480,1,0,1,0,3,7,1,0,2006-s5
P0480,P0601,1,0,0,1,5,5,1,0,2006-s5
P0542,P0578,1,1,0,0,6,4,1,0,2006-s5
P0333,P0578,1,0,1,0,3,7,1,0,2006-s5
P0578,P0601,1,0,0,1,5,5,1,0,2006-s5
P0333,P0542,1,0,0,1,5,5,1,0,2006-s5
P0220,P0542,1,0,1,0,1,9,1,0,2006-s5
P0542,P0601,1,1,0,0,6,4,1,0,2006-s5
P0220,P0333,1,0,1,0,0,10,1,0,2006-s5
P0333,P0601,1,1,0,0,7,3,1,0,2006-s5
P0220,P0601,1,0,1,0,2,8,1,0,2006-s5
P0252,P0495,1,0,1,0,4,6,1,0,2006-s5
P0091,P0252,1,0,1,0,4,6,1,0,2006-s5
P0252,P0646,1,0,0,1,5,5,1,0,2006-s5
P0210,P0252,1,1,0,0,10,0,1,0,2006-s5
P0252,P0366,1,0,1,0,4,6,1,0,2006-s5
P0172,P0495,1,0,1,0,4,6,1,0,2006-s5
P0091,P0172,1,0,1,0,2,8,1,0,2006-s5
P0172,P0646,1,1,0,0,7,3,1,0,2006-s5
P0172,P0210,1,0,0,1,5,5,1,0,2006-s5
P0172,P0366,1,0,1,0,4,6,1,0,2006-s5
P0091,P0495,1,1,0,0,6,4,1,0,2006-s5
P0495,P0646,1,1,0,0,10,0,1,0,2006-s5
P0210,P0495,1,0,1,0,3,7,1,0,2006-s5
P0366,P0495,1,1,0,0,7,3,1,0,2006-s5
P0091,P0646,1,0,1,0,4,6,1,0,2006-s5
P0091,P0366,1,1,0,0,6,4,1,0,2006-s5
P0210,P0646,1,0,1,0,4,6,1,0,2006-s5
P0366,P0646,1,0,0,1,5,5,1,0,2006-s5
P0210,P0366,1,0,1,0,3,7,1,0,2006-s5
P0233,P0440,1,1,0,0,10,0,1,0,2006-s5
P0233,P0394,1,1,0,0,8,2,1,0,2006-s5
P0233,P0510,1,1,0,0,8,2,1,0,2006-s5
P0211,P0233,1,0,1,0,2,8,1,0,2006-s5
P0233,P0461,1,1,0,0,8,2,1,0,2006-s5
P0440,P0510,1,1,0,0,8,2,1,0,2006-s5
P0211,P0440,1,1,0,0,6,4,1,0,2006-s5
P0440,P0461,1,0,0,1,5,5,1,0,2006-s5
P0487,P0510,1,1,0,0,8,2,1,0,2006-s5
P0461,P0487,1,0,1,0,2,8,1,0,2006-s5
P0394,P0461,1,0,0,1,5,5,1,0,2006-s5
P0461,P0510,1,1,0,0,6,4,1,0,2006-s5
P0237,P0297,1,0,1,0,3,7,1,0,2006-s5
P0186,P0297,1,1,0,0,7,3,1,0,2006-s5
P0012,P0297,1,0,1,0,2,8,1,0,2006-s5
P0297,P0617,1,1,0,0,6,4,1,0,2006-s5
P0297,P0359,1,1,0,0,7,3,1,0,2006-s5
P0186,P0237,1,0,1,0,4,6,1,0,2006-s5
P0012,P0237,1,0,0,1,5,5,1,0,2006-s5
P0237,P0617,2,0,2,0,7,13,2,0,2007-s6
P0237,P0359,1,1,0,0,9,1,1,0,2006-s5
P0011,P0237,1,0,0,1,5,5,1,0,2006-s5
P0012,P0186,1,0,0,1,5,5,1,0,2006-s5
P0186,P0359,1,1,0,0,7,3,1,0,2006-s5
P0011,P0186,1,0,1,0,1,9,1,0,2006-s5
P0012,P0617,1,0,1,0,1,9,1,0,2006-s5
P0012,P0359,1,1,0,0,8,2,1,0,2006-s5
P0011,P0012,1,0,1,0,1,9,1,0,2006-s5
P0359,P0617,1,0,0,1,5,5,1,0,2006-s5
P0011,P0617,1,1,0,0,6,4,1,0,2006-s5
P0011,P0359,1,1,0,0,7,3,1,0,2006-s5
P0060,P0653,1,0,1,0,3,7,1,0,2006-s5
P0060,P0638,1,1,0,0,10,0,1,0,2006-s5
P0060,P0076,1,0,0,1,5,5,1,0,2006-s5
P0060,P0402,1,1,0,0,7,3,1,0,2006-s5
P0060,P0642,1,1,0,0,6,4,1,0,2006-s5
P0060,P0420,1,1,0,0,6,4,1,0,2006-s5
P0638,P0653,1,0,1,0,2,8,1,0,2006-s5
P0076,P0653,2,1,1,0,8,12,2,0,2007-s1
P0402,P0653,1,0,1,0,3,7,1,0,2006-s5
P0642,P0653,1,0,0,1,5,5,1,0,2006-s5
P0420,P0653,1,1,0,0,6,4,1,0,2006-s5
P0076,P0638,1,1,0,0,10,0,1,0,2006-s5
P0402,P0638,1,1,0,0,8,2,1,0,2006-s5
P0638,P0642,1,0,1,0,2,8,1,0,2006-s5
P0420,P0638,1,1,0,0,6,4,1,0,2006-s5
P0076,P0402,1,1,0,0,6,4,1,0,2006-s5
P0076,P0642,1,0,1,0,4,6,1,0,2006-s5
P0076,P0420,1,1,0,0,7,3,1,0,2006-s5
P0402,P0642,1,1,0,0,6,4,1,0,2006-s5
P0402,P0420,1,0,1,0,2,8,1,0,2006-s5
P0420,P0642,1,0,1,0,0,10,1,0,2006-s5
P0206,P0227,1,0,0,1,5,5,1,0,2006-s5
P0206,P0335,1,0,0,1,5,5,1,0,2006-s5
P0206,P0290,1,1,0,0,8,2,1,0,2006-s5
P0206,P0514,1,0,0,1,5,5,1,0,2006-s5
P0157,P0206,1,0,1,0,4,6,1,0,2006-s5
P0227,P0622,1,0,1,0,3,7,1,0,2006-s5
P0227,P0335,1,1,0,0,8,2,1,0,2006-s5
P0227,P0290,1,1,0,0,6,4,1,0,2006-s5
P0227,P0514,1,1,0,0,6,4,1,0,2006-s5
P0157,P0227,1,0,1,0,4,6,1,0,2006-s5
P0335,P0622,1,0,0,1,5,5,1,0,2006-s5
P0290,P0622,1,0,1,0,4,6,1,0,2006-s5
P0514,P0622,1,0,1,0,4,6,1,0,2006-s5
P0157,P0622,1,0,1,0,3,7,1,0,2006-s5
P0290,P0335,1,1,0,0,6,4,1,0,2006-s5
P0335,P0514,1,1,0,0,6,4,1,0,2006-s5
P0157,P0335,1,1,0,0,10,0,1,0,2006-s5
P0290,P0514,1,0,1,0,2,8,1,0,2006-s5
P0157,P0514,1,0,1,0,4,6,1,0,2006-s5
P0030,P0324,1,1,0,0,8,2,1,0,2006-s5
P0324,P0383,1,1,0,0,9,1,1,0,2006-s5
P0265,P0324,1,0,1,0,3,7,1,0,2006-s5
P0245,P0324,1,0,1,0,4,6,1,0,2006-s5
P0196,P0324,1,0,1,0,1,9,1,0,2006-s5
P0324,P0589,1,1,0,0,7,3,1,0,2006-s5
P0030,P0383,1,0,1,0,4,6,1,0,2006-s5
P0030,P0265,1,1,0,0,8,2,1,0,2006-s5
P0030,P0196,1,0,1,0,3,7,1,0,2006-s5
P0030,P0589,1,1,0,0,8,2,1,0,2006-s5
P0265,P0383,1,1,0,0,7,3,1,0,2006-s5
P0245,P0383,1,1,0,0,6,4,1,0,2006-s5
P0196,P0383,1,1,0,0,7,3,1,0,2006-s5
P0383,P0589,1,1,0,0,6,4,1,0,2006-s5
P0245,P0265,1,1,0,0,6,4,1,0,2006-s5
P0196,P0265,1,1,0,0,7,3,1,0,2006-s5
P0265,P0589,1,0,1,0,4,6,1,0,2006-s5
P0196,P0245,1,1,0,0,6,4,1,0,2006-s5
P0245,P0589,1,1,0,0,7,3,1,0,2006-s5
P0196,P0589,1,1,0,0,8,2,1,0,2006-s5
P0565,P0609,1,0,0,1,5,5,1,0,2006-s5
P0082,P0565,1,0,1,0,3,7,1,0,2006-s5
P0447,P0565,1,0,1,0,1,9,1,0,2006-s5
P0029,P0565,1,1,0,0,8,2,1,0,2006-s5
P0018,P0565,1,1,0,0,7,3,1,0,2006-s5
P0082,P0609,1,0,1,0,3,7,1,0,2006-s5
P0447,P0609,1,1,0,0,6,4,1,0,2006-s5
P0029,P0609,4,2,2,0,22,18,4,0,2007-s5
P0018,P0609,1,0,0,1,5,5,1,0,2006-s5
P0082,P0447,1,1,0,0,6,4,1,0,2006-s5
P0029,P0082,1,1,0,0,10,0,1,0,2006-s5
P0029,P0447,1,1,0,0,8,2,1,0,2006-s5
P0018,P0447,1,1,0,0,6,4,1,0,2006-s5
P0018,P0029,1,1,0,0,6,4,1,0,2006-s5
P0239,P0474,1,1,0,0,6,4,1,0,2006-s5
P0474,P0478,1,0,1,0,0,10,1,0,2006-s5
P0375,P0474,1,1,0,0,6,4,1,0,2006-s5
P0377,P0474,1,1,0,0,7,3,1,0,2006-s5
P0242,P0474,1,1,0,0,9,1,1,0,2006-s5
P0075,P0474,1,0,1,0,4,6,1,0,2006-s5
P0239,P0478,1,0,1,0,3,7,1,0,2006-s5
P0239,P0375,1,0,1,0,4,6,1,0,2006-s5
P0239,P0377,1,0,1,0,0,10,1,0,2006-s5
P0239,P0242,1,0,1,0,3,7,1,0,2006-s5
P0375,P0478,1,0,0,1,5,5,1,0,2006-s5
P0377,P0478,1,0,1,0,3,7,1,0,2006-s5
P0242,P0478,1,0,1,0,3,7,1,0,2006-s5
P0075,P0478,1,0,1,0,3,7,1,0,2006-s5
P0375,P0377,1,0,0,1,5,5,1,0,2006-s5
P0242,P0375,1,0,1,0,4,6,1,0,2006-s5
P0075,P0375,1,0,1,0,3,7,1,0,2006-s5
P0242,P0377,1,0,1,0,4,6,1,0,2006-s5
P0075,P0377,1,1,0,0,6,4,1,0,2006-s5
P0075,P0242,1,0,1,0,4,6,1,0,2006-s5
P0183,P0639,1,1,0,0,7,3,1,0,2006-s5
P0183,P0519,1,1,0,0,6,4,1,0,2006-s5
P0183,P0518,1,0,0,1,5,5,1,0,2006-s5
P0183,P0327,1,0,0,1,5,5,1,0,2006-s5
P0183,P0467,2,1,1,0,10,10,2,0,2007-s1
P0183,P0470,1,0,0,1,5,5,1,0,2006-s5
P0519,P0639,1,1,0,0,9,1,1,0,2006-s5
P0518,P0639,1,1,0,0,8,2,1,0,2006-s5
P0327,P0639,1,1,0,0,9,1,1,0,2006-s5
P0467,P0639,1,1,0,0,6,4,1,0,2006-s5
P0470,P0639,1,1,0,0,7,3,1,0,2006-s5
P0518,P0519,1,0,1,0,0,10,1,0,2006-s5
P0327,P0519,1,0,1,0,4,6,1,0,2006-s5
P0467,P0519,1,0,1,0,3,7,1,0,2006-s5
P0470,P0519,1,1,0,0,6,4,1,0,2006-s5
P0327,P0518,1,0,1,0,0,10,1,0,2006-s5
P0467,P0518,1,1,0,0,8,2,1,0,2006-s5
P0470,P0518,1,1,0,0,8,2,1,0,2006-s5
P0327,P0467,1,1,0,0,8,2,1,0,2006-s5
P0327,P0470,1,1,0,0,7,3,1,0,2006-s5
P0467,P0470,1,0,1,0,3,7,1,0,2006-s5
P0009,P0436,1,0,0,1,5,5,1,0,2006-s5
P0009,P0266,1,0,1,0,3,7,1,0,2006-s5
P0009,P0217,1,0,1,0,4,6,1,0,2006-s5
P0009,P0323,1,1,0,0,10,0,1,0,2006-s5
P0009,P0437,1,0,1,0,3,7,1,0,2006-s5
P0009,P0641,1,1,0,0,10,0,1,0,2006-s5
P0266,P0436,1,1,0,0,7,3,1,0,2006-s5
P0217,P0436,1,1,0,0,7,3,1,0,2006-s5
P0323,P0436,1,0,1,0,2,8,1,0,2006-s5
P0436,P0437,1,0,1,0,4,6,1,0,2006-s5
P0436,P0641,1,0,1,0,3,7,1,0,2006-s5
P0217,P0266,1,0,0,1,5,5,1,0,2006-s5
P0266,P0323,1,0,0,1,5,5,1,0,2006-s5
P0266,P0437,1,1,0,0,6,4,1,0,2006-s5
P0266,P0641,1,1,0,0,6,4,1,0,2006-s5
P0217,P0323,1,0,0,1,5,5,1,0,2006-s5
P0217,P0437,1,1,0,0,6,4,1,0,2006-s5
P0217,P0641,1,0,1,0,3,7,1,0,2006-s5
P0323,P0437,1,0,1,0,0,10,1,0,2006-s5
P0323,P0641,1,0,0,1,5,5,1,0,2006-s5
P0437,P0641,1,1,0,0,6,4,1,0,2006-s5
P0350,P0434,1,0,1,0,4,6,1,0,2006-s5
P0350,P0537,1,1,0,0,7,3,1,0,2006-s5
P0350,P0530,1,1,0,0,9,1,1,0,2006-s5
P0350,P0524,1,0,1,0,4,6,1,0,2006-s5
P0163,P0350,1,0,1,0,4,6,1,0,2006-s5
P0350,P0580,1,0,0,1,5,5,1,0,2006-s5
P0434,P0537,1,1,0,0,7,3,1,0,2006-s5
P0434,P0530,1,0,0,1,5,5,1,0,2006-s5
P0434,P0524,1,0,1,0,3,7,1,0,2006-s5
P0163,P0434,1,1,0,0,7,3,1,0,2006-s5
P0434,P0580,1,0,0,1,5,5,1,0,2006-s5
P0530,P0537,1,1,0,0,7,3,1,0,2006-s5
P0524,P0537,1,1,0,0,8,2,1,0,2006-s5
P0163,P0537,1,1,0,0,8,2,1,0,2006-s5
P0537,P0580,1,0,1,0,2,8,1,0,2006-s5
P0524,P0530,1,1,0,0,8,2,1,0,2006-s5
P0163,P0530,1,1,0,0,6,4,1,0,2006-s5
P0530,P0580,1,0,1,0,1,9,1,0,2006-s5
P0163,P0524,1,1,0,0,6,4,1,0,2006-s5
P0524,P0580,1,0,0,1,5,5,1,0,2006-s5
P0163,P0580,1,0,0,1,5,5,1,0,2006-s5
P0347,P0475,1,0,1,0,2,8,1,0,2006-s5
P0176,P0475,1,0,1,0,4,6,1,0,2006-s5
P0249,P0475,1,0,0,1,5,5,1,0,2006-s5
P0361,P0475,2,1,1,0,10,10,2,0,2006-s6
P0475,P0499,1,0,1,0,4,6,1,0,2006-s5
P0291,P0475,1,0,1,0,4,6,1,0,2006-s5
P0176,P0347,1,0,1,0,4,6,1,0,2006-s5
P0249,P0347,1,1,0,0,9,1,1,0,2006-s5
P0347,P0361,1,0,0,1,5,5,1,0,2006-s5
P0347,P0499,1,1,0,0,10,0,1,0,2006-s5
P0291,P0347,1,1,0,0,8,2,1,0,2006-s5
P0176,P0249,1,0,1,0,4,6,1,0,2006-s5
P0176,P0361,1,0,1,0,0,10,1,0,2006-s5
P0176,P0499,1,0,1,0,4,6,1,0,2006-s5
P0176,P0291,1,0,1,0,3,7,1,0,2006-s5
P0249,P0361,1,0,1,0,4,6,1,0,2006-s5
P0249,P0499,1,0,0,1,5,5,1,0,2006-s5
P0249,P0291,1,0,0,1,5,5,1,0,2006-s5
P0361,P0499,1,1,0,0,6,4,1,0,2006-s5
P0291,P0361,1,1,0,0,7,3,1,0,2006-s5
P0291,P0499,1,1,0,0,7,3,1,0,2006-s5
P0223,P0406,1,1,0,0,8,2,1,0,2006-s5
P0406,P0522,1,1,0,0,10,0,1,0,2006-s5
P0346,P0406,1,0,1,0,0,10,1,0,2006-s5
P0248,P0406,1,1,0,0,7,3,1,0,2006-s5
P0205,P0406,1,1,0,0,7,3,1,0,2006-s5
P0131,P0406,1,1,0,0,8,2,1,0,2006-s5
P0223,P0522,1,1,0,0,10,0,1,0,2006-s5
P0223,P0346,1,1,0,0,6,4,1,0,2006-s5
P0223,P0248,1,1,0,0,10,0,1,0,2006-s5
P0205,P0223,1,1,0,0,6,4,1,0,2006-s5
P0131,P0223,1,1,0,0,6,4,1,0,2006-s5
P0248,P0522,1,1,0,0,10,0,1,0,2006-s5
P0205,P0522,1,1,0,0,10,0,1,0,2006-s5
P0131,P0522,1,1,0,0,8,2,1,0,2006-s5
P0248,P0346,1,1,0,0,8,2,1,0,2006-s5
P0205,P0346,1,1,0,0,10,0,1,0,2006-s5
P0131,P0346,1,1,0,0,10,0,1,0,2006-s5
P0205,P0248,1,0,1,0,4,6,1,0,2006-s5
P0131,P0248,1,0,1,0,3,7,1,0,2006-s5
P0131,P0205,2,2,0,0,12,8,2,0,2008-s2
P0361,P0579,1,0,1,0,3,7,1,0,2006-s6
P0361,P0549,1,0,1,0,4,6,1,0,2006-s6
P0210,P0361,1,0,0,1,5,5,1,0,2006-s6
P0355,P0361,1,1,0,0,9,1,1,0,2006-s6
P0290,P0361,1,0,1,0,4,6,1,0,2006-s6
P0475,P0579,1,0,1,0,4,6,1,0,2006-s6
P0549,P0579,1,1,0,0,6,4,1,0,2006-s6
P0210,P0579,1,0,0,1,5,5,1,0,2006-s6
P0355,P0579,1,1,0,0,7,3,1,0,2006-s6
P0290,P0579,1,0,1,0,3,7,1,0,2006-s6
P0475,P0549,1,0,0,1,5,5,1,0,2006-s6
P0355,P0475,1,1,0,0,6,4,1,0,2006-s6
P0290,P0475,1,1,0,0,7,3,1,0,2006-s6
P0210,P0549,1,0,1,0,3,7,1,0,2006-s6
P0355,P0549,1,1,0,0,6,4,1,0,2006-s6
P0290,P0549,1,1,0,0,6,4,1,0,2006-s6
P0210,P0355,1,0,1,0,4,6,1,0,2006-s6
P0210,P0290,1,0,1,0,4,6,1,0,2006-s6
P0290,P0355,1,0,1,0,4,6,1,0,2006-s6
P0199,P0494,1,1,0,0,7,3,1,0,2006-s6
P0199,P0266,1,0,0,1,5,5,1,0,2006-s6
P0199,P0456,1,0,1,0,0,10,1,0,2006-s6
P0199,P0625,1,1,0,0,7,3,1,0,2006-s6
P0199,P0462,1,1,0,0,7,3,1,0,2006-s6
P0199,P0237,1,1,0,0,7,3,1,0,2006-s6
P0266,P0494,1,1,0,0,7,3,1,0,2006-s6
P0456,P0494,1,1,0,0,7,3,1,0,2006-s6
P0494,P0625,1,0,1,0,4,6,1,0,2006-s6
P0462,P0494,1,1,0,0,8,2,1,0,2006-s6
P0237,P0494,1,1,0,0,6,4,1,0,2006-s6
P0266,P0456,1,0,1,0,3,7,1,0,2006-s6
P0266,P0625,1,0,1,0,0,10,1,0,2006-s6
P0266,P0462,1,0,1,0,3,7,1,0,2006-s6
P0456,P0625,1,0,0,1,5,5,1,0,2006-s6
P0456,P0462,1,1,0,0,7,3,1,0,2006-s6
P0237,P0456,1,0,1,0,4,6,1,0,2006-s6
P0462,P0625,1,0,1,0,2,8,1,0,2006-s6
P0237,P0625,1,0,1,0,2,8,1,0,2006-s6
P0237,P0462,1,1,0,0,6,4,1,0,2006-s6
P0182,P0565,1,0,1,0,0,10,1,0,2006-s6
P0182,P0412,1,1,0,0,6,4,1,0,2006-s6
P0182,P0421,1,0,1,0,3,7,1,0,2006-s6
P0167,P0182,1,1,0,0,10,0,1,0,2006-s6
P0182,P0506,1,0,1,0,2,8,1,0,2006-s6
P0412,P0565,1,1,0,0,9,1,1,0,2006-s6
P0421,P0565,1,1,0,0,6,4,1,0,2006-s6
P0167,P0565,2,0,2,0,5,15,2,0,2006-s7
P0565,P0640,1,0,1,0,3,7,1,0,2006-s6
P0506,P0565,1,0,1,0,3,7,1,0,2006-s6
P0412,P0421,1,1,0,0,6,4,1,0,2006-s6
P0167,P0412,1,0,1,0,2,8,1,0,2006-s6
P0412,P0640,1,0,0,1,5,5,1,0,2006-s6
P0412,P0506,1,0,1,0,0,10,1,0,2006-s6
P0167,P0421,1,0,1,0,4,6,1,0,2006-s6
P0421,P0640,1,1,0,0,6,4,1,0,2006-s6
P0421,P0506,1,1,0,0,6,4,1,0,2006-s6
P0167,P0640,1,1,0,0,6,4,1,0,2006-s6
P0167,P0506,1,1,0,0,7,3,1,0,2006-s6
P0506,P0640,1,1,0,0,9,1,1,0,2006-s6
P0359,P0447,1,1,0,0,6,4,1,0,2006-s6
P0188,P0447,1,1,0,0,6,4,1,0,2006-s6
P0267,P0447,1,1,0,0,6,4,1,0,2006-s6
P0447,P0507,1,0,1,0,4,6,1,0,2006-s6
P0447,P0481,1,0,1,0,4,6,1,0,2006-s6
P0225,P0447,1,1,0,0,6,4,1,0,2006-s6
P0188,P0359,1,1,0,0,6,4,1,0,2006-s6
P0267,P0359,1,0,1,0,4,6,1,0,2006-s6
P0359,P0507,1,0,0,1,5,5,1,0,2006-s6
P0359,P0481,1,0,1,0,2,8,1,0,2006-s6
P0225,P0359,1,1,0,0,6,4,1,0,2006-s6
P0188,P0267,1,0,1,0,2,8,1,0,2006-s6
P0188,P0507,1,1,0,0,7,3,1,0,2006-s6
P0188,P0481,1,1,0,0,6,4,1,0,2006-s6
P0188,P0225,1,0,1,0,3,7,1,0,2006-s6
P0267,P0507,1,0,0,1,5,5,1,0,2006-s6
P0267,P0481,1,1,0,0,9,1,1,0,2006-s6
P0225,P0267,1,0,1,0,3,7,1,0,2006-s6
P0481,P0507,1,0,1,0,3,7,1,0,2006-s6
P0225,P0507,1,0,1,0,1,9,1,0,2006-s6
P0225,P0481,1,1,0,0,6,4,1,0,2006-s6
P0189,P0348,1,1,0,0,6,4,1,0,2006-s6
P0348,P0482,1,0,1,0,0,10,1,0,2006-s6
P0348,P0493,1,1,0,0,8,2,1,0,2006-s6
P0348,P0540,1,0,1,0,0,10,1,0,2006-s6
P0348,P0616,1,1,0,0,6,4,1,0,2006-s6
P0189,P0482,1,0,1,0,3,7,1,0,2006-s6
P0189,P0493,1,1,0,0,6,4,1,0,2006-s6
P0189,P0540,1,1,0,0,6,4,1,0,2006-s6
P0189,P0616,1,1,0,0,6,4,1,0,2006-s6
P0189,P0233,1,1,0,0,6,4,1,0,2006-s6
P0482,P0493,1,1,0,0,6,4,1,0,2006-s6
P0482,P0540,1,1,0,0,10,0,1,0,2006-s6
P0482,P0616,1,1,0,0,10,0,1,0,2006-s6
P0233,P0482,1,0,1,0,4,6,1,0,2006-s6
P0493,P0540,1,1,0,0,9,1,1,0,2006-s6
P0493,P0616,2,2,0,0,13,7,2,0,2007-s2
P0233,P0493,1,0,0,1,5,5,1,0,2006-s6
P0540,P0616,1,1,0,0,6,4,1,0,2006-s6
P0233,P0540,1,0,1,0,0,10,1,0,2006-s6
P0233,P0616,1,0,1,0,0,10,1,0,2006-s6
P0212,P0643,1,0,1,0,3,7,1,0,2006-s6
P0251,P0643,1,0,0,1,5,5,1,0,2006-s6
P0594,P0643,1,0,1,0,3,7,1,0,2006-s6
P0268,P0643,1,1,0,0,7,3,1,0,2006-s6
P0587,P0643,1,1,0,0,9,1,1,0,2006-s6
P0427,P0643,1,0,1,0,4,6,1,0,2006-s6
P0212,P0594,1,1,0,0,6,4,1,0,2006-s6
P0212,P0268,1,0,1,0,2,8,1,0,2006-s6
P0212,P0587,1,0,1,0,0,10,1,0,2006-s6
P0212,P0427,1,0,0,1,5,5,1,0,2006-s6
P0251,P0594,1,1,0,0,7,3,1,0,2006-s6
P0251,P0268,1,0,0,1,5,5,1,0,2006-s6
P0251,P0587,1,0,1,0,4,6,1,0,2006-s6
P0251,P0427,1,1,0,0,6,4,1,0,2006-s6
P0268,P0594,1,1,0,0,8,2,1,0,2006-s6
P0587,P0594,1,1,0,0,8,2,1,0,2006-s6
P0427,P0594,1,0,0,1,5,5,1,0,2006-s6
P0268,P0587,1,1,0,0,10,0,1,0,2006-s6
P0268,P0427,1,1,0,0,6,4,1,0,2006-s6
P0427,P0587,1,1,0,0,8,2,1,0,2006-s6
P0310,P0654,1,0,1,0,2,8,1,0,2006-s6
P0202,P0654,1,0,1,0,3,7,1,0,2006-s6
P0177,P0654,1,0,1,0,4,6,1,0,2006-s6
P0281,P0654,1,0,1,0,3,7,1,0,2006-s6
P0305,P0654,1,0,1,0,3,7,1,0,2006-s6
P0277,P0654,1,0,1,0,3,7,1,0,2006-s6
P0202,P0310,1,0,1,0,4,6,1,0,2006-s6
P0177,P0310,1,1,0,0,7,3,1,0,2006-s6
P0281,P0310,1,0,1,0,4,6,1,0,2006-s6
P0305,P0310,1,1,0,0,6,4,1,0,2006-s6
P0177,P0202,1,0,1,0,4,6,1,0,2006-s6
P0202,P0281,1,1,0,0,9,1,1,0,2006-s6
P0202,P0305,1,0,1,0,3,7,1,0,2006-s6
P0202,P0277,1,1,0,0,10,0,1,0,2006-s6
P0177,P0281,1,1,0,0,8,2,1,0,2006-s6
P0177,P0305,1,1,0,0,7,3,1,0,2006-s6
P0177,P0277,1,1,0,0,6,4,1,0,2006-s6
P0281,P0305,1,0,1,0,2,8,1,0,2006-s6
P0277,P0281,1,1,0,0,9,1,1,0,2006-s6
P0277,P0305,1,0,0,1,5,5,1,0,2006-s6
P0253,P0367,1,0,1,0,3,7,1,0,2006-s6
P0333,P0367,1,0,1,0,4,6,1,0,2006-s6
P0367,P0403,1,0,0,1,5,5,1,0,2006-s6
P0367,P0417,1,1,0,0,8,2,1,0,2006-s6
P0246,P0367,1,1,0,0,8,2,1,0,2006-s6
P0367,P0516,1,1,0,0,8,2,1,0,2006-s6
P0253,P0333,1,1,0,0,7,3,1,0,2006-s6
P0253,P0403,1,1,0,0,7,3,1,0,2006-s6
P0253,P0417,1,0,1,0,2,8,1,0,2006-s6
P0246,P0253,1,0,1,0,4,6,1,0,2006-s6
P0253,P0516,1,1,0,0,6,4,1,0,2006-s6
P0333,P0403,1,1,0,0,6,4,1,0,2006-s6
P0333,P0417,1,0,1,0,3,7,1,0,2006-s6
P0246,P0333,1,0,0,1,5,5,1,0,2006-s6
P0333,P0516,1,1,0,0,8,2,1,0,2006-s6
P0403,P0417,1,0,1,0,0,10,1,0,2006-s6
P0246,P0403,1,0,1,0,4,6,1,0,2006-s6
P0403,P0516,1,0,1,0,4,6,1,0,2006-s6
P0246,P0417,1,1,0,0,8,2,1,0,2006-s6
P0246,P0516,1,0,0,1,5,5,1,0,2006-s6
P0601,P0609,1,0,0,1,5,5,1,0,2006-s6
P0395,P0609,1,1,0,0,7,3,1,0,2006-s6
P0609,P0624,1,1,0,0,7,3,1,0,2006-s6
P0216,P0609,1,0,1,0,4,6,1,0,2006-s6
P0384,P0609,1,1,0,0,7,3,1,0,2006-s6
P0395,P0601,1,0,0,1,5,5,1,0,2006-s6
P0601,P0624,1,1,0,0,6,4,1,0,2006-s6
P0216,P0601,1,1,0,0,7,3,1,0,2006-s6
P0320,P0601,1,1,0,0,8,2,1,0,2006-s6
P0384,P0601,1,1,0,0,10,0,1,0,2006-s6
P0395,P0624,1,0,1,0,4,6,1,0,2006-s6
P0216,P0395,1,0,1,0,4,6,1,0,2006-s6
P0320,P0395,1,0,1,0,3,7,1,0,2006-s6
P0384,P0395,1,0,1,0,3,7,1,0,2006-s6
P0216,P0624,1,0,1,0,2,8,1,0,2006-s6
P0320,P0624,1,0,1,0,3,7,1,0,2006-s6
P0384,P0624,1,1,0,0,7,3,1,0,2006-s6
P0216,P0320,1,0,1,0,4,6,1,0,2006-s6
P0320,P0384,1,0,1,0,3,7,1,0,2006-s6
P0207,P0254,1,0,1,0,1,9,1,0,2006-s6
P0227,P0254,1,0,1,0,0,10,1,0,2006-s6
P0254,P0269,1,1,0,0,6,4,1,0,2006-s6
P0254,P0391,1,1,0,0,7,3,1,0,2006-s6
P0024,P0254,1,0,1,0,3,7,1,0,2006-s6
P0217,P0254,1,0,0,1,5,5,1,0,2006-s6
P0207,P0227,1,1,0,0,6,4,1,0,2006-s6
P0207,P0269,1,1,0,0,7,3,1,0,2006-s6
P0207,P0391,1,0,1,0,4,6,1,0,2006-s6
P0024,P0207,1,0,1,0,4,6,1,0,2006-s6
P0207,P0217,1,1,0,0,6,4,1,0,2006-s6
P0227,P0269,1,1,0,0,7,3,1,0,2006-s6
P0227,P0391,1,0,1,0,3,7,1,0,2006-s6
P0024,P0227,1,1,0,0,6,4,1,0,2006-s6
P0217,P0227,1,0,1,0,3,7,1,0,2006-s6
P0269,P0391,1,0,1,0,4,6,1,0,2006-s6
P0217,P0269,1,0,1,0,3,7,1,0,2006-s6
P0024,P0391,1,0,1,0,4,6,1,0,2006-s6
P0217,P0391,1,0,1,0,1,9,1,0,2006-s6
P0024,P0217,1,0,0,1,5,5,1,0,2006-s6
P0413,P0558,1,0,1,0,4,6,1,0,2006-s6
P0471,P0558,1,0,1,0,2,8,1,0,2006-s6
P0558,P0573,1,0,1,0,3,7,1,0,2006-s6
P0292,P0558,1,1,0,0,6,4,1,0,2006-s6
P0312,P0558,1,1,0,0,7,3,1,0,2006-s6
P0326,P0558,1,1,0,0,8,2,1,0,2006-s6
P0413,P0471,1,0,1,0,4,6,1,0,2006-s6
P0292,P0413,1,1,0,0,8,2,1,0,2006-s6
P0312,P0413,1,0,1,0,2,8,1,0,2006-s6
P0326,P0413,1,1,0,0,7,3,1,0,2006-s6
P0471,P0573,1,0,1,0,1,9,1,0,2006-s6
P0292,P0471,1,1,0,0,8,2,1,0,2006-s6
P0312,P0471,1,0,1,0,4,6,1,0,2006-s6
P0326,P0471,1,0,1,0,4,6,1,0,2006-s6
P0292,P0573,1,1,0,0,8,2,1,0,2006-s6
P0312,P0573,1,1,0,0,6,4,1,0,2006-s6
P0326,P0573,1,0,1,0,3,7,1,0,2006-s6
P0292,P0312,1,1,0,0,7,3,1,0,2006-s6
P0292,P0326,1,1,0,0,7,3,1,0,2006-s6
P0312,P0326,1,0,1,0,4,6,1,0,2006-s6
P0606,P0641,1,1,0,0,9,1,1,0,2006-s6
P0526,P0606,1,1,0,0,9,1,1,0,2006-s6
P0539,P0606,1,0,1,0,4,6,1,0,2006-s6
P0567,P0606,1,1,0,0,6,4,1,0,2006-s6
P0432,P0606,1,0,1,0,2,8,1,0,2006-s6
P0467,P0606,1,0,1,0,1,9,1,0,2006-s6
P0526,P0641,1,1,0,0,8,2,1,0,2006-s6
P0539,P0641,1,0,0,1,5,5,1,0,2006-s6
P0567,P0641,1,0,1,0,3,7,1,0,2006-s6
P0432,P0641,1,0,1,0,0,10,1,0,2006-s6
P0526,P0539,1,1,0,0,7,3,1,0,2006-s6
P0526,P0567,1,1,0,0,6,4,1,0,2006-s6
P0432,P0526,1,0,1,0,2,8,1,0,2006-s6
P0467,P0526,1,0,1,0,1,9,1,0,2006-s6
P0539,P0567,1,1,0,0,7,3,1,0,2006-s6
P0432,P0539,1,0,1,0,3,7,1,0,2006-s6
P0467,P0539,1,0,1,0,2,8,1,0,2006-s6
P0432,P0567,1,0,1,0,4,6,1,0,2006-s6
P0467,P0567,1,0,1,0,2,8,1,0,2006-s6
P0432,P0467,1,1,0,0,10,0,1,0,2006-s6
P0343,P0438,1,0,0,1,5,5,1,0,2006-s6
P0438,P0496,1,0,1,0,2,8,1,0,2006-s6
P0370,P0438,1,1,0,0,8,2,1,0,2006-s6
P0345,P0438,1,1,0,0,8,2,1,0,2006-s6
P0405,P0438,1,0,0,1,5,5,1,0,2006-s6
P0343,P0496,1,0,1,0,4,6,1,0,2006-s6
P0343,P0370,1,0,1,0,1,9,1,0,2006-s6
P0343,P0345,1,0,1,0,3,7,1,0,2006-s6
P0343,P0405,1,0,1,0,3,7,1,0,2006-s6
P0343,P0563,1,1,0,0,7,3,1,0,2006-s6
P0370,P0496,1,0,0,1,5,5,1,0,2006-s6
P0345,P0496,1,1,0,0,6,4,1,0,2006-s6
P0405,P0496,1,0,0,1,5,5,1,0,2006-s6
P0496,P0563,1,1,0,0,7,3,1,0,2006-s6
P0345,P0370,1,0,0,1,5,5,1,0,2006-s6
P0370,P0405,1,0,0,1,5,5,1,0,2006-s6
P0370,P0563,1,1,0,0,6,4,1,0,2006-s6
P0345,P0405,1,1,0,0,6,4,1,0,2006-s6
P0345,P0563,1,1,0,0,8,2,1,0,2006-s6
P0405,P0563,1,1,0,0,8,2,1,0,2006-s6
P0439,P0647,1,1,0,0,6,4,1,0,2006-s6
P0369,P0647,1,0,1,0,3,7,1,0,2006-s6
P0537,P0647,1,0,1,0,4,6,1,0,2006-s6
P0068,P0647,1,0,1,0,4,6,1,0,2006-s6
P0193,P0647,1,0,0,1,5,5,1,0,2006-s6
P0453,P0647,1,0,1,0,2,8,1,0,2006-s6
P0369,P0439,1,0,0,1,5,5,1,0,2006-s6
P0439,P0537,1,1,0,0,10,0,1,0,2006-s6
P0068,P0439,1,0,1,0,4,6,1,0,2006-s6
P0193,P0439,1,0,1,0,4,6,1,0,2006-s6
P0439,P0453,1,1,0,0,6,4,1,0,2006-s6
P0369,P0537,1,1,0,0,10,0,1,0,2006-s6
P0068,P0369,1,0,1,0,2,8,1,0,2006-s6
P0193,P0369,1,1,0,0,6,4,1,0,2006-s6
P0369,P0453,1,1,0,0,6,4,1,0,2006-s6
P0068,P0537,1,1,0,0,10,0,1,0,2006-s6
P0193,P0537,1,1,0,0,8,2,1,0,2006-s6
P0453,P0537,1,1,0,0,6,4,1,0,2006-s6
P0068,P0193,1,1,0,0,7,3,1,0,2006-s6
P0068,P0453,1,1,0,0,6,4,1,0,2006-s6
P0193,P0453,1,1,0,0,7,3,1,0,2006-s6
P0191,P0298,1,1,0,0,10,0,1,0,2006-s6
P0191,P0373,1,1,0,0,6,4,1,0,2006-s6
P0191,P0435,1,0,0,1,5,5,1,0,2006-s6
P0191,P0229,1,1,0,0,7,3,1,0,2006-s6
P0191,P0406,1,1,0,0,9,1,1,0,2006-s6
P0191,P0536,1,0,0,1,5,5,1,0,2006-s6
P0298,P0373,1,1,0,0,6,4,1,0,2006-s6
P0298,P0435,1,0,0,1,5,5,1,0,2006-s6
P0229,P0298,1,1,0,0,7,3,1,0,2006-s6
P0298,P0406,1,1,0,0,6,4,1,0,2006-s6
P0298,P0536,1,1,0,0,9,1,1,0,2006-s6
P0373,P0435,1,0,0,1,5,5,1,0,2006-s6
P0229,P0373,1,0,0,1,5,5,1,0,2006-s6
P0373,P0406,1,1,0,0,8,2,1,0,2006-s6
P0373,P0536,1,1,0,0,6,4,1,0,2006-s6
P0229,P0435,1,0,1,0,3,7,1,0,2006-s6
P0406,P0435,1,0,1,0,2,8,1,0,2006-s6
P0435,P0536,1,1,0,0,6,4,1,0,2006-s6
P0229,P0406,1,1,0,0,7,3,1,0,2006-s6
P0229,P0536,1,0,1,0,4,6,1,0,2006-s6
P0406,P0536,1,0,1,0,4,6,1,0,2006-s6
P0206,P0644,1,1,0,0,7,3,1,0,2006-s7
P0184,P0644,1,1,0,0,7,3,1,0,2006-s7
P0258,P0644,1,0,0,1,5,5,1,0,2006-s7
P0297,P0644,1,1,0,0,8,2,1,0,2006-s7
P0073,P0644,1,0,1,0,3,7,1,0,2006-s7
P0184,P0206,1,1,0,0,6,4,1,0,2006-s7
P0206,P0297,1,0,1,0,1,9,1,0,2006-s7
P0073,P0206,1,1,0,0,7,3,1,0,2006-s7
P0206,P0411,1,0,1,0,4,6,1,0,2006-s7
P0184,P0258,1,0,0,1,5,5,1,0,2006-s7
P0184,P0297,1,0,1,0,3,7,1,0,2006-s7
P0073,P0184,1,0,0,1,5,5,1,0,2006-s7
P0184,P0411,1,1,0,0,7,3,1,0,2006-s7
P0258,P0297,1,0,1,0,3,7,1,0,2006-s7
P0073,P0258,1,0,0,1,5,5,1,0,2006-s7
P0258,P0411,1,1,0,0,8,2,1,0,2006-s7
P0073,P0297,3,1,2,0,12,18,3,0,2009-s4
P0297,P0411,1,1,0,0,6,4,1,0,2006-s7
P0073,P0411,2,1,1,0,10,10,2,0,2007-s1
P0140,P0609,1,1,0,0,8,2,1,0,2006-s7
P0126,P0609,1,1,0,0,6,4,1,0,2006-s7
P0356,P0609,1,1,0,0,6,4,1,0,2006-s7
P0278,P0609,1,0,1,0,4,6,1,0,2006-s7
P0060,P0609,1,0,1,0,3,7,1,0,2006-s7
P0450,P0609,1,0,1,0,3,7,1,0,2006-s7
P0140,P0356,1,0,0,1,5,5,1,0,2006-s7
P0140,P0278,1,1,0,0,6,4,1,0,2006-s7
P0060,P0140,1,1,0,0,6,4,1,0,2006-s7
P0140,P0450,1,1,0,0,6,4,1,0,2006-s7
P0126,P0356,1,0,0,1,5,5,1,0,2006-s7
P0126,P0278,1,0,1,0,0,10,1,0,2006-s7
P0126,P0450,1,0,1,0,0,10,1,0,2006-s7
P0278,P0356,1,1,0,0,9,1,1,0,2006-s7
P0060,P0356,1,1,0,0,7,3,1,0,2006-s7
P0356,P0450,1,1,0,0,6,4,1,0,2006-s7
P0060,P0278,1,0,1,0,3,7,1,0,2006-s7
P0278,P0450,1,1,0,0,7,3,1,0,2006-s7
P0060,P0450,1,1,0,0,7,3,1,0,2006-s7
P0029,P0300,1,1,0,0,6,4,1,0,2006-s7
P0300,P0321,3,2,1,0,17,13,3,0,2007-s2
P0300,P0437,1,1,0,0,8,2,1,0,2006-s7
P0300,P0501,1,1,0,0,6,4,1,0,2006-s7
P0024,P0300,1,0,1,0,4,6,1,0,2006-s7
P0300,P0378,2,2,0,0,14,6,2,0,2007-s1
P0029,P0321,1,0,1,0,4,6,1,0,2006-s7
P0029,P0437,1,0,1,0,4,6,1,0,2006-s7
P0024,P0029,2,0,2,0,4,16,2,0,2010-s1
P0029,P0378,1,0,0,1,5,5,1,0,2006-s7
P0321,P0437,1,1,0,0,7,3,1,0,2006-s7
P0321,P0501,1,0,0,1,5,5,1,0,2006-s7
P0024,P0321,2,0,2,0,6,14,2,0,2007-s3
P0321,P0378,2,1,1,0,12,8,2,0,2007-s1
P0437,P0501,1,1,0,0,6,4,1,0,2006-s7
P0024,P0437,1,1,0,0,7,3,1,0,2006-s7
P0378,P0437,1,0,0,1,5,5,1,0,2006-s7
P0378,P0501,1,1,0,0,9,1,1,0,2006-s7
P0024,P0378,2,0,1,1,7,13,2,0,2007-s2
P0261,P0422,1,0,1,0,3,7,1,0,2006-s7
P0261,P0653,1,0,1,0,2,8,1,0,2006-s7
P0213,P0261,1,1,0,0,6,4,1,0,2006-s7
P0261,P0630,1,1,0,0,10,0,1,0,2006-s7
P0261,P0293,1,1,0,0,7,3,1,0,2006-s7
P0261,P0359,1,0,1,0,4,6,1,0,2006-s7
P0422,P0653,1,0,1,0,3,7,1,0,2006-s7
P0213,P0422,1,0,1,0,3,7,1,0,2006-s7
P0422,P0630,1,1,0,0,10,0,1,0,2006-s7
P0293,P0422,1,0,1,0,1,9,1,0,2006-s7
P0359,P0422,1,0,1,0,3,7,1,0,2006-s7
P0213,P0653,1,0,1,0,4,6,1,0,2006-s7
P0630,P0653,1,0,1,0,0,10,1,0,2006-s7
P0293,P0653,1,0,1,0,2,8,1,0,2006-s7
P0359,P0653,1,0,1,0,1,9,1,0,2006-s7
P0213,P0630,1,1,0,0,10,0,1,0,2006-s7
P0213,P0293,1,1,0,0,6,4,1,0,2006-s7
P0213,P0359,1,1,0,0,6,4,1,0,2006-s7
P0293,P0630,1,1,0,0,8,2,1,0,2006-s7
P0359,P0630,1,1,0,0,6,4,1,0,2006-s7
P0293,P0359,1,1,0,0,6,4,1,0,2006-s7
P0178,P0616,1,0,1,0,4,6,1,0,2006-s7
P0178,P0294,1,0,1,0,1,9,1,0,2006-s7
P0075,P0178,1,0,1,0,3,7,1,0,2006-s7
P0172,P0178,1,1,0,0,7,3,1,0,2006-s7
P0178,P0204,1,0,1,0,0,10,1,0,2006-s7
P0178,P0385,1,0,1,0,0,10,1,0,2006-s7
P0294,P0616,1,0,1,0,4,6,1,0,2006-s7
P0075,P0616,1,1,0,0,8,2,1,0,2006-s7
P0172,P0616,1,0,1,0,4,6,1,0,2006-s7
P0204,P0616,1,1,0,0,8,2,1,0,2006-s7
P0385,P0616,1,1,0,0,7,3,1,0,2006-s7
P0075,P0294,1,0,1,0,2,8,1,0,2006-s7
P0172,P0294,1,1,0,0,6,4,1,0,2006-s7
P0204,P0294,1,1,0,0,6,4,1,0,2006-s7
P0294,P0385,1,0,1,0,4,6,1,0,2006-s7
P0075,P0172,1,0,1,0,1,9,1,0,2006-s7
P0075,P0204,1,0,1,0,4,6,1,0,2006-s7
P0075,P0385,1,0,0,1,5,5,1,0,2006-s7
P0172,P0204,1,1,0,0,7,3,1,0,2006-s7
P0172,P0385,1,0,1,0,4,6,1,0,2006-s7
P0204,P0385,1,0,1,0,4,6,1,0,2006-s7
P0167,P0427,1,0,1,0,4,6,1,0,2006-s7
P0427,P0430,1,0,1,0,3,7,1,0,2006-s7
P0427,P0565,1,1,0,0,8,2,1,0,2006-s7
P0427,P0512,1,0,1,0,3,7,1,0,2006-s7
P0215,P0427,1,0,1,0,4,6,1,0,2006-s7
P0340,P0427,1,0,1,0,1,9,1,0,2006-s7
P0167,P0512,1,0,1,0,2,8,1,0,2006-s7
P0167,P0215,1,0,1,0,4,6,1,0,2006-s7
P0167,P0340,1,1,0,0,8,2,1,0,2006-s7
P0430,P0512,1,0,1,0,4,6,1,0,2006-s7
P0340,P0430,1,0,1,0,1,9,1,0,2006-s7
P0512,P0565,1,1,0,0,7,3,1,0,2006-s7
P0340,P0565,1,0,1,0,3,7,1,0,2006-s7
P0215,P0512,1,0,0,1,5,5,1,0,2006-s7
P0340,P0512,1,0,1,0,0,10,1,0,2006-s7
P0215,P0340,1,1,0,0,7,3,1,0,2006-s7
P0239,P0270,1,0,1,0,2,8,1,0,2006-s7
P0239,P0310,1,1,0,0,8,2,1,0,2006-s7
P0186,P0239,1,0,1,0,3,7,1,0,2006-s7
P0239,P0588,1,1,0,0,7,3,1,0,2006-s7
P0051,P0239,1,0,1,0,1,9,1,0,2006-s7
P0239,P0533,1,0,1,0,4,6,1,0,2006-s7
P0270,P0310,1,1,0,0,6,4,1,0,2006-s7
P0186,P0270,1,0,1,0,4,6,1,0,2006-s7
P0270,P0588,1,1,0,0,6,4,1,0,2006-s7
P0051,P0270,1,0,1,0,3,7,1,0,2006-s7
P0270,P0533,1,0,1,0,4,6,1,0,2006-s7
P0310,P0588,1,0,0,1,5,5,1,0,2006-s7
P0186,P0588,1,1,0,0,7,3,1,0,2006-s7
P0051,P0186,1,0,1,0,1,9,1,0,2006-s7
P0186,P0533,1,1,0,0,7,3,1,0,2006-s7
P0533,P0588,1,0,1,0,2,8,1,0,2006-s7
P0051,P0533,1,0,1,0,1,9,1,0,2006-s7
P0342,P0493,1,0,1,0,2,8,1,0,2006-s7
P0342,P0404,1,1,0,0,6,4,1,0,2006-s7
P0342,P0434,1,1,0,0,6,4,1,0,2006-s7
P0342,P0377,1,0,1,0,4,6,1,0,2006-s7
P0076,P0342,1,1,0,0,8,2,1,0,2006-s7
P0404,P0493,1,0,1,0,1,9,1,0,2006-s7
P0234,P0493,1,0,1,0,4,6,1,0,2006-s7
P0434,P0493,1,0,1,0,3,7,1,0,2006-s7
P0377,P0493,1,0,1,0,4,6,1,0,2006-s7
P0076,P0493,1,0,1,0,4,6,1,0,2006-s7
P0404,P0434,1,1,0,0,6,4,1,0,2006-s7
P0377,P0404,1,1,0,0,7,3,1,0,2006-s7
P0076,P0404,2,1,1,0,9,11,2,0,2007-s4
P0234,P0434,1,0,1,0,3,7,1,0,2006-s7
P0076,P0234,1,1,0,0,6,4,1,0,2006-s7
P0377,P0434,1,1,0,0,6,4,1,0,2006-s7
P0076,P0434,1,0,1,0,2,8,1,0,2006-s7
P0076,P0377,1,0,0,1,5,5,1,0,2006-s7
P0195,P0535,1,0,1,0,4,6,1,0,2006-s7
P0250,P0535,1,0,1,0,4,6,1,0,2006-s7
P0535,P0627,1,1,0,0,6,4,1,0,2006-s7
P0535,P0615,1,1,0,0,10,0,1,0,2006-s7
P0363,P0535,1,1,0,0,6,4,1,0,2006-s7
P0205,P0535,1,1,0,0,7,3,1,0,2006-s7
P0195,P0250,1,0,1,0,0,10,1,0,2006-s7
P0195,P0627,1,0,1,0,4,6,1,0,2006-s7
P0195,P0363,1,1,0,0,6,4,1,0,2006-s7
P0195,P0205,1,0,1,0,0,10,1,0,2006-s7
P0250,P0615,1,1,0,0,10,0,1,0,2006-s7
P0250,P0363,1,0,1,0,4,6,1,0,2006-s7
P0205,P0250,2,1,1,0,11,9,2,0,2007-s1
P0615,P0627,1,1,0,0,8,2,1,0,2006-s7
P0363,P0627,1,1,0,0,6,4,1,0,2006-s7
P0205,P0627,1,1,0,0,8,2,1,0,2006-s7
P0205,P0363,2,1,0,1,11,9,2,0,2008-s1
P0333,P0485,2,2,0,0,13,7,2,0,2007-s2
P0333,P0581,1,1,0,0,6,4,1,0,2006-s7
P0216,P0333,1,0,1,0,4,6,1,0,2006-s7
P0333,P0464,1,1,0,0,10,0,1,0,2006-s7
P0235,P0333,1,1,0,0,7,3,1,0,2006-s7
P0192,P0333,1,1,0,0,6,4,1,0,2006-s7
P0485,P0581,1,0,1,0,3,7,1,0,2006-s7
P0216,P0485,1,1,0,0,6,4,1,0,2006-s7
P0464,P0485,1,0,1,0,0,10,1,0,2006-s7
P0235,P0485,1,1,0,0,7,3,1,0,2006-s7
P0216,P0581,1,0,1,0,3,7,1,0,2006-s7
P0464,P0581,1,0,1,0,2,8,1,0,2006-s7
P0235,P0581,1,1,0,0,6,4,1,0,2006-s7
P0192,P0581,1,1,0,0,6,4,1,0,2006-s7
P0216,P0464,1,1,0,0,7,3,1,0,2006-s7
P0216,P0235,1,0,1,0,3,7,1,0,2006-s7
P0192,P0216,1,0,1,0,0,10,1,0,2006-s7
P0235,P0464,1,1,0,0,10,0,1,0,2006-s7
P0192,P0235,1,0,1,0,4,6,1,0,2006-s7
P0247,P0497,1,1,0,0,7,3,1,0,2006-s7
P0380,P0497,1,1,0,0,7,3,1,0,2006-s7
P0463,P0497,1,0,1,0,0,10,1,0,2006-s7
P0497,P0541,1,1,0,0,6,4,1,0,2006-s7
P0418,P0497,1,1,0,0,8,2,1,0,2006-s7
P0247,P0621,1,0,0,1,5,5,1,0,2006-s7
P0380,P0621,1,0,1,0,4,6,1,0,2006-s7
P0463,P0621,1,0,1,0,0,10,1,0,2006-s7
P0247,P0380,1,1,0,0,9,1,1,0,2006-s7
P0247,P0463,1,1,0,0,10,0,1,0,2006-s7
P0247,P0541,1,1,0,0,8,2,1,0,2006-s7
P0247,P0418,1,0,1,0,4,6,1,0,2006-s7
P0380,P0463,1,1,0,0,10,0,1,0,2006-s7
P0380,P0541,1,0,1,0,3,7,1,0,2006-s7
P0380,P0418,1,1,0,0,6,4,1,0,2006-s7
P0463,P0541,1,0,1,0,0,10,1,0,2006-s7
P0418,P0463,1,1,0,0,10,0,1,0,2006-s7
P0418,P0541,1,0,1,0,2,8,1,0,2006-s7
P0409,P0509,1,1,0,0,10,0,1,0,2006-s7
P0383,P0509,1,1,0,0,10,0,1,0,2006-s7
P0508,P0509,1,1,0,0,10,0,1,0,2006-s7
P0440,P0509,1,1,0,0,10,0,1,0,2006-s7
P0210,P0509,1,1,0,0,10,0,1,0,2006-s7
P0509,P0622,1,0,1,0,0,10,1,0,2006-s7
P0383,P0409,1,0,1,0,4,6,1,0,2006-s7
P0409,P0508,1,1,0,0,8,2,1,0,2006-s7
P0409,P0440,1,0,0,1,5,5,1,0,2006-s7
P0210,P0409,1,1,0,0,8,2,1,0,2006-s7
P0409,P0622,1,1,0,0,6,4,1,0,2006-s7
P0383,P0508,1,1,0,0,7,3,1,0,2006-s7
P0383,P0440,1,0,1,0,3,7,1,0,2006-s7
P0210,P0383,1,0,1,0,4,6,1,0,2006-s7
P0383,P0622,1,0,1,0,4,6,1,0,2006-s7
P0440,P0508,1,1,0,0,8,2,1,0,2006-s7
P0210,P0508,1,1,0,0,6,4,1,0,2006-s7
P0508,P0622,1,0,1,0,2,8,1,0,2006-s7
P0210,P0440,1,0,1,0,1,9,1,0,2006-s7
P0440,P0622,1,1,0,0,6,4,1,0,2006-s7
P0210,P0622,1,0,0,1,5,5,1,0,2006-s7
P0217,P0307,1,1,0,0,6,4,1,0,2006-s7
P0307,P0604,1,1,0,0,7,3,1,0,2006-s7
P0307,P0347,1,1,0,0,8,2,1,0,2006-s7
P0307,P0326,1,1,0,0,7,3,1,0,2006-s7
P0307,P0591,1,1,0,0,6,4,1,0,2006-s7
P0307,P0431,1,1,0,0,7,3,1,0,2006-s7
P0217,P0604,1,1,0,0,9,1,1,0,2006-s7
P0217,P0347,1,1,0,0,7,3,1,0,2006-s7
P0217,P0326,1,1,0,0,6,4,1,0,2006-s7
P0217,P0591,2,1,1,0,10,10,2,0,2007-s2
P0217,P0431,3,2,1,0,21,9,3,0,2009-s3
P0347,P0604,1,1,0,0,7,3,1,0,2006-s7
P0591,P0604,1,1,0,0,8,2,1,0,2006-s7
P0431,P0604,1,1,0,0,6,4,1,0,2006-s7
P0347,P0591,1,0,1,0,3,7,1,0,2006-s7
P0347,P0431,1,0,1,0,2,8,1,0,2006-s7
P0326,P0591,1,0,1,0,3,7,1,0,2006-s7
P0326,P0431,1,1,0,0,7,3,1,0,2006-s7
P0313,P0601,1,1,0,0,6,4,1,0,2006-s7
P0441,P0601,1,0,0,1,5,5,1,0,2006-s7
P0304,P0601,1,0,1,0,4,6,1,0,2006-s7
P0219,P0601,1,1,0,0,6,4,1,0,2006-s7
P0159,P0601,1,0,0,1,5,5,1,0,2006-s7
P0484,P0601,1,1,0,0,7,3,1,0,2006-s7
P0313,P0441,1,1,0,0,6,4,1,0,2006-s7
P0304,P0313,1,0,1,0,0,10,1,0,2006-s7
P0219,P0313,1,1,0,0,6,4,1,0,2006-s7
P0159,P0313,1,1,0,0,6,4,1,0,2006-s7
P0313,P0484,1,0,1,0,4,6,1,0,2006-s7
P0304,P0441,1,0,1,0,0,10,1,0,2006-s7
P0219,P0441,1,0,0,1,5,5,1,0,2006-s7
P0159,P0441,1,0,1,0,4,6,1,0,2006-s7
P0441,P0484,1,0,0,1,5,5,1,0,2006-s7
P0219,P0304,1,1,0,0,9,1,1,0,2006-s7
P0159,P0304,1,1,0,0,6,4,1,0,2006-s7
P0304,P0484,1,0,1,0,0,10,1,0,2006-s7
P0159,P0219,1,1,0,0,8,2,1,0,2006-s7
P0219,P0484,1,0,1,0,4,6,1,0,2006-s7
P0159,P0484,1,1,0,0,6,4,1,0,2006-s7
P0371,P0408,1,1,0,0,10,0,1,0,2006-s7
P0230,P0408,1,1,0,0,7,3,1,0,2006-s7
P0408,P0414,1,1,0,0,10,0,1,0,2006-s7
P0203,P0408,1,0,1,0,0,10,1,0,2006-s7
P0296,P0408,1,1,0,0,10,0,1,0,2006-s7
P0009,P0408,1,1,0,0,9,1,1,0,2006-s7
P0230,P0371,1,0,1,0,3,7,1,0,2006-s7
P0371,P0414,1,1,0,0,8,2,1,0,2006-s7
P0203,P0371,1,0,1,0,3,7,1,0,2006-s7
P0296,P0371,1,0,1,0,4,6,1,0,2006-s7
P0009,P0371,1,0,1,0,4,6,1,0,2006-s7
P0230,P0414,1,1,0,0,10,0,1,0,2006-s7
P0203,P0230,1,0,1,0,2,8,1,0,2006-s7
P0230,P0296,1,0,1,0,3,7,1,0,2006-s7
P0009,P0230,1,1,0,0,7,3,1,0,2006-s7
P0203,P0414,1,1,0,0,10,0,1,0,2006-s7
P0296,P0414,1,1,0,0,10,0,1,0,2006-s7
P0009,P0414,1,1,0,0,9,1,1,0,2006-s7
P0203,P0296,1,0,1,0,4,6,1,0,2006-s7
P0009,P0203,1,1,0,0,7,3,1,0,2006-s7
P0009,P0296,1,0,0,1,5,5,1,0,2006-s7
P0453,P0538,1,0,1,0,3,7,1,0,2006-s7
P0498,P0538,1,1,0,0,6,4,1,0,2006-s7
P0538,P0550,1,0,1,0,0,10,1,0,2006-s7
P0266,P0538,1,0,1,0,4,6,1,0,2006-s7
P0223,P0538,1,1,0,0,9,1,1,0,2006-s7
P0538,P0626,1,1,0,0,6,4,1,0,2006-s7
P0453,P0498,1,0,1,0,4,6,1,0,2006-s7
P0453,P0550,1,0,1,0,1,9,1,0,2006-s7
P0223,P0453,1,1,0,0,8,2,1,0,2006-s7
P0498,P0550,1,0,1,0,1,9,1,0,2006-s7
P0266,P0498,1,0,0,1,5,5,1,0,2006-s7
P0223,P0498,1,1,0,0,7,3,1,0,2006-s7
P0498,P0626,1,0,1,0,4,6,1,0,2006-s7
P0266,P0550,1,0,1,0,3,7,1,0,2006-s7
P0223,P0550,1,0,0,1,5,5,1,0,2006-s7
P0550,P0626,1,1,0,0,8,2,1,0,2006-s7
P0223,P0266,1,1,0,0,9,1,1,0,2006-s7
P0223,P0626,1,1,0,0,7,3,1,0,2006-s7
P0241,P0452,1,0,1,0,4,6,1,0,2006-s7
P0396,P0452,1,0,1,0,0,10,1,0,2006-s7
P0344,P0452,1,0,0,1,5,5,1,0,2006-s7
P0327,P0452,1,1,0,0,7,3,1,0,2006-s7
P0339,P0452,1,1,0,0,6,4,1,0,2006-s7
P0424,P0452,1,1,0,0,8,2,1,0,2006-s7
P0241,P0396,1,1,0,0,10,0,1,0,2006-s7
P0241,P0344,1,0,1,0,4,6,1,0,2006-s7
P0241,P0327,2,0,1,1,9,11,2,0,2007-s1
P0241,P0339,1,1,0,0,7,3,1,0,2006-s7
P0344,P0396,1,1,0,0,8,2,1,0,2006-s7
P0327,P0396,1,1,0,0,10,0,1,0,2006-s7
P0339,P0396,1,1,0,0,10,0,1,0,2006-s7
P0396,P0424,1,0,1,0,0,10,1,0,2006-s7
P0327,P0344,1,0,1,0,4,6,1,0,2006-s7
P0339,P0344,1,0,1,0,4,6,1,0,2006-s7
P0327,P0339,1,1,0,0,7,3,1,0,2006-s7
P0327,P0424,1,1,0,0,10,0,1,0,2006-s7
P0282,P0447,1,0,1,0,4,6,1,0,2006-s7
P0282,P0465,1,0,1,0,0,10,1,0,2006-s7
P0282,P0438,1,1,0,0,7,3,1,0,2006-s7
P0222,P0282,1,0,1,0,4,6,1,0,2006-s7
P0282,P0544,1,0,0,1,5,5,1,0,2006-s7
P0273,P0282,1,1,0,0,6,4,1,0,2006-s7
P0447,P0465,1,1,0,0,8,2,1,0,2006-s7
P0438,P0447,1,1,0,0,6,4,1,0,2006-s7
P0222,P0447,1,0,1,0,2,8,1,0,2006-s7
P0447,P0544,1,1,0,0,8,2,1,0,2006-s7
P0273,P0447,1,0,1,0,3,7,1,0,2006-s7
P0438,P0465,1,0,1,0,4,6,1,0,2006-s7
P0222,P0465,1,0,1,0,4,6,1,0,2006-s7
P0465,P0544,1,1,0,0,10,0,1,0,2006-s7
P0273,P0465,1,1,0,0,7,3,1,0,2006-s7
P0222,P0438,1,0,0,1,5,5,1,0,2006-s7
P0438,P0544,1,0,0,1,5,5,1,0,2006-s7
P0222,P0544,1,0,1,0,1,9,1,0,2006-s7
P0222,P0273,1,0,1,0,1,9,1,0,2006-s7
P0273,P0544,1,1,0,0,6,4,1,0,2006-s7
P0284,P0302,1,0,1,0,2,8,1,0,2006-s7
P0284,P0315,1,1,0,0,6,4,1,0,2006-s7
P0196,P0284,1,1,0,0,7,3,1,0,2006-s7
P0240,P0284,1,1,0,0,6,4,1,0,2006-s7
P0284,P0491,1,0,1,0,2,8,1,0,2006-s7
P0190,P0302,1,0,1,0,4,6,1,0,2006-s7
P0302,P0315,1,1,0,0,7,3,1,0,2006-s7
P0196,P0302,1,0,1,0,2,8,1,0,2006-s7
P0240,P0302,1,1,0,0,6,4,1,0,2006-s7
P0302,P0491,1,1,0,0,7,3,1,0,2006-s7
P0190,P0196,1,0,1,0,0,10,1,0,2006-s7
P0190,P0240,1,0,1,0,1,9,1,0,2006-s7
P0190,P0491,1,0,1,0,0,10,1,0,2006-s7
P0196,P0315,1,1,0,0,8,2,1,0,2006-s7
P0240,P0315,1,1,0,0,7,3,1,0,2006-s7
P0315,P0491,1,0,1,0,2,8,1,0,2006-s7
P0196,P0240,1,0,1,0,3,7,1,0,2006-s7
P0196,P0491,1,1,0,0,6,4,1,0,2006-s7
P0240,P0491,1,1,0,0,6,4,1,0,2006-s7
P0235,P0385,1,1,0,0,6,4,1,0,2007-s1
P0385,P0776,1,1,0,0,7,3,1,0,2007-s1
P0385,P0808,1,1,0,0,6,4,1,0,2007-s1
P0007,P0385,1,0,0,1,5,5,1,0,2007-s1
P0297,P0385,1,1,0,0,6,4,1,0,2007-s1
P0385,P0863,1,1,0,0,8,2,1,0,2007-s1
P0235,P0776,1,1,0,0,8,2,1,0,2007-s1
P0235,P0808,1,0,1,0,4,6,1,0,2007-s1
P0007,P0235,1,1,0,0,6,4,1,0,2007-s1
P0235,P0297,1,1,0,0,10,0,1,0,2007-s1
P0776,P0808,1,0,1,0,1,9,1,0,2007-s1
P0007,P0776,1,0,1,0,3,7,1,0,2007-s1
P0297,P0776,1,0,1,0,4,6,1,0,2007-s1
P0776,P0863,1,1,0,0,6,4,1,0,2007-s1
P0007,P0808,1,0,1,0,4,6,1,0,2007-s1
P0297,P0808,1,0,0,1,5,5,1,0,2007-s1
P0808,P0863,1,1,0,0,9,1,1,0,2007-s1
P0007,P0297,1,1,0,0,10,0,1,0,2007-s1
P0007,P0863,1,1,0,0,7,3,1,0,2007-s1
P0297,P0863,1,1,0,0,6,4,1,0,2007-s1
P0029,P0655,2,0,1,1,8,12,2,0,2007-s4
P0029,P0076,1,1,0,0,6,4,1,0,2007-s1
P0029,P0710,1,1,0,0,10,0,1,0,2007-s1
P0029,P0925,1,0,0,1,5,5,1,0,2007-s1
P0029,P0653,1,0,1,0,3,7,1,0,2007-s1
P0076,P0655,1,1,0,0,6,4,1,0,2007-s1
P0655,P0710,1,0,0,1,5,5,1,0,2007-s1
P0655,P0925,1,0,0,1,5,5,1,0,2007-s1
P0653,P0655,1,0,1,0,0,10,1,0,2007-s1
P0609,P0655,3,0,3,0,11,19,3,0,2007-s4
P0076,P0710,1,0,1,0,4,6,1,0,2007-s1
P0076,P0925,1,1,0,0,10,0,1,0,2007-s1
P0076,P0609,1,1,0,0,10,0,1,0,2007-s1
P0653,P0710,1,0,0,1,5,5,1,0,2007-s1
P0653,P0925,1,1,0,0,6,4,1,0,2007-s1
P0609,P0925,1,0,1,0,4,6,1,0,2007-s1
P0609,P0653,1,0,0,1,5,5,1,0,2007-s1
P0239,P0258,1,1,0,0,6,4,1,0,2007-s1
P0239,P0259,1,1,0,0,8,2,1,0,2007-s1
P0239,P0697,1,1,0,0,10,0,1,0,2007-s1
P0239,P0659,1,1,0,0,7,3,1,0,2007-s1
P0239,P0271,1,1,0,0,10,0,1,0,2007-s1
P0239,P0812,1,1,0,0,6,4,1,0,2007-s1
P0258,P0259,1,1,0,0,6,4,1,0,2007-s1
P0258,P0697,1,0,0,1,5,5,1,0,2007-s1
P0258,P0659,2,2,0,0,15,5,2,0,2007-s2
P0258,P0271,1,1,0,0,6,4,1,0,2007-s1
P0258,P0812,2,0,1,1,6,14,2,0,2007-s2
P0259,P0697,1,1,0,0,6,4,1,0,2007-s1
P0259,P0659,1,0,0,1,5,5,1,0,2007-s1
P0259,P0271,1,1,0,0,10,0,1,0,2007-s1
P0259,P0812,1,0,1,0,2,8,1,0,2007-s1
P0659,P0697,1,0,1,0,3,7,1,0,2007-s1
P0271,P0697,1,0,1,0,0,10,1,0,2007-s1
P0697,P0812,1,1,0,0,8,2,1,0,2007-s1
P0271,P0659,1,1,0,0,7,3,1,0,2007-s1
P0659,P0812,2,1,1,0,11,9,2,0,2007-s2
P0271,P0812,1,0,1,0,3,7,1,0,2007-s1
P0024,P0411,1,0,1,0,3,7,1,0,2007-s1
P0024,P0223,1,0,1,0,4,6,1,0,2007-s1
P0024,P0493,1,0,1,0,1,9,1,0,2007-s1
P0024,P0484,2,0,1,1,9,11,2,0,2007-s3
P0024,P0240,1,0,1,0,4,6,1,0,2007-s1
P0024,P0073,2,0,2,0,6,14,2,0,2007-s5
P0223,P0411,1,0,1,0,4,6,1,0,2007-s1
P0411,P0493,1,0,0,1,5,5,1,0,2007-s1
P0411,P0484,1,1,0,0,6,4,1,0,2007-s1
P0240,P0411,1,0,1,0,4,6,1,0,2007-s1
P0223,P0493,2,0,2,0,7,13,2,0,2007-s4
P0223,P0484,1,1,0,0,6,4,1,0,2007-s1
P0223,P0240,1,1,0,0,6,4,1,0,2007-s1
P0073,P0223,1,1,0,0,6,4,1,0,2007-s1
P0484,P0493,1,1,0,0,6,4,1,0,2007-s1
P0240,P0493,1,0,1,0,4,6,1,0,2007-s1
P0073,P0493,1,1,0,0,6,4,1,0,2007-s1
P0240,P0484,1,0,1,0,4,6,1,0,2007-s1
P0073,P0484,1,0,1,0,4,6,1,0,2007-s1
P0073,P0240,1,1,0,0,8,2,1,0,2007-s1
P0172,P0300,1,1,0,0,7,3,1,0,2007-s1
P0300,P0800,1,0,1,0,4,6,1,0,2007-s1
P0300,P0430,1,0,1,0,4,6,1,0,2007-s1
P0140,P0300,1,0,1,0,4,6,1,0,2007-s1
P0172,P0378,1,1,0,0,7,3,1,0,2007-s1
P0378,P0800,1,1,0,0,6,4,1,0,2007-s1
P0378,P0430,1,0,1,0,3,7,1,0,2007-s1
P0172,P0800,1,1,0,0,9,1,1,0,2007-s1
P0172,P0430,1,0,1,0,4,6,1,0,2007-s1
P0172,P0321,2,1,0,1,15,5,2,0,2007-s4
P0430,P0800,1,0,1,0,2,8,1,0,2007-s1
P0321,P0800,1,1,0,0,6,4,1,0,2007-s1
P0140,P0800,1,1,0,0,6,4,1,0,2007-s1
P0321,P0430,1,0,1,0,4,6,1,0,2007-s1
P0140,P0430,1,0,1,0,3,7,1,0,2007-s1
P0140,P0321,1,0,1,0,4,6,1,0,2007-s1
P0333,P0359,1,1,0,0,7,3,1,0,2007-s1
P0018,P0333,1,1,0,0,6,4,1,0,2007-s1
P0333,P0541,1,1,0,0,10,0,1,0,2007-s1
P0333,P0383,1,1,0,0,10,0,1,0,2007-s1
P0166,P0333,1,0,1,0,4,6,1,0,2007-s1
P0333,P0939,1,0,1,0,4,6,1,0,2007-s1
P0018,P0359,1,1,0,0,6,4,1,0,2007-s1
P0359,P0541,1,0,1,0,4,6,1,0,2007-s1
P0166,P0359,1,1,0,0,7,3,1,0,2007-s1
P0359,P0939,1,0,1,0,0,10,1,0,2007-s1
P0018,P0541,1,1,0,0,10,0,1,0,2007-s1
P0018,P0383,1,1,0,0,6,4,1,0,2007-s1
P0018,P0939,1,0,0,1,5,5,1,0,2007-s1
P0166,P0541,1,1,0,0,6,4,1,0,2007-s1
P0541,P0939,1,1,0,0,7,3,1,0,2007-s1
P0166,P0383,2,0,2,0,5,15,2,0,2007-s4
P0383,P0939,1,0,1,0,4,6,1,0,2007-s1
P0166,P0939,1,0,1,0,3,7,1,0,2007-s1
P0205,P0788,1,1,0,0,7,3,1,0,2007-s1
P0205,P0512,1,0,1,0,4,6,1,0,2007-s1
P0205,P0666,1,1,0,0,6,4,1,0,2007-s1
P0205,P0616,2,2,0,0,13,7,2,0,2008-s1
P0205,P0717,1,1,0,0,6,4,1,0,2007-s1
P0512,P0788,1,1,0,0,6,4,1,0,2007-s1
P0666,P0788,1,0,1,0,4,6,1,0,2007-s1
P0250,P0788,1,1,0,0,8,2,1,0,2007-s1
P0616,P0788,1,0,1,0,3,7,1,0,2007-s1
P0717,P0788,1,1,0,0,6,4,1,0,2007-s1
P0512,P0666,1,1,0,0,6,4,1,0,2007-s1
P0250,P0512,1,0,0,1,5,5,1,0,2007-s1
P0512,P0616,2,2,0,0,14,6,2,0,2008-s5
P0512,P0717,1,1,0,0,6,4,1,0,2007-s1
P0250,P0666,1,1,0,0,7,3,1,0,2007-s1
P0616,P0666,1,0,1,0,2,8,1,0,2007-s1
P0666,P0717,1,0,1,0,4,6,1,0,2007-s1
P0250,P0616,1,1,0,0,7,3,1,0,2007-s1
P0250,P0717,2,1,1,0,10,10,2,0,2007-s2
P0616,P0717,1,0,1,0,4,6,1,0,2007-s1
P0270,P0418,1,1,0,0,6,4,1,0,2007-s1
P0270,P0363,1,1,0,0,6,4,1,0,2007-s1
P0261,P0270,1,1,0,0,6,4,1,0,2007-s1
P0270,P0617,1,0,0,1,5,5,1,0,2007-s1
P0270,P0682,1,1,0,0,6,4,1,0,2007-s1
P0270,P0427,2,1,1,0,11,9,2,0,2007-s2
P0363,P0418,1,1,0,0,9,1,1,0,2007-s1
P0261,P0418,1,1,0,0,8,2,1,0,2007-s1
P0418,P0617,1,0,1,0,3,7,1,0,2007-s1
P0418,P0682,1,0,1,0,3,7,1,0,2007-s1
P0418,P0427,1,0,1,0,0,10,1,0,2007-s1
P0261,P0363,1,0,0,1,5,5,1,0,2007-s1
P0363,P0617,1,0,1,0,4,6,1,0,2007-s1
P0363,P0682,1,1,0,0,8,2,1,0,2007-s1
P0363,P0427,1,1,0,0,6,4,1,0,2007-s1
P0261,P0617,1,0,1,0,4,6,1,0,2007-s1
P0261,P0682,1,1,0,0,7,3,1,0,2007-s1
P0261,P0427,1,1,0,0,6,4,1,0,2007-s1
P0617,P0682,1,0,1,0,4,6,1,0,2007-s1
P0427,P0617,1,1,0,0,7,3,1,0,2007-s1
P0427,P0682,1,0,1,0,2,8,1,0,2007-s1
P0242,P0440,1,0,1,0,4,6,1,0,2007-s1
P0242,P0853,1,0,1,0,4,6,1,0,2007-s1
P0242,P0897,1,0,0,1,5,5,1,0,2007-s1
P0242,P0878,1,1,0,0,7,3,1,0,2007-s1
P0246,P0440,1,1,0,0,6,4,1,0,2007-s1
P0440,P0853,1,0,1,0,0,10,1,0,2007-s1
P0440,P0897,1,1,0,0,9,1,1,0,2007-s1
P0440,P0588,1,1,0,0,6,4,1,0,2007-s1
P0440,P0878,1,0,0,1,5,5,1,0,2007-s1
P0246,P0853,1,0,1,0,2,8,1,0,2007-s1
P0246,P0897,1,0,1,0,3,7,1,0,2007-s1
P0246,P0588,1,1,0,0,8,2,1,0,2007-s1
P0246,P0878,1,1,0,0,7,3,1,0,2007-s1
P0853,P0897,1,1,0,0,9,1,1,0,2007-s1
P0588,P0853,1,0,1,0,2,8,1,0,2007-s1
P0853,P0878,1,1,0,0,10,0,1,0,2007-s1
P0588,P0897,1,0,1,0,4,6,1,0,2007-s1
P0878,P0897,1,0,1,0,3,7,1,0,2007-s1
P0588,P0878,1,0,1,0,4,6,1,0,2007-s1
P0068,P0770,1,1,0,0,6,4,1,0,2007-s1
P0068,P0340,1,0,1,0,4,6,1,0,2007-s1
P0068,P0809,1,1,0,0,6,4,1,0,2007-s1
P0068,P0508,1,1,0,0,7,3,1,0,2007-s1
P0068,P0938,1,0,0,1,5,5,1,0,2007-s1
P0340,P0770,1,0,1,0,4,6,1,0,2007-s1
P0770,P0809,1,0,1,0,2,8,1,0,2007-s1
P0508,P0770,1,1,0,0,8,2,1,0,2007-s1
P0770,P0938,1,0,1,0,4,6,1,0,2007-s1
P0340,P0809,1,0,1,0,4,6,1,0,2007-s1
P0340,P0508,1,0,1,0,3,7,1,0,2007-s1
P0340,P0558,1,1,0,0,6,5,1,0,2007-s1
P0340,P0938,1,0,1,0,1,9,1,0,2007-s1
P0508,P0809,1,0,1,0,4,6,1,0,2007-s1
P0558,P0809,1,0,1,0,1,9,1,0,2007-s1
P0809,P0938,1,0,1,0,3,7,1,0,2007-s1
P0508,P0558,1,0,1,0,3,7,1,0,2007-s1
P0508,P0938,1,0,1,0,2,8,1,0,2007-s1
P0558,P0938,1,0,1,0,4,6,1,0,2007-s1
P0648,P0917,1,0,1,0,3,7,1,0,2007-s1
P0693,P0917,1,1,0,0,9,1,1,0,2007-s1
P0307,P0917,1,0,1,0,0,10,1,0,2007-s1
P0183,P0917,1,0,1,0,3,7,1,0,2007-s1
P0441,P0917,1,0,1,0,4,6,1,0,2007-s1
P0467,P0917,1,1,0,0,6,4,1,0,2007-s1
P0648,P0693,1,0,1,0,3,7,1,0,2007-s1
P0307,P0648,1,1,0,0,7,3,1,0,2007-s1
P0183,P0648,1,0,1,0,0,10,1,0,2007-s1
P0441,P0648,1,0,1,0,4,6,1,0,2007-s1
P0467,P0648,1,1,0,0,7,3,1,0,2007-s1
P0307,P0693,1,1,0,0,7,3,1,0,2007-s1
P0183,P0693,1,0,0,1,5,5,1,0,2007-s1
P0441,P0693,1,0,0,1,5,5,1,0,2007-s1
P0467,P0693,1,0,1,0,4,6,1,0,2007-s1
P0183,P0307,1,1,0,0,8,2,1,0,2007-s1
P0307,P0441,1,1,0,0,6,4,1,0,2007-s1
P0307,P0467,1,1,0,0,6,4,1,0,2007-s1
P0183,P0441,1,1,0,0,7,3,1,0,2007-s1
P0441,P0467,1,0,1,0,4,6,1,0,2007-s1
P0296,P0821,1,1,0,0,6,4,1,0,2007-s1
P0296,P0491,1,1,0,0,6,4,1,0,2007-s1
P0296,P0766,1,1,0,0,6,4,1,0,2007-s1
P0296,P0485,1,0,1,0,4,6,1,0,2007-s1
P0296,P0698,1,1,0,0,8,2,1,0,2007-s1
P0296,P0876,1,0,1,0,4,6,1,0,2007-s1
P0766,P0821,1,0,1,0,3,7,1,0,2007-s1
P0485,P0821,1,0,1,0,4,6,1,0,2007-s1
P0698,P0821,1,0,1,0,3,7,1,0,2007-s1
P0821,P0876,1,0,1,0,4,6,1,0,2007-s1
P0491,P0766,1,1,0,0,7,4,1,0,2007-s1
P0485,P0491,1,0,0,1,5,5,1,0,2007-s1
P0491,P0698,1,0,0,1,5,5,1,0,2007-s1
P0491,P0876,1,0,1,0,2,8,1,0,2007-s1
P0698,P0766,1,1,0,0,9,1,1,0,2007-s1
P0766,P0876,1,0,1,0,2,8,1,0,2007-s1
P0485,P0698,1,1,0,0,6,4,1,0,2007-s1
P0485,P0876,1,0,1,0,4,6,1,0,2007-s1
P0698,P0876,1,1,0,0,6,4,1,0,2007-s1
P0695,P0872,1,1,0,0,7,3,1,0,2007-s1
P0695,P0842,1,1,0,0,6,4,1,0,2007-s1
P0591,P0695,1,1,0,0,7,3,1,0,2007-s1
P0665,P0695,1,0,1,0,3,7,1,0,2007-s1
P0663,P0695,1,0,0,1,5,5,1,0,2007-s1
P0842,P0872,1,0,1,0,3,7,1,0,2007-s1
P0591,P0872,1,1,0,0,7,3,1,0,2007-s1
P0665,P0872,1,1,0,0,6,4,1,0,2007-s1
P0663,P0872,1,0,1,0,0,10,1,0,2007-s1
P0842,P0887,1,0,1,0,3,7,1,0,2007-s1
P0591,P0887,1,1,0,0,10,0,1,0,2007-s1
P0665,P0887,1,0,1,0,2,8,1,0,2007-s1
P0663,P0887,1,0,1,0,1,9,1,0,2007-s1
P0591,P0842,1,1,0,0,10,0,1,0,2007-s1
P0665,P0842,1,1,0,0,6,4,1,0,2007-s1
P0663,P0842,1,1,0,0,6,4,1,0,2007-s1
P0591,P0665,1,1,0,0,7,3,1,0,2007-s1
P0591,P0663,1,0,1,0,4,6,1,0,2007-s1
P0663,P0665,1,0,1,0,4,6,1,0,2007-s1
P0217,P0404,1,0,1,0,4,6,1,0,2007-s1
P0404,P0795,1,0,1,0,4,6,1,0,2007-s1
P0404,P0731,1,1,0,0,6,4,1,0,2007-s1
P0404,P0673,1,1,0,0,7,3,1,0,2007-s1
P0404,P0813,1,1,0,0,7,3,1,0,2007-s1
P0404,P0835,1,0,0,1,5,5,1,0,2007-s1
P0217,P0795,1,1,0,0,6,4,1,0,2007-s1
P0217,P0731,1,0,1,0,0,10,1,0,2007-s1
P0217,P0673,1,1,0,0,6,4,1,0,2007-s1
P0217,P0813,1,1,0,0,7,3,1,0,2007-s1
P0217,P0835,1,0,1,0,4,6,1,0,2007-s1
P0731,P0795,1,1,0,0,7,3,1,0,2007-s1
P0673,P0795,1,0,1,0,0,10,1,0,2007-s1
P0795,P0813,1,0,1,0,3,7,1,0,2007-s1
P0795,P0835,1,1,0,0,8,2,1,0,2007-s1
P0673,P0731,1,0,1,0,4,6,1,0,2007-s1
P0731,P0813,1,0,1,0,0,10,1,0,2007-s1
P0731,P0835,1,1,0,0,7,3,1,0,2007-s1
P0673,P0813,1,0,1,0,0,10,1,0,2007-s1
P0673,P0835,1,1,0,0,6,4,1,0,2007-s1
P0813,P0835,1,1,0,0,6,4,1,0,2007-s1
P0315,P0913,1,0,1,0,4,6,1,0,2007-s1
P0315,P0683,1,1,0,0,7,3,1,0,2007-s1
P0315,P0344,1,0,1,0,4,6,1,0,2007-s1
P0315,P0819,1,1,0,0,6,4,1,0,2007-s1
P0315,P0465,1,1,0,0,6,4,1,0,2007-s1
P0126,P0315,1,0,1,0,4,6,1,0,2007-s1
P0683,P0913,1,0,1,0,2,8,1,0,2007-s1
P0344,P0913,1,1,0,0,6,4,1,0,2007-s1
P0819,P0913,1,1,0,0,6,4,1,0,2007-s1
P0465,P0913,1,0,1,0,1,9,1,0,2007-s1
P0126,P0913,1,0,0,1,5,5,1,0,2007-s1
P0344,P0683,1,1,0,0,10,0,1,0,2007-s1
P0683,P0819,1,0,1,0,0,10,1,0,2007-s1
P0465,P0683,1,0,0,1,5,5,1,0,2007-s1
P0126,P0683,1,1,0,0,10,0,1,0,2007-s1
P0344,P0819,2,0,2,0,5,15,2,0,2007-s2
P0344,P0465,1,0,1,0,4,6,1,0,2007-s1
P0126,P0344,1,0,1,0,3,7,1,0,2007-s1
P0465,P0819,1,0,0,1,5,5,1,0,2007-s1
P0126,P0819,1,0,1,0,4,6,1,0,2007-s1
P0126,P0465,1,1,0,0,7,3,1,0,2007-s1
P0009,P0241,1,1,0,0,10,0,1,0,2007-s1
P0009,P0447,1,0,1,0,3,7,1,0,2007-s1
P0009,P0327,1,0,1,0,4,6,1,0,2007-s1
P0241,P0822,1,0,1,0,4,6,1,0,2007-s1
P0327,P0822,1,1,0,0,7,3,1,0,2007-s1
P0241,P0831,1,0,1,0,4,6,1,0,2007-s1
P0241,P0447,1,0,1,0,3,7,1,0,2007-s1
P0447,P0831,1,0,1,0,4,6,1,0,2007-s1
P0327,P0831,1,0,1,0,3,7,1,0,2007-s1
P0327,P0447,1,0,1,0,4,6,1,0,2007-s1
P0447,P0914,1,0,1,0,3,7,1,0,2007-s1
P0327,P0914,1,1,0,0,7,3,1,0,2007-s1
P0741,P0771,1,0,1,0,3,7,1,0,2007-s1
P0452,P0741,1,0,0,1,5,5,1,0,2007-s1
P0741,P0932,1,0,0,1,5,5,1,0,2007-s1
P0051,P0741,1,0,0,1,5,5,1,0,2007-s1
P0544,P0741,1,0,0,1,5,5,1,0,2007-s1
P0741,P0772,1,1,0,0,7,3,1,0,2007-s1
P0452,P0771,1,0,0,1,5,5,1,0,2007-s1
P0771,P0932,1,0,1,0,3,7,1,0,2007-s1
P0051,P0771,1,0,1,0,3,7,1,0,2007-s1
P0544,P0771,1,1,0,0,8,2,1,0,2007-s1
P0771,P0772,1,1,0,0,7,3,1,0,2007-s1
P0051,P0452,1,0,1,0,4,6,1,0,2007-s1
P0452,P0544,1,0,1,0,4,6,1,0,2007-s1
P0452,P0772,1,1,0,0,7,3,1,0,2007-s1
P0051,P0932,1,1,0,0,8,2,1,0,2007-s1
P0544,P0932,1,0,1,0,4,6,1,0,2007-s1
P0772,P0932,1,0,0,1,5,5,1,0,2007-s1
P0051,P0544,1,0,1,0,3,7,1,0,2007-s1
P0051,P0772,1,1,0,0,9,1,1,0,2007-s1
P0544,P0772,1,1,0,0,6,4,1,0,2007-s1
P0431,P0667,1,1,0,0,8,2,1,0,2007-s1
P0667,P0763,1,0,1,0,1,9,1,0,2007-s1
P0406,P0667,1,0,1,0,4,6,1,0,2007-s1
P0667,P0862,1,0,1,0,3,7,1,0,2007-s1
P0514,P0667,1,1,0,0,7,3,1,0,2007-s1
P0667,P0742,1,0,1,0,3,7,1,0,2007-s1
P0431,P0763,1,0,1,0,3,7,1,0,2007-s1
P0406,P0431,2,0,2,0,6,14,2,0,2007-s2
P0431,P0862,1,1,0,0,8,2,1,0,2007-s1
P0431,P0742,1,1,0,0,6,4,1,0,2007-s1
P0406,P0763,1,1,0,0,10,0,1,0,2007-s1
P0763,P0862,1,0,1,0,0,10,1,0,2007-s1
P0514,P0763,1,0,1,0,2,8,1,0,2007-s1
P0742,P0763,1,0,1,0,1,9,1,0,2007-s1
P0406,P0862,1,0,1,0,0,10,1,0,2007-s1
P0406,P0514,1,0,1,0,1,9,1,0,2007-s1
P0406,P0742,1,0,1,0,4,6,1,0,2007-s1
P0514,P0862,1,1,0,0,8,2,1,0,2007-s1
P0742,P0862,1,0,1,0,4,6,1,0,2007-s1
P0514,P0742,1,1,0,0,6,4,1,0,2007-s1
P0843,P0920,1,0,1,0,4,6,1,0,2007-s2
P0223,P0920,1,0,1,0,4,6,1,0,2007-s2
P0363,P0920,1,0,1,0,4,6,1,0,2007-s2
P0905,P0920,1,0,1,0,0,10,1,0,2007-s2
P0491,P0920,1,1,0,0,8,2,1,0,2007-s2
P0223,P0843,1,0,1,0,2,8,1,0,2007-s2
P0363,P0843,1,1,0,0,7,3,1,0,2007-s2
P0140,P0843,1,1,0,0,6,4,1,0,2007-s2
P0843,P0905,1,0,0,1,5,5,1,0,2007-s2
P0491,P0843,1,0,1,0,4,6,1,0,2007-s2
P0223,P0363,1,0,1,0,4,6,1,0,2007-s2
P0140,P0223,2,1,1,0,10,10,2,0,2007-s5
P0223,P0905,1,1,0,0,7,3,1,0,2007-s2
P0223,P0491,1,0,1,0,4,6,1,0,2007-s2
P0140,P0363,1,1,0,0,8,2,1,0,2007-s2
P0363,P0905,1,0,0,1,5,5,1,0,2007-s2
P0363,P0491,2,2,0,0,14,6,2,0,2007-s5
P0140,P0905,1,0,1,0,4,6,1,0,2007-s2
P0140,P0491,2,0,1,1,8,12,2,0,2009-s1
P0491,P0905,1,0,1,0,4,6,1,0,2007-s2
P0362,P0385,1,0,1,0,4,6,1,0,2007-s2
P0029,P0385,1,1,0,0,7,3,1,0,2007-s2
P0385,P0617,1,0,0,1,5,5,1,0,2007-s2
P0068,P0385,1,0,1,0,0,10,1,0,2007-s2
P0196,P0385,1,0,1,0,4,6,1,0,2007-s2
P0242,P0385,1,0,1,0,2,8,1,0,2007-s2
P0242,P0362,1,1,0,0,7,3,1,0,2007-s2
P0029,P0617,2,1,1,0,8,12,2,0,2007-s5
P0029,P0068,1,0,1,0,4,6,1,0,2007-s2
P0029,P0196,2,1,1,0,10,10,2,0,2009-s6
P0029,P0242,1,1,0,0,6,4,1,0,2007-s2
P0196,P0617,1,1,0,0,7,3,1,0,2007-s2
P0609,P0812,1,0,1,0,4,6,1,0,2007-s2
P0258,P0609,1,1,0,0,9,1,1,0,2007-s2
P0024,P0609,1,1,0,0,7,3,1,0,2007-s2
P0378,P0609,1,0,0,1,5,5,1,0,2007-s2
P0609,P0659,1,0,1,0,4,6,1,0,2007-s2
P0655,P0812,1,0,1,0,4,6,1,0,2007-s2
P0258,P0655,1,1,0,0,8,2,1,0,2007-s2
P0024,P0655,2,0,1,1,9,11,2,0,2007-s5
P0378,P0655,1,0,0,1,5,5,1,0,2007-s2
P0655,P0659,1,1,0,0,6,4,1,0,2007-s2
P0024,P0812,1,0,0,1,5,5,1,0,2007-s2
P0378,P0812,1,0,1,0,3,7,1,0,2007-s2
P0024,P0258,1,0,1,0,1,9,1,0,2007-s2
P0258,P0378,1,0,0,1,5,5,1,0,2007-s2
P0024,P0659,1,0,1,0,4,6,1,0,2007-s2
P0378,P0659,1,1,0,0,7,3,1,0,2007-s2
P0321,P0335,1,1,0,0,9,1,1,0,2007-s2
P0321,P0541,1,1,0,0,7,3,1,0,2007-s2
P0131,P0321,2,0,2,0,4,16,2,0,2008-s3
P0321,P0897,1,1,0,0,6,4,1,0,2007-s2
P0205,P0321,2,1,0,1,11,9,2,0,2007-s4
P0335,P0541,1,0,1,0,3,7,1,0,2007-s2
P0300,P0335,1,0,0,1,5,5,1,0,2007-s2
P0335,P0897,1,0,0,1,5,5,1,0,2007-s2
P0205,P0335,1,1,0,0,6,4,1,0,2007-s2
P0131,P0541,1,0,0,1,5,5,1,0,2007-s2
P0300,P0541,1,0,0,1,5,5,1,0,2007-s2
P0541,P0897,1,0,1,0,4,6,1,0,2007-s2
P0205,P0541,2,2,0,0,13,7,2,0,2007-s3
P0131,P0300,1,0,0,1,5,5,1,0,2007-s2
P0131,P0897,1,0,1,0,4,6,1,0,2007-s2
P0300,P0897,1,0,1,0,4,6,1,0,2007-s2
P0205,P0300,1,1,0,0,6,4,1,0,2007-s2
P0205,P0897,1,0,1,0,3,7,1,0,2007-s2
P0270,P0493,1,0,1,0,4,6,1,0,2007-s2
P0485,P0493,1,0,1,0,2,8,1,0,2007-s2
P0333,P0493,1,0,1,0,4,6,1,0,2007-s2
P0224,P0493,1,0,0,1,5,5,1,0,2007-s2
P0427,P0493,1,0,1,0,4,6,1,0,2007-s2
P0270,P0485,1,1,0,0,6,4,1,0,2007-s2
P0270,P0333,1,1,0,0,8,2,1,0,2007-s2
P0224,P0270,1,0,1,0,1,9,1,0,2007-s2
P0270,P0616,1,1,0,0,7,3,1,0,2007-s2
P0224,P0485,1,1,0,0,6,4,1,0,2007-s2
P0485,P0616,1,1,0,0,6,4,1,0,2007-s2
P0427,P0485,1,0,1,0,3,7,1,0,2007-s2
P0224,P0333,1,1,0,0,7,3,1,0,2007-s2
P0333,P0616,1,1,0,0,7,3,1,0,2007-s2
P0333,P0427,1,1,0,0,10,0,1,0,2007-s2
P0224,P0616,1,1,0,0,7,3,1,0,2007-s2
P0224,P0427,1,1,0,0,10,0,1,0,2007-s2
P0427,P0616,1,0,1,0,4,6,1,0,2007-s2
P0430,P0819,1,1,0,0,6,4,1,0,2007-s2
P0240,P0430,1,1,0,0,9,1,1,0,2007-s2
P0186,P0430,1,0,1,0,3,7,1,0,2007-s2
P0344,P0430,1,0,1,0,2,8,1,0,2007-s2
P0430,P0902,1,1,0,0,6,4,1,0,2007-s2
P0247,P0430,1,1,0,0,6,4,1,0,2007-s2
P0240,P0819,1,1,0,0,8,2,1,0,2007-s2
P0186,P0819,1,1,0,0,6,4,1,0,2007-s2
P0819,P0902,1,0,1,0,4,6,1,0,2007-s2
P0247,P0819,1,0,1,0,3,7,1,0,2007-s2
P0186,P0240,1,1,0,0,6,4,1,0,2007-s2
P0240,P0344,1,1,0,0,6,4,1,0,2007-s2
P0240,P0902,1,0,1,0,4,6,1,0,2007-s2
P0240,P0247,1,0,1,0,1,9,1,0,2007-s2
P0186,P0344,1,1,0,0,6,4,1,0,2007-s2
P0186,P0902,1,0,1,0,0,10,1,0,2007-s2
P0186,P0247,1,0,1,0,3,7,1,0,2007-s2
P0344,P0902,1,1,0,0,7,3,1,0,2007-s2
P0247,P0344,2,1,1,0,13,7,2,0,2007-s3
P0247,P0902,1,0,0,1,5,5,1,0,2007-s2
P0165,P0917,1,1,0,0,9,1,1,0,2007-s2
P0512,P0917,1,1,0,0,7,3,1,0,2007-s2
P0172,P0917,1,1,0,0,7,3,1,0,2007-s2
P0411,P0917,1,0,0,1,5,5,1,0,2007-s2
P0877,P0917,1,1,0,0,8,2,1,0,2007-s2
P0165,P0512,1,0,1,0,4,6,1,0,2007-s2
P0165,P0172,1,0,1,0,1,9,1,0,2007-s2
P0165,P0856,1,0,0,1,5,5,1,0,2007-s2
P0165,P0411,1,0,1,0,3,7,1,0,2007-s2
P0172,P0512,1,0,1,0,3,7,1,0,2007-s2
P0512,P0856,1,1,0,0,8,2,1,0,2007-s2
P0411,P0512,1,0,1,0,4,6,1,0,2007-s2
P0512,P0877,1,1,0,0,8,2,1,0,2007-s2
P0172,P0856,1,1,0,0,6,4,1,0,2007-s2
P0172,P0411,1,0,1,0,3,7,1,0,2007-s2
P0172,P0877,2,2,0,0,13,7,2,0,2007-s4
P0411,P0856,1,1,0,0,10,0,1,0,2007-s2
P0440,P0717,1,1,0,0,6,4,1,0,2007-s2
P0440,P0931,1,0,1,0,4,6,1,0,2007-s2
P0440,P0777,1,0,1,0,0,10,1,0,2007-s2
P0440,P0874,1,0,1,0,0,10,1,0,2007-s2
P0239,P0440,1,0,1,0,4,6,1,0,2007-s2
P0250,P0440,1,1,0,0,10,0,1,0,2007-s2
P0717,P0931,1,0,1,0,2,8,1,0,2007-s2
P0717,P0777,1,1,0,0,6,4,1,0,2007-s2
P0717,P0874,1,0,1,0,1,9,1,0,2007-s2
P0239,P0717,1,1,0,0,7,3,1,0,2007-s2
P0777,P0931,1,1,0,0,8,2,1,0,2007-s2
P0874,P0931,1,1,0,0,6,4,1,0,2007-s2
P0239,P0931,1,1,0,0,6,4,1,0,2007-s2
P0250,P0931,1,1,0,0,6,4,1,0,2007-s2
P0777,P0874,1,0,1,0,3,7,1,0,2007-s2
P0239,P0777,1,1,0,0,7,3,1,0,2007-s2
P0250,P0777,1,0,1,0,4,6,1,0,2007-s2
P0239,P0874,1,0,1,0,3,7,1,0,2007-s2
P0250,P0874,1,0,1,0,4,6,1,0,2007-s2
P0239,P0250,1,1,0,0,10,0,1,0,2007-s2
P0094,P0769,1,0,0,1,5,5,1,0,2007-s2
P0094,P0725,1,1,0,0,8,2,1,0,2007-s2
P0094,P0607,1,0,1,0,4,6,1,0,2007-s2
P0094,P0806,1,1,0,0,6,4,1,0,2007-s2
P0094,P0863,1,0,1,0,0,10,1,0,2007-s2
P0094,P0839,1,1,0,0,7,3,1,0,2007-s2
P0725,P0769,1,0,1,0,4,6,1,0,2007-s2
P0607,P0769,1,0,1,0,4,6,1,0,2007-s2
P0769,P0806,1,1,0,0,8,2,1,0,2007-s2
P0769,P0863,1,1,0,0,8,2,1,0,2007-s2
P0769,P0839,1,0,1,0,2,8,1,0,2007-s2
P0607,P0725,1,1,0,0,6,4,1,0,2007-s2
P0725,P0806,1,1,0,0,7,3,1,0,2007-s2
P0725,P0863,1,0,1,0,3,7,1,0,2007-s2
P0725,P0839,1,0,1,0,3,7,1,0,2007-s2
P0607,P0806,1,1,0,0,9,1,1,0,2007-s2
P0607,P0863,1,1,0,0,7,3,1,0,2007-s2
P0607,P0839,1,1,0,0,8,2,1,0,2007-s2
P0806,P0863,1,0,1,0,4,6,1,0,2007-s2
P0806,P0839,1,0,1,0,4,6,1,0,2007-s2
P0839,P0863,1,0,1,0,4,6,1,0,2007-s2
P0327,P0798,1,0,0,1,5,5,1,0,2007-s2
P0327,P0441,1,1,0,0,8,2,1,0,2007-s2
P0327,P0699,1,1,0,0,7,3,1,0,2007-s2
P0327,P0688,1,1,0,0,6,4,1,0,2007-s2
P0327,P0743,1,1,0,0,10,0,1,0,2007-s2
P0441,P0798,1,1,0,0,7,3,1,0,2007-s2
P0699,P0798,1,0,1,0,3,7,1,0,2007-s2
P0688,P0798,1,0,1,0,4,6,1,0,2007-s2
P0743,P0798,1,0,1,0,4,6,1,0,2007-s2
P0798,P0822,1,1,0,0,7,3,1,0,2007-s2
P0441,P0699,1,0,1,0,2,8,1,0,2007-s2
P0441,P0688,1,1,0,0,6,4,1,0,2007-s2
P0441,P0743,1,1,0,0,9,1,1,0,2007-s2
P0441,P0822,1,1,0,0,7,3,1,0,2007-s2
P0688,P0699,1,1,0,0,7,3,1,0,2007-s2
P0699,P0743,1,1,0,0,6,4,1,0,2007-s2
P0699,P0822,1,0,1,0,1,9,1,0,2007-s2
P0688,P0743,1,1,0,0,7,3,1,0,2007-s2
P0688,P0822,1,1,0,0,10,0,1,0,2007-s2
P0051,P0766,1,1,0,0,7,3,1,0,2007-s2
P0051,P0789,1,1,0,0,6,4,1,0,2007-s2
P0051,P0404,1,1,0,0,8,2,1,0,2007-s2
P0051,P0823,1,1,0,0,8,2,1,0,2007-s2
P0051,P0241,1,1,0,0,10,0,1,0,2007-s2
P0051,P0814,1,0,1,0,3,7,1,0,2007-s2
P0766,P0789,1,1,0,0,6,4,1,0,2007-s2
P0404,P0766,1,1,0,0,9,1,1,0,2007-s2
P0766,P0823,1,0,1,0,2,8,1,0,2007-s2
P0241,P0766,1,1,0,0,10,0,1,0,2007-s2
P0766,P0814,1,0,1,0,0,10,1,0,2007-s2
P0404,P0789,1,1,0,0,6,4,1,0,2007-s2
P0789,P0823,1,0,1,0,3,7,1,0,2007-s2
P0241,P0789,1,1,0,0,9,1,1,0,2007-s2
P0789,P0814,1,0,1,0,4,6,1,0,2007-s2
P0404,P0823,1,0,1,0,4,6,1,0,2007-s2
P0241,P0404,1,1,0,0,6,4,1,0,2007-s2
P0404,P0814,1,1,0,0,8,2,1,0,2007-s2
P0241,P0823,1,0,1,0,1,9,1,0,2007-s2
P0814,P0823,1,0,1,0,3,7,1,0,2007-s2
P0241,P0814,1,1,0,0,6,4,1,0,2007-s2
P0359,P0484,1,1,0,0,8,2,1,0,2007-s2
P0217,P0359,2,2,0,0,14,6,2,0,2007-s4
P0359,P0467,1,0,1,0,3,7,1,0,2007-s2
P0359,P0913,1,1,0,0,6,4,1,0,2007-s2
P0359,P0591,1,1,0,0,10,0,1,0,2007-s2
P0359,P0700,1,0,0,1,5,5,1,0,2007-s2
P0217,P0484,1,0,0,1,5,5,1,0,2007-s2
P0467,P0484,1,0,1,0,1,9,1,0,2007-s2
P0484,P0913,1,1,0,0,6,4,1,0,2007-s2
P0484,P0591,1,1,0,0,10,0,1,0,2007-s2
P0484,P0700,1,1,0,0,7,3,1,0,2007-s2
P0217,P0467,1,1,0,0,8,2,1,0,2007-s2
P0217,P0913,1,0,0,1,5,5,1,0,2007-s2
P0217,P0700,1,0,1,0,3,7,1,0,2007-s2
P0467,P0913,1,0,1,0,1,9,1,0,2007-s2
P0467,P0591,1,1,0,0,10,0,1,0,2007-s2
P0591,P0913,1,0,1,0,4,6,1,0,2007-s2
P0700,P0913,1,0,0,1,5,5,1,0,2007-s2
P0668,P0908,1,0,1,0,1,9,1,0,2007-s2
P0701,P0908,1,1,0,0,7,3,1,0,2007-s2
P0680,P0908,1,1,0,0,6,4,1,0,2007-s2
P0772,P0908,1,0,1,0,3,7,1,0,2007-s2
P0842,P0908,2,2,0,0,14,6,2,0,2007-s3
P0750,P0908,1,1,0,0,8,2,1,0,2007-s2
P0668,P0701,1,0,1,0,3,7,1,0,2007-s2
P0668,P0680,1,0,1,0,2,8,1,0,2007-s2
P0668,P0772,1,0,1,0,4,6,1,0,2007-s2
P0668,P0842,1,0,1,0,3,7,1,0,2007-s2
P0668,P0750,1,0,1,0,2,8,1,0,2007-s2
P0680,P0701,1,1,0,0,10,0,1,0,2007-s2
P0701,P0772,1,1,0,0,7,3,1,0,2007-s2
P0701,P0842,1,1,0,0,6,4,1,0,2007-s2
P0701,P0750,1,1,0,0,8,2,1,0,2007-s2
P0680,P0772,1,0,1,0,0,10,1,0,2007-s2
P0680,P0842,1,0,1,0,0,10,1,0,2007-s2
P0680,P0750,1,1,0,0,6,4,1,0,2007-s2
P0772,P0842,1,0,1,0,4,6,1,0,2007-s2
P0750,P0772,1,1,0,0,6,4,1,0,2007-s2
P0750,P0842,1,1,0,0,6,4,1,0,2007-s2
P0406,P0648,1,1,0,0,8,2,1,0,2007-s2
P0558,P0648,1,1,0,0,7,3,1,0,2007-s2
P0431,P0648,1,1,0,0,7,3,1,0,2007-s2
P0447,P0648,1,1,0,0,10,0,1,0,2007-s2
P0315,P0648,1,1,0,0,6,4,1,0,2007-s2
P0648,P0864,1,0,1,0,0,10,1,0,2007-s2
P0406,P0558,1,0,1,0,1,9,1,0,2007-s2
P0406,P0447,1,0,1,0,0,10,1,0,2007-s2
P0315,P0406,1,1,0,0,8,2,1,0,2007-s2
P0406,P0864,1,0,1,0,3,7,1,0,2007-s2
P0431,P0558,1,0,1,0,4,6,1,0,2007-s2
P0447,P0558,1,1,0,0,6,4,1,0,2007-s2
P0315,P0558,1,0,1,0,4,6,1,0,2007-s2
P0558,P0864,1,1,0,0,9,1,1,0,2007-s2
P0431,P0447,2,1,1,0,9,11,2,0,2008-s2
P0315,P0431,2,2,0,0,13,7,2,0,2008-s1
P0431,P0864,1,0,1,0,4,6,1,0,2007-s2
P0315,P0447,1,1,0,0,7,3,1,0,2007-s2
P0447,P0864,1,1,0,0,8,2,1,0,2007-s2
P0315,P0864,1,0,1,0,4,6,1,0,2007-s2
P0805,P0868,1,0,1,0,4,6,1,0,2007-s2
P0848,P0868,1,0,1,0,3,7,1,0,2007-s2
P0824,P0868,1,1,0,0,6,4,1,0,2007-s2
P0868,P0885,1,0,1,0,3,7,1,0,2007-s2
P0453,P0868,1,1,0,0,10,0,1,0,2007-s2
P0835,P0868,1,0,0,1,5,5,1,0,2007-s2
P0805,P0848,1,1,0,0,6,4,1,0,2007-s2
P0805,P0824,1,1,0,0,6,4,1,0,2007-s2
P0805,P0885,1,0,1,0,4,6,1,0,2007-s2
P0453,P0805,1,1,0,0,6,4,1,0,2007-s2
P0805,P0835,1,0,1,0,2,8,1,0,2007-s2
P0824,P0848,1,1,0,0,6,4,1,0,2007-s2
P0848,P0885,1,0,1,0,4,6,1,0,2007-s2
P0453,P0848,1,1,0,0,7,3,1,0,2007-s2
P0835,P0848,1,0,0,1,5,5,1,0,2007-s2
P0824,P0885,1,0,1,0,4,6,1,0,2007-s2
P0453,P0824,1,0,0,1,5,5,1,0,2007-s2
P0824,P0835,1,1,0,0,6,4,1,0,2007-s2
P0453,P0885,1,1,0,0,7,3,1,0,2007-s2
P0835,P0885,1,0,1,0,4,6,1,0,2007-s2
P0453,P0835,1,1,0,0,8,2,1,0,2007-s2
P0140,P0431,1,1,0,0,9,1,1,0,2007-s3
P0140,P0729,1,1,0,0,8,2,1,0,2007-s3
P0140,P0247,1,1,0,0,6,4,1,0,2007-s3
P0140,P0333,1,1,0,0,7,3,1,0,2007-s3
P0140,P0344,1,1,0,0,7,3,1,0,2007-s3
P0140,P0812,1,1,0,0,6,4,1,0,2007-s3
P0431,P0729,2,0,1,1,9,11,2,0,2007-s4
P0247,P0431,1,1,0,0,7,3,1,0,2007-s3
P0333,P0431,1,1,0,0,8,2,1,0,2007-s3
P0344,P0431,1,1,0,0,6,4,1,0,2007-s3
P0431,P0812,1,0,1,0,3,7,1,0,2007-s3
P0247,P0729,1,1,0,0,7,3,1,0,2007-s3
P0333,P0729,1,1,0,0,10,0,1,0,2007-s3
P0344,P0729,1,1,0,0,6,4,1,0,2007-s3
P0729,P0812,1,0,1,0,3,7,1,0,2007-s3
P0247,P0333,1,0,0,1,5,5,1,0,2007-s3
P0247,P0812,1,1,0,0,6,4,1,0,2007-s3
P0333,P0344,1,1,0,0,7,3,1,0,2007-s3
P0333,P0812,1,1,0,0,10,0,1,0,2007-s3
P0344,P0812,1,0,1,0,0,10,1,0,2007-s3
P0493,P0655,1,1,0,0,6,4,1,0,2007-s3
P0493,P0750,1,1,0,0,6,4,1,0,2007-s3
P0493,P0662,1,0,0,1,5,5,1,0,2007-s3
P0493,P0767,1,0,1,0,4,6,1,0,2007-s3
P0131,P0493,1,0,1,0,4,6,1,0,2007-s3
P0094,P0493,1,1,0,0,7,3,1,0,2007-s3
P0655,P0750,1,1,0,0,7,3,1,0,2007-s3
P0655,P0662,1,1,0,0,6,4,1,0,2007-s3
P0655,P0767,1,0,1,0,2,8,1,0,2007-s3
P0131,P0655,1,0,0,1,5,5,1,0,2007-s3
P0094,P0655,1,1,0,0,6,4,1,0,2007-s3
P0662,P0750,1,1,0,0,6,4,1,0,2007-s3
P0750,P0767,1,1,0,0,8,2,1,0,2007-s3
P0131,P0750,1,0,0,1,5,5,1,0,2007-s3
P0094,P0750,1,1,0,0,7,3,1,0,2007-s3
P0662,P0767,1,0,1,0,3,7,1,0,2007-s3
P0131,P0662,1,0,0,1,5,5,1,0,2007-s3
P0094,P0662,1,1,0,0,6,4,1,0,2007-s3
P0131,P0767,1,0,1,0,2,8,1,0,2007-s3
P0094,P0767,1,1,0,0,6,4,1,0,2007-s3
P0094,P0131,1,0,1,0,0,10,1,0,2007-s3
P0753,P0844,1,1,0,0,6,4,1,0,2007-s3
P0073,P0844,1,0,1,0,4,6,1,0,2007-s3
P0702,P0844,1,1,0,0,10,0,1,0,2007-s3
P0732,P0844,1,0,0,1,5,5,1,0,2007-s3
P0819,P0844,1,1,0,0,10,0,1,0,2007-s3
P0073,P0753,1,0,0,1,5,5,1,0,2007-s3
P0753,P0825,1,1,0,0,6,4,1,0,2007-s3
P0702,P0753,2,2,0,0,12,8,2,0,2007-s4
P0732,P0753,1,0,1,0,0,10,1,0,2007-s3
P0753,P0819,1,1,0,0,6,4,1,0,2007-s3
P0073,P0825,1,0,1,0,4,6,1,0,2007-s3
P0073,P0702,1,1,0,0,7,3,1,0,2007-s3
P0073,P0732,2,2,0,0,15,5,2,0,2007-s4
P0073,P0819,1,1,0,0,6,4,1,0,2007-s3
P0702,P0825,1,1,0,0,10,0,1,0,2007-s3
P0819,P0825,1,1,0,0,10,0,1,0,2007-s3
P0702,P0732,2,2,0,0,16,4,2,0,2007-s5
P0702,P0819,1,1,0,0,10,0,1,0,2007-s3
P0732,P0819,1,0,1,0,1,9,1,0,2007-s3
P0205,P0877,1,1,0,0,6,4,1,0,2007-s3
P0205,P0857,1,0,1,0,1,9,1,0,2007-s3
P0205,P0240,1,1,0,0,8,2,1,0,2007-s3
P0205,P0404,2,2,0,0,15,5,2,0,2007-s6
P0205,P0703,1,0,1,0,3,7,1,0,2007-s3
P0857,P0877,1,0,0,1,5,5,1,0,2007-s3
P0541,P0877,1,1,0,0,7,3,1,0,2007-s3
P0240,P0877,1,1,0,0,6,4,1,0,2007-s3
P0404,P0877,1,1,0,0,6,4,1,0,2007-s3
P0703,P0877,1,0,1,0,4,6,1,0,2007-s3
P0541,P0857,1,0,1,0,4,6,1,0,2007-s3
P0240,P0857,1,0,1,0,3,7,1,0,2007-s3
P0404,P0857,1,0,1,0,4,6,1,0,2007-s3
P0703,P0857,1,1,0,0,6,4,1,0,2007-s3
P0240,P0541,1,0,1,0,3,7,1,0,2007-s3
P0404,P0541,1,0,1,0,2,8,1,0,2007-s3
P0541,P0703,1,0,1,0,0,10,1,0,2007-s3
P0240,P0404,1,0,1,0,3,7,1,0,2007-s3
P0240,P0703,1,1,0,0,7,3,1,0,2007-s3
P0404,P0703,1,1,0,0,6,4,1,0,2007-s3
P0196,P0826,1,0,1,0,4,6,1,0,2007-s3
P0165,P0826,1,0,1,0,2,8,1,0,2007-s3
P0616,P0826,1,1,0,0,6,4,1,0,2007-s3
P0032,P0826,1,1,0,0,6,4,1,0,2007-s3
P0826,P0897,1,0,0,1,5,5,1,0,2007-s3
P0718,P0826,1,0,0,1,5,5,1,0,2007-s3
P0165,P0196,1,0,1,0,3,7,1,0,2007-s3
P0196,P0616,1,1,0,0,7,3,1,0,2007-s3
P0032,P0196,1,1,0,0,6,4,1,0,2007-s3
P0196,P0897,1,0,1,0,3,7,1,0,2007-s3
P0196,P0718,1,1,0,0,6,4,1,0,2007-s3
P0165,P0616,1,1,0,0,8,2,1,0,2007-s3
P0032,P0165,1,1,0,0,10,0,1,0,2007-s3
P0165,P0897,1,1,0,0,6,4,1,0,2007-s3
P0165,P0718,1,1,0,0,6,4,1,0,2007-s3
P0032,P0616,1,1,0,0,6,4,1,0,2007-s3
P0616,P0897,2,0,2,0,6,14,2,0,2007-s5
P0616,P0718,1,1,0,0,7,3,1,0,2007-s3
P0032,P0897,1,0,1,0,4,6,1,0,2007-s3
P0032,P0718,1,1,0,0,6,4,1,0,2007-s3
P0718,P0897,1,0,1,0,4,6,1,0,2007-s3
P0024,P0363,3,1,1,1,13,17,3,0,2007-s5
P0363,P0484,1,1,0,0,8,2,1,0,2007-s3
P0166,P0363,1,0,1,0,4,6,1,0,2007-s3
P0321,P0363,1,1,0,0,10,0,1,0,2007-s3
P0484,P0778,1,1,0,0,10,0,1,0,2007-s3
P0321,P0778,1,1,0,0,6,4,1,0,2007-s3
P0485,P0778,1,0,1,0,0,10,1,0,2007-s3
P0024,P0166,1,0,0,1,5,5,1,0,2007-s3
P0024,P0485,1,1,0,0,9,1,1,0,2007-s3
P0166,P0484,1,0,1,0,4,6,1,0,2007-s3
P0321,P0484,1,1,0,0,6,4,1,0,2007-s3
P0484,P0485,1,1,0,0,6,4,1,0,2007-s3
P0166,P0321,1,0,1,0,2,8,1,0,2007-s3
P0321,P0485,1,1,0,0,6,4,1,0,2007-s3
P0607,P0874,1,0,0,1,5,5,1,0,2007-s3
P0607,P0704,1,1,0,0,9,1,1,0,2007-s3
P0607,P0853,1,0,1,0,4,6,1,0,2007-s3
P0607,P0694,1,1,0,0,6,4,1,0,2007-s3
P0184,P0607,1,0,0,1,5,5,1,0,2007-s3
P0607,P0934,1,1,0,0,7,3,1,0,2007-s3
P0704,P0874,1,0,1,0,2,8,1,0,2007-s3
P0853,P0874,1,0,1,0,4,6,1,0,2007-s3
P0694,P0874,1,0,1,0,3,7,1,0,2007-s3
P0184,P0874,1,1,0,0,6,4,1,0,2007-s3
P0874,P0934,1,1,0,0,8,2,1,0,2007-s3
P0704,P0853,1,0,1,0,4,6,1,0,2007-s3
P0694,P0704,1,1,0,0,6,4,1,0,2007-s3
P0184,P0704,1,1,0,0,8,2,1,0,2007-s3
P0704,P0934,1,0,1,0,1,9,1,0,2007-s3
P0694,P0853,1,0,1,0,3,7,1,0,2007-s3
P0184,P0853,1,0,0,1,5,5,1,0,2007-s3
P0853,P0934,1,1,0,0,7,3,1,0,2007-s3
P0184,P0694,1,0,1,0,4,6,1,0,2007-s3
P0694,P0934,1,0,1,0,4,6,1,0,2007-s3
P0184,P0934,1,1,0,0,6,4,1,0,2007-s3
P0659,P0921,1,0,1,0,3,7,1,0,2007-s3
P0659,P0757,1,1,0,0,6,4,1,0,2007-s3
P0172,P0659,1,0,1,0,4,6,1,0,2007-s3
P0659,P0885,1,1,0,0,6,4,1,0,2007-s3
P0659,P0754,1,0,1,0,4,6,1,0,2007-s3
P0659,P0807,1,0,0,1,5,5,1,0,2007-s3
P0757,P0921,1,1,0,0,6,4,1,0,2007-s3
P0172,P0921,1,0,1,0,3,7,1,0,2007-s3
P0885,P0921,1,0,1,0,1,9,1,0,2007-s3
P0754,P0921,1,0,1,0,1,9,1,0,2007-s3
P0807,P0921,1,0,1,0,1,9,1,0,2007-s3
P0172,P0757,1,1,0,0,7,3,1,0,2007-s3
P0757,P0885,1,1,0,0,8,2,1,0,2007-s3
P0754,P0757,1,1,0,0,7,3,1,0,2007-s3
P0172,P0754,1,1,0,0,7,3,1,0,2007-s3
P0754,P0885,1,0,0,1,5,5,1,0,2007-s3
P0754,P0807,1,0,1,0,4,6,1,0,2007-s3
P0359,P0917,1,1,0,0,6,4,1,0,2007-s3
P0315,P0917,1,1,0,0,6,4,1,0,2007-s3
P0764,P0917,1,1,0,0,6,4,1,0,2007-s3
P0848,P0917,1,1,0,0,6,4,1,0,2007-s3
P0836,P0917,1,0,1,0,2,8,1,0,2007-s3
P0315,P0359,1,1,0,0,7,3,1,0,2007-s3
P0359,P0764,1,0,1,0,2,8,1,0,2007-s3
P0359,P0848,1,0,1,0,4,6,1,0,2007-s3
P0359,P0836,1,1,0,0,6,4,1,0,2007-s3
P0315,P0764,1,1,0,0,6,4,1,0,2007-s3
P0315,P0499,1,1,0,0,8,2,1,0,2007-s3
P0315,P0848,2,2,0,0,13,7,2,0,2007-s4
P0315,P0836,1,0,0,1,5,5,1,0,2007-s3
P0499,P0764,1,0,1,0,2,8,1,0,2007-s3
P0764,P0848,1,1,0,0,6,4,1,0,2007-s3
P0764,P0836,1,0,0,1,5,5,1,0,2007-s3
P0499,P0848,1,0,1,0,4,6,1,0,2007-s3
P0499,P0836,1,1,0,0,7,3,1,0,2007-s3
P0836,P0848,1,0,1,0,4,6,1,0,2007-s3
P0441,P0447,1,1,0,0,6,4,1,0,2007-s3
P0447,P0796,1,0,1,0,4,6,1,0,2007-s3
P0223,P0447,1,1,0,0,8,2,1,0,2007-s3
P0447,P0805,1,0,1,0,4,6,1,0,2007-s3
P0340,P0447,1,0,1,0,1,9,1,0,2007-s3
P0441,P0796,1,0,1,0,2,8,1,0,2007-s3
P0223,P0441,1,1,0,0,6,4,1,0,2007-s3
P0441,P0805,1,0,1,0,4,6,1,0,2007-s3
P0441,P0889,1,0,0,1,5,5,1,0,2007-s3
P0340,P0441,1,1,0,0,6,4,1,0,2007-s3
P0223,P0796,1,0,0,1,5,5,1,0,2007-s3
P0796,P0805,1,0,1,0,4,6,1,0,2007-s3
P0796,P0889,1,1,0,0,10,0,1,0,2007-s3
P0340,P0796,1,0,1,0,2,8,1,0,2007-s3
P0223,P0805,1,0,1,0,4,6,1,0,2007-s3
P0223,P0889,1,1,0,0,9,1,1,0,2007-s3
P0223,P0340,1,1,0,0,9,1,1,0,2007-s3
P0805,P0889,1,0,0,1,5,5,1,0,2007-s3
P0340,P0805,1,1,0,0,7,3,1,0,2007-s3
P0803,P0855,1,1,0,0,10,0,1,0,2007-s3
P0803,P0882,1,1,0,0,8,2,1,0,2007-s3
P0744,P0803,1,0,1,0,0,10,1,0,2007-s3
P0051,P0803,1,1,0,0,9,1,1,0,2007-s3
P0803,P0864,1,1,0,0,10,0,1,0,2007-s3
P0680,P0803,1,1,0,0,10,0,1,0,2007-s3
P0744,P0855,1,1,0,0,9,1,1,0,2007-s3
P0051,P0855,1,1,0,0,10,0,1,0,2007-s3
P0680,P0855,1,1,0,0,8,2,1,0,2007-s3
P0744,P0882,1,1,0,0,6,4,1,0,2007-s3
P0051,P0882,1,1,0,0,6,4,1,0,2007-s3
P0680,P0882,1,1,0,0,6,4,1,0,2007-s3
P0051,P0744,1,1,0,0,8,2,1,0,2007-s3
P0744,P0864,1,1,0,0,7,3,1,0,2007-s3
P0680,P0744,1,1,0,0,7,3,1,0,2007-s3
P0051,P0864,1,1,0,0,7,3,1,0,2007-s3
P0051,P0680,1,0,0,1,5,5,1,0,2007-s3
P0680,P0864,1,1,0,0,10,0,1,0,2007-s3
P0217,P0761,1,0,1,0,4,6,1,0,2007-s3
P0217,P0865,1,1,0,0,6,4,1,0,2007-s3
P0217,P0814,1,1,0,0,7,3,1,0,2007-s3
P0217,P0774,1,1,0,0,7,3,1,0,2007-s3
P0217,P0577,1,1,0,0,6,4,1,0,2007-s3
P0217,P0664,1,1,0,0,6,4,1,0,2007-s3
P0761,P0865,1,0,1,0,4,6,1,0,2007-s3
P0761,P0814,1,1,0,0,6,4,1,0,2007-s3
P0761,P0774,1,0,1,0,4,6,1,0,2007-s3
P0577,P0761,1,0,1,0,3,7,1,0,2007-s3
P0664,P0761,1,0,1,0,4,6,1,0,2007-s3
P0814,P0865,1,0,0,1,5,5,1,0,2007-s3
P0774,P0865,1,1,0,0,7,3,1,0,2007-s3
P0664,P0865,1,1,0,0,6,4,1,0,2007-s3
P0774,P0814,1,1,0,0,8,2,1,0,2007-s3
P0664,P0814,1,1,0,0,7,3,1,0,2007-s3
P0577,P0774,1,0,1,0,3,7,1,0,2007-s3
P0664,P0774,1,0,1,0,0,10,1,0,2007-s3
P0577,P0664,1,0,1,0,0,10,1,0,2007-s3
P0842,P0895,1,1,0,0,7,3,1,0,2007-s3
P0712,P0842,1,1,0,0,6,4,1,0,2007-s3
P0801,P0842,1,0,1,0,1,9,1,0,2007-s3
P0558,P0842,1,1,0,0,6,4,1,0,2007-s3
P0633,P0842,1,0,0,1,5,5,1,0,2007-s3
P0712,P0895,1,1,0,0,7,3,1,0,2007-s3
P0801,P0895,1,0,1,0,4,6,1,0,2007-s3
P0558,P0895,1,1,0,0,6,4,1,0,2007-s3
P0633,P0895,1,0,0,1,5,5,1,0,2007-s3
P0712,P0801,1,1,0,0,6,4,1,0,2007-s3
P0712,P0908,1,1,0,0,10,0,1,0,2007-s3
P0558,P0712,1,0,1,0,4,6,1,0,2007-s3
P0633,P0712,1,0,0,1,5,5,1,0,2007-s3
P0558,P0801,1,1,0,0,10,0,1,0,2007-s3
P0633,P0801,1,1,0,0,7,3,1,0,2007-s3
P0558,P0908,1,1,0,0,10,0,1,0,2007-s3
P0633,P0908,1,1,0,0,10,0,1,0,2007-s3
P0558,P0633,1,0,1,0,2,8,1,0,2007-s3
P0669,P0789,1,1,0,0,6,4,1,0,2007-s3
P0669,P0737,1,0,1,0,4,6,1,0,2007-s3
P0669,P0822,1,1,0,0,8,2,1,0,2007-s3
P0669,P0772,1,0,1,0,2,8,1,0,2007-s3
P0669,P0685,1,1,0,0,6,4,1,0,2007-s3
P0669,P0791,1,0,1,0,1,9,1,0,2007-s3
P0737,P0789,1,1,0,0,6,4,1,0,2007-s3
P0772,P0789,1,0,0,1,5,5,1,0,2007-s3
P0789,P0791,1,0,1,0,4,6,1,0,2007-s3
P0737,P0822,1,1,0,0,7,3,1,0,2007-s3
P0737,P0772,1,0,1,0,2,8,1,0,2007-s3
P0685,P0737,1,0,1,0,4,6,1,0,2007-s3
P0737,P0791,1,1,0,0,6,4,1,0,2007-s3
P0772,P0822,1,1,0,0,10,0,1,0,2007-s3
P0685,P0822,1,0,0,1,5,5,1,0,2007-s3
P0791,P0822,1,1,0,0,10,0,1,0,2007-s3
P0685,P0772,1,1,0,0,6,4,1,0,2007-s3
P0772,P0791,1,0,0,1,5,5,1,0,2007-s3
P0685,P0791,1,0,1,0,1,9,1,0,2007-s3
P0658,P0724,1,1,0,0,8,2,1,0,2007-s4
P0658,P0845,1,0,1,0,2,8,1,0,2007-s4
P0658,P0879,1,1,0,0,10,0,1,0,2007-s4
P0532,P0658,1,0,1,0,4,6,1,0,2007-s4
P0658,P0713,1,1,0,0,10,0,1,0,2007-s4
P0658,P0940,1,0,1,0,4,6,1,0,2007-s4
P0724,P0845,1,1,0,0,6,4,1,0,2007-s4
P0724,P0879,1,1,0,0,10,0,1,0,2007-s4
P0532,P0724,1,0,1,0,1,9,1,0,2007-s4
P0713,P0724,1,0,1,0,0,10,1,0,2007-s4
P0724,P0940,1,0,1,0,4,6,1,0,2007-s4
P0845,P0879,1,1,0,0,7,3,1,0,2007-s4
P0532,P0845,1,0,0,1,5,5,1,0,2007-s4
P0713,P0845,1,0,1,0,0,10,1,0,2007-s4
P0845,P0940,1,0,1,0,4,6,1,0,2007-s4
P0532,P0713,1,1,0,0,6,4,1,0,2007-s4
P0532,P0940,1,0,1,0,2,8,1,0,2007-s4
P0713,P0940,1,1,0,0,6,4,1,0,2007-s4
P0029,P0714,1,1,0,0,6,4,1,0,2007-s4
P0029,P0897,1,0,0,1,5,5,1,0,2007-s4
P0029,P0679,2,2,0,0,13,7,2,0,2007-s5
P0655,P0737,1,1,0,0,7,3,1,0,2007-s4
P0655,P0714,1,0,1,0,3,7,1,0,2007-s4
P0655,P0897,1,0,1,0,4,6,1,0,2007-s4
P0655,P0679,1,0,1,0,4,6,1,0,2007-s4
P0714,P0737,1,1,0,0,7,3,1,0,2007-s4
P0737,P0897,1,0,1,0,4,6,1,0,2007-s4
P0679,P0737,1,0,1,0,4,6,1,0,2007-s4
P0609,P0737,1,1,0,0,6,4,1,0,2007-s4
P0714,P0897,1,0,1,0,4,6,1,0,2007-s4
P0679,P0714,1,0,1,0,3,7,1,0,2007-s4
P0609,P0714,1,0,1,0,3,7,1,0,2007-s4
P0679,P0897,1,0,1,0,4,6,1,0,2007-s4
P0609,P0897,1,0,0,1,5,5,1,0,2007-s4
P0609,P0679,2,2,0,0,13,7,2,0,2007-s5
P0690,P0846,1,1,0,0,6,4,1,0,2007-s4
P0718,P0846,1,0,1,0,4,6,1,0,2007-s4
P0131,P0846,1,1,0,0,8,2,1,0,2007-s4
P0846,P0933,1,0,1,0,1,9,1,0,2007-s4
P0617,P0846,1,1,0,0,7,3,1,0,2007-s4
P0333,P0690,1,0,1,0,4,6,1,0,2007-s4
P0333,P0718,1,0,1,0,4,6,1,0,2007-s4
P0131,P0333,1,0,1,0,4,6,1,0,2007-s4
P0333,P0933,1,0,1,0,4,6,1,0,2007-s4
P0333,P0617,1,1,0,0,6,4,1,0,2007-s4
P0690,P0718,1,1,0,0,6,4,1,0,2007-s4
P0131,P0690,1,1,0,0,9,1,1,0,2007-s4
P0690,P0933,1,1,0,0,6,4,1,0,2007-s4
P0617,P0690,1,0,0,1,5,5,1,0,2007-s4
P0131,P0718,1,1,0,0,6,4,1,0,2007-s4
P0718,P0933,1,0,1,0,3,7,1,0,2007-s4
P0617,P0718,1,1,0,0,6,4,1,0,2007-s4
P0131,P0933,1,1,0,0,9,1,1,0,2007-s4
P0131,P0617,2,1,1,0,8,12,2,0,2007-s6
P0617,P0933,1,1,0,0,6,4,1,0,2007-s4
P0024,P0753,1,0,1,0,3,7,1,0,2007-s4
P0024,P0702,1,0,0,1,5,5,1,0,2007-s4
P0024,P0851,1,1,0,0,6,4,1,0,2007-s4
P0024,P0739,1,0,0,1,5,5,1,0,2007-s4
P0024,P0921,1,1,0,0,9,1,1,0,2007-s4
P0363,P0753,2,0,2,0,7,13,2,0,2007-s6
P0363,P0702,1,0,1,0,4,6,1,0,2007-s4
P0363,P0851,1,1,0,0,10,0,1,0,2007-s4
P0363,P0739,1,1,0,0,6,4,1,0,2007-s4
P0363,P0921,2,1,1,0,14,6,2,0,2008-s4
P0753,P0851,1,0,0,1,5,5,1,0,2007-s4
P0739,P0753,1,1,0,0,6,4,1,0,2007-s4
P0753,P0921,1,1,0,0,10,0,1,0,2007-s4
P0702,P0851,1,1,0,0,8,2,1,0,2007-s4
P0702,P0739,1,0,0,1,5,5,1,0,2007-s4
P0702,P0921,1,0,0,1,5,5,1,0,2007-s4
P0739,P0851,1,0,0,1,5,5,1,0,2007-s4
P0739,P0921,1,1,0,0,10,0,1,0,2007-s4
P0297,P0732,1,1,0,0,6,4,1,0,2007-s4
P0732,P0827,1,1,0,0,8,2,1,0,2007-s4
P0440,P0732,1,1,0,0,8,2,1,0,2007-s4
P0694,P0732,1,0,1,0,4,6,1,0,2007-s4
P0584,P0732,1,1,0,0,6,4,1,0,2007-s4
P0297,P0827,1,1,0,0,9,1,1,0,2007-s4
P0297,P0694,1,1,0,0,10,0,1,0,2007-s4
P0297,P0584,1,0,1,0,4,6,1,0,2007-s4
P0440,P0827,1,1,0,0,10,0,1,0,2007-s4
P0694,P0827,1,0,1,0,3,7,1,0,2007-s4
P0073,P0827,1,1,0,0,7,3,1,0,2007-s4
P0584,P0827,1,1,0,0,7,3,1,0,2007-s4
P0440,P0694,1,1,0,0,6,4,1,0,2007-s4
P0073,P0440,1,1,0,0,6,4,1,0,2007-s4
P0440,P0584,1,0,0,1,5,5,1,0,2007-s4
P0073,P0694,1,1,0,0,7,3,1,0,2007-s4
P0584,P0694,1,1,0,0,6,4,1,0,2007-s4
P0073,P0584,2,0,2,0,7,13,2,0,2011-s5
P0223,P0774,1,1,0,0,8,2,1,0,2007-s4
P0774,P0853,1,0,1,0,4,6,1,0,2007-s4
P0493,P0774,1,1,0,0,8,2,1,0,2007-s4
P0383,P0774,1,1,0,0,8,2,1,0,2007-s4
P0166,P0774,1,0,1,0,4,6,1,0,2007-s4
P0774,P0880,1,0,1,0,4,6,1,0,2007-s4
P0223,P0853,1,1,0,0,6,4,1,0,2007-s4
P0223,P0383,1,1,0,0,7,3,1,0,2007-s4
P0166,P0223,1,0,1,0,0,10,1,0,2007-s4
P0223,P0880,1,1,0,0,6,4,1,0,2007-s4
P0493,P0853,1,1,0,0,6,4,1,0,2007-s4
P0383,P0853,1,0,1,0,2,8,1,0,2007-s4
P0166,P0853,1,0,1,0,4,6,1,0,2007-s4
P0853,P0880,1,1,0,0,7,3,1,0,2007-s4
P0383,P0493,1,0,1,0,3,7,1,0,2007-s4
P0166,P0493,1,0,1,0,3,7,1,0,2007-s4
P0493,P0880,1,1,0,0,7,3,1,0,2007-s4
P0383,P0880,1,1,0,0,7,3,1,0,2007-s4
P0205,P0749,1,1,0,0,6,4,1,0,2007-s4
P0205,P0847,1,0,1,0,4,6,1,0,2007-s4
P0172,P0205,1,0,1,0,3,7,1,0,2007-s4
P0205,P0662,1,1,0,0,6,4,1,0,2007-s4
P0749,P0877,1,1,0,0,6,4,1,0,2007-s4
P0749,P0847,1,0,1,0,3,7,1,0,2007-s4
P0172,P0749,1,1,0,0,8,2,1,0,2007-s4
P0847,P0877,1,1,0,0,8,2,1,0,2007-s4
P0172,P0847,1,0,1,0,4,6,1,0,2007-s4
P0321,P0847,1,0,1,0,1,9,1,0,2007-s4
P0662,P0847,1,1,0,0,6,4,1,0,2007-s4
P0172,P0662,1,1,0,0,10,0,1,0,2007-s4
P0165,P0697,1,1,0,0,10,0,1,0,2007-s4
P0165,P0270,1,1,0,0,10,0,1,0,2007-s4
P0076,P0165,1,0,0,1,5,5,1,0,2007-s4
P0165,P0828,1,0,1,0,4,6,1,0,2007-s4
P0165,P0491,1,0,1,0,4,6,1,0,2007-s4
P0165,P0404,1,0,1,0,4,6,1,0,2007-s4
P0270,P0697,1,0,1,0,4,6,1,0,2007-s4
P0697,P0828,1,1,0,0,10,0,1,0,2007-s4
P0491,P0697,1,0,1,0,4,6,1,0,2007-s4
P0404,P0697,1,0,1,0,3,7,1,0,2007-s4
P0076,P0828,1,1,0,0,10,0,1,0,2007-s4
P0076,P0491,1,0,0,1,5,5,1,0,2007-s4
P0404,P0491,1,1,0,0,6,4,1,0,2007-s4
P0727,P0764,1,1,0,0,6,4,1,0,2007-s4
P0727,P0792,1,1,0,0,9,1,1,0,2007-s4
P0664,P0727,1,0,1,0,0,10,1,0,2007-s4
P0727,P0866,1,0,1,0,1,9,1,0,2007-s4
P0266,P0727,1,0,0,1,5,5,1,0,2007-s4
P0558,P0727,1,1,0,0,6,4,1,0,2007-s4
P0764,P0792,1,1,0,0,6,4,1,0,2007-s4
P0558,P0764,1,0,0,1,5,5,1,0,2007-s4
P0664,P0792,1,0,1,0,0,10,1,0,2007-s4
P0792,P0866,1,1,0,0,9,1,1,0,2007-s4
P0266,P0792,1,0,0,1,5,5,1,0,2007-s4
P0558,P0792,1,1,0,0,7,3,1,0,2007-s4
P0558,P0866,1,1,0,0,7,3,1,0,2007-s4
P0266,P0558,1,0,1,0,3,7,1,0,2007-s4
P0315,P0919,1,1,0,0,7,3,1,0,2007-s4
P0687,P0919,1,1,0,0,6,4,1,0,2007-s4
P0852,P0919,1,1,0,0,6,4,1,0,2007-s4
P0848,P0919,1,1,0,0,9,1,1,0,2007-s4
P0916,P0919,1,1,0,0,8,2,1,0,2007-s4
P0315,P0687,1,1,0,0,6,4,1,0,2007-s4
P0315,P0852,2,2,0,0,15,5,2,0,2007-s6
P0051,P0315,1,0,1,0,4,6,1,0,2007-s4
P0315,P0916,1,1,0,0,6,4,1,0,2007-s4
P0687,P0852,1,1,0,0,9,1,1,0,2007-s4
P0687,P0848,1,1,0,0,6,4,1,0,2007-s4
P0687,P0916,1,1,0,0,6,4,1,0,2007-s4
P0051,P0852,1,1,0,0,9,1,1,0,2007-s4
P0848,P0916,1,1,0,0,6,4,1,0,2007-s4
P0051,P0916,1,1,0,0,8,2,1,0,2007-s4
P0738,P0881,1,0,1,0,4,6,1,0,2007-s4
P0794,P0881,1,0,1,0,3,7,1,0,2007-s4
P0447,P0881,1,0,1,0,3,7,1,0,2007-s4
P0881,P0929,1,1,0,0,6,4,1,0,2007-s4
P0881,P0886,1,0,1,0,3,7,1,0,2007-s4
P0633,P0881,1,0,1,0,0,10,1,0,2007-s4
P0738,P0794,1,0,1,0,3,7,1,0,2007-s4
P0447,P0738,1,0,0,1,5,5,1,0,2007-s4
P0738,P0929,1,1,0,0,6,4,1,0,2007-s4
P0738,P0886,1,0,1,0,3,7,1,0,2007-s4
P0633,P0738,1,0,1,0,0,10,1,0,2007-s4
P0447,P0794,1,1,0,0,6,4,1,0,2007-s4
P0794,P0929,1,1,0,0,8,2,1,0,2007-s4
P0794,P0886,1,1,0,0,6,4,1,0,2007-s4
P0633,P0794,1,0,0,1,5,5,1,0,2007-s4
P0447,P0929,1,0,1,0,3,7,1,0,2007-s4
P0447,P0886,1,0,1,0,4,6,1,0,2007-s4
P0447,P0633,1,1,0,0,10,0,1,0,2007-s4
P0886,P0929,1,0,1,0,4,6,1,0,2007-s4
P0633,P0929,1,0,1,0,0,10,1,0,2007-s4
P0633,P0886,1,0,1,0,4,6,1,0,2007-s4
P0217,P0729,1,1,0,0,6,4,1,0,2007-s4
P0359,P0729,1,0,0,1,5,5,1,0,2007-s4
P0729,P0899,1,1,0,0,10,0,1,0,2007-s4
P0729,P0909,1,1,0,0,8,2,1,0,2007-s4
P0686,P0729,1,0,1,0,4,6,1,0,2007-s4
P0217,P0899,1,0,0,1,5,5,1,0,2007-s4
P0217,P0909,1,1,0,0,6,4,1,0,2007-s4
P0217,P0686,1,1,0,0,6,4,1,0,2007-s4
P0359,P0899,1,1,0,0,10,0,1,0,2007-s4
P0359,P0909,1,0,0,1,5,5,1,0,2007-s4
P0359,P0686,1,1,0,0,8,2,1,0,2007-s4
P0431,P0899,1,0,1,0,4,6,1,0,2007-s4
P0431,P0909,2,0,2,0,3,17,2,0,2007-s5
P0431,P0686,1,0,0,1,5,5,1,0,2007-s4
P0899,P0909,1,0,1,0,4,6,1,0,2007-s4
P0686,P0899,1,1,0,0,10,0,1,0,2007-s4
P0686,P0909,1,0,1,0,4,6,1,0,2007-s4
P0745,P0771,1,0,1,0,1,9,1,0,2007-s4
P0344,P0745,1,1,0,0,7,3,1,0,2007-s4
P0745,P0765,1,0,1,0,4,6,1,0,2007-s4
P0684,P0745,1,1,0,0,6,4,1,0,2007-s4
P0669,P0745,1,0,1,0,4,6,1,0,2007-s4
P0745,P0820,1,0,1,0,0,10,1,0,2007-s4
P0344,P0771,1,1,0,0,8,2,1,0,2007-s4
P0765,P0771,1,1,0,0,6,4,1,0,2007-s4
P0684,P0771,1,1,0,0,7,3,1,0,2007-s4
P0669,P0771,1,0,1,0,4,6,1,0,2007-s4
P0771,P0820,1,0,1,0,4,6,1,0,2007-s4
P0344,P0765,1,0,1,0,3,7,1,0,2007-s4
P0344,P0684,1,0,1,0,4,6,1,0,2007-s4
P0344,P0669,1,1,0,0,8,2,1,0,2007-s4
P0344,P0820,1,1,0,0,9,1,1,0,2007-s4
P0684,P0765,1,0,1,0,4,6,1,0,2007-s4
P0669,P0765,1,0,1,0,4,6,1,0,2007-s4
P0765,P0820,1,1,0,0,7,3,1,0,2007-s4
P0669,P0684,1,0,1,0,1,9,1,0,2007-s4
P0684,P0820,1,1,0,0,6,4,1,0,2007-s4
P0669,P0820,1,0,1,0,3,7,1,0,2007-s4
P0728,P0761,1,1,0,0,8,2,1,0,2007-s4
P0728,P0775,1,1,0,0,8,2,1,0,2007-s4
P0728,P0854,1,1,0,0,10,0,1,0,2007-s4
P0728,P0782,1,0,0,1,5,5,1,0,2007-s4
P0728,P0785,1,0,0,1,5,5,1,0,2007-s4
P0761,P0775,1,0,1,0,3,7,1,0,2007-s4
P0761,P0854,1,1,0,0,8,2,1,0,2007-s4
P0761,P0782,1,1,0,0,6,4,1,0,2007-s4
P0761,P0796,1,0,1,0,3,7,1,0,2007-s4
P0761,P0785,1,0,1,0,2,8,1,0,2007-s4
P0775,P0854,1,1,0,0,7,3,1,0,2007-s4
P0775,P0782,1,1,0,0,10,0,1,0,2007-s4
P0775,P0796,1,0,1,0,0,10,1,0,2007-s4
P0775,P0785,1,0,1,0,1,9,1,0,2007-s4
P0782,P0854,1,1,0,0,8,2,1,0,2007-s4
P0796,P0854,1,1,0,0,10,0,1,0,2007-s4
P0785,P0854,1,1,0,0,9,1,1,0,2007-s4
P0782,P0796,1,0,0,1,5,5,1,0,2007-s4
P0782,P0785,1,1,0,0,10,0,1,0,2007-s4
P0785,P0796,1,0,0,1,5,5,1,0,2007-s4
P0340,P0485,1,0,1,0,4,6,1,0,2007-s4
P0340,P0875,1,0,1,0,2,8,1,0,2007-s4
P0340,P0772,1,1,0,0,6,4,1,0,2007-s4
P0340,P0928,1,0,0,1,5,5,1,0,2007-s4
P0340,P0895,1,0,1,0,1,9,1,0,2007-s4
P0485,P0903,1,1,0,0,10,0,1,0,2007-s4
P0875,P0903,1,0,1,0,2,8,1,0,2007-s4
P0772,P0903,1,0,1,0,4,6,1,0,2007-s4
P0903,P0928,1,0,1,0,4,6,1,0,2007-s4
P0895,P0903,1,1,0,0,7,3,1,0,2007-s4
P0485,P0875,1,0,1,0,4,6,1,0,2007-s4
P0485,P0772,1,0,1,0,4,6,1,0,2007-s4
P0485,P0928,1,1,0,0,6,4,1,0,2007-s4
P0485,P0895,1,1,0,0,6,4,1,0,2007-s4
P0772,P0875,1,1,0,0,7,3,1,0,2007-s4
P0875,P0928,1,0,1,0,2,8,1,0,2007-s4
P0875,P0895,1,1,0,0,6,4,1,0,2007-s4
P0772,P0928,3,0,3,0,9,21,3,0,2008-s2
P0772,P0895,1,1,0,0,7,3,1,0,2007-s4
P0895,P0928,1,1,0,0,6,4,1,0,2007-s4
P0531,P0728,1,1,0,0,6,4,1,0,2007-s5
P0422,P0531,1,0,1,0,0,10,1,0,2007-s5
P0531,P0719,1,0,1,0,3,7,1,0,2007-s5
P0531,P0895,1,1,0,0,6,4,1,0,2007-s5
P0531,P0847,1,0,0,1,5,5,1,0,2007-s5
P0531,P0940,1,0,0,1,5,5,1,0,2007-s5
P0422,P0728,1,0,1,0,4,6,1,0,2007-s5
P0719,P0728,1,1,0,0,6,4,1,0,2007-s5
P0728,P0895,1,1,0,0,8,2,1,0,2007-s5
P0728,P0847,1,0,0,1,5,5,1,0,2007-s5
P0728,P0940,1,0,0,1,5,5,1,0,2007-s5
P0422,P0719,1,1,0,0,6,4,1,0,2007-s5
P0422,P0895,1,1,0,0,6,4,1,0,2007-s5
P0422,P0940,1,1,0,0,6,4,1,0,2007-s5
P0719,P0895,1,1,0,0,8,2,1,0,2007-s5
P0719,P0847,1,0,1,0,4,6,1,0,2007-s5
P0719,P0940,1,0,1,0,4,6,1,0,2007-s5
P0847,P0895,1,1,0,0,8,2,1,0,2007-s5
P0895,P0940,1,1,0,0,6,4,1,0,2007-s5
P0847,P0940,1,1,0,0,7,3,1,0,2007-s5
P0404,P0724,2,1,1,0,9,11,2,0,2007-s6
P0711,P0724,1,0,1,0,0,10,1,0,2007-s5
P0672,P0724,1,0,0,1,5,5,1,0,2007-s5
P0724,P0897,1,1,0,0,6,4,1,0,2007-s5
P0724,P0912,1,1,0,0,9,1,1,0,2007-s5
P0404,P0672,1,0,1,0,3,7,1,0,2007-s5
P0404,P0897,1,1,0,0,6,4,1,0,2007-s5
P0404,P0912,1,0,1,0,2,8,1,0,2007-s5
P0404,P0616,1,1,0,0,6,4,1,0,2007-s5
P0672,P0711,1,0,1,0,4,6,1,0,2007-s5
P0711,P0897,1,0,1,0,3,7,1,0,2007-s5
P0711,P0912,1,1,0,0,6,4,1,0,2007-s5
P0616,P0711,1,0,1,0,1,9,1,0,2007-s5
P0672,P0897,1,1,0,0,6,4,1,0,2007-s5
P0672,P0912,1,1,0,0,8,2,1,0,2007-s5
P0616,P0672,1,0,1,0,4,6,1,0,2007-s5
P0897,P0912,1,1,0,0,10,0,1,0,2007-s5
P0616,P0912,1,1,0,0,10,0,1,0,2007-s5
P0363,P0715,1,1,0,0,6,4,1,0,2007-s5
P0363,P0787,1,1,0,0,7,3,1,0,2007-s5
P0073,P0363,1,1,0,0,6,4,1,0,2007-s5
P0363,P0655,1,1,0,0,6,4,1,0,2007-s5
P0024,P0715,1,0,1,0,2,8,1,0,2007-s5
P0715,P0787,1,0,1,0,2,8,1,0,2007-s5
P0073,P0715,1,1,0,0,7,3,1,0,2007-s5
P0655,P0715,1,0,1,0,4,6,1,0,2007-s5
P0491,P0715,1,0,1,0,3,7,1,0,2007-s5
P0024,P0787,1,0,1,0,2,8,1,0,2007-s5
P0024,P0491,1,1,0,0,8,2,1,0,2007-s5
P0073,P0787,1,1,0,0,7,3,1,0,2007-s5
P0655,P0787,1,1,0,0,6,4,1,0,2007-s5
P0073,P0655,1,0,1,0,4,6,1,0,2007-s5
P0073,P0491,1,1,0,0,6,4,1,0,2007-s5
P0491,P0655,1,1,0,0,6,4,1,0,2007-s5
P0140,P0759,1,1,0,0,9,1,1,0,2007-s5
P0297,P0759,1,1,0,0,8,2,1,0,2007-s5
P0019,P0759,1,0,1,0,4,6,1,0,2007-s5
P0759,P0923,1,1,0,0,6,4,1,0,2007-s5
P0223,P0759,1,1,0,0,6,4,1,0,2007-s5
P0759,P0910,1,1,0,0,10,0,1,0,2007-s5
P0140,P0297,1,0,1,0,4,6,1,0,2007-s5
P0019,P0140,1,0,1,0,3,7,1,0,2007-s5
P0140,P0923,1,0,1,0,3,7,1,0,2007-s5
P0140,P0910,1,1,0,0,10,0,1,0,2007-s5
P0019,P0297,1,0,1,0,3,7,1,0,2007-s5
P0297,P0923,1,1,0,0,9,1,1,0,2007-s5
P0223,P0297,1,0,1,0,1,9,1,0,2007-s5
P0297,P0910,1,1,0,0,10,0,1,0,2007-s5
P0019,P0923,1,0,0,1,5,5,1,0,2007-s5
P0019,P0223,1,0,1,0,2,8,1,0,2007-s5
P0019,P0910,1,1,0,0,10,0,1,0,2007-s5
P0223,P0923,1,1,0,0,6,4,1,0,2007-s5
P0910,P0923,1,0,1,0,0,10,1,0,2007-s5
P0223,P0910,1,1,0,0,10,0,1,0,2007-s5
P0501,P0820,1,1,0,0,7,3,1,0,2007-s5
P0584,P0820,1,0,1,0,3,7,1,0,2007-s5
P0558,P0820,1,0,1,0,3,7,1,0,2007-s5
P0689,P0820,1,0,1,0,4,6,1,0,2007-s5
P0678,P0820,1,1,0,0,6,4,1,0,2007-s5
P0493,P0820,1,0,1,0,4,6,1,0,2007-s5
P0501,P0584,1,1,0,0,6,4,1,0,2007-s5
P0501,P0558,1,0,0,1,5,5,1,0,2007-s5
P0501,P0678,1,0,1,0,4,6,1,0,2007-s5
P0493,P0501,1,0,1,0,4,6,1,0,2007-s5
P0584,P0689,1,0,1,0,0,10,1,0,2007-s5
P0584,P0678,1,0,1,0,2,8,1,0,2007-s5
P0558,P0689,2,0,2,0,5,15,2,0,2009-s1
P0558,P0678,2,1,1,0,10,10,2,0,2008-s1
P0678,P0689,1,0,1,0,2,8,1,0,2007-s5
P0493,P0689,1,0,1,0,4,6,1,0,2007-s5
P0493,P0678,1,0,1,0,4,6,1,0,2007-s5
P0484,P0702,1,0,1,0,1,9,1,0,2007-s5
P0440,P0484,1,1,0,0,8,2,1,0,2007-s5
P0205,P0484,1,1,0,0,10,0,1,0,2007-s5
P0205,P0732,1,1,0,0,8,2,1,0,2007-s5
P0705,P0732,1,0,1,0,2,8,1,0,2007-s5
P0440,P0702,1,0,0,1,5,5,1,0,2007-s5
P0702,P0933,1,1,0,0,10,0,1,0,2007-s5
P0205,P0702,1,0,1,0,1,9,1,0,2007-s5
P0702,P0705,1,1,0,0,6,4,1,0,2007-s5
P0440,P0933,1,1,0,0,6,4,1,0,2007-s5
P0705,P0933,1,1,0,0,7,3,1,0,2007-s5
P0205,P0705,1,1,0,0,6,4,1,0,2007-s5
P0658,P0691,1,0,1,0,3,7,1,0,2007-s5
P0609,P0658,1,0,1,0,4,6,1,0,2007-s5
P0029,P0658,2,2,0,0,12,8,2,0,2009-s1
P0617,P0658,1,0,1,0,4,6,1,0,2007-s5
P0658,P0679,1,0,1,0,4,6,1,0,2007-s5
P0172,P0658,1,0,1,0,0,10,1,0,2007-s5
P0029,P0691,1,1,0,0,9,1,1,0,2007-s5
P0617,P0691,1,0,0,1,5,5,1,0,2007-s5
P0679,P0691,1,0,1,0,4,6,1,0,2007-s5
P0172,P0691,1,1,0,0,6,4,1,0,2007-s5
P0172,P0609,1,1,0,0,6,4,1,0,2007-s5
P0617,P0679,1,1,0,0,8,2,1,0,2007-s5
P0172,P0617,1,1,0,0,6,4,1,0,2007-s5
P0172,P0679,1,1,0,0,7,3,1,0,2007-s5
P0730,P0892,1,1,0,0,7,3,1,0,2007-s5
P0892,P0918,1,0,0,1,5,5,1,0,2007-s5
P0790,P0892,1,0,1,0,4,6,1,0,2007-s5
P0829,P0892,1,1,0,0,10,0,1,0,2007-s5
P0730,P0918,1,0,1,0,4,6,1,0,2007-s5
P0499,P0730,1,0,1,0,3,7,1,0,2007-s5
P0730,P0790,1,1,0,0,6,4,1,0,2007-s5
P0730,P0810,1,1,0,0,7,3,1,0,2007-s5
P0730,P0829,1,1,0,0,6,4,1,0,2007-s5
P0499,P0918,1,0,1,0,4,6,1,0,2007-s5
P0790,P0918,1,0,1,0,4,6,1,0,2007-s5
P0810,P0918,1,0,1,0,1,9,1,0,2007-s5
P0829,P0918,1,0,1,0,4,6,1,0,2007-s5
P0499,P0810,1,1,0,0,6,4,1,0,2007-s5
P0499,P0829,1,0,1,0,3,7,1,0,2007-s5
P0790,P0829,1,0,1,0,2,8,1,0,2007-s5
P0810,P0829,1,0,1,0,4,6,1,0,2007-s5
P0772,P0794,1,1,0,0,6,4,1,0,2007-s5
P0794,P0869,1,1,0,0,7,3,1,0,2007-s5
P0794,P0801,1,1,0,0,10,0,1,0,2007-s5
P0772,P0869,2,1,1,0,10,10,2,0,2007-s6
P0748,P0772,1,1,0,0,8,2,1,0,2007-s5
P0772,P0801,1,1,0,0,8,2,1,0,2007-s5
P0748,P0869,1,1,0,0,7,3,1,0,2007-s5
P0748,P0799,1,0,0,1,5,5,1,0,2007-s5
P0748,P0801,1,1,0,0,8,2,1,0,2007-s5
P0748,P0904,1,1,0,0,7,3,1,0,2007-s5
P0681,P0880,1,0,1,0,1,9,1,0,2007-s5
P0657,P0681,1,1,0,0,6,4,1,0,2007-s5
P0681,P0861,1,1,0,0,6,4,1,0,2007-s5
P0681,P0881,1,0,1,0,3,7,1,0,2007-s5
P0657,P0880,1,0,0,1,5,5,1,0,2007-s5
P0861,P0880,1,0,0,1,5,5,1,0,2007-s5
P0837,P0880,1,0,1,0,0,10,1,0,2007-s5
P0779,P0880,1,0,1,0,2,8,1,0,2007-s5
P0880,P0881,1,1,0,0,6,4,1,0,2007-s5
P0657,P0861,1,0,1,0,4,6,1,0,2007-s5
P0657,P0837,1,1,0,0,6,4,1,0,2007-s5
P0657,P0779,1,1,0,0,7,3,1,0,2007-s5
P0837,P0861,1,1,0,0,6,4,1,0,2007-s5
P0779,P0861,1,0,0,1,5,5,1,0,2007-s5
P0861,P0881,1,0,1,0,0,10,1,0,2007-s5
P0779,P0837,1,0,1,0,3,7,1,0,2007-s5
P0837,P0881,1,1,0,0,6,4,1,0,2007-s5
P0779,P0881,1,0,1,0,3,7,1,0,2007-s5
P0092,P0797,1,0,1,0,4,6,1,0,2007-s5
P0793,P0797,1,0,1,0,4,6,1,0,2007-s5
P0781,P0797,1,0,0,1,5,5,1,0,2007-s5
P0783,P0797,1,0,1,0,0,10,1,0,2007-s5
P0092,P0793,1,0,0,1,5,5,1,0,2007-s5
P0092,P0781,1,0,1,0,0,10,1,0,2007-s5
P0092,P0783,1,0,1,0,4,6,1,0,2007-s5
P0793,P0841,1,0,1,0,4,6,1,0,2007-s5
P0706,P0841,1,0,1,0,4,6,1,0,2007-s5
P0781,P0841,2,1,0,1,11,9,2,0,2007-s6
P0783,P0841,1,0,1,0,2,8,1,0,2007-s5
P0706,P0793,1,1,0,0,8,2,1,0,2007-s5
P0781,P0793,1,1,0,0,7,3,1,0,2007-s5
P0783,P0793,1,0,0,1,5,5,1,0,2007-s5
P0706,P0781,1,0,1,0,3,7,1,0,2007-s5
P0706,P0783,1,1,0,0,7,3,1,0,2007-s5
P0781,P0783,1,1,0,0,8,2,1,0,2007-s5
P0735,P0762,1,1,0,0,6,4,1,0,2007-s5
P0720,P0762,1,0,1,0,3,7,1,0,2007-s5
P0762,P0764,1,1,0,0,6,4,1,0,2007-s5
P0762,P0804,1,0,1,0,3,7,1,0,2007-s5
P0735,P0888,1,1,0,0,9,1,1,0,2007-s5
P0720,P0888,1,1,0,0,6,4,1,0,2007-s5
P0764,P0888,1,1,0,0,9,1,1,0,2007-s5
P0804,P0888,1,0,1,0,4,6,1,0,2007-s5
P0720,P0735,1,0,1,0,3,7,1,0,2007-s5
P0735,P0906,1,0,0,1,5,5,1,0,2007-s5
P0735,P0764,1,1,0,0,6,4,1,0,2007-s5
P0735,P0804,1,1,0,0,8,2,1,0,2007-s5
P0720,P0764,1,1,0,0,6,4,1,0,2007-s5
P0720,P0804,1,1,0,0,6,4,1,0,2007-s5
P0764,P0906,1,1,0,0,7,3,1,0,2007-s5
P0804,P0906,1,0,0,1,5,5,1,0,2007-s5
P0764,P0804,1,1,0,0,7,3,1,0,2007-s5
P0686,P0922,1,0,1,0,4,6,1,0,2007-s5
P0746,P0922,1,0,1,0,3,7,1,0,2007-s5
P0486,P0922,1,0,1,0,0,10,1,0,2007-s5
P0315,P0922,1,0,0,1,5,5,1,0,2007-s5
P0922,P0928,1,1,0,0,9,1,1,0,2007-s5
P0815,P0922,1,1,0,0,8,2,1,0,2007-s5
P0686,P0746,1,0,1,0,3,7,1,0,2007-s5
P0486,P0686,1,0,1,0,1,9,1,0,2007-s5
P0315,P0686,1,1,0,0,6,4,1,0,2007-s5
P0686,P0928,1,0,1,0,3,7,1,0,2007-s5
P0686,P0815,1,0,1,0,4,6,1,0,2007-s5
P0486,P0746,1,0,1,0,2,8,1,0,2007-s5
P0315,P0746,1,1,0,0,10,0,1,0,2007-s5
P0746,P0928,1,0,1,0,4,6,1,0,2007-s5
P0746,P0815,1,0,1,0,4,6,1,0,2007-s5
P0315,P0486,1,1,0,0,9,1,1,0,2007-s5
P0486,P0928,1,0,1,0,3,7,1,0,2007-s5
P0486,P0815,1,0,1,0,3,7,1,0,2007-s5
P0315,P0928,1,1,0,0,7,3,1,0,2007-s5
P0315,P0815,1,0,0,1,5,5,1,0,2007-s5
P0815,P0928,1,1,0,0,7,3,1,0,2007-s5
P0758,P0849,1,1,0,0,6,4,1,0,2007-s5
P0758,P0761,1,0,0,1,5,5,1,0,2007-s5
P0727,P0758,1,0,0,1,5,5,1,0,2007-s5
P0431,P0758,1,0,1,0,3,7,1,0,2007-s5
P0670,P0758,1,0,1,0,3,7,1,0,2007-s5
P0758,P0909,1,0,1,0,2,8,1,0,2007-s5
P0761,P0849,1,0,0,1,5,5,1,0,2007-s5
P0727,P0849,1,1,0,0,6,4,1,0,2007-s5
P0431,P0849,1,0,1,0,4,6,1,0,2007-s5
P0670,P0849,1,0,1,0,2,8,1,0,2007-s5
P0849,P0909,1,1,0,0,6,4,1,0,2007-s5
P0727,P0761,1,1,0,0,6,4,1,0,2007-s5
P0431,P0761,2,0,2,0,5,15,2,0,2007-s6
P0670,P0761,1,0,1,0,3,7,1,0,2007-s5
P0761,P0909,1,1,0,0,6,4,1,0,2007-s5
P0431,P0727,1,1,0,0,7,3,1,0,2007-s5
P0670,P0727,1,0,1,0,2,8,1,0,2007-s5
P0727,P0909,1,1,0,0,6,4,1,0,2007-s5
P0431,P0670,1,1,0,0,6,4,1,0,2007-s5
P0670,P0909,1,0,1,0,3,7,1,0,2007-s5
P0327,P0893,1,1,0,0,7,3,1,0,2007-s5
P0674,P0893,1,1,0,0,8,2,1,0,2007-s5
P0755,P0893,1,1,0,0,7,3,1,0,2007-s5
P0733,P0893,1,0,1,0,2,8,1,0,2007-s5
P0867,P0893,1,0,1,0,0,10,1,0,2007-s5
P0327,P0674,1,1,0,0,6,4,1,0,2007-s5
P0327,P0755,1,0,1,0,4,6,1,0,2007-s5
P0327,P0883,1,1,0,0,8,2,1,0,2007-s5
P0327,P0733,1,0,1,0,4,6,1,0,2007-s5
P0327,P0867,1,1,0,0,6,4,1,0,2007-s5
P0674,P0755,1,1,0,0,6,4,1,0,2007-s5
P0674,P0883,1,1,0,0,10,0,1,0,2007-s5
P0674,P0733,1,0,1,0,3,7,1,0,2007-s5
P0674,P0867,1,1,0,0,6,4,1,0,2007-s5
P0755,P0883,1,0,1,0,4,6,1,0,2007-s5
P0733,P0755,1,0,1,0,4,6,1,0,2007-s5
P0755,P0867,1,1,0,0,6,4,1,0,2007-s5
P0733,P0883,1,1,0,0,10,0,1,0,2007-s5
P0733,P0867,1,1,0,0,6,4,1,0,2007-s5
P0584,P0865,1,1,0,0,7,3,1,0,2007-s6
P0584,P0721,1,0,1,0,1,9,1,0,2007-s6
P0140,P0440,1,0,1,0,4,6,1,0,2007-s6
P0440,P0678,1,0,1,0,3,7,1,0,2007-s6
P0721,P0865,1,1,0,0,8,2,1,0,2007-s6
P0140,P0865,1,1,0,0,8,2,1,0,2007-s6
P0678,P0865,1,1,0,0,6,4,1,0,2007-s6
P0616,P0865,1,1,0,0,6,4,1,0,2007-s6
P0140,P0721,1,1,0,0,6,4,1,0,2007-s6
P0678,P0721,1,0,1,0,3,7,1,0,2007-s6
P0616,P0721,1,0,1,0,4,6,1,0,2007-s6
P0140,P0678,2,0,0,2,10,10,2,0,2008-s1
P0616,P0678,1,1,0,0,8,3,1,0,2007-s6
P0724,P0858,1,1,0,0,6,4,1,0,2007-s6
P0724,P0816,1,1,0,0,6,4,1,0,2007-s6
P0707,P0724,1,0,1,0,3,7,1,0,2007-s6
P0205,P0724,1,0,1,0,2,8,1,0,2007-s6
P0724,P0740,1,0,1,0,3,7,1,0,2007-s6
P0404,P0858,1,1,0,0,6,4,1,0,2007-s6
P0404,P0816,1,0,1,0,3,7,1,0,2007-s6
P0404,P0707,1,0,1,0,3,7,1,0,2007-s6
P0404,P0740,1,0,1,0,4,6,1,0,2007-s6
P0816,P0858,1,0,1,0,4,6,1,0,2007-s6
P0707,P0858,3,2,1,0,14,16,3,0,2009-s2
P0205,P0858,1,0,1,0,2,8,1,0,2007-s6
P0740,P0858,1,1,0,0,6,4,1,0,2007-s6
P0707,P0816,1,1,0,0,6,4,1,0,2007-s6
P0205,P0816,1,0,1,0,4,6,1,0,2007-s6
P0740,P0816,1,0,1,0,4,6,1,0,2007-s6
P0205,P0707,1,0,1,0,2,8,1,0,2007-s6
P0707,P0740,1,0,0,1,5,5,1,0,2007-s6
P0205,P0740,1,0,0,1,5,5,1,0,2007-s6
P0696,P0787,1,0,0,1,5,5,1,0,2007-s6
P0658,P0787,1,0,1,0,3,7,1,0,2007-s6
P0607,P0787,1,1,0,0,7,3,1,0,2007-s6
P0696,P0732,1,1,0,0,10,0,1,0,2007-s6
P0658,P0696,1,0,0,1,5,5,1,0,2007-s6
P0607,P0696,1,0,1,0,4,6,1,0,2007-s6
P0672,P0696,1,0,1,0,4,6,1,0,2007-s6
P0696,P0764,1,1,0,0,6,4,1,0,2007-s6
P0658,P0732,1,0,1,0,4,6,1,0,2007-s6
P0607,P0732,1,1,0,0,6,4,1,0,2007-s6
P0672,P0732,1,0,0,1,5,5,1,0,2007-s6
P0607,P0658,2,1,1,0,9,11,2,0,2008-s5
P0658,P0672,1,0,1,0,4,6,1,0,2007-s6
P0658,P0764,1,1,0,0,7,3,1,0,2007-s6
P0607,P0672,1,0,1,0,4,6,1,0,2007-s6
P0607,P0764,1,1,0,0,8,2,1,0,2007-s6
P0672,P0764,1,1,0,0,6,4,1,0,2007-s6
P0694,P0830,1,0,1,0,4,6,1,0,2007-s6
P0237,P0830,1,1,0,0,6,4,1,0,2007-s6
P0820,P0830,1,0,1,0,3,7,1,0,2007-s6
P0131,P0830,1,1,0,0,8,2,1,0,2007-s6
P0617,P0830,1,0,1,0,3,7,1,0,2007-s6
P0830,P0834,1,1,0,0,6,4,1,0,2007-s6
P0237,P0694,1,1,0,0,6,4,1,0,2007-s6
P0694,P0820,1,0,1,0,3,7,1,0,2007-s6
P0131,P0694,1,1,0,0,6,4,1,0,2007-s6
P0617,P0694,1,0,1,0,4,6,1,0,2007-s6
P0694,P0834,1,1,0,0,7,3,1,0,2007-s6
P0237,P0820,1,1,0,0,7,3,1,0,2007-s6
P0131,P0237,1,0,1,0,4,6,1,0,2007-s6
P0237,P0834,1,0,1,0,1,9,1,0,2007-s6
P0131,P0820,1,1,0,0,6,4,1,0,2007-s6
P0617,P0820,1,1,0,0,8,2,1,0,2007-s6
P0131,P0834,1,1,0,0,8,2,1,0,2007-s6
P0617,P0834,1,1,0,0,10,0,1,0,2007-s6
P0708,P0709,1,0,1,0,0,10,1,0,2007-s6
P0363,P0708,1,1,0,0,8,2,1,0,2007-s6
P0708,P0753,1,0,1,0,3,7,1,0,2007-s6
P0363,P0847,1,1,0,0,6,4,1,0,2007-s6
P0753,P0847,1,0,1,0,3,7,1,0,2007-s6
P0662,P0709,1,1,0,0,6,4,1,0,2007-s6
P0709,P0817,1,1,0,0,9,1,1,0,2007-s6
P0363,P0709,1,0,1,0,1,9,1,0,2007-s6
P0709,P0753,1,1,0,0,8,2,1,0,2007-s6
P0662,P0817,1,1,0,0,9,1,1,0,2007-s6
P0363,P0662,1,1,0,0,6,4,1,0,2007-s6
P0662,P0753,1,1,0,0,8,2,1,0,2007-s6
P0363,P0817,1,1,0,0,8,2,1,0,2007-s6
P0753,P0817,1,1,0,0,7,3,1,0,2007-s6
P0692,P0935,1,1,0,0,6,4,1,0,2007-s6
P0859,P0935,1,0,1,0,4,6,1,0,2007-s6
P0898,P0935,1,1,0,0,7,3,1,0,2007-s6
P0689,P0692,1,1,0,0,6,4,1,0,2007-s6
P0297,P0692,1,0,0,1,5,5,1,0,2007-s6
P0692,P0859,1,0,1,0,4,6,1,0,2007-s6
P0692,P0898,1,1,0,0,7,3,1,0,2007-s6
P0689,P0859,1,1,0,0,6,4,1,0,2007-s6
P0859,P0898,1,0,1,0,4,6,1,0,2007-s6
P0751,P0838,1,1,0,0,6,4,1,0,2007-s6
P0722,P0751,1,0,1,0,3,7,1,0,2007-s6
P0671,P0751,1,0,1,0,2,8,1,0,2007-s6
P0751,P0896,1,0,1,0,4,6,1,0,2007-s6
P0686,P0751,1,1,0,0,6,4,1,0,2007-s6
P0751,P0790,1,1,0,0,6,4,1,0,2007-s6
P0722,P0838,1,0,1,0,4,6,1,0,2007-s6
P0671,P0838,1,0,1,0,3,7,1,0,2007-s6
P0838,P0896,1,0,1,0,3,7,1,0,2007-s6
P0686,P0838,1,0,1,0,3,7,1,0,2007-s6
P0790,P0838,1,0,1,0,4,6,1,0,2007-s6
P0671,P0722,1,0,1,0,1,9,1,0,2007-s6
P0722,P0896,1,0,1,0,4,6,1,0,2007-s6
P0686,P0722,1,1,0,0,6,4,1,0,2007-s6
P0671,P0896,1,0,1,0,2,8,1,0,2007-s6
P0671,P0686,1,0,1,0,4,6,1,0,2007-s6
P0671,P0790,1,0,1,0,0,10,1,0,2007-s6
P0686,P0896,1,0,1,0,2,8,1,0,2007-s6
P0790,P0896,1,0,1,0,4,6,1,0,2007-s6
P0686,P0790,1,0,0,1,5,5,1,0,2007-s6
P0802,P0873,1,0,1,0,3,7,1,0,2007-s6
P0873,P0880,1,1,0,0,6,4,1,0,2007-s6
P0051,P0873,1,0,1,0,4,6,1,0,2007-s6
P0873,P0890,1,1,0,0,7,3,1,0,2007-s6
P0706,P0802,1,0,1,0,3,7,1,0,2007-s6
P0802,P0880,1,0,1,0,3,7,1,0,2007-s6
P0802,P0937,1,0,1,0,3,7,1,0,2007-s6
P0051,P0802,1,0,1,0,1,9,1,0,2007-s6
P0802,P0890,1,0,1,0,4,6,1,0,2007-s6
P0706,P0880,1,0,1,0,2,8,1,0,2007-s6
P0706,P0890,1,1,0,0,6,4,1,0,2007-s6
P0051,P0880,1,0,1,0,1,9,1,0,2007-s6
P0880,P0890,1,1,0,0,6,4,1,0,2007-s6
P0051,P0890,1,0,0,1,5,5,1,0,2007-s6
P0486,P0869,1,0,1,0,3,7,1,0,2007-s6
P0869,P0927,1,1,0,0,8,2,1,0,2007-s6
P0675,P0869,1,0,1,0,3,7,1,0,2007-s6
P0869,P0870,1,1,0,0,8,2,1,0,2007-s6
P0486,P0927,1,0,1,0,4,6,1,0,2007-s6
P0486,P0675,1,0,1,0,2,8,1,0,2007-s6
P0486,P0772,1,0,1,0,1,9,1,0,2007-s6
P0486,P0870,1,0,1,0,3,7,1,0,2007-s6
P0675,P0927,1,1,0,0,6,4,1,0,2007-s6
P0772,P0927,1,0,1,0,3,7,1,0,2007-s6
P0870,P0927,1,0,1,0,4,6,1,0,2007-s6
P0675,P0772,1,1,0,0,6,4,1,0,2007-s6
P0675,P0870,1,1,0,0,8,2,1,0,2007-s6
P0772,P0870,2,2,0,0,13,7,2,0,2009-s1
P0870,P0894,1,0,1,0,4,6,1,0,2007-s6
P0761,P0784,1,0,0,1,5,5,1,0,2007-s6
P0747,P0761,1,0,1,0,3,7,1,0,2007-s6
P0761,P0811,1,1,0,0,7,3,1,0,2007-s6
P0726,P0761,1,1,0,0,7,3,1,0,2007-s6
P0761,P0850,1,0,1,0,3,7,1,0,2007-s6
P0431,P0784,1,0,1,0,4,6,1,0,2007-s6
P0431,P0747,1,0,1,0,4,6,1,0,2007-s6
P0431,P0726,1,0,1,0,2,8,1,0,2007-s6
P0431,P0850,1,0,0,1,5,5,1,0,2007-s6
P0747,P0784,1,0,0,1,5,5,1,0,2007-s6
P0726,P0784,1,0,1,0,4,6,1,0,2007-s6
P0784,P0850,1,0,1,0,4,6,1,0,2007-s6
P0726,P0747,1,1,0,0,6,4,1,0,2007-s6
P0747,P0850,1,1,0,0,8,2,1,0,2007-s6
P0726,P0811,1,1,0,0,9,1,1,0,2007-s6
P0726,P0850,1,1,0,0,7,3,1,0,2007-s6
P0315,P0780,1,1,0,0,8,2,1,0,2007-s6
P0685,P0780,1,0,0,1,5,5,1,0,2007-s6
P0780,P0860,1,0,0,1,5,5,1,0,2007-s6
P0660,P0780,1,1,0,0,7,3,1,0,2007-s6
P0780,P0852,1,1,0,0,8,2,1,0,2007-s6
P0315,P0926,1,0,1,0,3,7,1,0,2007-s6
P0685,P0926,1,0,0,1,5,5,1,0,2007-s6
P0860,P0926,1,0,1,0,1,9,1,0,2007-s6
P0660,P0926,1,0,1,0,2,8,1,0,2007-s6
P0315,P0685,1,0,1,0,4,6,1,0,2007-s6
P0315,P0860,1,1,0,0,6,4,1,0,2007-s6
P0315,P0660,1,0,1,0,4,6,1,0,2007-s6
P0685,P0860,1,1,0,0,6,4,1,0,2007-s6
P0660,P0685,1,0,1,0,0,10,1,0,2007-s6
P0660,P0860,1,0,1,0,0,10,1,0,2007-s6
P0841,P0861,1,0,1,0,4,6,1,0,2007-s6
P0676,P0841,1,0,1,0,3,7,1,0,2007-s6
P0752,P0841,1,0,0,1,5,5,1,0,2007-s6
P0734,P0841,1,0,1,0,2,8,1,0,2007-s6
P0723,P0841,1,0,1,0,4,6,1,0,2007-s6
P0781,P0861,1,1,0,0,8,2,1,0,2007-s6
P0676,P0861,1,1,0,0,7,3,1,0,2007-s6
P0752,P0861,1,1,0,0,6,4,1,0,2007-s6
P0734,P0861,1,0,1,0,3,7,1,0,2007-s6
P0723,P0861,1,0,0,1,5,5,1,0,2007-s6
P0676,P0781,1,0,1,0,4,6,1,0,2007-s6
P0752,P0781,1,0,0,1,5,5,1,0,2007-s6
P0734,P0781,1,0,1,0,3,7,1,0,2007-s6
P0723,P0781,1,0,1,0,4,6,1,0,2007-s6
P0676,P0752,1,0,1,0,2,8,1,0,2007-s6
P0676,P0734,1,1,0,0,6,4,1,0,2007-s6
P0676,P0723,1,1,0,0,10,0,1,0,2007-s6
P0734,P0752,1,0,1,0,4,6,1,0,2007-s6
P0723,P0752,1,0,1,0,0,10,1,0,2007-s6
P0723,P0734,1,0,1,0,0,10,1,0,2007-s6
P0247,P0748,1,0,1,0,3,7,1,0,2007-s6
P0762,P0773,1,0,1,0,4,6,1,0,2007-s6
P0773,P0922,1,0,1,0,4,6,1,0,2007-s6
P0217,P0773,1,0,1,0,2,8,1,0,2007-s6
P0748,P0773,1,1,0,0,7,3,1,0,2007-s6
P0773,P0786,1,1,0,0,6,4,1,0,2007-s6
P0217,P0762,1,0,1,0,2,8,1,0,2007-s6
P0748,P0762,1,1,0,0,7,3,1,0,2007-s6
P0762,P0786,1,0,1,0,4,6,1,0,2007-s6
P0748,P0922,1,1,0,0,7,3,1,0,2007-s6
P0786,P0922,1,0,0,1,5,5,1,0,2007-s6
P0217,P0748,1,0,1,0,4,6,1,0,2007-s6
P0217,P0786,1,1,0,0,6,4,1,0,2007-s6
P0748,P0786,1,1,0,0,6,4,1,0,2007-s6
P0484,P0716,1,1,0,0,8,2,1,0,2007-s6
P0484,P0901,1,0,1,0,2,8,1,0,2007-s6
P0484,P0736,1,1,0,0,6,4,1,0,2007-s6
P0661,P0716,1,0,1,0,1,9,1,0,2007-s6
P0661,P0901,1,0,1,0,3,7,1,0,2007-s6
P0661,P0818,1,0,1,0,3,7,1,0,2007-s6
P0661,P0737,1,0,1,0,3,7,1,0,2007-s6
P0716,P0901,1,1,0,0,7,3,1,0,2007-s6
P0716,P0736,1,1,0,0,6,4,1,0,2007-s6
P0716,P0818,1,1,0,0,8,2,1,0,2007-s6
P0716,P0737,1,1,0,0,6,4,1,0,2007-s6
P0818,P0901,1,0,1,0,2,8,1,0,2007-s6
P0737,P0901,1,0,1,0,4,6,1,0,2007-s6
P0737,P0818,1,1,0,0,6,4,1,0,2007-s6
P0029,P0975,1,1,0,0,10,0,1,0,2008-s1
P0975,P1088,1,0,1,0,0,10,1,0,2008-s1
P0975,P1064,1,0,1,0,4,6,1,0,2008-s1
P0737,P0975,1,0,1,0,4,6,1,0,2008-s1
P0975,P1078,1,0,1,0,0,10,1,0,2008-s1
P0029,P1088,2,1,1,0,10,10,2,0,2008-s4
P0029,P1064,1,1,0,0,6,4,1,0,2008-s1
P0029,P0953,2,1,1,0,10,10,2,0,2008-s2
P0029,P0737,1,1,0,0,7,3,1,0,2008-s1
P0029,P1078,1,1,0,0,7,3,1,0,2008-s1
P1064,P1088,1,0,1,0,4,6,1,0,2008-s1
P0953,P1088,1,1,0,0,8,2,1,0,2008-s1
P0737,P1088,1,0,1,0,3,7,1,0,2008-s1
P1078,P1088,1,0,0,1,5,5,1,0,2008-s1
P0953,P1064,1,1,0,0,6,4,1,0,2008-s1
P0737,P1064,1,1,0,0,6,4,1,0,2008-s1
P1064,P1078,1,1,0,0,6,4,1,0,2008-s1
P0737,P0953,1,0,1,0,3,7,1,0,2008-s1
P0953,P1078,1,0,0,1,5,5,1,0,2008-s1
P0737,P1078,1,0,1,0,2,8,1,0,2008-s1
P0073,P1071,1,0,1,0,4,6,1,0,2008-s1
P0073,P1124,1,0,1,0,4,6,1,0,2008-s1
P0073,P0948,1,1,0,0,8,2,1,0,2008-s1
P0073,P1063,5,4,1,0,35,15,5,0,2011-s5
P0073,P0987,1,0,0,1,5,5,1,0,2008-s1
P0073,P1086,1,1,0,0,7,3,1,0,2008-s1
P1071,P1124,1,1,0,0,6,4,1,0,2008-s1
P0948,P1071,1,0,1,0,3,7,1,0,2008-s1
P1063,P1071,1,0,1,0,2,8,1,0,2008-s1
P0987,P1071,1,0,0,1,5,5,1,0,2008-s1
P1071,P1086,1,1,0,0,9,1,1,0,2008-s1
P0948,P1124,1,1,0,0,6,4,1,0,2008-s1
P1063,P1124,1,0,1,0,4,6,1,0,2008-s1
P0987,P1124,1,1,0,0,9,1,1,0,2008-s1
P1086,P1124,1,1,0,0,6,4,1,0,2008-s1
P0948,P1063,1,1,0,0,7,3,1,0,2008-s1
P0948,P0987,1,0,1,0,4,6,1,0,2008-s1
P0948,P1086,1,1,0,0,6,4,1,0,2008-s1
P0987,P1063,1,0,1,0,4,6,1,0,2008-s1
P1063,P1086,1,1,0,0,6,4,1,0,2008-s1
P0987,P1086,1,1,0,0,6,4,1,0,2008-s1
P0363,P0585,1,1,0,0,9,1,1,0,2008-s1
P0205,P0585,1,1,0,0,7,3,1,0,2008-s1
P0585,P1021,1,0,1,0,0,10,1,0,2008-s1
P0607,P0616,1,0,1,0,4,6,1,0,2008-s1
P0607,P1171,1,1,0,0,9,1,1,0,2008-s1
P0607,P1021,1,1,0,0,6,4,1,0,2008-s1
P0363,P0616,3,3,0,0,19,11,3,0,2009-s1
P0616,P1171,1,0,1,0,2,8,1,0,2008-s1
P0616,P1021,1,0,1,0,3,7,1,0,2008-s1
P0363,P1021,1,1,0,0,6,4,1,0,2008-s1
P1021,P1171,1,1,0,0,10,0,1,0,2008-s1
P0205,P1021,1,1,0,0,6,4,1,0,2008-s1
P0897,P0960,1,0,1,0,3,7,1,0,2008-s1
P0658,P0897,1,0,1,0,4,6,1,0,2008-s1
P0897,P0992,1,1,0,0,8,2,1,0,2008-s1
P0897,P1175,1,0,1,0,0,10,1,0,2008-s1
P0897,P0994,1,0,1,0,2,8,1,0,2008-s1
P0692,P0897,1,1,0,0,7,3,1,0,2008-s1
P0658,P0960,1,0,1,0,4,6,1,0,2008-s1
P0960,P0992,1,1,0,0,8,2,1,0,2008-s1
P0960,P1175,1,1,0,0,7,3,1,0,2008-s1
P0960,P0994,1,0,1,0,3,7,1,0,2008-s1
P0692,P0960,1,0,1,0,4,6,1,0,2008-s1
P0658,P0992,1,1,0,0,10,0,1,0,2008-s1
P0658,P1175,1,1,0,0,6,4,1,0,2008-s1
P0658,P0994,1,0,0,1,5,5,1,0,2008-s1
P0658,P0692,1,0,0,1,5,5,1,0,2008-s1
P0992,P0994,1,0,1,0,2,8,1,0,2008-s1
P0692,P0992,1,1,0,0,7,3,1,0,2008-s1
P0994,P1175,1,1,0,0,7,3,1,0,2008-s1
P0692,P1175,1,1,0,0,6,4,1,0,2008-s1
P0692,P0994,1,0,1,0,4,6,1,0,2008-s1
P0140,P0847,1,0,1,0,3,7,1,0,2008-s1
P0847,P1038,1,0,0,1,5,5,1,0,2008-s1
P0678,P0847,2,0,2,0,5,15,2,0,2008-s3
P0847,P1024,1,1,0,0,6,4,1,0,2008-s1
P0847,P0866,1,1,0,0,8,2,1,0,2008-s1
P0558,P0847,1,0,1,0,1,9,1,0,2008-s1
P0140,P1038,1,0,1,0,4,6,1,0,2008-s1
P0140,P1024,1,1,0,0,6,4,1,0,2008-s1
P0140,P0866,1,1,0,0,6,4,1,0,2008-s1
P0140,P0558,1,1,0,0,6,4,1,0,2008-s1
P0678,P1038,1,1,0,0,10,0,1,0,2008-s1
P1024,P1038,1,1,0,0,6,4,1,0,2008-s1
P0678,P1024,1,1,0,0,8,2,1,0,2008-s1
P0678,P0866,1,1,0,0,6,4,1,0,2008-s1
P0866,P1024,1,0,1,0,2,8,1,0,2008-s1
P0558,P1024,1,0,1,0,1,9,1,0,2008-s1
P0478,P0707,1,0,0,1,5,5,1,0,2008-s1
P0707,P1012,1,1,0,0,8,2,1,0,2008-s1
P0707,P1164,1,1,0,0,6,4,1,0,2008-s1
P0707,P1153,1,0,1,0,4,6,1,0,2008-s1
P0691,P0707,1,0,1,0,4,6,1,0,2008-s1
P0707,P0953,1,1,0,0,6,4,1,0,2008-s1
P0478,P1012,1,1,0,0,10,0,1,0,2008-s1
P0478,P1164,1,1,0,0,6,4,1,0,2008-s1
P0478,P1153,1,1,0,0,7,3,1,0,2008-s1
P0478,P0691,1,1,0,0,8,2,1,0,2008-s1
P0478,P0953,1,1,0,0,8,2,1,0,2008-s1
P1012,P1164,1,0,1,0,4,6,1,0,2008-s1
P1012,P1153,1,0,1,0,2,8,1,0,2008-s1
P0691,P1012,1,0,1,0,4,6,1,0,2008-s1
P0953,P1012,1,1,0,0,6,4,1,0,2008-s1
P1153,P1164,1,1,0,0,6,4,1,0,2008-s1
P0691,P1164,1,1,0,0,8,2,1,0,2008-s1
P0953,P1164,1,1,0,0,7,3,1,0,2008-s1
P0691,P1153,1,1,0,0,7,3,1,0,2008-s1
P0953,P1153,1,0,1,0,4,6,1,0,2008-s1
P0691,P0953,1,1,0,0,6,4,1,0,2008-s1
P0617,P1143,1,1,0,0,8,2,1,0,2008-s1
P0764,P1143,1,1,0,0,10,0,1,0,2008-s1
P0972,P1143,1,1,0,0,9,1,1,0,2008-s1
P1000,P1143,1,0,1,0,4,6,1,0,2008-s1
P1143,P1157,1,0,1,0,3,7,1,0,2008-s1
P1034,P1143,1,1,0,0,10,0,1,0,2008-s1
P0617,P0764,1,1,0,0,7,3,1,0,2008-s1
P0617,P0972,1,0,1,0,4,6,1,0,2008-s1
P0617,P1000,1,1,0,0,6,4,1,0,2008-s1
P0617,P1157,1,0,1,0,2,8,1,0,2008-s1
P0617,P1034,1,1,0,0,6,4,1,0,2008-s1
P0764,P0972,1,1,0,0,6,4,1,0,2008-s1
P0764,P1000,1,1,0,0,6,4,1,0,2008-s1
P0764,P1157,1,1,0,0,6,4,1,0,2008-s1
P0764,P1034,1,0,1,0,4,6,1,0,2008-s1
P0972,P1000,1,1,0,0,6,4,1,0,2008-s1
P0972,P1157,1,0,1,0,2,8,1,0,2008-s1
P0972,P1034,1,1,0,0,6,4,1,0,2008-s1
P1000,P1157,1,0,1,0,4,6,1,0,2008-s1
P1000,P1034,1,0,1,0,4,6,1,0,2008-s1
P1034,P1157,1,0,1,0,4,6,1,0,2008-s1
P0858,P0968,1,1,0,0,7,3,1,0,2008-s1
P0962,P0968,1,0,1,0,4,6,1,0,2008-s1
P0333,P0968,1,1,0,0,9,1,1,0,2008-s1
P0472,P0968,1,1,0,0,10,0,1,0,2008-s1
P0430,P0968,1,1,0,0,7,3,1,0,2008-s1
P0858,P0962,1,1,0,0,7,3,1,0,2008-s1
P0333,P0858,1,0,1,0,3,7,1,0,2008-s1
P0472,P0858,1,1,0,0,6,4,1,0,2008-s1
P0858,P1119,1,1,0,0,10,0,1,0,2008-s1
P0430,P0858,1,0,1,0,4,6,1,0,2008-s1
P0333,P0962,1,1,0,0,6,4,1,0,2008-s1
P0472,P0962,1,1,0,0,6,4,1,0,2008-s1
P0962,P1119,1,0,1,0,4,6,1,0,2008-s1
P0430,P0962,1,0,1,0,4,6,1,0,2008-s1
P0333,P1119,1,1,0,0,10,0,1,0,2008-s1
P0333,P0430,1,1,0,0,8,2,1,0,2008-s1
P0472,P1119,1,1,0,0,6,4,1,0,2008-s1
P0430,P0472,1,0,1,0,3,7,1,0,2008-s1
P0430,P1119,1,1,0,0,7,3,1,0,2008-s1
P0988,P0989,1,1,0,0,6,4,1,0,2008-s1
P0076,P0988,1,0,1,0,4,6,1,0,2008-s1
P0988,P0997,1,1,0,0,6,4,1,0,2008-s1
P0989,P1110,1,1,0,0,6,4,1,0,2008-s1
P0921,P0989,1,0,1,0,1,9,1,0,2008-s1
P0989,P0997,1,1,0,0,9,1,1,0,2008-s1
P0989,P1040,1,1,0,0,6,4,1,0,2008-s1
P0076,P0921,1,0,1,0,4,6,1,0,2008-s1
P0076,P0997,1,1,0,0,8,2,1,0,2008-s1
P0076,P1040,1,0,0,1,5,5,1,0,2008-s1
P0921,P1110,1,1,0,0,10,0,1,0,2008-s1
P0997,P1110,1,0,1,0,1,9,1,0,2008-s1
P1040,P1110,1,0,1,0,3,7,1,0,2008-s1
P0921,P0997,1,1,0,0,6,4,1,0,2008-s1
P0921,P1040,1,1,0,0,6,4,1,0,2008-s1
P0997,P1040,1,0,1,0,3,7,1,0,2008-s1
P0327,P1161,1,1,0,0,6,4,1,0,2008-s1
P0327,P1102,2,2,0,0,12,8,2,0,2008-s2
P0327,P1132,1,1,0,0,9,1,1,0,2008-s1
P0327,P1147,1,1,0,0,10,0,1,0,2008-s1
P0327,P1039,1,0,1,0,3,7,1,0,2008-s1
P0327,P0922,1,1,0,0,6,4,1,0,2008-s1
P1102,P1161,1,0,1,0,3,7,1,0,2008-s1
P1132,P1161,1,1,0,0,7,3,1,0,2008-s1
P1147,P1161,1,0,1,0,0,10,1,0,2008-s1
P1102,P1132,1,1,0,0,6,4,1,0,2008-s1
P1102,P1147,1,1,0,0,10,0,1,0,2008-s1
P1039,P1102,1,0,1,0,0,10,1,0,2008-s1
P0922,P1102,1,0,1,0,1,9,1,0,2008-s1
P1132,P1147,1,1,0,0,8,2,1,0,2008-s1
P1039,P1132,1,0,0,1,5,5,1,0,2008-s1
P0922,P1132,1,0,1,0,0,10,1,0,2008-s1
P0922,P1039,1,0,1,0,3,7,1,0,2008-s1
P0633,P0928,1,1,0,0,6,4,1,0,2008-s1
P0633,P1129,1,0,1,0,1,9,1,0,2008-s1
P0633,P0772,1,1,0,0,7,3,1,0,2008-s1
P0633,P1118,1,1,0,0,6,4,1,0,2008-s1
P0928,P1129,1,0,1,0,2,8,1,0,2008-s1
P0928,P1118,2,1,1,0,9,11,2,0,2008-s2
P0772,P1129,1,1,0,0,6,4,1,0,2008-s1
P1068,P1129,1,1,0,0,6,4,1,0,2008-s1
P1118,P1129,1,0,1,0,4,6,1,0,2008-s1
P0772,P1118,2,0,2,0,6,14,2,0,2008-s2
P0431,P0976,2,1,0,1,12,8,2,0,2009-s3
P0431,P1076,1,1,0,0,6,4,1,0,2008-s1
P0431,P1127,1,1,0,0,7,3,1,0,2008-s1
P0431,P1108,1,1,0,0,8,2,1,0,2008-s1
P0431,P1061,1,0,1,0,4,6,1,0,2008-s1
P0976,P1076,1,1,0,0,10,0,1,0,2008-s1
P0976,P1127,1,1,0,0,7,3,1,0,2008-s1
P0976,P1108,1,0,1,0,2,8,1,0,2008-s1
P0976,P1061,1,0,0,1,5,5,1,0,2008-s1
P0315,P0976,1,1,0,0,8,2,1,0,2008-s1
P1076,P1127,1,0,1,0,1,9,1,0,2008-s1
P1076,P1108,1,0,1,0,0,10,1,0,2008-s1
P1061,P1076,1,0,0,1,5,5,1,0,2008-s1
P0315,P1076,1,1,0,0,8,2,1,0,2008-s1
P1108,P1127,1,0,1,0,4,6,1,0,2008-s1
P1061,P1127,1,1,0,0,6,4,1,0,2008-s1
P0315,P1127,1,1,0,0,7,3,1,0,2008-s1
P1061,P1108,1,1,0,0,6,4,1,0,2008-s1
P0315,P1108,1,0,1,0,4,6,1,0,2008-s1
P0315,P1061,1,1,0,0,7,3,1,0,2008-s1
P0706,P1159,1,0,1,0,4,6,1,0,2008-s1
P1094,P1159,1,1,0,0,7,3,1,0,2008-s1
P1006,P1159,1,0,1,0,4,6,1,0,2008-s1
P1111,P1159,1,1,0,0,7,3,1,0,2008-s1
P0706,P1082,1,0,1,0,4,6,1,0,2008-s1
P1082,P1094,1,1,0,0,6,4,1,0,2008-s1
P0954,P1082,1,1,0,0,6,4,1,0,2008-s1
P1006,P1082,1,1,0,0,7,3,1,0,2008-s1
P1082,P1111,1,1,0,0,7,3,1,0,2008-s1
P0706,P1094,1,0,1,0,3,7,1,0,2008-s1
P0706,P1111,1,0,0,1,5,5,1,0,2008-s1
P0954,P1094,1,0,1,0,3,7,1,0,2008-s1
P1006,P1094,1,0,1,0,4,6,1,0,2008-s1
P1094,P1111,1,1,0,0,7,3,1,0,2008-s1
P0954,P1006,1,0,1,0,3,7,1,0,2008-s1
P0954,P1111,1,0,1,0,4,6,1,0,2008-s1
P1006,P1111,1,1,0,0,7,3,1,0,2008-s1
P0971,P1077,1,1,0,0,6,4,1,0,2008-s1
P1077,P1091,1,0,1,0,0,10,1,0,2008-s1
P0344,P1077,1,1,0,0,8,2,1,0,2008-s1
P0982,P1077,1,1,0,0,8,2,1,0,2008-s1
P1028,P1077,1,1,0,0,6,4,1,0,2008-s1
P1077,P1126,1,0,1,0,4,6,1,0,2008-s1
P0971,P1091,1,1,0,0,6,4,1,0,2008-s1
P0344,P0971,1,1,0,0,7,3,1,0,2008-s1
P0971,P0982,1,0,1,0,2,8,1,0,2008-s1
P0971,P1028,1,1,0,0,10,0,1,0,2008-s1
P0971,P1126,1,1,0,0,10,0,1,0,2008-s1
P0344,P1091,1,0,1,0,4,6,1,0,2008-s1
P0982,P1091,1,0,0,1,5,5,1,0,2008-s1
P1028,P1091,1,0,1,0,4,6,1,0,2008-s1
P1091,P1126,1,1,0,0,7,3,1,0,2008-s1
P0344,P0982,1,0,1,0,4,6,1,0,2008-s1
P0344,P1028,1,1,0,0,6,4,1,0,2008-s1
P0344,P1126,1,0,1,0,2,8,1,0,2008-s1
P0982,P1028,1,1,0,0,7,3,1,0,2008-s1
P0982,P1126,1,0,1,0,4,6,1,0,2008-s1
P0217,P1114,1,1,0,0,8,2,1,0,2008-s1
P0801,P1114,1,0,1,0,3,7,1,0,2008-s1
P1101,P1114,1,1,0,0,6,4,1,0,2008-s1
P0946,P1114,1,1,0,0,8,2,1,0,2008-s1
P0447,P1114,1,1,0,0,6,4,1,0,2008-s1
P1114,P1136,1,0,1,0,0,10,1,0,2008-s1
P0217,P0801,1,1,0,0,9,1,1,0,2008-s1
P0217,P1101,1,0,0,1,5,5,1,0,2008-s1
P0217,P0946,1,0,1,0,4,6,1,0,2008-s1
P0217,P0447,1,0,1,0,4,6,1,0,2008-s1
P0217,P1136,1,0,1,0,3,7,1,0,2008-s1
P0801,P1101,1,0,1,0,0,10,1,0,2008-s1
P0801,P0946,1,0,1,0,1,9,1,0,2008-s1
P0447,P0801,1,0,0,1,5,5,1,0,2008-s1
P0801,P1136,1,0,1,0,0,10,1,0,2008-s1
P0946,P1101,1,0,1,0,4,6,1,0,2008-s1
P1101,P1136,1,0,1,0,4,6,1,0,2008-s1
P0946,P1136,1,1,0,0,6,4,1,0,2008-s1
P0447,P1136,1,0,1,0,1,9,1,0,2008-s1
P0752,P1081,1,1,0,0,10,0,1,0,2008-s1
P0993,P1081,1,1,0,0,8,2,1,0,2008-s1
P0890,P1081,1,1,0,0,8,2,1,0,2008-s1
P0978,P1081,1,1,0,0,6,4,1,0,2008-s1
P0752,P1140,1,1,0,0,10,0,1,0,2008-s1
P0993,P1140,1,1,0,0,7,3,1,0,2008-s1
P0978,P1140,1,1,0,0,9,1,1,0,2008-s1
P0752,P0993,1,1,0,0,8,2,1,0,2008-s1
P0752,P0890,1,1,0,0,9,1,1,0,2008-s1
P0752,P0978,1,1,0,0,8,2,1,0,2008-s1
P0752,P1010,1,1,0,0,6,4,1,0,2008-s1
P0890,P0993,1,1,0,0,8,2,1,0,2008-s1
P0978,P0993,1,0,1,0,4,6,1,0,2008-s1
P0993,P1010,1,1,0,0,6,4,1,0,2008-s1
P0890,P0978,1,0,1,0,4,6,1,0,2008-s1
P0140,P1072,1,0,1,0,4,6,1,0,2008-s2
P0140,P1069,1,1,0,0,6,4,1,0,2008-s2
P0140,P1040,2,2,0,0,15,5,2,0,2009-s1
P0140,P0953,1,1,0,0,6,4,1,0,2008-s2
P0140,P0979,1,1,0,0,6,4,1,0,2008-s2
P1069,P1072,1,0,1,0,2,8,1,0,2008-s2
P1040,P1072,1,0,1,0,4,6,1,0,2008-s2
P0953,P1072,1,0,1,0,4,6,1,0,2008-s2
P0029,P1072,1,0,1,0,4,6,1,0,2008-s2
P0979,P1072,1,0,1,0,3,7,1,0,2008-s2
P1040,P1069,1,0,0,1,5,5,1,0,2008-s2
P0953,P1069,1,0,1,0,4,6,1,0,2008-s2
P0029,P1069,1,1,0,0,7,3,1,0,2008-s2
P0979,P1069,1,0,1,0,4,6,1,0,2008-s2
P0953,P1040,1,1,0,0,6,4,1,0,2008-s2
P0029,P1040,1,1,0,0,6,4,1,0,2008-s2
P0979,P1040,1,0,1,0,4,6,1,0,2008-s2
P0953,P0979,1,0,1,0,1,9,1,0,2008-s2
P0029,P0979,1,1,0,0,10,0,1,0,2008-s2
P0297,P0961,1,1,0,0,6,4,1,0,2008-s2
P0297,P0327,1,1,0,0,7,3,1,0,2008-s2
P0297,P1089,1,1,0,0,7,3,1,0,2008-s2
P0297,P1121,1,1,0,0,7,3,1,0,2008-s2
P0297,P0764,1,1,0,0,6,4,1,0,2008-s2
P0961,P1102,1,1,0,0,6,4,1,0,2008-s2
P0327,P0961,1,0,1,0,3,7,1,0,2008-s2
P0961,P1089,1,0,0,1,5,5,1,0,2008-s2
P0961,P1121,1,1,0,0,7,3,1,0,2008-s2
P0764,P0961,1,0,1,0,2,8,1,0,2008-s2
P1089,P1102,1,0,1,0,2,8,1,0,2008-s2
P1102,P1121,1,0,1,0,4,6,1,0,2008-s2
P0764,P1102,1,1,0,0,6,4,1,0,2008-s2
P0327,P1089,1,0,1,0,4,6,1,0,2008-s2
P0327,P1121,1,0,1,0,3,7,1,0,2008-s2
P0327,P0764,1,0,1,0,4,6,1,0,2008-s2
P1089,P1121,1,1,0,0,6,4,1,0,2008-s2
P0764,P1089,1,1,0,0,9,1,1,0,2008-s2
P0764,P1121,1,0,0,1,5,5,1,0,2008-s2
P0422,P0617,1,0,0,1,5,5,1,0,2008-s2
P0422,P1176,1,0,1,0,4,6,1,0,2008-s2
P0344,P0422,2,0,2,0,2,18,2,0,2008-s3
P0422,P0957,1,1,0,0,6,4,1,0,2008-s2
P0422,P1035,1,1,0,0,7,3,1,0,2008-s2
P0422,P1085,1,0,0,1,5,5,1,0,2008-s2
P0344,P0617,1,1,0,0,7,3,1,0,2008-s2
P0617,P1035,1,1,0,0,8,2,1,0,2008-s2
P0617,P1085,1,0,1,0,1,9,1,0,2008-s2
P0344,P1176,1,1,0,0,9,1,1,0,2008-s2
P0957,P1176,1,0,1,0,3,6,1,0,2008-s2
P1035,P1176,1,1,0,0,6,4,1,0,2008-s2
P1085,P1176,1,1,0,0,7,3,1,0,2008-s2
P0344,P0957,1,1,0,0,6,4,1,0,2008-s2
P0344,P1035,1,0,1,0,2,8,1,0,2008-s2
P0344,P1085,1,1,0,0,6,4,1,0,2008-s2
P0957,P1035,1,0,1,0,4,6,1,0,2008-s2
P0957,P1085,1,0,1,0,3,7,1,0,2008-s2
P1035,P1085,1,0,1,0,1,9,1,0,2008-s2
P0325,P0707,1,1,0,0,6,4,1,0,2008-s2
P0707,P1148,1,1,0,0,10,0,1,0,2008-s2
P0315,P0707,1,0,1,0,3,7,1,0,2008-s2
P0707,P0867,1,0,0,1,5,5,1,0,2008-s2
P0371,P0707,1,0,1,0,2,8,1,0,2008-s2
P0678,P0707,2,0,2,0,5,15,2,0,2008-s5
P0325,P1148,1,1,0,0,10,0,1,0,2008-s2
P0315,P0325,1,0,1,0,3,7,1,0,2008-s2
P0325,P0867,1,1,0,0,9,1,1,0,2008-s2
P0325,P0371,1,0,1,0,1,9,1,0,2008-s2
P0325,P0678,1,1,0,0,6,4,1,0,2008-s2
P0315,P1148,1,1,0,0,6,4,1,0,2008-s2
P0867,P1148,1,1,0,0,6,4,1,0,2008-s2
P0371,P1148,1,1,0,0,6,4,1,0,2008-s2
P0315,P0867,1,0,0,1,5,5,1,0,2008-s2
P0315,P0371,1,0,0,1,5,5,1,0,2008-s2
P0315,P0678,1,0,1,0,4,6,1,0,2008-s2
P0678,P0867,1,0,0,1,5,5,1,0,2008-s2
P0073,P0858,1,0,1,0,4,6,1,0,2008-s2
P0073,P0737,1,1,0,0,7,3,1,0,2008-s2
P0073,P1094,1,1,0,0,7,3,1,0,2008-s2
P0073,P0558,1,1,0,0,9,1,1,0,2008-s2
P0073,P1093,1,0,1,0,4,6,1,0,2008-s2
P0737,P0858,1,0,1,0,0,10,1,0,2008-s2
P0616,P0858,2,0,2,0,6,14,2,0,2009-s1
P0858,P1094,1,1,0,0,6,4,1,0,2008-s2
P0558,P0858,2,1,1,0,6,14,2,0,2009-s2
P0858,P1093,1,1,0,0,10,0,1,0,2008-s2
P0616,P0737,1,1,0,0,6,4,1,0,2008-s2
P0737,P1093,1,0,1,0,0,10,1,0,2008-s2
P0616,P1094,1,1,0,0,9,1,1,0,2008-s2
P0558,P0616,1,1,0,0,6,4,1,0,2008-s2
P0616,P1093,1,0,1,0,3,7,1,0,2008-s2
P1093,P1094,1,0,0,1,5,5,1,0,2008-s2
P0205,P1026,1,1,0,0,10,0,1,0,2008-s2
P0131,P1026,1,0,1,0,2,8,1,0,2008-s2
P1026,P1063,1,1,0,0,6,4,1,0,2008-s2
P1026,P1149,1,0,1,0,0,10,1,0,2008-s2
P1026,P1044,1,1,0,0,6,4,1,0,2008-s2
P1026,P1054,1,0,0,1,5,5,1,0,2008-s2
P0205,P1063,1,1,0,0,10,0,1,0,2008-s2
P0205,P1149,1,0,1,0,3,7,1,0,2008-s2
P0205,P1044,1,1,0,0,10,0,1,0,2008-s2
P0131,P1063,1,1,0,0,6,4,1,0,2008-s2
P0131,P1149,1,0,1,0,4,6,1,0,2008-s2
P0131,P1044,1,1,0,0,6,4,1,0,2008-s2
P0131,P1054,1,1,0,0,7,3,1,0,2008-s2
P1063,P1149,1,0,1,0,4,6,1,0,2008-s2
P1054,P1063,2,2,0,0,12,8,2,0,2011-s2
P1044,P1149,1,0,1,0,0,10,1,0,2008-s2
P1054,P1149,1,0,1,0,3,7,1,0,2008-s2
P1044,P1054,1,0,1,0,4,6,1,0,2008-s2
P0984,P1064,1,0,1,0,4,6,1,0,2008-s2
P0984,P1055,1,1,0,0,7,3,1,0,2008-s2
P0273,P0984,2,1,1,0,12,8,2,0,2009-s6
P0984,P1000,1,1,0,0,7,3,1,0,2008-s2
P0847,P0984,1,1,0,0,6,4,1,0,2008-s2
P0901,P0984,1,0,1,0,3,7,1,0,2008-s2
P1055,P1064,1,0,1,0,4,6,1,0,2008-s2
P0273,P1064,1,1,0,0,7,3,1,0,2008-s2
P1000,P1064,1,1,0,0,6,4,1,0,2008-s2
P0847,P1064,1,1,0,0,6,4,1,0,2008-s2
P0901,P1064,1,1,0,0,6,4,1,0,2008-s2
P0273,P1055,1,1,0,0,10,0,1,0,2008-s2
P0847,P1055,1,1,0,0,9,1,1,0,2008-s2
P0901,P1055,1,0,0,1,5,5,1,0,2008-s2
P0273,P1000,1,1,0,0,6,4,1,0,2008-s2
P0273,P0847,1,0,1,0,4,6,1,0,2008-s2
P0273,P0901,1,1,0,0,6,4,1,0,2008-s2
P0847,P1000,1,1,0,0,7,3,1,0,2008-s2
P0901,P1000,1,0,1,0,4,6,1,0,2008-s2
P0847,P0901,1,1,0,0,8,2,1,0,2008-s2
P0431,P1164,1,0,1,0,4,6,1,0,2008-s2
P0955,P1164,1,1,0,0,8,2,1,0,2008-s2
P1053,P1164,1,0,0,1,5,5,1,0,2008-s2
P0956,P1164,1,0,0,1,5,5,1,0,2008-s2
P0880,P1164,1,0,0,1,5,5,1,0,2008-s2
P0431,P0955,1,0,1,0,4,6,1,0,2008-s2
P0431,P1053,1,1,0,0,7,3,1,0,2008-s2
P0431,P0956,1,0,1,0,0,10,1,0,2008-s2
P0431,P0880,1,0,1,0,3,7,1,0,2008-s2
P0447,P0955,1,1,0,0,6,4,1,0,2008-s2
P0955,P1053,1,0,1,0,4,6,1,0,2008-s2
P0955,P0956,1,1,0,0,7,3,1,0,2008-s2
P0880,P0955,1,1,0,0,9,1,1,0,2008-s2
P0447,P1053,1,1,0,0,6,4,1,0,2008-s2
P0447,P0956,1,0,1,0,4,6,1,0,2008-s2
P0447,P0880,1,0,1,0,1,9,1,0,2008-s2
P0956,P1053,1,1,0,0,7,3,1,0,2008-s2
P0880,P1053,1,0,0,1,5,5,1,0,2008-s2
P0880,P0956,1,0,0,1,5,5,1,0,2008-s2
P0531,P1118,1,0,1,0,0,10,1,0,2008-s2
P0965,P1118,1,0,0,1,5,5,1,0,2008-s2
P1051,P1118,1,1,0,0,6,4,1,0,2008-s2
P1058,P1118,1,0,1,0,4,6,1,0,2008-s2
P0531,P0772,1,0,1,0,3,7,1,0,2008-s2
P0531,P0965,1,0,1,0,0,10,1,0,2008-s2
P0531,P0928,1,0,1,0,0,10,1,0,2008-s2
P0531,P1051,1,0,1,0,4,6,1,0,2008-s2
P0531,P1058,1,0,1,0,0,10,1,0,2008-s2
P0772,P0965,1,1,0,0,7,3,1,0,2008-s2
P0772,P1051,1,0,1,0,4,6,1,0,2008-s2
P0772,P1058,1,0,0,1,5,5,1,0,2008-s2
P0928,P0965,1,0,1,0,4,6,1,0,2008-s2
P0965,P1051,1,0,1,0,4,6,1,0,2008-s2
P0965,P1058,1,0,1,0,3,7,1,0,2008-s2
P0928,P1051,1,0,0,1,5,5,1,0,2008-s2
P0928,P1058,1,0,0,1,5,5,1,0,2008-s2
P1051,P1058,1,1,0,0,7,3,1,0,2008-s2
P1019,P1062,1,0,1,0,0,10,1,0,2008-s2
P1062,P1092,1,1,0,0,7,3,1,0,2008-s2
P1062,P1079,1,0,1,0,4,6,1,0,2008-s2
P1056,P1062,1,1,0,0,6,4,1,0,2008-s2
P0793,P1062,1,0,1,0,1,9,1,0,2008-s2
P1007,P1019,1,0,0,1,5,5,1,0,2008-s2
P1019,P1092,1,1,0,0,8,2,1,0,2008-s2
P1019,P1079,1,0,1,0,4,6,1,0,2008-s2
P1019,P1056,1,1,0,0,8,2,1,0,2008-s2
P0793,P1019,1,0,1,0,4,6,1,0,2008-s2
P1007,P1092,1,1,0,0,6,4,1,0,2008-s2
P1007,P1079,1,1,0,0,8,2,1,0,2008-s2
P1007,P1056,1,1,0,0,8,2,1,0,2008-s2
P0793,P1007,1,0,1,0,0,10,1,0,2008-s2
P1079,P1092,1,1,0,0,6,4,1,0,2008-s2
P1056,P1092,1,0,1,0,4,6,1,0,2008-s2
P0793,P1092,1,0,1,0,4,6,1,0,2008-s2
P1056,P1079,1,0,1,0,3,7,1,0,2008-s2
P0793,P1079,1,0,1,0,2,8,1,0,2008-s2
P0793,P1056,1,1,0,0,7,3,1,0,2008-s2
P0217,P0902,1,1,0,0,6,4,1,0,2008-s2
P0217,P1052,1,1,0,0,7,3,1,0,2008-s2
P0217,P1047,1,0,1,0,4,6,1,0,2008-s2
P0217,P1165,1,1,0,0,6,4,1,0,2008-s2
P0217,P0976,1,1,0,0,10,0,1,0,2008-s2
P0217,P1155,1,0,1,0,3,7,1,0,2008-s2
P0902,P1052,1,1,0,0,7,3,1,0,2008-s2
P0902,P1165,1,1,0,0,6,4,1,0,2008-s2
P0902,P0976,1,1,0,0,10,0,1,0,2008-s2
P0902,P1155,1,0,1,0,4,6,1,0,2008-s2
P1047,P1052,1,0,1,0,2,8,1,0,2008-s2
P1052,P1165,1,1,0,0,6,4,1,0,2008-s2
P0976,P1052,1,0,1,0,0,10,1,0,2008-s2
P1052,P1155,1,0,1,0,2,8,1,0,2008-s2
P1047,P1165,1,1,0,0,10,0,1,0,2008-s2
P0976,P1047,1,0,1,0,3,7,1,0,2008-s2
P1047,P1155,1,1,0,0,7,3,1,0,2008-s2
P0976,P1165,1,0,0,1,5,5,1,0,2008-s2
P1155,P1165,1,1,0,0,9,1,1,0,2008-s2
P0976,P1155,1,0,1,0,0,10,1,0,2008-s2
P0247,P0820,1,0,1,0,4,6,1,0,2008-s2
P0820,P1083,1,1,0,0,6,4,1,0,2008-s2
P0820,P1161,1,1,0,0,7,3,1,0,2008-s2
P0820,P0870,1,0,0,1,5,5,1,0,2008-s2
P0820,P1115,1,0,1,0,4,6,1,0,2008-s2
P0577,P0820,1,0,1,0,3,7,1,0,2008-s2
P0247,P1083,1,1,0,0,8,2,1,0,2008-s2
P0247,P1161,1,1,0,0,8,2,1,0,2008-s2
P0247,P0870,1,1,0,0,6,4,1,0,2008-s2
P0247,P1115,1,1,0,0,6,4,1,0,2008-s2
P1083,P1161,1,1,0,0,8,2,1,0,2008-s2
P0870,P1083,1,0,1,0,4,6,1,0,2008-s2
P1083,P1115,1,1,0,0,6,4,1,0,2008-s2
P0577,P1083,1,0,1,0,4,6,1,0,2008-s2
P1115,P1161,1,0,1,0,4,6,1,0,2008-s2
P0577,P1161,1,1,0,0,7,3,1,0,2008-s2
P0870,P1115,1,0,1,0,3,7,1,0,2008-s2
P0577,P0870,1,1,0,0,6,4,1,0,2008-s2
P0577,P1115,1,0,1,0,4,6,1,0,2008-s2
P1109,P1129,1,0,1,0,3,7,1,0,2008-s2
P0183,P1129,1,0,1,0,4,6,1,0,2008-s2
P1015,P1129,1,0,1,0,2,8,1,0,2008-s2
P0982,P1129,1,1,0,0,7,3,1,0,2008-s2
P1129,P1178,1,0,1,0,4,6,1,0,2008-s2
P1127,P1129,1,0,1,0,3,7,1,0,2008-s2
P0183,P1109,1,0,1,0,1,9,1,0,2008-s2
P1015,P1109,1,0,1,0,1,9,1,0,2008-s2
P0982,P1109,1,1,0,0,6,4,1,0,2008-s2
P1109,P1178,1,0,1,0,4,6,1,0,2008-s2
P1109,P1127,1,1,0,0,9,1,1,0,2008-s2
P0183,P1015,1,0,1,0,3,7,1,0,2008-s2
P0183,P1178,1,0,1,0,1,9,1,0,2008-s2
P0183,P1127,1,0,1,0,4,6,1,0,2008-s2
P0982,P1015,1,1,0,0,6,4,1,0,2008-s2
P1015,P1178,1,0,1,0,3,7,1,0,2008-s2
P1015,P1127,1,0,1,0,2,8,1,0,2008-s2
P0982,P1178,1,0,0,1,5,5,1,0,2008-s2
P0982,P1127,1,1,0,0,7,3,1,0,2008-s2
P1127,P1178,1,1,0,0,6,4,1,0,2008-s2
P0985,P1085,1,1,0,0,6,4,1,0,2008-s3
P1073,P1085,1,0,1,0,3,7,1,0,2008-s3
P1030,P1085,1,0,1,0,4,6,1,0,2008-s3
P0616,P1085,1,0,1,0,1,9,1,0,2008-s3
P0985,P1073,1,0,0,1,5,5,1,0,2008-s3
P0982,P0985,1,0,1,0,4,6,1,0,2008-s3
P0985,P1030,1,1,0,0,6,4,1,0,2008-s3
P0616,P0985,1,0,1,0,3,7,1,0,2008-s3
P0867,P0985,1,0,1,0,2,8,1,0,2008-s3
P0982,P1073,1,0,1,0,3,7,1,0,2008-s3
P1030,P1073,1,1,0,0,8,2,1,0,2008-s3
P0616,P1073,1,1,0,0,6,4,1,0,2008-s3
P0867,P1073,1,0,1,0,3,7,1,0,2008-s3
P0982,P1030,1,1,0,0,6,4,1,0,2008-s3
P0616,P0982,2,1,0,1,12,8,2,0,2008-s5
P0867,P0982,1,0,1,0,3,7,1,0,2008-s3
P0616,P1030,1,0,1,0,2,8,1,0,2008-s3
P0867,P1030,1,0,1,0,3,7,1,0,2008-s3
P0616,P0867,1,1,0,0,7,3,1,0,2008-s3
P0558,P0962,1,1,0,0,9,1,1,0,2008-s3
P0787,P0962,1,0,1,0,4,6,1,0,2008-s3
P0962,P1155,1,0,1,0,1,9,1,0,2008-s3
P0327,P0962,1,1,0,0,8,2,1,0,2008-s3
P0962,P0980,1,1,0,0,7,3,1,0,2008-s3
P0617,P0962,1,1,0,0,6,4,1,0,2008-s3
P0558,P0787,1,0,1,0,3,7,1,0,2008-s3
P0558,P1155,1,0,1,0,4,6,1,0,2008-s3
P0327,P0558,1,0,0,1,5,5,1,0,2008-s3
P0558,P0980,1,0,1,0,0,10,1,0,2008-s3
P0558,P0617,1,0,1,0,4,6,1,0,2008-s3
P0787,P1155,1,0,0,1,5,5,1,0,2008-s3
P0327,P0787,1,0,1,0,3,7,1,0,2008-s3
P0787,P0980,1,1,0,0,7,3,1,0,2008-s3
P0617,P0787,1,1,0,0,10,0,1,0,2008-s3
P0327,P1155,1,0,0,1,5,5,1,0,2008-s3
P0980,P1155,1,0,0,1,5,5,1,0,2008-s3
P0617,P1155,1,0,1,0,4,6,1,0,2008-s3
P0327,P0980,1,0,1,0,4,6,1,0,2008-s3
P0327,P0617,1,0,1,0,4,6,1,0,2008-s3
P0617,P0980,1,1,0,0,7,3,1,0,2008-s3
P0131,P0990,1,0,1,0,4,6,1,0,2008-s3
P0990,P1103,1,1,0,0,10,0,1,0,2008-s3
P0321,P0990,1,1,0,0,7,3,1,0,2008-s3
P0990,P1070,1,1,0,0,8,2,1,0,2008-s3
P0658,P0990,1,0,1,0,2,8,1,0,2008-s3
P0990,P1089,1,0,1,0,4,6,1,0,2008-s3
P0131,P1070,1,0,1,0,1,9,1,0,2008-s3
P0131,P0658,1,0,1,0,2,8,1,0,2008-s3
P0131,P1089,1,1,0,0,8,2,1,0,2008-s3
P0321,P1103,1,1,0,0,10,0,1,0,2008-s3
P1070,P1103,1,1,0,0,10,0,1,0,2008-s3
P0658,P1103,1,1,0,0,6,4,1,0,2008-s3
P1089,P1103,1,1,0,0,7,3,1,0,2008-s3
P0321,P1070,1,0,0,1,5,5,1,0,2008-s3
P0321,P0658,1,1,0,0,7,3,1,0,2008-s3
P0321,P1089,1,1,0,0,6,4,1,0,2008-s3
P0658,P1070,1,1,0,0,7,3,1,0,2008-s3
P1070,P1089,1,0,1,0,3,7,1,0,2008-s3
P0658,P1089,1,1,0,0,6,4,1,0,2008-s3
P0073,P0847,1,0,0,1,5,5,1,0,2008-s3
P0073,P0678,1,0,1,0,3,7,1,0,2008-s3
P0073,P1144,1,1,0,0,6,4,1,0,2008-s3
P0073,P1065,1,1,0,0,6,4,1,0,2008-s3
P0073,P1022,2,0,1,1,9,11,2,0,2010-s2
P0073,P1174,1,1,0,0,7,3,1,0,2008-s3
P0847,P1144,1,1,0,0,6,4,1,0,2008-s3
P0847,P1065,1,0,1,0,4,6,1,0,2008-s3
P0847,P1022,1,1,0,0,6,4,1,0,2008-s3
P0847,P1174,1,0,1,0,4,6,1,0,2008-s3
P0678,P1144,1,0,1,0,4,6,1,0,2008-s3
P0678,P1065,1,1,0,0,8,2,1,0,2008-s3
P0678,P1022,3,1,2,0,13,17,3,0,2009-s1
P0678,P1174,1,0,1,0,3,7,1,0,2008-s3
P1065,P1144,1,0,1,0,4,6,1,0,2008-s3
P1022,P1144,1,1,0,0,9,1,1,0,2008-s3
P1144,P1174,1,0,1,0,1,9,1,0,2008-s3
P1022,P1065,1,0,1,0,4,6,1,0,2008-s3
P1065,P1174,1,1,0,0,6,4,1,0,2008-s3
P1022,P1174,1,1,0,0,6,4,1,0,2008-s3
P1026,P1172,1,1,0,0,10,0,1,0,2008-s3
P0691,P1026,1,0,1,0,1,9,1,0,2008-s3
P0273,P1026,1,0,1,0,2,8,1,0,2008-s3
P1011,P1026,1,0,0,1,5,5,1,0,2008-s3
P1026,P1041,1,1,0,0,7,3,1,0,2008-s3
P0607,P1026,1,0,1,0,3,7,1,0,2008-s3
P0691,P1172,1,1,0,0,8,2,1,0,2008-s3
P0273,P1172,1,0,1,0,4,6,1,0,2008-s3
P1011,P1172,1,0,1,0,3,7,1,0,2008-s3
P1041,P1172,1,1,0,0,10,0,1,0,2008-s3
P0607,P1172,2,1,0,1,15,5,2,0,2008-s4
P0273,P0691,1,0,1,0,4,6,1,0,2008-s3
P0691,P1011,1,1,0,0,6,4,1,0,2008-s3
P0691,P1041,1,1,0,0,7,3,1,0,2008-s3
P0607,P0691,1,0,1,0,1,9,1,0,2008-s3
P0273,P1011,1,1,0,0,8,2,1,0,2008-s3
P0273,P1041,1,1,0,0,6,4,1,0,2008-s3
P0273,P0607,1,0,0,1,5,5,1,0,2008-s3
P1011,P1041,1,1,0,0,6,4,1,0,2008-s3
P0607,P1011,1,1,0,0,9,1,1,0,2008-s3
P0607,P1041,1,1,0,0,6,4,1,0,2008-s3
P0478,P0662,1,1,0,0,7,3,1,0,2008-s3
P0662,P1083,1,1,0,0,9,1,1,0,2008-s3
P0029,P0662,1,1,0,0,10,0,1,0,2008-s3
P0662,P0726,1,1,0,0,6,4,1,0,2008-s3
P0662,P1125,1,0,1,0,0,10,1,0,2008-s3
P0140,P0662,1,1,0,0,10,0,1,0,2008-s3
P0478,P1083,1,1,0,0,10,0,1,0,2008-s3
P0478,P0726,2,2,0,0,14,6,2,0,2008-s4
P0478,P1125,1,1,0,0,6,4,1,0,2008-s3
P0140,P0478,1,1,0,0,6,4,1,0,2008-s3
P0029,P1083,1,1,0,0,10,0,1,0,2008-s3
P0726,P1083,1,0,0,1,5,5,1,0,2008-s3
P1083,P1125,1,0,1,0,0,10,1,0,2008-s3
P0140,P1083,1,1,0,0,10,0,1,0,2008-s3
P0029,P0726,1,0,1,0,4,6,1,0,2008-s3
P0029,P1125,1,1,0,0,6,4,1,0,2008-s3
P0726,P1125,1,0,1,0,4,6,1,0,2008-s3
P0140,P0726,1,1,0,0,7,3,1,0,2008-s3
P0140,P1125,1,1,0,0,7,3,1,0,2008-s3
P0344,P0707,1,0,1,0,3,7,1,0,2008-s3
P0344,P1001,1,0,1,0,4,6,1,0,2008-s3
P0344,P1141,1,1,0,0,7,3,1,0,2008-s3
P0344,P0986,1,0,1,0,2,8,1,0,2008-s3
P0344,P1040,1,0,1,0,4,6,1,0,2008-s3
P0707,P1001,1,1,0,0,7,3,1,0,2008-s3
P0707,P1141,1,1,0,0,9,1,1,0,2008-s3
P0707,P0986,1,1,0,0,10,0,1,0,2008-s3
P0707,P1040,2,1,1,0,8,12,2,0,2008-s5
P0422,P0707,1,0,1,0,0,10,1,0,2008-s3
P1001,P1141,1,1,0,0,7,3,1,0,2008-s3
P0986,P1001,1,0,0,1,5,5,1,0,2008-s3
P1001,P1040,1,1,0,0,6,4,1,0,2008-s3
P0422,P1001,1,1,0,0,6,4,1,0,2008-s3
P1040,P1141,1,1,0,0,7,3,1,0,2008-s3
P0422,P1141,1,0,1,0,3,7,1,0,2008-s3
P0986,P1040,1,1,0,0,6,4,1,0,2008-s3
P0422,P0986,1,1,0,0,6,4,1,0,2008-s3
P0422,P1040,1,1,0,0,7,3,1,0,2008-s3
P1106,P1128,1,1,0,0,8,2,1,0,2008-s3
P1049,P1106,1,1,0,0,7,3,1,0,2008-s3
P0577,P1106,1,0,1,0,0,10,1,0,2008-s3
P1053,P1106,1,1,0,0,6,4,1,0,2008-s3
P0953,P1106,1,0,1,0,4,6,1,0,2008-s3
P1106,P1150,1,1,0,0,7,3,1,0,2008-s3
P1049,P1128,1,1,0,0,6,4,1,0,2008-s3
P0577,P1128,1,0,1,0,3,7,1,0,2008-s3
P1053,P1128,1,1,0,0,6,4,1,0,2008-s3
P0953,P1128,1,0,1,0,2,8,1,0,2008-s3
P1128,P1150,1,0,1,0,0,10,1,0,2008-s3
P0577,P1049,1,0,1,0,0,10,1,0,2008-s3
P1049,P1053,1,0,0,1,5,5,1,0,2008-s3
P0953,P1049,1,1,0,0,6,4,1,0,2008-s3
P1049,P1150,1,0,1,0,4,6,1,0,2008-s3
P0577,P1053,1,1,0,0,6,4,1,0,2008-s3
P0577,P1150,1,0,0,1,5,5,1,0,2008-s3
P0953,P1053,1,0,1,0,3,7,1,0,2008-s3
P1053,P1150,1,0,0,1,5,5,1,0,2008-s3
P0953,P1150,1,1,0,0,7,3,1,0,2008-s3
P0955,P1100,1,0,0,1,5,5,1,0,2008-s3
P1091,P1100,1,0,1,0,3,7,1,0,2008-s3
P1100,P1127,1,0,1,0,4,6,1,0,2008-s3
P1100,P1116,1,1,0,0,6,4,1,0,2008-s3
P1066,P1100,1,1,0,0,6,4,1,0,2008-s3
P0983,P1100,1,1,0,0,6,4,1,0,2008-s3
P0955,P1091,2,1,0,1,12,8,2,0,2008-s4
P0955,P1127,1,1,0,0,9,1,1,0,2008-s3
P0955,P1116,1,1,0,0,7,3,1,0,2008-s3
P0955,P1066,1,1,0,0,6,4,1,0,2008-s3
P0955,P0983,1,0,1,0,2,8,1,0,2008-s3
P1091,P1127,1,1,0,0,8,2,1,0,2008-s3
P1091,P1116,1,0,1,0,1,9,1,0,2008-s3
P1066,P1091,1,1,0,0,6,4,1,0,2008-s3
P0983,P1091,1,0,1,0,3,7,1,0,2008-s3
P1116,P1127,1,0,1,0,3,7,1,0,2008-s3
P1066,P1127,1,0,0,1,5,5,1,0,2008-s3
P0983,P1127,1,0,0,1,5,5,1,0,2008-s3
P1066,P1116,1,0,1,0,4,6,1,0,2008-s3
P0983,P1116,1,1,0,0,6,4,1,0,2008-s3
P0983,P1066,1,1,0,0,6,4,1,0,2008-s3
P1031,P1090,1,1,0,0,10,0,1,0,2008-s3
P1031,P1084,1,1,0,0,7,3,1,0,2008-s3
P1016,P1031,1,1,0,0,6,4,1,0,2008-s3
P1031,P1135,1,1,0,0,6,4,1,0,2008-s3
P1031,P1059,1,0,1,0,1,9,1,0,2008-s3
P1031,P1120,1,1,0,0,8,2,1,0,2008-s3
P1084,P1090,1,0,1,0,4,6,1,0,2008-s3
P1016,P1090,1,0,1,0,4,6,1,0,2008-s3
P1090,P1135,1,0,1,0,3,7,1,0,2008-s3
P1059,P1090,1,1,0,0,7,3,1,0,2008-s3
P1016,P1084,1,0,1,0,4,6,1,0,2008-s3
P1084,P1135,1,1,0,0,6,4,1,0,2008-s3
P1059,P1084,1,1,0,0,7,3,1,0,2008-s3
P1016,P1135,1,1,0,0,7,3,1,0,2008-s3
P1016,P1059,1,1,0,0,6,4,1,0,2008-s3
P1016,P1120,1,0,0,1,5,5,1,0,2008-s3
P1059,P1135,1,1,0,0,8,2,1,0,2008-s3
P1120,P1135,1,0,1,0,2,8,1,0,2008-s3
P1059,P1120,1,1,0,0,7,3,1,0,2008-s3
P1080,P1152,1,1,0,0,6,4,1,0,2008-s3
P0970,P1080,1,0,1,0,0,10,1,0,2008-s3
P0998,P1080,1,1,0,0,6,4,1,0,2008-s3
P1080,P1087,1,1,0,0,6,4,1,0,2008-s3
P0217,P1080,1,0,1,0,3,7,1,0,2008-s3
P1087,P1152,1,1,0,0,10,0,1,0,2008-s3
P0217,P1152,1,1,0,0,10,0,1,0,2008-s3
P0970,P1168,1,0,1,0,2,8,1,0,2008-s3
P0970,P0998,1,0,1,0,3,7,1,0,2008-s3
P0217,P0970,1,1,0,0,10,0,1,0,2008-s3
P0998,P1087,1,0,1,0,4,6,1,0,2008-s3
P0217,P0998,1,1,0,0,10,0,1,0,2008-s3
P0217,P1087,1,0,1,0,4,6,1,0,2008-s3
P0902,P1162,1,1,0,0,8,2,1,0,2008-s3
P0902,P0963,1,0,1,0,3,7,1,0,2008-s3
P0902,P1160,1,1,0,0,8,2,1,0,2008-s3
P0431,P0902,1,1,0,0,6,4,1,0,2008-s3
P0902,P1170,1,1,0,0,7,3,1,0,2008-s3
P0685,P0902,1,0,0,1,5,5,1,0,2008-s3
P0963,P1162,1,1,0,0,8,2,1,0,2008-s3
P1160,P1162,1,1,0,0,6,4,1,0,2008-s3
P0431,P1162,1,0,0,1,5,5,1,0,2008-s3
P1162,P1170,1,0,1,0,0,10,1,0,2008-s3
P0685,P1162,1,0,0,1,5,5,1,0,2008-s3
P0963,P1160,1,1,0,0,7,3,1,0,2008-s3
P0431,P0963,1,0,1,0,4,6,1,0,2008-s3
P0963,P1170,1,1,0,0,7,3,1,0,2008-s3
P0685,P0963,1,1,0,0,7,3,1,0,2008-s3
P0431,P1160,1,0,1,0,4,6,1,0,2008-s3
P1160,P1170,1,1,0,0,6,4,1,0,2008-s3
P0685,P1160,1,1,0,0,6,4,1,0,2008-s3
P0431,P1170,1,0,1,0,1,9,1,0,2008-s3
P0431,P0685,1,0,1,0,4,6,1,0,2008-s3
P0685,P1170,1,0,1,0,0,10,1,0,2008-s3
P1104,P1130,1,1,0,0,6,4,1,0,2008-s3
P0965,P1130,1,0,1,0,4,6,1,0,2008-s3
P1122,P1130,1,1,0,0,7,3,1,0,2008-s3
P1009,P1130,1,1,0,0,6,4,1,0,2008-s3
P0965,P1104,1,0,1,0,0,10,1,0,2008-s3
P1104,P1122,1,1,0,0,10,0,1,0,2008-s3
P1009,P1104,1,0,0,1,5,5,1,0,2008-s3
P0965,P1122,1,1,0,0,6,4,1,0,2008-s3
P0965,P1009,1,0,1,0,2,8,1,0,2008-s3
P1122,P1156,1,1,0,0,10,0,1,0,2008-s3
P1009,P1122,1,0,1,0,2,8,1,0,2008-s3
P1009,P1156,1,1,0,0,7,3,1,0,2008-s3
P0858,P1020,1,1,0,0,7,3,1,0,2008-s4
P0858,P1029,1,1,0,0,8,2,1,0,2008-s4
P0858,P1172,1,1,0,0,6,4,1,0,2008-s4
P0858,P1142,1,1,0,0,6,4,1,0,2008-s4
P0607,P0858,2,1,1,0,8,12,2,0,2008-s5
P1020,P1172,1,1,0,0,10,0,1,0,2008-s4
P1020,P1142,1,1,0,0,6,4,1,0,2008-s4
P1020,P1063,1,1,0,0,7,3,1,0,2008-s4
P0607,P1020,1,0,1,0,3,7,1,0,2008-s4
P1029,P1172,1,1,0,0,10,0,1,0,2008-s4
P1029,P1063,1,1,0,0,7,3,1,0,2008-s4
P0607,P1029,1,1,0,0,6,4,1,0,2008-s4
P1142,P1172,1,1,0,0,10,0,1,0,2008-s4
P1063,P1172,1,1,0,0,10,0,1,0,2008-s4
P1063,P1142,1,0,1,0,4,6,1,0,2008-s4
P0607,P1063,1,1,0,0,8,2,1,0,2008-s4
P0131,P0984,1,0,1,0,4,6,1,0,2008-s4
P0707,P0984,1,1,0,0,8,2,1,0,2008-s4
P0984,P1051,1,1,0,0,6,4,1,0,2008-s4
P0787,P0984,1,1,0,0,8,2,1,0,2008-s4
P0967,P0984,1,0,1,0,4,6,1,0,2008-s4
P0984,P1169,1,1,0,0,10,0,1,0,2008-s4
P0131,P0707,1,0,0,1,5,5,1,0,2008-s4
P0131,P1051,1,1,0,0,6,4,1,0,2008-s4
P0131,P0787,1,1,0,0,10,0,1,0,2008-s4
P0131,P0967,1,1,0,0,9,1,1,0,2008-s4
P0131,P1169,1,1,0,0,9,1,1,0,2008-s4
P0707,P1051,1,1,0,0,7,3,1,0,2008-s4
P0707,P0787,1,1,0,0,10,0,1,0,2008-s4
P0707,P0967,1,1,0,0,8,2,1,0,2008-s4
P0707,P1169,1,1,0,0,10,0,1,0,2008-s4
P0967,P1051,1,1,0,0,6,4,1,0,2008-s4
P1051,P1169,1,1,0,0,10,0,1,0,2008-s4
P0787,P0967,1,0,1,0,1,9,1,0,2008-s4
P0787,P1169,1,1,0,0,10,0,1,0,2008-s4
P0967,P1169,1,1,0,0,10,0,1,0,2008-s4
P0140,P1034,1,1,0,0,7,3,1,0,2008-s4
P0140,P1176,1,1,0,0,10,0,1,0,2008-s4
P0140,P1011,1,1,0,0,10,0,1,0,2008-s4
P0140,P1088,1,0,1,0,4,6,1,0,2008-s4
P0029,P1034,2,2,0,0,16,4,2,0,2009-s3
P0029,P1011,1,1,0,0,9,1,1,0,2008-s4
P1011,P1034,1,1,0,0,6,4,1,0,2008-s4
P1034,P1088,1,0,1,0,4,6,1,0,2008-s4
P0297,P1088,1,1,0,0,6,4,1,0,2008-s4
P1011,P1176,1,1,0,0,8,2,1,0,2008-s4
P1088,P1176,2,1,1,0,10,10,2,0,2009-s3
P1011,P1088,1,0,1,0,1,9,1,0,2008-s4
P0512,P0988,1,1,0,0,10,0,1,0,2008-s4
P0073,P0512,1,0,1,0,0,10,1,0,2008-s4
P0512,P1095,1,1,0,0,8,2,1,0,2008-s4
P0512,P0948,1,1,0,0,10,0,1,0,2008-s4
P0512,P1104,1,0,1,0,4,6,1,0,2008-s4
P0988,P1104,2,0,1,1,9,11,2,0,2011-s5
P0073,P1095,1,1,0,0,6,4,1,0,2008-s4
P0948,P1095,1,0,1,0,3,7,1,0,2008-s4
P0948,P1104,1,0,1,0,4,6,1,0,2008-s4
P1064,P1104,1,1,0,0,7,3,1,0,2008-s4
P0321,P0558,1,1,0,0,9,1,1,0,2008-s4
P0321,P0950,1,1,0,0,8,2,1,0,2008-s4
P0321,P0964,1,1,0,0,6,4,1,0,2008-s4
P0321,P1080,1,1,0,0,6,4,1,0,2008-s4
P0321,P0973,1,1,0,0,9,1,1,0,2008-s4
P0422,P0558,1,1,0,0,8,2,1,0,2008-s4
P0558,P0950,1,0,1,0,4,6,1,0,2008-s4
P0558,P0964,1,1,0,0,9,1,1,0,2008-s4
P0558,P1080,1,0,1,0,0,10,1,0,2008-s4
P0422,P0950,1,1,0,0,7,3,1,0,2008-s4
P0422,P0964,1,1,0,0,8,2,1,0,2008-s4
P0422,P1080,1,0,1,0,3,7,1,0,2008-s4
P0422,P0973,1,1,0,0,8,2,1,0,2008-s4
P0950,P0964,1,1,0,0,6,4,1,0,2008-s4
P0950,P1080,1,0,1,0,3,7,1,0,2008-s4
P0950,P0973,1,1,0,0,10,0,1,0,2008-s4
P0964,P1080,1,0,1,0,3,7,1,0,2008-s4
P0964,P0973,1,0,1,0,2,8,1,0,2008-s4
P0973,P1080,1,0,1,0,4,6,1,0,2008-s4
P0478,P0966,1,1,0,0,7,3,1,0,2008-s4
P0363,P0478,1,0,1,0,3,7,1,0,2008-s4
P0478,P1022,1,1,0,0,7,3,1,0,2008-s4
P0478,P0616,1,1,0,0,7,3,1,0,2008-s4
P0478,P0921,1,0,1,0,4,6,1,0,2008-s4
P0363,P0966,1,0,0,1,5,5,1,0,2008-s4
P0966,P1022,1,0,1,0,0,10,1,0,2008-s4
P0726,P0966,1,0,1,0,3,7,1,0,2008-s4
P0616,P0966,1,0,1,0,2,8,1,0,2008-s4
P0363,P1022,1,0,0,1,5,5,1,0,2008-s4
P0363,P0726,1,1,0,0,6,4,1,0,2008-s4
P0726,P1022,1,0,1,0,4,6,1,0,2008-s4
P0616,P1022,1,0,1,0,4,6,1,0,2008-s4
P0921,P1022,1,1,0,0,6,4,1,0,2008-s4
P0616,P0726,1,0,1,0,4,6,1,0,2008-s4
P0726,P0921,1,0,1,0,2,8,1,0,2008-s4
P0616,P0921,1,0,1,0,3,7,1,0,2008-s4
P1014,P1042,1,1,0,0,6,4,1,0,2008-s4
P1013,P1042,1,0,0,1,5,5,1,0,2008-s4
P0995,P1042,1,0,0,1,5,5,1,0,2008-s4
P1017,P1042,1,0,1,0,1,9,1,0,2008-s4
P1002,P1014,1,1,0,0,6,4,1,0,2008-s4
P1013,P1014,1,1,0,0,6,4,1,0,2008-s4
P0995,P1014,1,1,0,0,6,4,1,0,2008-s4
P1014,P1017,1,1,0,0,8,2,1,0,2008-s4
P1002,P1013,1,1,0,0,7,3,1,0,2008-s4
P0995,P1002,1,0,1,0,4,6,1,0,2008-s4
P1002,P1003,1,1,0,0,6,4,1,0,2008-s4
P1002,P1017,1,1,0,0,8,2,1,0,2008-s4
P0995,P1013,1,0,1,0,3,7,1,0,2008-s4
P1003,P1013,1,0,1,0,1,9,1,0,2008-s4
P1013,P1017,1,1,0,0,6,4,1,0,2008-s4
P0995,P1003,1,1,0,0,6,4,1,0,2008-s4
P0995,P1017,1,1,0,0,7,3,1,0,2008-s4
P0958,P1123,1,0,1,0,1,9,1,0,2008-s4
P0958,P1004,1,0,1,0,3,7,1,0,2008-s4
P0958,P1108,1,0,1,0,4,6,1,0,2008-s4
P0958,P1036,1,0,1,0,2,8,1,0,2008-s4
P0958,P0991,1,0,1,0,4,6,1,0,2008-s4
P0958,P1117,1,0,1,0,4,6,1,0,2008-s4
P1004,P1123,1,0,1,0,3,7,1,0,2008-s4
P1108,P1123,1,0,1,0,2,8,1,0,2008-s4
P1036,P1123,1,1,0,0,6,4,1,0,2008-s4
P0991,P1123,1,0,1,0,0,10,1,0,2008-s4
P1117,P1123,1,1,0,0,6,4,1,0,2008-s4
P1004,P1108,1,0,1,0,0,10,1,0,2008-s4
P1004,P1036,1,1,0,0,6,4,1,0,2008-s4
P0991,P1004,1,0,1,0,1,9,1,0,2008-s4
P1004,P1117,1,1,0,0,6,4,1,0,2008-s4
P1036,P1108,1,1,0,0,9,1,1,0,2008-s4
P0991,P1108,1,1,0,0,6,4,1,0,2008-s4
P1108,P1117,1,0,1,0,4,6,1,0,2008-s4
P0991,P1036,1,1,0,0,6,4,1,0,2008-s4
P1036,P1117,1,1,0,0,6,4,1,0,2008-s4
P0991,P1117,1,0,1,0,4,6,1,0,2008-s4
P1023,P1099,1,0,0,1,5,5,1,0,2008-s4
P0685,P1023,1,0,1,0,3,7,1,0,2008-s4
P1023,P1059,1,0,1,0,4,6,1,0,2008-s4
P1023,P1049,1,0,1,0,4,6,1,0,2008-s4
P1023,P1145,1,1,0,0,6,4,1,0,2008-s4
P1023,P1127,1,0,0,1,5,5,1,0,2008-s4
P0685,P1099,1,0,1,0,4,6,1,0,2008-s4
P1059,P1099,1,0,1,0,4,6,1,0,2008-s4
P1049,P1099,1,0,1,0,4,6,1,0,2008-s4
P1099,P1145,1,0,1,0,1,9,1,0,2008-s4
P1099,P1127,1,0,1,0,4,6,1,0,2008-s4
P0685,P1059,1,0,1,0,1,9,1,0,2008-s4
P0685,P1049,1,1,0,0,8,2,1,0,2008-s4
P0685,P1145,1,0,1,0,4,6,1,0,2008-s4
P0685,P1127,1,0,1,0,4,6,1,0,2008-s4
P1049,P1059,1,0,1,0,4,6,1,0,2008-s4
P1059,P1145,1,0,1,0,4,6,1,0,2008-s4
P1059,P1127,1,1,0,0,6,4,1,0,2008-s4
P1049,P1145,1,1,0,0,6,4,1,0,2008-s4
P1049,P1127,1,0,1,0,3,7,1,0,2008-s4
P1127,P1145,1,1,0,0,7,3,1,0,2008-s4
P0772,P1097,1,0,1,0,4,6,1,0,2008-s4
P0772,P1130,2,2,0,0,16,4,2,0,2009-s3
P0772,P1048,1,0,1,0,0,10,1,0,2008-s4
P0772,P1027,1,0,1,0,3,7,1,0,2008-s4
P0772,P0949,1,1,0,0,7,3,1,0,2008-s4
P0772,P0947,1,0,0,1,5,5,1,0,2008-s4
P1097,P1130,1,0,1,0,3,7,1,0,2008-s4
P1048,P1097,1,0,1,0,4,6,1,0,2008-s4
P1027,P1097,1,0,1,0,3,7,1,0,2008-s4
P0949,P1097,1,1,0,0,6,4,1,0,2008-s4
P0947,P1097,1,0,1,0,4,6,1,0,2008-s4
P1048,P1130,2,2,0,0,16,4,2,0,2008-s5
P1027,P1130,1,0,1,0,3,7,1,0,2008-s4
P0949,P1130,1,1,0,0,6,4,1,0,2008-s4
P0947,P1130,1,0,0,1,5,5,1,0,2008-s4
P0949,P1048,1,1,0,0,6,4,1,0,2008-s4
P0947,P1048,1,1,0,0,7,3,1,0,2008-s4
P0949,P1027,1,1,0,0,8,2,1,0,2008-s4
P0947,P1027,1,0,0,1,5,5,1,0,2008-s4
P0947,P0949,1,1,0,0,6,4,1,0,2008-s4
P1056,P1154,1,0,1,0,1,9,1,0,2008-s4
P1106,P1154,1,1,0,0,8,2,1,0,2008-s4
P1113,P1154,1,1,0,0,8,2,1,0,2008-s4
P0928,P1154,1,1,0,0,7,3,1,0,2008-s4
P0431,P1056,1,1,0,0,10,0,1,0,2008-s4
P0431,P1106,1,0,1,0,4,6,1,0,2008-s4
P0431,P1084,1,0,1,0,4,6,1,0,2008-s4
P0431,P1113,1,0,1,0,2,8,1,0,2008-s4
P0431,P0928,1,0,1,0,2,8,1,0,2008-s4
P1056,P1106,1,0,1,0,4,6,1,0,2008-s4
P1056,P1084,1,1,0,0,7,3,1,0,2008-s4
P1056,P1113,1,0,1,0,0,10,1,0,2008-s4
P0928,P1056,1,0,1,0,4,6,1,0,2008-s4
P0928,P1106,1,1,0,0,6,4,1,0,2008-s4
P0928,P1084,1,1,0,0,8,2,1,0,2008-s4
P0928,P1113,1,0,0,1,5,5,1,0,2008-s4
P1033,P1159,1,1,0,0,10,0,1,0,2008-s4
P1008,P1033,1,0,1,0,3,7,1,0,2008-s4
P1033,P1091,1,0,1,0,1,9,1,0,2008-s4
P0955,P1033,1,0,1,0,4,6,1,0,2008-s4
P0217,P1033,1,0,1,0,4,6,1,0,2008-s4
P1033,P1137,1,1,0,0,6,4,1,0,2008-s4
P1008,P1159,1,1,0,0,6,4,1,0,2008-s4
P1091,P1159,1,0,1,0,2,8,1,0,2008-s4
P1137,P1159,1,1,0,0,7,3,1,0,2008-s4
P1008,P1091,1,0,0,1,5,5,1,0,2008-s4
P0955,P1008,1,0,1,0,0,10,1,0,2008-s4
P0217,P1008,1,0,1,0,1,9,1,0,2008-s4
P1008,P1137,1,1,0,0,7,3,1,0,2008-s4
P0217,P1091,2,2,0,0,14,6,2,0,2008-s5
P1091,P1137,1,1,0,0,7,3,1,0,2008-s4
P0217,P0955,1,0,1,0,2,8,1,0,2008-s4
P0217,P1137,1,1,0,0,8,2,1,0,2008-s4
P0949,P0974,1,1,0,0,6,4,1,0,2008-s5
P0974,P0977,1,1,0,0,7,3,1,0,2008-s5
P0678,P0974,1,0,1,0,4,6,1,0,2008-s5
P0707,P0974,1,1,0,0,6,4,1,0,2008-s5
P0974,P1040,1,1,0,0,6,4,1,0,2008-s5
P0974,P1022,1,0,1,0,3,7,1,0,2008-s5
P0949,P0977,1,1,0,0,7,3,1,0,2008-s5
P0678,P0949,1,0,1,0,4,6,1,0,2008-s5
P0707,P0949,1,0,1,0,3,7,1,0,2008-s5
P0949,P1040,1,1,0,0,6,4,1,0,2008-s5
P0949,P1022,1,0,0,1,5,5,1,0,2008-s5
P0678,P0977,1,1,0,0,9,1,1,0,2008-s5
P0707,P0977,1,1,0,0,9,1,1,0,2008-s5
P0977,P1040,1,0,1,0,2,8,1,0,2008-s5
P0977,P1022,1,0,1,0,3,7,1,0,2008-s5
P0707,P1022,1,1,0,0,10,0,1,0,2008-s5
P1022,P1040,1,1,0,0,7,3,1,0,2008-s5
P0073,P0764,1,0,1,0,4,6,1,0,2008-s5
P0073,P1014,2,1,1,0,12,8,2,0,2010-s2
P0073,P1158,1,1,0,0,6,4,1,0,2008-s5
P0422,P0764,1,0,0,1,5,5,1,0,2008-s5
P0422,P1158,1,0,1,0,0,10,1,0,2008-s5
P0764,P1014,1,1,0,0,10,0,1,0,2008-s5
P0321,P0764,1,0,1,0,4,6,1,0,2008-s5
P0764,P1075,1,0,1,0,4,6,1,0,2008-s5
P0764,P1158,1,0,1,0,2,8,1,0,2008-s5
P0321,P1014,1,1,0,0,6,4,1,0,2008-s5
P1014,P1075,1,1,0,0,6,4,1,0,2008-s5
P1014,P1158,1,1,0,0,8,2,1,0,2008-s5
P0321,P1075,1,0,1,0,2,8,1,0,2008-s5
P0321,P1158,1,0,1,0,2,8,1,0,2008-s5
P1075,P1158,1,1,0,0,6,4,1,0,2008-s5
P0029,P1074,1,0,1,0,4,6,1,0,2008-s5
P0491,P1074,1,0,1,0,4,6,1,0,2008-s5
P0969,P1074,1,0,1,0,2,8,1,0,2008-s5
P0029,P0558,2,2,0,0,13,7,2,0,2009-s1
P0558,P1163,1,0,1,0,1,9,1,0,2008-s5
P0491,P0558,1,1,0,0,7,3,1,0,2008-s5
P0558,P0969,1,0,1,0,3,7,1,0,2008-s5
P0029,P0820,1,1,0,0,8,2,1,0,2008-s5
P0029,P1163,1,1,0,0,9,1,1,0,2008-s5
P0029,P0491,1,1,0,0,6,4,1,0,2008-s5
P0029,P0969,1,1,0,0,6,4,1,0,2008-s5
P0491,P0820,2,2,0,0,15,5,2,0,2009-s1
P0820,P0969,1,0,1,0,4,6,1,0,2008-s5
P0491,P1163,1,1,0,0,6,4,1,0,2008-s5
P0969,P1163,1,1,0,0,7,3,1,0,2008-s5
P0491,P0969,1,0,1,0,3,7,1,0,2008-s5
P0748,P1088,1,0,1,0,3,7,1,0,2008-s5
P0748,P0999,1,0,1,0,4,6,1,0,2008-s5
P0748,P1013,1,0,0,1,5,5,1,0,2008-s5
P0748,P1045,1,0,1,0,4,6,1,0,2008-s5
P0748,P0965,1,1,0,0,8,2,1,0,2008-s5
P0956,P1088,1,0,1,0,3,7,1,0,2008-s5
P0999,P1088,1,0,1,0,4,6,1,0,2008-s5
P1013,P1088,1,0,1,0,3,7,1,0,2008-s5
P1045,P1088,1,0,0,1,5,5,1,0,2008-s5
P0965,P1088,1,0,1,0,4,6,1,0,2008-s5
P0956,P1013,1,0,1,0,2,8,1,0,2008-s5
P0956,P0965,1,0,1,0,3,7,1,0,2008-s5
P0999,P1013,1,0,1,0,2,8,1,0,2008-s5
P0999,P1045,1,1,0,0,6,4,1,0,2008-s5
P0965,P0999,1,0,1,0,4,6,1,0,2008-s5
P1013,P1045,1,0,0,1,5,5,1,0,2008-s5
P0965,P1013,1,0,1,0,4,6,1,0,2008-s5
P0965,P1045,1,0,1,0,4,6,1,0,2008-s5
P1002,P1148,1,0,0,1,5,5,1,0,2008-s5
P1002,P1138,1,1,0,0,6,4,1,0,2008-s5
P0617,P1002,1,0,1,0,4,6,1,0,2008-s5
P1002,P1037,1,0,0,1,5,5,1,0,2008-s5
P0951,P1002,1,0,1,0,4,6,1,0,2008-s5
P0363,P1002,1,0,1,0,3,7,1,0,2008-s5
P1138,P1148,2,1,1,0,10,10,2,0,2010-s3
P0617,P1148,1,1,0,0,8,2,1,0,2008-s5
P1037,P1148,1,1,0,0,7,3,1,0,2008-s5
P0951,P1148,2,1,0,1,11,9,2,0,2010-s3
P0363,P1148,1,1,0,0,7,3,1,0,2008-s5
P0617,P1138,1,0,1,0,4,6,1,0,2008-s5
P1037,P1138,1,1,0,0,8,2,1,0,2008-s5
P0951,P1138,2,0,2,0,7,13,2,0,2010-s3
P0363,P1138,1,1,0,0,6,4,1,0,2008-s5
P0617,P1037,1,1,0,0,6,4,1,0,2008-s5
P0617,P0951,1,0,1,0,4,6,1,0,2008-s5
P0951,P1037,1,0,1,0,4,6,1,0,2008-s5
P0363,P0951,3,1,2,0,8,22,3,0,2009-s3
P0512,P1111,1,1,0,0,7,3,1,0,2008-s5
P0512,P1010,1,1,0,0,10,0,1,0,2008-s5
P0512,P0982,2,2,0,0,12,8,2,0,2009-s1
P0512,P1105,1,1,0,0,6,4,1,0,2008-s5
P0512,P1042,1,1,0,0,7,3,1,0,2008-s5
P0982,P1111,1,1,0,0,7,3,1,0,2008-s5
P1105,P1111,1,1,0,0,10,0,1,0,2008-s5
P0616,P1111,1,1,0,0,6,4,1,0,2008-s5
P1042,P1111,1,0,1,0,3,7,1,0,2008-s5
P0982,P1010,1,1,0,0,9,1,1,0,2008-s5
P1010,P1105,1,0,1,0,2,8,1,0,2008-s5
P0616,P1010,1,0,1,0,2,8,1,0,2008-s5
P1010,P1042,1,0,1,0,0,10,1,0,2008-s5
P0982,P1105,1,0,1,0,1,9,1,0,2008-s5
P0982,P1042,1,0,1,0,3,7,1,0,2008-s5
P0616,P1105,1,0,1,0,2,8,1,0,2008-s5
P1042,P1105,1,0,1,0,4,6,1,0,2008-s5
P0616,P1042,1,1,0,0,7,3,1,0,2008-s5
P1097,P1166,1,0,1,0,3,7,1,0,2008-s5
P0607,P1097,1,1,0,0,7,3,1,0,2008-s5
P0858,P1097,1,1,0,0,7,3,1,0,2008-s5
P0996,P1097,1,1,0,0,6,4,1,0,2008-s5
P1034,P1097,1,0,1,0,3,7,1,0,2008-s5
P0658,P1097,1,0,1,0,4,6,1,0,2008-s5
P0607,P1166,1,0,1,0,3,7,1,0,2008-s5
P0858,P1166,1,1,0,0,7,3,1,0,2008-s5
P0996,P1166,1,1,0,0,6,4,1,0,2008-s5
P1034,P1166,1,0,1,0,4,6,1,0,2008-s5
P0658,P1166,1,1,0,0,6,4,1,0,2008-s5
P0607,P0996,1,1,0,0,6,4,1,0,2008-s5
P0607,P1034,1,1,0,0,9,1,1,0,2008-s5
P0858,P0996,1,0,0,1,5,5,1,0,2008-s5
P0658,P0858,1,0,1,0,3,7,1,0,2008-s5
P0996,P1034,1,0,1,0,4,6,1,0,2008-s5
P0658,P0996,1,0,1,0,3,7,1,0,2008-s5
P0658,P1034,1,1,0,0,10,0,1,0,2008-s5
P0928,P1160,1,0,1,0,4,6,1,0,2008-s5
P0928,P1053,1,0,1,0,3,7,1,0,2008-s5
P0928,P1130,1,0,1,0,0,10,1,0,2008-s5
P0928,P1048,1,0,1,0,2,8,1,0,2008-s5
P1053,P1160,1,1,0,0,6,4,1,0,2008-s5
P1130,P1160,1,0,1,0,4,6,1,0,2008-s5
P1025,P1160,1,1,0,0,7,3,1,0,2008-s5
P1160,P1177,1,0,1,0,4,6,1,0,2008-s5
P1048,P1160,1,0,1,0,3,7,1,0,2008-s5
P1053,P1130,1,1,0,0,10,0,1,0,2008-s5
P1025,P1053,1,1,0,0,7,3,1,0,2008-s5
P1053,P1177,1,1,0,0,9,1,1,0,2008-s5
P1048,P1053,1,1,0,0,7,3,1,0,2008-s5
P1025,P1130,1,1,0,0,6,4,1,0,2008-s5
P1130,P1177,1,0,1,0,3,7,1,0,2008-s5
P1025,P1177,1,1,0,0,9,1,1,0,2008-s5
P1025,P1048,1,1,0,0,8,2,1,0,2008-s5
P1048,P1177,1,1,0,0,8,2,1,0,2008-s5
P1005,P1146,1,0,1,0,4,6,1,0,2008-s5
P1146,P1151,1,1,0,0,6,4,1,0,2008-s5
P1146,P1173,1,1,0,0,10,0,1,0,2008-s5
P0327,P1146,1,1,0,0,9,1,1,0,2008-s5
P0685,P1135,1,0,1,0,2,8,1,0,2008-s5
P0685,P1005,1,0,0,1,5,5,1,0,2008-s5
P0685,P1151,1,0,1,0,1,9,1,0,2008-s5
P0685,P1173,1,1,0,0,10,0,1,0,2008-s5
P0327,P0685,1,0,1,0,4,6,1,0,2008-s5
P1005,P1135,1,1,0,0,9,1,1,0,2008-s5
P1135,P1173,1,1,0,0,10,0,1,0,2008-s5
P0327,P1135,1,1,0,0,8,2,1,0,2008-s5
P1005,P1151,1,0,1,0,4,6,1,0,2008-s5
P1005,P1173,1,1,0,0,10,0,1,0,2008-s5
P0327,P1005,1,1,0,0,6,4,1,0,2008-s5
P1151,P1173,1,1,0,0,10,0,1,0,2008-s5
P0327,P1151,1,0,0,1,5,5,1,0,2008-s5
P0327,P1173,1,1,0,0,10,0,1,0,2008-s5
P1008,P1098,1,1,0,0,6,4,1,0,2008-s5
P0793,P1098,1,0,1,0,2,8,1,0,2008-s5
P0431,P1098,1,0,1,0,4,6,1,0,2008-s5
P1057,P1098,1,1,0,0,6,4,1,0,2008-s5
P1098,P1167,1,0,1,0,4,6,1,0,2008-s5
P1096,P1098,1,0,1,0,3,7,1,0,2008-s5
P0793,P1008,1,0,1,0,2,8,1,0,2008-s5
P0431,P1008,1,0,1,0,2,8,1,0,2008-s5
P1008,P1057,1,0,0,1,5,5,1,0,2008-s5
P1008,P1167,1,1,0,0,7,3,1,0,2008-s5
P1008,P1096,1,0,0,1,5,5,1,0,2008-s5
P0431,P0793,1,0,0,1,5,5,1,0,2008-s5
P0793,P1057,1,1,0,0,6,4,1,0,2008-s5
P0793,P1167,1,0,1,0,0,10,1,0,2008-s5
P0431,P1057,1,0,1,0,3,7,1,0,2008-s5
P0431,P1167,1,0,1,0,1,9,1,0,2008-s5
P0431,P1096,1,1,0,0,7,3,1,0,2008-s5
P1057,P1167,2,1,1,0,8,12,2,0,2009-s3
P1057,P1096,1,0,1,0,0,10,1,0,2008-s5
P1096,P1167,2,0,1,1,7,13,2,0,2009-s1
P1046,P1067,1,1,0,0,6,4,1,0,2008-s5
P1032,P1067,1,0,1,0,2,8,1,0,2008-s5
P1060,P1067,1,1,0,0,6,4,1,0,2008-s5
P1067,P1112,1,1,0,0,9,1,1,0,2008-s5
P1032,P1046,1,0,0,1,5,5,1,0,2008-s5
P1046,P1060,1,1,0,0,6,4,1,0,2008-s5
P1043,P1046,1,0,1,0,3,7,1,0,2008-s5
P1046,P1112,1,0,1,0,3,7,1,0,2008-s5
P1032,P1060,1,0,0,1,5,5,1,0,2008-s5
P1032,P1043,1,1,0,0,7,3,1,0,2008-s5
P1032,P1112,1,0,1,0,0,10,1,0,2008-s5
P1043,P1060,1,0,1,0,1,9,1,0,2008-s5
P1060,P1112,1,0,1,0,4,6,1,0,2008-s5
P1043,P1112,1,0,1,0,4,6,1,0,2008-s5
P0938,P1050,1,1,0,0,6,4,1,0,2008-s5
P1050,P1108,1,0,1,0,2,8,1,0,2008-s5
P1018,P1050,1,0,1,0,3,7,1,0,2008-s5
P0718,P1050,1,0,1,0,0,10,1,0,2008-s5
P0959,P1050,1,0,0,1,5,5,1,0,2008-s5
P1050,P1134,1,0,1,0,4,6,1,0,2008-s5
P0938,P1108,1,0,0,1,5,5,1,0,2008-s5
P0938,P1018,1,1,0,0,10,0,1,0,2008-s5
P0718,P0938,1,0,1,0,0,10,1,0,2008-s5
P0938,P0959,1,1,0,0,8,2,1,0,2008-s5
P0938,P1134,1,0,1,0,3,7,1,0,2008-s5
P1018,P1108,1,0,1,0,0,10,1,0,2008-s5
P0718,P1108,1,0,1,0,0,10,1,0,2008-s5
P0959,P1108,1,0,1,0,0,10,1,0,2008-s5
P1108,P1134,1,0,1,0,2,8,1,0,2008-s5
P0718,P1018,1,1,0,0,6,4,1,0,2008-s5
P0959,P1018,1,0,1,0,0,10,1,0,2008-s5
P1018,P1134,1,0,1,0,4,6,1,0,2008-s5
P0718,P0959,1,0,1,0,4,6,1,0,2008-s5
P0718,P1134,1,0,0,1,5,5,1,0,2008-s5
P0959,P1134,1,0,1,0,4,6,1,0,2008-s5
P1091,P1123,1,0,1,0,2,8,1,0,2008-s5
P0995,P1091,1,0,1,0,3,7,1,0,2008-s5
P1091,P1139,1,1,0,0,6,4,1,0,2008-s5
P0952,P1091,1,0,1,0,3,7,1,0,2008-s5
P1091,P1106,1,0,0,1,5,5,1,0,2008-s5
P0217,P1123,1,0,1,0,4,6,1,0,2008-s5
P0217,P0995,1,0,1,0,4,6,1,0,2008-s5
P0217,P1139,1,1,0,0,6,4,1,0,2008-s5
P0217,P0952,1,0,1,0,4,6,1,0,2008-s5
P0217,P1106,1,0,1,0,2,8,1,0,2008-s5
P0995,P1123,1,0,1,0,4,6,1,0,2008-s5
P1123,P1139,1,1,0,0,10,0,1,0,2008-s5
P0952,P1123,1,0,0,1,5,5,1,0,2008-s5
P1106,P1123,1,0,1,0,4,6,1,0,2008-s5
P0952,P1106,1,1,0,0,6,4,1,0,2008-s5
P0558,P0658,1,1,0,0,7,3,1,0,2009-s1
P0558,P1244,1,1,0,0,7,3,1,0,2009-s1
P0558,P0697,1,1,0,0,6,4,1,0,2009-s1
P0558,P1294,1,1,0,0,6,4,1,0,2009-s1
P0658,P0689,1,0,1,0,4,6,1,0,2009-s1
P0029,P0689,1,1,0,0,6,4,1,0,2009-s1
P0689,P1294,1,0,1,0,3,7,1,0,2009-s1
P0658,P1244,1,0,1,0,3,7,1,0,2009-s1
P0658,P1294,1,0,1,0,4,6,1,0,2009-s1
P0029,P1244,1,1,0,0,6,4,1,0,2009-s1
P0029,P0697,1,1,0,0,7,3,1,0,2009-s1
P0029,P1294,1,0,1,0,4,6,1,0,2009-s1
P1244,P1294,1,1,0,0,6,4,1,0,2009-s1
P0697,P1294,1,0,1,0,3,7,1,0,2009-s1
P1158,P1383,1,1,0,0,8,2,1,0,2009-s1
P1158,P1310,1,1,0,0,8,2,1,0,2009-s1
P0672,P1158,1,1,0,0,6,4,1,0,2009-s1
P0969,P1158,2,1,1,0,10,10,2,0,2011-s1
P1158,P1303,1,0,0,1,5,5,1,0,2009-s1
P1158,P1368,1,0,1,0,3,7,1,0,2009-s1
P1310,P1383,1,0,1,0,3,7,1,0,2009-s1
P0672,P1383,1,1,0,0,6,4,1,0,2009-s1
P0969,P1383,1,1,0,0,7,3,1,0,2009-s1
P1303,P1383,1,1,0,0,6,4,1,0,2009-s1
P1368,P1383,1,1,0,0,7,3,1,0,2009-s1
P0672,P1310,1,1,0,0,7,3,1,0,2009-s1
P0969,P1310,1,1,0,0,8,2,1,0,2009-s1
P1310,P1368,1,0,1,0,2,8,1,0,2009-s1
P0672,P0969,1,0,0,1,5,5,1,0,2009-s1
P0672,P1303,1,1,0,0,8,2,1,0,2009-s1
P0672,P1368,1,0,1,0,2,8,1,0,2009-s1
P0969,P1303,1,1,0,0,6,4,1,0,2009-s1
P0969,P1368,1,0,1,0,4,6,1,0,2009-s1
P1303,P1368,1,0,1,0,4,6,1,0,2009-s1
P0858,P1151,1,1,0,0,8,2,1,0,2009-s1
P0858,P1074,1,1,0,0,9,1,1,0,2009-s1
P0858,P0951,1,1,0,0,6,4,1,0,2009-s1
P0363,P1074,1,0,1,0,0,10,1,0,2009-s1
P0363,P0707,1,0,1,0,4,6,1,0,2009-s1
P0616,P1151,1,0,0,1,5,5,1,0,2009-s1
P1074,P1151,1,1,0,0,8,2,1,0,2009-s1
P0707,P1151,1,1,0,0,8,2,1,0,2009-s1
P0951,P1151,1,1,0,0,10,0,1,0,2009-s1
P0616,P1074,1,0,1,0,4,6,1,0,2009-s1
P0616,P0707,1,0,1,0,2,8,1,0,2009-s1
P0616,P0951,1,0,1,0,3,7,1,0,2009-s1
P0707,P1074,1,1,0,0,6,4,1,0,2009-s1
P0951,P1074,1,1,0,0,6,4,1,0,2009-s1
P0707,P0951,1,0,1,0,4,6,1,0,2009-s1
P0512,P1330,1,0,1,0,4,6,1,0,2009-s1
P0512,P1259,1,1,0,0,8,2,1,0,2009-s1
P0512,P1324,1,1,0,0,10,0,1,0,2009-s1
P0512,P1292,1,1,0,0,8,2,1,0,2009-s1
P0512,P1241,1,1,0,0,8,2,1,0,2009-s1
P0982,P1330,1,0,1,0,0,10,1,0,2009-s1
P0982,P1259,1,0,1,0,0,10,1,0,2009-s1
P0982,P1292,1,0,1,0,0,10,1,0,2009-s1
P0982,P1241,1,0,1,0,3,7,1,0,2009-s1
P1259,P1330,1,1,0,0,7,3,1,0,2009-s1
P1324,P1330,1,1,0,0,8,2,1,0,2009-s1
P1292,P1330,1,0,1,0,4,6,1,0,2009-s1
P1241,P1330,1,0,1,0,2,8,1,0,2009-s1
P1259,P1324,1,1,0,0,6,4,1,0,2009-s1
P1259,P1292,1,0,1,0,3,7,1,0,2009-s1
P1241,P1259,1,1,0,0,6,4,1,0,2009-s1
P1292,P1324,1,1,0,0,10,0,1,0,2009-s1
P1241,P1324,1,1,0,0,6,4,1,0,2009-s1
P1241,P1292,1,0,1,0,4,6,1,0,2009-s1
P0607,P1318,1,1,0,0,6,4,1,0,2009-s1
P0140,P1318,1,1,0,0,7,3,1,0,2009-s1
P0820,P1318,1,0,1,0,4,6,1,0,2009-s1
P0984,P1318,1,1,0,0,7,3,1,0,2009-s1
P0491,P1318,1,1,0,0,6,4,1,0,2009-s1
P0140,P0607,1,0,0,1,5,5,1,0,2009-s1
P0607,P0820,1,1,0,0,7,3,1,0,2009-s1
P0607,P0984,1,0,1,0,4,6,1,0,2009-s1
P0491,P0607,1,1,0,0,6,4,1,0,2009-s1
P0607,P1040,1,1,0,0,6,4,1,0,2009-s1
P0140,P0820,1,1,0,0,9,1,1,0,2009-s1
P0140,P0984,1,0,1,0,3,7,1,0,2009-s1
P0820,P0984,1,0,1,0,4,6,1,0,2009-s1
P0491,P0984,1,0,0,1,5,5,1,0,2009-s1
P0984,P1040,1,1,0,0,7,3,1,0,2009-s1
P0491,P1040,1,1,0,0,6,4,1,0,2009-s1
P1088,P1104,1,0,1,0,4,6,1,0,2009-s1
P0962,P1088,1,1,0,0,6,4,1,0,2009-s1
P1088,P1360,1,1,0,0,8,2,1,0,2009-s1
P1054,P1088,2,0,2,0,8,12,2,0,2009-s4
P1088,P1236,1,1,0,0,10,0,1,0,2009-s1
P1088,P1354,1,1,0,0,10,0,1,0,2009-s1
P0962,P1104,2,1,1,0,13,7,2,0,2012-s4
P1104,P1360,1,0,1,0,3,7,1,0,2009-s1
P1054,P1104,1,1,0,0,6,4,1,0,2009-s1
P1104,P1354,1,1,0,0,6,4,1,0,2009-s1
P0962,P1360,1,0,1,0,4,6,1,0,2009-s1
P0962,P1054,1,1,0,0,7,3,1,0,2009-s1
P1054,P1360,1,1,0,0,6,4,1,0,2009-s1
P1236,P1360,1,0,1,0,1,9,1,0,2009-s1
P1354,P1360,1,0,1,0,0,10,1,0,2009-s1
P1054,P1236,1,1,0,0,10,0,1,0,2009-s1
P1054,P1354,1,0,1,0,4,6,1,0,2009-s1
P1205,P1282,1,1,0,0,8,2,1,0,2009-s1
P1051,P1205,1,0,1,0,4,6,1,0,2009-s1
P1205,P1284,1,1,0,0,6,4,1,0,2009-s1
P1194,P1205,1,0,0,1,5,5,1,0,2009-s1
P1205,P1349,1,1,0,0,6,4,1,0,2009-s1
P1002,P1205,1,1,0,0,9,1,1,0,2009-s1
P1051,P1282,1,1,0,0,9,1,1,0,2009-s1
P1282,P1284,1,0,1,0,4,6,1,0,2009-s1
P1194,P1282,1,1,0,0,6,4,1,0,2009-s1
P1282,P1349,1,0,1,0,4,6,1,0,2009-s1
P1002,P1282,1,1,0,0,10,0,1,0,2009-s1
P1051,P1284,1,0,1,0,4,6,1,0,2009-s1
P1051,P1194,1,0,1,0,1,9,1,0,2009-s1
P1002,P1051,1,1,0,0,10,0,1,0,2009-s1
P1194,P1284,1,1,0,0,6,4,1,0,2009-s1
P1284,P1349,1,1,0,0,6,4,1,0,2009-s1
P1002,P1284,1,1,0,0,7,3,1,0,2009-s1
P1194,P1349,1,0,1,0,4,6,1,0,2009-s1
P1002,P1194,1,1,0,0,7,3,1,0,2009-s1
P1002,P1349,1,1,0,0,7,3,1,0,2009-s1
P1022,P1275,1,1,0,0,6,4,1,0,2009-s1
P1022,P1357,1,1,0,0,6,4,1,0,2009-s1
P0764,P1022,1,0,1,0,4,6,1,0,2009-s1
P1022,P1085,1,0,0,1,5,5,1,0,2009-s1
P1357,P1361,1,0,0,1,5,5,1,0,2009-s1
P0764,P1361,1,1,0,0,10,0,1,0,2009-s1
P1085,P1361,1,1,0,0,7,3,1,0,2009-s1
P0678,P1357,1,1,0,0,6,4,1,0,2009-s1
P0678,P0764,1,0,1,0,4,6,1,0,2009-s1
P0678,P1085,1,0,1,0,4,6,1,0,2009-s1
P1275,P1357,1,1,0,0,6,4,1,0,2009-s1
P0764,P1275,1,0,1,0,3,7,1,0,2009-s1
P1085,P1275,1,1,0,0,10,0,1,0,2009-s1
P0764,P1357,1,1,0,0,6,4,1,0,2009-s1
P1085,P1357,1,1,0,0,8,2,1,0,2009-s1
P0764,P1085,1,0,0,1,5,5,1,0,2009-s1
P0938,P1290,1,0,0,1,5,5,1,0,2009-s1
P0870,P0938,1,0,1,0,4,6,1,0,2009-s1
P0217,P0938,1,1,0,0,7,3,1,0,2009-s1
P0938,P1195,1,0,1,0,4,6,1,0,2009-s1
P0772,P0938,1,1,0,0,6,4,1,0,2009-s1
P0870,P1290,1,1,0,0,6,4,1,0,2009-s1
P1108,P1290,1,1,0,0,9,1,1,0,2009-s1
P0217,P1290,1,0,1,0,4,6,1,0,2009-s1
P1195,P1290,1,0,1,0,4,6,1,0,2009-s1
P0772,P1290,1,0,1,0,3,7,1,0,2009-s1
P0870,P1108,1,1,0,0,8,2,1,0,2009-s1
P0217,P0870,1,0,1,0,4,6,1,0,2009-s1
P0870,P1195,1,1,0,0,6,4,1,0,2009-s1
P1108,P1195,1,0,0,1,5,5,1,0,2009-s1
P0772,P1108,1,1,0,0,6,4,1,0,2009-s1
P0217,P1195,1,0,1,0,4,6,1,0,2009-s1
P0217,P0772,1,0,0,1,5,5,1,0,2009-s1
P0772,P1195,1,0,1,0,2,8,1,0,2009-s1
P0999,P1005,1,0,0,1,5,5,1,0,2009-s1
P0999,P1196,1,1,0,0,6,4,1,0,2009-s1
P0999,P1302,1,1,0,0,6,4,1,0,2009-s1
P0999,P1184,1,0,0,1,5,5,1,0,2009-s1
P0928,P0999,1,0,1,0,0,10,1,0,2009-s1
P0999,P1060,1,0,1,0,3,7,1,0,2009-s1
P1005,P1196,1,0,1,0,3,7,1,0,2009-s1
P1005,P1302,1,1,0,0,8,2,1,0,2009-s1
P1005,P1184,1,1,0,0,7,3,1,0,2009-s1
P0928,P1005,1,1,0,0,6,4,1,0,2009-s1
P1005,P1060,1,1,0,0,7,3,1,0,2009-s1
P1196,P1302,1,0,1,0,4,6,1,0,2009-s1
P1184,P1196,1,0,1,0,3,7,1,0,2009-s1
P0928,P1196,1,0,1,0,2,8,1,0,2009-s1
P1060,P1196,1,0,1,0,2,8,1,0,2009-s1
P1184,P1302,1,1,0,0,6,4,1,0,2009-s1
P1060,P1302,1,1,0,0,8,2,1,0,2009-s1
P0928,P1184,1,1,0,0,6,4,1,0,2009-s1
P1060,P1184,1,0,1,0,4,6,1,0,2009-s1
P1167,P1371,1,1,0,0,6,4,1,0,2009-s1
P1096,P1371,1,0,1,0,4,6,1,0,2009-s1
P1362,P1371,1,0,1,0,0,10,1,0,2009-s1
P1346,P1371,1,0,0,1,5,5,1,0,2009-s1
P1219,P1371,1,0,1,0,2,8,1,0,2009-s1
P1186,P1371,1,0,1,0,0,10,1,0,2009-s1
P1167,P1362,1,1,0,0,6,4,1,0,2009-s1
P1167,P1346,1,1,0,0,8,2,1,0,2009-s1
P1167,P1219,1,0,1,0,4,6,1,0,2009-s1
P1167,P1186,1,1,0,0,7,3,1,0,2009-s1
P1096,P1362,1,1,0,0,6,4,1,0,2009-s1
P1096,P1346,1,1,0,0,7,3,1,0,2009-s1
P1096,P1219,1,1,0,0,6,4,1,0,2009-s1
P1096,P1186,1,1,0,0,8,2,1,0,2009-s1
P1219,P1362,1,0,1,0,0,10,1,0,2009-s1
P1186,P1362,1,0,1,0,3,7,1,0,2009-s1
P1219,P1346,1,0,1,0,2,8,1,0,2009-s1
P1186,P1219,1,1,0,0,8,2,1,0,2009-s1
P1289,P1298,1,1,0,0,6,4,1,0,2009-s1
P1106,P1298,1,1,0,0,8,2,1,0,2009-s1
P1298,P1347,1,0,1,0,4,6,1,0,2009-s1
P1204,P1298,1,1,0,0,10,0,1,0,2009-s1
P1106,P1289,1,0,1,0,2,8,1,0,2009-s1
P1190,P1289,1,0,1,0,0,10,1,0,2009-s1
P1289,P1347,1,1,0,0,6,4,1,0,2009-s1
P1204,P1289,1,0,1,0,4,6,1,0,2009-s1
P1057,P1289,1,0,1,0,1,9,1,0,2009-s1
P1106,P1190,1,1,0,0,8,2,1,0,2009-s1
P1106,P1347,1,0,1,0,4,6,1,0,2009-s1
P1106,P1204,1,0,1,0,4,6,1,0,2009-s1
P1190,P1347,1,0,1,0,4,6,1,0,2009-s1
P1190,P1204,1,0,1,0,3,7,1,0,2009-s1
P1204,P1347,1,0,1,0,4,6,1,0,2009-s1
P1057,P1347,1,0,1,0,1,9,1,0,2009-s1
P1208,P1287,1,0,1,0,3,7,1,0,2009-s1
P0344,P1287,1,0,0,1,5,5,1,0,2009-s1
P1032,P1287,1,1,0,0,6,4,1,0,2009-s1
P0907,P1287,1,1,0,0,6,4,1,0,2009-s1
P1127,P1287,1,1,0,0,7,3,1,0,2009-s1
P1185,P1287,1,1,0,0,6,4,1,0,2009-s1
P0344,P1208,1,1,0,0,7,3,1,0,2009-s1
P1032,P1208,1,1,0,0,7,3,1,0,2009-s1
P0907,P1208,1,1,0,0,7,3,1,0,2009-s1
P1127,P1208,1,1,0,0,7,3,1,0,2009-s1
P1185,P1208,1,1,0,0,7,3,1,0,2009-s1
P0344,P1032,1,0,0,1,5,5,1,0,2009-s1
P0344,P0907,1,1,0,0,6,4,1,0,2009-s1
P0344,P1127,1,1,0,0,8,2,1,0,2009-s1
P0344,P1185,1,0,1,0,3,7,1,0,2009-s1
P0907,P1032,1,0,1,0,4,6,1,0,2009-s1
P1032,P1127,1,0,1,0,3,7,1,0,2009-s1
P1032,P1185,1,0,0,1,5,5,1,0,2009-s1
P0907,P1127,1,0,0,1,5,5,1,0,2009-s1
P0907,P1185,1,1,0,0,6,4,1,0,2009-s1
P1127,P1185,1,1,0,0,10,0,1,0,2009-s1
P1230,P1351,1,0,1,0,2,8,1,0,2009-s1
P1278,P1351,1,1,0,0,6,4,1,0,2009-s1
P1331,P1351,1,0,1,0,1,9,1,0,2009-s1
P0431,P1351,1,0,1,0,4,6,1,0,2009-s1
P1252,P1351,1,0,1,0,4,6,1,0,2009-s1
P1230,P1278,1,1,0,0,6,4,1,0,2009-s1
P0431,P1230,1,0,1,0,1,9,1,0,2009-s1
P1230,P1252,1,1,0,0,6,4,1,0,2009-s1
P0718,P1230,1,0,1,0,0,10,1,0,2009-s1
P0431,P1278,1,0,1,0,1,9,1,0,2009-s1
P1252,P1278,1,0,1,0,3,7,1,0,2009-s1
P0431,P1331,1,1,0,0,10,0,1,0,2009-s1
P0431,P1252,1,1,0,0,6,4,1,0,2009-s1
P0431,P0718,1,1,0,0,10,0,1,0,2009-s1
P0748,P1388,1,0,1,0,3,7,1,0,2009-s2
P0748,P1258,1,1,0,0,6,4,1,0,2009-s2
P0748,P1381,1,1,0,0,8,2,1,0,2009-s2
P0748,P1261,1,1,0,0,7,3,1,0,2009-s2
P0748,P1074,1,0,0,1,5,5,1,0,2009-s2
P0140,P0748,1,1,0,0,6,4,1,0,2009-s2
P1258,P1388,1,0,1,0,4,6,1,0,2009-s2
P1381,P1388,1,1,0,0,6,4,1,0,2009-s2
P1258,P1381,1,1,0,0,6,4,1,0,2009-s2
P1074,P1258,1,1,0,0,8,2,1,0,2009-s2
P1261,P1381,1,1,0,0,6,4,1,0,2009-s2
P1074,P1381,1,0,1,0,0,10,1,0,2009-s2
P0140,P1381,1,1,0,0,6,4,1,0,2009-s2
P1176,P1223,1,0,1,0,4,6,1,0,2009-s2
P0984,P1176,1,1,0,0,7,3,1,0,2009-s2
P0962,P1176,1,1,0,0,8,2,1,0,2009-s2
P1127,P1176,1,0,1,0,3,7,1,0,2009-s2
P0969,P1223,1,0,1,0,0,10,1,0,2009-s2
P0969,P0984,1,0,1,0,2,8,1,0,2009-s2
P0962,P0969,1,1,0,0,6,4,1,0,2009-s2
P0255,P0969,2,0,2,0,8,12,2,0,2009-s3
P0984,P1223,2,1,1,0,12,8,2,0,2009-s4
P0962,P1223,1,1,0,0,6,4,1,0,2009-s2
P0255,P1223,1,0,1,0,0,10,1,0,2009-s2
P0962,P0984,1,0,1,0,4,6,1,0,2009-s2
P0984,P1127,1,1,0,0,8,2,1,0,2009-s2
P0255,P0984,1,0,1,0,4,6,1,0,2009-s2
P0962,P1127,1,1,0,0,6,4,1,0,2009-s2
P0255,P0962,1,1,0,0,6,4,1,0,2009-s2
P0255,P1127,1,1,0,0,6,4,1,0,2009-s2
P0558,P1380,1,0,1,0,1,9,1,0,2009-s2
P0858,P1380,1,1,0,0,6,4,1,0,2009-s2
P0707,P1380,1,0,1,0,4,6,1,0,2009-s2
P1266,P1380,1,0,1,0,3,7,1,0,2009-s2
P1075,P1380,1,0,1,0,0,10,1,0,2009-s2
P1358,P1380,1,0,1,0,4,6,1,0,2009-s2
P0558,P0707,1,0,1,0,1,9,1,0,2009-s2
P0558,P1266,1,0,1,0,4,6,1,0,2009-s2
P0558,P1075,1,1,0,0,10,0,1,0,2009-s2
P0558,P1358,1,1,0,0,8,2,1,0,2009-s2
P0858,P1266,1,1,0,0,6,4,1,0,2009-s2
P0858,P1075,2,1,1,0,8,12,2,0,2009-s3
P0707,P1266,1,1,0,0,6,4,1,0,2009-s2
P0707,P1075,1,1,0,0,10,0,1,0,2009-s2
P0707,P1358,1,1,0,0,6,4,1,0,2009-s2
P1075,P1266,1,0,1,0,0,10,1,0,2009-s2
P1266,P1358,1,1,0,0,10,0,1,0,2009-s2
P1075,P1358,1,1,0,0,6,4,1,0,2009-s2
P1237,P1312,1,0,1,0,0,10,1,0,2009-s2
P1237,P1326,1,1,0,0,6,4,1,0,2009-s2
P0196,P1237,1,1,0,0,6,4,1,0,2009-s2
P1063,P1237,1,1,0,0,9,1,1,0,2009-s2
P1237,P1390,1,0,1,0,3,7,1,0,2009-s2
P1312,P1326,1,1,0,0,8,2,1,0,2009-s2
P0196,P1312,1,0,1,0,4,6,1,0,2009-s2
P1255,P1312,1,1,0,0,6,4,1,0,2009-s2
P1063,P1312,1,0,1,0,2,8,1,0,2009-s2
P1312,P1390,1,1,0,0,7,3,1,0,2009-s2
P0196,P1326,1,0,0,1,5,5,1,0,2009-s2
P1255,P1326,1,1,0,0,6,4,1,0,2009-s2
P1063,P1326,1,0,1,0,3,7,1,0,2009-s2
P1326,P1390,1,1,0,0,7,3,1,0,2009-s2
P0196,P1255,1,1,0,0,7,3,1,0,2009-s2
P0196,P1063,1,1,0,0,8,2,1,0,2009-s2
P0196,P1390,1,0,0,1,5,5,1,0,2009-s2
P1063,P1255,1,0,1,0,4,6,1,0,2009-s2
P1255,P1390,1,0,1,0,3,7,1,0,2009-s2
P1063,P1390,2,1,1,0,7,13,2,0,2009-s6
P1093,P1304,1,1,0,0,6,4,1,0,2009-s2
P0950,P1304,1,0,1,0,3,7,1,0,2009-s2
P1172,P1304,1,0,1,0,3,7,1,0,2009-s2
P1293,P1304,1,0,1,0,3,7,1,0,2009-s2
P1179,P1304,1,0,0,1,5,5,1,0,2009-s2
P1093,P1192,1,1,0,0,7,3,1,0,2009-s2
P0950,P1093,1,1,0,0,7,3,1,0,2009-s2
P1093,P1172,1,0,0,1,5,5,1,0,2009-s2
P1093,P1293,1,0,1,0,0,10,1,0,2009-s2
P1093,P1179,1,1,0,0,6,4,1,0,2009-s2
P0950,P1192,1,0,1,0,4,6,1,0,2009-s2
P1172,P1192,1,0,1,0,0,10,1,0,2009-s2
P1192,P1293,1,0,1,0,4,6,1,0,2009-s2
P1179,P1192,1,0,0,1,5,5,1,0,2009-s2
P0950,P1172,1,1,0,0,6,4,1,0,2009-s2
P0950,P1293,1,0,1,0,4,6,1,0,2009-s2
P0950,P1179,1,1,0,0,6,4,1,0,2009-s2
P1172,P1293,1,0,1,0,4,6,1,0,2009-s2
P1172,P1179,1,0,0,1,5,5,1,0,2009-s2
P1179,P1293,1,0,0,1,5,5,1,0,2009-s2
P0366,P1206,1,0,1,0,4,6,1,0,2009-s2
P0366,P1167,1,1,0,0,8,2,1,0,2009-s2
P0366,P1340,1,1,0,0,6,4,1,0,2009-s2
P0366,P1354,1,0,0,1,5,5,1,0,2009-s2
P0366,P1296,1,0,1,0,4,6,1,0,2009-s2
P0366,P1279,1,1,0,0,8,2,1,0,2009-s2
P1206,P1340,1,0,1,0,3,7,1,0,2009-s2
P1206,P1296,1,0,1,0,3,7,1,0,2009-s2
P1206,P1279,1,0,1,0,3,7,1,0,2009-s2
P1167,P1340,1,0,1,0,0,10,1,0,2009-s2
P1167,P1296,1,0,1,0,2,8,1,0,2009-s2
P1167,P1279,1,0,1,0,2,8,1,0,2009-s2
P1340,P1354,1,0,0,1,5,5,1,0,2009-s2
P1296,P1340,1,0,1,0,4,6,1,0,2009-s2
P1279,P1340,1,1,0,0,8,2,1,0,2009-s2
P1296,P1354,1,0,1,0,4,6,1,0,2009-s2
P1279,P1354,1,1,0,0,6,4,1,0,2009-s2
P1279,P1296,1,0,1,0,1,9,1,0,2009-s2
P1088,P1376,1,1,0,0,6,4,1,0,2009-s2
P1215,P1376,1,1,0,0,6,4,1,0,2009-s2
P0764,P1376,1,1,0,0,8,2,1,0,2009-s2
P1318,P1376,1,1,0,0,6,4,1,0,2009-s2
P1289,P1376,1,0,1,0,4,6,1,0,2009-s2
P1088,P1231,1,1,0,0,6,4,1,0,2009-s2
P1088,P1215,1,1,0,0,6,4,1,0,2009-s2
P0764,P1088,1,0,1,0,2,8,1,0,2009-s2
P1088,P1318,1,0,1,0,2,8,1,0,2009-s2
P1088,P1289,2,0,2,0,4,16,2,0,2009-s3
P1215,P1231,1,0,1,0,0,10,1,0,2009-s2
P0764,P1231,1,0,1,0,3,7,1,0,2009-s2
P1231,P1318,1,0,1,0,2,8,1,0,2009-s2
P1231,P1289,1,1,0,0,6,4,1,0,2009-s2
P0764,P1215,1,1,0,0,6,4,1,0,2009-s2
P1215,P1318,1,0,1,0,0,10,1,0,2009-s2
P1215,P1289,2,1,1,0,9,11,2,0,2010-s1
P0764,P1318,1,1,0,0,6,4,1,0,2009-s2
P0764,P1289,1,1,0,0,7,3,1,0,2009-s2
P1289,P1318,1,0,1,0,1,9,1,0,2009-s2
P0512,P1384,1,1,0,0,6,4,1,0,2009-s2
P0951,P1384,1,0,0,1,5,5,1,0,2009-s2
P1368,P1384,1,1,0,0,6,4,1,0,2009-s2
P1232,P1384,1,1,0,0,7,3,1,0,2009-s2
P1199,P1384,1,0,0,1,5,5,1,0,2009-s2
P1038,P1384,1,0,1,0,2,8,1,0,2009-s2
P0512,P0951,1,1,0,0,8,2,1,0,2009-s2
P0512,P1368,1,0,1,0,4,6,1,0,2009-s2
P0512,P1232,1,1,0,0,6,4,1,0,2009-s2
P0512,P1199,1,0,0,1,5,5,1,0,2009-s2
P0951,P1368,1,0,1,0,3,7,1,0,2009-s2
P0951,P1232,1,0,1,0,3,7,1,0,2009-s2
P0951,P1199,1,0,1,0,1,9,1,0,2009-s2
P0951,P1038,1,1,0,0,7,3,1,0,2009-s2
P1232,P1368,1,1,0,0,6,4,1,0,2009-s2
P1038,P1368,1,0,1,0,0,10,1,0,2009-s2
P1199,P1232,1,0,1,0,3,7,1,0,2009-s2
P1038,P1232,1,0,0,1,5,5,1,0,2009-s2
P0772,P1197,1,0,1,0,3,7,1,0,2009-s2
P0772,P1032,1,0,1,0,4,6,1,0,2009-s2
P0772,P1147,1,0,1,0,4,6,1,0,2009-s2
P0772,P1355,1,0,1,0,3,7,1,0,2009-s2
P0772,P1204,1,1,0,0,8,2,1,0,2009-s2
P0772,P1273,1,1,0,0,7,3,1,0,2009-s2
P1032,P1197,1,0,1,0,4,6,1,0,2009-s2
P1147,P1197,1,0,1,0,4,6,1,0,2009-s2
P1197,P1355,1,0,0,1,5,5,1,0,2009-s2
P1197,P1204,1,0,1,0,1,9,1,0,2009-s2
P1197,P1273,1,1,0,0,6,4,1,0,2009-s2
P1032,P1147,1,0,1,0,2,8,1,0,2009-s2
P1032,P1355,1,0,1,0,2,8,1,0,2009-s2
P1032,P1204,1,1,0,0,7,3,1,0,2009-s2
P1032,P1273,1,0,1,0,0,10,1,0,2009-s2
P1147,P1355,1,1,0,0,6,4,1,0,2009-s2
P1147,P1204,1,1,0,0,7,3,1,0,2009-s2
P1147,P1273,1,0,1,0,3,7,1,0,2009-s2
P1204,P1355,1,0,1,0,0,10,1,0,2009-s2
P1273,P1355,1,0,1,0,2,8,1,0,2009-s2
P1204,P1273,1,0,1,0,0,10,1,0,2009-s2
P1300,P1305,1,1,0,0,8,2,1,0,2009-s2
P0907,P1300,1,0,1,0,2,8,1,0,2009-s2
P1224,P1300,1,0,1,0,2,8,1,0,2009-s2
P1220,P1300,1,0,1,0,4,6,1,0,2009-s2
P1229,P1300,1,0,1,0,1,9,1,0,2009-s2
P1300,P1346,1,1,0,0,8,2,1,0,2009-s2
P1224,P1305,1,0,1,0,4,6,1,0,2009-s2
P1220,P1305,1,0,1,0,3,7,1,0,2009-s2
P1229,P1305,1,1,0,0,7,3,1,0,2009-s2
P1305,P1346,1,0,1,0,4,6,1,0,2009-s2
P0907,P1220,1,1,0,0,6,4,1,0,2009-s2
P0907,P1229,1,0,1,0,1,9,1,0,2009-s2
P0907,P1346,1,1,0,0,6,4,1,0,2009-s2
P1220,P1224,1,1,0,0,8,2,1,0,2009-s2
P1224,P1229,1,0,1,0,3,7,1,0,2009-s2
P1220,P1229,1,0,1,0,2,8,1,0,2009-s2
P1220,P1346,1,0,1,0,4,6,1,0,2009-s2
P1229,P1346,1,0,1,0,4,6,1,0,2009-s2
P1247,P1322,1,0,1,0,3,7,1,0,2009-s2
P1217,P1247,1,0,1,0,3,7,1,0,2009-s2
P1247,P1287,1,0,1,0,3,7,1,0,2009-s2
P0431,P1247,1,1,0,0,6,4,1,0,2009-s2
P1247,P1333,1,1,0,0,6,4,1,0,2009-s2
P1247,P1378,1,1,0,0,10,0,1,0,2009-s2
P1287,P1322,1,0,1,0,1,9,1,0,2009-s2
P0431,P1322,1,0,1,0,3,7,1,0,2009-s2
P1322,P1333,1,1,0,0,8,2,1,0,2009-s2
P1322,P1378,1,1,0,0,10,0,1,0,2009-s2
P1217,P1287,1,0,0,1,5,5,1,0,2009-s2
P0431,P1217,1,0,1,0,3,7,1,0,2009-s2
P1217,P1333,1,1,0,0,6,4,1,0,2009-s2
P1217,P1378,1,1,0,0,10,0,1,0,2009-s2
P0431,P1287,1,0,1,0,4,6,1,0,2009-s2
P1287,P1333,1,1,0,0,7,3,1,0,2009-s2
P1287,P1378,1,1,0,0,10,0,1,0,2009-s2
P0431,P1333,1,0,0,1,5,5,1,0,2009-s2
P0431,P1378,1,1,0,0,10,0,1,0,2009-s2
P1333,P1378,1,1,0,0,10,0,1,0,2009-s2
P1282,P1295,1,1,0,0,6,4,1,0,2009-s2
P1295,P1347,1,0,1,0,0,10,1,0,2009-s2
P0870,P1295,1,1,0,0,10,0,1,0,2009-s2
P1242,P1295,1,1,0,0,10,0,1,0,2009-s2
P1295,P1320,1,0,1,0,0,10,1,0,2009-s2
P1295,P1364,1,0,1,0,0,10,1,0,2009-s2
P1282,P1347,1,0,1,0,4,6,1,0,2009-s2
P0870,P1282,1,1,0,0,6,4,1,0,2009-s2
P1242,P1282,1,0,1,0,4,6,1,0,2009-s2
P1282,P1320,1,1,0,0,7,3,1,0,2009-s2
P1282,P1364,1,1,0,0,7,3,1,0,2009-s2
P0870,P1347,1,1,0,0,6,4,1,0,2009-s2
P1242,P1347,1,1,0,0,6,4,1,0,2009-s2
P1320,P1347,1,0,1,0,4,6,1,0,2009-s2
P1347,P1364,1,1,0,0,8,2,1,0,2009-s2
P0870,P1242,1,0,0,1,5,5,1,0,2009-s2
P0870,P1320,1,1,0,0,6,4,1,0,2009-s2
P0870,P1364,1,1,0,0,6,4,1,0,2009-s2
P1242,P1320,1,0,1,0,4,6,1,0,2009-s2
P1242,P1364,1,0,0,1,5,5,1,0,2009-s2
P1320,P1364,1,1,0,0,8,2,1,0,2009-s2
P1280,P1372,1,0,1,0,4,6,1,0,2009-s2
P1280,P1344,1,0,1,0,2,8,1,0,2009-s2
P1280,P1310,1,0,1,0,4,6,1,0,2009-s2
P1187,P1280,1,1,0,0,10,0,1,0,2009-s2
P1265,P1280,1,1,0,0,6,4,1,0,2009-s2
P1209,P1280,1,1,0,0,6,4,1,0,2009-s2
P1344,P1372,1,0,0,1,5,5,1,0,2009-s2
P1310,P1372,1,0,1,0,4,6,1,0,2009-s2
P1187,P1372,1,0,0,1,5,5,1,0,2009-s2
P1265,P1372,1,0,0,1,5,5,1,0,2009-s2
P1209,P1372,1,1,0,0,6,4,1,0,2009-s2
P1310,P1344,1,0,1,0,4,6,1,0,2009-s2
P1187,P1344,1,0,1,0,4,6,1,0,2009-s2
P1265,P1344,1,1,0,0,8,2,1,0,2009-s2
P1209,P1344,1,0,1,0,1,9,1,0,2009-s2
P1187,P1310,1,1,0,0,10,0,1,0,2009-s2
P1265,P1310,1,0,0,1,5,5,1,0,2009-s2
P1209,P1310,1,0,0,1,5,5,1,0,2009-s2
P1187,P1265,1,0,0,1,5,5,1,0,2009-s2
P1187,P1209,1,1,0,0,8,2,1,0,2009-s2
P1209,P1265,1,0,1,0,2,8,1,0,2009-s2
P0820,P1370,1,0,0,1,5,5,1,0,2009-s2
P0820,P1288,1,1,0,0,10,0,1,0,2009-s2
P0820,P1373,1,0,1,0,0,10,1,0,2009-s2
P0820,P1306,1,0,1,0,4,6,1,0,2009-s2
P0820,P1130,1,1,0,0,8,2,1,0,2009-s2
P0217,P1288,1,1,0,0,7,3,1,0,2009-s2
P0217,P1373,1,1,0,0,7,3,1,0,2009-s2
P0217,P1306,1,1,0,0,6,4,1,0,2009-s2
P0217,P1130,1,0,1,0,4,6,1,0,2009-s2
P1288,P1370,1,1,0,0,10,0,1,0,2009-s2
P1370,P1373,1,0,1,0,0,10,1,0,2009-s2
P1306,P1370,1,1,0,0,8,2,1,0,2009-s2
P1130,P1370,1,1,0,0,6,4,1,0,2009-s2
P1288,P1373,1,0,1,0,4,6,1,0,2009-s2
P1288,P1306,1,1,0,0,6,4,1,0,2009-s2
P1130,P1288,1,0,1,0,3,7,1,0,2009-s2
P1306,P1373,1,0,1,0,3,7,1,0,2009-s2
P1130,P1373,1,0,1,0,4,6,1,0,2009-s2
P1130,P1306,1,1,0,0,8,2,1,0,2009-s2
P0748,P1103,1,0,1,0,4,6,1,0,2009-s3
P1103,P1300,1,0,1,0,1,9,1,0,2009-s3
P1096,P1103,1,0,1,0,3,7,1,0,2009-s3
P0558,P1103,1,0,1,0,2,8,1,0,2009-s3
P1095,P1103,1,0,1,0,3,7,1,0,2009-s3
P0748,P1300,1,0,1,0,4,6,1,0,2009-s3
P0748,P1096,1,1,0,0,6,4,1,0,2009-s3
P0558,P0748,1,0,1,0,2,8,1,0,2009-s3
P0748,P1095,1,1,0,0,6,4,1,0,2009-s3
P0748,P1304,1,0,1,0,4,6,1,0,2009-s3
P1096,P1300,1,0,1,0,3,7,1,0,2009-s3
P0558,P1300,1,1,0,0,7,3,1,0,2009-s3
P1300,P1304,1,0,1,0,3,7,1,0,2009-s3
P0558,P1096,1,1,0,0,6,4,1,0,2009-s3
P0558,P1095,1,0,1,0,3,7,1,0,2009-s3
P0558,P1304,1,0,1,0,4,6,1,0,2009-s3
P1095,P1304,1,0,1,0,3,7,1,0,2009-s3
P1088,P1243,1,1,0,0,6,4,1,0,2009-s3
P0073,P1088,1,1,0,0,8,2,1,0,2009-s3
P0658,P1088,3,2,1,0,18,12,3,0,2009-s6
P0344,P1088,1,0,1,0,4,6,1,0,2009-s3
P0073,P1289,1,1,0,0,6,4,1,0,2009-s3
P0658,P1289,1,0,1,0,4,6,1,0,2009-s3
P0344,P1289,1,0,1,0,2,8,1,0,2009-s3
P1176,P1289,1,0,1,0,4,6,1,0,2009-s3
P0073,P1243,1,0,1,0,4,6,1,0,2009-s3
P0658,P1243,1,1,0,0,10,0,1,0,2009-s3
P0344,P1243,1,0,1,0,3,7,1,0,2009-s3
P0073,P0658,1,1,0,0,6,4,1,0,2009-s3
P0073,P0344,1,0,1,0,2,8,1,0,2009-s3
P0073,P1176,1,1,0,0,8,2,1,0,2009-s3
P0344,P0658,1,0,1,0,2,8,1,0,2009-s3
P0658,P1176,1,1,0,0,6,4,1,0,2009-s3
P1323,P1368,1,0,1,0,2,8,1,0,2009-s3
P1345,P1368,1,0,1,0,4,6,1,0,2009-s3
P1034,P1368,1,0,1,0,4,6,1,0,2009-s3
P1291,P1368,1,0,1,0,0,10,1,0,2009-s3
P0029,P1368,1,0,1,0,2,8,1,0,2009-s3
P1368,P1373,1,0,0,1,5,5,1,0,2009-s3
P1323,P1345,1,1,0,0,6,4,1,0,2009-s3
P1291,P1323,1,0,1,0,4,6,1,0,2009-s3
P0029,P1323,1,1,0,0,6,4,1,0,2009-s3
P1034,P1345,1,1,0,0,7,3,1,0,2009-s3
P1291,P1345,1,1,0,0,6,4,1,0,2009-s3
P0029,P1345,1,1,0,0,8,2,1,0,2009-s3
P1034,P1291,1,1,0,0,10,0,1,0,2009-s3
P1034,P1373,1,1,0,0,10,0,1,0,2009-s3
P0029,P1291,1,1,0,0,7,3,1,0,2009-s3
P0029,P1373,1,1,0,0,10,0,1,0,2009-s3
P0707,P0969,1,0,1,0,4,6,1,0,2009-s3
P0255,P0707,1,0,1,0,4,6,1,0,2009-s3
P0707,P1381,1,1,0,0,6,4,1,0,2009-s3
P0707,P1147,1,1,0,0,9,1,1,0,2009-s3
P0273,P0707,1,0,1,0,3,7,1,0,2009-s3
P0707,P1234,1,1,0,0,8,2,1,0,2009-s3
P0969,P1381,2,1,0,1,11,9,2,0,2011-s1
P0969,P1147,1,0,1,0,4,6,1,0,2009-s3
P0273,P0969,1,0,1,0,2,8,1,0,2009-s3
P0969,P1234,1,1,0,0,8,2,1,0,2009-s3
P0255,P1381,1,1,0,0,6,4,1,0,2009-s3
P0255,P1234,1,0,0,1,5,5,1,0,2009-s3
P1147,P1381,1,1,0,0,6,4,1,0,2009-s3
P0273,P1381,1,1,0,0,10,0,1,0,2009-s3
P1234,P1381,1,1,0,0,6,4,1,0,2009-s3
P0273,P1147,1,1,0,0,9,1,1,0,2009-s3
P1147,P1234,1,0,1,0,4,6,1,0,2009-s3
P0273,P1234,1,0,1,0,4,6,1,0,2009-s3
P1172,P1297,1,0,0,1,5,5,1,0,2009-s3
P1197,P1297,1,0,1,0,4,6,1,0,2009-s3
P1297,P1343,1,0,1,0,0,10,1,0,2009-s3
P1256,P1297,1,0,1,0,0,10,1,0,2009-s3
P1172,P1197,1,1,0,0,6,4,1,0,2009-s3
P1172,P1287,1,1,0,0,6,4,1,0,2009-s3
P1172,P1343,1,1,0,0,6,4,1,0,2009-s3
P1172,P1256,1,1,0,0,6,4,1,0,2009-s3
P1172,P1380,1,1,0,0,8,2,1,0,2009-s3
P1197,P1343,1,0,1,0,0,10,1,0,2009-s3
P1197,P1380,1,0,1,0,3,7,1,0,2009-s3
P1287,P1343,1,0,1,0,4,6,1,0,2009-s3
P1287,P1380,1,0,1,0,3,7,1,0,2009-s3
P1256,P1343,1,1,0,0,8,2,1,0,2009-s3
P1343,P1380,1,0,1,0,4,6,1,0,2009-s3
P1256,P1380,1,0,1,0,2,8,1,0,2009-s3
P1193,P1227,1,1,0,0,6,4,1,0,2009-s3
P1193,P1245,1,1,0,0,9,1,1,0,2009-s3
P0951,P1193,1,0,0,1,5,5,1,0,2009-s3
P1193,P1390,1,1,0,0,9,1,1,0,2009-s3
P0363,P1193,1,0,1,0,4,6,1,0,2009-s3
P1193,P1327,1,1,0,0,8,2,1,0,2009-s3
P1227,P1245,1,1,0,0,6,4,1,0,2009-s3
P0951,P1227,1,0,1,0,4,6,1,0,2009-s3
P1227,P1390,1,1,0,0,7,3,1,0,2009-s3
P0363,P1227,1,0,1,0,4,6,1,0,2009-s3
P1227,P1327,1,1,0,0,8,2,1,0,2009-s3
P0951,P1245,1,1,0,0,10,0,1,0,2009-s3
P1245,P1390,1,1,0,0,6,4,1,0,2009-s3
P1245,P1327,1,0,1,0,4,6,1,0,2009-s3
P0951,P1390,1,1,0,0,8,2,1,0,2009-s3
P0951,P1327,1,0,1,0,3,7,1,0,2009-s3
P0363,P1390,1,1,0,0,6,4,1,0,2009-s3
P1327,P1390,1,1,0,0,7,3,1,0,2009-s3
P0363,P1327,1,1,0,0,6,4,1,0,2009-s3
P0140,P0757,1,0,0,1,5,5,1,0,2009-s3
P0024,P0757,1,0,1,0,2,8,1,0,2009-s3
P0757,P1316,1,0,1,0,4,6,1,0,2009-s3
P0757,P1358,1,1,0,0,6,4,1,0,2009-s3
P0757,P1182,1,1,0,0,10,0,1,0,2009-s3
P0757,P0962,1,0,1,0,3,7,1,0,2009-s3
P0024,P0140,3,0,3,0,6,24,3,0,2009-s6
P0140,P1316,1,1,0,0,9,1,1,0,2009-s3
P0140,P1358,1,1,0,0,6,4,1,0,2009-s3
P0140,P1182,1,1,0,0,10,0,1,0,2009-s3
P0140,P0962,2,2,0,0,14,6,2,0,2009-s6
P0024,P1316,1,0,1,0,2,8,1,0,2009-s3
P0024,P1358,1,1,0,0,9,1,1,0,2009-s3
P0024,P1182,1,1,0,0,10,0,1,0,2009-s3
P0024,P0962,2,1,1,0,8,12,2,0,2009-s6
P1182,P1316,1,0,1,0,0,10,1,0,2009-s3
P0962,P1316,2,1,1,0,10,10,2,0,2012-s4
P1182,P1358,1,0,1,0,0,10,1,0,2009-s3
P0962,P1358,1,1,0,0,8,2,1,0,2009-s3
P0962,P1182,1,1,0,0,10,0,1,0,2009-s3
P0078,P0847,1,0,0,1,5,5,1,0,2009-s3
P0078,P1040,1,1,0,0,6,4,1,0,2009-s3
P0078,P1075,1,0,1,0,2,8,1,0,2009-s3
P0078,P0858,1,1,0,0,10,0,1,0,2009-s3
P0078,P1202,1,1,0,0,6,4,1,0,2009-s3
P0078,P0617,1,0,0,1,5,5,1,0,2009-s3
P0847,P1040,1,1,0,0,6,4,1,0,2009-s3
P0847,P1075,1,1,0,0,6,4,1,0,2009-s3
P0847,P0858,1,1,0,0,10,0,1,0,2009-s3
P0847,P1202,1,1,0,0,10,0,1,0,2009-s3
P0617,P0847,1,0,1,0,4,6,1,0,2009-s3
P1040,P1075,1,0,1,0,4,6,1,0,2009-s3
P0858,P1040,1,0,1,0,0,10,1,0,2009-s3
P0617,P1040,1,1,0,0,9,1,1,0,2009-s3
P1075,P1202,1,1,0,0,7,3,1,0,2009-s3
P0617,P1075,2,0,2,0,7,13,2,0,2011-s5
P0858,P1202,1,0,1,0,0,10,1,0,2009-s3
P0617,P0858,1,1,0,0,10,0,1,0,2009-s3
P0617,P1202,1,1,0,0,8,2,1,0,2009-s3
P1210,P1311,1,0,1,0,0,10,1,0,2009-s3
P1224,P1311,1,1,0,0,10,0,1,0,2009-s3
P1268,P1311,1,1,0,0,10,0,1,0,2009-s3
P1311,P1332,1,0,1,0,2,8,1,0,2009-s3
P1179,P1210,1,1,0,0,8,2,1,0,2009-s3
P1179,P1224,1,0,1,0,4,6,1,0,2009-s3
P1179,P1385,1,1,0,0,7,3,1,0,2009-s3
P1179,P1268,1,0,0,1,5,5,1,0,2009-s3
P1179,P1332,1,0,0,1,5,5,1,0,2009-s3
P1210,P1224,1,0,1,0,3,7,1,0,2009-s3
P1210,P1385,1,0,1,0,3,7,1,0,2009-s3
P1210,P1268,1,0,1,0,2,8,1,0,2009-s3
P1210,P1332,1,0,1,0,3,7,1,0,2009-s3
P1224,P1385,1,0,1,0,4,6,1,0,2009-s3
P1224,P1268,1,1,0,0,6,4,1,0,2009-s3
P1224,P1332,1,0,1,0,3,7,1,0,2009-s3
P1332,P1385,1,1,0,0,7,3,1,0,2009-s3
P1268,P1332,1,0,1,0,3,7,1,0,2009-s3
P1216,P1282,1,0,1,0,4,6,1,0,2009-s3
P1265,P1282,1,0,1,0,4,6,1,0,2009-s3
P1282,P1346,1,1,0,0,6,4,1,0,2009-s3
P1260,P1282,1,1,0,0,7,3,1,0,2009-s3
P1282,P1355,1,0,0,1,5,5,1,0,2009-s3
P1225,P1282,1,1,0,0,10,0,1,0,2009-s3
P1216,P1265,1,1,0,0,9,1,1,0,2009-s3
P1216,P1346,1,1,0,0,10,0,1,0,2009-s3
P1216,P1355,1,0,0,1,5,5,1,0,2009-s3
P1216,P1225,1,0,0,1,5,5,1,0,2009-s3
P1265,P1355,1,0,1,0,1,9,1,0,2009-s3
P1225,P1265,1,1,0,0,10,0,1,0,2009-s3
P1260,P1346,1,0,1,0,1,9,1,0,2009-s3
P1346,P1355,1,0,1,0,0,10,1,0,2009-s3
P1225,P1346,1,0,1,0,4,6,1,0,2009-s3
P1260,P1355,1,0,1,0,0,10,1,0,2009-s3
P1225,P1260,1,1,0,0,6,4,1,0,2009-s3
P1221,P1340,1,0,1,0,1,9,1,0,2009-s3
P1340,P1387,1,1,0,0,8,2,1,0,2009-s3
P1106,P1340,1,0,1,0,3,7,1,0,2009-s3
P1269,P1340,1,0,1,0,4,6,1,0,2009-s3
P1340,P1341,1,1,0,0,9,1,1,0,2009-s3
P1329,P1340,1,0,1,0,1,9,1,0,2009-s3
P1221,P1387,1,1,0,0,9,1,1,0,2009-s3
P1221,P1269,1,0,1,0,1,9,1,0,2009-s3
P1106,P1387,1,1,0,0,8,2,1,0,2009-s3
P1269,P1387,1,1,0,0,6,4,1,0,2009-s3
P1341,P1387,1,0,1,0,4,6,1,0,2009-s3
P1106,P1269,1,1,0,0,9,1,1,0,2009-s3
P0820,P1187,1,1,0,0,6,4,1,0,2009-s3
P0431,P0820,1,0,1,0,3,7,1,0,2009-s3
P0820,P1315,1,1,0,0,10,0,1,0,2009-s3
P0820,P0976,1,1,0,0,7,3,1,0,2009-s3
P0820,P1371,1,0,0,1,5,5,1,0,2009-s3
P0431,P1187,1,0,0,1,5,5,1,0,2009-s3
P0217,P1187,1,0,1,0,3,7,1,0,2009-s3
P0976,P1187,1,0,1,0,4,6,1,0,2009-s3
P1187,P1371,1,0,1,0,4,6,1,0,2009-s3
P0431,P1315,1,0,1,0,3,7,1,0,2009-s3
P0431,P1371,1,1,0,0,6,4,1,0,2009-s3
P0217,P1371,2,2,0,0,13,7,2,0,2009-s6
P1315,P1371,1,0,1,0,0,10,1,0,2009-s3
P0976,P1371,1,0,1,0,0,10,1,0,2009-s3
P1120,P1353,1,0,1,0,4,6,1,0,2009-s3
P1057,P1353,1,0,1,0,4,6,1,0,2009-s3
P1353,P1365,1,1,0,0,8,2,1,0,2009-s3
P1130,P1353,1,0,1,0,0,10,1,0,2009-s3
P1167,P1353,1,1,0,0,6,4,1,0,2009-s3
P0772,P1353,1,0,1,0,4,6,1,0,2009-s3
P1057,P1120,1,0,1,0,4,6,1,0,2009-s3
P0772,P1120,1,1,0,0,8,2,1,0,2009-s3
P1057,P1365,1,1,0,0,6,4,1,0,2009-s3
P1057,P1130,1,0,0,1,5,5,1,0,2009-s3
P0772,P1057,1,0,1,0,4,6,1,0,2009-s3
P1167,P1365,1,1,0,0,6,4,1,0,2009-s3
P0772,P1365,1,1,0,0,7,3,1,0,2009-s3
P0772,P1167,1,0,1,0,3,7,1,0,2009-s3
P0051,P1369,1,0,1,0,2,8,1,0,2009-s4
P0051,P1353,1,0,1,0,4,6,1,0,2009-s4
P0051,P1063,2,0,2,0,4,16,2,0,2009-s6
P1353,P1369,1,0,1,0,3,7,1,0,2009-s4
P1223,P1369,1,0,1,0,4,6,1,0,2009-s4
P1352,P1369,1,0,1,0,1,9,1,0,2009-s4
P1063,P1369,1,0,1,0,3,7,1,0,2009-s4
P0984,P1369,1,0,1,0,4,6,1,0,2009-s4
P1223,P1353,1,1,0,0,6,4,1,0,2009-s4
P1352,P1353,1,0,1,0,0,10,1,0,2009-s4
P1063,P1353,1,0,1,0,3,7,1,0,2009-s4
P0984,P1353,1,1,0,0,7,3,1,0,2009-s4
P1063,P1223,1,0,1,0,3,7,1,0,2009-s4
P1063,P1352,1,1,0,0,6,4,1,0,2009-s4
P0984,P1352,1,1,0,0,10,0,1,0,2009-s4
P0984,P1063,1,0,1,0,4,6,1,0,2009-s4
P0711,P1327,1,1,0,0,9,1,1,0,2009-s4
P1327,P1348,1,1,0,0,6,4,1,0,2009-s4
P1224,P1327,1,1,0,0,6,4,1,0,2009-s4
P0658,P1327,1,1,0,0,6,4,1,0,2009-s4
P1054,P1327,1,0,1,0,4,6,1,0,2009-s4
P1088,P1327,1,0,1,0,4,6,1,0,2009-s4
P0711,P1348,1,1,0,0,6,4,1,0,2009-s4
P0711,P1224,1,1,0,0,6,4,1,0,2009-s4
P0658,P0711,1,1,0,0,6,4,1,0,2009-s4
P0711,P1054,1,1,0,0,6,4,1,0,2009-s4
P0711,P1088,1,1,0,0,7,3,1,0,2009-s4
P0658,P1348,1,1,0,0,6,4,1,0,2009-s4
P1054,P1348,1,1,0,0,6,4,1,0,2009-s4
P1088,P1348,1,1,0,0,6,4,1,0,2009-s4
P0658,P1224,1,1,0,0,7,3,1,0,2009-s4
P1054,P1224,1,1,0,0,6,4,1,0,2009-s4
P1088,P1224,1,0,1,0,3,7,1,0,2009-s4
P0658,P1054,1,1,0,0,6,4,1,0,2009-s4
P0951,P1380,1,1,0,0,7,3,1,0,2009-s4
P1301,P1380,1,1,0,0,6,4,1,0,2009-s4
P1167,P1380,1,1,0,0,6,4,1,0,2009-s4
P0297,P1380,1,0,1,0,0,10,1,0,2009-s4
P0073,P1380,1,0,1,0,3,7,1,0,2009-s4
P1179,P1380,1,0,1,0,2,8,1,0,2009-s4
P0951,P1301,1,1,0,0,7,3,1,0,2009-s4
P0951,P1167,1,1,0,0,10,0,1,0,2009-s4
P0297,P0951,1,0,1,0,0,10,1,0,2009-s4
P0073,P0951,1,0,1,0,4,6,1,0,2009-s4
P0951,P1179,1,1,0,0,6,4,1,0,2009-s4
P1167,P1301,1,1,0,0,7,3,1,0,2009-s4
P0297,P1301,1,0,1,0,4,6,1,0,2009-s4
P0073,P1301,1,0,1,0,4,6,1,0,2009-s4
P1179,P1301,1,0,0,1,5,5,1,0,2009-s4
P0073,P1167,1,1,0,0,9,1,1,0,2009-s4
P0073,P1179,1,1,0,0,7,3,1,0,2009-s4
P1085,P1261,1,0,1,0,2,8,1,0,2009-s4
P1085,P1272,1,1,0,0,6,4,1,0,2009-s4
P1085,P1183,1,1,0,0,8,2,1,0,2009-s4
P0697,P1085,1,1,0,0,6,4,1,0,2009-s4
P1034,P1261,1,0,1,0,2,8,1,0,2009-s4
P1261,P1272,1,1,0,0,6,4,1,0,2009-s4
P1183,P1261,1,0,1,0,4,6,1,0,2009-s4
P0697,P1261,1,1,0,0,8,2,1,0,2009-s4
P1034,P1272,1,0,1,0,4,6,1,0,2009-s4
P0697,P1034,1,1,0,0,10,0,1,0,2009-s4
P1183,P1272,1,0,1,0,4,6,1,0,2009-s4
P0697,P1272,1,1,0,0,8,2,1,0,2009-s4
P1074,P1272,1,0,1,0,3,7,1,0,2009-s4
P0697,P1183,1,1,0,0,6,4,1,0,2009-s4
P0697,P1074,1,1,0,0,7,3,1,0,2009-s4
P1176,P1257,1,0,1,0,3,7,1,0,2009-s4
P1176,P1339,1,0,1,0,4,6,1,0,2009-s4
P1176,P1198,1,0,1,0,2,8,1,0,2009-s4
P0296,P1176,1,1,0,0,9,1,1,0,2009-s4
P1257,P1339,1,0,1,0,4,6,1,0,2009-s4
P1207,P1257,1,0,1,0,3,7,1,0,2009-s4
P1198,P1257,1,1,0,0,6,4,1,0,2009-s4
P0296,P1257,1,1,0,0,7,3,1,0,2009-s4
P1257,P1390,1,1,0,0,6,4,1,0,2009-s4
P1198,P1339,1,1,0,0,6,4,1,0,2009-s4
P0296,P1339,1,0,1,0,3,7,1,0,2009-s4
P1339,P1390,1,0,1,0,4,6,1,0,2009-s4
P1198,P1207,1,0,1,0,2,8,1,0,2009-s4
P1207,P1390,1,0,1,0,0,10,1,0,2009-s4
P0296,P1198,1,1,0,0,6,4,1,0,2009-s4
P1198,P1390,1,1,0,0,6,4,1,0,2009-s4
P0296,P1390,1,0,1,0,2,8,1,0,2009-s4
P0140,P1268,1,1,0,0,6,4,1,0,2009-s4
P1268,P1354,1,1,0,0,6,4,1,0,2009-s4
P1172,P1268,1,1,0,0,6,4,1,0,2009-s4
P0024,P1268,1,0,1,0,4,6,1,0,2009-s4
P1268,P1366,1,1,0,0,10,0,1,0,2009-s4
P1268,P1274,1,1,0,0,9,1,1,0,2009-s4
P0140,P1172,1,0,1,0,0,10,1,0,2009-s4
P0140,P1366,1,1,0,0,9,1,1,0,2009-s4
P0140,P1274,2,2,0,0,13,7,2,0,2011-s1
P1354,P1366,1,0,1,0,4,6,1,0,2009-s4
P0024,P1172,1,0,1,0,4,6,1,0,2009-s4
P1172,P1366,1,1,0,0,8,2,1,0,2009-s4
P0024,P1366,1,0,0,1,5,5,1,0,2009-s4
P0024,P1274,1,0,1,0,1,9,1,0,2009-s4
P1274,P1366,1,0,1,0,4,6,1,0,2009-s4
P1158,P1193,1,0,0,1,5,5,1,0,2009-s4
P1193,P1243,1,0,0,1,5,5,1,0,2009-s4
P1193,P1336,1,1,0,0,9,1,1,0,2009-s4
P1193,P1213,1,1,0,0,7,3,1,0,2009-s4
P1158,P1235,1,0,1,0,1,9,1,0,2009-s4
P1158,P1336,1,0,1,0,4,6,1,0,2009-s4
P1158,P1213,1,0,1,0,3,7,1,0,2009-s4
P1235,P1243,1,1,0,0,6,4,1,0,2009-s4
P1243,P1336,1,0,1,0,4,6,1,0,2009-s4
P1213,P1243,1,1,0,0,6,4,1,0,2009-s4
P1235,P1336,1,0,1,0,0,10,1,0,2009-s4
P1336,P1343,1,0,1,0,4,6,1,0,2009-s4
P1213,P1343,1,1,0,0,6,4,1,0,2009-s4
P1213,P1336,1,1,0,0,6,4,1,0,2009-s4
P1300,P1340,1,1,0,0,10,0,1,0,2009-s4
P1281,P1340,1,1,0,0,6,4,1,0,2009-s4
P1340,P1381,1,1,0,0,8,2,1,0,2009-s4
P1197,P1340,1,0,1,0,0,10,1,0,2009-s4
P1334,P1340,1,1,0,0,8,2,1,0,2009-s4
P1289,P1340,1,0,0,1,5,5,1,0,2009-s4
P1281,P1300,1,1,0,0,6,4,1,0,2009-s4
P1300,P1381,2,0,1,1,9,11,2,0,2011-s2
P1197,P1300,1,0,1,0,4,6,1,0,2009-s4
P1300,P1334,3,1,1,1,15,15,3,0,2011-s3
P1289,P1300,1,1,0,0,7,3,1,0,2009-s4
P1281,P1381,1,0,1,0,4,6,1,0,2009-s4
P1197,P1281,1,1,0,0,6,4,1,0,2009-s4
P1281,P1334,1,1,0,0,6,4,1,0,2009-s4
P1281,P1289,1,1,0,0,6,4,1,0,2009-s4
P1197,P1381,1,0,1,0,4,6,1,0,2009-s4
P1334,P1381,3,3,0,0,22,8,3,0,2010-s3
P1289,P1381,1,1,0,0,8,2,1,0,2009-s4
P1197,P1334,1,1,0,0,7,3,1,0,2009-s4
P1197,P1289,1,0,1,0,2,8,1,0,2009-s4
P1289,P1334,1,0,1,0,2,8,1,0,2009-s4
P1181,P1211,1,1,0,0,7,3,1,0,2009-s4
P1181,P1276,1,0,1,0,2,8,1,0,2009-s4
P1181,P1319,1,0,1,0,4,6,1,0,2009-s4
P1181,P1371,1,0,1,0,4,6,1,0,2009-s4
P1181,P1387,1,1,0,0,6,4,1,0,2009-s4
P1211,P1319,1,1,0,0,6,4,1,0,2009-s4
P1019,P1211,1,0,1,0,4,6,1,0,2009-s4
P1211,P1371,1,0,1,0,3,7,1,0,2009-s4
P1211,P1387,1,0,1,0,4,6,1,0,2009-s4
P1276,P1319,1,1,0,0,6,4,1,0,2009-s4
P1019,P1276,1,0,1,0,4,6,1,0,2009-s4
P1276,P1371,1,0,1,0,0,10,1,0,2009-s4
P1276,P1387,1,1,0,0,6,4,1,0,2009-s4
P1319,P1371,1,0,1,0,4,6,1,0,2009-s4
P1319,P1387,1,1,0,0,6,4,1,0,2009-s4
P1019,P1371,1,0,1,0,0,10,1,0,2009-s4
P1371,P1387,1,1,0,0,9,1,1,0,2009-s4
P1214,P1379,1,1,0,0,10,0,1,0,2009-s4
P1214,P1314,1,0,1,0,4,6,1,0,2009-s4
P0344,P1214,1,1,0,0,9,1,1,0,2009-s4
P1214,P1328,1,0,1,0,4,6,1,0,2009-s4
P1214,P1299,1,1,0,0,9,1,1,0,2009-s4
P1201,P1214,1,0,1,0,2,8,1,0,2009-s4
P1314,P1379,1,1,0,0,8,2,1,0,2009-s4
P0344,P1379,1,1,0,0,10,0,1,0,2009-s4
P1328,P1379,1,1,0,0,6,4,1,0,2009-s4
P1201,P1379,1,0,1,0,2,8,1,0,2009-s4
P0344,P1314,1,1,0,0,9,1,1,0,2009-s4
P1314,P1328,2,1,1,0,10,10,2,0,2009-s6
P1201,P1314,1,0,1,0,3,7,1,0,2009-s4
P0344,P1328,2,0,2,0,8,12,2,0,2010-s1
P0344,P1299,1,1,0,0,6,4,1,0,2009-s4
P0344,P1201,1,1,0,0,6,4,1,0,2009-s4
P1299,P1328,1,1,0,0,6,4,1,0,2009-s4
P1201,P1328,1,0,1,0,2,8,1,0,2009-s4
P1201,P1299,1,1,0,0,6,4,1,0,2009-s4
P1188,P1200,1,1,0,0,7,3,1,0,2009-s4
P0431,P1200,1,0,1,0,3,7,1,0,2009-s4
P0327,P1200,1,1,0,0,6,4,1,0,2009-s4
P1191,P1200,1,0,1,0,2,8,1,0,2009-s4
P1200,P1222,1,1,0,0,6,4,1,0,2009-s4
P1188,P1386,1,1,0,0,6,4,1,0,2009-s4
P0431,P1188,1,0,1,0,3,7,1,0,2009-s4
P0327,P1188,1,0,0,1,5,5,1,0,2009-s4
P1188,P1191,1,1,0,0,9,1,1,0,2009-s4
P1188,P1222,1,1,0,0,8,2,1,0,2009-s4
P0327,P1386,1,1,0,0,7,3,1,0,2009-s4
P1191,P1386,1,0,1,0,3,7,1,0,2009-s4
P1222,P1386,1,0,1,0,1,9,1,0,2009-s4
P0327,P0431,1,1,0,0,8,2,1,0,2009-s4
P0431,P1191,1,1,0,0,6,4,1,0,2009-s4
P0431,P1222,1,0,1,0,2,8,1,0,2009-s4
P0327,P1191,1,1,0,0,9,1,1,0,2009-s4
P0327,P1222,1,0,0,1,5,5,1,0,2009-s4
P0772,P1346,1,1,0,0,7,3,1,0,2009-s4
P0772,P1311,1,1,0,0,6,4,1,0,2009-s4
P1106,P1311,1,1,0,0,7,3,1,0,2009-s4
P0772,P1253,1,1,0,0,7,3,1,0,2009-s4
P0772,P1307,1,1,0,0,9,1,1,0,2009-s4
P0772,P1106,1,1,0,0,7,3,1,0,2009-s4
P1218,P1374,1,0,1,0,4,6,1,0,2009-s4
P1218,P1234,1,0,1,0,4,6,1,0,2009-s4
P1218,P1308,1,1,0,0,9,1,1,0,2009-s4
P1218,P1285,1,0,1,0,4,6,1,0,2009-s4
P1218,P1264,1,0,0,1,5,5,1,0,2009-s4
P1187,P1218,1,1,0,0,8,2,1,0,2009-s4
P1234,P1374,1,0,0,1,5,5,1,0,2009-s4
P1308,P1374,1,0,1,0,2,8,1,0,2009-s4
P1285,P1374,1,1,0,0,6,4,1,0,2009-s4
P1264,P1374,1,0,0,1,5,5,1,0,2009-s4
P1234,P1308,1,1,0,0,6,4,1,0,2009-s4
P1234,P1285,1,1,0,0,8,2,1,0,2009-s4
P1234,P1264,1,1,0,0,7,3,1,0,2009-s4
P1187,P1234,1,0,0,1,5,5,1,0,2009-s4
P1285,P1308,1,1,0,0,7,3,1,0,2009-s4
P1264,P1308,1,1,0,0,7,3,1,0,2009-s4
P1264,P1285,1,1,0,0,7,3,1,0,2009-s4
P1187,P1285,1,0,0,1,5,5,1,0,2009-s4
P0196,P1030,1,0,0,1,5,5,1,0,2009-s6
P0196,P1300,1,0,1,0,4,6,1,0,2009-s6
P0196,P1375,1,1,0,0,6,4,1,0,2009-s6
P0073,P0196,1,1,0,0,6,4,1,0,2009-s6
P0196,P1053,1,0,1,0,4,6,1,0,2009-s6
P1030,P1300,1,1,0,0,8,2,1,0,2009-s6
P1030,P1375,1,0,0,1,5,5,1,0,2009-s6
P0029,P1030,1,1,0,0,9,1,1,0,2009-s6
P0073,P1030,1,0,1,0,2,8,1,0,2009-s6
P1030,P1053,1,1,0,0,6,4,1,0,2009-s6
P1300,P1375,1,1,0,0,10,0,1,0,2009-s6
P0029,P1300,1,1,0,0,6,4,1,0,2009-s6
P0073,P1300,3,2,1,0,17,13,3,0,2011-s2
P1053,P1300,1,0,1,0,3,7,1,0,2009-s6
P0029,P1375,1,0,0,1,5,5,1,0,2009-s6
P0073,P1375,1,0,0,1,5,5,1,0,2009-s6
P1053,P1375,1,0,1,0,3,7,1,0,2009-s6
P0029,P0073,1,0,1,0,4,6,1,0,2009-s6
P0029,P1053,1,1,0,0,6,4,1,0,2009-s6
P0073,P1053,1,1,0,0,6,4,1,0,2009-s6
P0565,P1215,1,1,0,0,9,1,1,0,2009-s6
P1215,P1226,1,0,1,0,1,9,1,0,2009-s6
P0772,P1215,1,0,1,0,4,6,1,0,2009-s6
P0921,P1215,1,0,1,0,4,6,1,0,2009-s6
P1054,P1215,1,0,1,0,4,6,1,0,2009-s6
P1215,P1391,1,1,0,0,9,1,1,0,2009-s6
P0565,P1226,1,0,1,0,0,10,1,0,2009-s6
P0565,P0772,1,0,1,0,0,10,1,0,2009-s6
P0565,P0921,1,0,1,0,0,10,1,0,2009-s6
P0772,P1226,1,0,1,0,2,8,1,0,2009-s6
P0921,P1226,1,0,0,1,5,5,1,0,2009-s6
P1054,P1226,1,0,1,0,0,10,1,0,2009-s6
P1226,P1391,1,1,0,0,10,0,1,0,2009-s6
P0772,P0921,1,0,1,0,2,8,1,0,2009-s6
P0772,P1054,1,1,0,0,10,0,1,0,2009-s6
P0772,P1391,1,1,0,0,6,4,1,0,2009-s6
P1238,P1267,1,1,0,0,6,4,1,0,2009-s6
P0024,P1238,1,0,1,0,4,6,1,0,2009-s6
P0962,P1238,1,1,0,0,7,3,1,0,2009-s6
P1238,P1382,1,0,1,0,4,6,1,0,2009-s6
P0140,P1238,1,1,0,0,9,1,1,0,2009-s6
P0585,P1267,1,1,0,0,6,4,1,0,2009-s6
P0024,P1267,1,1,0,0,6,4,1,0,2009-s6
P0962,P1267,1,1,0,0,7,3,1,0,2009-s6
P1267,P1382,1,0,1,0,2,8,1,0,2009-s6
P0140,P1267,1,0,1,0,3,7,1,0,2009-s6
P0585,P0962,1,0,1,0,4,6,1,0,2009-s6
P0585,P1382,1,1,0,0,8,2,1,0,2009-s6
P0024,P1382,1,0,1,0,3,7,1,0,2009-s6
P0962,P1382,1,1,0,0,6,4,1,0,2009-s6
P0140,P1382,1,0,0,1,5,5,1,0,2009-s6
P0951,P1283,1,1,0,0,6,4,1,0,2009-s6
P0951,P1158,1,1,0,0,9,1,1,0,2009-s6
P0951,P1311,1,1,0,0,9,1,1,0,2009-s6
P0951,P1334,2,1,1,0,11,9,2,0,2010-s1
P0951,P1096,2,1,1,0,12,7,1,1,2012-s2
P0951,P1381,1,1,0,0,6,4,1,0,2009-s6
P1158,P1283,1,1,0,0,10,0,1,0,2009-s6
P1283,P1311,1,1,0,0,9,1,1,0,2009-s6
P1283,P1334,1,0,1,0,3,7,1,0,2009-s6
P1096,P1283,1,0,1,0,4,6,1,0,2009-s6
P1283,P1381,1,1,0,0,8,2,1,0,2009-s6
P1158,P1334,1,0,1,0,0,10,1,0,2009-s6
P1096,P1158,2,1,1,0,12,8,2,0,2011-s5
P1158,P1381,2,1,1,0,8,12,2,0,2011-s1
P1311,P1334,1,0,1,0,1,9,1,0,2009-s6
P1096,P1311,1,1,0,0,7,3,1,0,2009-s6
P1311,P1381,1,0,0,1,5,5,1,0,2009-s6
P1096,P1334,2,0,1,1,7,13,2,0,2010-s3
P1096,P1381,3,1,2,0,11,19,3,0,2010-s3
P1075,P1251,1,0,1,0,2,8,1,0,2009-s6
P0969,P1075,2,1,1,0,6,14,2,0,2011-s4
P1075,P1377,1,1,0,0,10,0,1,0,2009-s6
P0948,P1075,1,0,1,0,2,8,1,0,2009-s6
P1075,P1212,1,1,0,0,6,4,1,0,2009-s6
P0969,P1251,3,1,2,0,19,19,1,2,2012-s4
P1251,P1377,1,1,0,0,7,3,1,0,2009-s6
P0948,P1251,1,0,1,0,4,6,1,0,2009-s6
P1212,P1251,1,0,1,0,4,6,1,0,2009-s6
P1180,P1377,1,1,0,0,6,4,1,0,2009-s6
P1180,P1212,1,1,0,0,9,1,1,0,2009-s6
P0969,P1377,1,1,0,0,8,2,1,0,2009-s6
P0948,P0969,1,0,1,0,2,8,1,0,2009-s6
P0948,P1377,1,1,0,0,7,3,1,0,2009-s6
P1212,P1377,1,0,1,0,3,7,1,0,2009-s6
P0948,P1212,1,1,0,0,7,3,1,0,2009-s6
P0051,P1325,1,1,0,0,10,0,1,0,2009-s6
P1325,P1390,1,0,0,1,5,5,1,0,2009-s6
P0753,P1325,1,0,0,1,5,5,1,0,2009-s6
P0658,P1325,1,1,0,0,10,0,1,0,2009-s6
P1088,P1325,1,1,0,0,10,0,1,0,2009-s6
P1063,P1325,1,1,0,0,6,4,1,0,2009-s6
P0051,P1390,1,1,0,0,6,4,1,0,2009-s6
P0051,P0658,1,0,1,0,0,10,1,0,2009-s6
P0051,P1088,1,0,1,0,4,6,1,0,2009-s6
P0658,P1390,1,1,0,0,7,3,1,0,2009-s6
P1088,P1390,1,0,0,1,5,5,1,0,2009-s6
P0658,P0753,1,1,0,0,10,0,1,0,2009-s6
P0753,P1088,1,0,1,0,1,9,1,0,2009-s6
P0658,P1063,1,1,0,0,6,4,1,0,2009-s6
P1063,P1088,1,0,1,0,4,6,1,0,2009-s6
P0662,P1233,1,1,0,0,7,3,1,0,2009-s6
P0662,P1348,1,0,1,0,0,10,1,0,2009-s6
P0984,P1263,1,1,0,0,6,4,1,0,2009-s6
P1263,P1380,1,0,1,0,0,10,1,0,2009-s6
P1263,P1348,1,0,1,0,0,10,1,0,2009-s6
P0984,P1380,1,1,0,0,6,4,1,0,2009-s6
P0984,P1233,1,1,0,0,7,3,1,0,2009-s6
P0984,P1348,1,0,1,0,0,10,1,0,2009-s6
P0273,P1380,1,0,1,0,1,9,1,0,2009-s6
P1233,P1380,1,1,0,0,8,2,1,0,2009-s6
P1348,P1380,1,0,1,0,4,6,1,0,2009-s6
P0273,P1348,1,1,0,0,7,3,1,0,2009-s6
P1233,P1348,1,1,0,0,6,4,1,0,2009-s6
P1032,P1097,1,0,1,0,3,7,1,0,2009-s6
P1032,P1203,1,1,0,0,6,4,1,0,2009-s6
P1032,P1277,1,0,1,0,4,6,1,0,2009-s6
P1032,P1200,1,0,1,0,2,8,1,0,2009-s6
P1032,P1264,1,0,1,0,3,7,1,0,2009-s6
P1097,P1203,1,1,0,0,7,3,1,0,2009-s6
P1097,P1277,1,0,1,0,4,6,1,0,2009-s6
P1097,P1200,1,1,0,0,7,3,1,0,2009-s6
P1097,P1264,1,0,1,0,3,7,1,0,2009-s6
P0447,P1097,1,0,1,0,3,7,1,0,2009-s6
P1203,P1277,1,0,1,0,0,10,1,0,2009-s6
P1200,P1203,1,0,1,0,4,6,1,0,2009-s6
P1203,P1264,1,0,0,1,5,5,1,0,2009-s6
P0447,P1203,1,1,0,0,6,4,1,0,2009-s6
P1200,P1277,1,1,0,0,7,3,1,0,2009-s6
P1264,P1277,1,0,1,0,3,7,1,0,2009-s6
P0447,P1277,1,0,1,0,3,7,1,0,2009-s6
P1200,P1264,1,0,0,1,5,5,1,0,2009-s6
P0447,P1200,1,0,1,0,4,6,1,0,2009-s6
P0447,P1264,1,0,1,0,4,6,1,0,2009-s6
P1254,P1387,1,1,0,0,10,0,1,0,2009-s6
P1246,P1387,1,1,0,0,9,1,1,0,2009-s6
P1328,P1387,1,1,0,0,8,2,1,0,2009-s6
P0296,P1387,1,1,0,0,7,3,1,0,2009-s6
P1286,P1387,1,1,0,0,9,1,1,0,2009-s6
P1246,P1254,1,1,0,0,10,0,1,0,2009-s6
P1254,P1328,1,0,1,0,0,10,1,0,2009-s6
P0296,P1254,1,1,0,0,6,4,1,0,2009-s6
P1254,P1286,1,0,1,0,1,9,1,0,2009-s6
P1246,P1314,1,0,1,0,3,7,1,0,2009-s6
P1246,P1328,1,1,0,0,7,3,1,0,2009-s6
P0296,P1246,1,0,1,0,3,7,1,0,2009-s6
P1246,P1286,1,1,0,0,6,4,1,0,2009-s6
P0296,P1314,1,1,0,0,8,2,1,0,2009-s6
P1286,P1314,1,1,0,0,8,2,1,0,2009-s6
P0296,P1328,1,1,0,0,6,4,1,0,2009-s6
P1286,P1328,1,0,0,1,5,5,1,0,2009-s6
P0296,P1286,1,0,0,1,5,5,1,0,2009-s6
P0217,P1218,1,1,0,0,10,0,1,0,2009-s6
P1218,P1239,1,0,1,0,4,6,1,0,2009-s6
P1218,P1309,1,0,1,0,0,10,1,0,2009-s6
P1218,P1342,1,0,1,0,2,8,1,0,2009-s6
P1218,P1262,1,0,1,0,4,6,1,0,2009-s6
P1218,P1371,1,0,1,0,4,6,1,0,2009-s6
P0217,P1239,1,1,0,0,6,4,1,0,2009-s6
P0217,P1309,1,0,1,0,4,6,1,0,2009-s6
P0217,P1342,1,0,1,0,4,6,1,0,2009-s6
P0217,P1262,1,0,1,0,4,6,1,0,2009-s6
P1239,P1309,1,1,0,0,6,4,1,0,2009-s6
P1239,P1342,1,1,0,0,9,1,1,0,2009-s6
P1239,P1262,1,1,0,0,9,1,1,0,2009-s6
P1239,P1371,1,1,0,0,8,2,1,0,2009-s6
P1309,P1342,1,0,1,0,4,6,1,0,2009-s6
P1262,P1309,1,0,1,0,4,6,1,0,2009-s6
P1262,P1342,1,1,0,0,6,4,1,0,2009-s6
P1342,P1371,1,0,1,0,4,6,1,0,2009-s6
P1262,P1371,1,1,0,0,6,4,1,0,2009-s6
P0359,P1106,1,0,1,0,0,10,1,0,2009-s6
P0359,P1199,1,0,1,0,3,7,1,0,2009-s6
P0359,P1313,1,0,1,0,4,6,1,0,2009-s6
P0359,P1321,1,0,1,0,2,8,1,0,2009-s6
P0359,P1228,1,0,1,0,4,6,1,0,2009-s6
P1106,P1199,1,1,0,0,6,4,1,0,2009-s6
P0841,P1106,1,0,1,0,0,10,1,0,2009-s6
P1106,P1313,1,1,0,0,10,0,1,0,2009-s6
P1106,P1321,1,0,0,1,5,5,1,0,2009-s6
P1106,P1228,1,0,0,1,5,5,1,0,2009-s6
P0841,P1199,2,1,1,0,9,11,2,0,2010-s1
P1199,P1313,1,1,0,0,6,4,1,0,2009-s6
P1199,P1321,1,1,0,0,7,3,1,0,2009-s6
P1199,P1228,1,0,1,0,4,6,1,0,2009-s6
P0841,P1321,1,0,1,0,4,6,1,0,2009-s6
P0841,P1228,1,0,0,1,5,5,1,0,2009-s6
P1313,P1321,1,0,1,0,3,7,1,0,2009-s6
P1228,P1313,1,1,0,0,7,3,1,0,2009-s6
P1228,P1321,1,0,1,0,4,6,1,0,2009-s6
P1248,P1250,1,0,1,0,3,7,1,0,2009-s6
P1095,P1250,1,0,1,0,3,7,1,0,2009-s6
P1250,P1363,1,0,1,0,4,6,1,0,2009-s6
P0248,P1250,1,1,0,0,6,4,1,0,2009-s6
P1250,P1367,1,1,0,0,10,0,1,0,2009-s6
P1248,P1363,1,1,0,0,6,4,1,0,2009-s6
P0248,P1248,1,1,0,0,8,2,1,0,2009-s6
P1248,P1356,1,0,1,0,2,8,1,0,2009-s6
P1248,P1367,1,1,0,0,10,0,1,0,2009-s6
P1095,P1363,1,1,0,0,6,4,1,0,2009-s6
P0248,P1095,1,1,0,0,7,3,1,0,2009-s6
P1095,P1367,1,1,0,0,10,0,1,0,2009-s6
P0248,P1363,1,1,0,0,7,3,1,0,2009-s6
P1363,P1367,1,1,0,0,10,0,1,0,2009-s6
P0248,P1356,1,1,0,0,10,0,1,0,2009-s6
P0248,P1367,1,1,0,0,8,2,1,0,2009-s6
P1356,P1367,1,1,0,0,10,0,1,0,2009-s6
P0658,P1388,1,1,0,0,6,4,1,0,2010-s1
P0658,P1545,1,1,0,0,9,1,1,0,2010-s1
P0658,P1262,1,1,0,0,6,4,1,0,2010-s1
P0658,P1340,1,0,1,0,2,8,1,0,2010-s1
P0658,P1074,1,1,0,0,6,4,1,0,2010-s1
P1057,P1340,1,0,1,0,4,6,1,0,2010-s1
P1262,P1545,1,0,1,0,4,6,1,0,2010-s1
P1340,P1545,1,0,1,0,4,6,1,0,2010-s1
P1262,P1340,1,0,1,0,1,9,1,0,2010-s1
P1074,P1340,1,0,1,0,3,7,1,0,2010-s1
P1054,P1286,1,1,0,0,6,4,1,0,2010-s1
P1054,P1425,1,0,1,0,3,7,1,0,2010-s1
P0754,P1054,1,1,0,0,6,4,1,0,2010-s1
P1054,P1233,1,0,0,1,5,5,1,0,2010-s1
P0140,P1054,2,1,1,0,7,13,2,0,2010-s4
P1054,P1496,1,0,1,0,4,6,1,0,2010-s1
P1286,P1425,2,2,0,0,12,8,2,0,2011-s3
P0754,P1425,2,0,2,0,7,13,2,0,2011-s4
P1233,P1425,1,1,0,0,6,4,1,0,2010-s1
P0140,P1425,1,0,1,0,3,7,1,0,2010-s1
P1425,P1496,1,0,1,0,3,7,1,0,2010-s1
P0140,P0754,1,1,0,0,6,4,1,0,2010-s1
P0140,P1233,1,1,0,0,8,2,1,0,2010-s1
P0140,P1496,1,1,0,0,8,2,1,0,2010-s1
P1405,P1429,1,0,1,0,4,6,1,0,2010-s1
P1215,P1405,1,1,0,0,6,4,1,0,2010-s1
P0024,P1429,1,0,0,1,5,5,1,0,2010-s1
P0024,P1215,1,1,0,0,6,4,1,0,2010-s1
P0029,P1429,1,1,0,0,9,1,1,0,2010-s1
P1215,P1429,1,1,0,0,7,3,1,0,2010-s1
P1429,P1481,1,0,1,0,4,6,1,0,2010-s1
P0029,P1215,1,0,0,1,5,5,1,0,2010-s1
P0029,P1481,1,0,1,0,4,6,1,0,2010-s1
P1215,P1481,1,1,0,0,6,4,1,0,2010-s1
P1278,P1450,1,0,1,0,0,10,1,0,2010-s1
P1249,P1278,2,2,0,0,16,4,2,0,2012-s4
P1450,P1554,1,1,0,0,6,4,1,0,2010-s1
P0294,P1554,1,1,0,0,7,3,1,0,2010-s1
P1249,P1554,1,1,0,0,10,0,1,0,2010-s1
P0294,P1450,1,0,1,0,4,6,1,0,2010-s1
P1249,P1450,1,1,0,0,7,3,1,0,2010-s1
P1051,P1075,1,0,1,0,4,6,1,0,2010-s1
P0294,P1249,1,0,1,0,4,6,1,0,2010-s1
P0294,P1075,1,0,0,1,5,5,1,0,2010-s1
P1075,P1249,1,1,0,0,6,4,1,0,2010-s1
P1381,P1426,1,0,1,0,2,8,1,0,2010-s1
P1381,P1539,1,0,1,0,2,8,1,0,2010-s1
P1381,P1514,1,0,1,0,1,9,1,0,2010-s1
P1381,P1453,1,0,1,0,3,7,1,0,2010-s1
P1063,P1381,3,3,0,0,22,8,3,0,2012-s2
P1426,P1453,1,1,0,0,7,3,1,0,2010-s1
P1063,P1426,1,0,1,0,4,6,1,0,2010-s1
P1096,P1426,1,1,0,0,7,3,1,0,2010-s1
P1514,P1539,1,0,1,0,4,6,1,0,2010-s1
P1063,P1539,1,1,0,0,7,3,1,0,2010-s1
P1063,P1514,1,0,1,0,4,6,1,0,2010-s1
P1096,P1514,1,0,1,0,4,6,1,0,2010-s1
P1063,P1453,1,1,0,0,6,4,1,0,2010-s1
P1063,P1096,1,1,0,0,8,2,1,0,2010-s1
P1097,P1513,1,0,1,0,3,7,1,0,2010-s1
P1441,P1513,1,1,0,0,7,3,1,0,2010-s1
P0672,P1513,1,1,0,0,6,4,1,0,2010-s1
P1380,P1513,1,1,0,0,10,0,1,0,2010-s1
P1097,P1441,1,0,1,0,4,6,1,0,2010-s1
P0672,P1097,1,1,0,0,9,1,1,0,2010-s1
P1097,P1380,1,0,1,0,2,8,1,0,2010-s1
P1097,P1512,1,1,0,0,10,0,1,0,2010-s1
P0617,P1441,1,0,1,0,4,6,1,0,2010-s1
P1380,P1441,1,0,0,1,5,5,1,0,2010-s1
P1441,P1512,1,1,0,0,10,0,1,0,2010-s1
P0617,P1380,1,1,0,0,6,4,1,0,2010-s1
P0672,P1380,1,1,0,0,7,3,1,0,2010-s1
P0672,P1512,1,1,0,0,9,1,1,0,2010-s1
P1380,P1512,1,1,0,0,7,3,1,0,2010-s1
P1088,P1530,1,0,1,0,4,6,1,0,2010-s1
P0196,P1088,1,0,0,1,5,5,1,0,2010-s1
P1088,P1521,1,0,1,0,4,6,1,0,2010-s1
P1088,P1524,1,1,0,0,6,4,1,0,2010-s1
P0196,P1530,1,0,1,0,2,8,1,0,2010-s1
P1491,P1530,1,0,1,0,4,6,1,0,2010-s1
P1508,P1530,1,1,0,0,6,4,1,0,2010-s1
P1521,P1530,1,1,0,0,6,4,1,0,2010-s1
P1524,P1530,1,0,1,0,3,7,1,0,2010-s1
P0196,P1521,1,0,1,0,4,6,1,0,2010-s1
P0196,P1524,1,1,0,0,8,2,1,0,2010-s1
P1491,P1508,1,1,0,0,7,3,1,0,2010-s1
P1491,P1521,1,0,1,0,4,6,1,0,2010-s1
P1508,P1521,1,1,0,0,6,4,1,0,2010-s1
P1508,P1524,1,0,1,0,4,6,1,0,2010-s1
P1521,P1524,1,1,0,0,6,4,1,0,2010-s1
P0853,P1334,1,0,0,1,5,5,1,0,2010-s1
P0969,P1334,1,0,1,0,4,6,1,0,2010-s1
P0368,P1334,1,1,0,0,6,4,1,0,2010-s1
P0853,P1300,1,0,1,0,4,6,1,0,2010-s1
P0853,P0969,1,1,0,0,7,3,1,0,2010-s1
P0368,P0853,1,0,1,0,3,7,1,0,2010-s1
P0951,P1300,1,0,1,0,4,6,1,0,2010-s1
P0368,P0951,1,1,0,0,6,4,1,0,2010-s1
P0969,P1300,2,2,0,0,16,4,2,0,2010-s4
P0245,P1300,1,0,1,0,4,6,1,0,2010-s1
P0368,P1300,2,1,1,0,9,11,2,0,2010-s3
P0368,P0969,3,1,2,0,18,20,1,2,2012-s4
P1328,P1422,1,1,0,0,7,3,1,0,2010-s1
P0344,P1422,1,1,0,0,6,4,1,0,2010-s1
P1328,P1486,1,1,0,0,7,3,1,0,2010-s1
P1479,P1486,1,1,0,0,7,3,1,0,2010-s1
P1328,P1427,1,1,0,0,6,4,1,0,2010-s1
P0217,P1561,1,0,1,0,2,8,1,0,2010-s1
P0205,P0217,1,1,0,0,6,4,1,0,2010-s1
P1199,P1420,1,0,1,0,4,6,1,0,2010-s1
P0205,P1420,1,0,0,1,5,5,1,0,2010-s1
P1182,P1525,1,1,0,0,6,4,1,0,2010-s1
P1182,P1218,1,0,1,0,4,6,1,0,2010-s1
P0064,P1182,1,0,1,0,4,6,1,0,2010-s1
P1218,P1525,1,0,1,0,4,6,1,0,2010-s1
P0064,P1525,1,1,0,0,8,2,1,0,2010-s1
P0064,P1218,1,1,0,0,6,4,1,0,2010-s1
P1201,P1218,1,0,1,0,3,7,1,0,2010-s1
P1416,P1506,1,0,1,0,3,7,1,0,2010-s1
P1416,P1469,1,1,0,0,10,0,1,0,2010-s1
P1392,P1416,1,0,0,1,5,5,1,0,2010-s1
P1313,P1416,1,0,1,0,3,7,1,0,2010-s1
P1414,P1416,1,1,0,0,8,2,1,0,2010-s1
P1264,P1506,1,0,1,0,2,8,1,0,2010-s1
P1264,P1469,1,1,0,0,10,0,1,0,2010-s1
P1264,P1392,1,1,0,0,6,4,1,0,2010-s1
P1264,P1313,1,0,1,0,3,7,1,0,2010-s1
P1264,P1414,1,0,0,1,5,5,1,0,2010-s1
P1469,P1506,1,0,1,0,0,10,1,0,2010-s1
P1392,P1506,1,1,0,0,6,4,1,0,2010-s1
P1313,P1506,1,0,1,0,4,6,1,0,2010-s1
P1414,P1506,1,1,0,0,6,4,1,0,2010-s1
P1392,P1469,1,1,0,0,10,0,1,0,2010-s1
P1313,P1469,1,1,0,0,10,0,1,0,2010-s1
P1414,P1469,1,1,0,0,10,0,1,0,2010-s1
P1313,P1392,1,0,1,0,3,7,1,0,2010-s1
P1392,P1414,1,0,0,1,5,5,1,0,2010-s1
P1334,P1425,1,1,0,0,6,4,1,0,2010-s2
P1334,P1553,1,1,0,0,6,4,1,0,2010-s2
P1334,P1424,1,1,0,0,7,3,1,0,2010-s2
P0101,P1334,1,0,1,0,3,7,1,0,2010-s2
P1334,P1554,1,1,0,0,9,1,1,0,2010-s2
P1334,P1499,1,1,0,0,7,3,1,0,2010-s2
P1425,P1553,1,1,0,0,6,4,1,0,2010-s2
P1424,P1425,1,0,1,0,0,10,1,0,2010-s2
P0101,P1425,1,1,0,0,7,3,1,0,2010-s2
P1425,P1554,1,1,0,0,10,0,1,0,2010-s2
P1425,P1499,1,1,0,0,6,4,1,0,2010-s2
P0101,P1553,1,1,0,0,6,4,1,0,2010-s2
P1553,P1554,1,0,1,0,0,10,1,0,2010-s2
P0101,P1424,1,1,0,0,10,0,1,0,2010-s2
P1424,P1554,1,0,1,0,0,10,1,0,2010-s2
P1424,P1499,1,0,1,0,0,10,1,0,2010-s2
P0101,P1554,1,1,0,0,7,3,1,0,2010-s2
P0101,P1499,1,1,0,0,9,1,1,0,2010-s2
P1499,P1554,1,0,1,0,1,9,1,0,2010-s2
P1148,P1408,1,0,1,0,4,6,1,0,2010-s2
P1215,P1408,1,0,0,1,5,5,1,0,2010-s2
P1408,P1413,1,1,0,0,7,3,1,0,2010-s2
P1408,P1411,1,1,0,0,10,0,1,0,2010-s2
P1408,P1528,1,1,0,0,7,3,1,0,2010-s2
P1408,P1420,1,1,0,0,6,4,1,0,2010-s2
P1148,P1215,1,1,0,0,8,2,1,0,2010-s2
P1148,P1413,1,1,0,0,10,0,1,0,2010-s2
P1148,P1411,1,1,0,0,6,4,1,0,2010-s2
P1148,P1528,1,0,0,1,5,5,1,0,2010-s2
P1148,P1420,1,1,0,0,10,0,1,0,2010-s2
P1215,P1413,1,1,0,0,6,4,1,0,2010-s2
P1215,P1411,1,0,1,0,0,10,1,0,2010-s2
P1215,P1528,1,0,1,0,1,9,1,0,2010-s2
P1215,P1420,2,1,0,1,12,8,2,0,2010-s3
P1413,P1420,1,0,1,0,0,10,1,0,2010-s2
P1411,P1528,2,0,2,0,8,12,2,0,2010-s3
P1411,P1420,1,0,1,0,0,10,1,0,2010-s2
P1420,P1528,1,1,0,0,7,3,1,0,2010-s2
P0584,P1459,1,0,1,0,4,6,1,0,2010-s2
P1381,P1459,1,0,1,0,1,9,1,0,2010-s2
P1436,P1459,1,0,1,0,3,7,1,0,2010-s2
P0988,P1459,1,0,1,0,4,6,1,0,2010-s2
P1417,P1459,1,0,1,0,3,7,1,0,2010-s2
P0584,P0988,1,0,0,1,5,5,1,0,2010-s2
P1436,P1566,1,1,0,0,7,3,1,0,2010-s2
P0988,P1566,1,1,0,0,10,0,1,0,2010-s2
P1381,P1436,1,0,0,1,5,5,1,0,2010-s2
P0988,P1381,1,1,0,0,7,3,1,0,2010-s2
P1381,P1417,1,1,0,0,6,4,1,0,2010-s2
P0988,P1436,1,1,0,0,6,4,1,0,2010-s2
P1417,P1436,1,1,0,0,6,4,1,0,2010-s2
P0140,P1380,1,1,0,0,6,4,1,0,2010-s2
P0140,P1340,1,0,0,1,5,5,1,0,2010-s2
P0140,P1096,1,1,0,0,9,1,1,0,2010-s2
P0140,P1526,1,1,0,0,7,3,1,0,2010-s2
P0090,P0140,1,0,1,0,4,6,1,0,2010-s2
P1340,P1380,1,1,0,0,6,4,1,0,2010-s2
P1096,P1380,1,0,1,0,3,7,1,0,2010-s2
P1380,P1526,1,1,0,0,6,4,1,0,2010-s2
P0090,P1380,1,0,1,0,3,7,1,0,2010-s2
P1380,P1548,1,0,1,0,4,6,1,0,2010-s2
P1096,P1340,1,1,0,0,6,4,1,0,2010-s2
P1340,P1526,1,0,0,1,5,5,1,0,2010-s2
P0090,P1340,1,0,1,0,3,7,1,0,2010-s2
P1340,P1548,1,1,0,0,6,4,1,0,2010-s2
P0090,P1096,1,1,0,0,7,3,1,0,2010-s2
P1096,P1548,1,1,0,0,6,4,1,0,2010-s2
P0090,P1526,1,0,1,0,3,7,1,0,2010-s2
P1526,P1548,1,0,1,0,4,6,1,0,2010-s2
P0090,P1548,1,1,0,0,8,2,1,0,2010-s2
P1093,P1434,1,0,1,0,0,10,1,0,2010-s2
P1397,P1434,1,1,0,0,6,4,1,0,2010-s2
P1434,P1451,1,1,0,0,6,4,1,0,2010-s2
P1088,P1434,1,0,1,0,3,7,1,0,2010-s2
P1434,P1559,1,1,0,0,8,2,1,0,2010-s2
P1434,P1454,1,1,0,0,7,3,1,0,2010-s2
P1093,P1397,1,0,1,0,0,10,1,0,2010-s2
P1093,P1451,1,0,1,0,0,10,1,0,2010-s2
P1088,P1093,1,1,0,0,10,0,1,0,2010-s2
P1093,P1559,1,0,1,0,4,6,1,0,2010-s2
P1397,P1451,1,0,1,0,4,6,1,0,2010-s2
P1088,P1397,1,1,0,0,6,4,1,0,2010-s2
P1397,P1559,1,1,0,0,10,0,1,0,2010-s2
P1397,P1454,1,1,0,0,10,0,1,0,2010-s2
P1088,P1451,1,0,1,0,4,6,1,0,2010-s2
P1451,P1559,1,0,1,0,0,10,1,0,2010-s2
P1451,P1454,1,1,0,0,10,0,1,0,2010-s2
P1088,P1559,1,1,0,0,10,0,1,0,2010-s2
P1088,P1454,1,1,0,0,10,0,1,0,2010-s2
P1454,P1559,1,0,1,0,0,10,1,0,2010-s2
P0010,P1441,1,0,1,0,1,9,1,0,2010-s2
P0951,P1441,3,0,2,1,12,18,3,0,2011-s5
P1441,P1543,1,1,0,0,8,2,1,0,2010-s2
P1429,P1441,1,0,1,0,3,7,1,0,2010-s2
P1369,P1441,1,0,1,0,0,10,1,0,2010-s2
P1441,P1536,1,1,0,0,8,2,1,0,2010-s2
P0010,P0951,2,1,1,0,9,11,2,0,2010-s3
P0010,P1543,1,1,0,0,9,1,1,0,2010-s2
P0010,P1429,1,1,0,0,7,3,1,0,2010-s2
P0010,P1536,1,1,0,0,6,4,1,0,2010-s2
P0951,P1543,1,1,0,0,8,2,1,0,2010-s2
P0951,P1429,1,1,0,0,6,4,1,0,2010-s2
P0951,P1369,2,0,0,2,10,10,2,0,2010-s4
P0951,P1536,1,1,0,0,8,2,1,0,2010-s2
P1429,P1543,1,0,0,1,5,5,1,0,2010-s2
P1369,P1543,1,1,0,0,7,3,1,0,2010-s2
P1536,P1543,1,0,0,1,5,5,1,0,2010-s2
P1369,P1429,1,1,0,0,9,1,1,0,2010-s2
P1429,P1536,1,0,0,1,5,5,1,0,2010-s2
P1369,P1536,1,1,0,0,8,2,1,0,2010-s2
P1318,P1497,1,1,0,0,7,3,1,0,2010-s2
P1075,P1497,1,0,1,0,4,6,1,0,2010-s2
P0757,P1497,1,0,1,0,0,10,1,0,2010-s2
P1497,P1533,1,1,0,0,10,0,1,0,2010-s2
P0757,P1318,1,0,1,0,4,6,1,0,2010-s2
P1318,P1533,1,1,0,0,9,1,1,0,2010-s2
P1286,P1318,1,0,1,0,4,6,1,0,2010-s2
P0757,P1075,1,1,0,0,6,4,1,0,2010-s2
P1075,P1533,1,1,0,0,10,0,1,0,2010-s2
P1075,P1540,1,1,0,0,7,3,1,0,2010-s2
P0757,P1533,1,1,0,0,10,0,1,0,2010-s2
P0757,P1540,1,1,0,0,6,4,1,0,2010-s2
P0757,P1286,1,1,0,0,6,4,1,0,2010-s2
P1533,P1540,1,0,1,0,0,10,1,0,2010-s2
P1286,P1533,1,1,0,0,10,0,1,0,2010-s2
P1286,P1540,1,1,0,0,8,2,1,0,2010-s2
P1014,P1300,1,1,0,0,7,3,1,0,2010-s2
P1014,P1063,1,1,0,0,8,2,1,0,2010-s2
P1014,P1022,1,0,1,0,4,6,1,0,2010-s2
P1014,P1487,1,1,0,0,10,0,1,0,2010-s2
P1063,P1300,1,0,1,0,4,6,1,0,2010-s2
P1022,P1300,1,1,0,0,6,4,1,0,2010-s2
P1300,P1466,1,1,0,0,10,0,1,0,2010-s2
P1300,P1487,1,1,0,0,6,4,1,0,2010-s2
P1022,P1063,2,0,2,0,7,13,2,0,2011-s4
P1063,P1466,1,0,1,0,4,6,1,0,2010-s2
P1063,P1487,1,1,0,0,6,4,1,0,2010-s2
P1022,P1487,1,1,0,0,9,1,1,0,2010-s2
P0073,P1466,1,1,0,0,10,0,1,0,2010-s2
P1466,P1487,1,0,0,1,5,5,1,0,2010-s2
P0073,P1487,1,1,0,0,8,2,1,0,2010-s2
P1482,P1485,1,1,0,0,10,0,1,0,2010-s2
P1485,P1544,1,1,0,0,7,3,1,0,2010-s2
P1485,P1549,1,1,0,0,6,4,1,0,2010-s2
P1485,P1516,1,1,0,0,6,4,1,0,2010-s2
P1482,P1544,1,1,0,0,6,4,1,0,2010-s2
P1482,P1549,1,0,1,0,4,6,1,0,2010-s2
P1199,P1482,1,0,1,0,3,7,1,0,2010-s2
P1419,P1482,2,1,1,0,14,6,2,0,2010-s3
P1482,P1516,1,0,1,0,3,7,1,0,2010-s2
P1544,P1549,1,0,1,0,0,10,1,0,2010-s2
P1199,P1544,1,1,0,0,7,3,1,0,2010-s2
P1419,P1544,1,1,0,0,6,4,1,0,2010-s2
P1516,P1544,1,1,0,0,6,4,1,0,2010-s2
P1199,P1549,1,0,1,0,4,6,1,0,2010-s2
P1419,P1549,1,1,0,0,7,3,1,0,2010-s2
P1516,P1549,1,1,0,0,7,3,1,0,2010-s2
P1199,P1419,1,0,1,0,3,7,1,0,2010-s2
P1199,P1516,2,1,1,0,10,10,2,0,2011-s1
P1419,P1516,1,1,0,0,7,3,1,0,2010-s2
P1113,P1138,1,0,1,0,3,7,1,0,2010-s2
P1138,P1416,1,1,0,0,6,4,1,0,2010-s2
P1138,P1400,1,0,1,0,4,6,1,0,2010-s2
P1138,P1510,1,1,0,0,9,1,1,0,2010-s2
P1138,P1432,1,0,1,0,2,8,1,0,2010-s2
P1138,P1394,1,1,0,0,8,2,1,0,2010-s2
P1113,P1416,1,1,0,0,6,4,1,0,2010-s2
P1113,P1510,1,1,0,0,10,0,1,0,2010-s2
P1113,P1432,1,1,0,0,6,4,1,0,2010-s2
P1113,P1394,1,1,0,0,9,1,1,0,2010-s2
P1416,P1510,1,1,0,0,10,0,1,0,2010-s2
P1416,P1432,1,0,1,0,1,9,1,0,2010-s2
P1400,P1510,1,1,0,0,10,0,1,0,2010-s2
P1400,P1432,1,0,1,0,3,7,1,0,2010-s2
P1394,P1400,1,0,1,0,3,7,1,0,2010-s2
P1432,P1510,1,1,0,0,10,0,1,0,2010-s2
P1394,P1510,1,1,0,0,10,0,1,0,2010-s2
P1394,P1432,1,0,1,0,4,6,1,0,2010-s2
P1449,P1474,1,0,1,0,4,6,1,0,2010-s2
P1418,P1474,1,1,0,0,6,4,1,0,2010-s2
P1455,P1474,1,0,1,0,3,7,1,0,2010-s2
P1398,P1474,1,1,0,0,6,4,1,0,2010-s2
P1474,P1495,1,1,0,0,10,0,1,0,2010-s2
P1398,P1449,1,1,0,0,7,3,1,0,2010-s2
P1449,P1495,1,0,1,0,2,8,1,0,2010-s2
P1418,P1483,1,0,1,0,4,6,1,0,2010-s2
P1398,P1418,1,1,0,0,7,3,1,0,2010-s2
P1418,P1495,1,0,1,0,4,6,1,0,2010-s2
P1455,P1483,1,0,1,0,4,6,1,0,2010-s2
P1398,P1483,1,0,1,0,3,7,1,0,2010-s2
P1483,P1495,1,1,0,0,9,1,1,0,2010-s2
P1398,P1455,1,1,0,0,8,2,1,0,2010-s2
P1455,P1495,1,0,1,0,3,7,1,0,2010-s2
P1398,P1495,1,0,0,1,5,5,1,0,2010-s2
P1447,P1460,1,1,0,0,6,4,1,0,2010-s2
P1321,P1460,1,0,1,0,4,6,1,0,2010-s2
P1442,P1460,1,0,1,0,0,10,1,0,2010-s2
P0928,P1460,1,0,1,0,4,6,1,0,2010-s2
P1435,P1460,1,0,1,0,4,6,1,0,2010-s2
P1460,P1463,1,1,0,0,8,2,1,0,2010-s2
P1321,P1447,1,1,0,0,6,4,1,0,2010-s2
P1442,P1447,1,0,1,0,0,10,1,0,2010-s2
P0928,P1447,1,1,0,0,7,3,1,0,2010-s2
P1435,P1447,1,0,1,0,1,9,1,0,2010-s2
P1447,P1463,1,1,0,0,6,4,1,0,2010-s2
P1321,P1442,1,1,0,0,10,0,1,0,2010-s2
P1321,P1435,1,1,0,0,6,4,1,0,2010-s2
P1321,P1463,1,0,1,0,2,8,1,0,2010-s2
P0928,P1442,1,1,0,0,10,0,1,0,2010-s2
P1435,P1442,1,1,0,0,8,2,1,0,2010-s2
P1442,P1463,1,0,1,0,0,10,1,0,2010-s2
P0928,P1435,1,0,1,0,4,6,1,0,2010-s2
P0928,P1463,1,0,1,0,0,10,1,0,2010-s2
P1435,P1463,1,1,0,0,6,4,1,0,2010-s2
P1346,P1478,1,0,1,0,4,6,1,0,2010-s2
P0282,P1346,1,0,0,1,5,5,1,0,2010-s2
P1346,P1506,1,0,1,0,3,7,1,0,2010-s2
P1346,P1443,1,1,0,0,10,0,1,0,2010-s2
P1204,P1478,1,0,1,0,1,9,1,0,2010-s2
P0282,P1204,1,0,0,1,5,5,1,0,2010-s2
P1204,P1535,1,0,1,0,2,8,1,0,2010-s2
P1204,P1506,1,1,0,0,6,4,1,0,2010-s2
P1204,P1443,1,1,0,0,10,0,1,0,2010-s2
P0282,P1478,1,0,1,0,3,7,1,0,2010-s2
P1478,P1535,1,0,0,1,5,5,1,0,2010-s2
P1478,P1506,1,0,1,0,4,6,1,0,2010-s2
P1443,P1478,1,0,1,0,0,10,1,0,2010-s2
P0282,P1535,1,0,1,0,3,7,1,0,2010-s2
P0282,P1506,1,0,0,1,5,5,1,0,2010-s2
P0282,P1443,1,1,0,0,10,0,1,0,2010-s2
P1506,P1535,1,0,0,1,5,5,1,0,2010-s2
P1443,P1535,1,0,0,1,5,5,1,0,2010-s2
P1443,P1506,1,0,1,0,0,10,1,0,2010-s2
P0368,P1411,1,1,0,0,9,1,1,0,2010-s3
P0368,P1498,1,0,1,0,4,6,1,0,2010-s3
P0368,P1528,1,0,1,0,4,6,1,0,2010-s3
P0368,P1425,1,0,1,0,3,7,1,0,2010-s3
P0368,P1312,1,0,1,0,4,6,1,0,2010-s3
P1300,P1411,1,1,0,0,10,0,1,0,2010-s3
P1411,P1498,1,0,1,0,4,6,1,0,2010-s3
P1411,P1425,1,0,1,0,3,7,1,0,2010-s3
P1312,P1411,1,1,0,0,8,2,1,0,2010-s3
P1300,P1498,1,1,0,0,6,4,1,0,2010-s3
P1300,P1528,1,1,0,0,6,4,1,0,2010-s3
P1300,P1425,2,1,1,0,10,10,2,0,2010-s4
P1300,P1312,1,0,1,0,4,6,1,0,2010-s3
P1498,P1528,1,0,1,0,4,6,1,0,2010-s3
P1425,P1498,1,0,1,0,4,6,1,0,2010-s3
P1312,P1498,1,0,1,0,4,6,1,0,2010-s3
P1425,P1528,1,0,0,1,5,5,1,0,2010-s3
P1312,P1528,1,0,1,0,2,8,1,0,2010-s3
P1312,P1425,1,0,1,0,4,6,1,0,2010-s3
P1088,P1537,1,0,1,0,0,10,1,0,2010-s3
P1393,P1537,1,1,0,0,6,4,1,0,2010-s3
P1441,P1537,1,1,0,0,10,0,1,0,2010-s3
P1392,P1537,1,1,0,0,7,3,1,0,2010-s3
P1262,P1537,1,1,0,0,9,1,1,0,2010-s3
P1088,P1393,1,0,0,1,5,5,1,0,2010-s3
P1088,P1400,1,0,1,0,0,10,1,0,2010-s3
P1088,P1441,1,1,0,0,9,1,1,0,2010-s3
P1088,P1392,1,1,0,0,7,3,1,0,2010-s3
P1088,P1262,1,0,1,0,3,7,1,0,2010-s3
P1393,P1400,1,1,0,0,10,0,1,0,2010-s3
P1392,P1393,1,0,1,0,2,8,1,0,2010-s3
P1262,P1393,1,1,0,0,6,4,1,0,2010-s3
P1392,P1400,1,0,1,0,4,6,1,0,2010-s3
P1262,P1400,1,1,0,0,9,1,1,0,2010-s3
P1392,P1441,1,0,1,0,4,6,1,0,2010-s3
P1262,P1441,1,0,1,0,2,8,1,0,2010-s3
P1262,P1392,1,0,0,1,5,5,1,0,2010-s3
P1304,P1401,1,1,0,0,10,0,1,0,2010-s3
P0073,P1304,1,0,0,1,5,5,1,0,2010-s3
P1304,P1523,1,1,0,0,8,2,1,0,2010-s3
P1304,P1517,1,1,0,0,6,4,1,0,2010-s3
P0969,P1304,1,0,0,1,5,5,1,0,2010-s3
P1063,P1304,1,1,0,0,6,4,1,0,2010-s3
P0073,P1401,1,1,0,0,10,0,1,0,2010-s3
P1401,P1523,1,0,1,0,4,6,1,0,2010-s3
P1401,P1517,1,0,1,0,4,6,1,0,2010-s3
P0969,P1401,1,1,0,0,10,0,1,0,2010-s3
P1063,P1401,1,0,1,0,4,6,1,0,2010-s3
P0073,P1523,1,1,0,0,6,4,1,0,2010-s3
P0073,P1517,1,1,0,0,6,4,1,0,2010-s3
P0073,P0969,1,1,0,0,6,4,1,0,2010-s3
P1517,P1523,1,1,0,0,10,0,1,0,2010-s3
P0969,P1523,1,1,0,0,10,0,1,0,2010-s3
P1063,P1523,2,2,0,0,16,4,2,0,2012-s4
P0969,P1517,1,1,0,0,6,4,1,0,2010-s3
P1063,P1517,1,0,1,0,2,8,1,0,2010-s3
P0969,P1063,3,2,1,0,17,13,3,0,2012-s3
P1215,P1398,1,0,1,0,3,7,1,0,2010-s3
P0051,P1215,1,0,1,0,3,7,1,0,2010-s3
P1014,P1215,1,0,1,0,4,6,1,0,2010-s3
P1215,P1409,1,0,1,0,2,8,1,0,2010-s3
P1215,P1451,1,0,1,0,0,10,1,0,2010-s3
P0051,P1398,1,0,1,0,4,6,1,0,2010-s3
P1014,P1398,1,1,0,0,7,3,1,0,2010-s3
P1398,P1409,1,0,1,0,3,7,1,0,2010-s3
P1398,P1451,1,0,1,0,3,7,1,0,2010-s3
P1398,P1420,1,1,0,0,10,0,1,0,2010-s3
P0051,P1409,1,0,1,0,4,6,1,0,2010-s3
P0051,P1451,1,0,1,0,4,6,1,0,2010-s3
P0051,P1420,1,1,0,0,10,0,1,0,2010-s3
P1014,P1420,1,1,0,0,10,0,1,0,2010-s3
P1409,P1451,1,1,0,0,6,4,1,0,2010-s3
P1409,P1420,1,1,0,0,10,0,1,0,2010-s3
P1420,P1451,1,0,1,0,0,10,1,0,2010-s3
P1415,P1509,1,0,1,0,4,6,1,0,2010-s3
P0010,P1415,1,0,1,0,3,7,1,0,2010-s3
P0951,P1415,1,0,1,0,2,8,1,0,2010-s3
P1415,P1542,1,1,0,0,6,4,1,0,2010-s3
P1148,P1415,1,1,0,0,6,4,1,0,2010-s3
P1138,P1415,2,1,1,0,8,12,2,0,2011-s1
P0951,P1509,1,1,0,0,8,2,1,0,2010-s3
P1148,P1509,1,1,0,0,6,4,1,0,2010-s3
P0010,P1542,1,0,1,0,4,6,1,0,2010-s3
P0951,P1542,1,1,0,0,7,3,1,0,2010-s3
P1138,P1542,1,1,0,0,10,0,1,0,2010-s3
P1381,P1515,1,0,1,0,3,7,1,0,2010-s3
P0077,P1381,1,0,0,1,5,5,1,0,2010-s3
P1381,P1483,1,0,1,0,4,6,1,0,2010-s3
P1343,P1381,1,0,0,1,5,5,1,0,2010-s3
P1096,P1515,1,0,0,1,5,5,1,0,2010-s3
P0077,P1096,1,0,1,0,0,10,1,0,2010-s3
P1096,P1483,1,1,0,0,6,4,1,0,2010-s3
P1096,P1343,1,1,0,0,6,4,1,0,2010-s3
P0077,P1515,1,0,1,0,0,10,1,0,2010-s3
P1334,P1515,1,0,1,0,3,7,1,0,2010-s3
P1483,P1515,1,1,0,0,6,4,1,0,2010-s3
P1343,P1515,1,0,1,0,0,10,1,0,2010-s3
P0077,P1334,1,0,1,0,0,10,1,0,2010-s3
P0077,P1483,1,0,1,0,0,10,1,0,2010-s3
P0077,P1343,1,0,1,0,0,10,1,0,2010-s3
P1334,P1483,1,1,0,0,8,2,1,0,2010-s3
P1334,P1343,1,1,0,0,9,1,1,0,2010-s3
P1343,P1483,1,0,1,0,4,6,1,0,2010-s3
P1022,P1032,1,1,0,0,7,3,1,0,2010-s3
P1022,P1249,1,1,0,0,9,1,1,0,2010-s3
P1022,P1520,1,1,0,0,6,4,1,0,2010-s3
P1022,P1054,1,1,0,0,10,0,1,0,2010-s3
P1022,P1495,1,1,0,0,10,0,1,0,2010-s3
P0250,P1022,2,1,1,0,12,8,2,0,2010-s4
P1032,P1249,1,0,1,0,4,6,1,0,2010-s3
P1032,P1520,1,0,1,0,3,7,1,0,2010-s3
P1032,P1054,1,1,0,0,6,4,1,0,2010-s3
P1032,P1495,1,1,0,0,10,0,1,0,2010-s3
P0250,P1032,1,1,0,0,6,4,1,0,2010-s3
P1249,P1520,1,1,0,0,6,4,1,0,2010-s3
P1054,P1249,1,0,1,0,2,8,1,0,2010-s3
P1249,P1495,1,1,0,0,10,0,1,0,2010-s3
P0250,P1249,1,0,1,0,4,6,1,0,2010-s3
P1054,P1520,1,0,1,0,4,6,1,0,2010-s3
P1495,P1520,1,0,1,0,0,10,1,0,2010-s3
P0250,P1520,1,0,1,0,4,6,1,0,2010-s3
P1054,P1495,1,1,0,0,6,4,1,0,2010-s3
P0250,P1054,1,1,0,0,6,4,1,0,2010-s3
P0250,P1495,1,1,0,0,10,0,1,0,2010-s3
P1395,P1539,1,0,1,0,2,8,1,0,2010-s3
P1444,P1539,1,0,1,0,2,8,1,0,2010-s3
P0689,P1539,1,1,0,0,6,4,1,0,2010-s3
P1511,P1539,1,0,1,0,4,6,1,0,2010-s3
P1475,P1539,1,1,0,0,6,4,1,0,2010-s3
P0262,P1539,1,1,0,0,7,3,1,0,2010-s3
P1395,P1444,1,0,1,0,0,10,1,0,2010-s3
P0689,P1395,1,1,0,0,9,1,1,0,2010-s3
P1395,P1511,1,0,1,0,3,7,1,0,2010-s3
P1395,P1475,1,0,1,0,4,6,1,0,2010-s3
P0689,P1444,1,1,0,0,9,1,1,0,2010-s3
P1444,P1511,1,0,1,0,1,9,1,0,2010-s3
P1444,P1475,1,1,0,0,6,4,1,0,2010-s3
P0262,P1444,1,1,0,0,7,3,1,0,2010-s3
P0689,P1475,1,1,0,0,6,4,1,0,2010-s3
P1475,P1511,1,0,1,0,3,7,1,0,2010-s3
P0262,P1511,1,1,0,0,7,3,1,0,2010-s3
P0262,P1475,1,0,1,0,4,6,1,0,2010-s3
P1083,P1113,1,0,0,1,5,5,1,0,2010-s3
P1113,P1429,1,1,0,0,7,3,1,0,2010-s3
P1113,P1313,1,1,0,0,7,3,1,0,2010-s3
P1113,P1547,1,1,0,0,8,2,1,0,2010-s3
P1113,P1464,1,1,0,0,7,3,1,0,2010-s3
P1113,P1531,1,0,1,0,4,6,1,0,2010-s3
P1083,P1429,1,1,0,0,6,4,1,0,2010-s3
P1083,P1313,1,1,0,0,9,1,1,0,2010-s3
P1083,P1547,1,1,0,0,6,4,1,0,2010-s3
P1083,P1464,1,1,0,0,10,0,1,0,2010-s3
P1083,P1531,1,0,1,0,1,9,1,0,2010-s3
P1313,P1429,1,0,1,0,3,7,1,0,2010-s3
P1429,P1547,1,1,0,0,8,2,1,0,2010-s3
P1429,P1464,1,1,0,0,6,4,1,0,2010-s3
P1429,P1531,1,0,1,0,4,6,1,0,2010-s3
P1313,P1547,1,1,0,0,10,0,1,0,2010-s3
P1313,P1464,1,0,0,1,5,5,1,0,2010-s3
P1313,P1531,1,1,0,0,8,2,1,0,2010-s3
P1531,P1547,1,1,0,0,7,3,1,0,2010-s3
P1464,P1531,1,1,0,0,8,2,1,0,2010-s3
P0217,P1471,1,0,0,1,5,5,1,0,2010-s3
P0217,P1370,1,1,0,0,7,3,1,0,2010-s3
P0217,P1430,1,1,0,0,6,4,1,0,2010-s3
P0217,P1484,1,0,0,1,5,5,1,0,2010-s3
P0217,P1488,1,1,0,0,10,0,1,0,2010-s3
P0217,P1456,1,0,1,0,3,7,1,0,2010-s3
P1370,P1471,1,0,1,0,4,6,1,0,2010-s3
P1430,P1471,1,0,0,1,5,5,1,0,2010-s3
P1471,P1484,1,0,1,0,2,8,1,0,2010-s3
P1456,P1471,1,1,0,0,8,2,1,0,2010-s3
P1370,P1430,1,0,1,0,0,10,1,0,2010-s3
P1370,P1484,1,0,1,0,0,10,1,0,2010-s3
P1370,P1488,1,0,1,0,0,10,1,0,2010-s3
P1370,P1456,1,0,1,0,0,10,1,0,2010-s3
P1430,P1484,1,0,1,0,4,6,1,0,2010-s3
P1430,P1488,1,1,0,0,10,0,1,0,2010-s3
P1430,P1456,1,0,0,1,5,5,1,0,2010-s3
P1484,P1488,1,1,0,0,9,1,1,0,2010-s3
P1456,P1484,1,1,0,0,8,2,1,0,2010-s3
P1456,P1488,1,1,0,0,8,2,1,0,2010-s3
P1463,P1516,3,0,3,0,8,22,3,0,2011-s3
P1391,P1516,1,0,1,0,0,10,1,0,2010-s3
P1468,P1516,1,0,1,0,4,6,1,0,2010-s3
P1418,P1516,1,0,1,0,4,6,1,0,2010-s3
P0282,P1516,1,0,1,0,0,10,1,0,2010-s3
P1396,P1516,1,0,1,0,3,7,1,0,2010-s3
P1391,P1463,1,0,1,0,0,10,1,0,2010-s3
P1418,P1463,1,1,0,0,8,2,1,0,2010-s3
P1396,P1463,1,1,0,0,9,1,1,0,2010-s3
P1391,P1468,1,0,1,0,0,10,1,0,2010-s3
P1391,P1418,1,0,1,0,0,10,1,0,2010-s3
P0282,P1391,1,1,0,0,10,0,1,0,2010-s3
P1391,P1396,1,0,1,0,2,8,1,0,2010-s3
P1418,P1468,1,1,0,0,6,4,1,0,2010-s3
P0282,P1468,1,0,1,0,4,6,1,0,2010-s3
P1396,P1468,1,0,1,0,4,6,1,0,2010-s3
P1396,P1418,1,1,0,0,6,4,1,0,2010-s3
P0282,P1396,1,0,1,0,3,7,1,0,2010-s3
P1440,P1554,1,1,0,0,6,4,1,0,2010-s3
P0726,P1554,1,0,1,0,0,10,1,0,2010-s3
P1438,P1554,1,0,1,0,2,8,1,0,2010-s3
P1536,P1554,2,1,1,0,10,10,2,0,2011-s2
P1550,P1554,1,0,1,0,1,9,1,0,2010-s3
P0726,P1440,1,0,1,0,3,7,1,0,2010-s3
P1321,P1440,1,0,1,0,2,8,1,0,2010-s3
P1438,P1440,1,0,1,0,0,10,1,0,2010-s3
P1440,P1536,1,0,1,0,2,8,1,0,2010-s3
P1440,P1550,1,1,0,0,10,0,1,0,2010-s3
P0726,P1321,1,1,0,0,9,1,1,0,2010-s3
P0726,P1438,1,1,0,0,10,0,1,0,2010-s3
P0726,P1536,1,1,0,0,6,4,1,0,2010-s3
P1321,P1438,1,1,0,0,10,0,1,0,2010-s3
P1321,P1536,1,0,0,1,5,5,1,0,2010-s3
P1321,P1550,1,1,0,0,6,4,1,0,2010-s3
P1438,P1536,1,0,1,0,0,10,1,0,2010-s3
P1438,P1550,1,0,1,0,1,9,1,0,2010-s3
P1536,P1550,1,1,0,0,10,0,1,0,2010-s3
P1433,P1480,1,1,0,0,6,4,1,0,2010-s3
P1433,P1489,1,1,0,0,10,0,1,0,2010-s3
P1433,P1482,1,1,0,0,10,0,1,0,2010-s3
P1419,P1433,1,1,0,0,9,1,1,0,2010-s3
P1433,P1494,1,1,0,0,10,0,1,0,2010-s3
P1480,P1489,1,1,0,0,6,4,1,0,2010-s3
P1480,P1482,1,1,0,0,10,0,1,0,2010-s3
P1419,P1480,1,1,0,0,6,4,1,0,2010-s3
P1413,P1480,1,1,0,0,8,2,1,0,2010-s3
P1480,P1494,1,1,0,0,10,0,1,0,2010-s3
P1482,P1489,1,0,1,0,0,10,1,0,2010-s3
P1419,P1489,1,1,0,0,7,3,1,0,2010-s3
P1413,P1489,1,1,0,0,10,0,1,0,2010-s3
P1489,P1494,1,1,0,0,10,0,1,0,2010-s3
P1413,P1482,1,1,0,0,9,1,1,0,2010-s3
P1413,P1419,1,0,1,0,3,7,1,0,2010-s3
P1419,P1494,1,1,0,0,10,0,1,0,2010-s3
P1413,P1494,1,1,0,0,7,3,1,0,2010-s3
P1223,P1497,1,0,0,1,5,5,1,0,2010-s4
P1223,P1304,1,1,0,0,10,0,1,0,2010-s4
P1223,P1419,1,1,0,0,6,4,1,0,2010-s4
P1083,P1223,1,0,1,0,4,6,1,0,2010-s4
P1223,P1515,1,1,0,0,10,0,1,0,2010-s4
P1223,P1452,1,0,0,1,5,5,1,0,2010-s4
P1304,P1497,1,0,1,0,4,6,1,0,2010-s4
P1419,P1497,1,1,0,0,6,4,1,0,2010-s4
P1497,P1515,1,1,0,0,10,0,1,0,2010-s4
P1304,P1419,1,0,1,0,4,6,1,0,2010-s4
P1304,P1515,1,1,0,0,10,0,1,0,2010-s4
P1083,P1419,1,1,0,0,6,4,1,0,2010-s4
P1419,P1515,1,1,0,0,10,0,1,0,2010-s4
P1419,P1452,1,0,1,0,4,6,1,0,2010-s4
P1083,P1515,1,0,1,0,4,6,1,0,2010-s4
P1083,P1452,1,0,1,0,2,8,1,0,2010-s4
P1452,P1515,1,1,0,0,6,4,1,0,2010-s4
P1437,P1539,1,0,1,0,2,8,1,0,2010-s4
P1501,P1539,1,0,1,0,0,10,1,0,2010-s4
P1520,P1539,1,1,0,0,7,3,1,0,2010-s4
P1439,P1539,1,0,1,0,2,8,1,0,2010-s4
P1399,P1539,1,1,0,0,6,4,1,0,2010-s4
P1437,P1538,1,0,1,0,4,6,1,0,2010-s4
P1437,P1501,1,1,0,0,10,0,1,0,2010-s4
P1437,P1520,1,0,1,0,4,6,1,0,2010-s4
P1437,P1439,1,1,0,0,6,4,1,0,2010-s4
P1399,P1437,1,1,0,0,6,4,1,0,2010-s4
P1501,P1538,1,0,1,0,0,10,1,0,2010-s4
P1439,P1538,1,1,0,0,6,4,1,0,2010-s4
P1501,P1520,1,0,1,0,0,10,1,0,2010-s4
P1439,P1501,1,1,0,0,10,0,1,0,2010-s4
P1399,P1501,1,1,0,0,8,2,1,0,2010-s4
P1399,P1439,1,1,0,0,9,1,1,0,2010-s4
P1262,P1483,1,1,0,0,7,3,1,0,2010-s4
P1262,P1477,1,1,0,0,10,0,1,0,2010-s4
P1096,P1262,2,2,0,0,16,4,2,0,2011-s5
P0754,P1262,1,0,1,0,3,7,1,0,2010-s4
P1262,P1446,1,1,0,0,6,4,1,0,2010-s4
P1477,P1483,1,0,1,0,0,10,1,0,2010-s4
P0754,P1483,1,1,0,0,8,2,1,0,2010-s4
P1446,P1483,1,0,1,0,4,6,1,0,2010-s4
P1138,P1483,1,1,0,0,6,4,1,0,2010-s4
P1096,P1477,1,1,0,0,10,0,1,0,2010-s4
P0754,P1477,1,1,0,0,10,0,1,0,2010-s4
P1446,P1477,1,1,0,0,7,3,1,0,2010-s4
P1138,P1477,1,1,0,0,10,0,1,0,2010-s4
P0754,P1096,2,1,1,0,8,10,2,0,2013-s5
P1096,P1446,1,0,1,0,4,6,1,0,2010-s4
P1096,P1138,1,1,0,0,7,3,1,0,2010-s4
P0754,P1446,1,1,0,0,6,4,1,0,2010-s4
P0754,P1138,1,0,0,1,5,5,1,0,2010-s4
P1138,P1446,1,0,1,0,4,6,1,0,2010-s4
P1425,P1555,1,1,0,0,10,0,1,0,2010-s4
P1180,P1425,1,1,0,0,7,3,1,0,2010-s4
P1063,P1425,2,0,2,0,7,13,2,0,2011-s4
P1404,P1425,1,1,0,0,8,2,1,0,2010-s4
P1300,P1555,1,1,0,0,6,4,1,0,2010-s4
P1180,P1300,1,1,0,0,6,4,1,0,2010-s4
P1300,P1404,2,2,0,0,17,3,2,0,2011-s5
P0969,P1555,1,1,0,0,10,0,1,0,2010-s4
P1180,P1555,1,1,0,0,10,0,1,0,2010-s4
P1063,P1555,1,1,0,0,10,0,1,0,2010-s4
P1404,P1555,1,1,0,0,6,4,1,0,2010-s4
P0969,P1180,1,1,0,0,6,4,1,0,2010-s4
P0969,P1404,1,0,0,1,5,5,1,0,2010-s4
P1063,P1180,1,0,1,0,3,7,1,0,2010-s4
P1180,P1404,1,0,1,0,3,7,1,0,2010-s4
P1063,P1404,1,0,1,0,4,6,1,0,2010-s4
P1406,P1554,1,1,0,0,7,3,1,0,2010-s4
P1406,P1556,1,1,0,0,10,0,1,0,2010-s4
P1381,P1406,1,1,0,0,7,3,1,0,2010-s4
P0073,P1406,1,1,0,0,7,3,1,0,2010-s4
P1321,P1406,1,0,1,0,0,10,1,0,2010-s4
P1406,P1413,1,1,0,0,10,0,1,0,2010-s4
P1381,P1554,1,1,0,0,6,4,1,0,2010-s4
P0073,P1554,1,1,0,0,6,4,1,0,2010-s4
P1321,P1554,1,0,1,0,4,6,1,0,2010-s4
P1381,P1556,1,0,1,0,3,7,1,0,2010-s4
P0073,P1381,2,2,0,0,17,3,2,0,2011-s2
P1321,P1381,1,1,0,0,6,4,1,0,2010-s4
P1381,P1413,1,1,0,0,6,4,1,0,2010-s4
P0073,P1321,1,1,0,0,8,2,1,0,2010-s4
P0987,P1423,1,1,0,0,6,4,1,0,2010-s4
P1396,P1423,1,1,0,0,6,4,1,0,2010-s4
P1410,P1423,1,1,0,0,8,2,1,0,2010-s4
P0250,P1423,1,1,0,0,8,2,1,0,2010-s4
P1148,P1423,1,0,1,0,4,6,1,0,2010-s4
P1022,P1423,1,1,0,0,6,4,1,0,2010-s4
P0987,P1396,1,1,0,0,8,2,1,0,2010-s4
P0987,P1410,1,0,0,1,5,5,1,0,2010-s4
P0250,P0987,1,0,0,1,5,5,1,0,2010-s4
P0987,P1148,1,1,0,0,7,3,1,0,2010-s4
P1396,P1410,1,0,1,0,2,8,1,0,2010-s4
P0250,P1396,1,1,0,0,6,4,1,0,2010-s4
P1148,P1396,1,1,0,0,8,2,1,0,2010-s4
P1022,P1396,1,1,0,0,10,0,1,0,2010-s4
P0250,P1410,1,0,1,0,1,9,1,0,2010-s4
P1148,P1410,1,0,1,0,2,8,1,0,2010-s4
P1022,P1410,1,1,0,0,6,4,1,0,2010-s4
P0250,P1148,1,1,0,0,6,4,1,0,2010-s4
P1022,P1148,1,1,0,0,6,4,1,0,2010-s4
P1480,P1511,1,0,1,0,1,9,1,0,2010-s4
P1393,P1480,1,1,0,0,9,1,1,0,2010-s4
P1215,P1480,1,0,1,0,4,6,1,0,2010-s4
P0076,P1511,1,0,1,0,4,6,1,0,2010-s4
P1457,P1511,1,1,0,0,6,4,1,0,2010-s4
P1393,P1457,1,0,1,0,4,6,1,0,2010-s4
P1215,P1457,1,0,1,0,3,7,1,0,2010-s4
P1113,P1457,1,0,0,1,5,5,1,0,2010-s4
P1393,P1511,1,1,0,0,6,4,1,0,2010-s4
P1215,P1511,1,0,1,0,0,10,1,0,2010-s4
P1113,P1511,1,0,1,0,3,7,1,0,2010-s4
P1215,P1393,1,1,0,0,6,4,1,0,2010-s4
P1113,P1393,1,0,0,1,5,5,1,0,2010-s4
P1113,P1215,1,1,0,0,7,3,1,0,2010-s4
P1054,P1403,1,0,1,0,4,6,1,0,2010-s4
P1054,P1421,1,1,0,0,10,0,1,0,2010-s4
P0951,P1054,1,1,0,0,6,4,1,0,2010-s4
P1054,P1417,1,0,1,0,4,6,1,0,2010-s4
P1403,P1421,1,1,0,0,10,0,1,0,2010-s4
P0140,P1403,1,0,1,0,0,10,1,0,2010-s4
P0951,P1403,1,0,1,0,3,7,1,0,2010-s4
P0951,P1421,1,1,0,0,10,0,1,0,2010-s4
P1417,P1421,1,1,0,0,10,0,1,0,2010-s4
P1369,P1421,1,1,0,0,10,0,1,0,2010-s4
P0140,P0951,1,0,1,0,0,10,1,0,2010-s4
P0140,P1417,2,1,1,0,10,10,2,0,2011-s1
P0140,P1369,1,0,1,0,0,10,1,0,2010-s4
P0951,P1417,1,1,0,0,6,4,1,0,2010-s4
P1465,P1472,1,0,0,1,5,5,1,0,2010-s4
P1465,P1467,1,1,0,0,6,4,1,0,2010-s4
P0327,P1465,1,0,1,0,4,6,1,0,2010-s4
P1465,P1534,1,1,0,0,6,4,1,0,2010-s4
P1465,P1492,1,1,0,0,6,4,1,0,2010-s4
P1467,P1472,1,0,1,0,3,7,1,0,2010-s4
P0327,P1472,1,0,0,1,5,5,1,0,2010-s4
P1472,P1534,1,0,0,1,5,5,1,0,2010-s4
P1130,P1472,1,1,0,0,6,4,1,0,2010-s4
P1472,P1492,1,0,1,0,2,8,1,0,2010-s4
P0327,P1467,1,1,0,0,7,3,1,0,2010-s4
P1467,P1534,1,0,1,0,4,6,1,0,2010-s4
P1467,P1492,1,0,1,0,1,9,1,0,2010-s4
P0327,P1534,1,1,0,0,8,2,1,0,2010-s4
P0327,P1130,1,0,0,1,5,5,1,0,2010-s4
P0327,P1492,1,1,0,0,7,3,1,0,2010-s4
P1130,P1534,1,1,0,0,10,0,1,0,2010-s4
P1492,P1534,1,0,1,0,2,8,1,0,2010-s4
P0383,P1532,1,1,0,0,10,0,1,0,2010-s4
P0383,P1531,1,0,1,0,3,7,1,0,2010-s4
P0383,P1516,1,0,1,0,3,7,1,0,2010-s4
P0383,P1461,1,1,0,0,9,1,1,0,2010-s4
P0383,P1440,1,1,0,0,6,4,1,0,2010-s4
P0383,P1560,1,1,0,0,9,1,1,0,2010-s4
P1531,P1532,1,1,0,0,8,2,1,0,2010-s4
P1516,P1532,1,1,0,0,7,3,1,0,2010-s4
P1440,P1532,1,1,0,0,6,4,1,0,2010-s4
P1516,P1531,2,0,2,0,7,13,2,0,2011-s3
P1461,P1531,1,0,1,0,4,6,1,0,2010-s4
P1440,P1531,1,1,0,0,8,2,1,0,2010-s4
P1531,P1560,1,1,0,0,6,4,1,0,2010-s4
P1461,P1516,1,0,1,0,4,6,1,0,2010-s4
P1440,P1516,1,1,0,0,8,2,1,0,2010-s4
P1516,P1560,1,1,0,0,6,4,1,0,2010-s4
P1440,P1461,1,1,0,0,8,2,1,0,2010-s4
P1461,P1560,1,0,1,0,4,6,1,0,2010-s4
P1440,P1560,1,1,0,0,8,2,1,0,2010-s4
P1428,P1462,1,0,1,0,4,6,1,0,2010-s4
P1392,P1462,1,0,1,0,3,7,1,0,2010-s4
P1430,P1462,1,1,0,0,6,4,1,0,2010-s4
P1462,P1536,1,0,1,0,4,6,1,0,2010-s4
P1407,P1462,1,0,1,0,3,7,1,0,2010-s4
P1392,P1428,1,1,0,0,8,2,1,0,2010-s4
P1428,P1430,1,1,0,0,7,3,1,0,2010-s4
P1402,P1428,1,1,0,0,7,3,1,0,2010-s4
P1428,P1536,1,0,1,0,3,7,1,0,2010-s4
P1407,P1428,1,1,0,0,6,4,1,0,2010-s4
P1392,P1430,1,1,0,0,6,4,1,0,2010-s4
P1392,P1402,1,0,1,0,4,6,1,0,2010-s4
P1392,P1536,1,1,0,0,6,4,1,0,2010-s4
P1392,P1407,1,1,0,0,6,4,1,0,2010-s4
P1402,P1430,1,0,1,0,4,6,1,0,2010-s4
P1430,P1536,3,1,2,0,12,18,3,0,2011-s5
P1407,P1430,2,0,2,0,5,15,2,0,2011-s1
P1402,P1536,1,1,0,0,6,4,1,0,2010-s4
P1402,P1407,1,1,0,0,6,4,1,0,2010-s4
P1407,P1536,1,0,1,0,3,7,1,0,2010-s4
P1313,P1412,1,0,0,1,5,5,1,0,2010-s4
P1313,P1507,1,0,0,1,5,5,1,0,2010-s4
P1313,P1458,1,1,0,0,6,4,1,0,2010-s4
P0726,P1313,1,0,1,0,4,6,1,0,2010-s4
P1313,P1551,1,0,0,1,5,5,1,0,2010-s4
P1313,P1445,1,0,0,1,5,5,1,0,2010-s4
P1412,P1507,1,0,0,1,5,5,1,0,2010-s4
P1412,P1458,1,1,0,0,7,3,1,0,2010-s4
P0726,P1412,1,1,0,0,9,1,1,0,2010-s4
P1412,P1551,1,1,0,0,6,4,1,0,2010-s4
P1412,P1445,1,1,0,0,6,4,1,0,2010-s4
P1458,P1507,1,1,0,0,6,4,1,0,2010-s4
P0726,P1507,1,0,1,0,4,6,1,0,2010-s4
P1507,P1551,1,1,0,0,9,1,1,0,2010-s4
P1445,P1507,1,0,1,0,2,8,1,0,2010-s4
P0726,P1458,1,1,0,0,7,3,1,0,2010-s4
P1458,P1551,1,0,1,0,3,7,1,0,2010-s4
P1445,P1458,1,1,0,0,10,0,1,0,2010-s4
P0726,P1551,1,1,0,0,7,3,1,0,2010-s4
P0726,P1445,1,1,0,0,6,4,1,0,2010-s4
P1445,P1551,1,1,0,0,6,4,1,0,2010-s4
P1456,P1500,1,0,0,1,5,5,1,0,2010-s4
P1456,P1490,1,1,0,0,6,4,1,0,2010-s4
P1456,P1470,1,1,0,0,10,0,1,0,2010-s4
P1456,P1502,1,1,0,0,6,4,1,0,2010-s4
P1057,P1456,1,1,0,0,8,2,1,0,2010-s4
P1490,P1500,1,0,1,0,3,7,1,0,2010-s4
P1470,P1500,1,0,1,0,0,10,1,0,2010-s4
P1057,P1500,1,1,0,0,9,1,1,0,2010-s4
P1470,P1490,1,0,1,0,0,10,1,0,2010-s4
P1057,P1490,1,1,0,0,6,4,1,0,2010-s4
P1470,P1546,1,0,1,0,0,10,1,0,2010-s4
P1470,P1502,1,0,1,0,0,10,1,0,2010-s4
P1057,P1470,1,1,0,0,10,0,1,0,2010-s4
P1444,P1581,1,0,1,0,0,10,1,0,2011-s1
P1531,P1581,1,0,1,0,1,9,1,0,2011-s1
P1404,P1581,1,1,0,0,7,3,1,0,2011-s1
P1581,P1717,1,1,0,0,8,2,1,0,2011-s1
P1022,P1581,1,1,0,0,7,3,1,0,2011-s1
P0754,P1444,1,1,0,0,10,0,1,0,2011-s1
P1444,P1531,1,1,0,0,6,4,1,0,2011-s1
P1404,P1444,1,1,0,0,10,0,1,0,2011-s1
P1444,P1717,1,0,1,0,0,10,1,0,2011-s1
P1022,P1444,1,1,0,0,10,0,1,0,2011-s1
P0754,P1404,1,0,1,0,3,7,1,0,2011-s1
P0754,P1717,1,1,0,0,9,1,1,0,2011-s1
P1404,P1531,1,1,0,0,10,0,1,0,2011-s1
P1531,P1717,1,0,1,0,4,6,1,0,2011-s1
P1404,P1717,1,1,0,0,9,1,1,0,2011-s1
P1022,P1404,1,1,0,0,6,4,1,0,2011-s1
P1022,P1717,1,1,0,0,9,1,1,0,2011-s1
P1441,P1593,1,1,0,0,7,3,1,0,2011-s1
P1593,P1637,1,1,0,0,8,2,1,0,2011-s1
P1593,P1605,1,1,0,0,7,3,1,0,2011-s1
P1593,P1667,1,1,0,0,9,1,1,0,2011-s1
P1593,P1672,1,1,0,0,8,2,1,0,2011-s1
P1425,P1593,1,1,0,0,6,4,1,0,2011-s1
P1441,P1637,1,1,0,0,9,1,1,0,2011-s1
P1441,P1605,1,1,0,0,9,1,1,0,2011-s1
P1441,P1667,1,1,0,0,6,4,1,0,2011-s1
P1441,P1672,1,1,0,0,7,3,1,0,2011-s1
P1425,P1441,2,2,0,0,14,6,2,0,2011-s5
P1605,P1637,1,1,0,0,9,1,1,0,2011-s1
P1637,P1667,1,0,1,0,4,6,1,0,2011-s1
P1637,P1672,1,0,1,0,1,9,1,0,2011-s1
P1425,P1637,1,1,0,0,7,3,1,0,2011-s1
P1605,P1667,1,0,1,0,4,6,1,0,2011-s1
P1605,P1672,1,0,1,0,3,7,1,0,2011-s1
P1425,P1605,1,1,0,0,6,4,1,0,2011-s1
P1667,P1672,1,1,0,0,6,4,1,0,2011-s1
P1425,P1667,1,0,0,1,5,5,1,0,2011-s1
P1425,P1672,1,0,1,0,4,6,1,0,2011-s1
P1158,P1650,1,0,1,0,3,7,1,0,2011-s1
P1158,P1457,1,1,0,0,6,4,1,0,2011-s1
P1158,P1619,1,1,0,0,9,1,1,0,2011-s1
P1158,P1685,1,1,0,0,8,2,1,0,2011-s1
P0969,P1650,1,0,1,0,0,10,1,0,2011-s1
P1381,P1650,1,0,1,0,3,7,1,0,2011-s1
P1457,P1650,1,0,1,0,0,10,1,0,2011-s1
P1619,P1650,1,0,1,0,2,8,1,0,2011-s1
P1650,P1685,1,1,0,0,9,1,1,0,2011-s1
P1381,P1457,1,1,0,0,10,0,1,0,2011-s1
P1381,P1619,1,1,0,0,10,0,1,0,2011-s1
P1381,P1685,1,0,1,0,4,6,1,0,2011-s1
P1457,P1619,1,0,1,0,4,6,1,0,2011-s1
P1619,P1685,1,0,1,0,4,6,1,0,2011-s1
P0672,P1536,1,0,0,1,5,5,1,0,2011-s1
P0672,P1300,1,1,0,0,6,4,1,0,2011-s1
P0672,P1659,1,1,0,0,6,4,1,0,2011-s1
P0672,P1423,1,1,0,0,7,3,1,0,2011-s1
P0051,P0672,1,0,1,0,0,10,1,0,2011-s1
P1300,P1536,1,1,0,0,7,3,1,0,2011-s1
P1536,P1659,1,0,0,1,5,5,1,0,2011-s1
P1423,P1536,1,1,0,0,6,4,1,0,2011-s1
P1536,P1699,1,1,0,0,6,4,1,0,2011-s1
P1300,P1659,1,1,0,0,8,2,1,0,2011-s1
P1300,P1423,1,1,0,0,8,2,1,0,2011-s1
P0051,P1300,1,0,1,0,0,10,1,0,2011-s1
P1300,P1699,1,1,0,0,6,4,1,0,2011-s1
P1423,P1659,1,0,1,0,4,6,1,0,2011-s1
P0051,P1659,1,0,0,1,5,5,1,0,2011-s1
P0051,P1699,1,1,0,0,8,2,1,0,2011-s1
P0140,P1645,1,1,0,0,9,1,1,0,2011-s1
P0140,P1655,1,0,1,0,4,6,1,0,2011-s1
P0140,P1138,1,1,0,0,9,1,1,0,2011-s1
P1274,P1655,1,0,1,0,0,10,1,0,2011-s1
P1274,P1415,1,0,1,0,3,7,1,0,2011-s1
P1138,P1274,1,1,0,0,6,4,1,0,2011-s1
P1415,P1645,1,1,0,0,10,0,1,0,2011-s1
P1138,P1645,1,1,0,0,6,4,1,0,2011-s1
P1415,P1655,1,0,1,0,3,7,1,0,2011-s1
P1138,P1655,1,0,1,0,3,7,1,0,2011-s1
P1415,P1417,1,1,0,0,7,3,1,0,2011-s1
P1138,P1417,1,1,0,0,10,0,1,0,2011-s1
P1096,P1511,1,1,0,0,6,4,1,0,2011-s1
P1396,P1511,1,1,0,0,9,1,1,0,2011-s1
P1511,P1620,1,0,1,0,0,10,1,0,2011-s1
P0073,P1511,1,1,0,0,10,0,1,0,2011-s1
P1096,P1539,1,0,0,1,5,5,1,0,2011-s1
P1096,P1435,2,0,1,1,9,11,2,0,2011-s4
P1096,P1396,2,2,0,0,15,5,2,0,2013-s1
P1096,P1620,1,1,0,0,6,4,1,0,2011-s1
P0073,P1096,1,1,0,0,10,0,1,0,2011-s1
P1396,P1539,2,0,2,0,2,18,2,0,2011-s2
P1539,P1620,1,0,1,0,0,10,1,0,2011-s1
P0073,P1539,1,1,0,0,8,2,1,0,2011-s1
P1396,P1435,1,1,0,0,10,0,1,0,2011-s1
P1435,P1620,1,0,1,0,1,9,1,0,2011-s1
P0073,P1435,2,2,0,0,14,6,2,0,2011-s5
P1396,P1620,1,0,1,0,2,8,1,0,2011-s1
P0073,P1396,1,1,0,0,9,1,1,0,2011-s1
P0073,P1620,1,1,0,0,7,3,1,0,2011-s1
P1401,P1723,1,1,0,0,10,0,1,0,2011-s1
P1654,P1723,1,1,0,0,10,0,1,0,2011-s1
P0951,P1723,1,1,0,0,7,3,1,0,2011-s1
P1466,P1723,1,1,0,0,10,0,1,0,2011-s1
P1520,P1723,1,1,0,0,10,0,1,0,2011-s1
P1446,P1723,1,1,0,0,10,0,1,0,2011-s1
P1401,P1654,1,0,1,0,4,6,1,0,2011-s1
P0951,P1401,1,1,0,0,8,2,1,0,2011-s1
P1401,P1466,1,0,1,0,0,10,1,0,2011-s1
P1401,P1520,1,0,1,0,3,7,1,0,2011-s1
P1401,P1446,1,0,1,0,1,9,1,0,2011-s1
P0951,P1654,1,0,1,0,4,6,1,0,2011-s1
P1466,P1654,1,1,0,0,9,1,1,0,2011-s1
P1520,P1654,1,0,1,0,4,6,1,0,2011-s1
P0951,P1466,1,1,0,0,6,4,1,0,2011-s1
P0951,P1446,1,0,0,1,5,5,1,0,2011-s1
P1573,P1715,1,0,1,0,1,9,1,0,2011-s1
P1489,P1715,1,0,1,0,4,6,1,0,2011-s1
P1516,P1715,1,1,0,0,6,4,1,0,2011-s1
P1632,P1715,1,1,0,0,6,4,1,0,2011-s1
P1707,P1715,1,0,1,0,4,6,1,0,2011-s1
P1199,P1715,1,1,0,0,6,4,1,0,2011-s1
P1489,P1573,1,0,1,0,4,6,1,0,2011-s1
P1516,P1573,2,2,0,0,14,7,2,0,2011-s5
P1573,P1632,1,0,1,0,0,10,1,0,2011-s1
P1199,P1573,1,1,0,0,9,1,1,0,2011-s1
P1489,P1516,1,0,1,0,2,8,1,0,2011-s1
P1489,P1632,1,0,1,0,0,10,1,0,2011-s1
P1199,P1489,1,1,0,0,10,0,1,0,2011-s1
P1516,P1632,1,0,1,0,4,6,1,0,2011-s1
P1516,P1707,1,1,0,0,9,1,1,0,2011-s1
P1632,P1707,1,1,0,0,10,0,1,0,2011-s1
P1199,P1632,1,1,0,0,9,1,1,0,2011-s1
P1199,P1707,1,1,0,0,6,4,1,0,2011-s1
P0282,P1716,1,1,0,0,6,4,1,0,2011-s1
P0282,P1596,1,1,0,0,6,4,1,0,2011-s1
P0282,P1113,1,0,1,0,2,8,1,0,2011-s1
P0282,P1554,1,1,0,0,6,4,1,0,2011-s1
P0282,P1572,1,0,0,1,5,5,1,0,2011-s1
P0282,P1576,1,1,0,0,6,4,1,0,2011-s1
P1596,P1716,1,0,1,0,4,6,1,0,2011-s1
P1113,P1716,1,1,0,0,7,3,1,0,2011-s1
P1554,P1716,1,1,0,0,6,4,1,0,2011-s1
P1572,P1716,1,0,1,0,4,6,1,0,2011-s1
P1576,P1716,1,1,0,0,8,2,1,0,2011-s1
P1113,P1596,1,1,0,0,9,1,1,0,2011-s1
P1554,P1596,1,1,0,0,6,4,1,0,2011-s1
P1572,P1596,1,1,0,0,7,3,1,0,2011-s1
P1576,P1596,1,1,0,0,6,4,1,0,2011-s1
P1113,P1554,1,0,1,0,4,6,1,0,2011-s1
P1113,P1572,1,0,1,0,4,6,1,0,2011-s1
P1113,P1576,1,1,0,0,7,3,1,0,2011-s1
P1554,P1572,1,0,1,0,4,6,1,0,2011-s1
P1554,P1576,1,0,0,1,5,5,1,0,2011-s1
P1572,P1576,1,0,1,0,4,6,1,0,2011-s1
P1626,P1721,2,2,0,0,14,6,2,0,2011-s2
P1492,P1721,1,0,1,0,3,7,1,0,2011-s1
P1589,P1721,1,0,0,1,5,5,1,0,2011-s1
P1664,P1721,1,0,1,0,0,10,1,0,2011-s1
P1313,P1721,1,0,1,0,4,6,1,0,2011-s1
P1652,P1721,1,0,1,0,1,9,1,0,2011-s1
P1492,P1626,1,0,1,0,3,7,1,0,2011-s1
P1589,P1626,1,1,0,0,7,3,1,0,2011-s1
P1626,P1664,1,1,0,0,10,0,1,0,2011-s1
P1313,P1626,1,0,1,0,4,6,1,0,2011-s1
P1626,P1652,1,1,0,0,10,0,1,0,2011-s1
P1313,P1492,1,1,0,0,6,4,1,0,2011-s1
P1313,P1589,1,0,1,0,0,10,1,0,2011-s1
P1589,P1652,1,1,0,0,9,1,1,0,2011-s1
P1313,P1664,1,0,1,0,4,6,1,0,2011-s1
P1652,P1664,1,1,0,0,6,4,1,0,2011-s1
P1313,P1652,1,1,0,0,7,3,1,0,2011-s1
P1668,P1694,1,1,0,0,10,0,1,0,2011-s1
P1668,P1725,1,0,1,0,1,9,1,0,2011-s1
P1623,P1668,1,1,0,0,8,2,1,0,2011-s1
P1579,P1668,1,1,0,0,6,4,1,0,2011-s1
P1642,P1668,1,0,1,0,3,7,1,0,2011-s1
P1668,P1720,1,1,0,0,8,2,1,0,2011-s1
P1694,P1725,1,0,1,0,4,6,1,0,2011-s1
P1623,P1694,1,1,0,0,9,1,1,0,2011-s1
P1642,P1694,1,0,1,0,4,6,1,0,2011-s1
P1694,P1720,1,1,0,0,8,2,1,0,2011-s1
P1623,P1725,1,0,1,0,4,6,1,0,2011-s1
P1579,P1725,1,0,1,0,3,7,1,0,2011-s1
P1642,P1725,1,0,1,0,2,8,1,0,2011-s1
P1720,P1725,1,0,1,0,2,8,1,0,2011-s1
P1579,P1623,1,1,0,0,7,3,1,0,2011-s1
P1623,P1642,1,0,1,0,4,6,1,0,2011-s1
P1623,P1720,1,1,0,0,8,2,1,0,2011-s1
P1579,P1642,1,1,0,0,8,2,1,0,2011-s1
P1579,P1720,1,1,0,0,7,3,1,0,2011-s1
P1642,P1720,1,1,0,0,6,4,1,0,2011-s1
P1430,P1709,1,1,0,0,7,3,1,0,2011-s1
P1430,P1603,1,0,1,0,3,7,1,0,2011-s1
P1430,P1613,1,1,0,0,6,4,1,0,2011-s1
P1209,P1430,1,1,0,0,7,3,1,0,2011-s1
P0726,P1430,1,1,0,0,9,1,1,0,2011-s1
P1603,P1709,1,1,0,0,8,2,1,0,2011-s1
P1407,P1709,1,0,1,0,0,10,1,0,2011-s1
P1209,P1709,1,1,0,0,9,1,1,0,2011-s1
P0726,P1709,1,1,0,0,7,3,1,0,2011-s1
P1603,P1613,1,1,0,0,7,3,1,0,2011-s1
P1407,P1603,1,0,1,0,0,10,1,0,2011-s1
P1209,P1603,1,0,1,0,2,8,1,0,2011-s1
P0726,P1603,1,0,0,1,5,5,1,0,2011-s1
P1407,P1613,1,0,1,0,0,10,1,0,2011-s1
P1209,P1613,1,0,1,0,4,6,1,0,2011-s1
P0726,P1613,1,0,1,0,4,6,1,0,2011-s1
P1209,P1407,1,1,0,0,10,0,1,0,2011-s1
P0726,P1407,1,1,0,0,10,0,1,0,2011-s1
P0726,P1209,1,1,0,0,6,4,1,0,2011-s1
P0073,P1054,1,0,1,0,4,6,1,0,2011-s2
P0073,P1704,1,1,0,0,8,2,1,0,2011-s2
P0073,P1666,1,1,0,0,8,2,1,0,2011-s2
P1054,P1300,1,1,0,0,6,4,1,0,2011-s2
P1300,P1704,1,1,0,0,7,3,1,0,2011-s2
P1300,P1666,1,1,0,0,9,1,1,0,2011-s2
P1054,P1381,1,1,0,0,6,4,1,0,2011-s2
P1381,P1704,1,1,0,0,7,3,1,0,2011-s2
P1381,P1666,1,0,1,0,3,7,1,0,2011-s2
P1054,P1704,1,0,1,0,4,6,1,0,2011-s2
P1054,P1666,1,1,0,0,7,3,1,0,2011-s2
P1666,P1704,1,1,0,0,6,4,1,0,2011-s2
P0335,P1441,1,0,1,0,0,10,1,0,2011-s2
P1441,P1589,1,1,0,0,6,4,1,0,2011-s2
P1435,P1441,1,0,1,0,4,6,1,0,2011-s2
P1441,P1657,1,1,0,0,10,0,1,0,2011-s2
P0726,P1441,1,1,0,0,7,3,1,0,2011-s2
P0951,P1589,1,1,0,0,7,3,1,0,2011-s2
P0951,P1435,1,1,0,0,9,1,1,0,2011-s2
P0951,P1657,1,1,0,0,6,4,1,0,2011-s2
P0726,P0951,1,0,1,0,4,6,1,0,2011-s2
P0335,P1435,1,0,1,0,4,6,1,0,2011-s2
P0335,P1657,1,1,0,0,6,4,1,0,2011-s2
P0335,P0726,1,0,1,0,4,6,1,0,2011-s2
P1435,P1589,1,0,1,0,4,6,1,0,2011-s2
P1589,P1657,1,1,0,0,7,3,1,0,2011-s2
P1435,P1657,1,1,0,0,7,3,1,0,2011-s2
P0726,P1435,1,1,0,0,6,4,1,0,2011-s2
P0726,P1657,1,1,0,0,6,4,1,0,2011-s2
P1520,P1655,1,0,1,0,2,8,1,0,2011-s2
P1594,P1655,1,1,0,0,6,4,1,0,2011-s2
P1423,P1655,1,0,1,0,1,9,1,0,2011-s2
P0617,P1655,1,0,1,0,3,7,1,0,2011-s2
P0584,P1520,1,0,1,0,4,6,1,0,2011-s2
P0584,P1594,1,0,1,0,4,6,1,0,2011-s2
P0584,P1423,1,0,1,0,2,8,1,0,2011-s2
P0584,P1621,1,1,0,0,8,2,1,0,2011-s2
P0584,P0617,1,1,0,0,8,2,1,0,2011-s2
P1520,P1594,1,0,1,0,2,8,1,0,2011-s2
P1423,P1520,1,0,1,0,1,9,1,0,2011-s2
P1520,P1621,1,1,0,0,10,0,1,0,2011-s2
P0617,P1520,1,1,0,0,6,4,1,0,2011-s2
P0617,P1594,1,1,0,0,8,2,1,0,2011-s2
P1423,P1621,1,0,1,0,2,8,1,0,2011-s2
P0617,P1423,1,0,0,1,5,5,1,0,2011-s2
P0617,P1621,1,1,0,0,10,0,1,0,2011-s2
P1393,P1425,1,0,1,0,4,6,1,0,2011-s2
P1097,P1393,1,0,1,0,3,7,1,0,2011-s2
P1157,P1393,1,0,1,0,3,7,1,0,2011-s2
P1393,P1728,1,1,0,0,9,1,1,0,2011-s2
P1425,P1567,1,1,0,0,6,4,1,0,2011-s2
P1097,P1425,1,0,1,0,3,7,1,0,2011-s2
P1157,P1425,1,0,1,0,4,6,1,0,2011-s2
P1425,P1728,1,1,0,0,6,4,1,0,2011-s2
P1097,P1567,1,0,1,0,3,7,1,0,2011-s2
P1567,P1725,1,1,0,0,7,3,1,0,2011-s2
P1157,P1567,1,0,1,0,3,7,1,0,2011-s2
P1567,P1728,1,1,0,0,6,4,1,0,2011-s2
P1097,P1725,1,1,0,0,7,3,1,0,2011-s2
P1097,P1157,1,0,1,0,3,7,1,0,2011-s2
P1157,P1725,1,1,0,0,6,4,1,0,2011-s2
P1096,P1583,1,0,1,0,3,7,1,0,2011-s2
P1199,P1583,1,0,1,0,3,7,1,0,2011-s2
P1583,P1648,1,1,0,0,6,4,1,0,2011-s2
P1583,P1713,1,0,1,0,0,10,1,0,2011-s2
P1576,P1583,1,0,1,0,2,8,1,0,2011-s2
P1096,P1199,1,1,0,0,6,4,1,0,2011-s2
P1096,P1648,1,0,0,1,5,5,1,0,2011-s2
P1096,P1713,1,0,1,0,4,6,1,0,2011-s2
P1096,P1685,1,1,0,0,10,0,1,0,2011-s2
P1096,P1576,1,0,0,1,5,5,1,0,2011-s2
P1199,P1648,1,0,1,0,3,7,1,0,2011-s2
P1199,P1713,1,0,1,0,3,7,1,0,2011-s2
P1199,P1576,1,1,0,0,10,0,1,0,2011-s2
P1648,P1713,1,0,1,0,4,6,1,0,2011-s2
P1648,P1685,1,0,1,0,4,6,1,0,2011-s2
P1576,P1648,1,0,1,0,4,6,1,0,2011-s2
P1576,P1713,1,0,1,0,1,9,1,0,2011-s2
P1576,P1685,1,1,0,0,7,3,1,0,2011-s2
P1223,P1404,2,1,1,0,10,10,2,0,2011-s4
P1404,P1602,1,1,0,0,7,3,1,0,2011-s2
P1113,P1404,1,0,1,0,3,7,1,0,2011-s2
P1404,P1539,2,2,0,0,15,5,2,0,2011-s3
P1396,P1404,1,0,1,0,4,6,1,0,2011-s2
P1223,P1602,1,1,0,0,8,2,1,0,2011-s2
P1113,P1223,1,0,0,1,5,5,1,0,2011-s2
P1223,P1539,1,1,0,0,9,1,1,0,2011-s2
P1223,P1396,1,1,0,0,7,3,1,0,2011-s2
P1223,P1581,1,0,1,0,2,8,1,0,2011-s2
P1113,P1602,1,0,1,0,3,7,1,0,2011-s2
P1539,P1602,1,0,1,0,2,8,1,0,2011-s2
P1396,P1602,1,0,1,0,3,7,1,0,2011-s2
P1581,P1602,1,1,0,0,6,4,1,0,2011-s2
P1113,P1539,1,0,1,0,4,6,1,0,2011-s2
P1113,P1396,1,0,1,0,4,6,1,0,2011-s2
P1113,P1581,1,0,1,0,4,6,1,0,2011-s2
P1539,P1581,1,0,0,1,5,5,1,0,2011-s2
P1396,P1581,1,0,1,0,3,7,1,0,2011-s2
P1313,P1463,1,1,0,0,10,0,1,0,2011-s2
P1463,P1663,1,1,0,0,6,4,1,0,2011-s2
P1168,P1463,1,0,1,0,0,10,1,0,2011-s2
P1463,P1677,1,0,1,0,1,9,1,0,2011-s2
P1463,P1579,1,1,0,0,10,0,1,0,2011-s2
P1313,P1663,1,0,1,0,2,8,1,0,2011-s2
P1313,P1516,1,1,0,0,10,0,1,0,2011-s2
P1168,P1313,1,0,1,0,0,10,1,0,2011-s2
P1313,P1677,1,0,1,0,4,6,1,0,2011-s2
P1313,P1579,1,1,0,0,10,0,1,0,2011-s2
P1516,P1663,1,0,1,0,4,6,1,0,2011-s2
P1168,P1663,1,0,1,0,4,6,1,0,2011-s2
P1663,P1677,1,0,1,0,4,6,1,0,2011-s2
P1579,P1663,1,0,1,0,0,10,1,0,2011-s2
P1168,P1516,1,0,1,0,0,10,1,0,2011-s2
P1516,P1677,1,0,1,0,2,8,1,0,2011-s2
P1516,P1579,1,1,0,0,10,0,1,0,2011-s2
P1168,P1677,1,0,1,0,0,10,1,0,2011-s2
P1579,P1677,1,0,1,0,0,10,1,0,2011-s2
P1623,P1649,1,0,0,1,5,5,1,0,2011-s2
P1413,P1649,1,1,0,0,10,0,1,0,2011-s2
P1623,P1717,1,1,0,0,7,3,1,0,2011-s2
P1204,P1623,1,1,0,0,7,3,1,0,2011-s2
P1413,P1623,1,1,0,0,10,0,1,0,2011-s2
P1204,P1717,1,1,0,0,8,2,1,0,2011-s2
P1413,P1717,1,1,0,0,7,3,1,0,2011-s2
P1472,P1717,1,1,0,0,6,4,1,0,2011-s2
P1204,P1413,1,0,1,0,2,8,1,0,2011-s2
P1204,P1502,1,0,0,1,5,5,1,0,2011-s2
P1204,P1472,1,1,0,0,9,1,1,0,2011-s2
P1413,P1502,1,1,0,0,8,2,1,0,2011-s2
P1413,P1472,1,0,0,1,5,5,1,0,2011-s2
P1472,P1502,1,1,0,0,6,4,1,0,2011-s2
P1430,P1696,1,0,1,0,4,6,1,0,2011-s2
P1430,P1638,1,1,0,0,6,4,1,0,2011-s2
P1430,P1606,2,0,1,1,7,13,2,0,2011-s3
P1430,P1622,1,0,1,0,4,6,1,0,2011-s2
P1430,P1554,1,0,1,0,3,7,1,0,2011-s2
P1536,P1696,1,1,0,0,8,2,1,0,2011-s2
P1536,P1638,1,1,0,0,7,3,1,0,2011-s2
P1536,P1606,1,0,0,1,5,5,1,0,2011-s2
P1536,P1622,1,1,0,0,8,2,1,0,2011-s2
P1638,P1696,1,1,0,0,7,3,1,0,2011-s2
P1606,P1696,1,0,0,1,5,5,1,0,2011-s2
P1622,P1696,1,1,0,0,9,1,1,0,2011-s2
P1554,P1696,1,1,0,0,6,4,1,0,2011-s2
P1606,P1638,1,1,0,0,6,4,1,0,2011-s2
P1622,P1638,1,1,0,0,8,2,1,0,2011-s2
P1554,P1638,1,1,0,0,7,3,1,0,2011-s2
P1606,P1622,1,0,1,0,0,10,1,0,2011-s2
P1554,P1606,1,0,1,0,4,6,1,0,2011-s2
P1554,P1622,1,1,0,0,6,4,1,0,2011-s2
P1456,P1721,1,1,0,0,9,1,1,0,2011-s2
P1456,P1626,1,1,0,0,7,3,1,0,2011-s2
P1456,P1624,1,1,0,0,9,1,1,0,2011-s2
P1456,P1574,1,1,0,0,8,2,1,0,2011-s2
P1456,P1635,1,1,0,0,6,4,1,0,2011-s2
P1456,P1617,1,0,1,0,4,6,1,0,2011-s2
P1624,P1721,1,1,0,0,10,0,1,0,2011-s2
P1574,P1721,1,1,0,0,6,4,1,0,2011-s2
P1635,P1721,1,1,0,0,8,2,1,0,2011-s2
P1624,P1626,1,1,0,0,6,4,1,0,2011-s2
P1574,P1626,1,0,1,0,3,7,1,0,2011-s2
P1626,P1635,1,1,0,0,7,3,1,0,2011-s2
P1617,P1626,1,0,1,0,4,6,1,0,2011-s2
P1574,P1624,1,1,0,0,6,4,1,0,2011-s2
P1624,P1635,1,0,1,0,2,8,1,0,2011-s2
P1617,P1624,1,1,0,0,8,2,1,0,2011-s2
P1574,P1635,1,0,0,1,5,5,1,0,2011-s2
P1574,P1617,1,0,1,0,1,9,1,0,2011-s2
P1617,P1635,1,0,1,0,4,6,1,0,2011-s2
P0907,P1572,1,0,1,0,0,10,1,0,2011-s2
P1572,P1708,1,1,0,0,7,3,1,0,2011-s2
P1572,P1600,1,1,0,0,8,2,1,0,2011-s2
P1572,P1642,1,1,0,0,6,4,1,0,2011-s2
P1572,P1597,1,1,0,0,9,1,1,0,2011-s2
P1572,P1607,1,0,0,1,5,5,1,0,2011-s2
P0907,P1708,1,1,0,0,10,0,1,0,2011-s2
P0907,P1600,1,1,0,0,6,4,1,0,2011-s2
P0907,P1642,1,0,1,0,4,6,1,0,2011-s2
P0907,P1597,1,1,0,0,6,4,1,0,2011-s2
P0907,P1607,1,0,1,0,4,6,1,0,2011-s2
P1642,P1708,1,1,0,0,10,0,1,0,2011-s2
P1600,P1642,1,0,0,1,5,5,1,0,2011-s2
P1597,P1600,1,0,1,0,4,6,1,0,2011-s2
P1600,P1607,1,0,1,0,4,6,1,0,2011-s2
P1597,P1642,1,0,1,0,2,8,1,0,2011-s2
P1607,P1642,1,1,0,0,8,2,1,0,2011-s2
P1597,P1607,1,0,1,0,2,8,1,0,2011-s2
P0969,P1410,1,0,1,0,4,6,1,0,2011-s3
P1410,P1567,1,1,0,0,7,3,1,0,2011-s3
P1410,P1615,1,1,0,0,8,2,1,0,2011-s3
P1410,P1554,1,1,0,0,10,0,1,0,2011-s3
P1270,P1410,1,0,1,0,2,8,1,0,2011-s3
P0969,P1567,2,1,1,0,12,8,2,0,2013-s1
P0969,P1318,1,1,0,0,10,0,1,0,2011-s3
P0969,P1615,1,0,1,0,4,6,1,0,2011-s3
P0969,P1554,1,1,0,0,7,3,1,0,2011-s3
P0969,P1270,1,1,0,0,10,0,1,0,2011-s3
P1554,P1567,1,0,1,0,4,6,1,0,2011-s3
P1270,P1567,3,1,2,0,12,18,3,0,2014-s1
P1318,P1615,1,0,1,0,1,9,1,0,2011-s3
P1318,P1554,1,0,0,1,5,5,1,0,2011-s3
P1554,P1615,1,0,1,0,4,6,1,0,2011-s3
P1270,P1554,1,0,1,0,4,6,1,0,2011-s3
P0010,P1157,2,2,0,0,17,3,2,0,2011-s4
P1096,P1157,1,0,1,0,4,6,1,0,2011-s3
P1157,P1556,2,2,0,0,14,6,2,0,2011-s4
P1157,P1675,1,1,0,0,6,4,1,0,2011-s3
P1157,P1627,1,1,0,0,6,4,1,0,2011-s3
P0726,P1157,1,1,0,0,6,4,1,0,2011-s3
P0010,P1096,1,1,0,0,6,4,1,0,2011-s3
P0010,P1556,1,0,1,0,4,6,1,0,2011-s3
P0010,P1675,1,1,0,0,7,3,1,0,2011-s3
P0010,P1627,1,1,0,0,6,4,1,0,2011-s3
P0010,P0726,1,0,0,1,5,5,1,0,2011-s3
P1096,P1556,1,1,0,0,6,4,1,0,2011-s3
P1096,P1675,1,1,0,0,6,4,1,0,2011-s3
P1096,P1627,2,2,0,0,16,4,2,0,2011-s5
P0726,P1096,1,0,1,0,3,7,1,0,2011-s3
P1556,P1675,1,0,1,0,2,8,1,0,2011-s3
P1556,P1627,1,1,0,0,6,4,1,0,2011-s3
P0726,P1556,1,1,0,0,6,4,1,0,2011-s3
P1627,P1675,1,0,1,0,4,6,1,0,2011-s3
P0726,P1675,1,0,1,0,4,6,1,0,2011-s3
P0726,P1627,1,1,0,0,6,4,1,0,2011-s3
P1334,P1393,1,1,0,0,7,3,1,0,2011-s3
P1334,P1688,1,1,0,0,8,2,1,0,2011-s3
P1334,P1642,1,1,0,0,6,4,1,0,2011-s3
P0076,P1334,1,0,1,0,4,6,1,0,2011-s3
P0296,P1334,1,0,1,0,2,8,1,0,2011-s3
P1393,P1642,1,0,1,0,4,6,1,0,2011-s3
P0076,P1393,1,1,0,0,10,0,1,0,2011-s3
P0296,P1393,1,1,0,0,10,0,1,0,2011-s3
P1300,P1393,1,1,0,0,6,4,1,0,2011-s3
P1642,P1688,1,0,1,0,2,8,1,0,2011-s3
P0076,P1688,1,1,0,0,8,2,1,0,2011-s3
P0296,P1688,1,0,0,1,5,5,1,0,2011-s3
P1300,P1688,1,1,0,0,10,0,1,0,2011-s3
P0076,P1642,1,0,1,0,4,6,1,0,2011-s3
P0296,P1642,1,1,0,0,9,1,1,0,2011-s3
P1300,P1642,1,1,0,0,6,4,1,0,2011-s3
P0076,P0296,1,1,0,0,6,4,1,0,2011-s3
P0076,P1300,1,0,1,0,3,7,1,0,2011-s3
P0296,P1300,1,1,0,0,6,4,1,0,2011-s3
P1063,P1520,1,0,1,0,3,7,1,0,2011-s3
P0368,P1520,1,0,1,0,3,7,1,0,2011-s3
P1381,P1520,1,0,1,0,4,6,1,0,2011-s3
P1520,P1691,1,0,1,0,2,8,1,0,2011-s3
P1520,P1607,1,1,0,0,8,2,1,0,2011-s3
P1520,P1714,1,1,0,0,8,2,1,0,2011-s3
P0368,P1063,2,1,0,1,11,9,2,0,2012-s2
P1063,P1691,1,0,1,0,4,6,1,0,2011-s3
P1063,P1607,1,1,0,0,9,1,1,0,2011-s3
P1063,P1714,1,0,1,0,4,6,1,0,2011-s3
P0368,P1381,2,2,0,0,16,4,2,0,2012-s2
P0368,P1691,1,1,0,0,9,1,1,0,2011-s3
P0368,P1607,1,0,1,0,4,6,1,0,2011-s3
P0368,P1714,1,1,0,0,6,4,1,0,2011-s3
P1381,P1691,1,0,1,0,1,9,1,0,2011-s3
P1381,P1607,1,0,1,0,2,8,1,0,2011-s3
P1381,P1714,1,1,0,0,6,4,1,0,2011-s3
P1607,P1691,1,0,1,0,4,6,1,0,2011-s3
P1691,P1714,1,1,0,0,6,4,1,0,2011-s3
P1607,P1714,1,1,0,0,7,3,1,0,2011-s3
P1446,P1594,1,1,0,0,8,2,1,0,2011-s3
P1425,P1446,1,1,0,0,7,3,1,0,2011-s3
P1411,P1446,1,0,1,0,3,7,1,0,2011-s3
P1113,P1446,1,0,1,0,4,6,1,0,2011-s3
P1286,P1446,1,1,0,0,6,4,1,0,2011-s3
P1446,P1686,1,0,1,0,4,6,1,0,2011-s3
P1425,P1594,1,0,1,0,3,7,1,0,2011-s3
P1411,P1594,1,1,0,0,6,4,1,0,2011-s3
P1113,P1594,1,0,1,0,2,8,1,0,2011-s3
P1286,P1594,1,1,0,0,7,3,1,0,2011-s3
P1594,P1686,1,1,0,0,6,4,1,0,2011-s3
P1425,P1686,1,0,0,1,5,5,1,0,2011-s3
P1113,P1411,1,0,1,0,2,8,1,0,2011-s3
P1286,P1411,1,0,1,0,0,10,1,0,2011-s3
P1411,P1686,1,1,0,0,6,4,1,0,2011-s3
P1113,P1686,1,0,1,0,3,7,1,0,2011-s3
P1286,P1686,1,1,0,0,9,1,1,0,2011-s3
P1404,P1630,1,1,0,0,6,4,1,0,2011-s3
P1404,P1593,1,1,0,0,7,3,1,0,2011-s3
P1404,P1603,1,1,0,0,7,3,1,0,2011-s3
P1404,P1419,1,0,1,0,4,6,1,0,2011-s3
P1593,P1630,1,1,0,0,7,3,1,0,2011-s3
P1603,P1630,1,0,1,0,2,8,1,0,2011-s3
P1539,P1630,1,0,1,0,1,9,1,0,2011-s3
P1630,P1672,1,1,0,0,6,4,1,0,2011-s3
P1419,P1630,1,0,1,0,4,6,1,0,2011-s3
P1593,P1603,1,1,0,0,7,3,1,0,2011-s3
P1539,P1593,1,0,1,0,1,9,1,0,2011-s3
P1419,P1593,1,0,0,1,5,5,1,0,2011-s3
P1539,P1603,1,0,1,0,3,7,1,0,2011-s3
P1603,P1672,1,1,0,0,10,0,1,0,2011-s3
P1419,P1603,1,0,1,0,4,6,1,0,2011-s3
P1539,P1672,1,0,1,0,4,6,1,0,2011-s3
P1419,P1539,1,1,0,0,7,3,1,0,2011-s3
P1419,P1672,1,1,0,0,8,2,1,0,2011-s3
P1097,P1577,1,0,1,0,3,7,1,0,2011-s3
P1198,P1577,1,0,1,0,3,7,1,0,2011-s3
P1577,P1614,1,1,0,0,6,4,1,0,2011-s3
P0754,P1577,1,1,0,0,6,4,1,0,2011-s3
P1097,P1713,1,0,1,0,0,10,1,0,2011-s3
P1198,P1713,1,0,1,0,4,6,1,0,2011-s3
P1614,P1713,1,0,1,0,4,6,1,0,2011-s3
P0754,P1713,1,1,0,0,6,4,1,0,2011-s3
P1097,P1198,1,0,1,0,3,7,1,0,2011-s3
P1097,P1614,1,0,0,1,5,5,1,0,2011-s3
P0754,P1097,1,1,0,0,7,3,1,0,2011-s3
P1198,P1440,1,1,0,0,9,1,1,0,2011-s3
P1198,P1614,1,1,0,0,8,2,1,0,2011-s3
P0754,P1198,1,1,0,0,6,4,1,0,2011-s3
P1440,P1614,1,1,0,0,6,4,1,0,2011-s3
P0754,P1440,1,1,0,0,6,4,1,0,2011-s3
P0754,P1614,1,1,0,0,7,3,1,0,2011-s3
P1582,P1626,1,1,0,0,6,4,1,0,2011-s3
P1626,P1660,1,0,1,0,4,6,1,0,2011-s3
P1472,P1626,1,0,1,0,3,7,1,0,2011-s3
P1626,P1682,1,1,0,0,6,4,1,0,2011-s3
P1570,P1626,1,0,1,0,3,7,1,0,2011-s3
P1626,P1653,1,0,1,0,2,8,1,0,2011-s3
P1582,P1660,1,0,1,0,2,8,1,0,2011-s3
P1472,P1582,1,0,1,0,4,6,1,0,2011-s3
P1582,P1682,1,1,0,0,7,3,1,0,2011-s3
P1570,P1582,1,0,1,0,3,7,1,0,2011-s3
P1582,P1653,1,1,0,0,6,4,1,0,2011-s3
P1472,P1660,1,1,0,0,6,4,1,0,2011-s3
P1660,P1682,1,1,0,0,9,1,1,0,2011-s3
P1570,P1660,1,1,0,0,6,4,1,0,2011-s3
P1653,P1660,1,1,0,0,7,3,1,0,2011-s3
P1472,P1570,1,1,0,0,7,3,1,0,2011-s3
P1472,P1653,1,0,1,0,4,6,1,0,2011-s3
P1570,P1682,1,1,0,0,7,3,1,0,2011-s3
P1653,P1682,1,1,0,0,6,4,1,0,2011-s3
P1570,P1653,1,1,0,0,7,3,1,0,2011-s3
P0907,P1680,2,2,0,0,13,7,2,0,2011-s4
P0907,P1624,1,1,0,0,8,2,1,0,2011-s3
P0907,P1313,1,1,0,0,7,3,1,0,2011-s3
P0907,P1644,1,1,0,0,8,2,1,0,2011-s3
P0907,P1658,1,1,0,0,7,3,1,0,2011-s3
P0907,P1598,1,1,0,0,7,3,1,0,2011-s3
P1624,P1680,1,0,1,0,0,10,1,0,2011-s3
P1313,P1680,1,0,1,0,3,7,1,0,2011-s3
P1644,P1680,1,1,0,0,8,2,1,0,2011-s3
P1658,P1680,1,0,1,0,2,8,1,0,2011-s3
P1598,P1680,1,0,1,0,1,9,1,0,2011-s3
P1313,P1624,1,0,1,0,4,6,1,0,2011-s3
P1624,P1644,1,0,1,0,4,6,1,0,2011-s3
P1624,P1658,1,1,0,0,6,4,1,0,2011-s3
P1598,P1624,1,1,0,0,6,4,1,0,2011-s3
P1313,P1644,1,0,0,1,5,5,1,0,2011-s3
P1313,P1658,1,1,0,0,6,4,1,0,2011-s3
P1313,P1598,1,0,1,0,4,6,1,0,2011-s3
P1644,P1658,1,1,0,0,8,2,1,0,2011-s3
P1598,P1644,1,0,1,0,4,6,1,0,2011-s3
P1598,P1658,1,1,0,0,8,2,1,0,2011-s3
P1417,P1721,1,0,1,0,4,6,1,0,2011-s3
P1606,P1721,1,1,0,0,7,3,1,0,2011-s3
P1576,P1721,1,0,0,1,5,5,1,0,2011-s3
P1430,P1721,1,1,0,0,7,3,1,0,2011-s3
P1575,P1721,1,0,1,0,1,9,1,0,2011-s3
P1633,P1721,1,0,1,0,0,10,1,0,2011-s3
P1417,P1576,1,0,1,0,3,7,1,0,2011-s3
P1417,P1430,1,1,0,0,6,4,1,0,2011-s3
P1417,P1575,1,1,0,0,9,1,1,0,2011-s3
P1576,P1606,1,1,0,0,6,4,1,0,2011-s3
P1575,P1606,1,0,1,0,0,10,1,0,2011-s3
P1606,P1633,1,0,1,0,0,10,1,0,2011-s3
P1430,P1576,1,0,1,0,3,7,1,0,2011-s3
P1575,P1576,1,0,1,0,0,10,1,0,2011-s3
P1576,P1633,1,1,0,0,6,4,1,0,2011-s3
P1430,P1575,1,1,0,0,8,2,1,0,2011-s3
P1430,P1633,1,1,0,0,6,4,1,0,2011-s3
P1575,P1633,1,1,0,0,6,4,1,0,2011-s3
P1463,P1610,1,1,0,0,10,0,1,0,2011-s3
P1463,P1609,1,0,1,0,4,6,1,0,2011-s3
P1463,P1531,2,0,2,0,2,18,2,0,2011-s5
P1463,P1716,1,1,0,0,10,0,1,0,2011-s3
P1463,P1705,1,0,1,0,4,6,1,0,2011-s3
P1531,P1610,1,1,0,0,6,4,1,0,2011-s3
P1516,P1610,1,1,0,0,10,0,1,0,2011-s3
P1531,P1609,2,2,0,0,13,7,2,0,2011-s4
P1609,P1716,1,1,0,0,6,4,1,0,2011-s3
P1609,P1705,1,1,0,0,9,1,1,0,2011-s3
P1516,P1609,1,1,0,0,6,4,1,0,2011-s3
P1531,P1716,1,1,0,0,10,0,1,0,2011-s3
P1531,P1705,1,1,0,0,8,2,1,0,2011-s3
P1516,P1716,1,1,0,0,10,0,1,0,2011-s3
P1516,P1705,1,1,0,0,10,0,1,0,2011-s3
P1628,P1703,1,0,1,0,3,7,1,0,2011-s3
P1628,P1669,1,0,1,0,0,10,1,0,2011-s3
P1628,P1639,1,0,1,0,4,6,1,0,2011-s3
P1696,P1697,1,0,1,0,1,9,1,0,2011-s3
P1492,P1697,1,0,1,0,2,8,1,0,2011-s3
P1697,P1703,1,0,1,0,4,6,1,0,2011-s3
P1669,P1697,1,1,0,0,6,4,1,0,2011-s3
P1639,P1697,1,0,1,0,2,8,1,0,2011-s3
P1492,P1696,1,1,0,0,8,2,1,0,2011-s3
P1696,P1703,1,0,1,0,2,8,1,0,2011-s3
P1669,P1696,1,0,1,0,2,8,1,0,2011-s3
P1492,P1703,1,1,0,0,6,4,1,0,2011-s3
P1492,P1669,1,0,1,0,4,6,1,0,2011-s3
P1492,P1639,1,0,1,0,0,10,1,0,2011-s3
P1669,P1703,1,0,1,0,4,6,1,0,2011-s3
P1639,P1703,1,1,0,0,6,4,1,0,2011-s3
P1639,P1669,1,0,1,0,4,6,1,0,2011-s3
P1568,P1616,1,1,0,0,6,4,1,0,2011-s3
P1568,P1717,1,1,0,0,6,4,1,0,2011-s3
P0282,P1568,1,0,1,0,4,6,1,0,2011-s3
P1568,P1592,1,0,1,0,3,7,1,0,2011-s3
P1568,P1710,1,0,1,0,1,9,1,0,2011-s3
P1616,P1717,1,1,0,0,6,4,1,0,2011-s3
P0282,P1616,1,0,1,0,2,8,1,0,2011-s3
P1616,P1666,1,1,0,0,6,4,1,0,2011-s3
P1592,P1616,1,0,1,0,0,10,1,0,2011-s3
P1616,P1710,1,1,0,0,10,0,1,0,2011-s3
P0282,P1717,1,0,1,0,4,6,1,0,2011-s3
P1710,P1717,1,0,1,0,4,6,1,0,2011-s3
P0282,P1710,1,0,1,0,3,7,1,0,2011-s3
P1592,P1666,1,0,1,0,4,6,1,0,2011-s3
P1666,P1710,1,0,1,0,4,6,1,0,2011-s3
P1693,P1713,1,0,1,0,2,8,1,0,2011-s4
P0076,P1693,1,1,0,0,7,3,1,0,2011-s4
P1603,P1693,1,1,0,0,7,3,1,0,2011-s4
P1578,P1693,1,1,0,0,6,4,1,0,2011-s4
P0076,P1713,1,1,0,0,6,4,1,0,2011-s4
P1603,P1713,1,0,1,0,0,10,1,0,2011-s4
P1578,P1713,1,0,1,0,4,6,1,0,2011-s4
P1380,P1713,1,0,1,0,4,6,1,0,2011-s4
P0184,P1380,1,1,0,0,6,4,1,0,2011-s4
P0076,P1603,1,1,0,0,8,2,1,0,2011-s4
P0076,P1578,1,0,0,1,5,5,1,0,2011-s4
P0076,P1380,1,0,0,1,5,5,1,0,2011-s4
P1578,P1603,1,1,0,0,6,4,1,0,2011-s4
P1380,P1603,1,1,0,0,10,0,1,0,2011-s4
P1404,P1520,1,1,0,0,6,4,1,0,2011-s4
P1223,P1520,1,1,0,0,10,0,1,0,2011-s4
P1520,P1683,1,0,1,0,4,6,1,0,2011-s4
P1404,P1706,1,1,0,0,6,4,1,0,2011-s4
P1404,P1435,1,0,1,0,2,8,1,0,2011-s4
P1404,P1683,1,1,0,0,6,4,1,0,2011-s4
P1223,P1706,1,0,0,1,5,5,1,0,2011-s4
P1096,P1223,1,0,1,0,3,7,1,0,2011-s4
P1223,P1683,1,1,0,0,9,1,1,0,2011-s4
P1096,P1706,1,0,1,0,4,6,1,0,2011-s4
P1435,P1706,1,0,1,0,4,6,1,0,2011-s4
P1096,P1683,1,1,0,0,6,4,1,0,2011-s4
P1435,P1683,1,1,0,0,6,4,1,0,2011-s4
P1198,P1595,1,1,0,0,6,4,1,0,2011-s4
P0969,P1198,1,1,0,0,7,3,1,0,2011-s4
P1198,P1631,1,1,0,0,8,2,1,0,2011-s4
P0726,P1198,1,0,1,0,3,7,1,0,2011-s4
P1075,P1198,1,0,1,0,4,6,1,0,2011-s4
P1138,P1198,1,0,1,0,2,8,1,0,2011-s4
P0969,P1595,1,1,0,0,8,2,1,0,2011-s4
P1595,P1631,1,1,0,0,6,4,1,0,2011-s4
P0726,P1595,1,0,1,0,4,6,1,0,2011-s4
P1075,P1595,2,1,1,0,13,7,2,0,2011-s5
P1138,P1595,1,0,1,0,2,8,1,0,2011-s4
P0969,P1631,1,0,1,0,4,6,1,0,2011-s4
P0726,P0969,1,0,1,0,3,7,1,0,2011-s4
P0969,P1138,1,1,0,0,8,2,1,0,2011-s4
P0726,P1631,2,1,1,0,8,12,2,0,2011-s5
P1075,P1631,1,1,0,0,7,3,1,0,2011-s4
P0726,P1075,1,1,0,0,7,3,1,0,2011-s4
P1075,P1138,1,1,0,0,8,2,1,0,2011-s4
P0951,P1584,1,0,1,0,2,8,1,0,2011-s4
P0951,P1262,1,0,0,1,5,5,1,0,2011-s4
P0951,P0988,1,0,1,0,3,7,1,0,2011-s4
P0951,P1399,1,1,0,0,6,4,1,0,2011-s4
P1262,P1584,1,0,1,0,4,6,1,0,2011-s4
P0988,P1584,1,1,0,0,6,4,1,0,2011-s4
P1466,P1584,1,0,1,0,4,6,1,0,2011-s4
P0988,P1262,1,0,0,1,5,5,1,0,2011-s4
P1262,P1399,1,1,0,0,6,4,1,0,2011-s4
P1262,P1466,1,1,0,0,8,2,1,0,2011-s4
P1262,P1686,1,1,0,0,6,4,1,0,2011-s4
P0988,P1466,1,1,0,0,6,4,1,0,2011-s4
P0988,P1686,1,1,0,0,9,1,1,0,2011-s4
P1399,P1466,1,1,0,0,9,1,1,0,2011-s4
P1399,P1686,1,0,0,1,5,5,1,0,2011-s4
P1425,P1724,1,1,0,0,8,2,1,0,2011-s4
P0754,P1724,1,1,0,0,9,1,1,0,2011-s4
P1701,P1724,1,1,0,0,9,1,1,0,2011-s4
P1508,P1724,1,1,0,0,6,4,1,0,2011-s4
P1022,P1425,1,0,1,0,2,8,1,0,2011-s4
P1425,P1701,1,0,1,0,4,6,1,0,2011-s4
P1425,P1508,1,1,0,0,8,2,1,0,2011-s4
P1022,P1701,1,1,0,0,7,3,1,0,2011-s4
P0754,P1063,1,1,0,0,6,4,1,0,2011-s4
P1063,P1701,1,0,1,0,4,6,1,0,2011-s4
P1508,P1701,1,0,1,0,4,6,1,0,2011-s4
P1063,P1508,1,0,1,0,4,6,1,0,2011-s4
P0010,P1300,1,1,0,0,7,3,1,0,2011-s4
P1157,P1300,1,1,0,0,7,3,1,0,2011-s4
P1300,P1588,1,1,0,0,6,4,1,0,2011-s4
P1300,P1576,1,1,0,0,6,4,1,0,2011-s4
P0873,P1300,2,0,2,0,8,12,2,0,2011-s5
P1300,P1556,1,0,1,0,4,6,1,0,2011-s4
P0010,P1588,1,0,1,0,4,6,1,0,2011-s4
P0010,P1576,1,1,0,0,7,3,1,0,2011-s4
P1157,P1588,1,0,1,0,4,6,1,0,2011-s4
P1157,P1576,1,0,0,1,5,5,1,0,2011-s4
P0873,P1157,1,0,0,1,5,5,1,0,2011-s4
P1576,P1588,1,0,1,0,2,8,1,0,2011-s4
P0873,P1588,1,0,1,0,4,6,1,0,2011-s4
P1556,P1588,1,0,1,0,4,6,1,0,2011-s4
P0873,P1576,1,1,0,0,6,4,1,0,2011-s4
P0873,P1556,1,1,0,0,9,1,1,0,2011-s4
P0984,P1656,1,0,0,1,5,5,1,0,2011-s4
P1249,P1656,1,0,1,0,1,9,1,0,2011-s4
P1085,P1656,1,0,1,0,1,9,1,0,2011-s4
P0728,P1656,1,0,1,0,4,6,1,0,2011-s4
P1569,P1656,1,0,1,0,4,6,1,0,2011-s4
P1656,P1675,1,1,0,0,7,3,1,0,2011-s4
P0984,P1085,1,1,0,0,10,0,1,0,2011-s4
P0728,P0984,1,1,0,0,6,4,1,0,2011-s4
P0984,P1569,1,1,0,0,8,2,1,0,2011-s4
P0984,P1675,1,1,0,0,8,2,1,0,2011-s4
P0728,P1249,1,1,0,0,10,0,1,0,2011-s4
P1249,P1569,1,1,0,0,6,4,1,0,2011-s4
P1249,P1675,1,0,0,1,5,5,1,0,2011-s4
P0728,P1085,1,0,1,0,2,8,1,0,2011-s4
P1085,P1569,1,1,0,0,6,4,1,0,2011-s4
P1085,P1675,1,1,0,0,8,2,1,0,2011-s4
P0728,P1569,1,1,0,0,7,3,1,0,2011-s4
P0728,P1675,1,0,1,0,3,7,1,0,2011-s4
P1569,P1675,1,1,0,0,7,3,1,0,2011-s4
P1313,P1430,1,0,1,0,1,9,1,0,2011-s4
P1313,P1625,1,0,0,1,5,5,1,0,2011-s4
P1313,P1700,1,0,1,0,3,7,1,0,2011-s4
P0296,P1313,1,1,0,0,6,4,1,0,2011-s4
P1313,P1573,1,0,1,0,4,6,1,0,2011-s4
P1430,P1625,1,1,0,0,6,4,1,0,2011-s4
P1430,P1700,1,0,1,0,1,9,1,0,2011-s4
P0296,P1430,1,1,0,0,6,4,1,0,2011-s4
P0282,P1430,1,0,0,1,5,5,1,0,2011-s4
P1430,P1573,1,0,0,1,5,5,1,0,2011-s4
P1625,P1700,1,0,1,0,1,9,1,0,2011-s4
P0296,P1625,1,1,0,0,9,1,1,0,2011-s4
P1573,P1625,1,0,1,0,2,8,1,0,2011-s4
P0296,P1700,1,0,1,0,4,6,1,0,2011-s4
P0282,P1700,1,0,1,0,2,8,1,0,2011-s4
P1573,P1700,1,0,1,0,4,6,1,0,2011-s4
P0282,P0296,1,0,1,0,1,9,1,0,2011-s4
P0296,P1573,1,1,0,0,9,1,1,0,2011-s4
P0282,P1573,1,0,1,0,4,6,1,0,2011-s4
P0907,P1653,1,1,0,0,7,3,1,0,2011-s4
P1653,P1718,1,1,0,0,8,2,1,0,2011-s4
P1653,P1676,1,1,0,0,9,1,1,0,2011-s4
P1599,P1653,1,0,1,0,2,8,1,0,2011-s4
P1463,P1653,1,0,1,0,0,10,1,0,2011-s4
P0907,P1718,1,1,0,0,9,1,1,0,2011-s4
P0907,P1676,1,1,0,0,7,3,1,0,2011-s4
P0907,P1599,1,1,0,0,6,4,1,0,2011-s4
P0907,P1463,1,1,0,0,10,0,1,0,2011-s4
P1599,P1718,1,0,1,0,4,6,1,0,2011-s4
P1599,P1680,1,1,0,0,9,1,1,0,2011-s4
P1599,P1676,1,1,0,0,8,2,1,0,2011-s4
P1463,P1676,1,0,0,1,5,5,1,0,2011-s4
P1463,P1599,1,0,0,1,5,5,1,0,2011-s4
P1097,P1698,1,1,0,0,7,3,1,0,2011-s4
P1097,P1673,1,0,1,0,3,7,1,0,2011-s4
P1097,P1663,1,1,0,0,6,4,1,0,2011-s4
P1097,P1681,1,0,1,0,4,6,1,0,2011-s4
P1097,P1696,1,1,0,0,7,3,1,0,2011-s4
P1673,P1698,1,1,0,0,8,2,1,0,2011-s4
P1663,P1698,1,0,1,0,4,6,1,0,2011-s4
P1681,P1698,1,1,0,0,8,2,1,0,2011-s4
P1696,P1698,1,0,1,0,4,6,1,0,2011-s4
P1663,P1673,1,0,1,0,4,6,1,0,2011-s4
P1673,P1681,1,1,0,0,6,4,1,0,2011-s4
P1673,P1696,1,0,0,1,5,5,1,0,2011-s4
P1663,P1681,1,0,1,0,3,7,1,0,2011-s4
P1661,P1663,1,0,1,0,4,6,1,0,2011-s4
P1681,P1696,1,1,0,0,7,3,1,0,2011-s4
P1293,P1516,1,0,1,0,4,6,1,0,2011-s4
P1516,P1607,1,1,0,0,6,4,1,0,2011-s4
P1516,P1643,1,1,0,0,6,4,1,0,2011-s4
P1516,P1674,1,1,0,0,6,4,1,0,2011-s4
P0616,P1516,1,0,1,0,2,8,1,0,2011-s4
P1293,P1607,1,1,0,0,6,4,1,0,2011-s4
P1293,P1643,1,1,0,0,6,4,1,0,2011-s4
P1293,P1629,1,0,0,1,5,5,1,0,2011-s4
P1293,P1674,1,0,0,1,5,5,1,0,2011-s4
P0616,P1293,1,0,1,0,0,10,1,0,2011-s4
P1607,P1643,1,1,0,0,7,3,1,0,2011-s4
P1607,P1629,1,1,0,0,7,3,1,0,2011-s4
P1607,P1674,1,1,0,0,6,4,1,0,2011-s4
P0616,P1607,1,0,1,0,0,10,1,0,2011-s4
P1629,P1643,1,0,1,0,4,6,1,0,2011-s4
P1643,P1674,1,0,1,0,4,6,1,0,2011-s4
P0616,P1643,1,0,1,0,4,6,1,0,2011-s4
P1629,P1674,1,1,0,0,7,3,1,0,2011-s4
P0616,P1629,1,0,1,0,4,6,1,0,2011-s4
P0616,P1674,1,0,1,0,4,6,1,0,2011-s4
P1580,P1641,1,1,0,0,8,2,1,0,2011-s4
P1395,P1580,1,0,1,0,2,8,1,0,2011-s4
P1580,P1664,1,1,0,0,8,2,1,0,2011-s4
P1554,P1580,1,0,1,0,2,8,1,0,2011-s4
P1395,P1641,1,0,1,0,4,6,1,0,2011-s4
P1641,P1664,1,0,1,0,4,6,1,0,2011-s4
P1604,P1641,1,1,0,0,9,1,1,0,2011-s4
P1554,P1641,1,1,0,0,6,4,1,0,2011-s4
P1395,P1714,1,1,0,0,6,4,1,0,2011-s4
P1395,P1664,1,1,0,0,6,4,1,0,2011-s4
P1395,P1604,1,0,1,0,4,6,1,0,2011-s4
P1395,P1554,1,0,1,0,4,6,1,0,2011-s4
P1554,P1714,1,0,1,0,4,6,1,0,2011-s4
P1604,P1664,2,2,0,0,14,6,2,0,2013-s4
P1554,P1664,1,1,0,0,7,3,1,0,2011-s4
P1554,P1604,1,0,1,0,3,7,1,0,2011-s4
P1699,P1710,1,1,0,0,10,0,1,0,2011-s4
P1609,P1699,1,1,0,0,9,1,1,0,2011-s4
P1636,P1699,1,1,0,0,6,4,1,0,2011-s4
P1670,P1699,1,0,1,0,4,6,1,0,2011-s4
P1608,P1710,1,1,0,0,6,4,1,0,2011-s4
P1608,P1609,1,1,0,0,6,4,1,0,2011-s4
P1608,P1636,1,0,1,0,3,7,1,0,2011-s4
P1531,P1608,1,0,1,0,4,6,1,0,2011-s4
P1608,P1670,1,0,1,0,4,6,1,0,2011-s4
P1609,P1710,1,1,0,0,10,0,1,0,2011-s4
P1636,P1710,1,1,0,0,7,3,1,0,2011-s4
P1531,P1710,1,1,0,0,8,2,1,0,2011-s4
P1670,P1710,1,0,1,0,4,6,1,0,2011-s4
P1609,P1636,1,1,0,0,9,1,1,0,2011-s4
P1609,P1670,1,1,0,0,8,2,1,0,2011-s4
P1531,P1636,1,0,1,0,2,8,1,0,2011-s4
P1636,P1670,1,1,0,0,8,2,1,0,2011-s4
P1531,P1670,1,1,0,0,7,5,1,0,2011-s4
P1539,P1640,1,1,0,0,9,1,1,0,2011-s4
P1113,P1640,1,1,0,0,10,0,1,0,2011-s4
P1492,P1627,1,0,1,0,3,7,1,0,2011-s4
P1492,P1539,1,0,1,0,2,8,1,0,2011-s4
P1113,P1492,1,1,0,0,10,0,1,0,2011-s4
P1690,P1702,1,1,0,0,6,4,1,0,2011-s4
P1627,P1690,1,1,0,0,10,0,1,0,2011-s4
P1539,P1690,1,0,1,0,4,6,1,0,2011-s4
P1113,P1690,1,1,0,0,7,3,1,0,2011-s4
P1627,P1702,1,1,0,0,6,4,1,0,2011-s4
P1539,P1702,1,1,0,0,8,2,1,0,2011-s4
P1113,P1702,1,1,0,0,7,3,1,0,2011-s4
P1539,P1627,1,0,1,0,3,7,1,0,2011-s4
P1113,P1627,1,0,0,1,5,5,1,0,2011-s4
P1334,P1369,1,1,0,0,8,2,1,0,2011-s5
P0988,P1334,1,0,1,0,0,10,1,0,2011-s5
P1334,P1588,1,1,0,0,8,2,1,0,2011-s5
P1334,P1631,1,1,0,0,6,4,1,0,2011-s5
P0726,P1334,1,0,1,0,2,8,1,0,2011-s5
P1104,P1334,1,0,1,0,4,6,1,0,2011-s5
P1369,P1588,1,1,0,0,7,3,1,0,2011-s5
P1369,P1631,1,1,0,0,6,4,1,0,2011-s5
P0726,P1369,1,0,1,0,3,7,1,0,2011-s5
P0988,P1588,1,0,1,0,4,6,1,0,2011-s5
P0988,P1631,1,1,0,0,6,4,1,0,2011-s5
P1588,P1631,1,1,0,0,6,4,1,0,2011-s5
P0726,P1588,1,0,1,0,4,6,1,0,2011-s5
P1104,P1588,1,1,0,0,6,4,1,0,2011-s5
P1104,P1631,1,1,0,0,6,4,1,0,2011-s5
P1434,P1441,1,1,0,0,7,3,1,0,2011-s5
P0728,P1441,1,0,1,0,4,6,1,0,2011-s5
P1189,P1441,1,0,1,0,4,6,1,0,2011-s5
P1441,P1632,1,1,0,0,6,4,1,0,2011-s5
P1425,P1434,1,0,1,0,4,6,1,0,2011-s5
P0951,P1434,1,0,0,1,5,5,1,0,2011-s5
P0728,P1434,1,0,1,0,4,6,1,0,2011-s5
P1189,P1434,1,0,1,0,3,7,1,0,2011-s5
P1434,P1632,1,1,0,0,7,3,1,0,2011-s5
P0951,P1425,1,0,1,0,4,6,1,0,2011-s5
P0728,P1425,1,1,0,0,7,3,1,0,2011-s5
P1189,P1425,1,1,0,0,6,4,1,0,2011-s5
P1425,P1632,1,1,0,0,8,2,1,0,2011-s5
P0728,P0951,1,0,1,0,3,7,1,0,2011-s5
P0951,P1189,1,0,1,0,4,6,1,0,2011-s5
P0951,P1632,1,1,0,0,9,1,1,0,2011-s5
P0728,P1189,1,0,1,0,4,6,1,0,2011-s5
P1189,P1632,1,1,0,0,9,1,1,0,2011-s5
P0584,P1585,1,0,1,0,3,7,1,0,2011-s5
P1063,P1585,2,0,2,0,7,13,2,0,2012-s1
P0073,P1585,1,0,1,0,2,8,1,0,2011-s5
P1585,P1679,1,1,0,0,8,2,1,0,2011-s5
P0584,P1063,1,1,0,0,7,3,1,0,2011-s5
P0584,P1435,1,1,0,0,9,1,1,0,2011-s5
P0584,P1679,1,1,0,0,8,2,1,0,2011-s5
P0584,P1618,1,1,0,0,7,3,1,0,2011-s5
P1063,P1679,1,0,0,1,5,5,1,0,2011-s5
P0073,P1679,1,0,1,0,4,6,1,0,2011-s5
P0073,P1618,1,1,0,0,8,2,1,0,2011-s5
P1435,P1679,1,0,1,0,0,10,1,0,2011-s5
P1435,P1618,1,1,0,0,6,4,1,0,2011-s5
P1618,P1679,1,0,1,0,0,10,1,0,2011-s5
P1158,P1262,1,1,0,0,6,4,1,0,2011-s5
P1262,P1719,1,0,1,0,4,6,1,0,2011-s5
P1262,P1701,1,1,0,0,6,4,1,0,2011-s5
P1262,P1627,1,1,0,0,6,4,1,0,2011-s5
P1158,P1719,1,0,1,0,4,6,1,0,2011-s5
P1158,P1701,1,0,1,0,3,7,1,0,2011-s5
P1158,P1627,1,1,0,0,6,4,1,0,2011-s5
P0076,P1158,1,1,0,0,7,3,1,0,2011-s5
P1096,P1719,1,0,1,0,4,6,1,0,2011-s5
P1701,P1719,1,1,0,0,6,4,1,0,2011-s5
P1627,P1719,1,1,0,0,6,4,1,0,2011-s5
P0076,P1719,1,0,1,0,3,7,1,0,2011-s5
P1096,P1701,1,0,0,1,5,5,1,0,2011-s5
P0076,P1096,1,0,1,0,4,6,1,0,2011-s5
P1627,P1701,1,0,1,0,4,6,1,0,2011-s5
P0076,P1701,1,0,1,0,4,6,1,0,2011-s5
P1380,P1404,1,1,0,0,10,0,1,0,2011-s5
P0873,P1404,1,1,0,0,10,0,1,0,2011-s5
P1404,P1689,1,0,1,0,0,10,1,0,2011-s5
P1399,P1404,1,1,0,0,6,4,1,0,2011-s5
P1404,P1497,1,0,1,0,0,10,1,0,2011-s5
P1300,P1380,1,1,0,0,8,2,1,0,2011-s5
P1300,P1689,1,0,1,0,4,6,1,0,2011-s5
P1300,P1399,1,1,0,0,8,2,1,0,2011-s5
P1300,P1497,1,0,0,1,5,5,1,0,2011-s5
P0873,P1380,1,1,0,0,6,4,1,0,2011-s5
P1380,P1689,1,0,1,0,3,7,1,0,2011-s5
P1380,P1399,1,1,0,0,7,3,1,0,2011-s5
P1380,P1497,1,1,0,0,8,2,1,0,2011-s5
P0873,P1689,1,0,1,0,3,7,1,0,2011-s5
P0873,P1399,1,1,0,0,6,4,1,0,2011-s5
P0873,P1497,1,1,0,0,6,4,1,0,2011-s5
P1399,P1689,1,0,1,0,4,6,1,0,2011-s5
P1399,P1497,1,1,0,0,8,2,1,0,2011-s5
P0907,P1578,1,0,1,0,3,7,1,0,2011-s5
P1569,P1578,1,1,0,0,6,4,1,0,2011-s5
P1075,P1578,1,1,0,0,8,2,1,0,2011-s5
P1578,P1595,1,1,0,0,6,4,1,0,2011-s5
P0010,P1578,1,0,1,0,4,6,1,0,2011-s5
P0617,P1578,1,0,1,0,2,8,1,0,2011-s5
P0907,P1569,1,0,0,1,5,5,1,0,2011-s5
P0907,P1075,1,0,1,0,0,10,1,0,2011-s5
P0907,P1595,1,0,1,0,4,6,1,0,2011-s5
P0010,P0907,1,1,0,0,7,3,1,0,2011-s5
P0617,P0907,1,0,1,0,4,6,1,0,2011-s5
P1075,P1569,1,1,0,0,9,1,1,0,2011-s5
P1569,P1595,1,1,0,0,7,3,1,0,2011-s5
P0010,P1569,1,0,0,1,5,5,1,0,2011-s5
P0617,P1569,1,0,1,0,0,10,1,0,2011-s5
P0010,P1075,1,0,1,0,2,8,1,0,2011-s5
P0010,P1595,1,1,0,0,10,0,1,0,2011-s5
P0010,P0617,1,1,0,0,10,0,1,0,2011-s5
P1586,P1647,1,1,0,0,7,3,1,0,2011-s5
P1586,P1596,1,0,1,0,3,7,1,0,2011-s5
P1401,P1586,1,0,1,0,4,6,1,0,2011-s5
P0296,P1586,1,1,0,0,7,3,1,0,2011-s5
P1586,P1671,1,0,1,0,4,6,1,0,2011-s5
P1586,P1664,1,0,1,0,2,8,1,0,2011-s5
P1596,P1647,1,1,0,0,6,4,1,0,2011-s5
P1401,P1647,1,1,0,0,7,3,1,0,2011-s5
P0296,P1647,1,1,0,0,10,0,1,0,2011-s5
P1647,P1671,1,1,0,0,6,4,1,0,2011-s5
P1647,P1664,1,0,1,0,3,7,1,0,2011-s5
P1401,P1596,1,1,0,0,6,4,1,0,2011-s5
P0296,P1596,1,1,0,0,8,2,1,0,2011-s5
P1596,P1671,1,0,1,0,3,7,1,0,2011-s5
P1596,P1664,1,0,1,0,4,6,1,0,2011-s5
P0296,P1401,1,1,0,0,10,0,1,0,2011-s5
P1401,P1671,1,0,1,0,4,6,1,0,2011-s5
P1401,P1664,1,0,1,0,1,9,1,0,2011-s5
P0296,P1671,1,0,0,1,5,5,1,0,2011-s5
P0296,P1664,1,1,0,0,6,4,1,0,2011-s5
P1664,P1671,1,0,0,1,5,5,1,0,2011-s5
P1430,P1722,1,0,1,0,4,6,1,0,2011-s5
P1536,P1722,1,1,0,0,10,0,1,0,2011-s5
P1335,P1722,1,1,0,0,6,4,1,0,2011-s5
P1601,P1607,1,1,0,0,6,4,1,0,2011-s5
P1607,P1626,1,0,1,0,2,8,1,0,2011-s5
P1430,P1607,1,1,0,0,6,4,1,0,2011-s5
P1536,P1607,1,1,0,0,7,3,1,0,2011-s5
P1335,P1607,1,1,0,0,7,3,1,0,2011-s5
P1601,P1626,1,0,1,0,3,7,1,0,2011-s5
P1430,P1601,1,1,0,0,8,2,1,0,2011-s5
P1536,P1601,1,0,1,0,4,6,1,0,2011-s5
P1335,P1601,1,1,0,0,9,1,1,0,2011-s5
P1430,P1626,1,1,0,0,6,4,1,0,2011-s5
P1536,P1626,1,1,0,0,6,4,1,0,2011-s5
P1335,P1626,1,1,0,0,6,4,1,0,2011-s5
P1335,P1430,1,0,1,0,4,6,1,0,2011-s5
P1335,P1536,1,0,0,1,5,5,1,0,2011-s5
P1010,P1539,1,1,0,0,6,4,1,0,2011-s5
P1010,P1717,1,1,0,0,8,2,1,0,2011-s5
P1010,P1651,1,0,1,0,4,6,1,0,2011-s5
P1010,P1313,1,1,0,0,6,4,1,0,2011-s5
P1010,P1587,1,0,1,0,0,10,1,0,2011-s5
P1010,P1646,1,1,0,0,8,2,1,0,2011-s5
P1539,P1717,1,1,0,0,6,4,1,0,2011-s5
P1539,P1651,1,0,1,0,3,7,1,0,2011-s5
P1313,P1539,1,0,1,0,4,6,1,0,2011-s5
P1539,P1587,1,0,1,0,4,6,1,0,2011-s5
P1651,P1717,1,1,0,0,8,2,1,0,2011-s5
P1313,P1717,1,0,1,0,4,6,1,0,2011-s5
P1587,P1717,1,1,0,0,9,1,1,0,2011-s5
P1313,P1651,1,0,1,0,4,6,1,0,2011-s5
P1587,P1651,1,1,0,0,6,4,1,0,2011-s5
P1646,P1651,1,0,1,0,0,10,1,0,2011-s5
P1313,P1646,1,1,0,0,7,3,1,0,2011-s5
P1587,P1646,1,1,0,0,10,0,1,0,2011-s5
P1698,P1711,1,0,1,0,4,6,1,0,2011-s5
P1590,P1698,1,1,0,0,8,2,1,0,2011-s5
P1684,P1698,1,0,1,0,4,6,1,0,2011-s5
P1570,P1698,1,0,1,0,1,9,1,0,2011-s5
P1611,P1698,1,0,1,0,4,6,1,0,2011-s5
P1591,P1698,1,1,0,0,7,3,1,0,2011-s5
P1590,P1711,1,1,0,0,7,3,1,0,2011-s5
P1684,P1711,1,0,0,1,5,5,1,0,2011-s5
P1570,P1711,1,1,0,0,7,3,1,0,2011-s5
P1611,P1711,1,1,0,0,10,0,1,0,2011-s5
P1591,P1711,1,1,0,0,6,4,1,0,2011-s5
P1590,P1684,1,0,1,0,2,8,1,0,2011-s5
P1570,P1590,1,0,1,0,4,6,1,0,2011-s5
P1590,P1611,1,0,1,0,4,6,1,0,2011-s5
P1590,P1591,1,0,1,0,3,7,1,0,2011-s5
P1570,P1684,1,1,0,0,6,4,1,0,2011-s5
P1611,P1684,1,1,0,0,6,4,1,0,2011-s5
P1591,P1684,1,1,0,0,7,3,1,0,2011-s5
P1570,P1611,1,1,0,0,6,4,1,0,2011-s5
P1570,P1591,1,0,1,0,4,6,1,0,2011-s5
P1591,P1611,1,1,0,0,6,4,1,0,2011-s5
P1138,P1381,1,1,0,0,9,1,1,0,2011-s5
P1138,P1463,1,1,0,0,6,4,1,0,2011-s5
P1138,P1531,1,1,0,0,6,4,1,0,2011-s5
P1138,P1675,1,1,0,0,9,1,1,0,2011-s5
P1138,P1687,1,1,0,0,6,4,1,0,2011-s5
P1138,P1662,1,1,0,0,7,3,1,0,2011-s5
P1381,P1463,1,1,0,0,6,4,1,0,2011-s5
P1381,P1531,2,0,2,0,2,18,2,0,2012-s1
P1381,P1675,1,0,1,0,2,8,1,0,2011-s5
P1381,P1662,1,0,0,1,5,5,1,0,2011-s5
P1463,P1675,1,0,1,0,2,8,1,0,2011-s5
P1463,P1662,1,0,1,0,2,8,1,0,2011-s5
P1531,P1675,1,1,0,0,6,4,1,0,2011-s5
P1531,P1687,1,0,1,0,3,7,1,0,2011-s5
P1531,P1662,1,1,0,0,8,2,1,0,2011-s5
P1675,P1687,1,0,1,0,4,6,1,0,2011-s5
P1662,P1675,1,0,1,0,2,8,1,0,2011-s5
P1662,P1687,1,1,0,0,6,4,1,0,2011-s5
P0024,P1573,1,0,0,1,5,5,1,0,2011-s5
P0024,P1572,1,1,0,0,8,2,1,0,2011-s5
P0024,P1516,1,0,1,0,4,6,1,0,2011-s5
P0024,P1612,1,1,0,0,6,4,1,0,2011-s5
P0024,P1439,1,0,1,0,4,6,1,0,2011-s5
P0024,P1097,1,0,0,1,5,5,1,0,2011-s5
P1572,P1573,1,1,0,0,9,1,1,0,2011-s5
P1573,P1612,1,1,0,0,7,3,1,0,2011-s5
P1439,P1573,1,1,0,0,8,2,1,0,2011-s5
P1097,P1573,1,1,0,0,8,2,1,0,2011-s5
P1516,P1572,1,1,0,0,6,3,1,0,2011-s5
P1572,P1612,1,1,0,0,7,3,1,0,2011-s5
P1439,P1572,1,0,1,0,2,8,1,0,2011-s5
P1097,P1572,1,0,1,0,4,6,1,0,2011-s5
P1516,P1612,1,1,0,0,6,4,1,0,2011-s5
P1439,P1516,1,0,0,1,5,5,1,0,2011-s5
P1439,P1612,1,1,0,0,7,3,1,0,2011-s5
P1097,P1612,1,1,0,0,6,4,1,0,2011-s5
P1588,P1802,1,1,0,0,6,4,1,0,2012-s1
P1588,P1801,1,0,1,0,1,9,1,0,2012-s1
P1588,P1761,1,1,0,0,7,3,1,0,2012-s1
P1103,P1588,1,1,0,0,6,4,1,0,2012-s1
P1419,P1588,4,1,3,0,16,24,4,0,2013-s5
P1588,P1846,1,0,0,1,5,5,1,0,2012-s1
P1801,P1802,1,0,1,0,4,6,1,0,2012-s1
P1761,P1802,1,1,0,0,7,3,1,0,2012-s1
P1103,P1802,1,0,0,1,5,5,1,0,2012-s1
P1419,P1802,1,1,0,0,6,4,1,0,2012-s1
P1802,P1846,1,1,0,0,6,4,1,0,2012-s1
P1761,P1801,1,0,1,0,4,6,1,0,2012-s1
P1103,P1801,1,0,1,0,2,8,1,0,2012-s1
P1419,P1801,2,2,0,0,14,5,1,1,2012-s2
P1801,P1846,1,1,0,0,9,1,1,0,2012-s1
P1103,P1761,1,0,0,1,5,5,1,0,2012-s1
P1419,P1761,1,1,0,0,6,4,1,0,2012-s1
P1103,P1419,1,1,0,0,7,3,1,0,2012-s1
P1103,P1846,1,0,0,1,5,5,1,0,2012-s1
P1578,P1585,2,0,2,0,8,13,1,1,2012-s1
P1585,P1825,1,1,0,0,7,3,1,0,2012-s1
P1425,P1585,1,0,1,0,0,10,1,0,2012-s1
P1585,P1817,1,1,0,0,6,4,1,0,2012-s1
P1585,P1627,1,1,0,0,6,4,1,0,2012-s1
P1063,P1578,1,0,1,0,4,6,1,0,2012-s1
P1578,P1825,1,1,0,0,6,4,1,0,2012-s1
P1425,P1578,1,0,1,0,0,10,1,0,2012-s1
P1578,P1817,1,0,1,0,3,7,1,0,2012-s1
P1578,P1627,1,1,0,0,6,4,1,0,2012-s1
P1063,P1627,1,0,1,0,4,6,1,0,2012-s1
P1425,P1825,2,1,1,0,10,10,2,0,2013-s2
P1817,P1825,1,0,1,0,3,7,1,0,2012-s1
P1627,P1825,1,1,0,0,7,3,1,0,2012-s1
P1425,P1817,1,1,0,0,7,3,1,0,2012-s1
P1425,P1627,1,0,1,0,3,7,1,0,2012-s1
P1627,P1817,1,1,0,0,6,4,1,0,2012-s1
P0182,P0969,2,0,2,0,3,15,1,1,2012-s3
P0969,P1822,1,1,0,0,9,1,1,0,2012-s1
P0969,P1852,1,0,1,0,4,6,1,0,2012-s1
P0969,P1771,1,1,0,0,7,3,1,0,2012-s1
P0969,P1398,1,0,0,1,5,5,1,0,2012-s1
P0969,P1739,1,1,0,0,9,1,1,0,2012-s1
P0182,P1822,1,0,0,1,5,5,1,0,2012-s1
P0182,P1852,1,1,0,0,8,2,1,0,2012-s1
P0182,P1771,3,1,0,2,17,11,2,1,2012-s3
P0182,P1398,1,0,1,0,4,6,1,0,2012-s1
P0182,P1739,1,1,0,0,6,4,1,0,2012-s1
P1739,P1822,1,1,0,0,9,1,1,0,2012-s1
P1771,P1852,1,0,1,0,4,6,1,0,2012-s1
P1398,P1852,1,0,1,0,1,9,1,0,2012-s1
P1739,P1852,1,0,1,0,1,9,1,0,2012-s1
P1398,P1771,1,0,1,0,4,6,1,0,2012-s1
P1739,P1771,1,1,0,0,9,1,1,0,2012-s1
P1398,P1739,1,1,0,0,8,2,1,0,2012-s1
P0709,P1839,1,0,1,0,4,6,1,0,2012-s1
P0709,P1732,2,0,2,0,14,14,1,1,2013-s3
P0709,P1765,1,0,1,0,0,10,1,0,2012-s1
P0248,P0709,1,0,1,0,2,8,1,0,2012-s1
P1732,P1839,1,0,1,0,3,7,1,0,2012-s1
P1270,P1839,1,0,1,0,4,6,1,0,2012-s1
P1765,P1839,1,1,0,0,8,2,1,0,2012-s1
P1270,P1732,3,1,1,1,15,15,3,0,2013-s5
P1732,P1765,3,2,0,1,20,10,3,0,2012-s3
P1732,P1815,1,1,0,0,6,4,1,0,2012-s1
P1270,P1765,1,1,0,0,8,2,1,0,2012-s1
P1765,P1815,1,0,0,1,5,5,1,0,2012-s1
P0248,P1765,1,0,0,1,5,5,1,0,2012-s1
P0248,P1815,1,0,1,0,4,6,1,0,2012-s1
P1740,P1830,1,1,0,0,6,4,1,0,2012-s1
P0223,P1830,1,0,1,0,3,7,1,0,2012-s1
P1096,P1830,4,2,1,1,19,18,3,1,2013-s5
P1757,P1830,3,2,1,0,9,11,1,2,2014-s1
P1830,P1835,3,2,1,0,15,17,2,1,2012-s4
P1775,P1830,1,0,1,0,4,6,1,0,2012-s1
P0223,P1740,1,0,1,0,3,7,1,0,2012-s1
P1096,P1740,1,1,0,0,10,0,1,0,2012-s1
P1740,P1757,1,1,0,0,6,4,1,0,2012-s1
P1740,P1835,1,0,1,0,4,6,1,0,2012-s1
P1740,P1775,1,0,1,0,1,9,1,0,2012-s1
P0223,P1096,1,0,1,0,4,6,1,0,2012-s1
P0223,P1757,1,0,1,0,4,6,1,0,2012-s1
P0223,P1835,1,1,0,0,7,3,1,0,2012-s1
P0223,P1775,1,1,0,0,7,3,1,0,2012-s1
P1096,P1757,2,2,0,0,12,8,2,0,2013-s5
P1096,P1835,2,0,1,1,9,11,2,0,2012-s4
P1096,P1775,2,1,0,1,11,9,2,0,2012-s2
P1757,P1835,1,1,0,0,6,4,1,0,2012-s1
P1757,P1775,1,1,0,0,6,4,1,0,2012-s1
P1775,P1835,1,0,1,0,3,7,1,0,2012-s1
P1735,P1823,1,1,0,0,6,4,1,0,2012-s1
P1735,P1778,2,1,1,0,12,12,1,1,2012-s1
P1735,P1803,1,1,0,0,6,4,1,0,2012-s1
P1735,P1807,2,1,1,0,9,11,2,0,2013-s1
P1735,P1762,1,1,0,0,6,4,1,0,2012-s1
P1735,P1754,1,0,1,0,2,8,1,0,2012-s1
P1778,P1823,2,2,0,0,13,7,2,0,2012-s3
P1807,P1823,1,0,1,0,4,6,1,0,2012-s1
P1762,P1823,1,0,1,0,4,6,1,0,2012-s1
P1754,P1823,1,1,0,0,6,4,1,0,2012-s1
P1778,P1807,1,1,0,0,9,1,1,0,2012-s1
P1762,P1778,1,1,0,0,6,4,1,0,2012-s1
P1754,P1778,1,0,1,0,4,6,1,0,2012-s1
P1762,P1807,2,0,2,0,5,15,2,0,2012-s5
P1754,P1807,1,1,0,0,7,3,1,0,2012-s1
P1586,P1810,1,0,1,0,0,10,1,0,2012-s1
P1439,P1810,1,0,1,0,1,9,1,0,2012-s1
P1733,P1810,1,1,0,0,6,4,1,0,2012-s1
P1604,P1810,1,1,0,0,7,3,1,0,2012-s1
P1430,P1810,1,0,1,0,4,6,1,0,2012-s1
P1756,P1810,1,0,1,0,3,7,1,0,2012-s1
P1439,P1586,1,1,0,0,7,3,1,0,2012-s1
P1586,P1733,1,0,1,0,4,6,1,0,2012-s1
P1586,P1604,1,0,1,0,2,8,1,0,2012-s1
P1439,P1733,1,0,1,0,2,8,1,0,2012-s1
P1439,P1604,1,0,1,0,2,8,1,0,2012-s1
P1430,P1439,1,0,1,0,4,6,1,0,2012-s1
P1439,P1756,1,1,0,0,6,4,1,0,2012-s1
P1430,P1733,1,0,1,0,4,6,1,0,2012-s1
P1733,P1756,1,1,0,0,6,4,1,0,2012-s1
P1430,P1604,1,0,1,0,0,10,1,0,2012-s1
P1604,P1756,1,1,0,0,8,2,1,0,2012-s1
P1717,P1767,1,1,0,0,6,4,1,0,2012-s1
P1664,P1717,1,0,1,0,4,6,1,0,2012-s1
P1717,P1838,1,0,1,0,2,8,1,0,2012-s1
P1394,P1717,1,1,0,0,8,2,1,0,2012-s1
P1717,P1764,1,1,0,0,6,4,1,0,2012-s1
P1200,P1717,1,1,0,0,7,3,1,0,2012-s1
P1664,P1767,1,0,0,1,5,5,1,0,2012-s1
P1767,P1838,1,1,0,0,6,4,1,0,2012-s1
P1394,P1767,1,0,1,0,4,6,1,0,2012-s1
P1764,P1767,1,0,1,0,1,9,1,0,2012-s1
P1200,P1767,1,1,0,0,6,4,1,0,2012-s1
P1664,P1838,1,1,0,0,6,4,1,0,2012-s1
P1394,P1664,1,1,0,0,6,4,1,0,2012-s1
P1200,P1664,1,0,1,0,4,6,1,0,2012-s1
P1394,P1838,1,0,1,0,4,6,1,0,2012-s1
P1764,P1838,1,0,1,0,2,8,1,0,2012-s1
P1200,P1838,1,0,1,0,4,6,1,0,2012-s1
P1394,P1764,1,1,0,0,10,0,1,0,2012-s1
P1200,P1394,1,0,1,0,2,8,1,0,2012-s1
P1200,P1764,1,0,1,0,3,7,1,0,2012-s1
P1381,P1843,1,1,0,0,6,4,1,0,2012-s1
P1381,P1805,2,2,0,0,12,8,2,0,2013-s1
P1381,P1848,1,0,1,0,3,7,1,0,2012-s1
P1381,P1836,1,1,0,0,6,4,1,0,2012-s1
P1843,P1848,1,0,1,0,0,10,1,0,2012-s1
P1531,P1843,1,1,0,0,6,4,1,0,2012-s1
P1836,P1843,1,1,0,0,10,0,1,0,2012-s1
P1531,P1805,2,2,0,0,15,6,1,1,2012-s2
P1805,P1836,1,0,1,0,4,6,1,0,2012-s1
P1531,P1848,1,0,1,0,4,6,1,0,2012-s1
P1836,P1848,1,0,1,0,4,6,1,0,2012-s1
P1531,P1820,1,0,0,1,5,5,1,0,2012-s1
P1531,P1836,2,1,1,0,12,8,2,0,2012-s2
P1765,P1849,1,1,0,0,9,1,1,0,2012-s2
P0772,P1765,1,1,0,0,7,3,1,0,2012-s2
P1765,P1808,1,0,1,0,4,6,1,0,2012-s2
P1425,P1765,1,0,0,1,5,5,1,0,2012-s2
P1249,P1765,1,1,0,0,6,4,1,0,2012-s2
P0772,P1808,4,1,3,0,16,27,2,2,2012-s3
P0772,P1425,2,1,0,1,11,9,2,0,2013-s5
P0772,P1732,3,2,1,0,13,17,1,2,2013-s5
P0772,P1249,1,1,0,0,6,4,1,0,2012-s2
P1425,P1808,1,0,1,0,3,7,1,0,2012-s2
P1249,P1808,1,0,1,0,2,8,1,0,2012-s2
P1425,P1732,1,0,1,0,4,6,1,0,2012-s2
P1249,P1425,1,1,0,0,6,4,1,0,2012-s2
P1249,P1732,1,0,0,1,5,5,1,0,2012-s2
P1584,P1854,1,1,0,0,7,3,1,0,2012-s2
P1584,P1771,1,1,0,0,7,3,1,0,2012-s2
P1419,P1584,1,0,1,0,4,6,1,0,2012-s2
P1584,P1770,1,0,1,0,1,9,1,0,2012-s2
P1584,P1775,1,1,0,0,7,3,1,0,2012-s2
P1096,P1584,1,0,0,1,5,5,1,0,2012-s2
P1771,P1854,1,1,0,0,9,1,1,0,2012-s2
P1419,P1854,3,3,0,0,23,8,2,1,2014-s1
P1775,P1854,1,0,1,0,4,6,1,0,2012-s2
P1096,P1854,1,1,0,0,8,2,1,0,2012-s2
P1419,P1771,1,0,1,0,4,6,1,0,2012-s2
P1770,P1771,1,0,0,1,5,5,1,0,2012-s2
P1771,P1775,2,1,1,0,9,11,2,0,2012-s3
P1096,P1771,2,2,0,0,13,7,2,0,2012-s4
P1419,P1770,1,1,0,0,8,2,1,0,2012-s2
P1419,P1775,2,2,0,0,13,7,2,0,2012-s3
P1096,P1419,1,0,0,1,5,5,1,0,2012-s2
P1770,P1775,1,1,0,0,10,0,1,0,2012-s2
P1096,P1770,1,0,1,0,4,6,1,0,2012-s2
P0064,P1251,1,0,1,0,2,8,1,0,2012-s2
P1251,P1398,1,1,0,0,6,4,1,0,2012-s2
P1251,P1825,1,1,0,0,6,4,1,0,2012-s2
P1251,P1755,1,0,0,1,5,5,1,0,2012-s2
P1251,P1802,2,2,0,0,14,6,2,0,2012-s4
P1251,P1830,1,1,0,0,7,3,1,0,2012-s2
P0064,P1398,1,1,0,0,8,2,1,0,2012-s2
P0064,P1825,1,1,0,0,8,2,1,0,2012-s2
P0064,P1755,1,0,1,0,4,6,1,0,2012-s2
P0064,P1802,1,1,0,0,6,4,1,0,2012-s2
P0064,P1830,1,0,1,0,4,6,1,0,2012-s2
P1398,P1825,1,1,0,0,6,4,1,0,2012-s2
P1398,P1830,1,0,1,0,4,6,1,0,2012-s2
P1755,P1825,1,0,1,0,4,6,1,0,2012-s2
P1802,P1825,2,1,1,0,10,10,2,0,2013-s4
P1825,P1830,2,1,1,0,9,11,2,0,2012-s4
P1755,P1830,1,0,1,0,0,10,1,0,2012-s2
P1802,P1830,1,1,0,0,7,3,1,0,2012-s2
P1396,P1791,3,0,3,0,10,20,2,1,2013-s4
P1523,P1791,1,0,1,0,4,6,1,0,2012-s2
P0951,P1791,1,1,0,0,6,4,1,0,2012-s2
P1757,P1791,3,1,1,1,13,18,2,1,2013-s4
P1791,P1821,1,0,0,1,5,5,1,0,2012-s2
P1791,P1801,1,0,1,0,4,6,1,0,2012-s2
P1396,P1523,2,1,1,0,6,10,2,0,2014-s1
P0951,P1396,1,0,1,0,1,9,1,0,2012-s2
P1396,P1757,3,3,0,0,17,15,2,1,2013-s3
P1396,P1821,1,1,0,0,10,0,1,0,2012-s2
P1396,P1801,1,0,1,0,1,9,1,0,2012-s2
P0951,P1523,1,0,1,0,2,8,1,0,2012-s2
P1523,P1757,1,0,1,0,4,6,1,0,2012-s2
P1523,P1821,1,1,0,0,6,4,1,0,2012-s2
P1523,P1801,1,0,1,0,2,8,1,0,2012-s2
P0951,P1757,1,1,0,0,6,4,1,0,2012-s2
P0951,P1821,1,1,0,0,6,4,1,0,2012-s2
P0951,P1801,1,0,1,0,4,6,1,0,2012-s2
P0182,P1773,1,1,0,0,8,2,1,0,2012-s2
P0182,P1051,1,0,0,1,5,5,1,0,2012-s2
P0182,P1748,1,1,0,0,6,4,1,0,2012-s2
P0182,P1587,1,0,1,0,2,8,1,0,2012-s2
P0182,P1842,2,2,0,0,13,9,1,1,2012-s2
P1051,P1773,1,0,1,0,4,6,1,0,2012-s2
P1748,P1773,1,0,0,1,5,5,1,0,2012-s2
P1773,P1839,1,0,1,0,3,7,1,0,2012-s2
P1587,P1773,1,1,0,0,7,3,1,0,2012-s2
P1773,P1842,1,1,0,0,7,3,1,0,2012-s2
P1051,P1839,1,0,1,0,4,6,1,0,2012-s2
P1051,P1587,1,0,1,0,1,9,1,0,2012-s2
P1051,P1842,1,0,1,0,3,7,1,0,2012-s2
P1587,P1748,1,1,0,0,9,1,1,0,2012-s2
P1748,P1842,1,0,1,0,1,9,1,0,2012-s2
P1587,P1839,1,1,0,0,7,3,1,0,2012-s2
P1839,P1842,1,0,1,0,4,6,1,0,2012-s2
P1587,P1842,1,0,1,0,4,6,1,0,2012-s2
P0368,P1202,3,2,1,0,24,10,1,2,2013-s2
P1202,P1810,1,0,0,1,5,5,1,0,2012-s2
P1063,P1202,1,0,1,0,4,6,1,0,2012-s2
P0368,P1810,1,1,0,0,8,2,1,0,2012-s2
P0368,P1103,1,1,0,0,6,4,1,0,2012-s2
P0368,P1745,1,0,1,0,4,6,1,0,2012-s2
P1103,P1810,1,0,0,1,5,5,1,0,2012-s2
P1745,P1810,1,0,0,1,5,5,1,0,2012-s2
P1063,P1810,1,1,0,0,7,3,1,0,2012-s2
P1381,P1810,1,0,1,0,1,9,1,0,2012-s2
P1103,P1745,1,0,1,0,4,6,1,0,2012-s2
P1063,P1103,1,0,1,0,4,6,1,0,2012-s2
P1063,P1745,1,0,0,1,5,5,1,0,2012-s2
P1381,P1745,1,0,1,0,3,7,1,0,2012-s2
P1183,P1643,1,1,0,0,10,0,1,0,2012-s2
P1183,P1805,2,1,1,0,9,11,2,0,2012-s4
P1183,P1766,1,1,0,0,6,4,1,0,2012-s2
P1183,P1439,2,1,1,0,9,13,1,1,2012-s3
P1183,P1664,1,0,1,0,4,6,1,0,2012-s2
P1643,P1805,1,0,1,0,4,6,1,0,2012-s2
P1643,P1766,1,0,1,0,2,8,1,0,2012-s2
P1439,P1643,1,1,0,0,7,3,1,0,2012-s2
P1643,P1664,1,1,0,0,6,4,1,0,2012-s2
P1766,P1805,1,0,1,0,4,6,1,0,2012-s2
P1780,P1805,1,0,1,0,1,9,1,0,2012-s2
P1439,P1805,2,1,1,0,11,9,2,0,2012-s3
P1664,P1805,1,0,1,0,4,6,1,0,2012-s2
P1439,P1766,1,0,1,0,4,6,1,0,2012-s2
P1664,P1766,1,0,1,0,2,8,1,0,2012-s2
P1439,P1780,1,1,0,0,6,4,1,0,2012-s2
P1439,P1664,2,2,0,0,14,3,1,1,2012-s3
P1394,P1586,1,1,0,0,7,3,1,0,2012-s2
P1394,P1807,1,1,0,0,7,3,1,0,2012-s2
P1586,P1804,1,1,0,0,6,4,1,0,2012-s2
P1717,P1804,1,1,0,0,6,3,1,0,2012-s2
P1798,P1804,1,1,0,0,6,4,1,0,2012-s2
P1804,P1807,1,0,1,0,3,7,1,0,2012-s2
P1586,P1774,1,0,1,0,3,7,1,0,2012-s2
P1586,P1717,4,1,3,0,21,23,3,1,2014-s1
P1586,P1798,2,1,1,0,8,12,2,0,2012-s3
P1717,P1774,2,0,1,1,7,13,2,0,2012-s3
P1774,P1798,1,0,0,1,5,5,1,0,2012-s2
P1774,P1807,1,0,1,0,2,8,1,0,2012-s2
P1717,P1798,2,1,1,0,13,7,2,0,2012-s4
P1717,P1807,1,1,0,0,6,4,1,0,2012-s2
P1798,P1807,1,0,1,0,4,6,1,0,2012-s2
P1353,P1787,1,0,1,0,2,8,1,0,2012-s2
P1353,P1813,1,1,0,0,6,4,1,0,2012-s2
P1353,P1735,1,1,0,0,6,4,1,0,2012-s2
P1353,P1646,1,1,0,0,8,2,1,0,2012-s2
P1353,P1744,1,1,0,0,7,3,1,0,2012-s2
P1200,P1353,1,1,0,0,7,3,1,0,2012-s2
P1787,P1813,1,1,0,0,6,4,1,0,2012-s2
P1735,P1787,1,0,1,0,1,9,1,0,2012-s2
P1646,P1787,1,0,1,0,0,10,1,0,2012-s2
P1744,P1787,1,0,0,1,5,5,1,0,2012-s2
P1200,P1787,1,0,1,0,3,7,1,0,2012-s2
P1735,P1813,1,0,1,0,4,6,1,0,2012-s2
P1646,P1813,1,0,1,0,4,6,1,0,2012-s2
P1744,P1813,2,0,2,0,6,14,2,0,2012-s3
P1200,P1813,1,1,0,0,6,4,1,0,2012-s2
P1646,P1735,1,0,1,0,4,6,1,0,2012-s2
P1735,P1744,1,1,0,0,8,2,1,0,2012-s2
P1200,P1735,1,0,1,0,3,7,1,0,2012-s2
P1646,P1744,1,0,1,0,2,8,1,0,2012-s2
P1200,P1646,1,1,0,0,7,3,1,0,2012-s2
P1200,P1744,1,1,0,0,8,2,1,0,2012-s2
P1739,P1824,1,1,0,0,10,0,1,0,2012-s2
P1739,P1778,2,1,1,0,16,5,1,1,2012-s2
P1739,P1814,1,1,0,0,7,3,1,0,2012-s2
P1739,P1795,1,1,0,0,7,3,1,0,2012-s2
P1739,P1776,1,1,0,0,7,3,1,0,2012-s2
P1778,P1824,1,1,0,0,7,3,1,0,2012-s2
P1746,P1778,2,2,0,0,17,3,1,1,2012-s3
P1778,P1814,1,1,0,0,6,4,1,0,2012-s2
P1778,P1795,1,1,0,0,7,3,1,0,2012-s2
P1776,P1778,1,0,1,0,4,6,1,0,2012-s2
P1746,P1795,1,1,0,0,8,2,1,0,2012-s2
P1795,P1814,1,0,1,0,4,6,1,0,2012-s2
P1531,P1666,1,1,0,0,10,0,1,0,2012-s2
P1531,P1764,1,1,0,0,9,1,1,0,2012-s2
P1531,P1782,1,1,0,0,8,2,1,0,2012-s2
P1204,P1531,1,0,1,0,2,8,1,0,2012-s2
P1531,P1847,1,1,0,0,6,4,1,0,2012-s2
P1666,P1836,1,0,1,0,1,9,1,0,2012-s2
P1666,P1764,1,1,0,0,6,4,1,0,2012-s2
P1666,P1782,1,0,1,0,2,8,1,0,2012-s2
P1764,P1836,1,0,1,0,1,9,1,0,2012-s2
P1782,P1836,1,0,1,0,4,6,1,0,2012-s2
P1204,P1836,1,1,0,0,7,3,1,0,2012-s2
P1764,P1782,1,0,1,0,1,9,1,0,2012-s2
P1204,P1764,1,1,0,0,9,1,1,0,2012-s2
P1782,P1847,1,0,0,1,5,5,1,0,2012-s2
P1251,P1808,1,0,0,1,5,5,1,0,2012-s3
P1731,P1808,1,0,1,0,3,7,1,0,2012-s3
P0368,P1808,3,3,0,0,12,8,2,1,2012-s5
P1752,P1808,1,0,1,0,3,7,1,0,2012-s3
P0772,P1251,1,0,1,0,1,9,1,0,2012-s3
P0772,P1731,1,1,0,0,7,3,1,0,2012-s3
P0368,P0772,1,1,0,0,9,1,1,0,2012-s3
P0772,P1752,2,1,1,0,10,10,2,0,2014-s1
P0024,P0772,1,0,1,0,3,7,1,0,2012-s3
P1251,P1731,1,1,0,0,7,3,1,0,2012-s3
P0368,P1251,1,1,0,0,7,3,1,0,2012-s3
P1251,P1752,1,0,1,0,4,6,1,0,2012-s3
P0024,P1251,1,0,1,0,2,8,1,0,2012-s3
P0368,P1731,2,2,0,0,16,0,2,0,2013-s3
P0368,P1752,1,1,0,0,6,4,1,0,2012-s3
P0024,P0368,1,0,1,0,2,8,1,0,2012-s3
P0024,P1752,1,0,1,0,3,7,1,0,2012-s3
P1353,P1732,1,0,1,0,3,7,1,0,2012-s3
P1353,P1765,1,0,1,0,3,7,1,0,2012-s3
P1096,P1353,1,1,0,0,7,3,1,0,2012-s3
P1353,P1531,1,0,1,0,4,6,1,0,2012-s3
P1732,P1755,1,1,0,0,7,3,1,0,2012-s3
P1096,P1732,2,0,1,1,9,11,2,0,2013-s4
P1732,P1835,2,2,0,0,16,4,2,0,2012-s5
P1531,P1732,4,1,3,0,13,27,4,0,2013-s5
P1755,P1765,1,0,1,0,4,6,1,0,2012-s3
P1096,P1755,1,1,0,0,7,3,1,0,2012-s3
P1531,P1755,1,0,0,1,5,5,1,0,2012-s3
P1096,P1765,1,1,0,0,6,4,1,0,2012-s3
P1765,P1835,1,0,0,1,5,5,1,0,2012-s3
P1531,P1765,1,0,1,0,3,7,1,0,2012-s3
P1096,P1531,1,1,0,0,7,3,1,0,2012-s3
P1531,P1835,2,2,0,0,12,8,2,0,2012-s5
P1775,P1845,1,1,0,0,7,3,1,0,2012-s3
P0951,P1775,1,0,1,0,3,7,1,0,2012-s3
P1588,P1775,1,1,0,0,6,4,1,0,2012-s3
P0182,P1775,1,1,0,0,6,4,1,0,2012-s3
P0951,P1845,1,1,0,0,6,4,1,0,2012-s3
P1588,P1845,1,1,0,0,7,3,1,0,2012-s3
P1419,P1845,1,1,0,0,6,4,1,0,2012-s3
P0951,P1588,1,1,0,0,6,4,1,0,2012-s3
P0182,P0951,1,1,0,0,6,4,1,0,2012-s3
P0951,P1771,1,1,0,0,8,2,1,0,2012-s3
P0951,P1419,1,0,1,0,4,6,1,0,2012-s3
P0182,P1588,2,2,0,0,15,6,1,1,2013-s2
P1588,P1771,1,1,0,0,6,4,1,0,2012-s3
P0182,P1419,1,1,0,0,6,4,1,0,2012-s3
P0969,P1830,3,3,0,0,19,12,2,1,2013-s4
P0969,P1104,2,2,0,0,13,7,2,0,2013-s3
P0464,P0969,1,0,1,0,2,8,1,0,2012-s3
P0969,P1396,1,1,0,0,9,1,1,0,2012-s3
P0969,P1437,1,1,0,0,9,1,1,0,2012-s3
P1104,P1830,1,1,0,0,6,4,1,0,2012-s3
P0464,P1830,1,0,1,0,1,9,1,0,2012-s3
P1396,P1830,2,0,1,1,8,12,2,0,2013-s1
P1063,P1830,1,0,0,1,5,5,1,0,2012-s3
P1437,P1830,1,0,1,0,4,6,1,0,2012-s3
P1063,P1104,1,0,1,0,4,6,1,0,2012-s3
P1104,P1437,1,1,0,0,8,2,1,0,2012-s3
P0464,P1396,1,1,0,0,9,1,1,0,2012-s3
P0464,P1063,1,0,1,0,3,7,1,0,2012-s3
P0464,P1437,1,1,0,0,6,4,1,0,2012-s3
P1063,P1396,1,1,0,0,6,4,1,0,2012-s3
P1063,P1437,1,1,0,0,6,4,1,0,2012-s3
P1567,P1793,1,1,0,0,7,3,1,0,2012-s3
P1425,P1793,1,0,1,0,3,7,1,0,2012-s3
P1398,P1793,1,0,1,0,4,6,1,0,2012-s3
P1793,P1839,1,0,1,0,4,6,1,0,2012-s3
P1793,P1818,2,2,0,0,12,8,2,0,2013-s3
P1739,P1793,1,0,1,0,2,8,1,0,2012-s3
P1398,P1567,1,0,1,0,4,6,1,0,2012-s3
P1567,P1839,1,0,1,0,4,6,1,0,2012-s3
P1567,P1818,2,2,0,0,13,7,2,0,2012-s4
P1567,P1739,1,1,0,0,6,4,1,0,2012-s3
P1398,P1425,1,0,1,0,4,6,1,0,2012-s3
P1425,P1818,1,0,1,0,2,8,1,0,2012-s3
P1425,P1739,1,1,0,0,6,4,1,0,2012-s3
P1398,P1839,1,1,0,0,7,3,1,0,2012-s3
P1398,P1818,1,1,0,0,7,3,1,0,2012-s3
P1818,P1839,1,0,1,0,3,7,1,0,2012-s3
P1739,P1839,1,0,1,0,3,7,1,0,2012-s3
P1739,P1818,1,0,1,0,1,9,1,0,2012-s3
P0223,P1587,1,1,0,0,6,4,1,0,2012-s3
P1587,P1791,3,3,0,0,17,15,2,1,2013-s3
P1587,P1822,1,1,0,0,8,2,1,0,2012-s3
P1587,P1783,1,1,0,0,7,3,1,0,2012-s3
P1587,P1819,1,0,1,0,4,6,1,0,2012-s3
P1587,P1627,1,0,0,1,5,5,1,0,2012-s3
P0223,P1791,2,0,1,1,10,12,1,1,2012-s3
P0223,P1783,1,0,1,0,4,6,1,0,2012-s3
P0223,P1819,1,0,1,0,2,8,1,0,2012-s3
P0223,P1627,1,1,0,0,6,4,1,0,2012-s3
P1791,P1822,1,1,0,0,10,0,1,0,2012-s3
P1783,P1791,1,0,0,1,5,5,1,0,2012-s3
P1791,P1819,1,1,0,0,6,4,1,0,2012-s3
P1627,P1791,1,0,0,1,5,5,1,0,2012-s3
P1783,P1819,1,1,0,0,6,4,1,0,2012-s3
P1627,P1783,1,1,0,0,7,3,1,0,2012-s3
P1627,P1819,1,0,0,1,5,5,1,0,2012-s3
P1778,P1844,1,1,0,0,9,1,1,0,2012-s3
P1586,P1778,1,0,1,0,4,6,1,0,2012-s3
P1778,P1798,1,1,0,0,7,3,1,0,2012-s3
P1778,P1800,1,1,0,0,7,3,1,0,2012-s3
P1586,P1844,1,0,1,0,4,6,1,0,2012-s3
P1823,P1844,1,1,0,0,7,3,1,0,2012-s3
P1800,P1844,1,1,0,0,6,4,1,0,2012-s3
P1586,P1823,1,1,0,0,6,4,1,0,2012-s3
P1586,P1800,3,3,0,0,20,10,2,1,2013-s5
P1798,P1823,1,0,1,0,2,8,1,0,2012-s3
P1798,P1800,1,0,1,0,3,7,1,0,2012-s3
P1800,P1823,1,0,1,0,2,8,1,0,2012-s3
P0248,P1823,1,1,0,0,6,4,1,0,2012-s3
P1664,P1781,2,2,0,0,13,7,2,0,2012-s4
P1762,P1781,1,1,0,0,6,4,1,0,2012-s3
P1733,P1781,1,0,1,0,4,6,1,0,2012-s3
P1781,P1827,1,0,1,0,4,6,1,0,2012-s3
P1781,P1790,1,0,1,0,0,10,1,0,2012-s3
P1664,P1762,1,1,0,0,7,3,1,0,2012-s3
P1664,P1733,2,1,1,0,11,9,2,0,2013-s1
P1664,P1827,1,1,0,0,8,2,1,0,2012-s3
P1664,P1790,1,0,0,1,5,5,1,0,2012-s3
P1733,P1762,1,1,0,0,10,0,1,0,2012-s3
P1733,P1827,1,1,0,0,8,2,1,0,2012-s3
P1733,P1790,1,1,0,0,6,4,1,0,2012-s3
P1646,P1794,1,0,1,0,3,7,1,0,2012-s3
P1439,P1794,1,1,0,0,8,2,1,0,2012-s3
P1746,P1794,1,1,0,0,10,0,1,0,2012-s3
P1794,P1805,1,0,1,0,4,6,1,0,2012-s3
P1439,P1646,1,1,0,0,6,4,1,0,2012-s3
P1646,P1746,1,0,1,0,1,9,1,0,2012-s3
P1646,P1792,1,1,0,0,6,4,1,0,2012-s3
P1646,P1805,1,0,1,0,3,7,1,0,2012-s3
P1439,P1746,1,0,1,0,4,6,1,0,2012-s3
P1394,P1439,1,0,1,0,1,9,1,0,2012-s3
P1439,P1792,1,1,0,0,7,3,1,0,2012-s3
P1746,P1805,1,1,0,0,8,2,1,0,2012-s3
P1394,P1792,1,1,0,0,6,4,1,0,2012-s3
P1394,P1805,1,0,1,0,4,6,1,0,2012-s3
P1792,P1805,1,0,1,0,3,7,1,0,2012-s3
P1786,P1813,1,0,1,0,3,7,1,0,2012-s3
P1686,P1786,1,1,0,0,7,3,1,0,2012-s3
P1786,P1811,1,1,0,0,6,4,1,0,2012-s3
P1381,P1786,1,0,1,0,3,7,1,0,2012-s3
P1786,P1807,1,0,0,1,5,5,1,0,2012-s3
P1686,P1813,1,0,0,1,5,5,1,0,2012-s3
P1381,P1813,2,1,1,0,9,11,2,0,2013-s4
P1807,P1813,2,1,1,0,11,11,1,1,2012-s4
P1381,P1686,1,0,1,0,0,10,1,0,2012-s3
P1686,P1807,1,1,0,0,7,3,1,0,2012-s3
P1686,P1744,1,1,0,0,10,0,1,0,2012-s3
P1381,P1811,1,1,0,0,7,3,1,0,2012-s3
P1807,P1811,1,0,1,0,3,7,1,0,2012-s3
P1744,P1811,1,0,1,0,2,8,1,0,2012-s3
P1381,P1807,1,0,1,0,4,6,1,0,2012-s3
P1744,P1807,1,0,1,0,2,8,1,0,2012-s3
P1735,P1736,1,1,0,0,6,4,1,0,2012-s3
P1717,P1735,1,0,1,0,3,7,1,0,2012-s3
P1183,P1735,1,1,0,0,8,2,1,0,2012-s3
P1735,P1774,1,0,1,0,4,6,1,0,2012-s3
P1735,P1737,1,1,0,0,7,3,1,0,2012-s3
P1730,P1735,2,2,0,0,14,6,1,1,2012-s3
P1717,P1736,3,1,1,1,18,12,3,0,2014-s1
P1183,P1736,1,1,0,0,7,3,1,0,2012-s3
P1736,P1737,1,0,1,0,0,10,1,0,2012-s3
P1183,P1717,1,1,0,0,6,4,1,0,2012-s3
P1717,P1737,1,0,1,0,4,6,1,0,2012-s3
P1717,P1730,1,0,1,0,0,10,1,0,2012-s3
P1183,P1774,1,1,0,0,6,4,1,0,2012-s3
P1183,P1737,1,0,0,1,5,5,1,0,2012-s3
P1183,P1730,1,1,0,0,9,1,1,0,2012-s3
P1737,P1774,1,1,0,0,6,4,1,0,2012-s3
P1730,P1774,1,1,0,0,6,4,1,0,2012-s3
P1730,P1737,1,0,1,0,2,8,1,0,2012-s3
P0962,P1588,1,0,1,0,2,8,1,0,2012-s4
P0368,P1588,1,1,0,0,6,4,1,0,2012-s4
P1588,P1791,1,1,0,0,7,3,1,0,2012-s4
P1316,P1588,1,1,0,0,7,3,1,0,2012-s4
P1138,P1588,1,0,0,1,5,5,1,0,2012-s4
P0368,P0962,1,1,0,0,9,1,1,0,2012-s4
P0962,P1791,1,0,1,0,3,7,1,0,2012-s4
P0962,P1138,1,0,1,0,4,6,1,0,2012-s4
P0368,P1791,1,0,1,0,4,6,1,0,2012-s4
P0368,P1104,1,0,1,0,4,6,1,0,2012-s4
P0368,P1316,1,1,0,0,8,2,1,0,2012-s4
P0368,P1138,1,1,0,0,6,4,1,0,2012-s4
P1104,P1791,1,1,0,0,7,3,1,0,2012-s4
P1316,P1791,1,0,1,0,3,7,1,0,2012-s4
P1138,P1791,1,0,1,0,4,6,1,0,2012-s4
P1104,P1316,1,0,1,0,4,6,1,0,2012-s4
P1138,P1316,1,0,1,0,2,8,1,0,2012-s4
P1085,P1278,1,0,0,1,5,5,1,0,2012-s4
P1278,P1839,1,0,0,1,5,5,1,0,2012-s4
P0951,P1278,1,0,1,0,3,7,1,0,2012-s4
P0969,P1278,1,0,1,0,3,7,1,0,2012-s4
P1278,P1738,1,1,0,0,6,4,1,0,2012-s4
P1085,P1839,1,0,0,1,5,5,1,0,2012-s4
P0951,P1085,1,1,0,0,9,1,1,0,2012-s4
P0969,P1085,1,1,0,0,7,3,1,0,2012-s4
P1085,P1249,1,0,1,0,3,7,1,0,2012-s4
P1085,P1738,1,1,0,0,7,3,1,0,2012-s4
P0969,P1839,2,1,1,0,10,9,1,1,2012-s4
P1249,P1839,2,1,1,0,10,7,1,1,2012-s4
P0951,P0969,1,0,1,0,1,9,1,0,2012-s4
P0951,P1249,1,0,1,0,3,7,1,0,2012-s4
P0969,P1249,1,1,0,0,8,2,1,0,2012-s4
P0969,P1738,1,1,0,0,6,4,1,0,2012-s4
P1249,P1738,1,1,0,0,6,4,1,0,2012-s4
P1604,P1793,2,0,2,0,4,16,2,0,2013-s5
P0182,P1604,1,1,0,0,6,4,1,0,2012-s4
P1604,P1805,1,0,0,1,5,5,1,0,2012-s4
P1604,P1755,1,0,1,0,4,6,1,0,2012-s4
P1183,P1604,1,0,1,0,2,8,1,0,2012-s4
P1604,P1808,2,0,2,0,4,6,1,1,2012-s4
P1793,P1805,2,0,2,0,8,12,2,0,2013-s3
P1755,P1793,1,0,1,0,1,9,1,0,2012-s4
P1183,P1793,1,0,1,0,4,6,1,0,2012-s4
P1793,P1808,1,1,0,0,7,3,1,0,2012-s4
P0182,P1805,2,2,0,0,14,6,2,0,2012-s5
P0182,P1183,1,1,0,0,6,4,1,0,2012-s4
P0182,P1808,1,0,0,1,5,5,1,0,2012-s4
P1755,P1805,1,0,0,1,5,5,1,0,2012-s4
P1805,P1808,1,0,1,0,2,8,1,0,2012-s4
P1755,P1808,1,0,1,0,1,9,1,0,2012-s4
P1183,P1808,1,0,1,0,2,8,1,0,2012-s4
P1063,P1765,2,0,2,0,6,14,1,1,2012-s4
P1523,P1765,1,0,1,0,2,8,1,0,2012-s4
P1587,P1765,1,0,1,0,3,7,1,0,2012-s4
P1398,P1765,1,0,1,0,4,6,1,0,2012-s4
P1627,P1765,1,0,1,0,4,6,1,0,2012-s4
P1528,P1765,1,1,0,0,6,4,1,0,2012-s4
P1063,P1587,1,1,0,0,7,3,1,0,2012-s4
P1063,P1398,1,1,0,0,9,1,1,0,2012-s4
P1063,P1528,1,0,1,0,3,7,1,0,2012-s4
P1398,P1587,1,0,1,0,1,9,1,0,2012-s4
P1528,P1587,1,1,0,0,7,3,1,0,2012-s4
P1398,P1528,1,1,0,0,7,3,1,0,2012-s4
P1528,P1627,1,0,1,0,0,10,1,0,2012-s4
P1531,P1818,1,1,0,0,6,4,1,0,2012-s4
P1531,P1567,2,1,1,0,10,10,2,0,2013-s2
P1531,P1802,1,0,1,0,2,8,1,0,2012-s4
P1251,P1531,1,1,0,0,6,4,1,0,2012-s4
P1396,P1531,2,0,1,1,9,11,2,0,2013-s2
P1531,P1536,1,1,0,0,7,3,1,0,2012-s4
P1802,P1818,2,2,0,0,13,7,2,0,2013-s4
P1251,P1818,1,1,0,0,9,1,1,0,2012-s4
P1396,P1818,1,1,0,0,6,4,1,0,2012-s4
P1536,P1818,1,1,0,0,8,2,1,0,2012-s4
P1567,P1802,1,0,1,0,2,8,1,0,2012-s4
P1251,P1567,2,2,0,0,18,10,1,1,2012-s4
P1396,P1567,2,1,1,0,10,10,2,0,2013-s2
P1536,P1567,1,0,1,0,3,7,1,0,2012-s4
P1396,P1802,2,0,2,0,6,14,2,0,2013-s3
P1536,P1802,1,0,1,0,3,7,1,0,2012-s4
P1251,P1396,1,1,0,0,8,2,1,0,2012-s4
P1251,P1536,1,1,0,0,7,3,1,0,2012-s4
P1396,P1536,1,1,0,0,7,3,1,0,2012-s4
P1202,P1825,3,2,1,0,16,14,3,0,2013-s2
P1096,P1825,1,0,0,1,5,5,1,0,2012-s4
P1825,P1835,1,1,0,0,8,2,1,0,2012-s4
P1824,P1825,1,0,1,0,4,6,1,0,2012-s4
P1202,P1830,1,1,0,0,10,0,1,0,2012-s4
P1771,P1830,1,0,1,0,4,6,1,0,2012-s4
P1824,P1830,1,0,1,0,4,6,1,0,2012-s4
P1096,P1202,1,0,1,0,2,8,1,0,2012-s4
P1202,P1771,1,1,0,0,6,4,1,0,2012-s4
P1202,P1835,1,1,0,0,7,3,1,0,2012-s4
P1202,P1824,1,1,0,0,9,1,1,0,2012-s4
P1096,P1824,1,1,0,0,9,1,1,0,2012-s4
P1381,P1850,1,1,0,0,8,2,1,0,2012-s4
P1381,P1439,1,0,1,0,4,6,1,0,2012-s4
P1381,P1750,1,0,1,0,2,8,1,0,2012-s4
P1381,P1844,1,1,0,0,8,2,1,0,2012-s4
P1381,P1760,1,1,0,0,6,4,1,0,2012-s4
P1439,P1850,1,1,0,0,6,4,1,0,2012-s4
P1750,P1850,1,1,0,0,6,4,1,0,2012-s4
P1439,P1750,1,0,1,0,4,6,1,0,2012-s4
P1439,P1742,1,0,1,0,3,7,1,0,2012-s4
P1439,P1760,1,0,1,0,4,6,1,0,2012-s4
P1742,P1760,1,1,0,0,6,4,1,0,2012-s4
P0772,P1813,1,1,0,0,7,3,1,0,2012-s4
P0772,P1717,1,0,1,0,4,6,1,0,2012-s4
P0772,P1832,1,1,0,0,7,3,1,0,2012-s4
P1777,P1813,1,0,1,0,4,6,1,0,2012-s4
P1717,P1813,1,0,1,0,1,9,1,0,2012-s4
P1798,P1813,1,1,0,0,6,4,1,0,2012-s4
P1813,P1832,1,1,0,0,7,3,1,0,2012-s4
P1813,P1837,4,3,0,1,32,9,3,1,2013-s5
P1717,P1777,1,1,0,0,6,4,1,0,2012-s4
P1777,P1798,1,1,0,0,6,4,1,0,2012-s4
P1777,P1837,1,0,1,0,4,6,1,0,2012-s4
P1717,P1832,1,1,0,0,9,1,1,0,2012-s4
P1717,P1837,1,1,0,0,6,4,1,0,2012-s4
P1798,P1837,1,0,1,0,4,6,1,0,2012-s4
P1832,P1837,1,0,1,0,4,6,1,0,2012-s4
P1437,P1735,1,0,0,1,5,5,1,0,2012-s4
P1437,P1834,1,1,0,0,6,4,1,0,2012-s4
P1437,P1664,1,1,0,0,6,4,1,0,2012-s4
P1437,P1781,1,1,0,0,7,3,1,0,2012-s4
P0327,P1735,1,0,1,0,4,6,1,0,2012-s4
P1735,P1796,1,1,0,0,6,4,1,0,2012-s4
P1735,P1834,1,1,0,0,10,0,1,0,2012-s4
P1664,P1735,1,1,0,0,6,4,1,0,2012-s4
P1735,P1781,1,1,0,0,7,3,1,0,2012-s4
P1781,P1796,1,0,1,0,1,9,1,0,2012-s4
P1772,P1840,1,1,0,0,6,4,1,0,2012-s4
P1772,P1786,2,1,1,0,11,9,1,1,2013-s2
P1772,P1831,1,1,0,0,8,2,1,0,2012-s4
P1772,P1794,1,1,0,0,6,4,1,0,2012-s4
P1401,P1772,1,1,0,0,7,3,1,0,2012-s4
P1772,P1800,1,1,0,0,8,2,1,0,2012-s4
P1786,P1840,1,1,0,0,9,1,1,0,2012-s4
P1794,P1840,1,1,0,0,7,3,1,0,2012-s4
P1786,P1831,1,1,0,0,8,2,1,0,2012-s4
P1401,P1786,1,1,0,0,6,4,1,0,2012-s4
P1786,P1800,1,0,1,0,4,6,1,0,2012-s4
P1794,P1831,1,1,0,0,9,1,1,0,2012-s4
P1401,P1831,1,1,0,0,6,4,1,0,2012-s4
P1401,P1794,1,0,0,1,5,5,1,0,2012-s4
P1794,P1800,1,1,0,0,8,2,1,0,2012-s4
P1401,P1800,1,1,0,0,8,2,1,0,2012-s4
P1739,P1806,1,1,0,0,8,2,1,0,2012-s4
P1646,P1739,1,0,1,0,2,8,1,0,2012-s4
P1739,P1829,1,0,1,0,4,6,1,0,2012-s4
P1430,P1739,1,0,1,0,4,6,1,0,2012-s4
P1643,P1739,1,0,1,0,4,6,1,0,2012-s4
P1458,P1739,2,1,1,0,12,12,1,1,2012-s4
P1430,P1646,1,1,0,0,7,3,1,0,2012-s4
P1430,P1829,1,0,1,0,3,7,1,0,2012-s4
P1643,P1829,1,1,0,0,6,4,1,0,2012-s4
P1458,P1829,1,0,0,1,5,5,1,0,2012-s4
P1430,P1643,1,0,1,0,4,6,1,0,2012-s4
P1458,P1643,2,2,0,0,13,9,1,1,2012-s4
P1202,P1419,4,4,0,0,25,14,3,1,2013-s4
P1419,P1526,1,1,0,0,8,2,1,0,2012-s5
P0064,P1419,3,2,0,1,15,16,2,1,2013-s4
P0969,P1419,3,3,0,0,20,10,1,2,2014-s1
P1202,P1526,1,1,0,0,6,4,1,0,2012-s5
P1202,P1757,1,1,0,0,8,2,1,0,2012-s5
P0064,P1202,3,0,3,0,5,25,3,0,2013-s5
P0969,P1202,1,0,1,0,3,7,1,0,2012-s5
P1526,P1757,1,0,1,0,4,6,1,0,2012-s5
P0064,P1526,1,0,1,0,4,6,1,0,2012-s5
P1316,P1757,2,0,2,0,8,12,2,0,2013-s2
P0064,P1757,2,1,1,0,10,10,2,0,2013-s1
P0969,P1757,3,1,1,1,18,12,3,0,2013-s4
P0064,P0969,2,0,1,1,9,11,2,0,2013-s1
P0325,P0984,1,1,0,0,6,4,1,0,2012-s5
P0325,P1793,1,0,1,0,4,6,1,0,2012-s5
P0325,P1587,1,0,0,1,5,5,1,0,2012-s5
P1249,P1793,1,0,1,0,3,7,1,0,2012-s5
P1249,P1587,1,1,0,0,6,4,1,0,2012-s5
P0464,P0984,1,0,1,0,1,9,1,0,2012-s5
P0984,P1793,1,1,0,0,6,4,1,0,2012-s5
P0984,P1587,1,1,0,0,6,4,1,0,2012-s5
P0464,P1793,1,0,1,0,4,6,1,0,2012-s5
P0464,P1096,2,0,2,0,4,16,2,0,2013-s2
P0464,P1587,1,0,1,0,1,9,1,0,2012-s5
P1096,P1793,2,2,0,0,13,7,2,0,2013-s1
P1587,P1793,1,1,0,0,8,2,1,0,2012-s5
P1096,P1587,1,0,0,1,5,5,1,0,2012-s5
P0368,P1788,1,1,0,0,7,3,1,0,2012-s5
P1788,P1808,2,0,2,0,8,12,2,0,2013-s2
P1567,P1788,1,1,0,0,6,4,1,0,2012-s5
P1270,P1788,2,0,2,0,6,16,1,1,2013-s5
P1749,P1788,1,0,1,0,4,6,1,0,2012-s5
P1788,P1846,1,1,0,0,9,1,1,0,2012-s5
P0368,P1567,2,0,2,0,8,12,2,0,2013-s3
P0368,P1270,1,1,0,0,6,4,1,0,2012-s5
P0368,P1749,1,1,0,0,8,2,1,0,2012-s5
P0368,P1846,1,1,0,0,10,0,1,0,2012-s5
P1567,P1808,1,0,1,0,4,6,1,0,2012-s5
P1270,P1808,1,0,1,0,4,6,1,0,2012-s5
P1567,P1749,1,0,1,0,4,6,1,0,2012-s5
P1567,P1846,1,1,0,0,7,3,1,0,2012-s5
P1270,P1749,1,0,1,0,3,7,1,0,2012-s5
P0182,P1765,1,0,1,0,4,6,1,0,2012-s5
P1578,P1765,1,0,0,1,5,5,1,0,2012-s5
P1686,P1765,1,1,0,0,6,4,1,0,2012-s5
P1765,P1830,1,1,0,0,7,3,1,0,2012-s5
P1765,P1805,1,1,0,0,6,4,1,0,2012-s5
P1085,P1765,1,0,1,0,3,7,1,0,2012-s5
P0182,P1578,1,1,0,0,7,3,1,0,2012-s5
P0182,P1830,2,1,1,0,11,9,2,0,2013-s4
P0182,P1085,1,1,0,0,7,3,1,0,2012-s5
P1578,P1830,2,1,1,0,10,10,2,0,2013-s4
P1578,P1805,1,0,1,0,2,8,1,0,2012-s5
P1085,P1578,1,1,0,0,8,2,1,0,2012-s5
P1686,P1805,1,1,0,0,6,4,1,0,2012-s5
P1085,P1830,1,1,0,0,6,4,1,0,2012-s5
P1085,P1805,1,1,0,0,9,1,1,0,2012-s5
P1758,P1809,1,1,0,0,6,4,1,0,2012-s5
P1732,P1758,1,1,0,0,7,3,1,0,2012-s5
P1758,P1835,1,1,0,0,6,4,1,0,2012-s5
P1531,P1758,1,0,0,1,5,5,1,0,2012-s5
P1758,P1851,1,1,0,0,6,4,1,0,2012-s5
P1758,P1841,1,1,0,0,8,2,1,0,2012-s5
P1732,P1809,1,1,0,0,7,3,1,0,2012-s5
P1531,P1809,1,1,0,0,6,4,1,0,2012-s5
P1809,P1851,1,1,0,0,6,4,1,0,2012-s5
P1809,P1841,1,0,1,0,4,6,1,0,2012-s5
P1732,P1851,1,0,0,1,5,5,1,0,2012-s5
P1732,P1841,2,2,0,0,15,5,2,0,2013-s5
P1531,P1851,1,0,1,0,2,8,1,0,2012-s5
P1531,P1841,1,1,0,0,7,3,1,0,2012-s5
P1841,P1851,1,0,1,0,2,8,1,0,2012-s5
P1824,P1828,1,1,0,0,9,1,1,0,2012-s5
P0772,P1828,1,1,0,0,6,4,1,0,2012-s5
P1807,P1828,2,1,1,0,9,11,1,1,2012-s5
P1762,P1828,1,0,1,0,2,8,1,0,2012-s5
P1828,P1857,1,1,0,0,7,3,1,0,2012-s5
P0772,P1824,1,0,0,1,5,5,1,0,2012-s5
P1807,P1824,1,0,1,0,4,6,1,0,2012-s5
P1762,P1824,1,0,1,0,2,8,1,0,2012-s5
P1458,P1824,1,0,1,0,0,10,1,0,2012-s5
P0772,P1807,1,0,1,0,4,6,1,0,2012-s5
P1458,P1807,1,0,1,0,2,8,1,0,2012-s5
P1807,P1857,1,1,0,0,6,4,1,0,2012-s5
P1762,P1857,1,0,1,0,4,6,1,0,2012-s5
P1717,P1855,1,1,0,0,7,3,1,0,2012-s5
P1536,P1855,1,1,0,0,6,4,1,0,2012-s5
P1717,P1786,1,1,0,0,8,2,1,0,2012-s5
P1536,P1717,2,0,1,1,11,14,1,1,2012-s5
P1717,P1784,1,1,0,0,6,4,1,0,2012-s5
P1717,P1797,1,1,0,0,6,4,1,0,2012-s5
P1586,P1786,1,0,1,0,4,6,1,0,2012-s5
P1536,P1786,2,2,0,0,14,7,1,1,2012-s5
P1784,P1786,1,0,1,0,4,6,1,0,2012-s5
P1786,P1797,1,1,0,0,7,3,1,0,2012-s5
P1536,P1586,1,0,0,1,5,5,1,0,2012-s5
P1586,P1784,1,0,0,1,5,5,1,0,2012-s5
P1536,P1784,1,1,0,0,8,2,1,0,2012-s5
P1536,P1797,1,1,0,0,7,3,1,0,2012-s5
P1768,P1833,1,1,0,0,8,2,1,0,2012-s5
P1381,P1768,1,0,0,1,5,5,1,0,2012-s5
P1763,P1768,2,1,0,1,12,10,1,1,2012-s5
P1768,P1818,1,1,0,0,6,4,1,0,2012-s5
P1736,P1768,1,0,1,0,1,9,1,0,2012-s5
P1763,P1771,1,1,0,0,6,4,1,0,2012-s5
P1763,P1833,1,1,0,0,7,3,1,0,2012-s5
P1818,P1833,1,1,0,0,7,3,1,0,2012-s5
P1736,P1833,1,0,0,1,5,5,1,0,2012-s5
P1381,P1763,2,0,2,0,4,12,2,0,2013-s1
P1381,P1818,1,0,1,0,3,7,1,0,2012-s5
P1763,P1818,1,0,1,0,3,7,1,0,2012-s5
P1736,P1763,1,0,1,0,1,9,1,0,2012-s5
P1736,P1818,1,0,1,0,0,10,1,0,2012-s5
P1733,P1813,2,1,1,0,12,12,1,1,2014-s1
P1733,P1837,2,2,0,0,10,0,1,1,2013-s3
P1730,P1733,3,1,2,0,21,19,2,1,2014-s1
P1733,P1826,1,0,0,1,5,5,1,0,2012-s5
P1604,P1733,2,2,0,0,18,2,2,0,2013-s1
P0327,P1733,1,1,0,0,9,1,1,0,2012-s5
P1730,P1813,2,0,1,1,9,11,2,0,2014-s1
P1813,P1826,1,1,0,0,6,4,1,0,2012-s5
P1604,P1813,1,1,0,0,9,1,1,0,2012-s5
P0327,P1813,1,0,1,0,4,6,1,0,2012-s5
P1730,P1837,1,0,1,0,4,6,1,0,2012-s5
P1826,P1837,1,1,0,0,7,3,1,0,2012-s5
P0327,P1837,1,1,0,0,6,4,1,0,2012-s5
P1730,P1826,1,1,0,0,6,4,1,0,2012-s5
P1604,P1730,1,1,0,0,8,2,1,0,2012-s5
P0327,P1730,1,1,0,0,6,4,1,0,2012-s5
P1604,P1826,1,0,1,0,0,10,1,0,2012-s5
P0327,P1826,1,0,1,0,4,6,1,0,2012-s5
P0969,P1918,1,1,0,0,6,4,1,0,2013-s1
P0969,P1821,2,1,1,0,12,16,1,1,2013-s1
P0969,P1801,1,1,0,0,8,2,1,0,2013-s1
P1567,P1757,3,3,0,0,21,9,3,0,2013-s5
P0064,P1567,2,0,2,0,7,13,2,0,2013-s4
P1567,P1821,1,1,0,0,6,4,1,0,2013-s1
P1757,P1918,1,1,0,0,9,1,1,0,2013-s1
P1757,P1821,1,0,1,0,2,8,1,0,2013-s1
P0064,P1821,1,0,1,0,4,6,1,0,2013-s1
P1801,P1918,1,1,0,0,7,3,1,0,2013-s1
P1801,P1821,1,0,1,0,4,6,1,0,2013-s1
P1791,P1793,1,0,1,0,3,7,1,0,2013-s1
P1096,P1791,1,0,1,0,4,6,1,0,2013-s1
P1791,P1830,4,4,0,0,15,21,1,3,2014-s1
P1791,P1874,1,1,0,0,6,0,1,0,2013-s1
P0772,P1791,1,0,1,0,4,6,1,0,2013-s1
P1793,P1830,2,0,1,1,9,11,2,0,2013-s3
P1396,P1793,3,1,1,1,9,19,1,2,2013-s5
P1793,P1874,1,1,0,0,6,4,1,0,2013-s1
P0772,P1793,1,1,0,0,6,4,1,0,2013-s1
P1096,P1874,1,1,0,0,7,3,1,0,2013-s1
P0772,P1096,2,1,1,0,7,11,1,1,2013-s1
P1830,P1874,1,1,0,0,6,4,1,0,2013-s1
P0772,P1830,1,0,1,0,2,8,1,0,2013-s1
P1396,P1874,1,1,0,0,6,2,1,0,2013-s1
P0772,P1396,1,0,1,0,2,8,1,0,2013-s1
P0772,P1874,1,1,0,0,7,3,1,0,2013-s1
P1419,P1732,1,0,1,0,3,7,1,0,2013-s1
P1588,P1732,1,0,1,0,4,6,1,0,2013-s1
P1732,P1734,2,1,0,1,11,9,2,0,2013-s3
P1183,P1732,1,0,1,0,1,9,1,0,2013-s1
P1419,P1531,1,1,0,0,8,2,1,0,2013-s1
P1183,P1419,1,0,1,0,4,6,1,0,2013-s1
P0076,P1419,1,0,1,0,4,6,1,0,2013-s1
P1531,P1588,1,0,1,0,3,7,1,0,2013-s1
P1531,P1734,1,1,0,0,7,3,1,0,2013-s1
P1183,P1531,1,0,1,0,2,8,1,0,2013-s1
P1588,P1734,1,1,0,0,7,3,1,0,2013-s1
P1183,P1588,1,0,1,0,0,10,1,0,2013-s1
P1183,P1734,1,0,1,0,2,8,1,0,2013-s1
P0076,P1734,1,0,1,0,4,6,1,0,2013-s1
P0464,P1802,1,0,1,0,3,7,1,0,2013-s1
P1270,P1802,3,0,3,0,10,20,3,0,2013-s4
P1526,P1802,3,1,1,1,14,16,3,0,2013-s3
P0709,P1802,1,1,0,0,6,4,1,0,2013-s1
P1435,P1802,1,0,1,0,2,6,1,0,2013-s1
P0464,P1270,1,1,0,0,6,4,1,0,2013-s1
P0464,P1526,1,0,1,0,4,6,1,0,2013-s1
P0464,P0709,2,0,2,0,6,14,2,0,2013-s2
P0464,P1435,1,0,1,0,4,6,1,0,2013-s1
P1270,P1860,1,1,0,0,6,4,1,0,2013-s1
P1526,P1860,1,0,1,0,4,6,1,0,2013-s1
P0709,P1860,1,1,0,0,7,3,1,0,2013-s1
P1270,P1526,2,1,1,0,9,11,2,0,2013-s2
P0709,P1270,2,1,1,0,10,14,1,1,2013-s1
P1270,P1435,1,1,0,0,6,4,1,0,2013-s1
P0709,P1526,1,1,0,0,6,4,1,0,2013-s1
P1435,P1526,1,0,1,0,0,6,1,0,2013-s1
P1202,P1587,4,1,1,2,20,22,3,1,2013-s3
P1202,P1788,3,3,0,0,22,7,2,1,2013-s5
P1202,P1809,1,1,0,0,6,4,1,0,2013-s1
P1202,P1895,2,1,1,0,10,10,2,0,2013-s2
P1587,P1825,2,1,1,0,10,10,2,0,2013-s2
P1788,P1825,1,0,1,0,4,6,1,0,2013-s1
P1825,P1895,2,1,1,0,9,11,2,0,2013-s2
P1825,P1868,1,1,0,0,6,4,1,0,2013-s1
P1587,P1788,2,1,1,0,11,9,2,0,2013-s4
P1587,P1809,2,1,1,0,11,11,1,1,2013-s3
P1587,P1895,3,2,0,1,20,8,2,1,2013-s2
P1587,P1868,1,1,0,0,9,1,1,0,2013-s1
P1788,P1809,1,1,0,0,6,4,1,0,2013-s1
P1788,P1895,2,0,2,0,7,13,2,0,2013-s3
P1809,P1895,1,0,1,0,4,6,1,0,2013-s1
P1868,P1895,1,0,1,0,4,6,1,0,2013-s1
P1395,P1807,2,0,2,0,8,12,2,0,2013-s2
P1731,P1807,1,1,0,0,7,3,1,0,2013-s1
P1730,P1807,1,0,1,0,3,7,1,0,2013-s1
P1807,P1863,1,1,0,0,6,4,1,0,2013-s1
P1807,P1890,2,2,0,0,13,7,2,0,2013-s2
P1395,P1730,1,0,0,1,5,5,1,0,2013-s1
P1395,P1735,1,1,0,0,6,4,1,0,2013-s1
P1395,P1863,1,1,0,0,6,4,1,0,2013-s1
P1731,P1735,2,2,0,0,15,7,1,1,2013-s1
P1731,P1863,1,0,1,0,4,6,1,0,2013-s1
P1730,P1863,1,1,0,0,6,4,1,0,2013-s1
P1730,P1890,2,2,0,0,14,6,2,0,2013-s4
P1735,P1863,1,1,0,0,7,3,1,0,2013-s1
P1735,P1890,1,1,0,0,6,4,1,0,2013-s1
P1863,P1890,1,0,1,0,3,7,1,0,2013-s1
P1523,P1763,1,1,0,0,6,4,1,0,2013-s1
P1138,P1523,1,0,1,0,1,6,1,0,2013-s1
P1381,P1523,1,0,1,0,2,8,1,0,2013-s1
P1523,P1903,1,1,0,0,7,3,1,0,2013-s1
P1523,P1805,3,2,1,0,15,12,3,0,2014-s1
P1138,P1763,1,0,1,0,3,7,1,0,2013-s1
P1763,P1903,1,1,0,0,6,4,1,0,2013-s1
P1763,P1805,1,0,1,0,2,8,1,0,2013-s1
P1763,P1875,1,1,0,0,9,1,1,0,2013-s1
P1138,P1903,1,1,0,0,7,3,1,0,2013-s1
P1138,P1805,1,1,0,0,6,4,1,0,2013-s1
P1805,P1903,1,1,0,0,8,2,1,0,2013-s1
P1805,P1875,1,1,0,0,8,2,1,0,2013-s1
P1736,P1862,1,0,1,0,1,9,1,0,2013-s1
P1736,P1887,1,0,1,0,4,6,1,0,2013-s1
P1736,P1762,1,0,1,0,4,6,1,0,2013-s1
P1736,P1930,2,1,1,0,10,10,2,0,2013-s2
P1736,P1900,1,1,0,0,6,0,1,0,2013-s1
P1798,P1862,1,0,1,0,4,6,1,0,2013-s1
P1862,P1887,1,1,0,0,6,4,1,0,2013-s1
P1762,P1862,1,0,1,0,1,9,1,0,2013-s1
P1862,P1930,1,1,0,0,7,3,1,0,2013-s1
P1862,P1900,1,1,0,0,8,2,1,0,2013-s1
P1762,P1798,1,0,1,0,3,7,1,0,2013-s1
P1798,P1930,1,0,1,0,2,8,1,0,2013-s1
P1798,P1900,1,0,1,0,4,6,1,0,2013-s1
P1887,P1930,1,0,1,0,4,6,1,0,2013-s1
P1887,P1900,1,1,0,0,6,4,1,0,2013-s1
P1762,P1930,1,0,1,0,2,8,1,0,2013-s1
P1762,P1900,1,1,0,0,7,3,1,0,2013-s1
P1900,P1930,1,0,1,0,3,7,1,0,2013-s1
P1768,P1913,1,1,0,0,6,4,1,0,2013-s1
P1733,P1913,2,2,0,0,12,8,2,0,2013-s2
P1786,P1913,2,2,0,0,17,3,2,0,2013-s2
P1604,P1913,1,1,0,0,10,0,1,0,2013-s1
P1664,P1913,1,1,0,0,7,3,1,0,2013-s1
P1768,P1878,1,1,0,0,6,4,1,0,2013-s1
P1733,P1768,1,1,0,0,6,4,1,0,2013-s1
P1604,P1768,1,1,0,0,6,4,1,0,2013-s1
P1733,P1878,1,1,0,0,7,3,1,0,2013-s1
P1786,P1878,1,1,0,0,6,4,1,0,2013-s1
P1604,P1878,1,1,0,0,10,0,1,0,2013-s1
P1733,P1786,3,0,3,0,11,20,2,1,2013-s2
P1604,P1786,1,1,0,0,10,0,1,0,2013-s1
P0709,P1096,1,1,0,0,6,4,1,0,2013-s2
P0709,P1813,1,1,0,0,7,3,1,0,2013-s2
P0182,P0709,2,0,2,0,13,8,1,1,2013-s2
P1096,P1523,2,2,0,0,12,8,2,0,2013-s5
P1096,P1813,1,0,1,0,4,6,1,0,2013-s2
P0182,P1096,1,1,0,0,6,4,1,0,2013-s2
P0464,P1813,1,1,0,0,6,4,1,0,2013-s2
P0182,P0464,2,1,1,0,10,10,1,1,2013-s2
P1523,P1737,1,0,1,0,3,7,1,0,2013-s2
P0182,P1523,1,1,0,0,6,4,1,0,2013-s2
P1737,P1813,1,0,0,1,5,5,1,0,2013-s2
P0182,P1813,1,1,0,0,6,4,1,0,2013-s2
P0182,P1737,1,0,1,0,4,6,1,0,2013-s2
P1531,P1768,1,0,0,1,5,5,1,0,2013-s2
P1316,P1531,1,0,0,1,5,5,1,0,2013-s2
P1531,P1769,1,1,0,0,8,2,1,0,2013-s2
P1531,P1757,2,2,0,0,13,7,2,0,2013-s4
P1567,P1768,1,1,0,0,8,2,1,0,2013-s2
P1316,P1567,2,0,2,0,7,14,1,1,2013-s4
P1567,P1769,1,1,0,0,6,4,1,0,2013-s2
P1316,P1768,1,1,0,0,6,4,1,0,2013-s2
P1396,P1768,1,1,0,0,9,1,1,0,2013-s2
P1757,P1768,1,1,0,0,6,4,1,0,2013-s2
P1316,P1396,2,2,0,0,14,6,2,0,2013-s5
P1316,P1769,1,0,0,1,5,5,1,0,2013-s2
P1396,P1769,1,1,0,0,9,1,1,0,2013-s2
P1588,P1808,1,1,0,0,8,2,1,0,2013-s2
P1808,P1871,1,0,1,0,4,6,1,0,2013-s2
P1717,P1808,1,0,1,0,3,7,1,0,2013-s2
P0273,P1808,1,0,1,0,3,7,1,0,2013-s2
P1788,P1830,2,1,1,0,11,10,1,1,2013-s5
P1830,P1871,1,0,1,0,4,6,1,0,2013-s2
P1588,P1788,4,0,4,0,19,29,2,2,2013-s5
P1788,P1871,1,0,1,0,4,6,1,0,2013-s2
P1717,P1788,1,0,1,0,1,9,1,0,2013-s2
P0273,P1788,1,0,1,0,2,8,1,0,2013-s2
P1588,P1871,1,1,0,0,6,4,1,0,2013-s2
P1588,P1717,1,1,0,0,7,3,1,0,2013-s2
P0273,P1588,1,0,1,0,2,8,1,0,2013-s2
P1717,P1871,1,0,1,0,1,9,1,0,2013-s2
P0273,P1871,1,0,1,0,3,7,1,0,2013-s2
P1270,P1578,1,0,1,0,4,6,1,0,2013-s2
P1578,P1927,1,1,0,0,6,4,1,0,2013-s2
P1802,P1927,1,1,0,0,10,0,1,0,2013-s2
P1802,P1835,1,1,0,0,7,3,1,0,2013-s2
P1104,P1526,1,0,1,0,3,7,1,0,2013-s2
P1104,P1270,1,0,1,0,1,9,1,0,2013-s2
P1270,P1927,1,1,0,0,6,4,1,0,2013-s2
P1791,P1825,2,2,0,0,14,5,2,0,2014-s1
P1435,P1791,1,0,0,1,5,5,1,0,2013-s2
P1202,P1791,2,0,2,0,13,12,1,1,2013-s5
P1425,P1791,1,0,1,0,3,7,1,0,2013-s2
P1435,P1825,1,1,0,0,7,3,1,0,2013-s2
P1435,P1587,1,0,1,0,4,6,1,0,2013-s2
P1425,P1587,1,0,1,0,4,6,1,0,2013-s2
P1435,P1895,1,0,1,0,0,10,1,0,2013-s2
P1425,P1895,1,1,0,0,6,4,1,0,2013-s2
P1202,P1435,1,1,0,0,8,2,1,0,2013-s2
P1202,P1425,1,1,0,0,6,4,1,0,2013-s2
P1807,P1921,1,0,1,0,3,7,1,0,2013-s2
P1807,P1912,1,1,0,0,6,4,1,0,2013-s2
P1807,P1931,1,1,0,0,6,4,1,0,2013-s2
P1586,P1807,1,0,0,1,5,5,1,0,2013-s2
P1395,P1921,1,0,1,0,3,7,1,0,2013-s2
P1395,P1912,1,1,0,0,7,3,1,0,2013-s2
P1395,P1931,1,1,0,0,6,4,1,0,2013-s2
P1395,P1586,1,1,0,0,8,2,1,0,2013-s2
P1395,P1890,1,0,1,0,2,8,1,0,2013-s2
P1912,P1921,1,0,1,0,3,7,1,0,2013-s2
P1921,P1931,1,1,0,0,6,4,1,0,2013-s2
P1890,P1921,1,0,1,0,2,8,1,0,2013-s2
P1912,P1931,1,1,0,0,6,4,1,0,2013-s2
P1586,P1912,1,1,0,0,8,2,1,0,2013-s2
P1890,P1912,1,0,1,0,3,7,1,0,2013-s2
P1586,P1931,1,1,0,0,10,0,1,0,2013-s2
P1890,P1931,1,1,0,0,10,0,1,0,2013-s2
P1586,P1890,1,1,0,0,6,4,1,0,2013-s2
P1914,P1930,1,0,1,0,3,7,1,0,2013-s2
P1381,P1930,1,1,0,0,6,4,1,0,2013-s2
P1837,P1930,1,0,1,0,4,6,1,0,2013-s2
P1772,P1930,1,0,1,0,4,6,1,0,2013-s2
P1859,P1930,1,0,1,0,1,9,1,0,2013-s2
P1736,P1914,1,1,0,0,8,2,1,0,2013-s2
P1381,P1914,1,1,0,0,6,4,1,0,2013-s2
P1837,P1914,1,0,0,1,5,5,1,0,2013-s2
P1772,P1914,1,1,0,0,9,1,1,0,2013-s2
P1859,P1914,1,1,0,0,8,2,1,0,2013-s2
P1381,P1736,1,1,0,0,8,2,1,0,2013-s2
P1736,P1837,2,0,1,1,5,5,1,1,2013-s2
P1736,P1772,1,0,1,0,3,7,1,0,2013-s2
P1736,P1859,2,1,1,0,6,14,1,1,2013-s3
P1381,P1837,1,1,0,0,7,3,1,0,2013-s2
P1381,P1772,1,0,1,0,1,9,1,0,2013-s2
P1381,P1859,4,1,3,0,23,23,3,1,2014-s1
P1772,P1837,1,1,0,0,10,0,1,0,2013-s2
P1837,P1859,1,1,0,0,6,4,1,0,2013-s2
P1772,P1859,1,1,0,0,8,2,1,0,2013-s2
P1880,P1881,1,1,0,0,7,3,1,0,2013-s2
P1798,P1880,1,0,1,0,4,6,1,0,2013-s2
P1880,P1883,1,1,0,0,6,4,1,0,2013-s2
P1794,P1880,1,0,1,0,4,6,1,0,2013-s2
P1743,P1880,1,1,0,0,9,1,1,0,2013-s2
P1872,P1880,2,2,0,0,16,14,1,1,2013-s2
P1743,P1798,1,1,0,0,7,3,1,0,2013-s2
P1794,P1883,1,1,0,0,6,4,1,0,2013-s2
P1743,P1883,1,0,1,0,3,7,1,0,2013-s2
P1872,P1883,2,2,0,0,12,8,2,0,2013-s3
P1794,P1872,1,0,1,0,4,6,1,0,2013-s2
P1743,P1872,1,0,0,1,5,5,1,0,2013-s2
P1733,P1903,1,1,0,0,6,4,1,0,2013-s2
P1901,P1903,1,1,0,0,7,3,1,0,2013-s2
P1730,P1903,1,1,0,0,7,3,1,0,2013-s2
P1786,P1901,3,2,0,1,18,14,2,1,2013-s5
P1730,P1786,1,0,1,0,3,7,1,0,2013-s2
P1901,P1913,1,1,0,0,8,2,1,0,2013-s2
P1730,P1913,1,1,0,0,10,0,1,0,2013-s2
P1824,P1913,1,1,0,0,9,1,1,0,2013-s2
P1733,P1901,1,0,1,0,3,7,1,0,2013-s2
P1733,P1824,1,1,0,0,7,3,1,0,2013-s2
P1730,P1901,1,1,0,0,8,2,1,0,2013-s2
P1824,P1901,1,0,1,0,4,6,1,0,2013-s2
P1730,P1824,1,1,0,0,8,2,1,0,2013-s2
P1202,P1316,1,0,0,1,5,5,1,0,2013-s3
P1202,P1901,1,1,0,0,8,2,1,0,2013-s3
P1202,P1813,1,1,0,0,9,1,1,0,2013-s3
P1419,P1587,1,0,1,0,3,7,1,0,2013-s3
P1316,P1419,1,1,0,0,9,1,1,0,2013-s3
P1419,P1901,1,1,0,0,6,4,1,0,2013-s3
P1316,P1587,2,1,1,0,7,13,2,0,2014-s1
P0064,P1587,2,0,2,0,4,13,1,1,2013-s4
P1587,P1901,2,2,0,0,18,2,2,0,2014-s1
P1587,P1813,1,1,0,0,7,3,1,0,2013-s3
P0064,P1316,1,0,1,0,2,8,1,0,2013-s3
P1316,P1901,2,1,1,0,10,10,2,0,2014-s1
P1316,P1813,1,0,0,1,5,5,1,0,2013-s3
P0064,P1901,2,2,0,0,15,4,2,0,2013-s4
P0064,P1813,1,1,0,0,6,4,1,0,2013-s3
P1813,P1901,1,1,0,0,9,1,1,0,2013-s3
P0709,P1793,1,1,0,0,6,4,1,0,2013-s3
P0709,P0969,2,1,1,0,10,16,1,1,2013-s3
P0709,P1830,1,1,0,0,9,1,1,0,2013-s3
P0709,P1104,2,2,0,0,15,5,2,0,2013-s4
P0709,P1805,1,1,0,0,6,4,1,0,2013-s3
P0709,P1818,1,1,0,0,7,3,1,0,2013-s3
P0969,P1793,1,1,0,0,6,4,1,0,2013-s3
P0969,P1805,1,1,0,0,9,1,1,0,2013-s3
P0969,P1818,2,2,0,0,15,5,2,0,2014-s1
P1805,P1830,2,0,2,0,9,11,1,1,2014-s1
P1818,P1830,1,0,1,0,2,8,1,0,2013-s3
P1805,P1818,1,0,1,0,3,7,1,0,2013-s3
P1531,P1791,3,0,3,0,6,24,3,0,2013-s5
P1772,P1791,2,0,2,0,4,13,2,0,2013-s5
P1791,P1860,3,3,0,0,22,6,1,2,2014-s1
P0464,P1791,1,0,1,0,2,8,1,0,2013-s3
P1773,P1791,1,0,1,0,4,6,1,0,2013-s3
P1531,P1808,2,1,1,0,8,11,1,1,2013-s3
P1772,P1808,1,0,0,1,5,5,1,0,2013-s3
P1808,P1860,1,0,1,0,3,7,1,0,2013-s3
P0464,P1808,1,1,0,0,8,2,1,0,2013-s3
P1531,P1772,1,1,0,0,9,1,1,0,2013-s3
P1531,P1860,1,0,0,1,5,5,1,0,2013-s3
P0464,P1531,1,0,1,0,4,6,1,0,2013-s3
P1531,P1773,1,1,0,0,7,3,1,0,2013-s3
P1772,P1860,1,0,1,0,4,6,1,0,2013-s3
P0464,P1772,1,0,0,1,5,5,1,0,2013-s3
P0464,P1860,1,0,1,0,4,6,1,0,2013-s3
P1773,P1860,1,0,1,0,4,6,1,0,2013-s3
P1270,P1588,1,1,0,0,6,4,1,0,2013-s3
P1588,P1757,1,0,1,0,3,7,1,0,2013-s3
P1588,P1769,1,1,0,0,6,1,1,0,2013-s3
P0364,P1588,1,0,1,0,3,7,1,0,2013-s3
P1588,P1763,2,2,0,0,12,8,2,0,2013-s5
P1270,P1757,1,1,0,0,6,4,1,0,2013-s3
P1270,P1769,1,0,1,0,4,6,1,0,2013-s3
P0029,P1270,1,1,0,0,6,4,1,0,2013-s3
P0364,P1270,1,0,1,0,4,6,1,0,2013-s3
P1270,P1763,1,0,1,0,4,6,1,0,2013-s3
P1757,P1769,1,1,0,0,8,2,1,0,2013-s3
P1757,P1763,2,1,1,0,9,11,2,0,2013-s4
P1763,P1769,1,0,1,0,4,6,1,0,2013-s3
P0029,P1763,1,0,1,0,4,6,1,0,2013-s3
P0364,P1763,1,0,1,0,4,6,1,0,2013-s3
P0368,P1862,1,0,0,1,5,5,1,0,2013-s3
P0368,P1825,1,0,1,0,3,7,1,0,2013-s3
P0368,P1734,1,1,0,0,7,3,1,0,2013-s3
P0368,P1732,1,0,0,1,5,5,1,0,2013-s3
P1567,P1862,2,2,0,0,13,7,2,0,2014-s1
P1567,P1825,1,1,0,0,6,4,1,0,2013-s3
P1567,P1732,2,1,1,0,14,6,1,1,2013-s3
P1567,P1731,1,1,0,0,7,3,1,0,2013-s3
P1825,P1862,1,1,0,0,9,1,1,0,2013-s3
P1734,P1862,1,0,1,0,3,7,1,0,2013-s3
P1732,P1862,1,1,0,0,6,4,1,0,2013-s3
P1731,P1862,1,0,1,0,0,6,1,0,2013-s3
P1734,P1825,1,0,1,0,2,8,1,0,2013-s3
P1732,P1825,2,2,0,0,12,8,2,0,2013-s4
P1731,P1825,1,0,1,0,1,7,1,0,2013-s3
P1731,P1734,1,0,1,0,2,6,1,0,2013-s3
P1731,P1732,1,0,1,0,1,6,1,0,2013-s3
P1578,P1768,1,0,0,1,5,5,1,0,2013-s3
P1578,P1650,1,0,1,0,2,8,1,0,2013-s3
P1578,P1783,1,1,0,0,7,3,1,0,2013-s3
P0772,P1578,1,0,1,0,3,7,1,0,2013-s3
P1578,P1761,1,1,0,0,7,3,1,0,2013-s3
P1650,P1768,1,1,0,0,7,3,1,0,2013-s3
P1768,P1783,1,0,0,1,5,5,1,0,2013-s3
P0772,P1768,1,0,0,1,5,5,1,0,2013-s3
P1761,P1768,2,1,0,1,13,7,2,0,2013-s5
P0772,P1650,1,1,0,0,8,2,1,0,2013-s3
P1650,P1809,1,0,1,0,3,7,1,0,2013-s3
P1650,P1761,1,1,0,0,7,3,1,0,2013-s3
P0772,P1783,1,0,0,1,5,5,1,0,2013-s3
P1783,P1809,1,0,1,0,4,6,1,0,2013-s3
P1761,P1783,1,0,1,0,4,6,1,0,2013-s3
P0772,P1809,1,0,1,0,3,7,1,0,2013-s3
P0772,P1761,2,1,1,0,13,13,1,1,2013-s4
P1761,P1809,1,1,0,0,6,4,1,0,2013-s3
P1802,P1895,1,0,0,1,5,5,1,0,2013-s3
P1802,P1841,1,1,0,0,7,3,1,0,2013-s3
P1788,P1802,1,0,1,0,2,8,1,0,2013-s3
P1730,P1802,1,0,1,0,3,7,1,0,2013-s3
P1841,P1895,1,0,1,0,4,6,1,0,2013-s3
P1396,P1895,2,1,1,0,9,13,1,1,2013-s3
P1526,P1895,1,1,0,0,7,3,1,0,2013-s3
P1730,P1895,1,0,1,0,3,7,1,0,2013-s3
P1788,P1841,1,0,1,0,4,6,1,0,2013-s3
P1396,P1841,1,1,0,0,6,4,1,0,2013-s3
P1526,P1841,1,0,1,0,4,6,1,0,2013-s3
P1730,P1841,1,0,0,1,5,5,1,0,2013-s3
P1396,P1788,1,0,1,0,3,7,1,0,2013-s3
P1526,P1788,2,0,1,1,8,12,2,0,2013-s4
P1730,P1788,1,0,1,0,2,8,1,0,2013-s3
P1396,P1526,1,1,0,0,6,4,1,0,2013-s3
P1396,P1730,1,1,0,0,6,4,1,0,2013-s3
P1526,P1730,1,1,0,0,7,3,1,0,2013-s3
P1664,P1893,1,1,0,0,6,4,1,0,2013-s3
P1890,P1893,1,1,0,0,10,0,1,0,2013-s3
P1858,P1893,1,1,0,0,10,0,1,0,2013-s3
P1893,P1899,1,0,1,0,0,10,1,0,2013-s3
P1797,P1893,1,1,0,0,10,0,1,0,2013-s3
P1837,P1893,1,1,0,0,10,0,1,0,2013-s3
P1664,P1890,1,1,0,0,9,1,1,0,2013-s3
P1664,P1858,1,1,0,0,7,3,1,0,2013-s3
P1664,P1899,1,1,0,0,6,4,1,0,2013-s3
P1664,P1797,1,1,0,0,9,1,1,0,2013-s3
P1664,P1837,1,0,0,1,5,5,1,0,2013-s3
P1858,P1890,1,1,0,0,6,4,1,0,2013-s3
P1890,P1899,2,0,2,0,4,16,2,0,2013-s4
P1837,P1890,1,1,0,0,6,4,1,0,2013-s3
P1858,P1899,1,0,1,0,4,6,1,0,2013-s3
P1797,P1858,1,0,1,0,4,6,1,0,2013-s3
P1837,P1858,1,1,0,0,6,4,1,0,2013-s3
P1797,P1899,1,0,1,0,4,6,1,0,2013-s3
P1837,P1899,1,0,1,0,3,7,1,0,2013-s3
P1797,P1837,1,0,1,0,2,8,1,0,2013-s3
P1381,P1872,1,0,1,0,2,8,1,0,2013-s3
P1872,P1889,1,1,0,0,6,4,1,0,2013-s3
P1204,P1872,1,0,1,0,4,6,1,0,2013-s3
P1872,P1896,1,1,0,0,7,3,1,0,2013-s3
P1381,P1889,1,0,0,1,5,5,1,0,2013-s3
P1204,P1381,1,0,1,0,3,7,1,0,2013-s3
P1381,P1883,1,1,0,0,6,4,1,0,2013-s3
P1381,P1896,2,0,2,0,6,14,1,1,2013-s3
P1395,P1889,1,0,1,0,4,6,1,0,2013-s3
P1204,P1889,1,0,1,0,2,8,1,0,2013-s3
P1883,P1889,1,0,1,0,4,6,1,0,2013-s3
P1889,P1896,1,1,0,0,6,4,1,0,2013-s3
P1204,P1395,1,1,0,0,6,4,1,0,2013-s3
P1395,P1883,1,1,0,0,6,4,1,0,2013-s3
P1395,P1896,1,0,1,0,1,9,1,0,2013-s3
P1204,P1883,1,1,0,0,6,4,1,0,2013-s3
P1204,P1896,1,0,1,0,2,8,1,0,2013-s3
P1883,P1896,1,0,1,0,0,10,1,0,2013-s3
P1786,P1892,1,0,1,0,2,8,1,0,2013-s3
P1786,P1869,1,1,0,0,6,4,1,0,2013-s3
P1717,P1892,1,0,1,0,3,7,1,0,2013-s3
P1717,P1870,1,0,1,0,0,10,1,0,2013-s3
P1717,P1869,1,0,1,0,4,6,1,0,2013-s3
P1717,P1897,1,1,0,0,9,1,1,0,2013-s3
P1870,P1892,1,1,0,0,6,4,1,0,2013-s3
P1892,P1897,1,1,0,0,10,0,1,0,2013-s3
P1873,P1892,1,0,1,0,3,7,1,0,2013-s3
P1869,P1870,2,2,0,0,7,11,1,1,2013-s3
P1870,P1897,1,1,0,0,10,0,1,0,2013-s3
P1870,P1873,1,1,0,0,6,1,1,0,2013-s3
P1869,P1897,1,1,0,0,8,2,1,0,2013-s3
P1873,P1897,1,1,0,0,10,0,1,0,2013-s3
P1587,P1886,1,1,0,0,7,3,1,0,2013-s4
P1587,P1588,1,1,0,0,6,4,1,0,2013-s4
P1526,P1587,1,0,1,0,4,6,1,0,2013-s4
P1587,P1835,1,1,0,0,6,4,1,0,2013-s4
P1587,P1772,1,1,0,0,6,0,1,0,2013-s4
P1588,P1886,1,0,1,0,4,6,1,0,2013-s4
P1788,P1886,1,1,0,0,8,2,1,0,2013-s4
P1526,P1886,1,0,1,0,4,6,1,0,2013-s4
P1772,P1886,1,0,1,0,1,6,1,0,2013-s4
P1526,P1588,1,0,1,0,2,8,1,0,2013-s4
P1588,P1772,1,1,0,0,7,3,1,0,2013-s4
P1788,P1835,1,1,0,0,6,4,1,0,2013-s4
P1772,P1788,1,0,1,0,4,6,1,0,2013-s4
P1526,P1772,1,1,0,0,6,4,1,0,2013-s4
P1772,P1835,1,0,1,0,4,6,1,0,2013-s4
P1732,P1802,1,0,1,0,3,7,1,0,2013-s4
P1732,P1818,1,1,0,0,9,1,1,0,2013-s4
P1732,P1733,1,1,0,0,7,3,1,0,2013-s4
P1096,P1802,1,0,1,0,1,6,1,0,2013-s4
P1733,P1802,1,0,1,0,3,7,1,0,2013-s4
P1270,P1825,1,1,0,0,6,4,1,0,2013-s4
P1096,P1270,1,0,1,0,4,6,1,0,2013-s4
P1270,P1818,1,1,0,0,6,4,1,0,2013-s4
P1270,P1733,1,1,0,0,6,4,1,0,2013-s4
P1818,P1825,2,1,1,0,7,13,2,0,2014-s1
P1733,P1825,1,0,1,0,3,7,1,0,2013-s4
P1733,P1818,1,0,1,0,4,6,1,0,2013-s4
P0969,P1791,6,3,2,1,36,31,2,4,2014-s1
P1743,P1791,1,0,1,0,3,7,1,0,2013-s4
P1763,P1791,1,0,1,0,3,7,1,0,2013-s4
P0969,P1743,1,1,0,0,9,1,1,0,2013-s4
P0076,P0969,1,0,1,0,4,6,1,0,2013-s4
P0969,P1763,1,1,0,0,6,4,1,0,2013-s4
P1743,P1757,1,0,1,0,1,9,1,0,2013-s4
P1531,P1743,1,1,0,0,9,1,1,0,2013-s4
P1531,P1763,1,0,1,0,4,6,1,0,2013-s4
P1743,P1763,1,0,1,0,0,10,1,0,2013-s4
P0076,P1763,1,0,0,1,5,5,1,0,2013-s4
P1202,P1604,2,2,0,0,13,7,2,0,2013-s5
P1104,P1202,2,0,2,0,10,14,1,1,2013-s4
P1202,P1650,1,0,1,0,4,6,1,0,2013-s4
P0709,P1650,2,1,1,0,3,16,1,1,2013-s4
P0709,P1419,1,0,1,0,4,6,1,0,2013-s4
P0709,P1664,1,1,0,0,8,2,1,0,2013-s4
P1104,P1604,1,0,1,0,4,6,1,0,2013-s4
P1604,P1650,1,0,1,0,4,6,1,0,2013-s4
P1419,P1604,1,0,0,1,5,5,1,0,2013-s4
P1104,P1650,1,0,1,0,0,10,1,0,2013-s4
P1104,P1419,1,0,1,0,4,6,1,0,2013-s4
P1419,P1650,1,0,1,0,4,6,1,0,2013-s4
P1650,P1664,1,0,1,0,4,6,1,0,2013-s4
P1419,P1664,1,1,0,0,9,1,1,0,2013-s4
P0182,P1316,1,1,0,0,6,4,1,0,2013-s4
P1316,P1830,1,0,1,0,4,6,1,0,2013-s4
P1316,P1896,1,1,0,0,6,4,1,0,2013-s4
P0182,P1895,1,1,0,0,7,3,1,0,2013-s4
P1830,P1895,1,1,0,0,8,2,1,0,2013-s4
P0182,P1862,1,1,0,0,6,1,1,0,2013-s4
P0182,P1896,1,1,0,0,6,4,1,0,2013-s4
P1830,P1862,1,1,0,0,6,4,1,0,2013-s4
P1830,P1896,1,1,0,0,6,0,1,0,2013-s4
P1860,P1871,2,0,2,0,6,14,2,0,2013-s5
P1567,P1871,1,0,0,1,5,5,1,0,2013-s4
P0064,P1871,1,1,0,0,7,3,1,0,2013-s4
P1871,P1932,1,1,0,0,6,4,1,0,2013-s4
P0464,P1871,1,0,1,0,4,6,1,0,2013-s4
P1871,P1901,1,1,0,0,6,4,1,0,2013-s4
P1567,P1860,1,1,0,0,8,2,1,0,2013-s4
P1860,P1932,1,0,1,0,1,9,1,0,2013-s4
P1567,P1932,1,1,0,0,8,2,1,0,2013-s4
P0464,P1567,1,0,1,0,3,7,1,0,2013-s4
P1567,P1901,1,1,0,0,7,3,1,0,2013-s4
P0064,P0464,1,1,0,0,6,4,1,0,2013-s4
P0464,P1932,1,0,1,0,3,6,1,0,2013-s4
P1901,P1932,1,1,0,0,6,4,1,0,2013-s4
P0464,P1901,1,0,1,0,4,6,1,0,2013-s4
P0364,P1761,1,0,1,0,4,6,1,0,2013-s4
P0364,P1917,1,1,0,0,8,2,1,0,2013-s4
P0364,P1888,1,1,0,0,7,3,1,0,2013-s4
P0364,P1858,2,2,0,0,17,3,2,0,2013-s5
P0364,P1867,1,0,1,0,4,6,1,0,2013-s4
P0364,P1926,1,1,0,0,7,3,1,0,2013-s4
P1761,P1917,1,0,0,1,5,5,1,0,2013-s4
P1761,P1888,1,0,0,1,5,5,1,0,2013-s4
P1761,P1858,1,1,0,0,8,2,1,0,2013-s4
P1761,P1867,2,2,0,0,9,11,1,1,2013-s5
P1761,P1926,1,1,0,0,6,4,1,0,2013-s4
P1888,P1917,1,0,1,0,2,7,1,0,2013-s4
P1867,P1917,1,1,0,0,7,3,1,0,2013-s4
P1917,P1926,1,0,1,0,2,8,1,0,2013-s4
P1867,P1888,1,1,0,0,6,4,1,0,2013-s4
P1888,P1926,1,0,1,0,3,7,1,0,2013-s4
P1858,P1867,1,0,1,0,1,9,1,0,2013-s4
P1858,P1926,1,0,1,0,4,6,1,0,2013-s4
P1867,P1926,1,0,0,1,5,5,1,0,2013-s4
P1743,P1870,1,0,1,0,4,6,1,0,2013-s4
P1743,P1813,1,1,0,0,6,4,1,0,2013-s4
P1743,P1910,1,1,0,0,6,4,1,0,2013-s4
P1381,P1743,2,0,2,0,8,12,2,0,2014-s1
P1743,P1859,2,2,0,0,14,6,2,0,2014-s1
P1743,P1924,1,1,0,0,7,3,1,0,2013-s4
P1813,P1870,1,1,0,0,7,3,1,0,2013-s4
P1870,P1910,1,1,0,0,10,0,1,0,2013-s4
P1381,P1870,1,0,1,0,1,9,1,0,2013-s4
P1859,P1870,1,1,0,0,8,2,1,0,2013-s4
P1870,P1924,1,1,0,0,7,3,1,0,2013-s4
P1813,P1910,1,1,0,0,8,2,1,0,2013-s4
P1813,P1859,1,1,0,0,7,3,1,0,2013-s4
P1813,P1924,1,1,0,0,6,4,1,0,2013-s4
P1381,P1910,1,1,0,0,6,4,1,0,2013-s4
P1859,P1910,1,1,0,0,6,4,1,0,2013-s4
P1381,P1924,1,1,0,0,6,4,1,0,2013-s4
P1859,P1924,1,1,0,0,7,3,1,0,2013-s4
P0772,P1889,1,0,1,0,4,6,1,0,2013-s4
P1869,P1889,1,1,0,0,6,4,1,0,2013-s4
P1179,P1889,1,1,0,0,8,2,1,0,2013-s4
P1889,P1908,1,1,0,0,7,3,1,0,2013-s4
P1486,P1889,1,1,0,0,6,4,1,0,2013-s4
P0772,P1869,1,0,1,0,4,6,1,0,2013-s4
P0772,P1179,1,1,0,0,6,4,1,0,2013-s4
P0772,P1908,1,1,0,0,7,3,1,0,2013-s4
P0772,P1486,1,1,0,0,7,3,1,0,2013-s4
P0772,P1800,1,1,0,0,7,3,1,0,2013-s4
P1179,P1869,1,0,1,0,3,7,1,0,2013-s4
P1869,P1908,1,1,0,0,7,3,1,0,2013-s4
P1800,P1869,1,0,1,0,1,9,1,0,2013-s4
P1179,P1908,1,1,0,0,7,3,1,0,2013-s4
P1179,P1486,1,0,1,0,4,6,1,0,2013-s4
P1179,P1800,1,1,0,0,6,4,1,0,2013-s4
P1486,P1908,1,0,1,0,4,6,1,0,2013-s4
P1717,P1872,2,1,1,0,14,5,1,1,2013-s4
P1872,P1920,1,1,0,0,7,3,1,0,2013-s4
P1872,P1919,1,1,0,0,8,2,1,0,2013-s4
P1919,P1923,1,0,1,0,3,7,1,0,2013-s4
P1717,P1920,1,1,0,0,8,2,1,0,2013-s4
P1717,P1919,1,0,1,0,3,7,1,0,2013-s4
P0380,P1736,1,1,0,0,7,3,1,0,2013-s4
P0380,P1919,1,0,1,0,2,8,1,0,2013-s4
P1736,P1920,1,1,0,0,6,4,1,0,2013-s4
P1736,P1919,2,1,1,0,7,13,2,0,2013-s5
P1919,P1920,1,1,0,0,7,3,1,0,2013-s4
P1523,P1730,2,2,0,0,14,7,1,1,2013-s4
P1730,P1916,1,1,0,0,10,0,1,0,2013-s4
P1730,P1905,1,1,0,0,6,4,1,0,2013-s4
P1730,P1914,2,2,0,0,15,5,2,0,2014-s1
P1730,P1899,2,1,1,0,9,11,2,0,2014-s1
P1523,P1890,1,1,0,0,9,1,1,0,2013-s4
P1523,P1916,1,1,0,0,8,2,1,0,2013-s4
P1523,P1905,1,1,0,0,6,4,1,0,2013-s4
P1523,P1914,1,1,0,0,6,4,1,0,2013-s4
P1523,P1899,1,1,0,0,6,4,1,0,2013-s4
P1890,P1916,1,0,1,0,3,7,1,0,2013-s4
P1890,P1905,1,1,0,0,6,4,1,0,2013-s4
P1890,P1914,1,1,0,0,8,2,1,0,2013-s4
P1905,P1916,1,0,1,0,4,6,1,0,2013-s4
P1899,P1916,1,1,0,0,7,3,1,0,2013-s4
P1899,P1914,2,2,0,0,12,8,2,0,2014-s1
P1732,P1791,2,1,1,0,13,11,1,1,2013-s5
P1270,P1791,1,1,0,0,6,4,1,0,2013-s5
P1791,P1841,1,0,1,0,4,6,1,0,2013-s5
P1732,P1772,1,0,0,1,5,5,1,0,2013-s5
P1627,P1732,1,0,1,0,3,7,1,0,2013-s5
P1270,P1841,1,1,0,0,6,4,1,0,2013-s5
P1270,P1772,1,1,0,0,7,3,1,0,2013-s5
P1270,P1531,1,0,1,0,4,6,1,0,2013-s5
P1772,P1841,1,1,0,0,6,4,1,0,2013-s5
P1627,P1841,1,0,1,0,4,6,1,0,2013-s5
P1531,P1627,1,0,1,0,3,7,1,0,2013-s5
P1425,P1588,1,0,1,0,3,7,1,0,2013-s5
P1588,P1839,1,0,1,0,3,7,1,0,2013-s5
P0772,P1588,1,1,0,0,6,4,1,0,2013-s5
P1425,P1865,1,1,0,0,9,1,1,0,2013-s5
P1839,P1865,1,1,0,0,6,4,1,0,2013-s5
P1763,P1865,1,0,0,1,5,5,1,0,2013-s5
P1425,P1839,1,0,1,0,4,6,1,0,2013-s5
P1425,P1763,1,1,0,0,8,2,1,0,2013-s5
P1419,P1425,2,2,0,0,14,6,2,0,2014-s1
P0772,P1839,1,0,1,0,1,9,1,0,2013-s5
P1763,P1839,1,0,1,0,1,9,1,0,2013-s5
P1419,P1839,1,0,1,0,2,8,1,0,2013-s5
P0772,P1763,1,0,1,0,4,6,1,0,2013-s5
P0772,P1419,1,1,0,0,8,2,1,0,2013-s5
P1419,P1763,1,0,0,1,5,5,1,0,2013-s5
P1202,P1793,1,1,0,0,6,4,1,0,2013-s5
P1788,P1793,1,0,1,0,4,6,1,0,2013-s5
P1793,P1934,1,0,1,0,3,7,1,0,2013-s5
P0064,P1793,2,0,2,0,10,14,1,1,2013-s5
P1793,P1877,1,1,0,0,8,2,1,0,2013-s5
P1202,P1934,1,1,0,0,8,2,1,0,2013-s5
P1202,P1877,1,1,0,0,6,4,1,0,2013-s5
P1788,P1934,1,1,0,0,7,3,1,0,2013-s5
P0064,P1788,1,0,1,0,3,7,1,0,2013-s5
P1604,P1934,1,1,0,0,7,3,1,0,2013-s5
P1877,P1934,1,0,1,0,2,8,1,0,2013-s5
P0064,P1604,1,0,0,1,5,5,1,0,2013-s5
P1604,P1877,1,1,0,0,7,3,1,0,2013-s5
P0754,P1567,1,0,1,0,4,6,1,0,2013-s5
P0754,P1757,1,0,1,0,3,7,1,0,2013-s5
P0754,P1734,1,0,1,0,2,8,1,0,2013-s5
P0754,P1523,1,0,1,0,4,6,1,0,2013-s5
P0754,P1805,1,0,1,0,3,7,1,0,2013-s5
P1096,P1567,1,0,1,0,4,6,1,0,2013-s5
P1567,P1734,1,0,0,1,5,5,1,0,2013-s5
P1523,P1567,1,0,1,0,4,6,1,0,2013-s5
P1567,P1805,1,1,0,0,6,4,1,0,2013-s5
P1734,P1757,2,1,1,0,9,11,2,0,2014-s1
P1757,P1805,1,0,1,0,4,6,1,0,2013-s5
P1096,P1734,1,1,0,0,6,4,1,0,2013-s5
P1096,P1805,1,1,0,0,7,3,1,0,2013-s5
P1523,P1734,1,0,1,0,4,6,1,0,2013-s5
P1734,P1805,2,2,0,0,13,9,1,1,2013-s5
P1316,P1871,1,1,0,0,6,4,1,0,2013-s5
P1650,P1871,1,0,1,0,4,6,1,0,2013-s5
P1396,P1871,1,0,1,0,1,6,1,0,2013-s5
P1024,P1871,1,0,1,0,0,6,1,0,2013-s5
P1871,P1898,1,1,0,0,6,4,1,0,2013-s5
P1316,P1650,1,1,0,0,7,3,1,0,2013-s5
P1024,P1316,1,0,1,0,4,6,1,0,2013-s5
P1316,P1898,1,1,0,0,8,2,1,0,2013-s5
P1316,P1860,2,0,2,0,10,16,1,1,2014-s1
P1396,P1650,1,1,0,0,7,3,1,0,2013-s5
P1024,P1650,1,0,0,1,5,5,1,0,2013-s5
P1650,P1860,1,0,1,0,3,7,1,0,2013-s5
P1024,P1396,1,0,1,0,4,6,1,0,2013-s5
P1396,P1898,1,1,0,0,7,3,1,0,2013-s5
P1396,P1860,2,0,2,0,5,14,1,1,2013-s5
P1024,P1860,1,1,0,0,6,4,1,0,2013-s5
P1860,P1898,1,1,0,0,7,3,1,0,2013-s5
P0364,P1743,2,0,1,1,12,7,1,1,2013-s5
P0364,P1666,1,0,1,0,4,6,1,0,2013-s5
P0364,P1586,1,1,0,0,7,3,1,0,2013-s5
P0364,P1800,1,1,0,0,7,3,1,0,2013-s5
P0364,P1717,1,1,0,0,6,4,1,0,2013-s5
P1666,P1743,1,0,1,0,2,8,1,0,2013-s5
P1586,P1743,1,1,0,0,9,1,1,0,2013-s5
P1743,P1858,1,1,0,0,8,2,1,0,2013-s5
P1743,P1800,2,2,0,0,17,3,2,0,2014-s1
P1717,P1743,2,1,1,0,10,10,2,0,2014-s1
P1586,P1666,1,0,1,0,4,6,1,0,2013-s5
P1666,P1858,1,0,1,0,4,6,1,0,2013-s5
P1666,P1800,1,1,0,0,6,4,1,0,2013-s5
P1666,P1717,1,1,0,0,6,4,1,0,2013-s5
P1586,P1858,1,1,0,0,7,3,1,0,2013-s5
P1800,P1858,1,0,1,0,4,6,1,0,2013-s5
P1717,P1800,2,1,1,0,10,10,2,0,2014-s1
P1768,P1813,1,0,1,0,2,8,1,0,2013-s5
P1813,P1879,2,2,0,0,12,8,2,0,2014-s1
P1761,P1813,1,0,1,0,4,6,1,0,2013-s5
P1768,P1862,1,0,1,0,4,6,1,0,2013-s5
P1768,P1908,1,1,0,0,6,4,1,0,2013-s5
P1768,P1879,1,0,1,0,3,7,1,0,2013-s5
P1862,P1908,1,1,0,0,9,1,1,0,2013-s5
P1862,P1879,1,0,1,0,4,6,1,0,2013-s5
P1761,P1862,1,0,1,0,2,8,1,0,2013-s5
P1879,P1908,1,1,0,0,7,3,1,0,2013-s5
P1837,P1908,1,0,0,1,5,5,1,0,2013-s5
P1761,P1908,1,1,0,0,7,3,1,0,2013-s5
P1761,P1879,1,0,1,0,4,6,1,0,2013-s5
P1761,P1837,1,1,0,0,8,2,1,0,2013-s5
P1593,P1743,2,2,0,0,19,5,1,1,2013-s5
P1593,P1736,1,1,0,0,9,1,1,0,2013-s5
P1593,P1753,1,1,0,0,6,4,1,0,2013-s5
P1593,P1904,1,1,0,0,9,1,1,0,2013-s5
P1593,P1919,1,0,1,0,3,7,1,0,2013-s5
P1593,P1733,1,1,0,0,7,3,1,0,2013-s5
P1736,P1743,2,1,1,0,10,10,2,0,2014-s1
P1743,P1753,1,0,1,0,3,7,1,0,2013-s5
P1743,P1919,1,0,1,0,1,9,1,0,2013-s5
P1733,P1743,1,1,0,0,7,3,1,0,2013-s5
P1733,P1736,1,1,0,0,8,2,1,0,2013-s5
P1753,P1904,1,1,0,0,7,3,1,0,2013-s5
P1753,P1919,1,1,0,0,6,4,1,0,2013-s5
P1733,P1753,1,0,1,0,4,6,1,0,2013-s5
P1904,P1919,1,0,1,0,4,6,1,0,2013-s5
P1733,P1904,1,1,0,0,8,2,1,0,2013-s5
P1733,P1919,1,0,1,0,2,8,1,0,2013-s5
P1786,P1899,1,1,0,0,9,1,1,0,2013-s5
P1355,P1899,1,0,1,0,4,6,1,0,2013-s5
P1861,P1899,1,1,0,0,7,3,1,0,2013-s5
P1899,P1901,1,0,0,1,5,5,1,0,2013-s5
P1885,P1899,1,1,0,0,7,3,1,0,2013-s5
P1891,P1899,1,0,1,0,4,6,1,0,2013-s5
P1355,P1786,1,0,1,0,0,10,1,0,2013-s5
P1786,P1861,1,0,1,0,3,7,1,0,2013-s5
P1786,P1891,1,0,1,0,4,6,1,0,2013-s5
P1355,P1861,1,1,0,0,8,2,1,0,2013-s5
P1355,P1901,1,1,0,0,6,4,1,0,2013-s5
P1355,P1891,1,0,1,0,4,6,1,0,2013-s5
P1861,P1901,1,0,1,0,4,6,1,0,2013-s5
P1861,P1891,1,0,1,0,4,6,1,0,2013-s5
P1885,P1901,1,0,1,0,4,6,1,0,2013-s5
P1891,P1901,1,0,1,0,3,7,1,0,2013-s5
P1885,P1891,1,0,1,0,4,6,1,0,2013-s5
P0754,P1791,2,0,2,0,4,14,1,1,2014-s1
P1753,P1791,1,0,1,0,3,7,1,0,2014-s1
P1791,P1818,1,0,1,0,4,6,1,0,2014-s1
P1526,P1791,1,0,1,0,3,7,1,0,2014-s1
P0969,P1825,2,1,1,0,11,11,1,1,2014-s1
P0754,P0969,1,1,0,0,6,4,1,0,2014-s1
P0969,P1753,1,1,0,0,9,1,1,0,2014-s1
P0969,P1526,1,1,0,0,6,4,1,0,2014-s1
P0754,P1825,1,1,0,0,9,1,1,0,2014-s1
P1753,P1825,1,0,1,0,2,8,1,0,2014-s1
P1526,P1825,1,1,0,0,7,3,1,0,2014-s1
P0754,P1753,1,0,1,0,4,6,1,0,2014-s1
P0754,P1818,1,0,0,1,5,5,1,0,2014-s1
P0754,P1526,1,1,0,0,6,4,1,0,2014-s1
P1753,P1818,1,1,0,0,6,4,1,0,2014-s1
P1526,P1753,1,0,1,0,4,6,1,0,2014-s1
P1587,P1763,1,1,0,0,9,1,1,0,2014-s1
P1587,P1942,1,1,0,0,7,3,1,0,2014-s1
P1213,P1587,1,1,0,0,7,3,1,0,2014-s1
P1587,P1761,1,1,0,0,7,3,1,0,2014-s1
P1316,P1763,1,0,0,1,5,5,1,0,2014-s1
P1316,P1942,1,1,0,0,6,4,1,0,2014-s1
P1213,P1316,2,0,2,0,3,7,1,1,2014-s1
P1316,P1761,1,0,0,1,5,5,1,0,2014-s1
P1763,P1942,1,0,1,0,2,8,1,0,2014-s1
P1763,P1901,1,1,0,0,6,4,1,0,2014-s1
P1213,P1763,1,0,0,1,5,5,1,0,2014-s1
P1761,P1763,1,1,0,0,8,2,1,0,2014-s1
P1901,P1942,1,0,1,0,4,6,1,0,2014-s1
P1213,P1942,1,1,0,0,7,3,1,0,2014-s1
P1761,P1942,1,0,1,0,4,6,1,0,2014-s1
P1213,P1901,2,2,0,0,15,10,1,1,2014-s1
P1761,P1901,1,1,0,0,6,4,1,0,2014-s1
P1213,P1761,2,1,1,0,9,13,1,1,2014-s1
P1425,P1886,1,1,0,0,6,4,1,0,2014-s1
P1805,P1886,1,1,0,0,7,3,1,0,2014-s1
P1523,P1886,1,0,1,0,4,6,1,0,2014-s1
P1419,P1886,1,1,0,0,8,2,1,0,2014-s1
P1396,P1886,1,0,1,0,0,6,1,0,2014-s1
P1425,P1805,1,0,1,0,4,6,1,0,2014-s1
P1425,P1523,1,1,0,0,6,4,1,0,2014-s1
P1425,P1854,1,1,0,0,6,4,1,0,2014-s1
P1396,P1425,1,0,1,0,3,7,1,0,2014-s1
P1419,P1805,1,0,1,0,4,6,1,0,2014-s1
P1805,P1854,1,1,0,0,7,3,1,0,2014-s1
P1396,P1805,1,0,1,0,0,6,1,0,2014-s1
P1419,P1523,1,1,0,0,6,4,1,0,2014-s1
P1523,P1854,1,1,0,0,8,2,1,0,2014-s1
P1396,P1419,2,0,2,0,0,13,1,1,2014-s1
P1567,P1752,2,1,1,0,13,9,1,1,2014-s1
P1567,P1593,1,0,1,0,4,6,1,0,2014-s1
P0772,P1567,1,0,0,1,5,5,1,0,2014-s1
P1567,P1870,1,1,0,0,7,3,1,0,2014-s1
P1270,P1752,2,1,1,0,9,13,1,1,2014-s1
P1270,P1593,1,1,0,0,6,4,1,0,2014-s1
P1270,P1862,1,1,0,0,8,2,1,0,2014-s1
P0772,P1270,1,0,1,0,4,6,1,0,2014-s1
P1270,P1870,1,0,1,0,3,7,1,0,2014-s1
P1593,P1752,1,0,1,0,0,6,1,0,2014-s1
P1752,P1862,1,1,0,0,8,2,1,0,2014-s1
P1752,P1870,1,1,0,0,6,4,1,0,2014-s1
P1593,P1862,1,1,0,0,8,2,1,0,2014-s1
P0772,P1593,1,1,0,0,8,2,1,0,2014-s1
P1593,P1870,1,0,1,0,4,6,1,0,2014-s1
P0772,P1862,1,1,0,0,8,2,1,0,2014-s1
P1862,P1870,1,0,1,0,4,6,1,0,2014-s1
P0772,P1870,1,0,1,0,3,7,1,0,2014-s1
P1830,P1860,1,0,1,0,4,6,1,0,2014-s1
P1024,P1830,1,0,1,0,4,6,1,0,2014-s1
P1830,P1948,1,1,0,0,6,4,1,0,2014-s1
P1734,P1830,1,0,1,0,2,8,1,0,2014-s1
P1757,P1860,1,0,1,0,3,7,1,0,2014-s1
P1024,P1757,1,0,1,0,0,6,1,0,2014-s1
P1664,P1757,1,0,1,0,4,6,1,0,2014-s1
P1860,P1948,1,1,0,0,6,4,1,0,2014-s1
P1734,P1860,1,0,1,0,3,7,1,0,2014-s1
P1024,P1948,1,1,0,0,9,1,1,0,2014-s1
P1024,P1734,1,1,0,0,7,3,1,0,2014-s1
P1734,P1948,1,1,0,0,6,4,1,0,2014-s1
P1664,P1948,1,0,1,0,3,7,1,0,2014-s1
P1664,P1734,1,0,1,0,2,8,1,0,2014-s1
P1941,P1943,1,1,0,0,7,3,1,0,2014-s1
P1904,P1943,1,1,0,0,6,4,1,0,2014-s1
P1938,P1943,1,0,1,0,4,6,1,0,2014-s1
P1804,P1943,1,1,0,0,6,4,1,0,2014-s1
P1592,P1941,1,0,1,0,3,7,1,0,2014-s1
P1592,P1904,1,0,1,0,0,10,1,0,2014-s1
P1939,P1941,1,0,1,0,2,8,1,0,2014-s1
P1904,P1941,1,0,1,0,4,6,1,0,2014-s1
P1938,P1941,1,0,1,0,3,7,1,0,2014-s1
P1804,P1941,1,0,1,0,0,10,1,0,2014-s1
P1904,P1938,1,1,0,0,6,4,1,0,2014-s1
P1804,P1904,1,0,1,0,0,6,1,0,2014-s1
P1804,P1938,1,0,1,0,4,6,1,0,2014-s1
P1771,P1800,1,0,0,1,5,5,1,0,2014-s1
P1736,P1771,1,0,1,0,1,9,1,0,2014-s1
P1717,P1771,2,0,1,1,14,16,1,1,2014-s1
P1743,P1771,1,0,1,0,3,7,1,0,2014-s1
P1771,P1946,1,0,1,0,4,6,1,0,2014-s1
P1771,P1861,1,1,0,0,7,3,1,0,2014-s1
P1736,P1800,1,1,0,0,9,1,1,0,2014-s1
P1800,P1946,1,0,1,0,3,7,1,0,2014-s1
P1800,P1861,1,1,0,0,7,3,1,0,2014-s1
P1736,P1946,1,1,0,0,7,3,1,0,2014-s1
P1736,P1861,1,0,1,0,2,8,1,0,2014-s1
P1717,P1946,1,1,0,0,6,4,1,0,2014-s1
P1717,P1861,1,0,1,0,2,8,1,0,2014-s1
P1743,P1946,1,0,1,0,4,6,1,0,2014-s1
P1743,P1861,1,1,0,0,6,4,1,0,2014-s1
P1861,P1946,1,0,0,1,5,5,1,0,2014-s1
P1899,P1947,1,1,0,0,6,0,1,0,2014-s1
P1899,P1937,1,0,0,1,5,5,1,0,2014-s1
P1879,P1899,1,1,0,0,8,2,1,0,2014-s1
P1813,P1947,1,1,0,0,6,0,1,0,2014-s1
P1813,P1937,2,2,0,0,13,5,1,1,2014-s1
P1813,P1914,1,1,0,0,6,4,1,0,2014-s1
P1730,P1947,1,1,0,0,6,0,1,0,2014-s1
P1730,P1937,1,0,1,0,3,7,1,0,2014-s1
P1937,P1947,1,1,0,0,10,0,1,0,2014-s1
P1914,P1947,1,1,0,0,10,0,1,0,2014-s1
P1879,P1947,1,1,0,0,10,0,1,0,2014-s1
P1914,P1937,1,0,1,0,4,6,1,0,2014-s1
P1879,P1937,1,1,0,0,8,2,1,0,2014-s1
P1879,P1914,1,1,0,0,6,4,1,0,2014-s1
P1786,P1908,1,1,0,0,6,4,1,0,2014-s1
P1743,P1786,1,0,0,1,5,5,1,0,2014-s1
P1786,P1940,1,1,0,0,6,4,1,0,2014-s1
P1786,P1859,1,0,1,0,4,6,1,0,2014-s1
P1381,P1908,1,1,0,0,8,2,1,0,2014-s1
P1381,P1940,1,1,0,0,9,1,1,0,2014-s1
P1743,P1908,1,1,0,0,6,4,1,0,2014-s1
P1908,P1940,1,1,0,0,7,3,1,0,2014-s1
P1859,P1908,1,1,0,0,6,4,1,0,2014-s1
P1890,P1908,1,0,1,0,4,6,1,0,2014-s1
P1743,P1940,1,1,0,0,6,4,1,0,2014-s1
P1743,P1890,1,1,0,0,7,3,1,0,2014-s1
P1859,P1940,1,1,0,0,7,3,1,0,2014-s1
P1890,P1940,1,0,0,1,5,5,1,0,2014-s1
P1859,P1890,1,1,0,0,6,4,1,0,2014-s1
P1103,P1316,1,0,1,0,0,0,0,1,2012-s1
P1578,P1802,1,1,0,0,7,4,0,1,2012-s1
P1588,P1627,1,1,0,0,5,7,0,1,2012-s1
P1748,P1765,1,0,1,0,7,1,0,1,2012-s1
P1096,P1839,1,0,1,0,7,2,0,1,2012-s1
P1740,P1853,1,0,1,0,0,0,0,1,2012-s1
P1316,P1585,1,0,1,0,2,7,0,1,2012-s1
P1578,P1588,1,1,0,0,7,0,0,1,2012-s1
P1202,P1765,1,1,0,0,7,5,0,1,2012-s1
P1419,P1757,1,1,0,0,3,7,0,1,2012-s1
P0182,P1801,1,1,0,0,3,7,0,1,2012-s1
P1732,P1853,1,1,0,0,7,4,0,1,2012-s1
P0182,P1732,2,1,1,0,16,12,0,2,2012-s5
P1202,P1585,1,0,1,0,4,9,0,1,2012-s1
P1585,P1732,1,1,0,0,9,3,0,1,2012-s1
P1531,P1767,1,1,0,0,3,7,0,1,2012-s1
P1717,P1733,1,1,0,0,1,7,0,1,2012-s1
P1051,P1458,1,1,0,0,2,7,0,1,2012-s1
P0616,P1778,1,0,1,0,6,8,0,1,2012-s1
P1396,P1736,1,1,0,0,7,2,0,1,2012-s1
P1774,P1808,1,0,1,0,0,0,0,1,2012-s1
P0772,P1810,1,1,0,0,0,0,0,1,2012-s1
P1754,P1818,1,0,1,0,5,7,0,1,2012-s1
P1686,P1812,1,1,0,0,1,7,0,1,2012-s1
P1531,P1824,1,1,0,0,4,7,0,1,2012-s1
P1051,P1717,1,1,0,0,3,7,0,1,2012-s1
P1394,P1396,1,1,0,0,7,2,0,1,2012-s1
P0772,P1607,1,1,0,0,6,8,0,1,2012-s1
P1179,P1818,1,0,1,0,7,5,0,1,2012-s1
P0064,P1686,1,1,0,0,7,1,0,1,2012-s1
P1051,P1531,1,1,0,0,4,7,0,1,2012-s1
P1394,P1735,1,1,0,0,8,10,0,1,2012-s1
P0064,P1818,1,1,0,0,4,7,0,1,2012-s1
P1051,P1394,1,1,0,0,9,5,0,1,2012-s1
P0064,P0772,1,1,0,0,9,6,0,1,2012-s1
P0064,P1051,1,1,0,0,9,6,0,1,2012-s1
P1251,P1729,1,1,0,0,0,0,0,1,2012-s2
P0223,P1842,1,1,0,0,5,7,0,1,2012-s2
P1584,P1729,1,1,0,0,0,0,0,1,2012-s2
P1249,P1316,1,0,1,0,0,7,0,1,2012-s2
P0772,P1729,1,1,0,0,0,0,0,1,2012-s2
P1063,P1808,2,1,1,0,9,11,0,2,2012-s4
P1587,P1729,1,1,0,0,0,0,0,1,2012-s2
P0064,P1745,1,0,1,0,3,7,0,1,2012-s2
P0969,P1770,1,1,0,0,7,1,0,1,2012-s2
P0368,P1729,1,1,0,0,0,0,0,1,2012-s2
P1396,P1729,1,1,0,0,0,0,0,1,2012-s2
P0182,P1251,1,0,1,0,7,9,0,1,2012-s2
P1316,P1584,1,1,0,0,7,9,0,1,2012-s2
P1587,P1745,1,0,1,0,0,0,0,1,2012-s2
P0368,P1096,1,1,0,0,7,4,0,1,2012-s2
P1251,P1791,1,1,0,0,8,6,0,1,2012-s2
P1316,P1808,2,1,1,0,8,9,0,2,2012-s3
P0464,P1745,1,0,1,0,4,7,0,1,2012-s2
P0368,P1419,1,0,1,0,7,3,0,1,2012-s2
P1251,P1316,1,0,1,0,12,10,0,1,2012-s2
P1419,P1745,1,0,1,0,5,9,0,1,2012-s2
P1316,P1745,1,1,0,0,9,2,0,1,2012-s2
P1531,P1729,1,1,0,0,0,0,0,1,2012-s2
P1782,P1807,1,0,1,0,6,8,0,1,2012-s2
P1729,P1805,1,0,1,0,0,0,0,1,2012-s2
P1200,P1729,1,1,0,0,0,0,0,1,2012-s2
P1439,P1729,1,1,0,0,0,0,0,1,2012-s2
P1766,P1798,1,0,1,0,0,0,0,1,2012-s2
P1729,P1739,1,0,1,0,0,0,0,1,2012-s2
P1733,P1778,1,0,1,0,2,7,0,1,2012-s2
P1729,P1787,1,0,1,0,0,0,0,1,2012-s2
P1183,P1813,1,1,0,0,7,1,0,1,2012-s2
P1729,P1818,1,0,1,0,0,0,0,1,2012-s2
P1729,P1747,1,0,1,0,0,0,0,1,2012-s2
P1729,P1731,1,0,1,0,0,0,0,1,2012-s2
P1735,P1836,1,1,0,0,4,7,0,1,2012-s2
P1717,P1729,1,1,0,0,0,0,0,1,2012-s2
P1353,P1729,1,1,0,0,0,0,0,1,2012-s2
P1531,P1807,1,1,0,0,8,6,0,1,2012-s2
P1200,P1805,1,0,1,0,6,8,0,1,2012-s2
P1439,P1798,1,0,0,0,0,0,0,1,2012-s2
P1183,P1787,1,1,0,0,0,0,0,1,2012-s2
P1747,P1818,1,1,0,0,4,7,0,1,2012-s2
P1353,P1717,1,0,1,0,3,7,0,1,2012-s2
P1729,P1778,1,0,1,0,0,0,0,1,2012-s2
P1183,P1747,1,1,0,0,7,5,0,1,2012-s2
P1717,P1731,1,0,1,0,1,7,0,1,2012-s2
P1531,P1778,1,1,0,0,9,6,0,1,2012-s2
P1183,P1731,1,0,1,0,9,5,0,1,2012-s2
P1531,P1731,1,1,0,0,9,6,0,1,2012-s2
P1251,P1839,1,1,0,0,7,5,0,1,2012-s3
P1063,P1819,1,1,0,0,7,5,0,1,2012-s3
P1775,P1793,1,0,1,0,2,7,0,1,2012-s3
P1096,P1104,1,0,1,0,5,7,0,1,2012-s3
P1588,P1783,1,0,1,0,8,10,0,1,2012-s3
P1765,P1825,2,2,0,0,14,7,0,2,2012-s4
P1419,P1791,1,1,0,0,9,7,0,1,2012-s3
P1752,P1802,1,0,1,0,3,7,0,1,2012-s3
P1251,P1732,1,1,0,0,8,6,0,1,2012-s3
P1063,P1793,2,2,0,0,14,8,0,2,2012-s4
P1567,P1783,1,1,0,0,7,3,0,1,2012-s3
P0368,P1765,2,2,0,0,16,10,0,2,2012-s4
P1587,P1808,1,1,0,0,7,4,0,1,2012-s3
P0182,P1802,2,1,1,0,15,12,0,2,2012-s5
P1063,P1251,1,0,1,0,3,7,0,1,2012-s3
P1104,P1567,1,0,1,0,5,7,0,1,2012-s3
P0368,P1587,1,1,0,0,7,4,0,1,2012-s3
P1746,P1786,1,1,0,0,7,5,0,1,2012-s3
P1607,P1779,1,0,1,0,0,0,0,1,2012-s3
P1790,P1823,1,0,1,0,0,0,0,1,2012-s3
P1733,P1779,1,0,1,0,2,7,0,1,2012-s3
P1805,P1823,1,1,0,0,7,2,0,1,2012-s3
P1737,P1807,1,1,0,0,7,2,0,1,2012-s3
P1730,P1856,1,0,1,0,2,7,0,1,2012-s3
P1586,P1759,1,0,1,0,5,7,0,1,2012-s3
P1746,P1779,1,0,1,0,0,0,0,1,2012-s3
P1737,P1805,1,0,1,0,0,0,0,1,2012-s3
P1759,P1856,1,0,1,0,2,7,0,1,2012-s3
P1183,P1779,1,1,0,0,9,5,0,1,2012-s3
P1805,P1856,1,0,1,0,2,9,0,1,2012-s3
P1183,P1856,1,0,1,0,7,9,0,1,2012-s3
P1278,P1567,1,0,1,0,5,7,0,1,2012-s4
P1802,P1805,1,0,1,0,5,7,0,1,2012-s4
P0368,P1830,1,1,0,0,7,2,0,1,2012-s4
P1785,P1825,1,0,1,0,4,7,0,1,2012-s4
P1096,P1316,1,0,1,0,0,0,0,1,2012-s4
P0182,P1528,1,0,1,0,5,7,0,1,2012-s4
P1104,P1732,1,0,1,0,4,7,0,1,2012-s4
P1202,P1567,2,2,0,0,15,9,0,2,2012-s5
P0368,P1805,1,1,0,0,7,1,0,1,2012-s4
P1316,P1578,1,0,1,0,1,7,0,1,2012-s4
P1249,P1791,1,0,1,0,2,7,0,1,2012-s4
P1251,P1528,1,1,0,0,8,6,0,1,2012-s4
P0969,P1732,1,1,0,0,7,2,0,1,2012-s4
P1578,P1791,1,0,1,0,3,7,0,1,2012-s4
P1664,P1829,1,1,0,0,0,0,0,1,2012-s4
P0772,P1381,1,0,1,0,3,7,0,1,2012-s4
P1763,P1794,1,0,1,0,6,8,0,1,2012-s4
P1664,P1779,1,0,1,0,0,0,0,1,2012-s4
P1437,P1772,1,0,1,0,2,7,0,1,2012-s4
P1751,P1786,1,1,0,0,7,3,0,1,2012-s4
P1381,P1401,1,0,1,0,4,7,0,1,2012-s4
P1717,P1794,1,0,1,0,1,7,0,1,2012-s4
P1735,P1837,1,0,1,0,4,7,0,1,2012-s4
P1772,P1779,1,1,0,0,7,4,0,1,2012-s4
P1401,P1751,1,0,1,0,0,0,0,1,2012-s4
P1794,P1813,1,0,1,0,0,7,0,1,2012-s4
P1739,P1837,1,0,1,0,7,9,0,1,2012-s4
P1751,P1772,1,1,0,0,0,0,0,1,2012-s4
P1751,P1813,1,1,0,0,9,7,0,1,2012-s4
P1104,P1587,1,1,0,0,7,3,0,1,2012-s5
P1085,P1851,1,0,1,0,3,7,0,1,2012-s5
P1757,P1788,1,1,0,0,8,6,0,1,2012-s5
P0064,P0984,1,1,0,0,0,0,0,1,2012-s5
P1567,P1758,1,1,0,0,3,0,0,1,2012-s5
P1802,P1851,1,1,0,0,8,6,0,1,2012-s5
P0969,P1765,1,0,1,0,2,7,0,1,2012-s5
P1732,P1757,1,1,0,0,7,1,0,1,2012-s5
P0182,P1791,1,1,0,0,7,4,0,1,2012-s5
P1765,P1802,1,0,1,0,1,7,0,1,2012-s5
P0368,P1793,1,0,1,0,6,8,0,1,2012-s5
P1202,P1802,1,0,1,0,6,9,0,1,2012-s5
P0182,P1793,1,1,0,0,9,4,0,1,2012-s5
P1604,P1818,1,0,1,0,0,0,0,1,2012-s5
P1779,P1813,1,0,1,0,1,7,0,1,2012-s5
P1717,P1816,1,1,0,0,7,4,0,1,2012-s5
P1734,P1824,1,1,0,0,0,0,0,1,2012-s5
P1813,P1818,1,0,1,0,2,7,0,1,2012-s5
P1717,P1828,1,1,0,0,7,3,0,1,2012-s5
P1536,P1763,1,1,0,0,8,6,0,1,2012-s5
P1734,P1818,1,0,1,0,7,9,0,1,2012-s5
P1717,P1818,1,0,1,0,7,9,0,1,2012-s5
P0969,P1425,1,1,0,0,7,2,0,1,2013-s1
P1202,P1531,2,2,0,0,8,15,0,2,2013-s2
P1526,P1936,1,0,1,0,4,7,0,1,2013-s1
P0709,P1895,1,1,0,0,7,4,0,1,2013-s1
P0368,P1578,1,0,1,0,7,3,0,1,2013-s1
P1202,P1749,1,0,1,0,6,8,0,1,2013-s1
P1588,P1936,1,1,0,0,9,7,0,1,2013-s1
P1578,P1757,1,1,0,0,4,7,0,1,2013-s1
P1096,P1749,1,0,1,0,6,8,0,1,2013-s1
P0709,P1588,1,0,1,0,13,15,0,1,2013-s1
P1588,P1749,1,0,1,0,6,9,0,1,2013-s1
P1734,P1880,1,1,0,0,7,0,0,1,2013-s1
P1805,P1911,1,1,0,0,4,7,0,1,2013-s1
P1807,P1876,1,0,1,0,8,6,0,1,2013-s1
P1604,P1887,1,1,0,0,0,0,0,1,2013-s1
P1763,P1881,1,0,1,0,8,6,0,1,2013-s1
P1873,P1929,1,0,1,0,7,5,0,1,2013-s1
P1604,P1881,1,1,0,0,7,3,0,1,2013-s1
P1523,P1929,1,1,0,0,7,1,0,1,2013-s1
P1734,P1876,1,0,1,0,9,1,0,1,2013-s1
P1523,P1604,1,0,1,0,4,9,0,1,2013-s1
P1604,P1876,1,1,0,0,7,9,0,1,2013-s1
P1202,P1894,1,1,0,0,6,8,0,1,2013-s2
P1316,P1895,1,0,1,0,3,7,0,1,2013-s2
P1788,P1818,1,1,0,0,5,7,0,1,2013-s2
P1734,P1909,1,0,1,0,5,7,0,1,2013-s2
P0368,P1396,1,1,0,0,7,2,0,1,2013-s2
P0182,P1871,1,1,0,0,3,7,0,1,2013-s2
P1567,P1588,1,0,1,0,0,7,0,1,2013-s2
P0709,P1788,1,1,0,0,7,5,0,1,2013-s2
P1802,P1909,1,0,1,0,7,3,0,1,2013-s2
P0709,P1909,1,1,0,0,7,4,0,1,2013-s2
P0709,P1202,1,0,1,0,4,9,0,1,2013-s2
P1586,P1731,1,0,1,0,0,0,0,1,2013-s2
P1733,P1872,1,0,1,0,2,7,0,1,2013-s2
P1901,P1926,1,1,0,0,10,8,0,1,2013-s2
P1333,P1395,1,1,0,0,3,7,0,1,2013-s2
P1873,P1908,1,1,0,0,2,7,0,1,2013-s2
P1731,P1921,1,1,0,0,5,7,0,1,2013-s2
P1333,P1730,1,0,1,0,7,9,0,1,2013-s2
P1859,P1893,1,0,1,0,9,11,0,1,2013-s2
P1763,P1873,1,1,0,0,7,5,0,1,2013-s2
P1731,P1872,1,1,0,0,7,3,0,1,2013-s2
P1730,P1893,1,1,0,0,7,4,0,1,2013-s2
P1731,P1763,1,0,1,0,6,9,0,1,2013-s2
P1730,P1772,1,0,1,0,6,9,0,1,2013-s2
P1763,P1772,1,0,1,0,9,6,0,1,2013-s2
P1063,P1316,1,0,1,0,4,7,0,1,2013-s3
P0064,P1650,1,0,1,0,6,8,0,1,2013-s3
P0709,P1425,1,1,0,0,7,5,0,1,2013-s3
P1578,P1732,1,0,1,0,5,7,0,1,2013-s3
P1531,P1788,1,0,1,0,7,0,0,1,2013-s3
P0873,P1830,1,1,0,0,0,0,0,1,2013-s3
P1588,P1860,1,0,1,0,11,13,0,1,2013-s3
P1763,P1895,1,0,1,0,6,8,0,1,2013-s3
P0969,P1316,1,1,0,0,8,6,0,1,2013-s3
P0873,P1791,1,0,1,0,2,7,0,1,2013-s3
P1270,P1587,1,0,1,0,10,8,0,1,2013-s3
P1802,P1860,1,0,1,0,7,3,0,1,2013-s3
P1202,P1732,3,1,2,0,18,19,0,3,2013-s5
P1587,P1860,2,1,1,0,16,9,0,2,2013-s5
P1587,P1732,1,0,1,0,8,10,0,1,2013-s3
P1858,P1908,1,0,1,0,3,7,0,1,2013-s3
P1837,P1892,1,1,0,0,0,0,0,1,2013-s3
P1870,P1908,1,1,0,0,7,1,0,1,2013-s3
P1466,P1869,1,0,1,0,7,5,0,1,2013-s3
P1899,P1935,1,0,1,0,7,0,0,1,2013-s3
P1664,P1736,1,1,0,0,7,2,0,1,2013-s3
P1743,P1896,1,0,1,0,7,1,0,1,2013-s3
P1791,P1935,1,0,1,0,7,5,0,1,2013-s3
P1664,P1896,1,0,1,0,8,6,0,1,2013-s3
P1733,P1869,1,1,0,0,9,7,0,1,2013-s3
P1896,P1935,1,1,0,0,8,10,0,1,2013-s3
P1733,P1896,1,0,1,0,9,3,0,1,2013-s3
P1763,P1886,1,0,1,0,7,5,0,1,2013-s4
P1270,P1316,1,0,1,0,0,0,0,1,2013-s4
P0182,P1734,1,1,0,0,7,4,0,1,2013-s4
P1841,P1871,1,0,1,0,8,10,0,1,2013-s4
P1830,P1886,1,1,0,0,7,5,0,1,2013-s4
P0969,P1788,2,2,0,0,10,12,0,2,2014-s1
P0182,P1650,1,0,1,0,6,8,0,1,2013-s4
P1732,P1933,1,1,0,0,10,12,0,1,2013-s4
P0368,P1871,1,0,1,0,7,4,0,1,2013-s4
P1567,P1791,2,0,2,0,10,12,0,2,2013-s5
P1587,P1650,1,1,0,0,7,4,0,1,2013-s4
P1732,P1871,1,0,1,0,7,2,0,1,2013-s4
P1587,P1871,1,1,0,0,11,9,0,1,2013-s4
P0969,P1587,1,0,1,0,9,6,0,1,2013-s4
P1179,P1586,1,1,0,0,4,7,0,1,2013-s4
P0772,P1926,1,1,0,0,7,3,0,1,2013-s4
P1859,P1904,1,0,1,0,3,7,0,1,2013-s4
P1179,P1523,1,0,1,0,3,7,0,1,2013-s4
P1743,P1867,1,0,1,0,7,4,0,1,2013-s4
P0772,P1861,1,1,0,0,6,8,0,1,2013-s4
P1730,P1761,1,0,1,0,3,7,0,1,2013-s4
P1813,P1872,1,1,0,0,0,0,0,1,2013-s4
P1870,P1919,1,1,0,0,4,7,0,1,2013-s4
P1523,P1867,1,1,0,0,7,5,0,1,2013-s4
P0364,P1813,1,1,0,0,2,7,0,1,2013-s4
P0772,P1523,1,0,1,0,6,9,0,1,2013-s4
P0490,P1425,1,1,0,0,7,3,0,1,2013-s5
P1791,P1915,1,1,0,0,9,7,0,1,2013-s5
P1788,P1839,1,1,0,0,0,0,0,1,2013-s5
P0490,P1270,1,0,1,0,0,7,0,1,2013-s5
P1734,P1871,1,0,1,0,3,7,0,1,2013-s5
P1202,P1871,1,1,0,0,7,5,0,1,2013-s5
P1788,P1791,1,0,1,0,9,4,0,1,2013-s5
P1213,P1666,1,1,0,0,7,1,0,1,2013-s5
P1879,P1901,1,0,1,0,7,4,0,1,2013-s5
P1753,P1891,1,1,0,0,5,7,0,1,2013-s5
P1593,P1925,1,1,0,0,7,3,0,1,2013-s5
P1813,P1919,1,1,0,0,1,7,0,1,2013-s5
P0364,P1928,1,1,0,0,7,4,0,1,2013-s5
P1664,P1743,1,0,1,0,4,7,0,1,2013-s5
P1753,P1901,1,0,1,0,5,7,0,1,2013-s5
P1593,P1813,1,1,0,0,7,4,0,1,2013-s5
P1213,P1593,1,0,1,0,9,5,0,1,2013-s5
P0754,P0772,1,1,0,0,8,6,0,1,2014-s1
P0969,P1531,1,1,0,0,7,3,0,1,2014-s1
P1567,P1761,1,1,0,0,1,7,0,1,2014-s1
P1825,P1841,1,1,0,0,5,7,0,1,2014-s1
P1425,P1870,1,1,0,0,4,7,0,1,2014-s1
P1270,P1419,1,0,1,0,3,7,0,1,2014-s1
P1567,P1587,1,1,0,0,5,7,0,1,2014-s1
P1752,P1825,1,1,0,0,7,5,0,1,2014-s1
P1425,P1830,1,0,1,0,5,7,0,1,2014-s1
P0969,P1752,1,1,0,0,9,6,0,1,2014-s1
P1730,P1941,1,1,0,0,6,8,0,1,2014-s1
P1733,P1859,1,1,0,0,7,5,0,1,2014-s1
P1736,P1879,1,1,0,0,7,4,0,1,2014-s1
P1743,P1943,1,0,1,0,7,4,0,1,2014-s1
P1381,P1771,1,0,1,0,7,2,0,1,2014-s1
P1355,P1717,1,0,1,0,9,7,0,1,2014-s1
P1586,P1904,1,1,0,0,4,7,0,1,2014-s1
P1736,P1813,1,0,1,0,2,7,0,1,2014-s1
P1771,P1943,1,1,0,0,2,7,0,1,2014-s1
P1733,P1771,1,1,0,0,9,5,0,1,2014-s1
