match_id,playoff_id,season_id,division,round,round_name,match_no,player_a_id,player_b_id,score,winner_id,loser_id
2005-s1-single-PO-R1-M1,2005-s1-single,2005-s1,single,1,Round 1,1,P0027,P0007,,,
2005-s1-single-PO-R1-M2,2005-s1-single,2005-s1,single,1,Round 1,2,P0006,P0078,,,
2005-s1-single-PO-R1-M3,2005-s1-single,2005-s1,single,1,Round 1,3,P0049,P0055,,,
2005-s1-single-PO-R1-M4,2005-s1-single,2005-s1,single,1,Round 1,4,P0107,P0067,,,
2005-s1-single-PO-R1-M5,2005-s1-single,2005-s1,single,1,Round 1,5,P0002,P0036,,,
2005-s1-single-PO-R1-M6,2005-s1-single,2005-s1,single,1,Round 1,6,P0082,P0018,,,
2005-s1-single-PO-R1-M7,2005-s1-single,2005-s1,single,1,Round 1,7,P0058,P0014,,,
2005-s2-single-PO-R1-M1,2005-s2-single,2005-s2,single,1,Round 1,1,P0081,P0005,,,
2005-s2-single-PO-R1-M2,2005-s2-single,2005-s2,single,1,Round 1,2,P0154,P0131,,,
2005-s2-single-PO-R1-M3,2005-s2-single,2005-s2,single,1,Round 1,3,P0024,P0027,,,
2005-s2-single-PO-R1-M4,2005-s2-single,2005-s2,single,1,Round 1,4,P0004,P0037,,,
2005-s2-single-PO-R1-M5,2005-s2-single,2005-s2,single,1,Round 1,5,P0060,P0018,,,
2005-s2-single-PO-R1-M6,2005-s2-single,2005-s2,single,1,Round 1,6,P0103,P0007,,,
2005-s2-single-PO-R1-M7,2005-s2-single,2005-s2,single,1,Round 1,7,P0145,P0143,,,
2005-s2-single-PO-R1-M8,2005-s2-single,2005-s2,single,1,Round 1,8,P0083,P0046,,,
2005-s2-single-PO-R1-M9,2005-s2-single,2005-s2,single,1,Round 1,9,P0087,P0080,,,
2005-s2-single-PO-R1-M10,2005-s2-single,2005-s2,single,1,Round 1,10,P0057,P0058,,,
2005-s3-single-PO-R1-M1,2005-s3-single,2005-s3,single,1,Round 1,1,P0004,P0123,,,
2005-s3-single-PO-R1-M2,2005-s3-single,2005-s3,single,1,Round 1,2,P0118,P0143,,,
2005-s3-single-PO-R1-M3,2005-s3-single,2005-s3,single,1,Round 1,3,P0042,P0027,,,
2005-s3-single-PO-R1-M4,2005-s3-single,2005-s3,single,1,Round 1,4,P0132,P0061,,,
2005-s3-single-PO-R1-M5,2005-s3-single,2005-s3,single,1,Round 1,5,P0023,P0024,,,
2005-s3-single-PO-R1-M6,2005-s3-single,2005-s3,single,1,Round 1,6,P0007,P0005,,,
2005-s3-single-PO-R1-M7,2005-s3-single,2005-s3,single,1,Round 1,7,P0062,P0017,,,
2005-s3-single-PO-R1-M8,2005-s3-single,2005-s3,single,1,Round 1,8,P0002,P0130,,,
2005-s3-single-PO-R1-M9,2005-s3-single,2005-s3,single,1,Round 1,9,P0045,P0073,,,
2005-s3-single-PO-R1-M10,2005-s3-single,2005-s3,single,1,Round 1,10,P0113,P0001,,,
2005-s3-single-PO-R1-M11,2005-s3-single,2005-s3,single,1,Round 1,11,P0080,P0063,,,
2005-s4-single-PO-R1-M1,2005-s4-single,2005-s4,single,1,Round 1,1,P0032,P0090,,,
2005-s4-single-PO-R1-M2,2005-s4-single,2005-s4,single,1,Round 1,2,P0024,P0104,,,
2005-s4-single-PO-R1-M3,2005-s4-single,2005-s4,single,1,Round 1,3,P0138,P0132,,,
2005-s4-single-PO-R1-M4,2005-s4-single,2005-s4,single,1,Round 1,4,P0065,P0075,,,
2005-s4-single-PO-R1-M5,2005-s4-single,2005-s4,single,1,Round 1,5,P0026,P0063,,,
2005-s4-single-PO-R1-M6,2005-s4-single,2005-s4,single,1,Round 1,6,P0089,P0005,,,
2005-s4-single-PO-R1-M7,2005-s4-single,2005-s4,single,1,Round 1,7,P0091,P0094,,,
2005-s4-single-PO-R1-M8,2005-s4-single,2005-s4,single,1,Round 1,8,P0136,P0077,,,
2005-s4-single-PO-R1-M9,2005-s4-single,2005-s4,single,1,Round 1,9,P0076,P0074,,,
2005-s4-single-PO-R1-M10,2005-s4-single,2005-s4,single,1,Round 1,10,P0105,P0123,,,
2005-s4-single-PO-R1-M11,2005-s4-single,2005-s4,single,1,Round 1,11,P0048,P0027,,,
2005-s4-single-PO-R1-M12,2005-s4-single,2005-s4,single,1,Round 1,12,P0124,P0035,,,
2005-s4-single-PO-R1-M13,2005-s4-single,2005-s4,single,1,Round 1,13,P0073,P0042,,,
2005-s4-single-PO-R1-M14,2005-s4-single,2005-s4,single,1,Round 1,14,P0029,P0009,,,
2005-s4-single-PO-R1-M15,2005-s4-single,2005-s4,single,1,Round 1,15,P0059,P0071,,,
2005-s4-single-PO-R1-M16,2005-s4-single,2005-s4,single,1,Round 1,16,P0033,P0002,,,
2005-s4-single-PO-R1-M17,2005-s4-single,2005-s4,single,1,Round 1,17,P0034,P0010,,,
2005-s4-single-PO-R1-M18,2005-s4-single,2005-s4,single,1,Round 1,18,P0133,P0143,,,
2005-s4-single-PO-R1-M19,2005-s4-single,2005-s4,single,1,Round 1,19,P0060,P0140,,,
2005-s4-single-PO-R1-M20,2005-s4-single,2005-s4,single,1,Round 1,20,P0054,P0051,,,
2005-s4-single-PO-R1-M21,2005-s4-single,2005-s4,single,1,Round 1,21,P0017,P0111,,,
2006-s1-A-PO-R1-M1,2006-s1-A,2006-s1,A,1,Round 1,1,P0257,P0060,,,
2006-s1-A-PO-R1-M2,2006-s1-A,2006-s1,A,1,Round 1,2,P0330,P0243,,,
2006-s1-A-PO-R1-M3,2006-s1-A,2006-s1,A,1,Round 1,3,P0362,P0325,,,
2006-s1-A-PO-R1-M4,2006-s1-A,2006-s1,A,1,Round 1,4,P0140,P0238,,,
2006-s1-A-PO-R1-M5,2006-s1-A,2006-s1,A,1,Round 1,5,P0478,P0332,,,
2006-s1-A-PO-R1-M6,2006-s1-A,2006-s1,A,1,Round 1,6,P0053,P0094,,,
2006-s1-A-PO-R1-M7,2006-s1-A,2006-s1,A,1,Round 1,7,P0444,P0410,,,
2006-s1-A-PO-R1-M8,2006-s1-A,2006-s1,A,1,Round 1,8,P0024,P0297,,,
2006-s1-A-PO-R1-M9,2006-s1-A,2006-s1,A,1,Round 1,9,P0258,P0476,,,
2006-s1-A-PO-R1-M10,2006-s1-A,2006-s1,A,1,Round 1,10,P0062,P0334,,,
2006-s1-A-PO-R1-M11,2006-s1-A,2006-s1,A,1,Round 1,11,P0545,P0569,,,
2006-s1-A-PO-R1-M12,2006-s1-A,2006-s1,A,1,Round 1,12,P0316,P0490,,,
2006-s1-A-PO-R1-M13,2006-s1-A,2006-s1,A,1,Round 1,13,P0349,P0196,,,
2006-s1-A-PO-R1-M14,2006-s1-A,2006-s1,A,1,Round 1,14,P0033,P0381,,,
2006-s1-A-PO-R1-M15,2006-s1-A,2006-s1,A,1,Round 1,15,P0017,P0386,,,
2006-s1-A-PO-R1-M16,2006-s1-A,2006-s1,A,1,Round 1,16,P0619,P0073,,,
2006-s1-B-PO-R1-M1,2006-s1-B,2006-s1,B,1,Round 1,1,P0425,P0259,,,
2006-s1-B-PO-R1-M2,2006-s1-B,2006-s1,B,1,Round 1,2,P0502,P0057,,,
2006-s1-B-PO-R1-M3,2006-s1-B,2006-s1,B,1,Round 1,3,P0160,P0088,,,
2006-s1-B-PO-R1-M4,2006-s1-B,2006-s1,B,1,Round 1,4,P0185,P0372,,,
2006-s1-B-PO-R1-M5,2006-s1-B,2006-s1,B,1,Round 1,5,P0443,P0398,,,
2006-s1-B-PO-R1-M6,2006-s1-B,2006-s1,B,1,Round 1,6,P0450,P0231,,,
2006-s1-B-PO-R1-M7,2006-s1-B,2006-s1,B,1,Round 1,7,P0387,P0546,,,
2006-s2-A-PO-R1-M1,2006-s2-A,2006-s2,A,1,Round 1,1,P0033,P0165,,,
2006-s2-A-PO-R1-M2,2006-s2-A,2006-s2,A,1,Round 1,2,P0349,P0029,,,
2006-s2-A-PO-R1-M3,2006-s2-A,2006-s2,A,1,Round 1,3,P0076,P0024,,,
2006-s2-A-PO-R1-M4,2006-s2-A,2006-s2,A,1,Round 1,4,P0226,P0158,,,
2006-s2-A-PO-R1-M5,2006-s2-A,2006-s2,A,1,Round 1,5,P0297,P0077,,,
2006-s2-A-PO-R1-M6,2006-s2-A,2006-s2,A,1,Round 1,6,P0261,P0331,,,
2006-s2-A-PO-R1-M7,2006-s2-A,2006-s2,A,1,Round 1,7,P0488,P0274,,,
2006-s2-A-PO-R1-M8,2006-s2-A,2006-s2,A,1,Round 1,8,P0271,P0478,,,
2006-s2-A-PO-R1-M9,2006-s2-A,2006-s2,A,1,Round 1,9,P0335,P0334,,,
2006-s2-A-PO-R1-M10,2006-s2-A,2006-s2,A,1,Round 1,10,P0053,P0224,,,
2006-s2-A-PO-R1-M11,2006-s2-A,2006-s2,A,1,Round 1,11,P0500,P0243,,,
2006-s2-A-PO-R1-M12,2006-s2-A,2006-s2,A,1,Round 1,12,P0487,P0255,,,
2006-s2-A-PO-R1-M13,2006-s2-A,2006-s2,A,1,Round 1,13,P0140,P0258,,,
2006-s2-A-PO-R1-M14,2006-s2-A,2006-s2,A,1,Round 1,14,P0062,P0197,,,
2006-s2-A-PO-R1-M15,2006-s2-A,2006-s2,A,1,Round 1,15,P0535,P0388,,,
2006-s2-B-PO-R1-M1,2006-s2-B,2006-s2,B,1,Round 1,1,P0429,P0617,,,
2006-s2-B-PO-R1-M2,2006-s2-B,2006-s2,B,1,Round 1,2,P0058,P0502,,,
2006-s2-B-PO-R1-M3,2006-s2-B,2006-s2,B,1,Round 1,3,P0483,P0357,,,
2006-s2-B-PO-R1-M4,2006-s2-B,2006-s2,B,1,Round 1,4,P0206,P0514,,,
2006-s2-B-PO-R1-M5,2006-s2-B,2006-s2,B,1,Round 1,5,P0288,P0457,,,
2006-s2-B-PO-R1-M6,2006-s2-B,2006-s2,B,1,Round 1,6,P0531,P0614,,,
2006-s2-B-PO-R1-M7,2006-s2-B,2006-s2,B,1,Round 1,7,P0289,P0272,,,
2006-s3-A-PO-R1-M1,2006-s3-A,2006-s3,A,1,Round 1,1,P0170,P0378,,,
2006-s3-A-PO-R1-M2,2006-s3-A,2006-s3,A,1,Round 1,2,P0617,P0289,,,
2006-s3-A-PO-R1-M3,2006-s3-A,2006-s3,A,1,Round 1,3,P0161,P0364,,,
2006-s3-A-PO-R1-M4,2006-s3-A,2006-s3,A,1,Round 1,4,P0535,P0186,,,
2006-s3-A-PO-R1-M5,2006-s3-A,2006-s3,A,1,Round 1,5,P0029,P0491,,,
2006-s3-A-PO-R1-M6,2006-s3-A,2006-s3,A,1,Round 1,6,P0318,P0428,,,
2006-s3-A-PO-R1-M7,2006-s3-A,2006-s3,A,1,Round 1,7,P0430,P0297,,,
2006-s3-A-PO-R1-M8,2006-s3-A,2006-s3,A,1,Round 1,8,P0459,P0018,,,
2006-s3-A-PO-R1-M9,2006-s3-A,2006-s3,A,1,Round 1,9,P0252,P0427,,,
2006-s3-A-PO-R1-M10,2006-s3-A,2006-s3,A,1,Round 1,10,P0276,P0331,,,
2006-s3-A-PO-R1-M11,2006-s3-A,2006-s3,A,1,Round 1,11,P0478,P0261,,,
2006-s3-A-PO-R1-M12,2006-s3-A,2006-s3,A,1,Round 1,12,P0651,P0517,,,
2006-s3-A-PO-R1-M13,2006-s3-A,2006-s3,A,1,Round 1,13,P0324,P0333,,,
2006-s3-A-PO-R1-M14,2006-s3-A,2006-s3,A,1,Round 1,14,P0599,P0545,,,
2006-s3-A-PO-R1-M15,2006-s3-A,2006-s3,A,1,Round 1,15,P0275,P0258,,,
2006-s3-B-PO-R1-M1,2006-s3-B,2006-s3,B,1,Round 1,1,P0196,P0359,,,
2006-s3-B-PO-R1-M2,2006-s3-B,2006-s3,B,1,Round 1,2,P0383,P0214,,,
2006-s3-B-PO-R1-M3,2006-s3-B,2006-s3,B,1,Round 1,3,P0247,P0220,,,
2006-s3-B-PO-R1-M4,2006-s3-B,2006-s3,B,1,Round 1,4,P0281,P0329,,,
2006-s3-B-PO-R1-M5,2006-s3-B,2006-s3,B,1,Round 1,5,P0502,P0353,,,
2006-s3-B-PO-R1-M6,2006-s3-B,2006-s3,B,1,Round 1,6,P0529,P0607,,,
2006-s3-B-PO-R1-M7,2006-s3-B,2006-s3,B,1,Round 1,7,P0209,P0218,,,
2006-s4-A-PO-R1-M1,2006-s4-A,2006-s4,A,1,Round 1,1,P0263,P0209,,,
2006-s4-A-PO-R1-M2,2006-s4-A,2006-s4,A,1,Round 1,2,P0596,P0051,,,
2006-s4-A-PO-R1-M3,2006-s4-A,2006-s4,A,1,Round 1,3,P0247,P0514,,,
2006-s4-A-PO-R1-M4,2006-s4-A,2006-s4,A,1,Round 1,4,P0256,P0166,,,
2006-s4-A-PO-R1-M5,2006-s4-A,2006-s4,A,1,Round 1,5,P0653,P0018,,,
2006-s4-A-PO-R1-M6,2006-s4-A,2006-s4,A,1,Round 1,6,P0029,P0444,,,
2006-s4-A-PO-R1-M7,2006-s4-A,2006-s4,A,1,Round 1,7,P0080,P0319,,,
2006-s4-A-PO-R1-M8,2006-s4-A,2006-s4,A,1,Round 1,8,P0264,P0181,,,
2006-s4-A-PO-R1-M9,2006-s4-A,2006-s4,A,1,Round 1,9,P0638,P0378,,,
2006-s4-A-PO-R1-M10,2006-s4-A,2006-s4,A,1,Round 1,10,P0427,P0030,,,
2006-s4-A-PO-R1-M11,2006-s4-A,2006-s4,A,1,Round 1,11,P0478,P0035,,,
2006-s4-A-PO-R1-M12,2006-s4-A,2006-s4,A,1,Round 1,12,P0179,P0622,,,
2006-s4-A-PO-R1-M13,2006-s4-A,2006-s4,A,1,Round 1,13,P0232,P0407,,,
2006-s4-A-PO-R1-M14,2006-s4-A,2006-s4,A,1,Round 1,14,P0297,P0258,,,
2006-s4-A-PO-R1-M15,2006-s4-A,2006-s4,A,1,Round 1,15,P0324,P0198,,,
2006-s4-A-PO-R1-M16,2006-s4-A,2006-s4,A,1,Round 1,16,P0607,P0161,,,
2006-s4-B-PO-R1-M1,2006-s4-B,2006-s4,B,1,Round 1,1,P0601,P0616,,,
2006-s4-B-PO-R1-M2,2006-s4-B,2006-s4,B,1,Round 1,2,P0009,P0285,,,
2006-s4-B-PO-R1-M3,2006-s4-B,2006-s4,B,1,Round 1,3,P0634,P0359,,,
2006-s4-B-PO-R1-M4,2006-s4-B,2006-s4,B,1,Round 1,4,P0543,P0466,,,
2006-s4-B-PO-R1-M5,2006-s4-B,2006-s4,B,1,Round 1,5,P0524,P0201,,,
2006-s4-B-PO-R1-M6,2006-s4-B,2006-s4,B,1,Round 1,6,P0250,P0556,,,
2006-s4-B-PO-R1-M7,2006-s4-B,2006-s4,B,1,Round 1,7,P0157,P0513,,,
2006-s4-B-PO-R1-M8,2006-s4-B,2006-s4,B,1,Round 1,8,P0221,P0376,,,
2006-s4-B-PO-R1-M9,2006-s4-B,2006-s4,B,1,Round 1,9,P0542,P0527,,,
2006-s4-B-PO-R1-M10,2006-s4-B,2006-s4,B,1,Round 1,10,P0645,P0183,,,
2006-s4-B-PO-R1-M11,2006-s4-B,2006-s4,B,1,Round 1,11,P0401,P0281,,,
2006-s5-A-PO-R1-M1,2006-s5-A,2006-s5,A,1,Round 1,1,P0478,P0237,,,
2006-s5-A-PO-R1-M2,2006-s5-A,2006-s5,A,1,Round 1,2,P0440,P0179,,,
2006-s5-A-PO-R1-M3,2006-s5-A,2006-s5,A,1,Round 1,3,P0227,P0542,,,
2006-s5-A-PO-R1-M4,2006-s5-A,2006-s5,A,1,Round 1,4,P0073,P0653,,,
2006-s5-A-PO-R1-M5,2006-s5-A,2006-s5,A,1,Round 1,5,P0609,P0297,,,
2006-s5-A-PO-R1-M6,2006-s5-A,2006-s5,A,1,Round 1,6,P0553,P0333,,,
2006-s5-A-PO-R1-M7,2006-s5-A,2006-s5,A,1,Round 1,7,P0375,P0257,,,
2006-s5-A-PO-R1-M8,2006-s5-A,2006-s5,A,1,Round 1,8,P0233,P0172,,,
2006-s5-A-PO-R1-M9,2006-s5-A,2006-s5,A,1,Round 1,9,P0242,P0196,,,
2006-s5-A-PO-R1-M10,2006-s5-A,2006-s5,A,1,Round 1,10,P0585,P0622,,,
2006-s5-A-PO-R1-M11,2006-s5-A,2006-s5,A,1,Round 1,11,P0206,P0076,,,
2006-s5-A-PO-R1-M12,2006-s5-A,2006-s5,A,1,Round 1,12,P0060,P0029,,,
2006-s5-A-PO-R1-M13,2006-s5-A,2006-s5,A,1,Round 1,13,P0018,P0250,,,
2006-s5-A-PO-R1-M14,2006-s5-A,2006-s5,A,1,Round 1,14,P0378,P0366,,,
2006-s5-A-PO-R1-M15,2006-s5-A,2006-s5,A,1,Round 1,15,P0030,P0324,,,
2006-s5-A-PO-R1-M16,2006-s5-A,2006-s5,A,1,Round 1,16,P0377,P0295,,,
2006-s5-A-PO-R1-M17,2006-s5-A,2006-s5,A,1,Round 1,17,P0186,P0495,,,
2006-s5-A-PO-R1-M18,2006-s5-A,2006-s5,A,1,Round 1,18,P0430,P0642,,,
2006-s5-A-PO-R1-M19,2006-s5-A,2006-s5,A,1,Round 1,19,P0245,P0140,,,
2006-s5-B-PO-R1-M1,2006-s5-B,2006-s5,B,1,Round 1,1,P0248,P0223,,,
2006-s5-B-PO-R1-M2,2006-s5-B,2006-s5,B,1,Round 1,2,P0350,P0437,,,
2006-s5-B-PO-R1-M3,2006-s5-B,2006-s5,B,1,Round 1,3,P0524,P0470,,,
2006-s5-B-PO-R1-M4,2006-s5-B,2006-s5,B,1,Round 1,4,P0519,P0009,,,
2006-s5-B-PO-R1-M5,2006-s5-B,2006-s5,B,1,Round 1,5,P0217,P0163,,,
2006-s5-B-PO-R1-M6,2006-s5-B,2006-s5,B,1,Round 1,6,P0266,P0475,,,
2006-s5-B-PO-R1-M7,2006-s5-B,2006-s5,B,1,Round 1,7,P0327,P0183,,,
2006-s5-B-PO-R1-M8,2006-s5-B,2006-s5,B,1,Round 1,8,P0361,P0131,,,
2006-s5-B-PO-R1-M9,2006-s5-B,2006-s5,B,1,Round 1,9,P0205,P0580,,,
2006-s5-B-PO-R1-M10,2006-s5-B,2006-s5,B,1,Round 1,10,P0249,,,,
2006-s6-A-PO-R1-M1,2006-s6-A,2006-s6,A,1,Round 1,1,P0478,P0473,,,
2006-s6-A-PO-R1-M2,2006-s6-A,2006-s6,A,1,Round 1,2,P0172,P0600,,,
2006-s6-A-PO-R1-M3,2006-s6-A,2006-s6,A,1,Round 1,3,P0073,P0410,,,
2006-s6-A-PO-R1-M4,2006-s6-A,2006-s6,A,1,Round 1,4,P0422,P0519,,,
2006-s6-A-PO-R1-M5,2006-s6-A,2006-s6,A,1,Round 1,5,P0270,P0485,,,
2006-s6-A-PO-R1-M6,2006-s6-A,2006-s6,A,1,Round 1,6,P0368,P0162,,,
2006-s6-A-PO-R1-M7,2006-s6-A,2006-s6,A,1,Round 1,7,P0029,P0523,,,
2006-s6-A-PO-R1-M8,2006-s6-A,2006-s6,A,1,Round 1,8,P0247,P0224,,,
2006-s6-A-PO-R1-M9,2006-s6-A,2006-s6,A,1,Round 1,9,P0653,P0215,,,
2006-s6-A-PO-R1-M10,2006-s6-A,2006-s6,A,1,Round 1,10,P0196,P0205,,,
2006-s6-A-PO-R1-M11,2006-s6-A,2006-s6,A,1,Round 1,11,P0297,P0642,,,
2006-s6-A-PO-R1-M12,2006-s6-A,2006-s6,A,1,Round 1,12,P0365,P0552,,,
2006-s6-A-PO-R1-M13,2006-s6-A,2006-s6,A,1,Round 1,13,P0477,P0622,,,
2006-s6-A-PO-R1-M14,2006-s6-A,2006-s6,A,1,Round 1,14,P0378,P0206,,,
2006-s6-A-PO-R1-M15,2006-s6-A,2006-s6,A,1,Round 1,15,P0030,P0612,,,
2006-s6-A-PO-R1-M16,2006-s6-A,2006-s6,A,1,Round 1,16,P0474,P0306,,,
2006-s6-B-PO-R1-M1,2006-s6-B,2006-s6,B,1,Round 1,1,P0448,P0574,,,
2006-s6-B-PO-R1-M2,2006-s6-B,2006-s6,B,1,Round 1,2,P0371,P0576,,,
2006-s6-B-PO-R1-M3,2006-s6-B,2006-s6,B,1,Round 1,3,P0437,P0009,,,
2006-s6-B-PO-R1-M4,2006-s6-B,2006-s6,B,1,Round 1,4,P0597,P0464,,,
2006-s6-B-PO-R1-M5,2006-s6-B,2006-s6,B,1,Round 1,5,P0239,P0520,,,
2006-s6-B-PO-R1-M6,2006-s6-B,2006-s6,B,1,Round 1,6,P0126,P0434,,,
2006-s6-B-PO-R1-M7,2006-s6-B,2006-s6,B,1,Round 1,7,P0652,P0299,,,
2006-s6-B-PO-R1-M8,2006-s6-B,2006-s6,B,1,Round 1,8,P0648,P0449,,,
2006-s7-A-PO-R1-M1,2006-s7-A,2006-s7,A,1,Round 1,1,P0653,P0653,,,
2006-s7-A-PO-R1-M2,2006-s7-A,2006-s7,A,1,Round 1,2,P0377,P0380,,,
2006-s7-A-PO-R1-M3,2006-s7-A,2006-s7,A,1,Round 1,3,P0172,P0172,,,
2006-s7-A-PO-R1-M4,2006-s7-A,2006-s7,A,1,Round 1,4,P0204,P0653,,,
2006-s7-A-PO-R1-M5,2006-s7-A,2006-s7,A,1,Round 1,5,P0422,P0422,,,
2006-s7-A-PO-R1-M6,2006-s7-A,2006-s7,A,1,Round 1,6,P0378,P0216,,,
2006-s7-A-PO-R1-M7,2006-s7-A,2006-s7,A,1,Round 1,7,P0297,P0297,,,
2006-s7-A-PO-R1-M8,2006-s7-A,2006-s7,A,1,Round 1,8,P0060,P0609,,,
2006-s7-A-PO-R1-M9,2006-s7-A,2006-s7,A,1,Round 1,9,P0205,P0205,,,
2006-s7-A-PO-R1-M10,2006-s7-A,2006-s7,A,1,Round 1,10,P0622,P0561,,,
2006-s7-A-PO-R1-M11,2006-s7-A,2006-s7,A,1,Round 1,11,P0409,P0213,,,
2006-s7-A-PO-R1-M12,2006-s7-A,2006-s7,A,1,Round 1,12,P0213,P0073,,,
2006-s7-A-PO-R1-M13,2006-s7-A,2006-s7,A,1,Round 1,13,P0440,P0073,,,
2006-s7-A-PO-R1-M14,2006-s7-A,2006-s7,A,1,Round 1,14,P0073,P0210,,,
2006-s7-A-PO-R1-M15,2006-s7-A,2006-s7,A,1,Round 1,15,P0363,P0363,,,
2006-s7-A-PO-R1-M16,2006-s7-A,2006-s7,A,1,Round 1,16,P0427,P0653,,,
2006-s7-A-PO-R1-M17,2006-s7-A,2006-s7,A,1,Round 1,17,P0235,P0235,,,
2006-s7-A-PO-R1-M18,2006-s7-A,2006-s7,A,1,Round 1,18,P0581,P0541,,,
2006-s7-A-PO-R1-M19,2006-s7-A,2006-s7,A,1,Round 1,19,P0278,P0278,,,
2006-s7-A-PO-R1-M20,2006-s7-A,2006-s7,A,1,Round 1,20,P0239,P0235,,,
2006-s7-A-PO-R1-M21,2006-s7-A,2006-s7,A,1,Round 1,21,P0385,P0258,,,
2006-s7-A-PO-R1-M22,2006-s7-A,2006-s7,A,1,Round 1,22,P0140,P0258,,,
2006-s7-A-PO-R1-M23,2006-s7-A,2006-s7,A,1,Round 1,23,P0270,P0270,,,
2006-s7-A-PO-R1-M24,2006-s7-A,2006-s7,A,1,Round 1,24,P0333,P0616,,,
2006-s7-A-PO-R1-M25,2006-s7-A,2006-s7,A,1,Round 1,25,P0493,P0493,,,
2006-s7-A-PO-R1-M26,2006-s7-A,2006-s7,A,1,Round 1,26,P0076,P0186,,,
2006-s7-A-PO-R1-M27,2006-s7-A,2006-s7,A,1,Round 1,27,P0321,P0300,,,
2006-s7-A-PO-R1-M28,2006-s7-A,2006-s7,A,1,Round 1,28,P0300,P0512,,,
2006-s7-A-PO-R1-M29,2006-s7-A,2006-s7,A,1,Round 1,29,P0512,P0512,,,
2006-s7-A-PO-R1-M30,2006-s7-A,2006-s7,A,1,Round 1,30,P0184,P0383,,,
2006-s7-A-PO-R1-M31,2006-s7-A,2006-s7,A,1,Round 1,31,P0247,P0535,,,
2006-s7-B-PO-R1-M1,2006-s7-B,2006-s7,B,1,Round 1,1,P0371,P0344,,,
2006-s7-B-PO-R1-M2,2006-s7-B,2006-s7,B,1,Round 1,2,P0465,P0344,,,
2006-s7-B-PO-R1-M3,2006-s7-B,2006-s7,B,1,Round 1,3,P0307,P0301,,,
2006-s7-B-PO-R1-M4,2006-s7-B,2006-s7,B,1,Round 1,4,P0605,P0550,,,
2006-s7-B-PO-R1-M5,2006-s7-B,2006-s7,B,1,Round 1,5,P0484,P0484,,,
2006-s7-B-PO-R1-M6,2006-s7-B,2006-s7,B,1,Round 1,6,P0538,P0447,,,
2006-s7-B-PO-R1-M7,2006-s7-B,2006-s7,B,1,Round 1,7,P0447,P0009,,,
2006-s7-B-PO-R1-M8,2006-s7-B,2006-s7,B,1,Round 1,8,P0241,P0240,,,
2006-s7-B-PO-R1-M9,2006-s7-B,2006-s7,B,1,Round 1,9,P0240,P0591,,,
2006-s7-B-PO-R1-M10,2006-s7-B,2006-s7,B,1,Round 1,10,P0196,P0217,,,
2006-s7-B-PO-R1-M11,2006-s7-B,2006-s7,B,1,Round 1,11,P0433,P0327,,,
2006-s7-B-PO-R1-M12,2006-s7-B,2006-s7,B,1,Round 1,12,P0442,P0159,,,
2006-s7-B-PO-R1-M13,2006-s7-B,2006-s7,B,1,Round 1,13,P0219,P0302,,,
2006-s7-B-PO-R1-M14,2006-s7-B,2006-s7,B,1,Round 1,14,P0302,P0296,,,
2007-s1-A-PO-R1-M1,2007-s1-A,2007-s1,A,1,Round 1,1,P0853,P0853,,,
2007-s1-A-PO-R1-M2,2007-s1-A,2007-s1,A,1,Round 1,2,P0363,P0007,,,
2007-s1-A-PO-R1-M3,2007-s1-A,2007-s1,A,1,Round 1,3,P0261,P0617,,,
2007-s1-A-PO-R1-M4,2007-s1-A,2007-s1,A,1,Round 1,4,P0076,P0484,,,
2007-s1-A-PO-R1-M5,2007-s1-A,2007-s1,A,1,Round 1,5,P0512,P0493,,,
2007-s1-A-PO-R1-M6,2007-s1-A,2007-s1,A,1,Round 1,6,P0812,P0205,,,
2007-s1-A-PO-R1-M7,2007-s1-A,2007-s1,A,1,Round 1,7,P0430,P0717,,,
2007-s1-A-PO-R1-M8,2007-s1-A,2007-s1,A,1,Round 1,8,P0250,P0385,,,
2007-s1-A-PO-R1-M9,2007-s1-A,2007-s1,A,1,Round 1,9,P0239,P0029,,,
2007-s1-A-PO-R1-M10,2007-s1-A,2007-s1,A,1,Round 1,10,P0029,P0440,,,
2007-s1-A-PO-R1-M11,2007-s1-A,2007-s1,A,1,Round 1,11,P0808,P0897,,,
2007-s1-A-PO-R1-M12,2007-s1-A,2007-s1,A,1,Round 1,12,P0172,P0321,,,
2007-s1-A-PO-R1-M13,2007-s1-A,2007-s1,A,1,Round 1,13,P0411,P0270,,,
2007-s1-A-PO-R1-M14,2007-s1-A,2007-s1,A,1,Round 1,14,P0073,P0333,,,
2007-s1-A-PO-R1-M15,2007-s1-A,2007-s1,A,1,Round 1,15,P0018,P0655,,,
2007-s1-A-PO-R1-M16,2007-s1-A,2007-s1,A,1,Round 1,16,P0939,P0697,,,
2007-s1-B-PO-R1-M1,2007-s1-B,2007-s1,B,1,Round 1,1,P0938,P0938,,,
2007-s1-B-PO-R1-M2,2007-s1-B,2007-s1,B,1,Round 1,2,P0296,P0452,,,
2007-s1-B-PO-R1-M3,2007-s1-B,2007-s1,B,1,Round 1,3,P0467,P0771,,,
2007-s1-B-PO-R1-M4,2007-s1-B,2007-s1,B,1,Round 1,4,P0327,P0485,,,
2007-s1-B-PO-R1-M5,2007-s1-B,2007-s1,B,1,Round 1,5,P0876,P0913,,,
2007-s1-B-PO-R1-M6,2007-s1-B,2007-s1,B,1,Round 1,6,P0917,P0809,,,
2007-s1-B-PO-R1-M7,2007-s1-B,2007-s1,B,1,Round 1,7,P0819,P0693,,,
2007-s1-B-PO-R1-M8,2007-s1-B,2007-s1,B,1,Round 1,8,P0813,P0217,,,
2007-s1-B-PO-R1-M9,2007-s1-B,2007-s1,B,1,Round 1,9,P0591,P0591,,,
2007-s1-B-PO-R1-M10,2007-s1-B,2007-s1,B,1,Round 1,10,P0431,P0447,,,
2007-s1-B-PO-R1-M11,2007-s1-B,2007-s1,B,1,Round 1,11,P0404,P0887,,,
2007-s1-B-PO-R1-M12,2007-s1-B,2007-s1,B,1,Round 1,12,P0068,P0307,,,
2007-s1-B-PO-R1-M13,2007-s1-B,2007-s1,B,1,Round 1,13,P0514,P0872,,,
2007-s1-B-PO-R1-M14,2007-s1-B,2007-s1,B,1,Round 1,14,P0344,P0862,,,
2007-s1-B-PO-R1-M15,2007-s1-B,2007-s1,B,1,Round 1,15,P0544,P0241,,,
2007-s1-B-PO-R1-M16,2007-s1-B,2007-s1,B,1,Round 1,16,P0695,P0315,,,
2007-s2-A-PO-R1-M1,2007-s2-A,2007-s2,A,1,Round 1,1,P0874,P0812,,,
2007-s2-A-PO-R1-M2,2007-s2-A,2007-s2,A,1,Round 1,2,P0812,P0247,,,
2007-s2-A-PO-R1-M3,2007-s2-A,2007-s2,A,1,Round 1,3,P0920,P0363,,,
2007-s2-A-PO-R1-M4,2007-s2-A,2007-s2,A,1,Round 1,4,P0430,P0902,,,
2007-s2-A-PO-R1-M5,2007-s2-A,2007-s2,A,1,Round 1,5,P0607,P0094,,,
2007-s2-A-PO-R1-M6,2007-s2-A,2007-s2,A,1,Round 1,6,P0196,P0205,,,
2007-s2-A-PO-R1-M7,2007-s2-A,2007-s2,A,1,Round 1,7,P0258,P0029,,,
2007-s2-A-PO-R1-M8,2007-s2-A,2007-s2,A,1,Round 1,8,P0897,P0242,,,
2007-s2-A-PO-R1-M9,2007-s2-A,2007-s2,A,1,Round 1,9,P0847,P0847,,,
2007-s2-A-PO-R1-M10,2007-s2-A,2007-s2,A,1,Round 1,10,P0172,P0140,,,
2007-s2-A-PO-R1-M11,2007-s2-A,2007-s2,A,1,Round 1,11,P0385,P0250,,,
2007-s2-A-PO-R1-M12,2007-s2-A,2007-s2,A,1,Round 1,12,P0270,P0411,,,
2007-s2-A-PO-R1-M13,2007-s2-A,2007-s2,A,1,Round 1,13,P0493,P0333,,,
2007-s2-A-PO-R1-M14,2007-s2-A,2007-s2,A,1,Round 1,14,P0239,P0224,,,
2007-s2-A-PO-R1-M15,2007-s2-A,2007-s2,A,1,Round 1,15,P0321,P0659,,,
2007-s2-A-PO-R1-M16,2007-s2-A,2007-s2,A,1,Round 1,16,P0769,P0863,,,
2007-s2-B-PO-R1-M1,2007-s2-B,2007-s2,B,1,Round 1,1,P0685,P0756,,,
2007-s2-B-PO-R1-M2,2007-s2-B,2007-s2,B,1,Round 1,2,P0359,P0824,,,
2007-s2-B-PO-R1-M3,2007-s2-B,2007-s2,B,1,Round 1,3,P0885,P0842,,,
2007-s2-B-PO-R1-M4,2007-s2-B,2007-s2,B,1,Round 1,4,P0842,P0484,,,
2007-s2-B-PO-R1-M5,2007-s2-B,2007-s2,B,1,Round 1,5,P0701,P0701,,,
2007-s2-B-PO-R1-M6,2007-s2-B,2007-s2,B,1,Round 1,6,P0907,P0680,,,
2007-s2-B-PO-R1-M7,2007-s2-B,2007-s2,B,1,Round 1,7,P0484,P0484,,,
2007-s2-B-PO-R1-M8,2007-s2-B,2007-s2,B,1,Round 1,8,P0217,P0051,,,
2007-s2-B-PO-R1-M9,2007-s2-B,2007-s2,B,1,Round 1,9,P0051,P0756,,,
2007-s2-B-PO-R1-M10,2007-s2-B,2007-s2,B,1,Round 1,10,P0241,P0688,,,
2007-s2-B-PO-R1-M11,2007-s2-B,2007-s2,B,1,Round 1,11,P0823,P0823,,,
2007-s2-B-PO-R1-M12,2007-s2-B,2007-s2,B,1,Round 1,12,P0447,P0051,,,
2007-s2-B-PO-R1-M13,2007-s2-B,2007-s2,B,1,Round 1,13,P0558,P0750,,,
2007-s2-B-PO-R1-M14,2007-s2-B,2007-s2,B,1,Round 1,14,P0750,P0864,,,
2007-s2-B-PO-R1-M15,2007-s2-B,2007-s2,B,1,Round 1,15,P0798,P0798,,,
2007-s3-A-PO-R1-M1,2007-s3-A,2007-s3,A,1,Round 1,1,P0140,,,,
2007-s3-A-PO-R1-M2,2007-s3-A,2007-s3,A,1,Round 1,2,P0659,P0333,,,
2007-s3-A-PO-R1-M3,2007-s3-A,2007-s3,A,1,Round 1,3,P0897,P0697,,,
2007-s3-A-PO-R1-M4,2007-s3-A,2007-s3,A,1,Round 1,4,P0032,P0754,,,
2007-s3-A-PO-R1-M5,2007-s3-A,2007-s3,A,1,Round 1,5,P0724,,,,
2007-s3-A-PO-R1-M6,2007-s3-A,2007-s3,A,1,Round 1,6,P0484,P0493,,,
2007-s3-A-PO-R1-M7,2007-s3-A,2007-s3,A,1,Round 1,7,P0874,,,,
2007-s3-A-PO-R1-M8,2007-s3-A,2007-s3,A,1,Round 1,8,P0702,P0196,,,
2007-s3-A-PO-R1-M9,2007-s3-A,2007-s3,A,1,Round 1,9,P0945,,,,
2007-s3-A-PO-R1-M10,2007-s3-A,2007-s3,A,1,Round 1,10,P0205,P0607,,,
2007-s3-A-PO-R1-M11,2007-s3-A,2007-s3,A,1,Round 1,11,P0857,P0812,,,
2007-s3-A-PO-R1-M12,2007-s3-A,2007-s3,A,1,Round 1,12,P0247,P0024,,,
2007-s3-A-PO-R1-M13,2007-s3-A,2007-s3,A,1,Round 1,13,P0921,,,,
2007-s3-A-PO-R1-M14,2007-s3-A,2007-s3,A,1,Round 1,14,P0767,P0073,,,
2007-s3-A-PO-R1-M15,2007-s3-A,2007-s3,A,1,Round 1,15,P0753,,,,
2007-s3-A-PO-R1-M16,2007-s3-A,2007-s3,A,1,Round 1,16,P0853,P0703,,,
2007-s3-B-PO-R1-M1,2007-s3-B,2007-s3,B,1,Round 1,1,P0680,,,,
2007-s3-B-PO-R1-M2,2007-s3-B,2007-s3,B,1,Round 1,2,P0761,P0884,,,
2007-s3-B-PO-R1-M3,2007-s3-B,2007-s3,B,1,Round 1,3,P0774,,,,
2007-s3-B-PO-R1-M4,2007-s3-B,2007-s3,B,1,Round 1,4,P0791,,,,
2007-s3-B-PO-R1-M5,2007-s3-B,2007-s3,B,1,Round 1,5,P0217,,,,
2007-s3-B-PO-R1-M6,2007-s3-B,2007-s3,B,1,Round 1,6,P0768,P0664,,,
2007-s3-B-PO-R1-M7,2007-s3-B,2007-s3,B,1,Round 1,7,P0737,,,,
2007-s3-B-PO-R1-M8,2007-s3-B,2007-s3,B,1,Round 1,8,P0633,P0669,,,
2007-s3-B-PO-R1-M9,2007-s3-B,2007-s3,B,1,Round 1,9,P0315,,,,
2007-s3-B-PO-R1-M10,2007-s3-B,2007-s3,B,1,Round 1,10,P0558,P0772,,,
2007-s3-B-PO-R1-M11,2007-s3-B,2007-s3,B,1,Round 1,11,P0051,,,,
2007-s3-B-PO-R1-M12,2007-s3-B,2007-s3,B,1,Round 1,12,P0223,,,,
2007-s3-B-PO-R1-M13,2007-s3-B,2007-s3,B,1,Round 1,13,P0712,,,,
2007-s3-B-PO-R1-M14,2007-s3-B,2007-s3,B,1,Round 1,14,P0796,P0842,,,
2007-s3-B-PO-R1-M15,2007-s3-B,2007-s3,B,1,Round 1,15,P0805,,,,
2007-s3-B-PO-R1-M16,2007-s3-B,2007-s3,B,1,Round 1,16,P0764,P0744,,,
2007-s4-A-PO-R1-M1,2007-s4-A,2007-s4,A,1,Round 1,1,P0493,,,,
2007-s4-A-PO-R1-M2,2007-s4-A,2007-s4,A,1,Round 1,2,P0404,P0073,,,
2007-s4-A-PO-R1-M3,2007-s4-A,2007-s4,A,1,Round 1,3,P0697,P0833,,,
2007-s4-A-PO-R1-M4,2007-s4-A,2007-s4,A,1,Round 1,4,P0297,P0491,,,
2007-s4-A-PO-R1-M5,2007-s4-A,2007-s4,A,1,Round 1,5,P0847,P0871,,,
2007-s4-A-PO-R1-M6,2007-s4-A,2007-s4,A,1,Round 1,6,P0724,P0205,,,
2007-s4-A-PO-R1-M7,2007-s4-A,2007-s4,A,1,Round 1,7,P0940,P0891,,,
2007-s4-A-PO-R1-M8,2007-s4-A,2007-s4,A,1,Round 1,8,P0172,P0753,,,
2007-s4-A-PO-R1-M9,2007-s4-A,2007-s4,A,1,Round 1,9,P0584,,,,
2007-s4-A-PO-R1-M10,2007-s4-A,2007-s4,A,1,Round 1,10,P0702,P0853,,,
2007-s4-A-PO-R1-M11,2007-s4-A,2007-s4,A,1,Round 1,11,P0363,P0656,,,
2007-s4-A-PO-R1-M12,2007-s4-A,2007-s4,A,1,Round 1,12,P0223,P0609,,,
2007-s4-A-PO-R1-M13,2007-s4-A,2007-s4,A,1,Round 1,13,P0131,P0900,,,
2007-s4-A-PO-R1-M14,2007-s4-A,2007-s4,A,1,Round 1,14,P0714,P0658,,,
2007-s4-A-PO-R1-M15,2007-s4-A,2007-s4,A,1,Round 1,15,P0897,P0924,,,
2007-s4-A-PO-R1-M16,2007-s4-A,2007-s4,A,1,Round 1,16,P0690,P0617,,,
2007-s4-B-PO-R1-M1,2007-s4-B,2007-s4,B,1,Round 1,1,P0315,,,,
2007-s4-B-PO-R1-M2,2007-s4-B,2007-s4,B,1,Round 1,2,P0359,P0728,,,
2007-s4-B-PO-R1-M3,2007-s4-B,2007-s4,B,1,Round 1,3,P0684,P0915,,,
2007-s4-B-PO-R1-M4,2007-s4-B,2007-s4,B,1,Round 1,4,P0730,P0943,,,
2007-s4-B-PO-R1-M5,2007-s4-B,2007-s4,B,1,Round 1,5,P0558,,,,
2007-s4-B-PO-R1-M6,2007-s4-B,2007-s4,B,1,Round 1,6,P0928,P0895,,,
2007-s4-B-PO-R1-M7,2007-s4-B,2007-s4,B,1,Round 1,7,P0881,,,,
2007-s4-B-PO-R1-M8,2007-s4-B,2007-s4,B,1,Round 1,8,P0796,P0916,,,
2007-s4-B-PO-R1-M9,2007-s4-B,2007-s4,B,1,Round 1,9,P0765,,,,
2007-s4-B-PO-R1-M10,2007-s4-B,2007-s4,B,1,Round 1,10,P0344,P0794,,,
2007-s4-B-PO-R1-M11,2007-s4-B,2007-s4,B,1,Round 1,11,P0785,,,,
2007-s4-B-PO-R1-M12,2007-s4-B,2007-s4,B,1,Round 1,12,P0886,P0930,,,
2007-s4-B-PO-R1-M13,2007-s4-B,2007-s4,B,1,Round 1,13,P0217,,,,
2007-s4-B-PO-R1-M14,2007-s4-B,2007-s4,B,1,Round 1,14,P0727,P0792,,,
2007-s4-B-PO-R1-M15,2007-s4-B,2007-s4,B,1,Round 1,15,P0485,,,,
2007-s4-B-PO-R1-M16,2007-s4-B,2007-s4,B,1,Round 1,16,P0687,P0911,,,
2007-s5-A-PO-R1-M1,2007-s5-A,2007-s5,A,1,Round 1,1,P0297,,,,
2007-s5-A-PO-R1-M2,2007-s5-A,2007-s5,A,1,Round 1,2,P0897,P0719,,,
2007-s5-A-PO-R1-M3,2007-s5-A,2007-s5,A,1,Round 1,3,P0140,,,,
2007-s5-A-PO-R1-M4,2007-s5-A,2007-s5,A,1,Round 1,4,P0724,P0923,,,
2007-s5-A-PO-R1-M5,2007-s5-A,2007-s5,A,1,Round 1,5,P0672,,,,
2007-s5-A-PO-R1-M6,2007-s5-A,2007-s5,A,1,Round 1,6,P0847,P0501,,,
2007-s5-A-PO-R1-M7,2007-s5-A,2007-s5,A,1,Round 1,7,P0678,,,,
2007-s5-A-PO-R1-M8,2007-s5-A,2007-s5,A,1,Round 1,8,P0172,P0655,,,
2007-s5-A-PO-R1-M9,2007-s5-A,2007-s5,A,1,Round 1,9,P0702,,,,
2007-s5-A-PO-R1-M10,2007-s5-A,2007-s5,A,1,Round 1,10,P0689,P0658,,,
2007-s5-A-PO-R1-M11,2007-s5-A,2007-s5,A,1,Round 1,11,P0531,,,,
2007-s5-A-PO-R1-M12,2007-s5-A,2007-s5,A,1,Round 1,12,P0820,P0728,,,
2007-s5-A-PO-R1-M13,2007-s5-A,2007-s5,A,1,Round 1,13,P0073,,,,
2007-s5-A-PO-R1-M14,2007-s5-A,2007-s5,A,1,Round 1,14,P0223,P0715,,,
2007-s5-A-PO-R1-M15,2007-s5-A,2007-s5,A,1,Round 1,15,P0029,,,,
2007-s5-A-PO-R1-M16,2007-s5-A,2007-s5,A,1,Round 1,16,P0363,P0759,,,
2007-s5-B-PO-R1-M1,2007-s5-B,2007-s5,B,1,Round 1,1,P0735,,,,
2007-s5-B-PO-R1-M2,2007-s5-B,2007-s5,B,1,Round 1,2,P0783,P0922,,,
2007-s5-B-PO-R1-M3,2007-s5-B,2007-s5,B,1,Round 1,3,P0733,P0849,,,
2007-s5-B-PO-R1-M4,2007-s5-B,2007-s5,B,1,Round 1,4,P0730,P0674,,,
2007-s5-B-PO-R1-M5,2007-s5-B,2007-s5,B,1,Round 1,5,P0880,,,,
2007-s5-B-PO-R1-M6,2007-s5-B,2007-s5,B,1,Round 1,6,P0657,P0758,,,
2007-s5-B-PO-R1-M7,2007-s5-B,2007-s5,B,1,Round 1,7,P0781,,,,
2007-s5-B-PO-R1-M8,2007-s5-B,2007-s5,B,1,Round 1,8,P0760,P0837,,,
2007-s5-B-PO-R1-M9,2007-s5-B,2007-s5,B,1,Round 1,9,P0815,,,,
2007-s5-B-PO-R1-M10,2007-s5-B,2007-s5,B,1,Round 1,10,P0772,P0829,,,
2007-s5-B-PO-R1-M11,2007-s5-B,2007-s5,B,1,Round 1,11,P0748,P0928,,,
2007-s5-B-PO-R1-M12,2007-s5-B,2007-s5,B,1,Round 1,12,P0315,P0941,,,
2007-s5-B-PO-R1-M13,2007-s5-B,2007-s5,B,1,Round 1,13,P0918,,,,
2007-s5-B-PO-R1-M14,2007-s5-B,2007-s5,B,1,Round 1,14,P0764,P0327,,,
2007-s5-B-PO-R1-M15,2007-s5-B,2007-s5,B,1,Round 1,15,P0727,,,,
2007-s5-B-PO-R1-M16,2007-s5-B,2007-s5,B,1,Round 1,16,P0755,P0720,,,
2007-s6-A-PO-R1-M1,2007-s6-A,2007-s6,A,1,Round 1,1,P0239,,,,
2007-s6-A-PO-R1-M2,2007-s6-A,2007-s6,A,1,Round 1,2,P0740,P0672,,,
2007-s6-A-PO-R1-M3,2007-s6-A,2007-s6,A,1,Round 1,3,P0131,,,,
2007-s6-A-PO-R1-M4,2007-s6-A,2007-s6,A,1,Round 1,4,P0724,,,,
2007-s6-A-PO-R1-M5,2007-s6-A,2007-s6,A,1,Round 1,5,P0936,,,,
2007-s6-A-PO-R1-M6,2007-s6-A,2007-s6,A,1,Round 1,6,P0616,P0678,,,
2007-s6-A-PO-R1-M7,2007-s6-A,2007-s6,A,1,Round 1,7,P0363,,,,
2007-s6-A-PO-R1-M8,2007-s6-A,2007-s6,A,1,Round 1,8,P0607,P0816,,,
2007-s6-A-PO-R1-M9,2007-s6-A,2007-s6,A,1,Round 1,9,P0696,,,,
2007-s6-A-PO-R1-M10,2007-s6-A,2007-s6,A,1,Round 1,10,P0847,P0859,,,
2007-s6-A-PO-R1-M11,2007-s6-A,2007-s6,A,1,Round 1,11,P0140,,,,
2007-s6-A-PO-R1-M12,2007-s6-A,2007-s6,A,1,Round 1,12,P0709,,,,
2007-s6-A-PO-R1-M13,2007-s6-A,2007-s6,A,1,Round 1,13,P0707,,,,
2007-s6-A-PO-R1-M14,2007-s6-A,2007-s6,A,1,Round 1,14,P0830,P0237,,,
2007-s6-A-PO-R1-M15,2007-s6-A,2007-s6,A,1,Round 1,15,P0944,,,,
2007-s6-A-PO-R1-M16,2007-s6-A,2007-s6,A,1,Round 1,16,P0692,P0753,,,
2007-s6-B-PO-R1-M1,2007-s6-B,2007-s6,B,1,Round 1,1,P0896,,,,
2007-s6-B-PO-R1-M2,2007-s6-B,2007-s6,B,1,Round 1,2,P0315,P0838,,,
2007-s6-B-PO-R1-M3,2007-s6-B,2007-s6,B,1,Round 1,3,P0880,P0686,,,
2007-s6-B-PO-R1-M4,2007-s6-B,2007-s6,B,1,Round 1,4,P0752,P0802,,,
2007-s6-B-PO-R1-M5,2007-s6-B,2007-s6,B,1,Round 1,5,P0726,,,,
2007-s6-B-PO-R1-M6,2007-s6-B,2007-s6,B,1,Round 1,6,P0675,P0761,,,
2007-s6-B-PO-R1-M7,2007-s6-B,2007-s6,B,1,Round 1,7,P0832,P0677,,,
2007-s6-B-PO-R1-M8,2007-s6-B,2007-s6,B,1,Round 1,8,P0873,P0737,,,
2007-s6-B-PO-R1-M9,2007-s6-B,2007-s6,B,1,Round 1,9,P0748,,,,
2007-s6-B-PO-R1-M10,2007-s6-B,2007-s6,B,1,Round 1,10,P0942,P0685,,,
2007-s6-B-PO-R1-M11,2007-s6-B,2007-s6,B,1,Round 1,11,P0926,P0901,,,
2007-s6-B-PO-R1-M12,2007-s6-B,2007-s6,B,1,Round 1,12,P0217,P0781,,,
2007-s6-B-PO-R1-M13,2007-s6-B,2007-s6,B,1,Round 1,13,,P0784,,,
2007-s6-B-PO-R1-M14,2007-s6-B,2007-s6,B,1,Round 1,14,P0840,P0869,,,
2007-s6-B-PO-R1-M15,2007-s6-B,2007-s6,B,1,Round 1,15,P0850,P0751,,,
2008-s1-A-PO-R1-M1,2008-s1-A,2008-s1,A,1,Round 1,1,P0472,,,,
2008-s1-A-PO-R1-M2,2008-s1-A,2008-s1,A,1,Round 1,2,P0921,P1088,,,
2008-s1-A-PO-R1-M3,2008-s1-A,2008-s1,A,1,Round 1,3,P0989,P1078,,,
2008-s1-A-PO-R1-M4,2008-s1-A,2008-s1,A,1,Round 1,4,P0205,P0140,,,
2008-s1-A-PO-R1-M5,2008-s1-A,2008-s1,A,1,Round 1,5,P1071,P1024,,,
2008-s1-A-PO-R1-M6,2008-s1-A,2008-s1,A,1,Round 1,6,P0707,P1153,,,
2008-s1-A-PO-R1-M7,2008-s1-A,2008-s1,A,1,Round 1,7,P0478,P0764,,,
2008-s1-A-PO-R1-M8,2008-s1-A,2008-s1,A,1,Round 1,8,P0678,P0333,,,
2008-s1-A-PO-R1-M9,2008-s1-A,2008-s1,A,1,Round 1,9,P0994,,,,
2008-s1-A-PO-R1-M10,2008-s1-A,2008-s1,A,1,Round 1,10,P0987,P1021,,,
2008-s1-A-PO-R1-M11,2008-s1-A,2008-s1,A,1,Round 1,11,P0029,P0363,,,
2008-s1-A-PO-R1-M12,2008-s1-A,2008-s1,A,1,Round 1,12,P0960,P0692,,,
2008-s1-A-PO-R1-M13,2008-s1-A,2008-s1,A,1,Round 1,13,P0847,P0691,,,
2008-s1-A-PO-R1-M14,2008-s1-A,2008-s1,A,1,Round 1,14,P0972,P0617,,,
2008-s1-A-PO-R1-M15,2008-s1-A,2008-s1,A,1,Round 1,15,P1157,P0988,,,
2008-s1-A-PO-R1-M16,2008-s1-A,2008-s1,A,1,Round 1,16,P0858,P0073,,,
2008-s1-B-PO-R1-M1,2008-s1-B,2008-s1,B,1,Round 1,1,P0752,,,,
2008-s1-B-PO-R1-M2,2008-s1-B,2008-s1,B,1,Round 1,2,P0978,P1082,,,
2008-s1-B-PO-R1-M3,2008-s1-B,2008-s1,B,1,Round 1,3,P0993,,,,
2008-s1-B-PO-R1-M4,2008-s1-B,2008-s1,B,1,Round 1,4,P1061,P1111,,,
2008-s1-B-PO-R1-M5,2008-s1-B,2008-s1,B,1,Round 1,5,P0327,,,,
2008-s1-B-PO-R1-M6,2008-s1-B,2008-s1,B,1,Round 1,6,P1006,P0928,,,
2008-s1-B-PO-R1-M7,2008-s1-B,2008-s1,B,1,Round 1,7,P0982,,,,
2008-s1-B-PO-R1-M8,2008-s1-B,2008-s1,B,1,Round 1,8,P1101,P1102,,,
2008-s1-B-PO-R1-M9,2008-s1-B,2008-s1,B,1,Round 1,9,P0315,,,,
2008-s1-B-PO-R1-M10,2008-s1-B,2008-s1,B,1,Round 1,10,P0431,P0217,,,
2008-s1-B-PO-R1-M11,2008-s1-B,2008-s1,B,1,Round 1,11,P1129,,,,
2008-s1-B-PO-R1-M12,2008-s1-B,2008-s1,B,1,Round 1,12,P1132,P0344,,,
2008-s1-B-PO-R1-M13,2008-s1-B,2008-s1,B,1,Round 1,13,P1094,,,,
2008-s1-B-PO-R1-M14,2008-s1-B,2008-s1,B,1,Round 1,14,P0633,P0971,,,
2008-s1-B-PO-R1-M15,2008-s1-B,2008-s1,B,1,Round 1,15,P0946,,,,
2008-s1-B-PO-R1-M16,2008-s1-B,2008-s1,B,1,Round 1,16,P1091,P1107,,,
2008-s2-A-PO-R1-M1,2008-s2-A,2008-s2,A,1,Round 1,1,P0847,,,,
2008-s2-A-PO-R1-M2,2008-s2-A,2008-s2,A,1,Round 1,2,P0764,P1026,,,
2008-s2-A-PO-R1-M3,2008-s2-A,2008-s2,A,1,Round 1,3,P0140,,,,
2008-s2-A-PO-R1-M4,2008-s2-A,2008-s2,A,1,Round 1,4,P0707,P1089,,,
2008-s2-A-PO-R1-M5,2008-s2-A,2008-s2,A,1,Round 1,5,P0297,,,,
2008-s2-A-PO-R1-M6,2008-s2-A,2008-s2,A,1,Round 1,6,P0344,P0029,,,
2008-s2-A-PO-R1-M7,2008-s2-A,2008-s2,A,1,Round 1,7,P1085,,,,
2008-s2-A-PO-R1-M8,2008-s2-A,2008-s2,A,1,Round 1,8,P0273,P0867,,,
2008-s2-A-PO-R1-M9,2008-s2-A,2008-s2,A,1,Round 1,9,P1072,,,,
2008-s2-A-PO-R1-M10,2008-s2-A,2008-s2,A,1,Round 1,10,P0422,P1093,,,
2008-s2-A-PO-R1-M11,2008-s2-A,2008-s2,A,1,Round 1,11,P0325,,,,
2008-s2-A-PO-R1-M12,2008-s2-A,2008-s2,A,1,Round 1,12,P0961,P1069,,,
2008-s2-A-PO-R1-M13,2008-s2-A,2008-s2,A,1,Round 1,13,P0858,,,,
2008-s2-A-PO-R1-M14,2008-s2-A,2008-s2,A,1,Round 1,14,P0131,P0984,,,
2008-s2-A-PO-R1-M15,2008-s2-A,2008-s2,A,1,Round 1,15,P1149,,,,
2008-s2-A-PO-R1-M16,2008-s2-A,2008-s2,A,1,Round 1,16,P0073,P1035,,,
2008-s2-B-PO-R1-M1,2008-s2-B,2008-s2,B,1,Round 1,1,P1051,,,,
2008-s2-B-PO-R1-M2,2008-s2-B,2008-s2,B,1,Round 1,2,P1019,P0955,,,
2008-s2-B-PO-R1-M3,2008-s2-B,2008-s2,B,1,Round 1,3,P0982,,,,
2008-s2-B-PO-R1-M4,2008-s2-B,2008-s2,B,1,Round 1,4,P0956,,,,
2008-s2-B-PO-R1-M5,2008-s2-B,2008-s2,B,1,Round 1,5,P1131,,,,
2008-s2-B-PO-R1-M6,2008-s2-B,2008-s2,B,1,Round 1,6,P1129,P1115,,,
2008-s2-B-PO-R1-M7,2008-s2-B,2008-s2,B,1,Round 1,7,P0880,,,,
2008-s2-B-PO-R1-M8,2008-s2-B,2008-s2,B,1,Round 1,8,P0217,,,,
2008-s2-B-PO-R1-M9,2008-s2-B,2008-s2,B,1,Round 1,9,P0247,,,,
2008-s2-B-PO-R1-M10,2008-s2-B,2008-s2,B,1,Round 1,10,P1047,P1058,,,
2008-s2-B-PO-R1-M11,2008-s2-B,2008-s2,B,1,Round 1,11,P0820,,,,
2008-s2-B-PO-R1-M12,2008-s2-B,2008-s2,B,1,Round 1,12,P1007,,,,
2008-s2-B-PO-R1-M13,2008-s2-B,2008-s2,B,1,Round 1,13,P1079,,,,
2008-s2-B-PO-R1-M14,2008-s2-B,2008-s2,B,1,Round 1,14,P1083,P1109,,,
2008-s2-B-PO-R1-M15,2008-s2-B,2008-s2,B,1,Round 1,15,P1155,,,,
2008-s2-B-PO-R1-M16,2008-s2-B,2008-s2,B,1,Round 1,16,P1118,,,,
2008-s3-A-PO-R1-M1,2008-s3-A,2008-s3,A,1,Round 1,1,P0707,,,,
2008-s3-A-PO-R1-M2,2008-s3-A,2008-s3,A,1,Round 1,2,P1022,P0658,,,
2008-s3-A-PO-R1-M3,2008-s3-A,2008-s3,A,1,Round 1,3,P0990,P1065,,,
2008-s3-A-PO-R1-M4,2008-s3-A,2008-s3,A,1,Round 1,4,P0478,P1089,,,
2008-s3-A-PO-R1-M5,2008-s3-A,2008-s3,A,1,Round 1,5,P0617,,,,
2008-s3-A-PO-R1-M6,2008-s3-A,2008-s3,A,1,Round 1,6,P0847,P0029,,,
2008-s3-A-PO-R1-M7,2008-s3-A,2008-s3,A,1,Round 1,7,P0985,,,,
2008-s3-A-PO-R1-M8,2008-s3-A,2008-s3,A,1,Round 1,8,P1030,P0607,,,
2008-s3-A-PO-R1-M9,2008-s3-A,2008-s3,A,1,Round 1,9,P1026,,,,
2008-s3-A-PO-R1-M10,2008-s3-A,2008-s3,A,1,Round 1,10,P1085,P1001,,,
2008-s3-A-PO-R1-M11,2008-s3-A,2008-s3,A,1,Round 1,11,P0073,P0980,,,
2008-s3-A-PO-R1-M12,2008-s3-A,2008-s3,A,1,Round 1,12,P0691,P1174,,,
2008-s3-A-PO-R1-M13,2008-s3-A,2008-s3,A,1,Round 1,13,P0321,,,,
2008-s3-A-PO-R1-M14,2008-s3-A,2008-s3,A,1,Round 1,14,P0422,P0787,,,
2008-s3-A-PO-R1-M15,2008-s3-A,2008-s3,A,1,Round 1,15,P0140,,,,
2008-s3-A-PO-R1-M16,2008-s3-A,2008-s3,A,1,Round 1,16,P1155,P1125,,,
2008-s3-B-PO-R1-M1,2008-s3-B,2008-s3,B,1,Round 1,1,P1104,,,,
2008-s3-B-PO-R1-M2,2008-s3-B,2008-s3,B,1,Round 1,2,P1016,P1049,,,
2008-s3-B-PO-R1-M3,2008-s3-B,2008-s3,B,1,Round 1,3,P0955,,,,
2008-s3-B-PO-R1-M4,2008-s3-B,2008-s3,B,1,Round 1,4,P1009,,,,
2008-s3-B-PO-R1-M5,2008-s3-B,2008-s3,B,1,Round 1,5,P0963,,,,
2008-s3-B-PO-R1-M6,2008-s3-B,2008-s3,B,1,Round 1,6,P0902,P1160,,,
2008-s3-B-PO-R1-M7,2008-s3-B,2008-s3,B,1,Round 1,7,P0983,,,,
2008-s3-B-PO-R1-M8,2008-s3-B,2008-s3,B,1,Round 1,8,P0685,P1150,,,
2008-s3-B-PO-R1-M9,2008-s3-B,2008-s3,B,1,Round 1,9,P1059,,,,
2008-s3-B-PO-R1-M10,2008-s3-B,2008-s3,B,1,Round 1,10,P0217,P1127,,,
2008-s3-B-PO-R1-M11,2008-s3-B,2008-s3,B,1,Round 1,11,P1031,,,,
2008-s3-B-PO-R1-M12,2008-s3-B,2008-s3,B,1,Round 1,12,P1053,P1066,,,
2008-s3-B-PO-R1-M13,2008-s3-B,2008-s3,B,1,Round 1,13,P1080,,,,
2008-s3-B-PO-R1-M14,2008-s3-B,2008-s3,B,1,Round 1,14,P1122,P1170,,,
2008-s3-B-PO-R1-M15,2008-s3-B,2008-s3,B,1,Round 1,15,P1106,,,,
2008-s3-B-PO-R1-M16,2008-s3-B,2008-s3,B,1,Round 1,16,P1087,P1100,,,
2008-s4-A-PO-R1-M1,2008-s4-A,2008-s4,A,1,Round 1,1,P0858,,,,
2008-s4-A-PO-R1-M2,2008-s4-A,2008-s4,A,1,Round 1,2,P0140,P1022,,,
2008-s4-A-PO-R1-M3,2008-s4-A,2008-s4,A,1,Round 1,3,P1020,,,,
2008-s4-A-PO-R1-M4,2008-s4-A,2008-s4,A,1,Round 1,4,P0131,P0950,,,
2008-s4-A-PO-R1-M5,2008-s4-A,2008-s4,A,1,Round 1,5,P0921,,,,
2008-s4-A-PO-R1-M6,2008-s4-A,2008-s4,A,1,Round 1,6,P0478,P0984,,,
2008-s4-A-PO-R1-M7,2008-s4-A,2008-s4,A,1,Round 1,7,P1088,,,,
2008-s4-A-PO-R1-M8,2008-s4-A,2008-s4,A,1,Round 1,8,P0321,P0363,,,
2008-s4-A-PO-R1-M9,2008-s4-A,2008-s4,A,1,Round 1,9,P0707,,,,
2008-s4-A-PO-R1-M10,2008-s4-A,2008-s4,A,1,Round 1,10,P0422,P0995,,,
2008-s4-A-PO-R1-M11,2008-s4-A,2008-s4,A,1,Round 1,11,P1104,,,,
2008-s4-A-PO-R1-M12,2008-s4-A,2008-s4,A,1,Round 1,12,P0029,P0967,,,
2008-s4-A-PO-R1-M13,2008-s4-A,2008-s4,A,1,Round 1,13,P1002,,,,
2008-s4-A-PO-R1-M14,2008-s4-A,2008-s4,A,1,Round 1,14,P1013,P0607,,,
2008-s4-A-PO-R1-M15,2008-s4-A,2008-s4,A,1,Round 1,15,P1080,,,,
2008-s4-A-PO-R1-M16,2008-s4-A,2008-s4,A,1,Round 1,16,P0512,P0966,,,
2008-s4-B-PO-R1-M1,2008-s4-B,2008-s4,B,1,Round 1,1,P1123,,,,
2008-s4-B-PO-R1-M2,2008-s4-B,2008-s4,B,1,Round 1,2,P1117,P1145,,,
2008-s4-B-PO-R1-M3,2008-s4-B,2008-s4,B,1,Round 1,3,P1059,,,,
2008-s4-B-PO-R1-M4,2008-s4-B,2008-s4,B,1,Round 1,4,P1097,,,,
2008-s4-B-PO-R1-M5,2008-s4-B,2008-s4,B,1,Round 1,5,P1127,,,,
2008-s4-B-PO-R1-M6,2008-s4-B,2008-s4,B,1,Round 1,6,P0947,,,,
2008-s4-B-PO-R1-M7,2008-s4-B,2008-s4,B,1,Round 1,7,P0949,,,,
2008-s4-B-PO-R1-M8,2008-s4-B,2008-s4,B,1,Round 1,8,P1106,,,,
2008-s4-B-PO-R1-M9,2008-s4-B,2008-s4,B,1,Round 1,9,P0928,,,,
2008-s4-B-PO-R1-M10,2008-s4-B,2008-s4,B,1,Round 1,10,P1099,P1023,,,
2008-s4-B-PO-R1-M11,2008-s4-B,2008-s4,B,1,Round 1,11,P1008,,,,
2008-s4-B-PO-R1-M12,2008-s4-B,2008-s4,B,1,Round 1,12,P1004,,,,
2008-s4-B-PO-R1-M13,2008-s4-B,2008-s4,B,1,Round 1,13,P1033,,,,
2008-s4-B-PO-R1-M14,2008-s4-B,2008-s4,B,1,Round 1,14,P1091,,,,
2008-s4-B-PO-R1-M15,2008-s4-B,2008-s4,B,1,Round 1,15,P1113,,,,
2008-s4-B-PO-R1-M16,2008-s4-B,2008-s4,B,1,Round 1,16,P1036,,,,
2008-s5-A-PO-R1-M1,2008-s5-A,2008-s5,A,1,Round 1,1,P0512,,,,
2008-s5-A-PO-R1-M2,2008-s5-A,2008-s5,A,1,Round 1,2,P0858,P0491,,,
2008-s5-A-PO-R1-M3,2008-s5-A,2008-s5,A,1,Round 1,3,P1105,,,,
2008-s5-A-PO-R1-M4,2008-s5-A,2008-s5,A,1,Round 1,4,P0707,P1045,,,
2008-s5-A-PO-R1-M5,2008-s5-A,2008-s5,A,1,Round 1,5,P0949,,,,
2008-s5-A-PO-R1-M6,2008-s5-A,2008-s5,A,1,Round 1,6,P0996,P1138,,,
2008-s5-A-PO-R1-M7,2008-s5-A,2008-s5,A,1,Round 1,7,P0607,,,,
2008-s5-A-PO-R1-M8,2008-s5-A,2008-s5,A,1,Round 1,8,P0969,P0616,,,
2008-s5-A-PO-R1-M9,2008-s5-A,2008-s5,A,1,Round 1,9,P0029,,,,
2008-s5-A-PO-R1-M10,2008-s5-A,2008-s5,A,1,Round 1,10,P1022,P0999,,,
2008-s5-A-PO-R1-M11,2008-s5-A,2008-s5,A,1,Round 1,11,P0764,,,,
2008-s5-A-PO-R1-M12,2008-s5-A,2008-s5,A,1,Round 1,12,P1037,P0974,,,
2008-s5-A-PO-R1-M13,2008-s5-A,2008-s5,A,1,Round 1,13,P1088,,,,
2008-s5-A-PO-R1-M14,2008-s5-A,2008-s5,A,1,Round 1,14,P1158,P1014,,,
2008-s5-A-PO-R1-M15,2008-s5-A,2008-s5,A,1,Round 1,15,P1002,,,,
2008-s5-A-PO-R1-M16,2008-s5-A,2008-s5,A,1,Round 1,16,P1013,P1166,,,
2008-s5-B-PO-R1-M1,2008-s5-B,2008-s5,B,1,Round 1,1,P1025,,,,
2008-s5-B-PO-R1-M2,2008-s5-B,2008-s5,B,1,Round 1,2,P1108,P0952,,,
2008-s5-B-PO-R1-M3,2008-s5-B,2008-s5,B,1,Round 1,3,P1167,,,,
2008-s5-B-PO-R1-M4,2008-s5-B,2008-s5,B,1,Round 1,4,P1048,,,,
2008-s5-B-PO-R1-M5,2008-s5-B,2008-s5,B,1,Round 1,5,P1134,,,,
2008-s5-B-PO-R1-M6,2008-s5-B,2008-s5,B,1,Round 1,6,P1053,P1160,,,
2008-s5-B-PO-R1-M7,2008-s5-B,2008-s5,B,1,Round 1,7,P1123,,,,
2008-s5-B-PO-R1-M8,2008-s5-B,2008-s5,B,1,Round 1,8,P1091,P1050,,,
2008-s5-B-PO-R1-M9,2008-s5-B,2008-s5,B,1,Round 1,9,P1008,,,,
2008-s5-B-PO-R1-M10,2008-s5-B,2008-s5,B,1,Round 1,10,P1005,P1057,,,
2008-s5-B-PO-R1-M11,2008-s5-B,2008-s5,B,1,Round 1,11,P1151,,,,
2008-s5-B-PO-R1-M12,2008-s5-B,2008-s5,B,1,Round 1,12,P0938,,,,
2008-s5-B-PO-R1-M13,2008-s5-B,2008-s5,B,1,Round 1,13,P0327,,,,
2008-s5-B-PO-R1-M14,2008-s5-B,2008-s5,B,1,Round 1,14,P1060,P1098,,,
2008-s5-B-PO-R1-M15,2008-s5-B,2008-s5,B,1,Round 1,15,P1112,,,,
2008-s5-B-PO-R1-M16,2008-s5-B,2008-s5,B,1,Round 1,16,P1046,,,,
2009-s1-A-PO-R1-M1,2009-s1-A,2009-s1,A,1,Round 1,1,P1002,,,,
2009-s1-A-PO-R1-M2,2009-s1-A,2009-s1,A,1,Round 1,2,P1294,P0672,,,
2009-s1-A-PO-R1-M3,2009-s1-A,2009-s1,A,1,Round 1,3,P1085,P0607,,,
2009-s1-A-PO-R1-M4,2009-s1-A,2009-s1,A,1,Round 1,4,P0491,P1054,,,
2009-s1-A-PO-R1-M5,2009-s1-A,2009-s1,A,1,Round 1,5,P0512,,,,
2009-s1-A-PO-R1-M6,2009-s1-A,2009-s1,A,1,Round 1,6,P1292,P0558,,,
2009-s1-A-PO-R1-M7,2009-s1-A,2009-s1,A,1,Round 1,7,P0951,,,,
2009-s1-A-PO-R1-M8,2009-s1-A,2009-s1,A,1,Round 1,8,P1205,P0140,,,
2009-s1-A-PO-R1-M9,2009-s1-A,2009-s1,A,1,Round 1,9,P1368,,,,
2009-s1-A-PO-R1-M10,2009-s1-A,2009-s1,A,1,Round 1,10,P1022,P1330,,,
2009-s1-A-PO-R1-M11,2009-s1-A,2009-s1,A,1,Round 1,11,P1088,P1074,,,
2009-s1-A-PO-R1-M12,2009-s1-A,2009-s1,A,1,Round 1,12,P0858,P1194,,,
2009-s1-A-PO-R1-M13,2009-s1-A,2009-s1,A,1,Round 1,13,P0984,,,,
2009-s1-A-PO-R1-M14,2009-s1-A,2009-s1,A,1,Round 1,14,P1360,P0707,,,
2009-s1-A-PO-R1-M15,2009-s1-A,2009-s1,A,1,Round 1,15,P0029,P1284,,,
2009-s1-A-PO-R1-M16,2009-s1-A,2009-s1,A,1,Round 1,16,P0969,P0764,,,
2009-s1-B-PO-R1-M1,2009-s1-B,2009-s1,B,1,Round 1,1,P1289,,,,
2009-s1-B-PO-R1-M2,2009-s1-B,2009-s1,B,1,Round 1,2,P1290,P0431,,,
2009-s1-B-PO-R1-M3,2009-s1-B,2009-s1,B,1,Round 1,3,P1167,,,,
2009-s1-B-PO-R1-M4,2009-s1-B,2009-s1,B,1,Round 1,4,P1230,,,,
2009-s1-B-PO-R1-M5,2009-s1-B,2009-s1,B,1,Round 1,5,P1196,,,,
2009-s1-B-PO-R1-M6,2009-s1-B,2009-s1,B,1,Round 1,6,P1096,P1185,,,
2009-s1-B-PO-R1-M7,2009-s1-B,2009-s1,B,1,Round 1,7,P0870,,,,
2009-s1-B-PO-R1-M8,2009-s1-B,2009-s1,B,1,Round 1,8,P1195,P0772,,,
2009-s1-B-PO-R1-M9,2009-s1-B,2009-s1,B,1,Round 1,9,P1371,,,,
2009-s1-B-PO-R1-M10,2009-s1-B,2009-s1,B,1,Round 1,10,P1005,P1204,,,
2009-s1-B-PO-R1-M11,2009-s1-B,2009-s1,B,1,Round 1,11,P1347,,,,
2009-s1-B-PO-R1-M12,2009-s1-B,2009-s1,B,1,Round 1,12,P0999,P1184,,,
2009-s1-B-PO-R1-M13,2009-s1-B,2009-s1,B,1,Round 1,13,P1127,,,,
2009-s1-B-PO-R1-M14,2009-s1-B,2009-s1,B,1,Round 1,14,P1032,P0907,,,
2009-s1-B-PO-R1-M15,2009-s1-B,2009-s1,B,1,Round 1,15,P1351,,,,
2009-s1-B-PO-R1-M16,2009-s1-B,2009-s1,B,1,Round 1,16,P0344,P1278,,,
2009-s2-A-PO-R1-M1,2009-s2-A,2009-s2,A,1,Round 1,1,P1318,,,,
2009-s2-A-PO-R1-M2,2009-s2-A,2009-s2,A,1,Round 1,2,P1381,P1223,,,
2009-s2-A-PO-R1-M3,2009-s2-A,2009-s2,A,1,Round 1,3,P0748,P0950,,,
2009-s2-A-PO-R1-M4,2009-s2-A,2009-s2,A,1,Round 1,4,P1368,P1266,,,
2009-s2-A-PO-R1-M5,2009-s2-A,2009-s2,A,1,Round 1,5,P1380,,,,
2009-s2-A-PO-R1-M6,2009-s2-A,2009-s2,A,1,Round 1,6,P0962,P1293,,,
2009-s2-A-PO-R1-M7,2009-s2-A,2009-s2,A,1,Round 1,7,P1296,,,,
2009-s2-A-PO-R1-M8,2009-s2-A,2009-s2,A,1,Round 1,8,P0366,P1340,,,
2009-s2-A-PO-R1-M9,2009-s2-A,2009-s2,A,1,Round 1,9,P1312,,,,
2009-s2-A-PO-R1-M10,2009-s2-A,2009-s2,A,1,Round 1,10,P1093,P0858,,,
2009-s2-A-PO-R1-M11,2009-s2-A,2009-s2,A,1,Round 1,11,P1232,P1326,,,
2009-s2-A-PO-R1-M12,2009-s2-A,2009-s2,A,1,Round 1,12,P0707,P0764,,,
2009-s2-A-PO-R1-M13,2009-s2-A,2009-s2,A,1,Round 1,13,P0984,,,,
2009-s2-A-PO-R1-M14,2009-s2-A,2009-s2,A,1,Round 1,14,P1088,P1390,,,
2009-s2-A-PO-R1-M15,2009-s2-A,2009-s2,A,1,Round 1,15,P1304,P1231,,,
2009-s2-A-PO-R1-M16,2009-s2-A,2009-s2,A,1,Round 1,16,P0196,P0512,,,
2009-s2-B-PO-R1-M1,2009-s2-B,2009-s2,B,1,Round 1,1,P1300,,,,
2009-s2-B-PO-R1-M2,2009-s2-B,2009-s2,B,1,Round 1,2,P1373,P1346,,,
2009-s2-B-PO-R1-M3,2009-s2-B,2009-s2,B,1,Round 1,3,P1229,,,,
2009-s2-B-PO-R1-M4,2009-s2-B,2009-s2,B,1,Round 1,4,P0217,,,,
2009-s2-B-PO-R1-M5,2009-s2-B,2009-s2,B,1,Round 1,5,P0870,,,,
2009-s2-B-PO-R1-M6,2009-s2-B,2009-s2,B,1,Round 1,6,P1187,P1273,,,
2009-s2-B-PO-R1-M7,2009-s2-B,2009-s2,B,1,Round 1,7,P1197,,,,
2009-s2-B-PO-R1-M8,2009-s2-B,2009-s2,B,1,Round 1,8,P1287,P1372,,,
2009-s2-B-PO-R1-M9,2009-s2-B,2009-s2,B,1,Round 1,9,P1322,,,,
2009-s2-B-PO-R1-M10,2009-s2-B,2009-s2,B,1,Round 1,10,P1282,P1247,,,
2009-s2-B-PO-R1-M11,2009-s2-B,2009-s2,B,1,Round 1,11,P1265,,,,
2009-s2-B-PO-R1-M12,2009-s2-B,2009-s2,B,1,Round 1,12,P1147,P1288,,,
2009-s2-B-PO-R1-M13,2009-s2-B,2009-s2,B,1,Round 1,13,P1344,,,,
2009-s2-B-PO-R1-M14,2009-s2-B,2009-s2,B,1,Round 1,14,P1355,P1217,,,
2009-s2-B-PO-R1-M15,2009-s2-B,2009-s2,B,1,Round 1,15,P1130,,,,
2009-s2-B-PO-R1-M16,2009-s2-B,2009-s2,B,1,Round 1,16,P1347,P1320,,,
2009-s3-A-PO-R1-M1,2009-s3-A,2009-s3,A,1,Round 1,1,P1368,,,,
2009-s3-A-PO-R1-M2,2009-s3-A,2009-s3,A,1,Round 1,2,P0847,P0748,,,
2009-s3-A-PO-R1-M3,2009-s3-A,2009-s3,A,1,Round 1,3,P0073,P0617,,,
2009-s3-A-PO-R1-M4,2009-s3-A,2009-s3,A,1,Round 1,4,P1289,P0078,,,
2009-s3-A-PO-R1-M5,2009-s3-A,2009-s3,A,1,Round 1,5,P1304,,,,
2009-s3-A-PO-R1-M6,2009-s3-A,2009-s3,A,1,Round 1,6,P1227,P1234,,,
2009-s3-A-PO-R1-M7,2009-s3-A,2009-s3,A,1,Round 1,7,P1075,,,,
2009-s3-A-PO-R1-M8,2009-s3-A,2009-s3,A,1,Round 1,8,P0029,P1343,,,
2009-s3-A-PO-R1-M9,2009-s3-A,2009-s3,A,1,Round 1,9,P1193,,,,
2009-s3-A-PO-R1-M10,2009-s3-A,2009-s3,A,1,Round 1,10,P1103,P0658,,,
2009-s3-A-PO-R1-M11,2009-s3-A,2009-s3,A,1,Round 1,11,P1172,P0951,,,
2009-s3-A-PO-R1-M12,2009-s3-A,2009-s3,A,1,Round 1,12,P0962,P0757,,,
2009-s3-A-PO-R1-M13,2009-s3-A,2009-s3,A,1,Round 1,13,P0140,,,,
2009-s3-A-PO-R1-M14,2009-s3-A,2009-s3,A,1,Round 1,14,P1380,P1034,,,
2009-s3-A-PO-R1-M15,2009-s3-A,2009-s3,A,1,Round 1,15,P0969,,,,
2009-s3-A-PO-R1-M16,2009-s3-A,2009-s3,A,1,Round 1,16,P0707,P1327,,,
2009-s3-B-PO-R1-M1,2009-s3-B,2009-s3,B,1,Round 1,1,P1340,,,,
2009-s3-B-PO-R1-M2,2009-s3-B,2009-s3,B,1,Round 1,2,P1216,P1274,,,
2009-s3-B-PO-R1-M3,2009-s3-B,2009-s3,B,1,Round 1,3,P0431,,,,
2009-s3-B-PO-R1-M4,2009-s3-B,2009-s3,B,1,Round 1,4,P1282,,,,
2009-s3-B-PO-R1-M5,2009-s3-B,2009-s3,B,1,Round 1,5,P0820,,,,
2009-s3-B-PO-R1-M6,2009-s3-B,2009-s3,B,1,Round 1,6,P1179,,,,
2009-s3-B-PO-R1-M7,2009-s3-B,2009-s3,B,1,Round 1,7,P1355,,,,
2009-s3-B-PO-R1-M8,2009-s3-B,2009-s3,B,1,Round 1,8,P0772,,,,
2009-s3-B-PO-R1-M9,2009-s3-B,2009-s3,B,1,Round 1,9,P1332,,,,
2009-s3-B-PO-R1-M10,2009-s3-B,2009-s3,B,1,Round 1,10,P1269,,,,
2009-s3-B-PO-R1-M11,2009-s3-B,2009-s3,B,1,Round 1,11,P1167,,,,
2009-s3-B-PO-R1-M12,2009-s3-B,2009-s3,B,1,Round 1,12,P1106,,,,
2009-s3-B-PO-R1-M13,2009-s3-B,2009-s3,B,1,Round 1,13,P1353,,,,
2009-s3-B-PO-R1-M14,2009-s3-B,2009-s3,B,1,Round 1,14,P1187,P1371,,,
2009-s3-B-PO-R1-M15,2009-s3-B,2009-s3,B,1,Round 1,15,P1224,,,,
2009-s3-B-PO-R1-M16,2009-s3-B,2009-s3,B,1,Round 1,16,P1225,,,,
2009-s4-A-PO-R1-M1,2009-s4-A,2009-s4,A,1,Round 1,1,P0951,,,,
2009-s4-A-PO-R1-M2,2009-s4-A,2009-s4,A,1,Round 1,2,P1339,P0140,,,
2009-s4-A-PO-R1-M3,2009-s4-A,2009-s4,A,1,Round 1,3,P1213,P1334,,,
2009-s4-A-PO-R1-M4,2009-s4-A,2009-s4,A,1,Round 1,4,P0711,P1193,,,
2009-s4-A-PO-R1-M5,2009-s4-A,2009-s4,A,1,Round 1,5,P0658,,,,
2009-s4-A-PO-R1-M6,2009-s4-A,2009-s4,A,1,Round 1,6,P1289,P1272,,,
2009-s4-A-PO-R1-M7,2009-s4-A,2009-s4,A,1,Round 1,7,P1268,,,,
2009-s4-A-PO-R1-M8,2009-s4-A,2009-s4,A,1,Round 1,8,P1301,P1063,,,
2009-s4-A-PO-R1-M9,2009-s4-A,2009-s4,A,1,Round 1,9,P0697,,,,
2009-s4-A-PO-R1-M10,2009-s4-A,2009-s4,A,1,Round 1,10,P1336,P1300,,,
2009-s4-A-PO-R1-M11,2009-s4-A,2009-s4,A,1,Round 1,11,P1281,P0984,,,
2009-s4-A-PO-R1-M12,2009-s4-A,2009-s4,A,1,Round 1,12,P1172,P0296,,,
2009-s4-A-PO-R1-M13,2009-s4-A,2009-s4,A,1,Round 1,13,P1369,,,,
2009-s4-A-PO-R1-M14,2009-s4-A,2009-s4,A,1,Round 1,14,P1353,P1380,,,
2009-s4-A-PO-R1-M15,2009-s4-A,2009-s4,A,1,Round 1,15,P1198,,,,
2009-s4-A-PO-R1-M16,2009-s4-A,2009-s4,A,1,Round 1,16,P1261,P1327,,,
2009-s4-B-PO-R1-M1,2009-s4-B,2009-s4,B,1,Round 1,1,P1371,,,,
2009-s4-B-PO-R1-M2,2009-s4-B,2009-s4,B,1,Round 1,2,P1314,P1211,,,
2009-s4-B-PO-R1-M3,2009-s4-B,2009-s4,B,1,Round 1,3,P1276,,,,
2009-s4-B-PO-R1-M4,2009-s4-B,2009-s4,B,1,Round 1,4,P1285,,,,
2009-s4-B-PO-R1-M5,2009-s4-B,2009-s4,B,1,Round 1,5,P0772,,,,
2009-s4-B-PO-R1-M6,2009-s4-B,2009-s4,B,1,Round 1,6,P1319,,,,
2009-s4-B-PO-R1-M7,2009-s4-B,2009-s4,B,1,Round 1,7,P1234,,,,
2009-s4-B-PO-R1-M8,2009-s4-B,2009-s4,B,1,Round 1,8,P1374,,,,
2009-s4-B-PO-R1-M9,2009-s4-B,2009-s4,B,1,Round 1,9,P1188,,,,
2009-s4-B-PO-R1-M10,2009-s4-B,2009-s4,B,1,Round 1,10,P1181,,,,
2009-s4-B-PO-R1-M11,2009-s4-B,2009-s4,B,1,Round 1,11,P0327,,,,
2009-s4-B-PO-R1-M12,2009-s4-B,2009-s4,B,1,Round 1,12,P1214,,,,
2009-s4-B-PO-R1-M13,2009-s4-B,2009-s4,B,1,Round 1,13,P0344,,,,
2009-s4-B-PO-R1-M14,2009-s4-B,2009-s4,B,1,Round 1,14,P1264,,,,
2009-s4-B-PO-R1-M15,2009-s4-B,2009-s4,B,1,Round 1,15,P1328,,,,
2009-s4-B-PO-R1-M16,2009-s4-B,2009-s4,B,1,Round 1,16,P1200,,,,
2009-s5-A-PO-R1-M1,2009-s5-A,2009-s5,A,1,Round 1,1,P1334,,,,
2009-s5-A-PO-R1-M2,2009-s5-A,2009-s5,A,1,Round 1,2,P1390,P1014,,,
2009-s5-A-PO-R1-M3,2009-s5-A,2009-s5,A,1,Round 1,3,P0658,P1314,,,
2009-s5-A-PO-R1-M4,2009-s5-A,2009-s5,A,1,Round 1,4,P1223,P0273,,,
2009-s5-A-PO-R1-M5,2009-s5-A,2009-s5,A,1,Round 1,5,P1337,,,,
2009-s5-A-PO-R1-M6,2009-s5-A,2009-s5,A,1,Round 1,6,P1338,P1088,,,
2009-s5-A-PO-R1-M7,2009-s5-A,2009-s5,A,1,Round 1,7,P1030,P0051,,,
2009-s5-A-PO-R1-M8,2009-s5-A,2009-s5,A,1,Round 1,8,P1369,P0711,,,
2009-s5-A-PO-R1-M9,2009-s5-A,2009-s5,A,1,Round 1,9,P0073,,,,
2009-s5-A-PO-R1-M10,2009-s5-A,2009-s5,A,1,Round 1,10,P0772,P1380,,,
2009-s5-A-PO-R1-M11,2009-s5-A,2009-s5,A,1,Round 1,11,P0764,P1350,,,
2009-s5-A-PO-R1-M12,2009-s5-A,2009-s5,A,1,Round 1,12,P1335,P1172,,,
2009-s5-A-PO-R1-M13,2009-s5-A,2009-s5,A,1,Round 1,13,P0707,,,,
2009-s5-A-PO-R1-M14,2009-s5-A,2009-s5,A,1,Round 1,14,P1180,P0491,,,
2009-s5-A-PO-R1-M15,2009-s5-A,2009-s5,A,1,Round 1,15,P1251,P0951,,,
2009-s5-A-PO-R1-M16,2009-s5-A,2009-s5,A,1,Round 1,16,P1389,P0368,,,
2009-s5-B-PO-R1-M1,2009-s5-B,2009-s5,B,1,Round 1,1,P1053,,,,
2009-s5-B-PO-R1-M2,2009-s5-B,2009-s5,B,1,Round 1,2,P1359,P1258,,,
2009-s5-B-PO-R1-M3,2009-s5-B,2009-s5,B,1,Round 1,3,P0217,,,,
2009-s5-B-PO-R1-M4,2009-s5-B,2009-s5,B,1,Round 1,4,P1371,,,,
2009-s5-B-PO-R1-M5,2009-s5-B,2009-s5,B,1,Round 1,5,P1240,,,,
2009-s5-B-PO-R1-M6,2009-s5-B,2009-s5,B,1,Round 1,6,P1271,,,,
2009-s5-B-PO-R1-M7,2009-s5-B,2009-s5,B,1,Round 1,7,P1189,,,,
2009-s5-B-PO-R1-M8,2009-s5-B,2009-s5,B,1,Round 1,8,P1249,,,,
2009-s5-B-PO-R1-M9,2009-s5-B,2009-s5,B,1,Round 1,9,P0327,,,,
2009-s5-B-PO-R1-M10,2009-s5-B,2009-s5,B,1,Round 1,10,P1201,P1313,,,
2009-s5-B-PO-R1-M11,2009-s5-B,2009-s5,B,1,Round 1,11,P1211,,,,
2009-s5-B-PO-R1-M12,2009-s5-B,2009-s5,B,1,Round 1,12,P1317,,,,
2009-s5-B-PO-R1-M13,2009-s5-B,2009-s5,B,1,Round 1,13,P1270,,,,
2009-s5-B-PO-R1-M14,2009-s5-B,2009-s5,B,1,Round 1,14,P1319,,,,
2009-s5-B-PO-R1-M15,2009-s5-B,2009-s5,B,1,Round 1,15,P1374,,,,
2009-s5-B-PO-R1-M16,2009-s5-B,2009-s5,B,1,Round 1,16,P1199,,,,
2009-s6-A-PO-R1-M1,2009-s6-A,2009-s6,A,1,Round 1,1,P0951,,,,
2009-s6-A-PO-R1-M2,2009-s6-A,2009-s6,A,1,Round 1,2,P1380,P1382,,,
2009-s6-A-PO-R1-M3,2009-s6-A,2009-s6,A,1,Round 1,3,P1226,P1063,,,
2009-s6-A-PO-R1-M4,2009-s6-A,2009-s6,A,1,Round 1,4,P0073,P1283,,,
2009-s6-A-PO-R1-M5,2009-s6-A,2009-s6,A,1,Round 1,5,P0984,,,,
2009-s6-A-PO-R1-M6,2009-s6-A,2009-s6,A,1,Round 1,6,P1075,P1096,,,
2009-s6-A-PO-R1-M7,2009-s6-A,2009-s6,A,1,Round 1,7,P1251,,,,
2009-s6-A-PO-R1-M8,2009-s6-A,2009-s6,A,1,Round 1,8,P1215,P1350,,,
2009-s6-A-PO-R1-M9,2009-s6-A,2009-s6,A,1,Round 1,9,P0672,,,,
2009-s6-A-PO-R1-M10,2009-s6-A,2009-s6,A,1,Round 1,10,P0658,P1030,,,
2009-s6-A-PO-R1-M11,2009-s6-A,2009-s6,A,1,Round 1,11,P0029,P1300,,,
2009-s6-A-PO-R1-M12,2009-s6-A,2009-s6,A,1,Round 1,12,P1334,P1348,,,
2009-s6-A-PO-R1-M13,2009-s6-A,2009-s6,A,1,Round 1,13,P1088,,,,
2009-s6-A-PO-R1-M14,2009-s6-A,2009-s6,A,1,Round 1,14,P1270,P0772,,,
2009-s6-A-PO-R1-M15,2009-s6-A,2009-s6,A,1,Round 1,15,P0140,,,,
2009-s6-A-PO-R1-M16,2009-s6-A,2009-s6,A,1,Round 1,16,P0962,P0948,,,
2009-s6-B-PO-R1-M1,2009-s6-B,2009-s6,B,1,Round 1,1,P0248,,,,
2009-s6-B-PO-R1-M2,2009-s6-B,2009-s6,B,1,Round 1,2,P1228,P1200,,,
2009-s6-B-PO-R1-M3,2009-s6-B,2009-s6,B,1,Round 1,3,P1262,,,,
2009-s6-B-PO-R1-M4,2009-s6-B,2009-s6,B,1,Round 1,4,P1199,,,,
2009-s6-B-PO-R1-M5,2009-s6-B,2009-s6,B,1,Round 1,5,P1246,,,,
2009-s6-B-PO-R1-M6,2009-s6-B,2009-s6,B,1,Round 1,6,P1264,,,,
2009-s6-B-PO-R1-M7,2009-s6-B,2009-s6,B,1,Round 1,7,P1321,,,,
2009-s6-B-PO-R1-M8,2009-s6-B,2009-s6,B,1,Round 1,8,P1286,,,,
2009-s6-B-PO-R1-M9,2009-s6-B,2009-s6,B,1,Round 1,9,P1239,,,,
2009-s6-B-PO-R1-M10,2009-s6-B,2009-s6,B,1,Round 1,10,P1363,P1342,,,
2009-s6-B-PO-R1-M11,2009-s6-B,2009-s6,B,1,Round 1,11,P1097,,,,
2009-s6-B-PO-R1-M12,2009-s6-B,2009-s6,B,1,Round 1,12,P1250,,,,
2009-s6-B-PO-R1-M13,2009-s6-B,2009-s6,B,1,Round 1,13,P1277,,,,
2009-s6-B-PO-R1-M14,2009-s6-B,2009-s6,B,1,Round 1,14,P0217,,,,
2009-s6-B-PO-R1-M15,2009-s6-B,2009-s6,B,1,Round 1,15,P0296,,,,
2009-s6-B-PO-R1-M16,2009-s6-B,2009-s6,B,1,Round 1,16,P1106,,,,
2010-s1-A-PO-R1-M1,2010-s1-A,2010-s1,A,1,Round 1,1,P0672,,,,
2010-s1-A-PO-R1-M2,2010-s1-A,2010-s1,A,1,Round 1,2,P1334,P0658,,,
2010-s1-A-PO-R1-M3,2010-s1-A,2010-s1,A,1,Round 1,3,P1426,P1450,,,
2010-s1-A-PO-R1-M4,2010-s1-A,2010-s1,A,1,Round 1,4,P1075,P0969,,,
2010-s1-A-PO-R1-M5,2010-s1-A,2010-s1,A,1,Round 1,5,P1545,P1496,,,
2010-s1-A-PO-R1-M6,2010-s1-A,2010-s1,A,1,Round 1,6,P1063,P1088,,,
2010-s1-A-PO-R1-M7,2010-s1-A,2010-s1,A,1,Round 1,7,P0029,P1554,,,
2010-s1-A-PO-R1-M8,2010-s1-A,2010-s1,A,1,Round 1,8,P1530,P0853,,,
2010-s1-A-PO-R1-M9,2010-s1-A,2010-s1,A,1,Round 1,9,P1340,,,,
2010-s1-A-PO-R1-M10,2010-s1-A,2010-s1,A,1,Round 1,10,P0140,P1249,,,
2010-s1-A-PO-R1-M11,2010-s1-A,2010-s1,A,1,Round 1,11,P1514,P1300,,,
2010-s1-A-PO-R1-M12,2010-s1-A,2010-s1,A,1,Round 1,12,P1215,P1425,,,
2010-s1-A-PO-R1-M13,2010-s1-A,2010-s1,A,1,Round 1,13,P1521,P1491,,,
2010-s1-A-PO-R1-M14,2010-s1-A,2010-s1,A,1,Round 1,14,P1564,P1380,,,
2010-s1-A-PO-R1-M15,2010-s1-A,2010-s1,A,1,Round 1,15,P1233,P1096,,,
2010-s1-A-PO-R1-M16,2010-s1-A,2010-s1,A,1,Round 1,16,P1441,P1429,,,
2010-s1-B-PO-R1-M1,2010-s1-B,2010-s1,B,1,Round 1,1,P1328,,,,
2010-s1-B-PO-R1-M2,2010-s1-B,2010-s1,B,1,Round 1,2,P0205,P0217,,,
2010-s1-B-PO-R1-M3,2010-s1-B,2010-s1,B,1,Round 1,3,P1199,,,,
2010-s1-B-PO-R1-M4,2010-s1-B,2010-s1,B,1,Round 1,4,P1506,,,,
2010-s1-B-PO-R1-M5,2010-s1-B,2010-s1,B,1,Round 1,5,P1182,,,,
2010-s1-B-PO-R1-M6,2010-s1-B,2010-s1,B,1,Round 1,6,P1416,,,,
2010-s1-B-PO-R1-M7,2010-s1-B,2010-s1,B,1,Round 1,7,P1414,,,,
2010-s1-B-PO-R1-M8,2010-s1-B,2010-s1,B,1,Round 1,8,P0344,,,,
2010-s1-B-PO-R1-M9,2010-s1-B,2010-s1,B,1,Round 1,9,P1420,,,,
2010-s1-B-PO-R1-M10,2010-s1-B,2010-s1,B,1,Round 1,10,P1422,P1313,,,
2010-s1-B-PO-R1-M11,2010-s1-B,2010-s1,B,1,Round 1,11,P1525,,,,
2010-s1-B-PO-R1-M12,2010-s1-B,2010-s1,B,1,Round 1,12,P1392,,,,
2010-s1-B-PO-R1-M13,2010-s1-B,2010-s1,B,1,Round 1,13,P0064,,,,
2010-s1-B-PO-R1-M14,2010-s1-B,2010-s1,B,1,Round 1,14,P1264,,,,
2010-s1-B-PO-R1-M15,2010-s1-B,2010-s1,B,1,Round 1,15,P1218,,,,
2010-s1-B-PO-R1-M16,2010-s1-B,2010-s1,B,1,Round 1,16,P0841,,,,
2010-s2-A-PO-R1-M1,2010-s2-A,2010-s2,A,1,Round 1,1,P1334,,,,
2010-s2-A-PO-R1-M2,2010-s2-A,2010-s2,A,1,Round 1,2,P1380,P1300,,,
2010-s2-A-PO-R1-M3,2010-s2-A,2010-s2,A,1,Round 1,3,P1022,P1397,,,
2010-s2-A-PO-R1-M4,2010-s2-A,2010-s2,A,1,Round 1,4,P0010,P1420,,,
2010-s2-A-PO-R1-M5,2010-s2-A,2010-s2,A,1,Round 1,5,P1434,,,,
2010-s2-A-PO-R1-M6,2010-s2-A,2010-s2,A,1,Round 1,6,P0951,P0757,,,
2010-s2-A-PO-R1-M7,2010-s2-A,2010-s2,A,1,Round 1,7,P1459,P1497,,,
2010-s2-A-PO-R1-M8,2010-s2-A,2010-s2,A,1,Round 1,8,P0101,P1148,,,
2010-s2-A-PO-R1-M9,2010-s2-A,2010-s2,A,1,Round 1,9,P0672,,,,
2010-s2-A-PO-R1-M10,2010-s2-A,2010-s2,A,1,Round 1,10,P1565,P1562,,,
2010-s2-A-PO-R1-M11,2010-s2-A,2010-s2,A,1,Round 1,11,P1318,P1088,,,
2010-s2-A-PO-R1-M12,2010-s2-A,2010-s2,A,1,Round 1,12,P1340,P1518,,,
2010-s2-A-PO-R1-M13,2010-s2-A,2010-s2,A,1,Round 1,13,P1441,,,,
2010-s2-A-PO-R1-M14,2010-s2-A,2010-s2,A,1,Round 1,14,P0988,P1425,,,
2010-s2-A-PO-R1-M15,2010-s2-A,2010-s2,A,1,Round 1,15,P0140,P1436,,,
2010-s2-A-PO-R1-M16,2010-s2-A,2010-s2,A,1,Round 1,16,P0073,P1557,,,
2010-s2-B-PO-R1-M1,2010-s2-B,2010-s2,B,1,Round 1,1,P1398,,,,
2010-s2-B-PO-R1-M2,2010-s2-B,2010-s2,B,1,Round 1,2,P1476,P1505,,,
2010-s2-B-PO-R1-M3,2010-s2-B,2010-s2,B,1,Round 1,3,P1495,,,,
2010-s2-B-PO-R1-M4,2010-s2-B,2010-s2,B,1,Round 1,4,P1435,,,,
2010-s2-B-PO-R1-M5,2010-s2-B,2010-s2,B,1,Round 1,5,P1516,,,,
2010-s2-B-PO-R1-M6,2010-s2-B,2010-s2,B,1,Round 1,6,P1482,P1463,,,
2010-s2-B-PO-R1-M7,2010-s2-B,2010-s2,B,1,Round 1,7,P1138,,,,
2010-s2-B-PO-R1-M8,2010-s2-B,2010-s2,B,1,Round 1,8,P1447,,,,
2010-s2-B-PO-R1-M9,2010-s2-B,2010-s2,B,1,Round 1,9,P1432,,,,
2010-s2-B-PO-R1-M10,2010-s2-B,2010-s2,B,1,Round 1,10,P1523,P1529,,,
2010-s2-B-PO-R1-M11,2010-s2-B,2010-s2,B,1,Round 1,11,P1419,,,,
2010-s2-B-PO-R1-M12,2010-s2-B,2010-s2,B,1,Round 1,12,P1478,,,,
2010-s2-B-PO-R1-M13,2010-s2-B,2010-s2,B,1,Round 1,13,P1460,,,,
2010-s2-B-PO-R1-M14,2010-s2-B,2010-s2,B,1,Round 1,14,P1113,P1400,,,
2010-s2-B-PO-R1-M15,2010-s2-B,2010-s2,B,1,Round 1,15,P1483,,,,
2010-s2-B-PO-R1-M16,2010-s2-B,2010-s2,B,1,Round 1,16,P1535,,,,
2010-s3-A-PO-R1-M1,2010-s3-A,2010-s3,A,1,Round 1,1,P1022,,,,
2010-s3-A-PO-R1-M2,2010-s3-A,2010-s3,A,1,Round 1,2,P1451,P1304,,,
2010-s3-A-PO-R1-M3,2010-s3-A,2010-s3,A,1,Round 1,3,P0951,P1498,,,
2010-s3-A-PO-R1-M4,2010-s3-A,2010-s3,A,1,Round 1,4,P1249,P1441,,,
2010-s3-A-PO-R1-M5,2010-s3-A,2010-s3,A,1,Round 1,5,P1262,,,,
2010-s3-A-PO-R1-M6,2010-s3-A,2010-s3,A,1,Round 1,6,P1300,P1539,,,
2010-s3-A-PO-R1-M7,2010-s3-A,2010-s3,A,1,Round 1,7,P0073,P1312,,,
2010-s3-A-PO-R1-M8,2010-s3-A,2010-s3,A,1,Round 1,8,P1528,P1415,,,
2010-s3-A-PO-R1-M9,2010-s3-A,2010-s3,A,1,Round 1,9,P0672,,,,
2010-s3-A-PO-R1-M10,2010-s3-A,2010-s3,A,1,Round 1,10,P1483,P1393,,,
2010-s3-A-PO-R1-M11,2010-s3-A,2010-s3,A,1,Round 1,11,P0689,P1096,,,
2010-s3-A-PO-R1-M12,2010-s3-A,2010-s3,A,1,Round 1,12,P1515,P1475,,,
2010-s3-A-PO-R1-M13,2010-s3-A,2010-s3,A,1,Round 1,13,P1334,,,,
2010-s3-A-PO-R1-M14,2010-s3-A,2010-s3,A,1,Round 1,14,P1520,P1148,,,
2010-s3-A-PO-R1-M15,2010-s3-A,2010-s3,A,1,Round 1,15,P1425,P1517,,,
2010-s3-A-PO-R1-M16,2010-s3-A,2010-s3,A,1,Round 1,16,P0969,P1399,,,
2010-s3-B-PO-R1-M1,2010-s3-B,2010-s3,B,1,Round 1,1,P1419,,,,
2010-s3-B-PO-R1-M2,2010-s3-B,2010-s3,B,1,Round 1,2,P1429,P1468,,,
2010-s3-B-PO-R1-M3,2010-s3-B,2010-s3,B,1,Round 1,3,P1554,,,,
2010-s3-B-PO-R1-M4,2010-s3-B,2010-s3,B,1,Round 1,4,P1433,,,,
2010-s3-B-PO-R1-M5,2010-s3-B,2010-s3,B,1,Round 1,5,P1440,,,,
2010-s3-B-PO-R1-M6,2010-s3-B,2010-s3,B,1,Round 1,6,P0217,,,,
2010-s3-B-PO-R1-M7,2010-s3-B,2010-s3,B,1,Round 1,7,P1113,,,,
2010-s3-B-PO-R1-M8,2010-s3-B,2010-s3,B,1,Round 1,8,P1531,,,,
2010-s3-B-PO-R1-M9,2010-s3-B,2010-s3,B,1,Round 1,9,P1516,,,,
2010-s3-B-PO-R1-M10,2010-s3-B,2010-s3,B,1,Round 1,10,P1418,P0726,,,
2010-s3-B-PO-R1-M11,2010-s3-B,2010-s3,B,1,Round 1,11,P1083,,,,
2010-s3-B-PO-R1-M12,2010-s3-B,2010-s3,B,1,Round 1,12,P1413,,,,
2010-s3-B-PO-R1-M13,2010-s3-B,2010-s3,B,1,Round 1,13,P1456,,,,
2010-s3-B-PO-R1-M14,2010-s3-B,2010-s3,B,1,Round 1,14,P1536,P1313,,,
2010-s3-B-PO-R1-M15,2010-s3-B,2010-s3,B,1,Round 1,15,P1484,,,,
2010-s3-B-PO-R1-M16,2010-s3-B,2010-s3,B,1,Round 1,16,P1396,,,,
2010-s4-A-PO-R1-M1,2010-s4-A,2010-s4,A,1,Round 1,1,P1410,,,,
2010-s4-A-PO-R1-M2,2010-s4-A,2010-s4,A,1,Round 1,2,P1419,P1446,,,
2010-s4-A-PO-R1-M3,2010-s4-A,2010-s4,A,1,Round 1,3,P0951,P1558,,,
2010-s4-A-PO-R1-M4,2010-s4-A,2010-s4,A,1,Round 1,4,P0250,P1054,,,
2010-s4-A-PO-R1-M5,2010-s4-A,2010-s4,A,1,Round 1,5,P1511,,,,
2010-s4-A-PO-R1-M6,2010-s4-A,2010-s4,A,1,Round 1,6,P1022,P1393,,,
2010-s4-A-PO-R1-M7,2010-s4-A,2010-s4,A,1,Round 1,7,P1399,P1552,,,
2010-s4-A-PO-R1-M8,2010-s4-A,2010-s4,A,1,Round 1,8,P1262,P1437,,,
2010-s4-A-PO-R1-M9,2010-s4-A,2010-s4,A,1,Round 1,9,P0754,,,,
2010-s4-A-PO-R1-M10,2010-s4-A,2010-s4,A,1,Round 1,10,P1457,P1381,,,
2010-s4-A-PO-R1-M11,2010-s4-A,2010-s4,A,1,Round 1,11,P1223,P1503,,,
2010-s4-A-PO-R1-M12,2010-s4-A,2010-s4,A,1,Round 1,12,P0969,P1406,,,
2010-s4-A-PO-R1-M13,2010-s4-A,2010-s4,A,1,Round 1,13,P1404,,,,
2010-s4-A-PO-R1-M14,2010-s4-A,2010-s4,A,1,Round 1,14,P1452,P1539,,,
2010-s4-A-PO-R1-M15,2010-s4-A,2010-s4,A,1,Round 1,15,P0073,P1504,,,
2010-s4-A-PO-R1-M16,2010-s4-A,2010-s4,A,1,Round 1,16,P1180,P1403,,,
2010-s4-B-PO-R1-M1,2010-s4-B,2010-s4,B,1,Round 1,1,P1440,,,,
2010-s4-B-PO-R1-M2,2010-s4-B,2010-s4,B,1,Round 1,2,P1541,P1563,,,
2010-s4-B-PO-R1-M3,2010-s4-B,2010-s4,B,1,Round 1,3,P1392,,,,
2010-s4-B-PO-R1-M4,2010-s4-B,2010-s4,B,1,Round 1,4,P1507,,,,
2010-s4-B-PO-R1-M5,2010-s4-B,2010-s4,B,1,Round 1,5,P1536,,,,
2010-s4-B-PO-R1-M6,2010-s4-B,2010-s4,B,1,Round 1,6,P1456,P1473,,,
2010-s4-B-PO-R1-M7,2010-s4-B,2010-s4,B,1,Round 1,7,P1057,,,,
2010-s4-B-PO-R1-M8,2010-s4-B,2010-s4,B,1,Round 1,8,P1412,,,,
2010-s4-B-PO-R1-M9,2010-s4-B,2010-s4,B,1,Round 1,9,P1519,,,,
2010-s4-B-PO-R1-M10,2010-s4-B,2010-s4,B,1,Round 1,10,P1500,P1431,,,
2010-s4-B-PO-R1-M11,2010-s4-B,2010-s4,B,1,Round 1,11,P0383,,,,
2010-s4-B-PO-R1-M12,2010-s4-B,2010-s4,B,1,Round 1,12,P0327,,,,
2010-s4-B-PO-R1-M13,2010-s4-B,2010-s4,B,1,Round 1,13,P1465,,,,
2010-s4-B-PO-R1-M14,2010-s4-B,2010-s4,B,1,Round 1,14,P1534,P1527,,,
2010-s4-B-PO-R1-M15,2010-s4-B,2010-s4,B,1,Round 1,15,P1531,,,,
2010-s4-B-PO-R1-M16,2010-s4-B,2010-s4,B,1,Round 1,16,P1402,,,,
2011-s1-A-PO-R1-M1,2011-s1-A,2011-s1,A,1,Round 1,1,P0073,,,,
2011-s1-A-PO-R1-M2,2011-s1-A,2011-s1,A,1,Round 1,2,P1654,P1381,,,
2011-s1-A-PO-R1-M3,2011-s1-A,2011-s1,A,1,Round 1,3,P1096,,,,
2011-s1-A-PO-R1-M4,2011-s1-A,2011-s1,A,1,Round 1,4,P0672,P1659,,,
2011-s1-A-PO-R1-M5,2011-s1-A,2011-s1,A,1,Round 1,5,P1425,,,,
2011-s1-A-PO-R1-M6,2011-s1-A,2011-s1,A,1,Round 1,6,P1655,P1536,,,
2011-s1-A-PO-R1-M7,2011-s1-A,2011-s1,A,1,Round 1,7,P1593,,,,
2011-s1-A-PO-R1-M8,2011-s1-A,2011-s1,A,1,Round 1,8,P1022,P1667,,,
2011-s1-A-PO-R1-M9,2011-s1-A,2011-s1,A,1,Round 1,9,P1441,,,,
2011-s1-A-PO-R1-M10,2011-s1-A,2011-s1,A,1,Round 1,10,P1415,P1620,,,
2011-s1-A-PO-R1-M11,2011-s1-A,2011-s1,A,1,Round 1,11,P1650,,,,
2011-s1-A-PO-R1-M12,2011-s1-A,2011-s1,A,1,Round 1,12,P0951,P1672,,,
2011-s1-A-PO-R1-M13,2011-s1-A,2011-s1,A,1,Round 1,13,P1158,,,,
2011-s1-A-PO-R1-M14,2011-s1-A,2011-s1,A,1,Round 1,14,P0140,P1581,,,
2011-s1-A-PO-R1-M15,2011-s1-A,2011-s1,A,1,Round 1,15,P1300,,,,
2011-s1-A-PO-R1-M16,2011-s1-A,2011-s1,A,1,Round 1,16,P1404,P1695,,,
2011-s1-B-PO-R1-M1,2011-s1-B,2011-s1,B,1,Round 1,1,P1725,,,,
2011-s1-B-PO-R1-M2,2011-s1-B,2011-s1,B,1,Round 1,2,P1571,P1726,,,
2011-s1-B-PO-R1-M3,2011-s1-B,2011-s1,B,1,Round 1,3,P0726,,,,
2011-s1-B-PO-R1-M4,2011-s1-B,2011-s1,B,1,Round 1,4,P1516,,,,
2011-s1-B-PO-R1-M5,2011-s1-B,2011-s1,B,1,Round 1,5,P1626,,,,
2011-s1-B-PO-R1-M6,2011-s1-B,2011-s1,B,1,Round 1,6,P1589,,,,
2011-s1-B-PO-R1-M7,2011-s1-B,2011-s1,B,1,Round 1,7,P1632,,,,
2011-s1-B-PO-R1-M8,2011-s1-B,2011-s1,B,1,Round 1,8,P1576,,,,
2011-s1-B-PO-R1-M9,2011-s1-B,2011-s1,B,1,Round 1,9,P1603,,,,
2011-s1-B-PO-R1-M10,2011-s1-B,2011-s1,B,1,Round 1,10,P1430,P1715,,,
2011-s1-B-PO-R1-M11,2011-s1-B,2011-s1,B,1,Round 1,11,P0282,,,,
2011-s1-B-PO-R1-M12,2011-s1-B,2011-s1,B,1,Round 1,12,P1113,,,,
2011-s1-B-PO-R1-M13,2011-s1-B,2011-s1,B,1,Round 1,13,P1199,,,,
2011-s1-B-PO-R1-M14,2011-s1-B,2011-s1,B,1,Round 1,14,P1623,,,,
2011-s1-B-PO-R1-M15,2011-s1-B,2011-s1,B,1,Round 1,15,P1721,,,,
2011-s1-B-PO-R1-M16,2011-s1-B,2011-s1,B,1,Round 1,16,P1579,,,,
2011-s2-A-PO-R1-M1,2011-s2-A,2011-s2,A,1,Round 1,1,P1054,,,,
2011-s2-A-PO-R1-M2,2011-s2-A,2011-s2,A,1,Round 1,2,P1678,P1441,,,
2011-s2-A-PO-R1-M3,2011-s2-A,2011-s2,A,1,Round 1,3,P1581,P1157,,,
2011-s2-A-PO-R1-M4,2011-s2-A,2011-s2,A,1,Round 1,4,P1567,P0584,,,
2011-s2-A-PO-R1-M5,2011-s2-A,2011-s2,A,1,Round 1,5,P1425,,,,
2011-s2-A-PO-R1-M6,2011-s2-A,2011-s2,A,1,Round 1,6,P1300,P1655,,,
2011-s2-A-PO-R1-M7,2011-s2-A,2011-s2,A,1,Round 1,7,P0951,,,,
2011-s2-A-PO-R1-M8,2011-s2-A,2011-s2,A,1,Round 1,8,P1223,P1648,,,
2011-s2-A-PO-R1-M9,2011-s2-A,2011-s2,A,1,Round 1,9,P1713,,,,
2011-s2-A-PO-R1-M10,2011-s2-A,2011-s2,A,1,Round 1,10,P1393,P1520,,,
2011-s2-A-PO-R1-M11,2011-s2-A,2011-s2,A,1,Round 1,11,P0073,,,,
2011-s2-A-PO-R1-M12,2011-s2-A,2011-s2,A,1,Round 1,12,P0726,P1435,,,
2011-s2-A-PO-R1-M13,2011-s2-A,2011-s2,A,1,Round 1,13,P1404,,,,
2011-s2-A-PO-R1-M14,2011-s2-A,2011-s2,A,1,Round 1,14,P1594,P1602,,,
2011-s2-A-PO-R1-M15,2011-s2-A,2011-s2,A,1,Round 1,15,P0617,,,,
2011-s2-A-PO-R1-M16,2011-s2-A,2011-s2,A,1,Round 1,16,P1410,P1539,,,
2011-s2-B-PO-R1-M1,2011-s2-B,2011-s2,B,1,Round 1,1,P1536,,,,
2011-s2-B-PO-R1-M2,2011-s2-B,2011-s2,B,1,Round 1,2,P1606,P1617,,,
2011-s2-B-PO-R1-M3,2011-s2-B,2011-s2,B,1,Round 1,3,P1626,,,,
2011-s2-B-PO-R1-M4,2011-s2-B,2011-s2,B,1,Round 1,4,P1607,,,,
2011-s2-B-PO-R1-M5,2011-s2-B,2011-s2,B,1,Round 1,5,P1677,,,,
2011-s2-B-PO-R1-M6,2011-s2-B,2011-s2,B,1,Round 1,6,P1663,P0907,,,
2011-s2-B-PO-R1-M7,2011-s2-B,2011-s2,B,1,Round 1,7,P1413,,,,
2011-s2-B-PO-R1-M8,2011-s2-B,2011-s2,B,1,Round 1,8,P1204,,,,
2011-s2-B-PO-R1-M9,2011-s2-B,2011-s2,B,1,Round 1,9,P1572,,,,
2011-s2-B-PO-R1-M10,2011-s2-B,2011-s2,B,1,Round 1,10,P1313,P1516,,,
2011-s2-B-PO-R1-M11,2011-s2-B,2011-s2,B,1,Round 1,11,P1622,,,,
2011-s2-B-PO-R1-M12,2011-s2-B,2011-s2,B,1,Round 1,12,P1642,,,,
2011-s2-B-PO-R1-M13,2011-s2-B,2011-s2,B,1,Round 1,13,P1456,,,,
2011-s2-B-PO-R1-M14,2011-s2-B,2011-s2,B,1,Round 1,14,P1472,P1727,,,
2011-s2-B-PO-R1-M15,2011-s2-B,2011-s2,B,1,Round 1,15,P1554,,,,
2011-s2-B-PO-R1-M16,2011-s2-B,2011-s2,B,1,Round 1,16,P1635,,,,
2011-s3-A-PO-R1-M1,2011-s3-A,2011-s3,A,1,Round 1,1,P1334,,,,
2011-s3-A-PO-R1-M2,2011-s3-A,2011-s3,A,1,Round 1,2,P1446,P1300,,,
2011-s3-A-PO-R1-M3,2011-s3-A,2011-s3,A,1,Round 1,3,P1691,P1603,,,
2011-s3-A-PO-R1-M4,2011-s3-A,2011-s3,A,1,Round 1,4,P1096,P1593,,,
2011-s3-A-PO-R1-M5,2011-s3-A,2011-s3,A,1,Round 1,5,P1410,,,,
2011-s3-A-PO-R1-M6,2011-s3-A,2011-s3,A,1,Round 1,6,P0368,P1567,,,
2011-s3-A-PO-R1-M7,2011-s3-A,2011-s3,A,1,Round 1,7,P0010,,,,
2011-s3-A-PO-R1-M8,2011-s3-A,2011-s3,A,1,Round 1,8,P1286,P0296,,,
2011-s3-A-PO-R1-M9,2011-s3-A,2011-s3,A,1,Round 1,9,P0754,,,,
2011-s3-A-PO-R1-M10,2011-s3-A,2011-s3,A,1,Round 1,10,P1198,P1577,,,
2011-s3-A-PO-R1-M11,2011-s3-A,2011-s3,A,1,Round 1,11,P1411,,,,
2011-s3-A-PO-R1-M12,2011-s3-A,2011-s3,A,1,Round 1,12,P1157,P1607,,,
2011-s3-A-PO-R1-M13,2011-s3-A,2011-s3,A,1,Round 1,13,P1340,,,,
2011-s3-A-PO-R1-M14,2011-s3-A,2011-s3,A,1,Round 1,14,P1419,P1615,,,
2011-s3-A-PO-R1-M15,2011-s3-A,2011-s3,A,1,Round 1,15,P1630,,,,
2011-s3-A-PO-R1-M16,2011-s3-A,2011-s3,A,1,Round 1,16,P1404,P0726,,,
2011-s3-B-PO-R1-M1,2011-s3-B,2011-s3,B,1,Round 1,1,P0907,,,,
2011-s3-B-PO-R1-M2,2011-s3-B,2011-s3,B,1,Round 1,2,P1568,P1721,,,
2011-s3-B-PO-R1-M3,2011-s3-B,2011-s3,B,1,Round 1,3,P1680,,,,
2011-s3-B-PO-R1-M4,2011-s3-B,2011-s3,B,1,Round 1,4,P1653,,,,
2011-s3-B-PO-R1-M5,2011-s3-B,2011-s3,B,1,Round 1,5,P1582,,,,
2011-s3-B-PO-R1-M6,2011-s3-B,2011-s3,B,1,Round 1,6,P1609,P1634,,,
2011-s3-B-PO-R1-M7,2011-s3-B,2011-s3,B,1,Round 1,7,P1616,,,,
2011-s3-B-PO-R1-M8,2011-s3-B,2011-s3,B,1,Round 1,8,P1697,P1570,,,
2011-s3-B-PO-R1-M9,2011-s3-B,2011-s3,B,1,Round 1,9,P1531,,,,
2011-s3-B-PO-R1-M10,2011-s3-B,2011-s3,B,1,Round 1,10,P1669,P1516,,,
2011-s3-B-PO-R1-M11,2011-s3-B,2011-s3,B,1,Round 1,11,P1644,,,,
2011-s3-B-PO-R1-M12,2011-s3-B,2011-s3,B,1,Round 1,12,P1660,,,,
2011-s3-B-PO-R1-M13,2011-s3-B,2011-s3,B,1,Round 1,13,P1576,,,,
2011-s3-B-PO-R1-M14,2011-s3-B,2011-s3,B,1,Round 1,14,P1712,P1599,,,
2011-s3-B-PO-R1-M15,2011-s3-B,2011-s3,B,1,Round 1,15,P1692,,,,
2011-s3-B-PO-R1-M16,2011-s3-B,2011-s3,B,1,Round 1,16,P1430,P1606,,,
2011-s4-A-PO-R1-M1,2011-s4-A,2011-s4,A,1,Round 1,1,P1656,,,,
2011-s4-A-PO-R1-M2,2011-s4-A,2011-s4,A,1,Round 1,2,P1435,P1584,,,
2011-s4-A-PO-R1-M3,2011-s4-A,2011-s4,A,1,Round 1,3,P1198,P1075,,,
2011-s4-A-PO-R1-M4,2011-s4-A,2011-s4,A,1,Round 1,4,P1595,P1706,,,
2011-s4-A-PO-R1-M5,2011-s4-A,2011-s4,A,1,Round 1,5,P1588,,,,
2011-s4-A-PO-R1-M6,2011-s4-A,2011-s4,A,1,Round 1,6,P0984,P1578,,,
2011-s4-A-PO-R1-M7,2011-s4-A,2011-s4,A,1,Round 1,7,P0988,,,,
2011-s4-A-PO-R1-M8,2011-s4-A,2011-s4,A,1,Round 1,8,P0076,P1508,,,
2011-s4-A-PO-R1-M9,2011-s4-A,2011-s4,A,1,Round 1,9,P1425,,,,
2011-s4-A-PO-R1-M10,2011-s4-A,2011-s4,A,1,Round 1,10,P0010,P1404,,,
2011-s4-A-PO-R1-M11,2011-s4-A,2011-s4,A,1,Round 1,11,P1223,,,,
2011-s4-A-PO-R1-M12,2011-s4-A,2011-s4,A,1,Round 1,12,P1701,P0873,,,
2011-s4-A-PO-R1-M13,2011-s4-A,2011-s4,A,1,Round 1,13,P0969,,,,
2011-s4-A-PO-R1-M14,2011-s4-A,2011-s4,A,1,Round 1,14,P1300,P1085,,,
2011-s4-A-PO-R1-M15,2011-s4-A,2011-s4,A,1,Round 1,15,P1713,,,,
2011-s4-A-PO-R1-M16,2011-s4-A,2011-s4,A,1,Round 1,16,P1262,P1157,,,
2011-s4-B-PO-R1-M1,2011-s4-B,2011-s4,B,1,Round 1,1,P0907,,,,
2011-s4-B-PO-R1-M2,2011-s4-B,2011-s4,B,1,Round 1,2,P1430,P1609,,,
2011-s4-B-PO-R1-M3,2011-s4-B,2011-s4,B,1,Round 1,3,P0296,P1643,,,
2011-s4-B-PO-R1-M4,2011-s4-B,2011-s4,B,1,Round 1,4,P1607,P1573,,,
2011-s4-B-PO-R1-M5,2011-s4-B,2011-s4,B,1,Round 1,5,P1516,,,,
2011-s4-B-PO-R1-M6,2011-s4-B,2011-s4,B,1,Round 1,6,P1293,P1539,,,
2011-s4-B-PO-R1-M7,2011-s4-B,2011-s4,B,1,Round 1,7,P1673,,,,
2011-s4-B-PO-R1-M8,2011-s4-B,2011-s4,B,1,Round 1,8,P1681,P1531,,,
2011-s4-B-PO-R1-M9,2011-s4-B,2011-s4,B,1,Round 1,9,P1700,,,,
2011-s4-B-PO-R1-M10,2011-s4-B,2011-s4,B,1,Round 1,10,P1097,P1608,,,
2011-s4-B-PO-R1-M11,2011-s4-B,2011-s4,B,1,Round 1,11,P1627,,,,
2011-s4-B-PO-R1-M12,2011-s4-B,2011-s4,B,1,Round 1,12,P1653,P1674,,,
2011-s4-B-PO-R1-M13,2011-s4-B,2011-s4,B,1,Round 1,13,P1636,,,,
2011-s4-B-PO-R1-M14,2011-s4-B,2011-s4,B,1,Round 1,14,P1554,P1113,,,
2011-s4-B-PO-R1-M15,2011-s4-B,2011-s4,B,1,Round 1,15,P1580,,,,
2011-s4-B-PO-R1-M16,2011-s4-B,2011-s4,B,1,Round 1,16,P1604,P1599,,,
2011-s5-A-PO-R1-M1,2011-s5-A,2011-s5,A,1,Round 1,1,P1075,,,,
2011-s5-A-PO-R1-M2,2011-s5-A,2011-s5,A,1,Round 1,2,P0873,P1569,,,
2011-s5-A-PO-R1-M3,2011-s5-A,2011-s5,A,1,Round 1,3,P1189,,,,
2011-s5-A-PO-R1-M4,2011-s5-A,2011-s5,A,1,Round 1,4,P1719,,,,
2011-s5-A-PO-R1-M5,2011-s5-A,2011-s5,A,1,Round 1,5,P0584,,,,
2011-s5-A-PO-R1-M6,2011-s5-A,2011-s5,A,1,Round 1,6,P1158,P1380,,,
2011-s5-A-PO-R1-M7,2011-s5-A,2011-s5,A,1,Round 1,7,P1701,,,,
2011-s5-A-PO-R1-M8,2011-s5-A,2011-s5,A,1,Round 1,8,P1300,P0073,,,
2011-s5-A-PO-R1-M9,2011-s5-A,2011-s5,A,1,Round 1,9,P1334,,,,
2011-s5-A-PO-R1-M10,2011-s5-A,2011-s5,A,1,Round 1,10,P1369,P1679,,,
2011-s5-A-PO-R1-M11,2011-s5-A,2011-s5,A,1,Round 1,11,P1441,,,,
2011-s5-A-PO-R1-M12,2011-s5-A,2011-s5,A,1,Round 1,12,P1578,P0010,,,
2011-s5-A-PO-R1-M13,2011-s5-A,2011-s5,A,1,Round 1,13,P1434,,,,
2011-s5-A-PO-R1-M14,2011-s5-A,2011-s5,A,1,Round 1,14,P1588,P1425,,,
2011-s5-A-PO-R1-M15,2011-s5-A,2011-s5,A,1,Round 1,15,P1689,,,,
2011-s5-A-PO-R1-M16,2011-s5-A,2011-s5,A,1,Round 1,16,P1585,P1096,,,
2011-s5-B-PO-R1-M1,2011-s5-B,2011-s5,B,1,Round 1,1,P1138,,,,
2011-s5-B-PO-R1-M2,2011-s5-B,2011-s5,B,1,Round 1,2,P1675,P1590,,,
2011-s5-B-PO-R1-M3,2011-s5-B,2011-s5,B,1,Round 1,3,P1335,,,,
2011-s5-B-PO-R1-M4,2011-s5-B,2011-s5,B,1,Round 1,4,P0296,,,,
2011-s5-B-PO-R1-M5,2011-s5-B,2011-s5,B,1,Round 1,5,P1430,,,,
2011-s5-B-PO-R1-M6,2011-s5-B,2011-s5,B,1,Round 1,6,P1536,P1570,,,
2011-s5-B-PO-R1-M7,2011-s5-B,2011-s5,B,1,Round 1,7,P1665,,,,
2011-s5-B-PO-R1-M8,2011-s5-B,2011-s5,B,1,Round 1,8,P1671,P0024,,,
2011-s5-B-PO-R1-M9,2011-s5-B,2011-s5,B,1,Round 1,9,P1591,,,,
2011-s5-B-PO-R1-M10,2011-s5-B,2011-s5,B,1,Round 1,10,P1439,P1531,,,
2011-s5-B-PO-R1-M11,2011-s5-B,2011-s5,B,1,Round 1,11,P1587,,,,
2011-s5-B-PO-R1-M12,2011-s5-B,2011-s5,B,1,Round 1,12,P1572,,,,
2011-s5-B-PO-R1-M13,2011-s5-B,2011-s5,B,1,Round 1,13,P1651,,,,
2011-s5-B-PO-R1-M14,2011-s5-B,2011-s5,B,1,Round 1,14,P1611,P1698,,,
2011-s5-B-PO-R1-M15,2011-s5-B,2011-s5,B,1,Round 1,15,P1516,,,,
2011-s5-B-PO-R1-M16,2011-s5-B,2011-s5,B,1,Round 1,16,P1010,P1662,,,
2012-s1-A-PO-R1-M1,2012-s1-A,2012-s1,A,1,Round 1,1,P1585,,7-0,P1585,
2012-s1-A-PO-R1-M2,2012-s1-A,2012-s1,A,1,Round 1,2,P1103,P1316,DQ,P1316,P1103
2012-s1-A-PO-R1-M3,2012-s1-A,2012-s1,A,1,Round 1,3,P1578,P1802,7-4,P1578,P1802
2012-s1-A-PO-R1-M4,2012-s1-A,2012-s1,A,1,Round 1,4,P1627,P1588,7-5,P1588,P1627
2012-s1-A-PO-R1-M5,2012-s1-A,2012-s1,A,1,Round 1,5,P1202,,7-0,P1202,
2012-s1-A-PO-R1-M6,2012-s1-A,2012-s1,A,1,Round 1,6,P1748,P1765,7-1,P1765,P1748
2012-s1-A-PO-R1-M7,2012-s1-A,2012-s1,A,1,Round 1,7,P1757,,7-0,P1757,
2012-s1-A-PO-R1-M8,2012-s1-A,2012-s1,A,1,Round 1,8,P1419,P1854,8-6,P1419,P1854
2012-s1-A-PO-R1-M9,2012-s1-A,2012-s1,A,1,Round 1,9,P0969,,7-0,P0969,
2012-s1-A-PO-R1-M10,2012-s1-A,2012-s1,A,1,Round 1,10,P1096,P1839,7-2,P1839,P1096
2012-s1-A-PO-R1-M11,2012-s1-A,2012-s1,A,1,Round 1,11,P1791,,7-0,P1791,
2012-s1-A-PO-R1-M12,2012-s1-A,2012-s1,A,1,Round 1,12,P1835,P1830,7-5,P1830,P1835
2012-s1-A-PO-R1-M13,2012-s1-A,2012-s1,A,1,Round 1,13,P1801,,7-0,P1801,
2012-s1-A-PO-R1-M14,2012-s1-A,2012-s1,A,1,Round 1,14,P1842,P0182,7-5,P0182,P1842
2012-s1-A-PO-R1-M15,2012-s1-A,2012-s1,A,1,Round 1,15,P1732,,7-0,P1732,
2012-s1-A-PO-R1-M16,2012-s1-A,2012-s1,A,1,Round 1,16,P1853,P1740,DQ,P1853,P1740
2012-s1-A-PO-R2-M1,2012-s1-A,2012-s1,A,2,Round 2,1,P1585,P1316,7-2,P1585,P1316
2012-s1-A-PO-R2-M2,2012-s1-A,2012-s1,A,2,Round 2,2,P1578,P1588,7-0,P1578,P1588
2012-s1-A-PO-R2-M3,2012-s1-A,2012-s1,A,2,Round 2,3,P1202,P1765,7-5,P1202,P1765
2012-s1-A-PO-R2-M4,2012-s1-A,2012-s1,A,2,Round 2,4,P1757,P1419,7-3,P1419,P1757
2012-s1-A-PO-R2-M5,2012-s1-A,2012-s1,A,2,Round 2,5,P0969,P1839,7-2,P0969,P1839
2012-s1-A-PO-R2-M6,2012-s1-A,2012-s1,A,2,Round 2,6,P1791,P1830,7-1,P1791,P1830
2012-s1-A-PO-R2-M7,2012-s1-A,2012-s1,A,2,Round 2,7,P1801,P0182,7-3,P0182,P1801
2012-s1-A-PO-R2-M8,2012-s1-A,2012-s1,A,2,Round 2,8,P1732,P1853,7-4,P1732,P1853
2012-s1-A-PO-R3-M1,2012-s1-A,2012-s1,A,3,Quarter Final,1,P1585,P1578,7-4,P1585,P1578
2012-s1-A-PO-R3-M2,2012-s1-A,2012-s1,A,3,Quarter Final,2,P1202,P1419,7-2,P1202,P1419
2012-s1-A-PO-R3-M3,2012-s1-A,2012-s1,A,3,Quarter Final,3,P0969,P1791,7-3,P1791,P0969
2012-s1-A-PO-R3-M4,2012-s1-A,2012-s1,A,3,Quarter Final,4,P0182,P1732,8-6,P1732,P0182
2012-s1-A-PO-R4-M1,2012-s1-A,2012-s1,A,4,Semi Final,1,P1585,P1202,9-4,P1585,P1202
2012-s1-A-PO-R4-M2,2012-s1-A,2012-s1,A,4,Semi Final,2,P1791,P1732,5-9,P1732,P1791
2012-s1-A-PO-R5-M1,2012-s1-A,2012-s1,A,5,Final,1,P1585,P1732,9-3,P1585,P1732
2012-s1-B-PO-R1-M1,2012-s1-B,2012-s1,B,1,Round 1,1,P1824,,7-0,P1824,
2012-s1-B-PO-R1-M2,2012-s1-B,2012-s1,B,1,Round 1,2,P1767,P1531,7-3,P1531,P1767
2012-s1-B-PO-R1-M3,2012-s1-B,2012-s1,B,1,Round 1,3,P1733,P1717,7-1,P1717,P1733
2012-s1-B-PO-R1-M4,2012-s1-B,2012-s1,B,1,Round 1,4,P1458,P1051,7-2,P1051,P1458
2012-s1-B-PO-R1-M5,2012-s1-B,2012-s1,B,1,Round 1,5,P1735,,7-0,P1735,
2012-s1-B-PO-R1-M6,2012-s1-B,2012-s1,B,1,Round 1,6,P1778,P0616,8-6,P1778,P0616
2012-s1-B-PO-R1-M7,2012-s1-B,2012-s1,B,1,Round 1,7,P1394,,7-0,P1394,
2012-s1-B-PO-R1-M8,2012-s1-B,2012-s1,B,1,Round 1,8,P1396,P1736,7-2,P1396,P1736
2012-s1-B-PO-R1-M9,2012-s1-B,2012-s1,B,1,Round 1,9,P1604,,7-0,P1604,
2012-s1-B-PO-R1-M10,2012-s1-B,2012-s1,B,1,Round 1,10,P1774,P1808,DQ,P1808,P1774
2012-s1-B-PO-R1-M11,2012-s1-B,2012-s1,B,1,Round 1,11,P1607,,7-0,P1607,
2012-s1-B-PO-R1-M12,2012-s1-B,2012-s1,B,1,Round 1,12,P1810,P0772,DQ,P0772,P1810
2012-s1-B-PO-R1-M13,2012-s1-B,2012-s1,B,1,Round 1,13,P1179,,7-0,P1179,
2012-s1-B-PO-R1-M14,2012-s1-B,2012-s1,B,1,Round 1,14,P1818,P1754,7-5,P1818,P1754
2012-s1-B-PO-R1-M15,2012-s1-B,2012-s1,B,1,Round 1,15,P0064,,7-0,P0064,
2012-s1-B-PO-R1-M16,2012-s1-B,2012-s1,B,1,Round 1,16,P1812,P1686,7-1,P1686,P1812
2012-s1-B-PO-R2-M1,2012-s1-B,2012-s1,B,2,Round 2,1,P1824,P1531,7-4,P1531,P1824
2012-s1-B-PO-R2-M2,2012-s1-B,2012-s1,B,2,Round 2,2,P1717,P1051,7-3,P1051,P1717
2012-s1-B-PO-R2-M3,2012-s1-B,2012-s1,B,2,Round 2,3,P1735,P1778,8-6,P1735,P1778
2012-s1-B-PO-R2-M4,2012-s1-B,2012-s1,B,2,Round 2,4,P1394,P1396,7-2,P1394,P1396
2012-s1-B-PO-R2-M5,2012-s1-B,2012-s1,B,2,Round 2,5,P1604,P1808,FF,P1808,P1604
2012-s1-B-PO-R2-M6,2012-s1-B,2012-s1,B,2,Round 2,6,P1607,P0772,8-6,P0772,P1607
2012-s1-B-PO-R2-M7,2012-s1-B,2012-s1,B,2,Round 2,7,P1179,P1818,7-5,P1818,P1179
2012-s1-B-PO-R2-M8,2012-s1-B,2012-s1,B,2,Round 2,8,P0064,P1686,7-1,P0064,P1686
2012-s1-B-PO-R3-M1,2012-s1-B,2012-s1,B,3,Quarter Final,1,P1531,P1051,7-4,P1051,P1531
2012-s1-B-PO-R3-M2,2012-s1-B,2012-s1,B,3,Quarter Final,2,P1735,P1394,10-8,P1394,P1735
2012-s1-B-PO-R3-M3,2012-s1-B,2012-s1,B,3,Quarter Final,3,P1808,P0772,7-4,P0772,P1808
2012-s1-B-PO-R3-M4,2012-s1-B,2012-s1,B,3,Quarter Final,4,P1818,P0064,7-4,P0064,P1818
2012-s1-B-PO-R4-M1,2012-s1-B,2012-s1,B,4,Semi Final,1,P1051,P1394,9-5,P1051,P1394
2012-s1-B-PO-R4-M2,2012-s1-B,2012-s1,B,4,Semi Final,2,P0772,P0064,6-9,P0064,P0772
2012-s1-B-PO-R5-M1,2012-s1-B,2012-s1,B,5,Final,1,P1051,P0064,6-9,P0064,P1051
2012-s2-A-PO-R1-M1,2012-s2-A,2012-s2,A,1,Round 1,1,P1251,P1729,0-0,P1251,P1729
2012-s2-A-PO-R1-M2,2012-s2-A,2012-s2,A,1,Round 1,2,P1771,P0182,1-7,P0182,P1771
2012-s2-A-PO-R1-M3,2012-s2-A,2012-s2,A,1,Round 1,3,P1830,P1791,7-2,P1791,P1830
2012-s2-A-PO-R1-M4,2012-s2-A,2012-s2,A,1,Round 1,4,P1842,P0223,7-5,P0223,P1842
2012-s2-A-PO-R1-M5,2012-s2-A,2012-s2,A,1,Round 1,5,P1584,P1729,0-0,P1584,P1729
2012-s2-A-PO-R1-M6,2012-s2-A,2012-s2,A,1,Round 1,6,P1316,P1249,7-0,P1316,P1249
2012-s2-A-PO-R1-M7,2012-s2-A,2012-s2,A,1,Round 1,7,P0772,P1729,0-0,P0772,P1729
2012-s2-A-PO-R1-M8,2012-s2-A,2012-s2,A,1,Round 1,8,P1808,P1063,7-2,P1808,P1063
2012-s2-A-PO-R1-M9,2012-s2-A,2012-s2,A,1,Round 1,9,P1587,P1729,0-0,P1587,P1729
2012-s2-A-PO-R1-M10,2012-s2-A,2012-s2,A,1,Round 1,10,P1745,P0064,7-3,P1745,P0064
2012-s2-A-PO-R1-M11,2012-s2-A,2012-s2,A,1,Round 1,11,P0464,P1729,0-0,,
2012-s2-A-PO-R1-M12,2012-s2-A,2012-s2,A,1,Round 1,12,P0969,P1770,7-1,P0969,P1770
2012-s2-A-PO-R1-M13,2012-s2-A,2012-s2,A,1,Round 1,13,P0368,P1729,0-0,P0368,P1729
2012-s2-A-PO-R1-M14,2012-s2-A,2012-s2,A,1,Round 1,14,P1096,P0951,7-2,P1096,P0951
2012-s2-A-PO-R1-M15,2012-s2-A,2012-s2,A,1,Round 1,15,P1396,P1729,0-0,P1396,P1729
2012-s2-A-PO-R1-M16,2012-s2-A,2012-s2,A,1,Round 1,16,P1801,P1419,2-7,P1419,P1801
2012-s2-A-PO-R2-M1,2012-s2-A,2012-s2,A,2,Round 2,1,P1251,P0182,9-7,P1251,P0182
2012-s2-A-PO-R2-M2,2012-s2-A,2012-s2,A,2,Round 2,2,P1791,P0223,7-5,P1791,P0223
2012-s2-A-PO-R2-M3,2012-s2-A,2012-s2,A,2,Round 2,3,P1584,P1316,9-7,P1316,P1584
2012-s2-A-PO-R2-M4,2012-s2-A,2012-s2,A,2,Round 2,4,P0772,P1808,7-5,P1808,P0772
2012-s2-A-PO-R2-M5,2012-s2-A,2012-s2,A,2,Round 2,5,P1587,P1745,DQ,P1745,P1587
2012-s2-A-PO-R2-M6,2012-s2-A,2012-s2,A,2,Round 2,6,,P0969,8-6,P0464,
2012-s2-A-PO-R2-M7,2012-s2-A,2012-s2,A,2,Round 2,7,P0368,P1096,7-4,P0368,P1096
2012-s2-A-PO-R2-M8,2012-s2-A,2012-s2,A,2,Round 2,8,P1396,P1419,0-7,P1419,P1396
2012-s2-A-PO-R3-M1,2012-s2-A,2012-s2,A,3,Quarter Final,1,P1251,P1791,8-6,P1251,P1791
2012-s2-A-PO-R3-M2,2012-s2-A,2012-s2,A,3,Quarter Final,2,P1316,P1808,7-2,P1316,P1808
2012-s2-A-PO-R3-M3,2012-s2-A,2012-s2,A,3,Quarter Final,3,P1745,P0464,7-4,P1745,P0464
2012-s2-A-PO-R3-M4,2012-s2-A,2012-s2,A,3,Quarter Final,4,P0368,P1419,7-3,P1419,P0368
2012-s2-A-PO-R4-M1,2012-s2-A,2012-s2,A,4,Semi Final,1,P1251,P1316,12-10,P1316,P1251
2012-s2-A-PO-R4-M2,2012-s2-A,2012-s2,A,4,Semi Final,2,P1745,P1419,9-5,P1745,P1419
2012-s2-A-PO-R5-M1,2012-s2-A,2012-s2,A,5,Final,1,P1316,P1745,9-2,P1316,P1745
2012-s2-B-PO-R1-M1,2012-s2-B,2012-s2,B,1,Round 1,1,P1531,P1729,0-0,P1531,P1729
2012-s2-B-PO-R1-M2,2012-s2-B,2012-s2,B,1,Round 1,2,P1807,P1782,8-6,P1807,P1782
2012-s2-B-PO-R1-M3,2012-s2-B,2012-s2,B,1,Round 1,3,P1805,P1729,0-0,P1805,P1729
2012-s2-B-PO-R1-M4,2012-s2-B,2012-s2,B,1,Round 1,4,P1200,P1729,0-0,P1200,P1729
2012-s2-B-PO-R1-M5,2012-s2-B,2012-s2,B,1,Round 1,5,P1439,P1729,0-0,P1439,P1729
2012-s2-B-PO-R1-M6,2012-s2-B,2012-s2,B,1,Round 1,6,P1798,P1766,7-DQ,P1798,P1766
2012-s2-B-PO-R1-M7,2012-s2-B,2012-s2,B,1,Round 1,7,P1739,P1729,0-0,P1739,P1729
2012-s2-B-PO-R1-M8,2012-s2-B,2012-s2,B,1,Round 1,8,P1778,P1733,7-2,P1778,P1733
2012-s2-B-PO-R1-M9,2012-s2-B,2012-s2,B,1,Round 1,9,P1787,P1729,0-0,P1787,P1729
2012-s2-B-PO-R1-M10,2012-s2-B,2012-s2,B,1,Round 1,10,P1183,P1813,7-1,P1183,P1813
2012-s2-B-PO-R1-M11,2012-s2-B,2012-s2,B,1,Round 1,11,P1818,P1729,0-0,P1818,P1729
2012-s2-B-PO-R1-M12,2012-s2-B,2012-s2,B,1,Round 1,12,P1747,P1729,0-0,P1747,P1729
2012-s2-B-PO-R1-M13,2012-s2-B,2012-s2,B,1,Round 1,13,P1731,P1729,0-0,P1731,P1729
2012-s2-B-PO-R1-M14,2012-s2-B,2012-s2,B,1,Round 1,14,P1836,P1735,7-4,P1735,P1836
2012-s2-B-PO-R1-M15,2012-s2-B,2012-s2,B,1,Round 1,15,P1717,P1729,0-0,P1717,P1729
2012-s2-B-PO-R1-M16,2012-s2-B,2012-s2,B,1,Round 1,16,P1353,P1729,0-0,P1353,P1729
2012-s2-B-PO-R2-M1,2012-s2-B,2012-s2,B,2,Round 2,1,P1531,P1807,8-6,P1531,P1807
2012-s2-B-PO-R2-M2,2012-s2-B,2012-s2,B,2,Round 2,2,P1805,P1200,8-6,P1805,P1200
2012-s2-B-PO-R2-M3,2012-s2-B,2012-s2,B,2,Round 2,3,P1439,P1798,DOUBLE DQ,P1729,
2012-s2-B-PO-R2-M4,2012-s2-B,2012-s2,B,2,Round 2,4,P1739,P1778,7-4,P1778,P1739
2012-s2-B-PO-R2-M5,2012-s2-B,2012-s2,B,2,Round 2,5,P1787,P1183,DQ,P1183,P1787
2012-s2-B-PO-R2-M6,2012-s2-B,2012-s2,B,2,Round 2,6,P1818,P1747,7-4,P1747,P1818
2012-s2-B-PO-R2-M7,2012-s2-B,2012-s2,B,2,Round 2,7,P1731,P1735,7-5,P1731,P1735
2012-s2-B-PO-R2-M8,2012-s2-B,2012-s2,B,2,Round 2,8,P1717,P1353,7-3,P1717,P1353
2012-s2-B-PO-R3-M1,2012-s2-B,2012-s2,B,3,Quarter Final,1,P1531,P1805,7-4,P1531,P1805
2012-s2-B-PO-R3-M2,2012-s2-B,2012-s2,B,3,Quarter Final,2,P1729,P1778,0-0,P1778,P1729
2012-s2-B-PO-R3-M3,2012-s2-B,2012-s2,B,3,Quarter Final,3,P1183,P1747,7-5,P1183,P1747
2012-s2-B-PO-R3-M4,2012-s2-B,2012-s2,B,3,Quarter Final,4,P1731,P1717,7-1,P1731,P1717
2012-s2-B-PO-R4-M1,2012-s2-B,2012-s2,B,4,Semi Final,1,P1531,P1778,9-6,P1531,P1778
2012-s2-B-PO-R4-M2,2012-s2-B,2012-s2,B,4,Semi Final,2,P1183,P1731,9-5,P1731,P1183
2012-s2-B-PO-R5-M1,2012-s2-B,2012-s2,B,5,Final,1,P1531,P1731,9-6,P1531,P1731
2012-s3-A-PO-R1-M1,2012-s3-A,2012-s3,A,1,Round 1,1,P1732,,7-0,P1732,
2012-s3-A-PO-R1-M2,2012-s3-A,2012-s3,A,1,Round 1,2,P1839,P1251,5-7,P1251,P1839
2012-s3-A-PO-R1-M3,2012-s3-A,2012-s3,A,1,Round 1,3,P1063,P1819,7-5,P1063,P1819
2012-s3-A-PO-R1-M4,2012-s3-A,2012-s3,A,1,Round 1,4,P1793,P1775,7-2,P1793,P1775
2012-s3-A-PO-R1-M5,2012-s3-A,2012-s3,A,1,Round 1,5,P1523,,7-0,,
2012-s3-A-PO-R1-M6,2012-s3-A,2012-s3,A,1,Round 1,6,P1096,P1104,5-7,P1104,P1096
2012-s3-A-PO-R1-M7,2012-s3-A,2012-s3,A,1,Round 1,7,P1567,,7-0,P1567,
2012-s3-A-PO-R1-M8,2012-s3-A,2012-s3,A,1,Round 1,8,P1588,P1783,8-10,P1783,P1588
2012-s3-A-PO-R1-M9,2012-s3-A,2012-s3,A,1,Round 1,9,P0368,,7-0,P0368,
2012-s3-A-PO-R1-M10,2012-s3-A,2012-s3,A,1,Round 1,10,P1825,P1765,2-7,P1765,P1825
2012-s3-A-PO-R1-M11,2012-s3-A,2012-s3,A,1,Round 1,11,P1587,,7-0,P1587,
2012-s3-A-PO-R1-M12,2012-s3-A,2012-s3,A,1,Round 1,12,P1316,P1808,1-7,P1808,P1316
2012-s3-A-PO-R1-M13,2012-s3-A,2012-s3,A,1,Round 1,13,P0969,,7-0,P0969,
2012-s3-A-PO-R1-M14,2012-s3-A,2012-s3,A,1,Round 1,14,P1791,P1419,7-9,P1419,P1791
2012-s3-A-PO-R1-M15,2012-s3-A,2012-s3,A,1,Round 1,15,P0182,,7-0,P0182,
2012-s3-A-PO-R1-M16,2012-s3-A,2012-s3,A,1,Round 1,16,P1752,P1802,3-7,P1802,P1752
2012-s3-A-PO-R2-M1,2012-s3-A,2012-s3,A,2,Round 2,1,P1732,P1251,6-8,P1251,P1732
2012-s3-A-PO-R2-M2,2012-s3-A,2012-s3,A,2,Round 2,2,P1063,P1793,7-5,P1063,P1793
2012-s3-A-PO-R2-M3,2012-s3-A,2012-s3,A,2,Round 2,3,,P1104,7-5,P1104,
2012-s3-A-PO-R2-M4,2012-s3-A,2012-s3,A,2,Round 2,4,P1567,P1783,7-3,P1567,P1783
2012-s3-A-PO-R2-M5,2012-s3-A,2012-s3,A,2,Round 2,5,P0368,P1765,7-4,P0368,P1765
2012-s3-A-PO-R2-M6,2012-s3-A,2012-s3,A,2,Round 2,6,P1587,P1808,7-4,P1587,P1808
2012-s3-A-PO-R2-M7,2012-s3-A,2012-s3,A,2,Round 2,7,P0969,P1419,7-3,P0969,P1419
2012-s3-A-PO-R2-M8,2012-s3-A,2012-s3,A,2,Round 2,8,P0182,P1802,7-2,P0182,P1802
2012-s3-A-PO-R3-M1,2012-s3-A,2012-s3,A,3,Quarter Final,1,P1251,P1063,7-3,P1251,P1063
2012-s3-A-PO-R3-M2,2012-s3-A,2012-s3,A,3,Quarter Final,2,P1104,P1567,5-7,P1567,P1104
2012-s3-A-PO-R3-M3,2012-s3-A,2012-s3,A,3,Quarter Final,3,P0368,P1587,7-4,P0368,P1587
2012-s3-A-PO-R3-M4,2012-s3-A,2012-s3,A,3,Quarter Final,4,P0969,P0182,7-1,P0969,P0182
2012-s3-A-PO-R4-M1,2012-s3-A,2012-s3,A,4,Semi Final,1,P1251,P1567,10-8,P1251,P1567
2012-s3-A-PO-R4-M2,2012-s3-A,2012-s3,A,4,Semi Final,2,P0368,P0969,5-9,P0969,P0368
2012-s3-A-PO-R5-M1,2012-s3-A,2012-s3,A,5,Final,1,P1251,P0969,10-8,P1251,P0969
2012-s3-B-PO-R1-M1,2012-s3-B,2012-s3,B,1,Round 1,1,P1183,,7-0,P1183,
2012-s3-B-PO-R1-M2,2012-s3-B,2012-s3,B,1,Round 1,2,P1813,P1840,7-4,,
2012-s3-B-PO-R1-M3,2012-s3-B,2012-s3,B,1,Round 1,3,P1439,,7-0,P1439,
2012-s3-B-PO-R1-M4,2012-s3-B,2012-s3,B,1,Round 1,4,P1664,,7-0,P1664,
2012-s3-B-PO-R1-M5,2012-s3-B,2012-s3,B,1,Round 1,5,P1778,,7-0,P1778,
2012-s3-B-PO-R1-M6,2012-s3-B,2012-s3,B,1,Round 1,6,P1746,P1786,7-5,P1746,P1786
2012-s3-B-PO-R1-M7,2012-s3-B,2012-s3,B,1,Round 1,7,P1733,,7-0,P1733,
2012-s3-B-PO-R1-M8,2012-s3-B,2012-s3,B,1,Round 1,8,P1779,P1607,Forfeit,P1779,P1607
2012-s3-B-PO-R1-M9,2012-s3-B,2012-s3,B,1,Round 1,9,P1805,,7-0,P1805,
2012-s3-B-PO-R1-M10,2012-s3-B,2012-s3,B,1,Round 1,10,P1823,P1790,Forfeit,P1823,P1790
2012-s3-B-PO-R1-M11,2012-s3-B,2012-s3,B,1,Round 1,11,P1737,,7-0,P1737,
2012-s3-B-PO-R1-M12,2012-s3-B,2012-s3,B,1,Round 1,12,P1807,,7-0,P1807,
2012-s3-B-PO-R1-M13,2012-s3-B,2012-s3,B,1,Round 1,13,P1856,,7-0,P1856,
2012-s3-B-PO-R1-M14,2012-s3-B,2012-s3,B,1,Round 1,14,P1730,P1735,7-3,P1730,P1735
2012-s3-B-PO-R1-M15,2012-s3-B,2012-s3,B,1,Round 1,15,P1759,,7-0,P1759,
2012-s3-B-PO-R1-M16,2012-s3-B,2012-s3,B,1,Round 1,16,P1586,P1800,7-3,P1586,P1800
2012-s3-B-PO-R2-M1,2012-s3-B,2012-s3,B,2,Round 2,1,P1183,,7-4,P1183,
2012-s3-B-PO-R2-M2,2012-s3-B,2012-s3,B,2,Round 2,2,P1439,P1664,7-0,P1439,P1664
2012-s3-B-PO-R2-M3,2012-s3-B,2012-s3,B,2,Round 2,3,P1778,P1746,3-7,P1746,P1778
2012-s3-B-PO-R2-M4,2012-s3-B,2012-s3,B,2,Round 2,4,P1733,P1779,2-7,P1779,P1733
2012-s3-B-PO-R2-M5,2012-s3-B,2012-s3,B,2,Round 2,5,P1805,P1823,7-2,P1805,P1823
2012-s3-B-PO-R2-M6,2012-s3-B,2012-s3,B,2,Round 2,6,P1737,P1807,7-2,P1737,P1807
2012-s3-B-PO-R2-M7,2012-s3-B,2012-s3,B,2,Round 2,7,P1856,P1730,7-2,P1856,P1730
2012-s3-B-PO-R2-M8,2012-s3-B,2012-s3,B,2,Round 2,8,P1759,P1586,7-5,P1759,P1586
2012-s3-B-PO-R3-M1,2012-s3-B,2012-s3,B,3,Quarter Final,1,P1183,P1439,7-5,P1183,P1439
2012-s3-B-PO-R3-M2,2012-s3-B,2012-s3,B,3,Quarter Final,2,P1746,P1779,DQ,P1779,P1746
2012-s3-B-PO-R3-M3,2012-s3-B,2012-s3,B,3,Quarter Final,3,P1805,P1737,Forfeit,P1805,P1737
2012-s3-B-PO-R3-M4,2012-s3-B,2012-s3,B,3,Quarter Final,4,P1856,P1759,7-2,P1856,P1759
2012-s3-B-PO-R4-M1,2012-s3-B,2012-s3,B,4,Semi Final,1,P1183,P1779,9-5,P1183,P1779
2012-s3-B-PO-R4-M2,2012-s3-B,2012-s3,B,4,Semi Final,2,P1805,P1856,2-9,P1856,P1805
2012-s3-B-PO-R5-M1,2012-s3-B,2012-s3,B,5,Final,1,P1183,P1856,7-9,P1856,P1183
2012-s4-A-PO-R1-M1,2012-s4-A,2012-s4,A,1,Round 1,1,P1202,,7-0,P1202,
2012-s4-A-PO-R1-M2,2012-s4-A,2012-s4,A,1,Round 1,2,P1567,P1278,7-5,P1567,P1278
2012-s4-A-PO-R1-M3,2012-s4-A,2012-s4,A,1,Round 1,3,P1802,P1805,5-7,P1805,P1802
2012-s4-A-PO-R1-M4,2012-s4-A,2012-s4,A,1,Round 1,4,P0368,P1830,7-2,P0368,P1830
2012-s4-A-PO-R1-M5,2012-s4-A,2012-s4,A,1,Round 1,5,P1765,,7-0,P1765,
2012-s4-A-PO-R1-M6,2012-s4-A,2012-s4,A,1,Round 1,6,P1825,P1785,7-4,P1825,P1785
2012-s4-A-PO-R1-M7,2012-s4-A,2012-s4,A,1,Round 1,7,P1808,,7-0,P1808,
2012-s4-A-PO-R1-M8,2012-s4-A,2012-s4,A,1,Round 1,8,P1793,P1063,3-7,P1063,P1793
2012-s4-A-PO-R1-M9,2012-s4-A,2012-s4,A,1,Round 1,9,P1578,,7-0,P1578,
2012-s4-A-PO-R1-M10,2012-s4-A,2012-s4,A,1,Round 1,10,P1316,P1096,Forfeit,P1316,P1096
2012-s4-A-PO-R1-M11,2012-s4-A,2012-s4,A,1,Round 1,11,P1791,,7-0,P1791,
2012-s4-A-PO-R1-M12,2012-s4-A,2012-s4,A,1,Round 1,12,P1249,P1839,7-0,P1249,P1839
2012-s4-A-PO-R1-M13,2012-s4-A,2012-s4,A,1,Round 1,13,P1251,,7-0,P1251,
2012-s4-A-PO-R1-M14,2012-s4-A,2012-s4,A,1,Round 1,14,P1528,P0182,7-5,P1528,P0182
2012-s4-A-PO-R1-M15,2012-s4-A,2012-s4,A,1,Round 1,15,P0969,,7-0,P0969,
2012-s4-A-PO-R1-M16,2012-s4-A,2012-s4,A,1,Round 1,16,P1732,P1104,7-4,P1732,P1104
2012-s4-A-PO-R2-M1,2012-s4-A,2012-s4,A,2,Round 2,1,P1202,P1567,7-3,P1202,P1567
2012-s4-A-PO-R2-M2,2012-s4-A,2012-s4,A,2,Round 2,2,P1805,P0368,1-7,P0368,P1805
2012-s4-A-PO-R2-M3,2012-s4-A,2012-s4,A,2,Round 2,3,P1765,P1825,7-5,P1765,P1825
2012-s4-A-PO-R2-M4,2012-s4-A,2012-s4,A,2,Round 2,4,P1808,P1063,4-7,P1063,P1808
2012-s4-A-PO-R2-M5,2012-s4-A,2012-s4,A,2,Round 2,5,P1578,P1316,7-1,P1578,P1316
2012-s4-A-PO-R2-M6,2012-s4-A,2012-s4,A,2,Round 2,6,P1791,P1249,7-2,P1791,P1249
2012-s4-A-PO-R2-M7,2012-s4-A,2012-s4,A,2,Round 2,7,P1251,P1528,8-6,P1251,P1528
2012-s4-A-PO-R2-M8,2012-s4-A,2012-s4,A,2,Round 2,8,P0969,P1732,7-2,P0969,P1732
2012-s4-A-PO-R3-M1,2012-s4-A,2012-s4,A,3,Quarter Final,1,P1202,P0368,4-7,P0368,P1202
2012-s4-A-PO-R3-M2,2012-s4-A,2012-s4,A,3,Quarter Final,2,P1765,P1063,7-3,P1765,P1063
2012-s4-A-PO-R3-M3,2012-s4-A,2012-s4,A,3,Quarter Final,3,P1578,P1791,3-7,P1791,P1578
2012-s4-A-PO-R3-M4,2012-s4-A,2012-s4,A,3,Quarter Final,4,P1251,P0969,3-7,P0969,P1251
2012-s4-A-PO-R4-M1,2012-s4-A,2012-s4,A,4,Semi Final,1,P0368,P1765,9-6,P0368,P1765
2012-s4-A-PO-R4-M2,2012-s4-A,2012-s4,A,4,Semi Final,2,P1791,P0969,4-9,P0969,P1791
2012-s4-A-PO-R5-M1,2012-s4-A,2012-s4,A,5,Final,1,P0368,P0969,9-5,P0368,P0969
2012-s4-B-PO-R1-M1,2012-s4-B,2012-s4,B,1,Round 1,1,P1779,,7-0,P1779,
2012-s4-B-PO-R1-M2,2012-s4-B,2012-s4,B,1,Round 1,2,P1829,P1664,DQ,P1664,P1829
2012-s4-B-PO-R1-M3,2012-s4-B,2012-s4,B,1,Round 1,3,P1437,,7-0,P1437,
2012-s4-B-PO-R1-M4,2012-s4-B,2012-s4,B,1,Round 1,4,P1772,,7-0,P1772,
2012-s4-B-PO-R1-M5,2012-s4-B,2012-s4,B,1,Round 1,5,P1751,,7-0,P1751,
2012-s4-B-PO-R1-M6,2012-s4-B,2012-s4,B,1,Round 1,6,P1733,P1786,4-7,P1786,P1733
2012-s4-B-PO-R1-M7,2012-s4-B,2012-s4,B,1,Round 1,7,P1401,,7-0,P1401,
2012-s4-B-PO-R1-M8,2012-s4-B,2012-s4,B,1,Round 1,8,P1381,P0772,7-3,P1381,P0772
2012-s4-B-PO-R1-M9,2012-s4-B,2012-s4,B,1,Round 1,9,P1717,,7-0,P1717,
2012-s4-B-PO-R1-M10,2012-s4-B,2012-s4,B,1,Round 1,10,P1794,P1763,8-6,P1794,P1763
2012-s4-B-PO-R1-M11,2012-s4-B,2012-s4,B,1,Round 1,11,P1813,,7-0,P1813,
2012-s4-B-PO-R1-M12,2012-s4-B,2012-s4,B,1,Round 1,12,P1807,,7-0,P1807,
2012-s4-B-PO-R1-M13,2012-s4-B,2012-s4,B,1,Round 1,13,P1735,,7-0,P1735,
2012-s4-B-PO-R1-M14,2012-s4-B,2012-s4,B,1,Round 1,14,P1837,P1736,DQ,P1837,P1736
2012-s4-B-PO-R1-M15,2012-s4-B,2012-s4,B,1,Round 1,15,P1739,,7-0,P1739,
2012-s4-B-PO-R1-M16,2012-s4-B,2012-s4,B,1,Round 1,16,P1458,P1643,7-5,P1458,P1643
2012-s4-B-PO-R2-M1,2012-s4-B,2012-s4,B,2,Round 2,1,P1779,P1664,DQ,P1779,P1664
2012-s4-B-PO-R2-M2,2012-s4-B,2012-s4,B,2,Round 2,2,P1437,P1772,2-7,P1772,P1437
2012-s4-B-PO-R2-M3,2012-s4-B,2012-s4,B,2,Round 2,3,P1751,P1786,7-3,P1751,P1786
2012-s4-B-PO-R2-M4,2012-s4-B,2012-s4,B,2,Round 2,4,P1401,P1381,7-4,P1401,P1381
2012-s4-B-PO-R2-M5,2012-s4-B,2012-s4,B,2,Round 2,5,P1717,P1794,1-7,P1794,P1717
2012-s4-B-PO-R2-M6,2012-s4-B,2012-s4,B,2,Round 2,6,P1813,P1807,7-5,P1813,P1807
2012-s4-B-PO-R2-M7,2012-s4-B,2012-s4,B,2,Round 2,7,P1735,P1837,4-7,P1837,P1735
2012-s4-B-PO-R2-M8,2012-s4-B,2012-s4,B,2,Round 2,8,P1739,P1458,8-6,P1739,P1458
2012-s4-B-PO-R3-M1,2012-s4-B,2012-s4,B,3,Quarter Final,1,P1779,P1772,4-7,P1772,P1779
2012-s4-B-PO-R3-M2,2012-s4-B,2012-s4,B,3,Quarter Final,2,P1751,P1401,DQ,P1751,P1401
2012-s4-B-PO-R3-M3,2012-s4-B,2012-s4,B,3,Quarter Final,3,P1794,P1813,0-7,P1813,P1794
2012-s4-B-PO-R3-M4,2012-s4-B,2012-s4,B,3,Quarter Final,4,P1837,P1739,9-7,P1837,P1739
2012-s4-B-PO-R4-M1,2012-s4-B,2012-s4,B,4,Semi Final,1,P1772,P1751,DQ,P1751,P1772
2012-s4-B-PO-R4-M2,2012-s4-B,2012-s4,B,4,Semi Final,2,P1813,P1837,9-2,P1813,P1837
2012-s4-B-PO-R5-M1,2012-s4-B,2012-s4,B,5,Final,1,P1751,P1813,9-7,P1751,P1813
2012-s5-A-PO-R1-M1,2012-s5-A,2012-s5,A,1,Round 1,1,P1202,,7-0,P1202,
2012-s5-A-PO-R1-M2,2012-s5-A,2012-s5,A,1,Round 1,2,P1587,P1104,3-7,P1104,P1587
2012-s5-A-PO-R1-M3,2012-s5-A,2012-s5,A,1,Round 1,3,P1758,,7-0,P1758,
2012-s5-A-PO-R1-M4,2012-s5-A,2012-s5,A,1,Round 1,4,P1567,,7-0,P1567,
2012-s5-A-PO-R1-M5,2012-s5-A,2012-s5,A,1,Round 1,5,P1802,,7-0,P1802,
2012-s5-A-PO-R1-M6,2012-s5-A,2012-s5,A,1,Round 1,6,P1085,P1851,3-7,P1851,P1085
2012-s5-A-PO-R1-M7,2012-s5-A,2012-s5,A,1,Round 1,7,P1765,,7-0,P1765,
2012-s5-A-PO-R1-M8,2012-s5-A,2012-s5,A,1,Round 1,8,P0969,P1825,7-5,P0969,P1825
2012-s5-A-PO-R1-M9,2012-s5-A,2012-s5,A,1,Round 1,9,P1732,,7-0,P1732,
2012-s5-A-PO-R1-M10,2012-s5-A,2012-s5,A,1,Round 1,10,P1788,P1757,6-8,P1757,P1788
2012-s5-A-PO-R1-M11,2012-s5-A,2012-s5,A,1,Round 1,11,P1791,,7-0,P1791,
2012-s5-A-PO-R1-M12,2012-s5-A,2012-s5,A,1,Round 1,12,P0182,,7-0,P0182,
2012-s5-A-PO-R1-M13,2012-s5-A,2012-s5,A,1,Round 1,13,P0368,,7-0,P0368,
2012-s5-A-PO-R1-M14,2012-s5-A,2012-s5,A,1,Round 1,14,P1531,P1808,2-7,P1808,P1531
2012-s5-A-PO-R1-M15,2012-s5-A,2012-s5,A,1,Round 1,15,P1793,,7-0,P1793,
2012-s5-A-PO-R1-M16,2012-s5-A,2012-s5,A,1,Round 1,16,P0984,P0064,DQ,P0064,P0984
2012-s5-A-PO-R2-M1,2012-s5-A,2012-s5,A,2,Round 2,1,P1202,P1104,8-6,P1202,P1104
2012-s5-A-PO-R2-M2,2012-s5-A,2012-s5,A,2,Round 2,2,P1758,P1567,0-3 (FF),P1567,P1758
2012-s5-A-PO-R2-M3,2012-s5-A,2012-s5,A,2,Round 2,3,P1802,P1851,8-6,P1802,P1851
2012-s5-A-PO-R2-M4,2012-s5-A,2012-s5,A,2,Round 2,4,P1765,P0969,7-2,P1765,P0969
2012-s5-A-PO-R2-M5,2012-s5-A,2012-s5,A,2,Round 2,5,P1732,P1757,7-1,P1732,P1757
2012-s5-A-PO-R2-M6,2012-s5-A,2012-s5,A,2,Round 2,6,P1791,P0182,4-7,P0182,P1791
2012-s5-A-PO-R2-M7,2012-s5-A,2012-s5,A,2,Round 2,7,P0368,P1808,DQ,P0368,P1808
2012-s5-A-PO-R2-M8,2012-s5-A,2012-s5,A,2,Round 2,8,P1793,P0064,8-6,P1793,P0064
2012-s5-A-PO-R3-M1,2012-s5-A,2012-s5,A,3,Quarter Final,1,P1202,P1567,8-6,P1202,P1567
2012-s5-A-PO-R3-M2,2012-s5-A,2012-s5,A,3,Quarter Final,2,P1802,P1765,7-1,P1802,P1765
2012-s5-A-PO-R3-M3,2012-s5-A,2012-s5,A,3,Quarter Final,3,P1732,P0182,6-8,P0182,P1732
2012-s5-A-PO-R3-M4,2012-s5-A,2012-s5,A,3,Quarter Final,4,P0368,P1793,6-8,P1793,P0368
2012-s5-A-PO-R4-M1,2012-s5-A,2012-s5,A,4,Semi Final,1,P1202,P1802,6-9,P1802,P1202
2012-s5-A-PO-R4-M2,2012-s5-A,2012-s5,A,4,Semi Final,2,P0182,P1793,9-4,P0182,P1793
2012-s5-A-PO-R5-M1,2012-s5-A,2012-s5,A,5,Final,1,P1802,P0182,10-8,P1802,P0182
2012-s5-B-PO-R1-M1,2012-s5-B,2012-s5,B,1,Round 1,1,P1734,,7-0,P1734,
2012-s5-B-PO-R1-M2,2012-s5-B,2012-s5,B,1,Round 1,2,P1183,,7-0,,
2012-s5-B-PO-R1-M3,2012-s5-B,2012-s5,B,1,Round 1,3,P1824,,7-0,P1824,
2012-s5-B-PO-R1-M4,2012-s5-B,2012-s5,B,1,Round 1,4,P1769,,7-0,,
2012-s5-B-PO-R1-M5,2012-s5-B,2012-s5,B,1,Round 1,5,P1818,,7-0,P1818,
2012-s5-B-PO-R1-M6,2012-s5-B,2012-s5,B,1,Round 1,6,P1604,,7-0,P1604,
2012-s5-B-PO-R1-M7,2012-s5-B,2012-s5,B,1,Round 1,7,P1813,,7-0,P1813,
2012-s5-B-PO-R1-M8,2012-s5-B,2012-s5,B,1,Round 1,8,P1779,,7-0,P1779,
2012-s5-B-PO-R1-M9,2012-s5-B,2012-s5,B,1,Round 1,9,P1807,,7-0,P1807,
2012-s5-B-PO-R1-M10,2012-s5-B,2012-s5,B,1,Round 1,10,P1828,,7-0,P1828,
2012-s5-B-PO-R1-M11,2012-s5-B,2012-s5,B,1,Round 1,11,P1717,,7-0,P1717,
2012-s5-B-PO-R1-M12,2012-s5-B,2012-s5,B,1,Round 1,12,P1816,,7-0,P1816,
2012-s5-B-PO-R1-M13,2012-s5-B,2012-s5,B,1,Round 1,13,P1536,,7-0,P1536,
2012-s5-B-PO-R1-M14,2012-s5-B,2012-s5,B,1,Round 1,14,P1786,,7-0,P1786,
2012-s5-B-PO-R1-M15,2012-s5-B,2012-s5,B,1,Round 1,15,P1763,,7-0,P1763,
2012-s5-B-PO-R1-M16,2012-s5-B,2012-s5,B,1,Round 1,16,P1768,,7-0,P1768,
2012-s5-B-PO-R2-M1,2012-s5-B,2012-s5,B,2,Round 2,1,P1734,,8-6,P1734,
2012-s5-B-PO-R2-M2,2012-s5-B,2012-s5,B,2,Round 2,2,P1824,,DQ,P1824,
2012-s5-B-PO-R2-M3,2012-s5-B,2012-s5,B,2,Round 2,3,P1818,P1604,DQ,P1818,P1604
2012-s5-B-PO-R2-M4,2012-s5-B,2012-s5,B,2,Round 2,4,P1813,P1779,7-1,P1813,P1779
2012-s5-B-PO-R2-M5,2012-s5-B,2012-s5,B,2,Round 2,5,P1807,P1828,3-7,P1828,P1807
2012-s5-B-PO-R2-M6,2012-s5-B,2012-s5,B,2,Round 2,6,P1717,P1816,7-4,P1717,P1816
2012-s5-B-PO-R2-M7,2012-s5-B,2012-s5,B,2,Round 2,7,P1536,P1786,7-4,P1536,P1786
2012-s5-B-PO-R2-M8,2012-s5-B,2012-s5,B,2,Round 2,8,P1763,P1768,7-5,P1763,P1768
2012-s5-B-PO-R3-M1,2012-s5-B,2012-s5,B,3,Quarter Final,1,P1734,P1824,DQ,P1734,P1824
2012-s5-B-PO-R3-M2,2012-s5-B,2012-s5,B,3,Quarter Final,2,P1818,P1813,7-2,P1818,P1813
2012-s5-B-PO-R3-M3,2012-s5-B,2012-s5,B,3,Quarter Final,3,P1828,P1717,3-7,P1717,P1828
2012-s5-B-PO-R3-M4,2012-s5-B,2012-s5,B,3,Quarter Final,4,P1536,P1763,8-6,P1536,P1763
2012-s5-B-PO-R4-M1,2012-s5-B,2012-s5,B,4,Semi Final,1,P1734,P1818,7-9,P1818,P1734
2012-s5-B-PO-R4-M2,2012-s5-B,2012-s5,B,4,Semi Final,2,P1717,P1536,9-6,P1717,P1536
2012-s5-B-PO-R5-M1,2012-s5-B,2012-s5,B,5,Final,1,P1818,P1717,9-7,P1818,P1717
2013-s1-A-PO-R1-M1,2013-s1-A,2013-s1,A,1,Round 1,1,P1791,,,P1791,
2013-s1-A-PO-R1-M2,2013-s1-A,2013-s1,A,1,Round 1,2,P1830,P1757,DQ,P1757,P1830
2013-s1-A-PO-R1-M3,2013-s1-A,2013-s1,A,1,Round 1,3,P0368,,,P0368,
2013-s1-A-PO-R1-M4,2013-s1-A,2013-s1,A,1,Round 1,4,P1578,,,P1578,
2013-s1-A-PO-R1-M5,2013-s1-A,2013-s1,A,1,Round 1,5,P1821,,,P1821,
2013-s1-A-PO-R1-M6,2013-s1-A,2013-s1,A,1,Round 1,6,P0969,P1425,7-2,P0969,P1425
2013-s1-A-PO-R1-M7,2013-s1-A,2013-s1,A,1,Round 1,7,P1825,,,P1825,
2013-s1-A-PO-R1-M8,2013-s1-A,2013-s1,A,1,Round 1,8,P1587,P1567,7-3,,
2013-s1-A-PO-R1-M9,2013-s1-A,2013-s1,A,1,Round 1,9,P1749,,,P1749,
2013-s1-A-PO-R1-M10,2013-s1-A,2013-s1,A,1,Round 1,10,P1531,P1202,7-2,P1202,P1531
2013-s1-A-PO-R1-M11,2013-s1-A,2013-s1,A,1,Round 1,11,P1096,,,P1096,
2013-s1-A-PO-R1-M12,2013-s1-A,2013-s1,A,1,Round 1,12,P1732,P0772,7-2,P0772,P1732
2013-s1-A-PO-R1-M13,2013-s1-A,2013-s1,A,1,Round 1,13,P1588,,,P1588,
2013-s1-A-PO-R1-M14,2013-s1-A,2013-s1,A,1,Round 1,14,P1936,P1526,7-4,P1936,P1526
2013-s1-A-PO-R1-M15,2013-s1-A,2013-s1,A,1,Round 1,15,P1270,,,P1270,
2013-s1-A-PO-R1-M16,2013-s1-A,2013-s1,A,1,Round 1,16,P0709,P1895,7-4,P0709,P1895
2013-s1-A-PO-R2-M1,2013-s1-A,2013-s1,A,2,Round 2,1,P1791,P1757,7-4,P1757,P1791
2013-s1-A-PO-R2-M2,2013-s1-A,2013-s1,A,2,Round 2,2,P0368,P1578,7-3,P1578,P0368
2013-s1-A-PO-R2-M3,2013-s1-A,2013-s1,A,2,Round 2,3,P1821,P0969,10-8,P0969,P1821
2013-s1-A-PO-R2-M4,2013-s1-A,2013-s1,A,2,Round 2,4,P1825,,7-1,,
2013-s1-A-PO-R2-M5,2013-s1-A,2013-s1,A,2,Round 2,5,P1749,P1202,8-6,P1749,P1202
2013-s1-A-PO-R2-M6,2013-s1-A,2013-s1,A,2,Round 2,6,P1096,P0772,7-1,P1096,P0772
2013-s1-A-PO-R2-M7,2013-s1-A,2013-s1,A,2,Round 2,7,P1588,P1936,9-7,P1588,P1936
2013-s1-A-PO-R2-M8,2013-s1-A,2013-s1,A,2,Round 2,8,P1270,P0709,8-6,P0709,P1270
2013-s1-A-PO-R3-M1,2013-s1-A,2013-s1,A,3,Quarter Final,1,P1757,P1578,7-4,P1578,P1757
2013-s1-A-PO-R3-M2,2013-s1-A,2013-s1,A,3,Quarter Final,2,P0969,,7-3,,
2013-s1-A-PO-R3-M3,2013-s1-A,2013-s1,A,3,Quarter Final,3,P1749,P1096,8-6,P1749,P1096
2013-s1-A-PO-R3-M4,2013-s1-A,2013-s1,A,3,Quarter Final,4,P1588,P0709,15-13,P1588,P0709
2013-s1-A-PO-R4-M1,2013-s1-A,2013-s1,A,4,Semi Final,1,P1578,,9-7,,
2013-s1-A-PO-R4-M2,2013-s1-A,2013-s1,A,4,Semi Final,2,P1749,P1588,9-6,P1749,P1588
2013-s1-A-PO-R5-M1,2013-s1-A,2013-s1,A,5,Final,1,,P1749,9-6,P1749,
2013-s1-B-PO-R1-M1,2013-s1-B,2013-s1,B,1,Round 1,1,P1734,,,P1734,
2013-s1-B-PO-R1-M2,2013-s1-B,2013-s1,B,1,Round 1,2,P1880,,,P1880,
2013-s1-B-PO-R1-M3,2013-s1-B,2013-s1,B,1,Round 1,3,P1911,,,P1911,
2013-s1-B-PO-R1-M4,2013-s1-B,2013-s1,B,1,Round 1,4,P1805,,,P1805,
2013-s1-B-PO-R1-M5,2013-s1-B,2013-s1,B,1,Round 1,5,P1813,,,P1813,
2013-s1-B-PO-R1-M6,2013-s1-B,2013-s1,B,1,Round 1,6,P1395,,,P1395,
2013-s1-B-PO-R1-M7,2013-s1-B,2013-s1,B,1,Round 1,7,P1807,,,P1807,
2013-s1-B-PO-R1-M8,2013-s1-B,2013-s1,B,1,Round 1,8,P1876,,,P1876,
2013-s1-B-PO-R1-M9,2013-s1-B,2013-s1,B,1,Round 1,9,P1604,,,P1604,
2013-s1-B-PO-R1-M10,2013-s1-B,2013-s1,B,1,Round 1,10,P1887,,,P1887,
2013-s1-B-PO-R1-M11,2013-s1-B,2013-s1,B,1,Round 1,11,P1763,,,P1763,
2013-s1-B-PO-R1-M12,2013-s1-B,2013-s1,B,1,Round 1,12,P1881,,,P1881,
2013-s1-B-PO-R1-M13,2013-s1-B,2013-s1,B,1,Round 1,13,P1523,,,P1523,
2013-s1-B-PO-R1-M14,2013-s1-B,2013-s1,B,1,Round 1,14,P1730,,,P1730,
2013-s1-B-PO-R1-M15,2013-s1-B,2013-s1,B,1,Round 1,15,P1873,,,P1873,
2013-s1-B-PO-R1-M16,2013-s1-B,2013-s1,B,1,Round 1,16,P1929,,,P1929,
2013-s1-B-PO-R2-M1,2013-s1-B,2013-s1,B,2,Round 2,1,P1734,P1880,7-0,P1734,P1880
2013-s1-B-PO-R2-M2,2013-s1-B,2013-s1,B,2,Round 2,2,P1911,P1805,7-4,P1805,P1911
2013-s1-B-PO-R2-M3,2013-s1-B,2013-s1,B,2,Round 2,3,P1813,P1395,7-4,,
2013-s1-B-PO-R2-M4,2013-s1-B,2013-s1,B,2,Round 2,4,P1807,P1876,8-6,P1876,P1807
2013-s1-B-PO-R2-M5,2013-s1-B,2013-s1,B,2,Round 2,5,P1604,P1887,DQ,P1604,P1887
2013-s1-B-PO-R2-M6,2013-s1-B,2013-s1,B,2,Round 2,6,P1763,P1881,8-6,P1881,P1763
2013-s1-B-PO-R2-M7,2013-s1-B,2013-s1,B,2,Round 2,7,P1523,P1730,7-4,P1523,P1730
2013-s1-B-PO-R2-M8,2013-s1-B,2013-s1,B,2,Round 2,8,P1873,P1929,7-5,P1929,P1873
2013-s1-B-PO-R3-M1,2013-s1-B,2013-s1,B,3,Quarter Final,1,P1734,P1805,7-5,P1734,P1805
2013-s1-B-PO-R3-M2,2013-s1-B,2013-s1,B,3,Quarter Final,2,,P1876,7-3,P1876,
2013-s1-B-PO-R3-M3,2013-s1-B,2013-s1,B,3,Quarter Final,3,P1604,P1881,7-3,P1604,P1881
2013-s1-B-PO-R3-M4,2013-s1-B,2013-s1,B,3,Quarter Final,4,P1523,P1929,7-1,P1523,P1929
2013-s1-B-PO-R4-M1,2013-s1-B,2013-s1,B,4,Semi Final,1,P1734,P1876,9-1,P1876,P1734
2013-s1-B-PO-R4-M2,2013-s1-B,2013-s1,B,4,Semi Final,2,P1604,P1523,9-4,P1604,P1523
2013-s1-B-PO-R5-M1,2013-s1-B,2013-s1,B,5,Final,1,P1876,P1604,9-7,P1604,P1876
2013-s2-A-PO-R1-M1,2013-s2-A,2013-s2,A,1,Round 1,1,P0969,,,P0969,
2013-s2-A-PO-R1-M2,2013-s2-A,2013-s2,A,1,Round 1,2,P1578,P1270,7-2,,
2013-s2-A-PO-R1-M3,2013-s2-A,2013-s2,A,1,Round 1,3,P0368,,,P0368,
2013-s2-A-PO-R1-M4,2013-s2-A,2013-s2,A,1,Round 1,4,P1396,,,P1396,
2013-s2-A-PO-R1-M5,2013-s2-A,2013-s2,A,1,Round 1,5,P1531,,,P1531,
2013-s2-A-PO-R1-M6,2013-s2-A,2013-s2,A,1,Round 1,6,P1894,P1202,8-6,P1202,P1894
2013-s2-A-PO-R1-M7,2013-s2-A,2013-s2,A,1,Round 1,7,P1587,,,P1587,
2013-s2-A-PO-R1-M8,2013-s2-A,2013-s2,A,1,Round 1,8,P1895,P1316,7-3,P1895,P1316
2013-s2-A-PO-R1-M9,2013-s2-A,2013-s2,A,1,Round 1,9,P1871,,,P1871,
2013-s2-A-PO-R1-M10,2013-s2-A,2013-s2,A,1,Round 1,10,P0182,P0464,7-3,P0182,P0464
2013-s2-A-PO-R1-M11,2013-s2-A,2013-s2,A,1,Round 1,11,P1588,,,P1588,
2013-s2-A-PO-R1-M12,2013-s2-A,2013-s2,A,1,Round 1,12,P1567,,,P1567,
2013-s2-A-PO-R1-M13,2013-s2-A,2013-s2,A,1,Round 1,13,P0709,,,P0709,
2013-s2-A-PO-R1-M14,2013-s2-A,2013-s2,A,1,Round 1,14,P1818,P1788,7-5,P1788,P1818
2013-s2-A-PO-R1-M15,2013-s2-A,2013-s2,A,1,Round 1,15,P1802,,,P1802,
2013-s2-A-PO-R1-M16,2013-s2-A,2013-s2,A,1,Round 1,16,P1909,P1734,7-5,P1909,P1734
2013-s2-A-PO-R2-M1,2013-s2-A,2013-s2,A,2,Round 2,1,P0969,,9-7,,
2013-s2-A-PO-R2-M2,2013-s2-A,2013-s2,A,2,Round 2,2,P0368,P1396,7-2,P0368,P1396
2013-s2-A-PO-R2-M3,2013-s2-A,2013-s2,A,2,Round 2,3,P1531,P1202,8-6,P1202,P1531
2013-s2-A-PO-R2-M4,2013-s2-A,2013-s2,A,2,Round 2,4,P1587,P1895,7-1,P1587,P1895
2013-s2-A-PO-R2-M5,2013-s2-A,2013-s2,A,2,Round 2,5,P1871,P0182,7-3,P0182,P1871
2013-s2-A-PO-R2-M6,2013-s2-A,2013-s2,A,2,Round 2,6,P1588,P1567,7-0,P1588,P1567
2013-s2-A-PO-R2-M7,2013-s2-A,2013-s2,A,2,Round 2,7,P0709,P1788,7-5,P0709,P1788
2013-s2-A-PO-R2-M8,2013-s2-A,2013-s2,A,2,Round 2,8,P1802,P1909,7-3,P1909,P1802
2013-s2-A-PO-R3-M1,2013-s2-A,2013-s2,A,3,Quarter Final,1,,P0368,7-4,P0368,
2013-s2-A-PO-R3-M2,2013-s2-A,2013-s2,A,3,Quarter Final,2,P1202,P1587,7-5,P1202,P1587
2013-s2-A-PO-R3-M3,2013-s2-A,2013-s2,A,3,Quarter Final,3,P0182,P1588,7-4,P0182,P1588
2013-s2-A-PO-R3-M4,2013-s2-A,2013-s2,A,3,Quarter Final,4,P0709,P1909,7-4,P0709,P1909
2013-s2-A-PO-R4-M1,2013-s2-A,2013-s2,A,4,Semi Final,1,P0368,P1202,9-4,P1202,P0368
2013-s2-A-PO-R4-M2,2013-s2-A,2013-s2,A,4,Semi Final,2,P0182,P0709,9-2,P0709,P0182
2013-s2-A-PO-R5-M1,2013-s2-A,2013-s2,A,5,Final,1,P1202,P0709,9-4,P1202,P0709
2013-s2-B-PO-R1-M1,2013-s2-B,2013-s2,B,1,Round 1,1,P1763,,,P1763,
2013-s2-B-PO-R1-M2,2013-s2-B,2013-s2,B,1,Round 1,2,,,,,
2013-s2-B-PO-R1-M3,2013-s2-B,2013-s2,B,1,Round 1,3,P1908,,,P1908,
2013-s2-B-PO-R1-M4,2013-s2-B,2013-s2,B,1,Round 1,4,P1873,,,P1873,
2013-s2-B-PO-R1-M5,2013-s2-B,2013-s2,B,1,Round 1,5,P1921,,,P1921,
2013-s2-B-PO-R1-M6,2013-s2-B,2013-s2,B,1,Round 1,6,P1731,P1586,DQ,P1731,P1586
2013-s2-B-PO-R1-M7,2013-s2-B,2013-s2,B,1,Round 1,7,P1880,,,P1880,
2013-s2-B-PO-R1-M8,2013-s2-B,2013-s2,B,1,Round 1,8,P1872,P1733,7-2,P1872,P1733
2013-s2-B-PO-R1-M9,2013-s2-B,2013-s2,B,1,Round 1,9,P1772,,,P1772,
2013-s2-B-PO-R1-M10,2013-s2-B,2013-s2,B,1,Round 1,10,,,,,
2013-s2-B-PO-R1-M11,2013-s2-B,2013-s2,B,1,Round 1,11,P1786,,,P1786,
2013-s2-B-PO-R1-M12,2013-s2-B,2013-s2,B,1,Round 1,12,P1901,P1926,10-8,P1901,P1926
2013-s2-B-PO-R1-M13,2013-s2-B,2013-s2,B,1,Round 1,13,P1730,,,P1730,
2013-s2-B-PO-R1-M14,2013-s2-B,2013-s2,B,1,Round 1,14,P1395,P1333,7-3,P1333,P1395
2013-s2-B-PO-R1-M15,2013-s2-B,2013-s2,B,1,Round 1,15,P1893,,,P1893,
2013-s2-B-PO-R1-M16,2013-s2-B,2013-s2,B,1,Round 1,16,P1381,P1859,9-7,P1859,P1381
2013-s2-B-PO-R2-M1,2013-s2-B,2013-s2,B,2,Round 2,1,P1763,,,P1763,
2013-s2-B-PO-R2-M2,2013-s2-B,2013-s2,B,2,Round 2,2,P1908,P1873,7-2,P1873,P1908
2013-s2-B-PO-R2-M3,2013-s2-B,2013-s2,B,2,Round 2,3,P1921,P1731,7-5,P1731,P1921
2013-s2-B-PO-R2-M4,2013-s2-B,2013-s2,B,2,Round 2,4,P1880,P1872,11-9,P1872,P1880
2013-s2-B-PO-R2-M5,2013-s2-B,2013-s2,B,2,Round 2,5,P1772,,,P1772,
2013-s2-B-PO-R2-M6,2013-s2-B,2013-s2,B,2,Round 2,6,P1786,P1901,7-5,P1786,P1901
2013-s2-B-PO-R2-M7,2013-s2-B,2013-s2,B,2,Round 2,7,P1730,P1333,9-7,P1730,P1333
2013-s2-B-PO-R2-M8,2013-s2-B,2013-s2,B,2,Round 2,8,P1893,P1859,11-9,P1893,P1859
2013-s2-B-PO-R3-M1,2013-s2-B,2013-s2,B,3,Quarter Final,1,P1763,P1873,7-5,P1763,P1873
2013-s2-B-PO-R3-M2,2013-s2-B,2013-s2,B,3,Quarter Final,2,P1731,P1872,7-3,P1731,P1872
2013-s2-B-PO-R3-M3,2013-s2-B,2013-s2,B,3,Quarter Final,3,P1772,P1786,7-3,P1772,P1786
2013-s2-B-PO-R3-M4,2013-s2-B,2013-s2,B,3,Quarter Final,4,P1730,P1893,7-4,P1730,P1893
2013-s2-B-PO-R4-M1,2013-s2-B,2013-s2,B,4,Semi Final,1,P1763,P1731,9-6,P1763,P1731
2013-s2-B-PO-R4-M2,2013-s2-B,2013-s2,B,4,Semi Final,2,P1772,P1730,9-6,P1772,P1730
2013-s2-B-PO-R5-M1,2013-s2-B,2013-s2,B,5,Final,1,P1763,P1772,9-6,P1772,P1763
2013-s3-A-PO-R1-M1,2013-s3-A,2013-s3,A,1,Round 1,1,P0969,,,P0969,
2013-s3-A-PO-R1-M2,2013-s3-A,2013-s3,A,1,Round 1,2,P1316,P1063,7-4,P1316,P1063
2013-s3-A-PO-R1-M3,2013-s3-A,2013-s3,A,1,Round 1,3,P1650,P0064,8-6,P1650,P0064
2013-s3-A-PO-R1-M4,2013-s3-A,2013-s3,A,1,Round 1,4,P0709,P1425,7-5,P0709,P1425
2013-s3-A-PO-R1-M5,2013-s3-A,2013-s3,A,1,Round 1,5,P1567,,,P1567,
2013-s3-A-PO-R1-M6,2013-s3-A,2013-s3,A,1,Round 1,6,P1732,P1578,7-5,P1732,P1578
2013-s3-A-PO-R1-M7,2013-s3-A,2013-s3,A,1,Round 1,7,P1202,,,P1202,
2013-s3-A-PO-R1-M8,2013-s3-A,2013-s3,A,1,Round 1,8,P1531,P1788,7-0,P1788,P1531
2013-s3-A-PO-R1-M9,2013-s3-A,2013-s3,A,1,Round 1,9,P1791,,,P1791,
2013-s3-A-PO-R1-M10,2013-s3-A,2013-s3,A,1,Round 1,10,P0873,P1830,DQ,P0873,P1830
2013-s3-A-PO-R1-M11,2013-s3-A,2013-s3,A,1,Round 1,11,P1752,P1270,7-5,P1270,P1752
2013-s3-A-PO-R1-M12,2013-s3-A,2013-s3,A,1,Round 1,12,P1587,P1809,7-5,P1587,P1809
2013-s3-A-PO-R1-M13,2013-s3-A,2013-s3,A,1,Round 1,13,P1802,,,P1802,
2013-s3-A-PO-R1-M14,2013-s3-A,2013-s3,A,1,Round 1,14,P1860,P1588,13-11,P1860,P1588
2013-s3-A-PO-R1-M15,2013-s3-A,2013-s3,A,1,Round 1,15,P1757,P1396,7-5,P1396,P1757
2013-s3-A-PO-R1-M16,2013-s3-A,2013-s3,A,1,Round 1,16,P1895,P1763,8-6,P1895,P1763
2013-s3-A-PO-R2-M1,2013-s3-A,2013-s3,A,2,Round 2,1,P0969,P1316,8-6,P0969,P1316
2013-s3-A-PO-R2-M2,2013-s3-A,2013-s3,A,2,Round 2,2,P1650,P0709,7-2,P0709,P1650
2013-s3-A-PO-R2-M3,2013-s3-A,2013-s3,A,2,Round 2,3,P1567,P1732,7-3,P1732,P1567
2013-s3-A-PO-R2-M4,2013-s3-A,2013-s3,A,2,Round 2,4,P1202,P1788,7-2,P1202,P1788
2013-s3-A-PO-R2-M5,2013-s3-A,2013-s3,A,2,Round 2,5,P1791,P0873,7-2,P1791,P0873
2013-s3-A-PO-R2-M6,2013-s3-A,2013-s3,A,2,Round 2,6,P1270,P1587,10-8,P1587,P1270
2013-s3-A-PO-R2-M7,2013-s3-A,2013-s3,A,2,Round 2,7,P1802,P1860,7-3,P1860,P1802
2013-s3-A-PO-R2-M8,2013-s3-A,2013-s3,A,2,Round 2,8,P1396,P1895,7-5,P1396,P1895
2013-s3-A-PO-R3-M1,2013-s3-A,2013-s3,A,3,Quarter Final,1,P0969,P0709,9-7,P0709,P0969
2013-s3-A-PO-R3-M2,2013-s3-A,2013-s3,A,3,Quarter Final,2,P1732,P1202,8-6,P1732,P1202
2013-s3-A-PO-R3-M3,2013-s3-A,2013-s3,A,3,Quarter Final,3,P1791,P1587,7-5,P1587,P1791
2013-s3-A-PO-R3-M4,2013-s3-A,2013-s3,A,3,Quarter Final,4,P1860,P1396,7-2,P1860,P1396
2013-s3-A-PO-R4-M1,2013-s3-A,2013-s3,A,4,Semi Final,1,P0709,P1732,10-8,P1732,P0709
2013-s3-A-PO-R4-M2,2013-s3-A,2013-s3,A,4,Semi Final,2,P1587,P1860,9-6,P1587,P1860
2013-s3-A-PO-R5-M1,2013-s3-A,2013-s3,A,5,Final,1,P1732,P1587,10-8,P1732,P1587
2013-s3-B-PO-R1-M1,2013-s3-B,2013-s3,B,1,Round 1,1,P1733,,,P1733,
2013-s3-B-PO-R1-M2,2013-s3-B,2013-s3,B,1,Round 1,2,,,,,
2013-s3-B-PO-R1-M3,2013-s3-B,2013-s3,B,1,Round 1,3,P1892,,,P1892,
2013-s3-B-PO-R1-M4,2013-s3-B,2013-s3,B,1,Round 1,4,P1837,,,P1837,
2013-s3-B-PO-R1-M5,2013-s3-B,2013-s3,B,1,Round 1,5,P1870,,,P1870,
2013-s3-B-PO-R1-M6,2013-s3-B,2013-s3,B,1,Round 1,6,P1908,P1858,7-3,P1908,P1858
2013-s3-B-PO-R1-M7,2013-s3-B,2013-s3,B,1,Round 1,7,P1466,,,P1466,
2013-s3-B-PO-R1-M8,2013-s3-B,2013-s3,B,1,Round 1,8,P1869,,,P1869,
2013-s3-B-PO-R1-M9,2013-s3-B,2013-s3,B,1,Round 1,9,P1791,,,P1791,
2013-s3-B-PO-R1-M10,2013-s3-B,2013-s3,B,1,Round 1,10,,,,,
2013-s3-B-PO-R1-M11,2013-s3-B,2013-s3,B,1,Round 1,11,P1899,,,P1899,
2013-s3-B-PO-R1-M12,2013-s3-B,2013-s3,B,1,Round 1,12,P1935,,,P1935,
2013-s3-B-PO-R1-M13,2013-s3-B,2013-s3,B,1,Round 1,13,P1664,,,P1664,
2013-s3-B-PO-R1-M14,2013-s3-B,2013-s3,B,1,Round 1,14,P1859,P1736,7-3,P1736,P1859
2013-s3-B-PO-R1-M15,2013-s3-B,2013-s3,B,1,Round 1,15,P1743,,,P1743,
2013-s3-B-PO-R1-M16,2013-s3-B,2013-s3,B,1,Round 1,16,P1896,P1381,7-3,P1896,P1381
2013-s3-B-PO-R2-M1,2013-s3-B,2013-s3,B,2,Round 2,1,P1733,,,P1733,
2013-s3-B-PO-R2-M2,2013-s3-B,2013-s3,B,2,Round 2,2,P1892,P1837,DQ,P1837,P1892
2013-s3-B-PO-R2-M3,2013-s3-B,2013-s3,B,2,Round 2,3,P1870,P1908,7-1,P1870,P1908
2013-s3-B-PO-R2-M4,2013-s3-B,2013-s3,B,2,Round 2,4,P1466,P1869,7-5,P1869,P1466
2013-s3-B-PO-R2-M5,2013-s3-B,2013-s3,B,2,Round 2,5,P1791,,,P1791,
2013-s3-B-PO-R2-M6,2013-s3-B,2013-s3,B,2,Round 2,6,P1899,P1935,7-0,P1935,P1899
2013-s3-B-PO-R2-M7,2013-s3-B,2013-s3,B,2,Round 2,7,P1664,P1736,7-2,P1664,P1736
2013-s3-B-PO-R2-M8,2013-s3-B,2013-s3,B,2,Round 2,8,P1743,P1896,7-1,P1896,P1743
2013-s3-B-PO-R3-M1,2013-s3-B,2013-s3,B,3,Quarter Final,1,P1733,P1837,DQ,P1733,P1837
2013-s3-B-PO-R3-M2,2013-s3-B,2013-s3,B,3,Quarter Final,2,P1870,P1869,7-1,P1869,P1870
2013-s3-B-PO-R3-M3,2013-s3-B,2013-s3,B,3,Quarter Final,3,P1791,P1935,7-5,P1935,P1791
2013-s3-B-PO-R3-M4,2013-s3-B,2013-s3,B,3,Quarter Final,4,P1664,P1896,8-6,P1896,P1664
2013-s3-B-PO-R4-M1,2013-s3-B,2013-s3,B,4,Semi Final,1,P1733,P1869,9-7,P1733,P1869
2013-s3-B-PO-R4-M2,2013-s3-B,2013-s3,B,4,Semi Final,2,P1935,P1896,10-8,P1896,P1935
2013-s3-B-PO-R5-M1,2013-s3-B,2013-s3,B,5,Final,1,P1733,P1896,9-3,P1896,P1733
2013-s4-A-PO-R1-M1,2013-s4-A,2013-s4,A,1,Round 1,1,P1830,,,P1830,
2013-s4-A-PO-R1-M2,2013-s4-A,2013-s4,A,1,Round 1,2,P1763,P1886,7-5,P1886,P1763
2013-s4-A-PO-R1-M3,2013-s4-A,2013-s4,A,1,Round 1,3,P0969,,,P0969,
2013-s4-A-PO-R1-M4,2013-s4-A,2013-s4,A,1,Round 1,4,P1788,P1588,7-5,P1788,P1588
2013-s4-A-PO-R1-M5,2013-s4-A,2013-s4,A,1,Round 1,5,P1791,,,P1791,
2013-s4-A-PO-R1-M6,2013-s4-A,2013-s4,A,1,Round 1,6,P1793,P1396,7-3,P1396,P1793
2013-s4-A-PO-R1-M7,2013-s4-A,2013-s4,A,1,Round 1,7,P1567,,,P1567,
2013-s4-A-PO-R1-M8,2013-s4-A,2013-s4,A,1,Round 1,8,P1270,P1316,,P1316,P1270
2013-s4-A-PO-R1-M9,2013-s4-A,2013-s4,A,1,Round 1,9,P1587,,,P1587,
2013-s4-A-PO-R1-M10,2013-s4-A,2013-s4,A,1,Round 1,10,P1419,P0064,7-4,P0064,P1419
2013-s4-A-PO-R1-M11,2013-s4-A,2013-s4,A,1,Round 1,11,P1650,,,P1650,
2013-s4-A-PO-R1-M12,2013-s4-A,2013-s4,A,1,Round 1,12,P0182,P1734,7-4,P0182,P1734
2013-s4-A-PO-R1-M13,2013-s4-A,2013-s4,A,1,Round 1,13,P1933,,,P1933,
2013-s4-A-PO-R1-M14,2013-s4-A,2013-s4,A,1,Round 1,14,P1732,P1202,7-5,P1732,P1202
2013-s4-A-PO-R1-M15,2013-s4-A,2013-s4,A,1,Round 1,15,P0368,,,P0368,
2013-s4-A-PO-R1-M16,2013-s4-A,2013-s4,A,1,Round 1,16,P1871,P1841,10-8,P1871,P1841
2013-s4-A-PO-R2-M1,2013-s4-A,2013-s4,A,2,Round 2,1,P1830,P1886,7-5,P1830,P1886
2013-s4-A-PO-R2-M2,2013-s4-A,2013-s4,A,2,Round 2,2,P0969,P1788,7-5,P0969,P1788
2013-s4-A-PO-R2-M3,2013-s4-A,2013-s4,A,2,Round 2,3,P1791,P1396,7-3,P1791,P1396
2013-s4-A-PO-R2-M4,2013-s4-A,2013-s4,A,2,Round 2,4,P1567,P1316,7-4,P1567,P1316
2013-s4-A-PO-R2-M5,2013-s4-A,2013-s4,A,2,Round 2,5,P1587,P0064,7-0,P1587,P0064
2013-s4-A-PO-R2-M6,2013-s4-A,2013-s4,A,2,Round 2,6,P1650,P0182,8-6,P1650,P0182
2013-s4-A-PO-R2-M7,2013-s4-A,2013-s4,A,2,Round 2,7,P1933,P1732,12-10,P1732,P1933
2013-s4-A-PO-R2-M8,2013-s4-A,2013-s4,A,2,Round 2,8,P0368,P1871,7-4,P1871,P0368
2013-s4-A-PO-R3-M1,2013-s4-A,2013-s4,A,3,Quarter Final,1,P1830,P0969,7-4,P0969,P1830
2013-s4-A-PO-R3-M2,2013-s4-A,2013-s4,A,3,Quarter Final,2,P1791,P1567,7-3,P1791,P1567
2013-s4-A-PO-R3-M3,2013-s4-A,2013-s4,A,3,Quarter Final,3,P1587,P1650,7-4,P1587,P1650
2013-s4-A-PO-R3-M4,2013-s4-A,2013-s4,A,3,Quarter Final,4,P1732,P1871,7-2,P1871,P1732
2013-s4-A-PO-R4-M1,2013-s4-A,2013-s4,A,4,Semi Final,1,P0969,P1791,9-3,P0969,P1791
2013-s4-A-PO-R4-M2,2013-s4-A,2013-s4,A,4,Semi Final,2,P1587,P1871,11-9,P1587,P1871
2013-s4-A-PO-R5-M1,2013-s4-A,2013-s4,A,5,Final,1,P0969,P1587,9-6,P1587,P0969
2013-s4-B-PO-R1-M1,2013-s4-B,2013-s4,B,1,Round 1,1,P1523,,,P1523,
2013-s4-B-PO-R1-M2,2013-s4-B,2013-s4,B,1,Round 1,2,P1586,P1179,7-4,P1179,P1586
2013-s4-B-PO-R1-M3,2013-s4-B,2013-s4,B,1,Round 1,3,P1743,,,P1743,
2013-s4-B-PO-R1-M4,2013-s4-B,2013-s4,B,1,Round 1,4,P1867,,,P1867,
2013-s4-B-PO-R1-M5,2013-s4-B,2013-s4,B,1,Round 1,5,P1861,,,P1861,
2013-s4-B-PO-R1-M6,2013-s4-B,2013-s4,B,1,Round 1,6,P0772,P1926,7-3,P0772,P1926
2013-s4-B-PO-R1-M7,2013-s4-B,2013-s4,B,1,Round 1,7,P1761,,,P1761,
2013-s4-B-PO-R1-M8,2013-s4-B,2013-s4,B,1,Round 1,8,P1730,,,P1730,
2013-s4-B-PO-R1-M9,2013-s4-B,2013-s4,B,1,Round 1,9,P1813,,,P1813,
2013-s4-B-PO-R1-M10,2013-s4-B,2013-s4,B,1,Round 1,10,P1717,P1872,7-2,P1872,P1717
2013-s4-B-PO-R1-M11,2013-s4-B,2013-s4,B,1,Round 1,11,P1899,,,,
2013-s4-B-PO-R1-M12,2013-s4-B,2013-s4,B,1,Round 1,12,P0364,,,P0364,
2013-s4-B-PO-R1-M13,2013-s4-B,2013-s4,B,1,Round 1,13,P1869,,,P1869,
2013-s4-B-PO-R1-M14,2013-s4-B,2013-s4,B,1,Round 1,14,P1904,P1859,7-3,P1904,P1859
2013-s4-B-PO-R1-M15,2013-s4-B,2013-s4,B,1,Round 1,15,P1919,,,P1919,
2013-s4-B-PO-R1-M16,2013-s4-B,2013-s4,B,1,Round 1,16,P1870,,,P1870,
2013-s4-B-PO-R2-M1,2013-s4-B,2013-s4,B,2,Round 2,1,P1523,P1179,7-3,P1523,P1179
2013-s4-B-PO-R2-M2,2013-s4-B,2013-s4,B,2,Round 2,2,P1743,P1867,7-4,P1867,P1743
2013-s4-B-PO-R2-M3,2013-s4-B,2013-s4,B,2,Round 2,3,P1861,P0772,8-6,P0772,P1861
2013-s4-B-PO-R2-M4,2013-s4-B,2013-s4,B,2,Round 2,4,P1761,P1730,7-3,P1761,P1730
2013-s4-B-PO-R2-M5,2013-s4-B,2013-s4,B,2,Round 2,5,P1813,P1872,DQ,P1813,P1872
2013-s4-B-PO-R2-M6,2013-s4-B,2013-s4,B,2,Round 2,6,,P0364,10-8,P0364,
2013-s4-B-PO-R2-M7,2013-s4-B,2013-s4,B,2,Round 2,7,P1869,P1904,7-0,,
2013-s4-B-PO-R2-M8,2013-s4-B,2013-s4,B,2,Round 2,8,P1919,P1870,7-4,P1870,P1919
2013-s4-B-PO-R3-M1,2013-s4-B,2013-s4,B,3,Quarter Final,1,P1523,P1867,7-5,P1523,P1867
2013-s4-B-PO-R3-M2,2013-s4-B,2013-s4,B,3,Quarter Final,2,P0772,P1761,9-7,P0772,P1761
2013-s4-B-PO-R3-M3,2013-s4-B,2013-s4,B,3,Quarter Final,3,P1813,P0364,7-2,P0364,P1813
2013-s4-B-PO-R3-M4,2013-s4-B,2013-s4,B,3,Quarter Final,4,,P1870,7-3,P1870,
2013-s4-B-PO-R4-M1,2013-s4-B,2013-s4,B,4,Semi Final,1,P1523,P0772,9-6,P1523,P0772
2013-s4-B-PO-R4-M2,2013-s4-B,2013-s4,B,4,Semi Final,2,P0364,P1870,,,
2013-s4-B-PO-R5-M1,2013-s4-B,2013-s4,B,5,Final,1,P1523,,,,
2013-s5-A-PO-R1-M1,2013-s5-A,2013-s5,A,1,Round 1,1,P1839,,,P1839,
2013-s5-A-PO-R1-M2,2013-s5-A,2013-s5,A,1,Round 1,2,P1588,P1788,9-7,P1788,P1588
2013-s5-A-PO-R1-M3,2013-s5-A,2013-s5,A,1,Round 1,3,P1830,,,P1830,
2013-s5-A-PO-R1-M4,2013-s5-A,2013-s5,A,1,Round 1,4,P1096,,,P1096,
2013-s5-A-PO-R1-M5,2013-s5-A,2013-s5,A,1,Round 1,5,P1316,,,,
2013-s5-A-PO-R1-M6,2013-s5-A,2013-s5,A,1,Round 1,6,P1793,P1396,7-1,P1793,P1396
2013-s5-A-PO-R1-M7,2013-s5-A,2013-s5,A,1,Round 1,7,P1270,,,P1270,
2013-s5-A-PO-R1-M8,2013-s5-A,2013-s5,A,1,Round 1,8,P0490,P1425,7-3,P0490,P1425
2013-s5-A-PO-R1-M9,2013-s5-A,2013-s5,A,1,Round 1,9,P1202,,,P1202,
2013-s5-A-PO-R1-M10,2013-s5-A,2013-s5,A,1,Round 1,10,P1732,P0772,7-4,P1732,P0772
2013-s5-A-PO-R1-M11,2013-s5-A,2013-s5,A,1,Round 1,11,P1871,,,P1871,
2013-s5-A-PO-R1-M12,2013-s5-A,2013-s5,A,1,Round 1,12,P1734,,,P1734,
2013-s5-A-PO-R1-M13,2013-s5-A,2013-s5,A,1,Round 1,13,P1567,,,P1567,
2013-s5-A-PO-R1-M14,2013-s5-A,2013-s5,A,1,Round 1,14,P1791,P1915,9-7,P1791,P1915
2013-s5-A-PO-R1-M15,2013-s5-A,2013-s5,A,1,Round 1,15,P1587,,,P1587,
2013-s5-A-PO-R1-M16,2013-s5-A,2013-s5,A,1,Round 1,16,P1860,,,P1860,
2013-s5-A-PO-R2-M1,2013-s5-A,2013-s5,A,2,Round 2,1,P1839,P1788,DQ,P1788,P1839
2013-s5-A-PO-R2-M2,2013-s5-A,2013-s5,A,2,Round 2,2,P1830,P1096,7-0,P1830,P1096
2013-s5-A-PO-R2-M3,2013-s5-A,2013-s5,A,2,Round 2,3,,P1793,8-6,,
2013-s5-A-PO-R2-M4,2013-s5-A,2013-s5,A,2,Round 2,4,P1270,P0490,7-0,P1270,P0490
2013-s5-A-PO-R2-M5,2013-s5-A,2013-s5,A,2,Round 2,5,P1202,P1732,7-4,P1202,P1732
2013-s5-A-PO-R2-M6,2013-s5-A,2013-s5,A,2,Round 2,6,P1871,P1734,7-3,P1871,P1734
2013-s5-A-PO-R2-M7,2013-s5-A,2013-s5,A,2,Round 2,7,P1567,P1791,7-5,P1791,P1567
2013-s5-A-PO-R2-M8,2013-s5-A,2013-s5,A,2,Round 2,8,P1587,P1860,7-3,P1860,P1587
2013-s5-A-PO-R3-M1,2013-s5-A,2013-s5,A,3,Quarter Final,1,P1788,P1830,7-4,P1788,P1830
2013-s5-A-PO-R3-M2,2013-s5-A,2013-s5,A,3,Quarter Final,2,,P1270,7-1,P1270,
2013-s5-A-PO-R3-M3,2013-s5-A,2013-s5,A,3,Quarter Final,3,P1202,P1871,7-5,P1202,P1871
2013-s5-A-PO-R3-M4,2013-s5-A,2013-s5,A,3,Quarter Final,4,P1791,P1860,7-2,P1791,P1860
2013-s5-A-PO-R4-M1,2013-s5-A,2013-s5,A,4,Semi Final,1,P1788,P1270,9-3,P1788,P1270
2013-s5-A-PO-R4-M2,2013-s5-A,2013-s5,A,4,Semi Final,2,P1202,P1791,9-6,P1791,P1202
2013-s5-A-PO-R5-M1,2013-s5-A,2013-s5,A,5,Final,1,P1788,P1791,9-4,P1791,P1788
2013-s5-B-PO-R1-M1,2013-s5-B,2013-s5,B,1,Round 1,1,P1867,P1761,7-3,P1761,P1867
2013-s5-B-PO-R1-M2,2013-s5-B,2013-s5,B,1,Round 1,2,P1213,P1666,7-1,P1213,P1666
2013-s5-B-PO-R1-M3,2013-s5-B,2013-s5,B,1,Round 1,3,P1879,P1901,7-4,P1901,P1879
2013-s5-B-PO-R1-M4,2013-s5-B,2013-s5,B,1,Round 1,4,P1891,P1753,7-5,P1753,P1891
2013-s5-B-PO-R1-M5,2013-s5-B,2013-s5,B,1,Round 1,5,P1593,P1925,7-3,P1593,P1925
2013-s5-B-PO-R1-M6,2013-s5-B,2013-s5,B,1,Round 1,6,P1919,P1813,7-1,P1813,P1919
2013-s5-B-PO-R1-M7,2013-s5-B,2013-s5,B,1,Round 1,7,P0364,P1928,7-4,P0364,P1928
2013-s5-B-PO-R1-M8,2013-s5-B,2013-s5,B,1,Round 1,8,P1743,P1664,7-4,P1743,P1664
2013-s5-B-PO-R2-M1,2013-s5-B,2013-s5,B,2,Quarter Final,1,P1761,P1213,7-5,P1213,P1761
2013-s5-B-PO-R2-M2,2013-s5-B,2013-s5,B,2,Quarter Final,2,P1901,P1753,7-5,P1901,P1753
2013-s5-B-PO-R2-M3,2013-s5-B,2013-s5,B,2,Quarter Final,3,P1593,P1813,7-4,P1593,P1813
2013-s5-B-PO-R2-M4,2013-s5-B,2013-s5,B,2,Quarter Final,4,P0364,P1743,7-2,P1743,P0364
2013-s5-B-PO-R3-M1,2013-s5-B,2013-s5,B,3,Semi Final,1,P1213,P1901,9-6,P1213,P1901
2013-s5-B-PO-R3-M2,2013-s5-B,2013-s5,B,3,Semi Final,2,P1593,P1743,9-5,P1593,P1743
2013-s5-B-PO-R4-M1,2013-s5-B,2013-s5,B,4,Final,1,P1213,P1593,9-5,P1593,P1213
2014-s1-A-PO-R1-M1,2014-s1-A,2014-s1,A,1,Round 1,1,P1805,,,P1805,
2014-s1-A-PO-R1-M2,2014-s1-A,2014-s1,A,1,Round 1,2,P1830,P1757,7-3,P1830,P1757
2014-s1-A-PO-R1-M3,2014-s1-A,2014-s1,A,1,Round 1,3,P1870,,,P1870,
2014-s1-A-PO-R1-M4,2014-s1-A,2014-s1,A,1,Round 1,4,P1425,,,P1425,
2014-s1-A-PO-R1-M5,2014-s1-A,2014-s1,A,1,Round 1,5,P1791,,,P1791,
2014-s1-A-PO-R1-M6,2014-s1-A,2014-s1,A,1,Round 1,6,P0754,P0772,8-6,P0754,P0772
2014-s1-A-PO-R1-M7,2014-s1-A,2014-s1,A,1,Round 1,7,P1860,,,P1860,
2014-s1-A-PO-R1-M8,2014-s1-A,2014-s1,A,1,Round 1,8,P1316,P1213,DQ,P1316,P1213
2014-s1-A-PO-R1-M9,2014-s1-A,2014-s1,A,1,Round 1,9,P1788,,,P1788,
2014-s1-A-PO-R1-M10,2014-s1-A,2014-s1,A,1,Round 1,10,P0969,P1531,7-3,P0969,P1531
2014-s1-A-PO-R1-M11,2014-s1-A,2014-s1,A,1,Round 1,11,P1419,,,P1419,
2014-s1-A-PO-R1-M12,2014-s1-A,2014-s1,A,1,Round 1,12,P1270,,,P1270,
2014-s1-A-PO-R1-M13,2014-s1-A,2014-s1,A,1,Round 1,13,P1587,,,P1587,
2014-s1-A-PO-R1-M14,2014-s1-A,2014-s1,A,1,Round 1,14,P1761,P1567,7-1,P1567,P1761
2014-s1-A-PO-R1-M15,2014-s1-A,2014-s1,A,1,Round 1,15,P1752,,,P1752,
2014-s1-A-PO-R1-M16,2014-s1-A,2014-s1,A,1,Round 1,16,P1841,P1825,7-5,P1825,P1841
2014-s1-A-PO-R2-M1,2014-s1-A,2014-s1,A,2,Round 2,1,P1805,P1830,7-3,P1830,P1805
2014-s1-A-PO-R2-M2,2014-s1-A,2014-s1,A,2,Round 2,2,P1870,P1425,7-4,P1425,P1870
2014-s1-A-PO-R2-M3,2014-s1-A,2014-s1,A,2,Round 2,3,P1791,P0754,7-1,P1791,P0754
2014-s1-A-PO-R2-M4,2014-s1-A,2014-s1,A,2,Round 2,4,P1860,P1316,9-7,P1860,P1316
2014-s1-A-PO-R2-M5,2014-s1-A,2014-s1,A,2,Round 2,5,P1788,P0969,7-3,P0969,P1788
2014-s1-A-PO-R2-M6,2014-s1-A,2014-s1,A,2,Round 2,6,P1419,P1270,7-3,P1419,P1270
2014-s1-A-PO-R2-M7,2014-s1-A,2014-s1,A,2,Round 2,7,P1587,P1567,7-5,P1567,P1587
2014-s1-A-PO-R2-M8,2014-s1-A,2014-s1,A,2,Round 2,8,P1752,P1825,7-5,P1752,P1825
2014-s1-A-PO-R3-M1,2014-s1-A,2014-s1,A,3,Quarter Final,1,P1830,P1425,7-5,P1830,P1425
2014-s1-A-PO-R3-M2,2014-s1-A,2014-s1,A,3,Quarter Final,2,P1791,P1860,7-2,P1791,P1860
2014-s1-A-PO-R3-M3,2014-s1-A,2014-s1,A,3,Quarter Final,3,P0969,P1419,7-3,P0969,P1419
2014-s1-A-PO-R3-M4,2014-s1-A,2014-s1,A,3,Quarter Final,4,P1567,P1752,7-5,P1752,P1567
2014-s1-A-PO-R4-M1,2014-s1-A,2014-s1,A,4,Semi Final,1,P1830,P1791,9-0,P1791,P1830
2014-s1-A-PO-R4-M2,2014-s1-A,2014-s1,A,4,Semi Final,2,P0969,P1752,9-6,P0969,P1752
2014-s1-A-PO-R5-M1,2014-s1-A,2014-s1,A,5,Final,1,P1791,P0969,9-3,P0969,P1791
2014-s1-B-PO-R1-M1,2014-s1-B,2014-s1,B,1,Round 1,1,P1941,P1730,8-6,P1730,P1941
2014-s1-B-PO-R1-M2,2014-s1-B,2014-s1,B,1,Round 1,2,P1733,P1859,7-5,P1733,P1859
2014-s1-B-PO-R1-M3,2014-s1-B,2014-s1,B,1,Round 1,3,P1813,P1937,7-1,P1813,P1937
2014-s1-B-PO-R1-M4,2014-s1-B,2014-s1,B,1,Round 1,4,P1736,P1879,7-4,P1736,P1879
2014-s1-B-PO-R1-M5,2014-s1-B,2014-s1,B,1,Round 1,5,P1743,P1943,7-4,P1943,P1743
2014-s1-B-PO-R1-M6,2014-s1-B,2014-s1,B,1,Round 1,6,P1381,P1771,7-2,P1771,P1381
2014-s1-B-PO-R1-M7,2014-s1-B,2014-s1,B,1,Round 1,7,P1355,P1717,9-7,P1717,P1355
2014-s1-B-PO-R1-M8,2014-s1-B,2014-s1,B,1,Round 1,8,P1904,P1586,7-4,P1586,P1904
2014-s1-B-PO-R2-M1,2014-s1-B,2014-s1,B,2,Quarter Final,1,P1730,P1733,11-9,P1733,P1730
2014-s1-B-PO-R2-M2,2014-s1-B,2014-s1,B,2,Quarter Final,2,P1813,P1736,7-2,P1813,P1736
2014-s1-B-PO-R2-M3,2014-s1-B,2014-s1,B,2,Quarter Final,3,P1943,P1771,7-2,P1771,P1943
2014-s1-B-PO-R2-M4,2014-s1-B,2014-s1,B,2,Quarter Final,4,P1717,P1586,8-6,P1717,P1586
2014-s1-B-PO-R3-M1,2014-s1-B,2014-s1,B,3,Semi Final,1,P1733,P1813,9-5,P1733,P1813
2014-s1-B-PO-R3-M2,2014-s1-B,2014-s1,B,3,Semi Final,2,P1771,P1717,11-9,P1771,P1717
2014-s1-B-PO-R4-M1,2014-s1-B,2014-s1,B,4,Final,1,P1733,P1771,9-5,P1733,P1771
