playoff_id,season_id,division,seed,player_id,handle
2005-s1-single,2005-s1,single,1,P0027,xlx_cerebro_xlx
2005-s1-single,2005-s1,single,2,P0007,mtvaldo
2005-s1-single,2005-s1,single,3,P0006,aka_chris_soccer
2005-s1-single,2005-s1,single,4,P0078,xlx_propooler_xlx
2005-s1-single,2005-s1,single,5,P0049,xlx_darkforce_xlx
2005-s1-single,2005-s1,single,6,P0055,Drummer_Dude
2005-s1-single,2005-s1,single,7,P0107,mspoolpro
2005-s1-single,2005-s1,single,8,P0067,IndianHacker
2005-s1-single,2005-s1,single,9,P0002,lvl_i_g_h_t_y
2005-s1-single,2005-s1,single,10,P0036,Mr_Clutch2005
2005-s1-single,2005-s1,single,11,P0082,Joker_69696
2005-s1-single,2005-s1,single,12,P0018,Bongman420_
2005-s1-single,2005-s1,single,13,P0058,Elite_Stealth_Trooper
2005-s1-single,2005-s1,single,14,P0014,l3ammy
2005-s1-single,2005-s1,single,15,P0046,da_underhacker
2005-s2-single,2005-s2,single,1,P0081,recognize_this_style
2005-s2-single,2005-s2,single,2,P0005,x0_adnan_0x
2005-s2-single,2005-s2,single,3,P0154,x0_adnan_x0
2005-s2-single,2005-s2,single,4,P0131,scott22883
2005-s2-single,2005-s2,single,5,P0024,british_pool_wizard
2005-s2-single,2005-s2,single,6,P0027,xlx_cerebro_xlx
2005-s2-single,2005-s2,single,7,P0004,im_god_x
2005-s2-single,2005-s2,single,8,P0037,xlx_bomber_xlx
2005-s2-single,2005-s2,single,9,P0060,fuzion_hero
2005-s2-single,2005-s2,single,10,P0018,bongman420_
2005-s2-single,2005-s2,single,11,P0103,mirkwood_bandit
2005-s2-single,2005-s2,single,12,P0007,mtvaldo
2005-s2-single,2005-s2,single,13,P0145,The_Big_Game
2005-s2-single,2005-s2,single,14,P0143,tanzania_pool
2005-s2-single,2005-s2,single,15,P0083,Joker69696
2005-s2-single,2005-s2,single,16,P0046,DA_underHACKER
2005-s2-single,2005-s2,single,17,P0087,l_sm3ll_l3lo0l7
2005-s2-single,2005-s2,single,18,P0080,xx_neme_uk_xx
2005-s2-single,2005-s2,single,19,P0057,el_awesomo
2005-s2-single,2005-s2,single,20,P0058,Elite_Stealth_Trooper
2005-s3-single,2005-s3,single,1,P0004,im_god_x
2005-s3-single,2005-s3,single,2,P0123,t_wolvesfan17
2005-s3-single,2005-s3,single,3,P0118,OXFORD_69
2005-s3-single,2005-s3,single,4,P0143,tanzania_pool
2005-s3-single,2005-s3,single,5,P0042,crypt6uardian
2005-s3-single,2005-s3,single,6,P0027,xlx_cerebro_xlx
2005-s3-single,2005-s3,single,7,P0132,xlx_a_p_c_xlx
2005-s3-single,2005-s3,single,8,P0061,Rock_007
2005-s3-single,2005-s3,single,9,P0023,british-pool_wizard
2005-s3-single,2005-s3,single,10,P0024,british_pool_wizard
2005-s3-single,2005-s3,single,11,P0007,mtvaldo
2005-s3-single,2005-s3,single,12,P0005,x0_adnan_0x
2005-s3-single,2005-s3,single,13,P0062,Nolimitgary
2005-s3-single,2005-s3,single,14,P0017,rvdblade
2005-s3-single,2005-s3,single,15,P0002,lvl_i_g_h_t_y
2005-s3-single,2005-s3,single,16,P0130,Scary911
2005-s3-single,2005-s3,single,17,P0045,da_nnyboy
2005-s3-single,2005-s3,single,18,P0073,xlx_britishpoolking_xlx
2005-s3-single,2005-s3,single,19,P0113,nick_87uk
2005-s3-single,2005-s3,single,20,P0001,_flip_16
2005-s3-single,2005-s3,single,21,P0080,xx_neme_uk_xx
2005-s3-single,2005-s3,single,22,P0063,gustavohan
2005-s4-single,2005-s4,single,1,P0032,dr_blastt
2005-s4-single,2005-s4,single,2,P0090,king_hustler2004
2005-s4-single,2005-s4,single,3,P0024,british_pool_wizard
2005-s4-single,2005-s4,single,4,P0104,xlx_pool_instinct_xlx
2005-s4-single,2005-s4,single,5,P0138,SPORTY_4_U
2005-s4-single,2005-s4,single,6,P0132,xlx_a_p_c_xlx
2005-s4-single,2005-s4,single,7,P0065,HaVoK_73
2005-s4-single,2005-s4,single,8,P0075,lxl_jerm_is_evil_lxl
2005-s4-single,2005-s4,single,9,P0026,Misshustler
2005-s4-single,2005-s4,single,10,P0063,Gustavohan
2005-s4-single,2005-s4,single,11,P0089,king2068
2005-s4-single,2005-s4,single,12,P0005,x0_adnan_0x
2005-s4-single,2005-s4,single,13,P0091,kingmatt_87
2005-s4-single,2005-s4,single,14,P0094,ll_ivey_ll
2005-s4-single,2005-s4,single,15,P0136,sonia_oberoi2k5
2005-s4-single,2005-s4,single,16,P0077,unclejimjim69
2005-s4-single,2005-s4,single,17,P0076,jmunoz3rd
2005-s4-single,2005-s4,single,18,P0074,jammy_hure
2005-s4-single,2005-s4,single,19,P0105,mjong_babe
2005-s4-single,2005-s4,single,20,P0123,t_wolvesfan17
2005-s4-single,2005-s4,single,21,P0048,jewish_pool_playa
2005-s4-single,2005-s4,single,22,P0027,xlx_cerebro_xlx
2005-s4-single,2005-s4,single,23,P0124,Ron_pool
2005-s4-single,2005-s4,single,24,P0035,xchrisxsoccerx
2005-s4-single,2005-s4,single,25,P0073,xlx_britishpoolking_xlx
2005-s4-single,2005-s4,single,26,P0042,crypt6uardian
2005-s4-single,2005-s4,single,27,P0029,jabronni16
2005-s4-single,2005-s4,single,28,P0009,copenhagen8us
2005-s4-single,2005-s4,single,29,P0059,firewolf87
2005-s4-single,2005-s4,single,30,P0071,james15_
2005-s4-single,2005-s4,single,31,P0033,Mr_Big_C
2005-s4-single,2005-s4,single,32,P0002,lvl_i_g_h_t_y
2005-s4-single,2005-s4,single,33,P0034,lllvlllenace2society
2005-s4-single,2005-s4,single,34,P0010,HawkeyeStriker
2005-s4-single,2005-s4,single,35,P0133,scott123_
2005-s4-single,2005-s4,single,36,P0143,tanzania_pool
2005-s4-single,2005-s4,single,37,P0060,fuzion_hero
2005-s4-single,2005-s4,single,38,P0140,zl_stu_lz
2005-s4-single,2005-s4,single,39,P0054,pool_hustler_don21
2005-s4-single,2005-s4,single,40,P0051,diosmaradonaforever
2005-s4-single,2005-s4,single,41,P0017,RvDBLADE
2005-s4-single,2005-s4,single,42,P0111,rl_deceptive
2006-s1-A,2006-s1,A,1,P0257,chris.karen
2006-s1-A,2006-s1,A,2,P0060,fuzion_hero
2006-s1-A,2006-s1,A,3,P0330,pool_hustler21
2006-s1-A,2006-s1,A,4,P0243,carlos_19_
2006-s1-A,2006-s1,A,5,P0362,MasterBlaster_
2006-s1-A,2006-s1,A,6,P0325,scien.tist
2006-s1-A,2006-s1,A,7,P0140,zl_stu_lz
2006-s1-A,2006-s1,A,8,P0238,c_hick.magnet
2006-s1-A,2006-s1,A,9,P0478,real_creampuff
2006-s1-A,2006-s1,A,10,P0332,dont
2006-s1-A,2006-s1,A,11,P0053,DJTipper
2006-s1-A,2006-s1,A,12,P0094,ll_ivey_ll
2006-s1-A,2006-s1,A,13,P0444,king_hustler2006
2006-s1-A,2006-s1,A,14,P0410,oxxjoexxo
2006-s1-A,2006-s1,A,15,P0024,british_pool_wizard
2006-s1-A,2006-s1,A,16,P0297,cue.ball
2006-s1-A,2006-s1,A,17,P0258,chris.dogg
2006-s1-A,2006-s1,A,18,P0476,lord.scott
2006-s1-A,2006-s1,A,19,P0062,nolimitgary
2006-s1-A,2006-s1,A,20,P0334,dr.skillz
2006-s1-A,2006-s1,A,21,P0545,skill_1st
2006-s1-A,2006-s1,A,22,P0569,sportsman.ship
2006-s1-A,2006-s1,A,23,P0316,kingof.8ball
2006-s1-A,2006-s1,A,24,P0490,masters_reborn
2006-s1-A,2006-s1,A,25,P0349,fire_wolf87
2006-s1-A,2006-s1,A,26,P0196,pool_warrior2002
2006-s1-A,2006-s1,A,27,P0033,Mr_Big_C
2006-s1-A,2006-s1,A,28,P0381,jam.jams
2006-s1-A,2006-s1,A,29,P0017,rvdblade
2006-s1-A,2006-s1,A,30,P0386,l_snookerd_l
2006-s1-A,2006-s1,A,31,P0619,ToddEms
2006-s1-A,2006-s1,A,32,P0073,xlx_britishpoolking_xlx
2006-s1-B,2006-s1,B,1,P0425,shark_0wnz
2006-s1-B,2006-s1,B,2,P0259,cubs_fan_21_07_04
2006-s1-B,2006-s1,B,3,P0502,My_Key
2006-s1-B,2006-s1,B,4,P0057,el_awesomo
2006-s1-B,2006-s1,B,5,P0160,_Korn_69
2006-s1-B,2006-s1,B,6,P0088,x_ketan_x
2006-s1-B,2006-s1,B,7,P0185,aka_pwnage
2006-s1-B,2006-s1,B,8,P0372,hazardhous_hustla
2006-s1-B,2006-s1,B,9,P0443,Killkings
2006-s1-B,2006-s1,B,10,P0398,jerfighter
2006-s1-B,2006-s1,B,11,P0450,king_vaughan
2006-s1-B,2006-s1,B,12,P0231,sassy_girl_40
2006-s1-B,2006-s1,B,13,P0387,youngen_kikinazz
2006-s1-B,2006-s1,B,14,P0546,perfect.skillz
2006-s1-B,2006-s1,B,15,P0341,electrical_anarchy
2006-s2-A,2006-s2,A,1,P0033,Mr_Big_C
2006-s2-A,2006-s2,A,2,P0165,aaron.from_hell
2006-s2-A,2006-s2,A,3,P0349,fire_wolf87
2006-s2-A,2006-s2,A,4,P0029,jabronni16
2006-s2-A,2006-s2,A,5,P0076,jmunoz3rd
2006-s2-A,2006-s2,A,6,P0024,british_pool_wizard
2006-s2-A,2006-s2,A,7,P0226,flipskatedc
2006-s2-A,2006-s2,A,8,P0158,1_exterminate_1
2006-s2-A,2006-s2,A,9,P0297,cue.ball
2006-s2-A,2006-s2,A,10,P0077,unclejimjim69
2006-s2-A,2006-s2,A,11,P0261,new.zealand
2006-s2-A,2006-s2,A,12,P0331,poker_hustler21
2006-s2-A,2006-s2,A,13,P0488,the_deathbat
2006-s2-A,2006-s2,A,14,P0274,Still_Trying
2006-s2-A,2006-s2,A,15,P0271,St_Jammy
2006-s2-A,2006-s2,A,16,P0478,real_creampuff
2006-s2-A,2006-s2,A,17,P0335,georgiapoolking
2006-s2-A,2006-s2,A,18,P0334,dr.skillz
2006-s2-A,2006-s2,A,19,P0053,DJTipper
2006-s2-A,2006-s2,A,20,P0224,MOLSON__CANADIAN
2006-s2-A,2006-s2,A,21,P0500,xlx_initiative_xlx
2006-s2-A,2006-s2,A,22,P0243,carlos_19_
2006-s2-A,2006-s2,A,23,P0487,MiZ
2006-s2-A,2006-s2,A,24,P0255,Chokshi.Krunal
2006-s2-A,2006-s2,A,25,P0140,zl_stu_lz
2006-s2-A,2006-s2,A,26,P0258,chris.dogg
2006-s2-A,2006-s2,A,27,P0062,NoLimitGary
2006-s2-A,2006-s2,A,28,P0197,king.striker
2006-s2-A,2006-s2,A,29,P0535,new.bies
2006-s2-A,2006-s2,A,30,P0388,on3g0d
2006-s2-A,2006-s2,A,31,P0411,MeetingJoe
2006-s2-B,2006-s2,B,1,P0429,k.evin
2006-s2-B,2006-s2,B,2,P0617,tubaccy_spittin_rebel
2006-s2-B,2006-s2,B,3,P0058,elite_stealth_trooper
2006-s2-B,2006-s2,B,4,P0502,My_Key
2006-s2-B,2006-s2,B,5,P0483,lvlr.nate
2006-s2-B,2006-s2,B,6,P0357,perfected.bangage
2006-s2-B,2006-s2,B,7,P0206,dp_simba_arjun
2006-s2-B,2006-s2,B,8,P0514,ownified
2006-s2-B,2006-s2,B,9,P0288,craig.2006
2006-s2-B,2006-s2,B,10,P0457,kula.
2006-s2-B,2006-s2,B,11,P0531,sonof.agun
2006-s2-B,2006-s2,B,12,P0614,xlx_shotz_xlx
2006-s2-B,2006-s2,B,13,P0289,sicc.hustler
2006-s2-B,2006-s2,B,14,P0272,clever_calm_craig
2006-s3-A,2006-s3,A,1,P0170,Ace7887
2006-s3-A,2006-s3,A,2,P0378,its.jason
2006-s3-A,2006-s3,A,3,P0617,tubaccy_spittin_rebel
2006-s3-A,2006-s3,A,4,P0289,sicc.hustler
2006-s3-A,2006-s3,A,5,P0161,_PureChaos_
2006-s3-A,2006-s3,A,6,P0364,goober.returns
2006-s3-A,2006-s3,A,7,P0535,new.bies
2006-s3-A,2006-s3,A,8,P0186,al_d_0
2006-s3-A,2006-s3,A,9,P0029,jabronni16
2006-s3-A,2006-s3,A,10,P0491,ta.lent
2006-s3-A,2006-s3,A,11,P0318,xll_irish_god_llx
2006-s3-A,2006-s3,A,12,P0428,mr.hustla
2006-s3-A,2006-s3,A,13,P0430,the_pool_apprentice
2006-s3-A,2006-s3,A,14,P0297,cue.ball
2006-s3-A,2006-s3,A,15,P0459,vikingsrule1234
2006-s3-A,2006-s3,A,16,P0018,bongman420_
2006-s3-A,2006-s3,A,17,P0252,chinkish
2006-s3-A,2006-s3,A,18,P0427,xlx_siccness_xlx
2006-s3-A,2006-s3,A,19,P0276,sir.nubby
2006-s3-A,2006-s3,A,20,P0331,poker_hustler21
2006-s3-A,2006-s3,A,21,P0478,real_creampuff
2006-s3-A,2006-s3,A,22,P0261,new.zealand
2006-s3-A,2006-s3,A,23,P0651,xlx_latinKiing_xlx
2006-s3-A,2006-s3,A,24,P0517,mopadmot
2006-s3-A,2006-s3,A,25,P0324,def.t0nes
2006-s3-A,2006-s3,A,26,P0333,dr.dreww
2006-s3-A,2006-s3,A,27,P0599,son.ofagun
2006-s3-A,2006-s3,A,28,P0545,skill_1st
2006-s3-A,2006-s3,A,29,P0275,ONEHUNDREDMILESPERHOUR
2006-s3-A,2006-s3,A,30,P0258,chris.dogg
2006-s3-A,2006-s3,A,31,P0393,uk.legend
2006-s3-B,2006-s3,B,1,P0196,Pool_Warrior2002
2006-s3-B,2006-s3,B,2,P0359,ggs.ty4p
2006-s3-B,2006-s3,B,3,P0383,pain_purifies
2006-s3-B,2006-s3,B,4,P0214,babe.racer
2006-s3-B,2006-s3,B,5,P0247,ch1cubs_1908
2006-s3-B,2006-s3,B,6,P0220,z3r0_pr0digy
2006-s3-B,2006-s3,B,7,P0281,cool.combos
2006-s3-B,2006-s3,B,8,P0329,DJBlaster
2006-s3-B,2006-s3,B,9,P0502,My_Key
2006-s3-B,2006-s3,B,10,P0353,im.sicc
2006-s3-B,2006-s3,B,11,P0529,Pimp_Machine
2006-s3-B,2006-s3,B,12,P0607,t_an_may
2006-s3-B,2006-s3,B,13,P0209,astro.wins
2006-s3-B,2006-s3,B,14,P0218,bang.time
2006-s4-A,2006-s4,A,1,P0263,Mr_Clutch
2006-s4-A,2006-s4,A,2,P0209,astro.wins
2006-s4-A,2006-s4,A,3,P0596,Silent_Fox
2006-s4-A,2006-s4,A,4,P0051,diosmaradonaforever
2006-s4-A,2006-s4,A,5,P0247,ch1cubs_1908
2006-s4-A,2006-s4,A,6,P0514,ownified
2006-s4-A,2006-s4,A,7,P0256,chr_lst
2006-s4-A,2006-s4,A,8,P0166,sir.mighty
2006-s4-A,2006-s4,A,9,P0653,Zack_FX
2006-s4-A,2006-s4,A,10,P0018,bongman420_
2006-s4-A,2006-s4,A,11,P0029,jabronni16
2006-s4-A,2006-s4,A,12,P0444,king_hustler2006
2006-s4-A,2006-s4,A,13,P0080,xx_neme_uk_xx
2006-s4-A,2006-s4,A,14,P0319,XxXxX_iRiSh_GoD_XxXxX
2006-s4-A,2006-s4,A,15,P0264,christobaI
2006-s4-A,2006-s4,A,16,P0181,air_cheeser
2006-s4-A,2006-s4,A,17,P0638,XxXxXxX_Tyler_XxXxXxX
2006-s4-A,2006-s4,A,18,P0378,its.jason
2006-s4-A,2006-s4,A,19,P0427,xlx_siccness_xlx
2006-s4-A,2006-s4,A,20,P0030,chokshi_krunal
2006-s4-A,2006-s4,A,21,P0478,real_creampuff
2006-s4-A,2006-s4,A,22,P0035,xchrisxsoccerx
2006-s4-A,2006-s4,A,23,P0179,expired.expert
2006-s4-A,2006-s4,A,24,P0622,tomdapom
2006-s4-A,2006-s4,A,25,P0232,l_cLoGz_l
2006-s4-A,2006-s4,A,26,P0407,oX_Jesse
2006-s4-A,2006-s4,A,27,P0297,cue.ball
2006-s4-A,2006-s4,A,28,P0258,chris.dogg
2006-s4-A,2006-s4,A,29,P0324,def.t0nes
2006-s4-A,2006-s4,A,30,P0198,xxKingof.Kingsxx
2006-s4-A,2006-s4,A,31,P0607,t_an_may
2006-s4-A,2006-s4,A,32,P0161,_purechaos_
2006-s4-B,2006-s4,B,1,P0601,ste.1981
2006-s4-B,2006-s4,B,2,P0616,tino_nica
2006-s4-B,2006-s4,B,3,P0009,copenhagen8us
2006-s4-B,2006-s4,B,4,P0285,retired.player
2006-s4-B,2006-s4,B,5,P0634,tubbacy_spittin_rebel
2006-s4-B,2006-s4,B,6,P0359,ggs.ty4p
2006-s4-B,2006-s4,B,7,P0543,p1mp_j0ker
2006-s4-B,2006-s4,B,8,P0466,l_dope_boi_magic_l
2006-s4-B,2006-s4,B,9,P0524,nakash_qamar
2006-s4-B,2006-s4,B,10,P0201,xXxXx_RuDeBoY_xXxXx
2006-s4-B,2006-s4,B,11,P0250,ll_chex_ll
2006-s4-B,2006-s4,B,12,P0556,r0ckst4r
2006-s4-B,2006-s4,B,13,P0157,0.z@sbcglobal.net
2006-s4-B,2006-s4,B,14,P0513,mon_e_hoopz
2006-s4-B,2006-s4,B,15,P0221,xVx_Zero_Prodigy_xVx
2006-s4-B,2006-s4,B,16,P0376,Iceflamesunstar
2006-s4-B,2006-s4,B,17,P0542,Outlaw_Joker
2006-s4-B,2006-s4,B,18,P0527,NiGGa_Nav_Is_Here
2006-s4-B,2006-s4,B,19,P0645,uslander@sbcglobal.net.
2006-s4-B,2006-s4,B,20,P0183,aka_l3ells
2006-s4-B,2006-s4,B,21,P0401,x_j_e_r_e_m_y
2006-s4-B,2006-s4,B,22,P0281,cool.combos
2006-s5-A,2006-s5,A,1,P0478,real_creampuff
2006-s5-A,2006-s5,A,2,P0237,busted_balls_of_cheese
2006-s5-A,2006-s5,A,3,P0440,kidfromperu
2006-s5-A,2006-s5,A,4,P0179,expired.expert
2006-s5-A,2006-s5,A,5,P0227,FLIPMODE_M
2006-s5-A,2006-s5,A,6,P0542,Outlaw_Joker
2006-s5-A,2006-s5,A,7,P0073,xlx_britishpoolking_xlx
2006-s5-A,2006-s5,A,8,P0653,Zack_Fx
2006-s5-A,2006-s5,A,9,P0609,zero.sugar
2006-s5-A,2006-s5,A,10,P0297,cue.ball
2006-s5-A,2006-s5,A,11,P0553,pool_king_neo
2006-s5-A,2006-s5,A,12,P0333,dr.dreww
2006-s5-A,2006-s5,A,13,P0375,rk0ed
2006-s5-A,2006-s5,A,14,P0257,chris.karen
2006-s5-A,2006-s5,A,15,P0233,cubskilla87
2006-s5-A,2006-s5,A,16,P0172,owned_ggs
2006-s5-A,2006-s5,A,17,P0242,pool.beauty
2006-s5-A,2006-s5,A,18,P0196,pool_warrior2002
2006-s5-A,2006-s5,A,19,P0585,xlx_southside_pool_genius_xlx
2006-s5-A,2006-s5,A,20,P0622,tomdapom
2006-s5-A,2006-s5,A,21,P0206,dp_simba_arjun
2006-s5-A,2006-s5,A,22,P0076,jmunoz3rd
2006-s5-A,2006-s5,A,23,P0060,fuzion_hero
2006-s5-A,2006-s5,A,24,P0029,jabronni16
2006-s5-A,2006-s5,A,25,P0018,bongman420_
2006-s5-A,2006-s5,A,26,P0250,ll_chex_ll
2006-s5-A,2006-s5,A,27,P0378,its.jason
2006-s5-A,2006-s5,A,28,P0366,XX_APOCALYPSYS_XX
2006-s5-A,2006-s5,A,29,P0030,chokshi_krunal
2006-s5-A,2006-s5,A,30,P0324,def.t0nes
2006-s5-A,2006-s5,A,31,P0377,inviz1ble
2006-s5-A,2006-s5,A,32,P0295,crixal
2006-s5-A,2006-s5,A,33,P0186,al_D_0
2006-s5-A,2006-s5,A,34,P0495,o.wn4age
2006-s5-A,2006-s5,A,35,P0430,the_pool_apprentice
2006-s5-A,2006-s5,A,36,P0642,xl_lrielx
2006-s5-A,2006-s5,A,37,P0245,Latinkiing
2006-s5-A,2006-s5,A,38,P0140,zl_stu_lz
2006-s5-A,2006-s5,A,39,P0461,upm_kyle
2006-s5-B,2006-s5,B,1,P0248,cha0tic_01
2006-s5-B,2006-s5,B,2,P0223,motown.champion
2006-s5-B,2006-s5,B,3,P0350,flash_the_legend
2006-s5-B,2006-s5,B,4,P0437,krazy_kevy
2006-s5-B,2006-s5,B,5,P0524,nakash_qamar
2006-s5-B,2006-s5,B,6,P0470,petez_chic
2006-s5-B,2006-s5,B,7,P0519,mr.8pac
2006-s5-B,2006-s5,B,8,P0009,copenhagen8us
2006-s5-B,2006-s5,B,9,P0217,bang.king
2006-s5-B,2006-s5,B,10,P0163,AAmazingPlAAyer
2006-s5-B,2006-s5,B,11,P0266,t0_ez
2006-s5-B,2006-s5,B,12,P0475,Lm_chuck_norris
2006-s5-B,2006-s5,B,13,P0327,Devilstature
2006-s5-B,2006-s5,B,14,P0183,aka_l3ells
2006-s5-B,2006-s5,B,15,P0361,godly_keithtottingham
2006-s5-B,2006-s5,B,16,P0131,scott22883
2006-s5-B,2006-s5,B,17,P0205,arctic_cat_limited
2006-s5-B,2006-s5,B,18,P0580,S0NIC_S0UL
2006-s5-B,2006-s5,B,19,P0249,l2avenclaw
2006-s5-B,2006-s5,B,20,,bye
2006-s5-B,2006-s5,B,21,P0291,xlx_ukpoolgod_xlx
2006-s6-A,2006-s6,A,1,P0478,real_creampuff
2006-s6-A,2006-s6,A,2,P0473,ll_xlnc_ll
2006-s6-A,2006-s6,A,3,P0172,owned_ggs
2006-s6-A,2006-s6,A,4,P0600,southside_pool_genius
2006-s6-A,2006-s6,A,5,P0073,xlx_britishpoolking_xlx
2006-s6-A,2006-s6,A,6,P0410,oxxjoexxo
2006-s6-A,2006-s6,A,7,P0422,x_psychopath_unleashed_x
2006-s6-A,2006-s6,A,8,P0519,mr.8pac
2006-s6-A,2006-s6,A,9,P0270,chrisxkaren
2006-s6-A,2006-s6,A,10,P0485,maldito_0z
2006-s6-A,2006-s6,A,11,P0368,XX_APOCALIPSYS_XX
2006-s6-A,2006-s6,A,12,P0162,a_l_d0
2006-s6-A,2006-s6,A,13,P0029,jabronni16
2006-s6-A,2006-s6,A,14,P0523,n3wfie
2006-s6-A,2006-s6,A,15,P0247,ch1cubs_1908
2006-s6-A,2006-s6,A,16,P0224,MOLSON__CANADIAN
2006-s6-A,2006-s6,A,17,P0653,Zack_Fx
2006-s6-A,2006-s6,A,18,P0215,badass_drummer
2006-s6-A,2006-s6,A,19,P0196,pool_warrior2002
2006-s6-A,2006-s6,A,20,P0205,arctic_cat_limited
2006-s6-A,2006-s6,A,21,P0297,cue.ball
2006-s6-A,2006-s6,A,22,P0642,xl_lrielx
2006-s6-A,2006-s6,A,23,P0365,Guitar_and_Pen
2006-s6-A,2006-s6,A,24,P0552,pool.perfected
2006-s6-A,2006-s6,A,25,P0477,Lord_Simpson
2006-s6-A,2006-s6,A,26,P0622,tomdapom
2006-s6-A,2006-s6,A,27,P0378,its.jason
2006-s6-A,2006-s6,A,28,P0206,dp_simba_arjun
2006-s6-A,2006-s6,A,29,P0030,chokshi_krunal
2006-s6-A,2006-s6,A,30,P0612,the.complexity
2006-s6-A,2006-s6,A,31,P0474,lll_mongoose_lll
2006-s6-A,2006-s6,A,32,P0306,dan.79
2006-s6-B,2006-s6,B,1,P0448,king.nathan
2006-s6-B,2006-s6,B,2,P0574,rps.pimp
2006-s6-B,2006-s6,B,3,P0371,wizard22_
2006-s6-B,2006-s6,B,4,P0576,rum.punch
2006-s6-B,2006-s6,B,5,P0437,krazy_kevy
2006-s6-B,2006-s6,B,6,P0009,copenhagen8us
2006-s6-B,2006-s6,B,7,P0597,silly_billy_gumdrops
2006-s6-B,2006-s6,B,8,P0464,l3igg.daddy69
2006-s6-B,2006-s6,B,9,P0239,c_l2_a_l_g
2006-s6-B,2006-s6,B,10,P0520,mrs_camtasia
2006-s6-B,2006-s6,B,11,P0126,xlx_rivaldo_xlx
2006-s6-B,2006-s6,B,12,P0434,ket.an
2006-s6-B,2006-s6,B,13,P0652,xsmoke.dogx
2006-s6-B,2006-s6,B,14,P0299,curtis.brannan
2006-s6-B,2006-s6,B,15,P0648,x_sicc_x
2006-s6-B,2006-s6,B,16,P0449,king_lvlatt
2006-s7-A,2006-s7,A,1,P0653,Zack_Fx
2006-s7-A,2006-s7,A,2,P0653,Zack_Fx
2006-s7-A,2006-s7,A,3,P0377,inviz1ble
2006-s7-A,2006-s7,A,4,P0380,ps.i_missyou
2006-s7-A,2006-s7,A,5,P0172,owned_ggs
2006-s7-A,2006-s7,A,6,P0172,owned_ggs
2006-s7-A,2006-s7,A,7,P0204,kurvva_mac_ggs_blnt_tyfp
2006-s7-A,2006-s7,A,8,P0653,Zack_Fx
2006-s7-A,2006-s7,A,9,P0422,x_psychopath_unleashed_x
2006-s7-A,2006-s7,A,10,P0422,x_psychopath_unleashed_x
2006-s7-A,2006-s7,A,11,P0378,its.jason
2006-s7-A,2006-s7,A,12,P0216,l3am_i_s_a_legend
2006-s7-A,2006-s7,A,13,P0297,cue.ball
2006-s7-A,2006-s7,A,14,P0297,cue.ball
2006-s7-A,2006-s7,A,15,P0060,fuzion_hero
2006-s7-A,2006-s7,A,16,P0609,zero.sugar
2006-s7-A,2006-s7,A,17,P0205,arctic_cat_limited
2006-s7-A,2006-s7,A,18,P0205,arctic_cat_limited
2006-s7-A,2006-s7,A,19,P0622,TomDaPom
2006-s7-A,2006-s7,A,20,P0561,redneck_fromhell
2006-s7-A,2006-s7,A,21,P0409,jj2011jj
2006-s7-A,2006-s7,A,22,P0213,aztec.soul
2006-s7-A,2006-s7,A,23,P0213,aztec.soul
2006-s7-A,2006-s7,A,24,P0073,xlx_britishpoolking_xlx
2006-s7-A,2006-s7,A,25,P0440,kidfromperu
2006-s7-A,2006-s7,A,26,P0073,xlx_britishpoolking_xlx
2006-s7-A,2006-s7,A,27,P0073,xlx_britishpoolking_xlx
2006-s7-A,2006-s7,A,28,P0210,Aussie_Spy
2006-s7-A,2006-s7,A,29,P0363,goober_tyler
2006-s7-A,2006-s7,A,30,P0363,goober_tyler
2006-s7-A,2006-s7,A,31,P0427,xlx_siccness_xlx
2006-s7-A,2006-s7,A,32,P0653,Zack_Fx
2006-s7-A,2006-s7,A,33,P0235,mix.masta
2006-s7-A,2006-s7,A,34,P0235,mix.masta
2006-s7-A,2006-s7,A,35,P0581,safetydawgg
2006-s7-A,2006-s7,A,36,P0541,outlaw.joker
2006-s7-A,2006-s7,A,37,P0278,ranbroke
2006-s7-A,2006-s7,A,38,P0278,ranbroke
2006-s7-A,2006-s7,A,39,P0239,c_l2_a_l_g
2006-s7-A,2006-s7,A,40,P0235,mix.masta
2006-s7-A,2006-s7,A,41,P0385,King_James_
2006-s7-A,2006-s7,A,42,P0258,chris.dogg
2006-s7-A,2006-s7,A,43,P0140,zl_stu_lz
2006-s7-A,2006-s7,A,44,P0258,chris.dogg
2006-s7-A,2006-s7,A,45,P0270,chrisxkaren
2006-s7-A,2006-s7,A,46,P0270,chrisxkaren
2006-s7-A,2006-s7,A,47,P0333,dr.dreww
2006-s7-A,2006-s7,A,48,P0616,tino_nica
2006-s7-A,2006-s7,A,49,P0493,o.wn4ge
2006-s7-A,2006-s7,A,50,P0493,o.wn4ge
2006-s7-A,2006-s7,A,51,P0076,jmunoz3rd
2006-s7-A,2006-s7,A,52,P0186,al_d_0
2006-s7-A,2006-s7,A,53,P0321,xlx_under_dog_xlx
2006-s7-A,2006-s7,A,54,P0300,d.an79
2006-s7-A,2006-s7,A,55,P0300,d.an79
2006-s7-A,2006-s7,A,56,P0512,pool.instinct
2006-s7-A,2006-s7,A,57,P0512,pool.instinct
2006-s7-A,2006-s7,A,58,P0512,pool.instinct
2006-s7-A,2006-s7,A,59,P0184,aka_pomking
2006-s7-A,2006-s7,A,60,P0383,pain_purifies
2006-s7-A,2006-s7,A,61,P0247,ch1cubs_1908
2006-s7-A,2006-s7,A,62,P0535,new.bies
2006-s7-A,2006-s7,A,63,P0535,new.bies
2006-s7-B,2006-s7,B,1,P0371,wizard22_
2006-s7-B,2006-s7,B,2,P0344,real_fkin_deal
2006-s7-B,2006-s7,B,3,P0465,l3itch.slap
2006-s7-B,2006-s7,B,4,P0344,real_fkin_deal
2006-s7-B,2006-s7,B,5,P0307,xXx_Sa_t_an_xXx
2006-s7-B,2006-s7,B,6,P0301,d.aym0 W/C
2006-s7-B,2006-s7,B,7,P0605,strawberry.goddess W/C
2006-s7-B,2006-s7,B,8,P0550,pimp.tactics
2006-s7-B,2006-s7,B,9,P0484,playhard_
2006-s7-B,2006-s7,B,10,P0484,playhard_
2006-s7-B,2006-s7,B,11,P0538,noobtastic_aimer
2006-s7-B,2006-s7,B,12,P0447,king.2068
2006-s7-B,2006-s7,B,13,P0447,king.2068
2006-s7-B,2006-s7,B,14,P0009,copenhagen8us
2006-s7-B,2006-s7,B,15,P0241,canadian_pool_stud
2006-s7-B,2006-s7,B,16,P0240,x_majik_shots_x
2006-s7-B,2006-s7,B,17,P0240,x_majik_shots_x
2006-s7-B,2006-s7,B,18,P0591,stonesy_plp
2006-s7-B,2006-s7,B,19,P0196,pool_warrior2002
2006-s7-B,2006-s7,B,20,P0217,bang.king
2006-s7-B,2006-s7,B,21,P0433,kerryanne_24 W/C
2006-s7-B,2006-s7,B,22,P0327,Devilstature
2006-s7-B,2006-s7,B,23,P0442,kid_cardiff W/C
2006-s7-B,2006-s7,B,24,P0159,_DBest
2006-s7-B,2006-s7,B,25,P0219,bar.wars
2006-s7-B,2006-s7,B,26,P0302,dahstroy
2006-s7-B,2006-s7,B,27,P0302,dahstroy
2006-s7-B,2006-s7,B,28,P0296,so_wolf_cub4
2006-s7-B,2006-s7,B,29,P0608,ta.lent W/C
2007-s1-A,2007-s1,A,1,P0853,Msc_Masta
2007-s1-A,2007-s1,A,2,P0853,Msc_Masta
2007-s1-A,2007-s1,A,3,P0363,goober_tyler
2007-s1-A,2007-s1,A,4,P0007,mtvaldo
2007-s1-A,2007-s1,A,5,P0261,new.zealand
2007-s1-A,2007-s1,A,6,P0617,tubaccy_spittin_rebel
2007-s1-A,2007-s1,A,7,P0076,Jmunoz3rd
2007-s1-A,2007-s1,A,8,P0484,Playhard_
2007-s1-A,2007-s1,A,9,P0512,pool.instinct
2007-s1-A,2007-s1,A,10,P0493,o.wn4ge
2007-s1-A,2007-s1,A,11,P0812,o00_mwxzk_00o
2007-s1-A,2007-s1,A,12,P0205,arctic_cat_limited
2007-s1-A,2007-s1,A,13,P0430,the_pool_apprentice
2007-s1-A,2007-s1,A,14,P0717,xvx_k1ng_xvx
2007-s1-A,2007-s1,A,15,P0250,ll_chex_ll
2007-s1-A,2007-s1,A,16,P0385,King_James_
2007-s1-A,2007-s1,A,17,P0239,c_l2_a_l_g
2007-s1-A,2007-s1,A,18,P0029,jabronni16
2007-s1-A,2007-s1,A,19,P0029,jabronni16
2007-s1-A,2007-s1,A,20,P0440,kidfromperu
2007-s1-A,2007-s1,A,21,P0808,with_eaze
2007-s1-A,2007-s1,A,22,P0897,sou.banh
2007-s1-A,2007-s1,A,23,P0172,owned_ggs
2007-s1-A,2007-s1,A,24,P0321,xlx_under_dog_xlx
2007-s1-A,2007-s1,A,25,P0411,MeetingJoe
2007-s1-A,2007-s1,A,26,P0270,chrisxkaren
2007-s1-A,2007-s1,A,27,P0073,xlx_britishpoolking_xlx
2007-s1-A,2007-s1,A,28,P0333,dr.dreww
2007-s1-A,2007-s1,A,29,P0018,bongman420_
2007-s1-A,2007-s1,A,30,P0655,a_l2_j_u_n
2007-s1-A,2007-s1,A,31,P0939,URIIEL66
2007-s1-A,2007-s1,A,32,P0697,hornypom
2007-s1-B,2007-s1,B,1,P0938,Ugurized
2007-s1-B,2007-s1,B,2,P0938,Ugurized
2007-s1-B,2007-s1,B,3,P0296,so_wolf_cub4
2007-s1-B,2007-s1,B,4,P0452,mld_koralito_mld
2007-s1-B,2007-s1,B,5,P0467,l_mcgrady_l
2007-s1-B,2007-s1,B,6,P0771,mld_g0ku_z_mld.enet
2007-s1-B,2007-s1,B,7,P0327,Devilstature
2007-s1-B,2007-s1,B,8,P0485,maldito_0z
2007-s1-B,2007-s1,B,9,P0876,The_Dominican_Agent
2007-s1-B,2007-s1,B,10,P0913,scottish.king
2007-s1-B,2007-s1,B,11,P0917,xlx_pimp_xlx
2007-s1-B,2007-s1,B,12,P0809,pro.logik
2007-s1-B,2007-s1,B,13,P0819,xlx_ketan_xlx
2007-s1-B,2007-s1,B,14,P0693,PrettyAzz
2007-s1-B,2007-s1,B,15,P0813,x_combos_x
2007-s1-B,2007-s1,B,16,P0217,bang.king
2007-s1-B,2007-s1,B,17,P0591,stonesy_plp
2007-s1-B,2007-s1,B,18,P0591,stonesy_plp
2007-s1-B,2007-s1,B,19,P0431,kerryanne_24
2007-s1-B,2007-s1,B,20,P0447,king.2068
2007-s1-B,2007-s1,B,21,P0404,xjerelvlyx
2007-s1-B,2007-s1,B,22,P0887,ooO_Mad_Hatter_Ooo
2007-s1-B,2007-s1,B,23,P0068,jadakiss_711
2007-s1-B,2007-s1,B,24,P0307,xXx_Sa_t_an_xXx
2007-s1-B,2007-s1,B,25,P0514,ownified
2007-s1-B,2007-s1,B,26,P0872,mister_grimmm
2007-s1-B,2007-s1,B,27,P0344,real_fkin_deal
2007-s1-B,2007-s1,B,28,P0862,miiiikey
2007-s1-B,2007-s1,B,29,P0544,Pabloxx
2007-s1-B,2007-s1,B,30,P0241,canadian_pool_stud
2007-s1-B,2007-s1,B,31,P0695,chao_tactic
2007-s1-B,2007-s1,B,32,P0315,death.bringers
2007-s2-A,2007-s2,A,1,P0874,mvp_genius
2007-s2-A,2007-s2,A,2,P0812,o00_mwxzk_00o
2007-s2-A,2007-s2,A,3,P0812,o00_mwxzk_00o
2007-s2-A,2007-s2,A,4,P0247,ch1cubs_1908
2007-s2-A,2007-s2,A,5,P0920,ska.dude
2007-s2-A,2007-s2,A,6,P0363,goober_tyler
2007-s2-A,2007-s2,A,7,P0430,the_pool_apprentice
2007-s2-A,2007-s2,A,8,P0902,ralphy_beaulieu
2007-s2-A,2007-s2,A,9,P0607,t_an_may
2007-s2-A,2007-s2,A,10,P0094,ll_ivey_ll
2007-s2-A,2007-s2,A,11,P0196,Pool_Warrior2002
2007-s2-A,2007-s2,A,12,P0205,arctic_cat_limited
2007-s2-A,2007-s2,A,13,P0258,chris.dogg
2007-s2-A,2007-s2,A,14,P0029,Jabronni16
2007-s2-A,2007-s2,A,15,P0897,sou.banh
2007-s2-A,2007-s2,A,16,P0242,pool.beauty
2007-s2-A,2007-s2,A,17,P0847,lvlj_the_king
2007-s2-A,2007-s2,A,18,P0847,lvlj_the_king
2007-s2-A,2007-s2,A,19,P0172,owned_ggs
2007-s2-A,2007-s2,A,20,P0140,zl_stu_lz
2007-s2-A,2007-s2,A,21,P0385,King_James_
2007-s2-A,2007-s2,A,22,P0250,ll_chex_ll
2007-s2-A,2007-s2,A,23,P0270,chrisxkaren
2007-s2-A,2007-s2,A,24,P0411,MeetingJoe
2007-s2-A,2007-s2,A,25,P0493,o.wn4ge
2007-s2-A,2007-s2,A,26,P0333,dr.dreww
2007-s2-A,2007-s2,A,27,P0239,C_l2_a_l_g
2007-s2-A,2007-s2,A,28,P0224,Molson__canadian
2007-s2-A,2007-s2,A,29,P0321,xlx_under_dog_xlx
2007-s2-A,2007-s2,A,30,P0659,AaaaaaaaNIL
2007-s2-A,2007-s2,A,31,P0769,transe_de_nation
2007-s2-A,2007-s2,A,32,P0863,xiix_MIKE_xiix
2007-s2-B,2007-s2,B,1,P0685,ll_k0rb3n_ll
2007-s2-B,2007-s2,B,2,P0756,DQ'd
2007-s2-B,2007-s2,B,3,P0359,ggs.ty4p
2007-s2-B,2007-s2,B,4,P0824,x_daquiet_storm_x
2007-s2-B,2007-s2,B,5,P0885,old_school_phenom
2007-s2-B,2007-s2,B,6,P0842,Ludicrous.pool
2007-s2-B,2007-s2,B,7,P0842,Ludicrous.pool
2007-s2-B,2007-s2,B,8,P0484,playhard_
2007-s2-B,2007-s2,B,9,P0701,KFC_AUSTRALIA
2007-s2-B,2007-s2,B,10,P0701,KFC_AUSTRALIA
2007-s2-B,2007-s2,B,11,P0907,the_pink_fuzzy_bear
2007-s2-B,2007-s2,B,12,P0680,bank.machine
2007-s2-B,2007-s2,B,13,P0484,playhard_
2007-s2-B,2007-s2,B,14,P0484,playhard_
2007-s2-B,2007-s2,B,15,P0217,bang.king
2007-s2-B,2007-s2,B,16,P0051,Diosmaradonaforever
2007-s2-B,2007-s2,B,17,P0051,Diosmaradonaforever
2007-s2-B,2007-s2,B,18,P0756,DQ'd
2007-s2-B,2007-s2,B,19,P0241,canadian_pool_stud
2007-s2-B,2007-s2,B,20,P0688,c_l_i_n_c_h_e_r
2007-s2-B,2007-s2,B,21,P0823,xxx_kevincopan_xxx
2007-s2-B,2007-s2,B,22,P0823,xxx_kevincopan_xxx
2007-s2-B,2007-s2,B,23,P0447,king.2068
2007-s2-B,2007-s2,B,24,P0051,Diosmaradonaforever
2007-s2-B,2007-s2,B,25,P0558,the.bawbag
2007-s2-B,2007-s2,B,26,P0750,demo.lish
2007-s2-B,2007-s2,B,27,P0750,demo.lish
2007-s2-B,2007-s2,B,28,P0864,texas.aimer
2007-s2-B,2007-s2,B,29,P0798,lxl_jerm_lxl
2007-s2-B,2007-s2,B,30,P0798,lxl_jerm_lxl
2007-s2-B,2007-s2,B,31,P0441,kid_cardiff
2007-s3-A,2007-s3,A,1,P0140,zl_stu_lz
2007-s3-A,2007-s3,A,2,,Bye
2007-s3-A,2007-s3,A,3,P0659,AaaaaaaaNIL
2007-s3-A,2007-s3,A,4,P0333,dr.dreww
2007-s3-A,2007-s3,A,5,P0897,sou.banh
2007-s3-A,2007-s3,A,6,P0697,hornypom
2007-s3-A,2007-s3,A,7,P0032,dr_blastt
2007-s3-A,2007-s3,A,8,P0754,hp_king22
2007-s3-A,2007-s3,A,9,P0724,crea.tivity
2007-s3-A,2007-s3,A,10,,Bye
2007-s3-A,2007-s3,A,11,P0484,playhard_
2007-s3-A,2007-s3,A,12,P0493,o.wn4ge
2007-s3-A,2007-s3,A,13,P0874,mvp_genius
2007-s3-A,2007-s3,A,14,,Bye
2007-s3-A,2007-s3,A,15,P0702,ll_chris.dogg_ll
2007-s3-A,2007-s3,A,16,P0196,pool_warrior2002
2007-s3-A,2007-s3,A,17,P0945,xlx_underdog_xlx
2007-s3-A,2007-s3,A,18,,Bye
2007-s3-A,2007-s3,A,19,P0205,arctic_cat_limited
2007-s3-A,2007-s3,A,20,P0607,t_an_may
2007-s3-A,2007-s3,A,21,P0857,taalent
2007-s3-A,2007-s3,A,22,P0812,o00_mwxzk_00o
2007-s3-A,2007-s3,A,23,P0247,ch1cubs_1908
2007-s3-A,2007-s3,A,24,P0024,british_pool_wizard
2007-s3-A,2007-s3,A,25,P0921,xxl_themachine_lxx
2007-s3-A,2007-s3,A,26,,Bye
2007-s3-A,2007-s3,A,27,P0767,fsm_fear
2007-s3-A,2007-s3,A,28,P0073,xlx_britishpoolking_xlx
2007-s3-A,2007-s3,A,29,P0753,l_dippinthewic_l
2007-s3-A,2007-s3,A,30,,Bye
2007-s3-A,2007-s3,A,31,P0853,msc_masta
2007-s3-A,2007-s3,A,32,P0703,Duh_Village_Idiot
2007-s3-B,2007-s3,B,1,P0680,bank.machine
2007-s3-B,2007-s3,B,2,,Bye
2007-s3-B,2007-s3,B,3,P0761,eazy_0wnage
2007-s3-B,2007-s3,B,4,P0884,o0_spunky_0o
2007-s3-B,2007-s3,B,5,P0774,GothicAmI
2007-s3-B,2007-s3,B,6,,Bye
2007-s3-B,2007-s3,B,7,P0791,legend_on_the_lanes
2007-s3-B,2007-s3,B,8,,Bye
2007-s3-B,2007-s3,B,9,P0217,bang.king
2007-s3-B,2007-s3,B,10,,Bye
2007-s3-B,2007-s3,B,11,P0768,fullpro0f
2007-s3-B,2007-s3,B,12,P0664,Six_foot_180lbs
2007-s3-B,2007-s3,B,13,P0737,daquiet.storm
2007-s3-B,2007-s3,B,14,,Bye
2007-s3-B,2007-s3,B,15,P0633,wlw_z0ml3ie_wlw
2007-s3-B,2007-s3,B,16,P0669,x_bj.babe_x
2007-s3-B,2007-s3,B,17,P0315,death.bringers
2007-s3-B,2007-s3,B,18,,Bye
2007-s3-B,2007-s3,B,19,P0558,the.bawbag
2007-s3-B,2007-s3,B,20,P0772,sergio_zarate_7
2007-s3-B,2007-s3,B,21,P0051,diosmaradonaforever
2007-s3-B,2007-s3,B,22,,Bye
2007-s3-B,2007-s3,B,23,P0223,motown.champion
2007-s3-B,2007-s3,B,24,,Bye
2007-s3-B,2007-s3,B,25,P0712,spas.matic
2007-s3-B,2007-s3,B,26,,Bye
2007-s3-B,2007-s3,B,27,P0796,n_u_b_c_a_k_e
2007-s3-B,2007-s3,B,28,P0842,ludicrous.pool
2007-s3-B,2007-s3,B,29,P0805,jimbob8690
2007-s3-B,2007-s3,B,30,,Bye
2007-s3-B,2007-s3,B,31,P0764,expect.defeat
2007-s3-B,2007-s3,B,32,P0744,PrettyWellHung_
2007-s4-A,2007-s4,A,1,P0493,o.wn4ge
2007-s4-A,2007-s4,A,2,,bye
2007-s4-A,2007-s4,A,3,P0404,xjerelvlyx
2007-s4-A,2007-s4,A,4,P0073,xlx_britishpoolking_xlx
2007-s4-A,2007-s4,A,5,P0697,hornypom
2007-s4-A,2007-s4,A,6,P0833,kidfromperu w/c
2007-s4-A,2007-s4,A,7,P0297,cue.ball
2007-s4-A,2007-s4,A,8,P0491,ta.lent
2007-s4-A,2007-s4,A,9,P0847,lvlj_the_king
2007-s4-A,2007-s4,A,10,P0871,mister.champion w/c
2007-s4-A,2007-s4,A,11,P0724,crea.tivity
2007-s4-A,2007-s4,A,12,P0205,arctic_cat_limited
2007-s4-A,2007-s4,A,13,P0940,w.atty
2007-s4-A,2007-s4,A,14,P0891,pain_purifies w/c
2007-s4-A,2007-s4,A,15,P0172,owned_ggs
2007-s4-A,2007-s4,A,16,P0753,l_dippinthewic_l
2007-s4-A,2007-s4,A,17,P0584,xlx_s_p_g_xlx
2007-s4-A,2007-s4,A,18,,bye
2007-s4-A,2007-s4,A,19,P0702,ll_chris.dogg_ll
2007-s4-A,2007-s4,A,20,P0853,msc_masta
2007-s4-A,2007-s4,A,21,P0363,goober_tyler
2007-s4-A,2007-s4,A,22,P0656,a_l2_j_u_n w/c
2007-s4-A,2007-s4,A,23,P0223,motown.champion
2007-s4-A,2007-s4,A,24,P0609,zero.sugar
2007-s4-A,2007-s4,A,25,P0131,scott22883
2007-s4-A,2007-s4,A,26,P0900,poolwiz1986 w/c
2007-s4-A,2007-s4,A,27,P0714,runbreak.kidd
2007-s4-A,2007-s4,A,28,P0658,AaaaaaaaaNIL
2007-s4-A,2007-s4,A,29,P0897,Sou.banh
2007-s4-A,2007-s4,A,30,P0924,t_r_a.a_v_i_s w/c
2007-s4-A,2007-s4,A,31,P0690,electric.pulse
2007-s4-A,2007-s4,A,32,P0617,tubaccy_spittin_rebel
2007-s4-B,2007-s4,B,1,P0315,death.bringers
2007-s4-B,2007-s4,B,2,,bye
2007-s4-B,2007-s4,B,3,P0359,ggs.ty4p
2007-s4-B,2007-s4,B,4,P0728,d_r_i_z_o
2007-s4-B,2007-s4,B,5,P0684,sexi.brandi
2007-s4-B,2007-s4,B,6,P0915,sergio_zarate_7 w/c
2007-s4-B,2007-s4,B,7,P0730,ll_f4tal_ll
2007-s4-B,2007-s4,B,8,P0943,xlx_k_e_t_a_n_xlx w/c
2007-s4-B,2007-s4,B,9,P0558,the.bawbag
2007-s4-B,2007-s4,B,10,,bye
2007-s4-B,2007-s4,B,11,P0928,the_all_starz_com
2007-s4-B,2007-s4,B,12,P0895,tw.inkie
2007-s4-B,2007-s4,B,13,P0881,optimistic_c0ntestant
2007-s4-B,2007-s4,B,14,,bye
2007-s4-B,2007-s4,B,15,P0796,n_u_b_c_a_k_e
2007-s4-B,2007-s4,B,16,P0916,xlx_phenom_xlx
2007-s4-B,2007-s4,B,17,P0765,f4nny.baws
2007-s4-B,2007-s4,B,18,,bye
2007-s4-B,2007-s4,B,19,P0344,real_fkin_deal
2007-s4-B,2007-s4,B,20,P0794,jedi.hunter
2007-s4-B,2007-s4,B,21,P0785,viibbeezz
2007-s4-B,2007-s4,B,22,,bye
2007-s4-B,2007-s4,B,23,P0886,Oo_GLiTCH_oO
2007-s4-B,2007-s4,B,24,P0930,tino.nica w/c
2007-s4-B,2007-s4,B,25,P0217,bang.king
2007-s4-B,2007-s4,B,26,,bye
2007-s4-B,2007-s4,B,27,P0727,dirge_of_cubby
2007-s4-B,2007-s4,B,28,P0792,jeannal1cious
2007-s4-B,2007-s4,B,29,P0485,maldito_0z
2007-s4-B,2007-s4,B,30,,bye
2007-s4-B,2007-s4,B,31,P0687,HisToRy_
2007-s4-B,2007-s4,B,32,P0911,safety.shot w/c
2007-s5-A,2007-s5,A,1,P0297,cue.ball
2007-s5-A,2007-s5,A,2,,bye
2007-s5-A,2007-s5,A,3,P0897,sou.banh
2007-s5-A,2007-s5,A,4,P0719,x_original_pool_mafia_x
2007-s5-A,2007-s5,A,5,P0140,zl_stu_lz
2007-s5-A,2007-s5,A,6,,Bye
2007-s5-A,2007-s5,A,7,P0724,crea.tivity
2007-s5-A,2007-s5,A,8,P0923,t.rioed
2007-s5-A,2007-s5,A,9,P0672,mvp_sicc
2007-s5-A,2007-s5,A,10,,Bye
2007-s5-A,2007-s5,A,11,P0847,lvlj_the_king
2007-s5-A,2007-s5,A,12,P0501,revenge_of_mr
2007-s5-A,2007-s5,A,13,P0678,baangerized
2007-s5-A,2007-s5,A,14,,Bye
2007-s5-A,2007-s5,A,15,P0172,owned_ggs
2007-s5-A,2007-s5,A,16,P0655,a_l2_j_u_n
2007-s5-A,2007-s5,A,17,P0702,ll_chris.dogg_ll
2007-s5-A,2007-s5,A,18,,bye
2007-s5-A,2007-s5,A,19,P0689,c_o_r_e_y_y
2007-s5-A,2007-s5,A,20,P0658,aaaaaaaaanil
2007-s5-A,2007-s5,A,21,P0531,sonof.agun
2007-s5-A,2007-s5,A,22,,Bye
2007-s5-A,2007-s5,A,23,P0820,xlx_k_e_t_a_n_xlx
2007-s5-A,2007-s5,A,24,P0728,d_r_i_z_o
2007-s5-A,2007-s5,A,25,P0073,xlx_britishpoolking_xlx
2007-s5-A,2007-s5,A,26,,Bye
2007-s5-A,2007-s5,A,27,P0223,motown.champion
2007-s5-A,2007-s5,A,28,P0715,xps_drogba
2007-s5-A,2007-s5,A,29,P0029,jabronni16
2007-s5-A,2007-s5,A,30,,Bye
2007-s5-A,2007-s5,A,31,P0363,goober_tyler
2007-s5-A,2007-s5,A,32,P0759,e_x_t_r_e_m_e_o_w_n_a_g_e
2007-s5-B,2007-s5,B,1,P0735,the_hustler_effect
2007-s5-B,2007-s5,B,2,,bye
2007-s5-B,2007-s5,B,3,P0783,mvp_hick
2007-s5-B,2007-s5,B,4,P0922,uber_Stu
2007-s5-B,2007-s5,B,5,P0733,dan.0wnz
2007-s5-B,2007-s5,B,6,P0849,sspunkyyy
2007-s5-B,2007-s5,B,7,P0730,ll_f4tal_ll
2007-s5-B,2007-s5,B,8,P0674,n0thsa13
2007-s5-B,2007-s5,B,9,P0880,trustneo
2007-s5-B,2007-s5,B,10,,bye
2007-s5-B,2007-s5,B,11,P0657,aa.queen
2007-s5-B,2007-s5,B,12,P0758,dx1greg2000
2007-s5-B,2007-s5,B,13,P0781,har.tley
2007-s5-B,2007-s5,B,14,,bye
2007-s5-B,2007-s5,B,15,P0760,easy_0wnage
2007-s5-B,2007-s5,B,16,P0837,no_ang3l
2007-s5-B,2007-s5,B,17,P0815,syko.bastard
2007-s5-B,2007-s5,B,18,,bye
2007-s5-B,2007-s5,B,19,P0772,sergio_zarate_7
2007-s5-B,2007-s5,B,20,P0829,kraazy_kevy
2007-s5-B,2007-s5,B,21,P0748,txa_skittz
2007-s5-B,2007-s5,B,22,P0928,the_all_starz_com
2007-s5-B,2007-s5,B,23,P0315,death.bringers
2007-s5-B,2007-s5,B,24,P0941,x.dis.enchantedx
2007-s5-B,2007-s5,B,25,P0918,xlx_pie_xlx
2007-s5-B,2007-s5,B,26,,bye
2007-s5-B,2007-s5,B,27,P0764,expect.defeat
2007-s5-B,2007-s5,B,28,P0327,devilstature
2007-s5-B,2007-s5,B,29,P0727,dirge_of_cubby
2007-s5-B,2007-s5,B,30,,bye
2007-s5-B,2007-s5,B,31,P0755,teh.h4x0r
2007-s5-B,2007-s5,B,32,P0720,mvp.domination
2007-s6-A,2007-s6,A,1,P0239,c_l2_a_l_g
2007-s6-A,2007-s6,A,2,,BYE
2007-s6-A,2007-s6,A,3,P0740,ypool_pro
2007-s6-A,2007-s6,A,4,P0672,mvp_sicc
2007-s6-A,2007-s6,A,5,P0131,scott22883
2007-s6-A,2007-s6,A,6,,BYE
2007-s6-A,2007-s6,A,7,P0724,crea.tivity
2007-s6-A,2007-s6,A,8,,BYE
2007-s6-A,2007-s6,A,9,P0936,tubbaccy_spittin_rebel
2007-s6-A,2007-s6,A,10,,BYE
2007-s6-A,2007-s6,A,11,P0616,tino_nica
2007-s6-A,2007-s6,A,12,P0678,baangerized
2007-s6-A,2007-s6,A,13,P0363,goober_tyler
2007-s6-A,2007-s6,A,14,,BYE
2007-s6-A,2007-s6,A,15,P0607,t_an_may
2007-s6-A,2007-s6,A,16,P0816,unreaal
2007-s6-A,2007-s6,A,17,P0696,the.name_is_zo
2007-s6-A,2007-s6,A,18,,BYE
2007-s6-A,2007-s6,A,19,P0847,lvlj_the_king
2007-s6-A,2007-s6,A,20,P0859,mjlasko23
2007-s6-A,2007-s6,A,21,P0140,zl_Stu_lz
2007-s6-A,2007-s6,A,22,,BYE
2007-s6-A,2007-s6,A,23,P0709,con.tagion
2007-s6-A,2007-s6,A,24,,BYE
2007-s6-A,2007-s6,A,25,P0707,xchriskarenx
2007-s6-A,2007-s6,A,26,,BYE
2007-s6-A,2007-s6,A,27,P0830,super.str8
2007-s6-A,2007-s6,A,28,P0237,busted_balls_of_cheese
2007-s6-A,2007-s6,A,29,P0944,xlx_panikillerz_xlx
2007-s6-A,2007-s6,A,30,,BYE
2007-s6-A,2007-s6,A,31,P0692,pool.chicky
2007-s6-A,2007-s6,A,32,P0753,l_dippinthewic_l
2007-s6-B,2007-s6,B,1,P0896,wondernig
2007-s6-B,2007-s6,B,2,,BYE
2007-s6-B,2007-s6,B,3,P0315,death.bringers
2007-s6-B,2007-s6,B,4,P0838,pixieangel20
2007-s6-B,2007-s6,B,5,P0880,trustneo
2007-s6-B,2007-s6,B,6,P0686,snow_bastard2
2007-s6-B,2007-s6,B,7,P0752,newwb
2007-s6-B,2007-s6,B,8,P0802,optimus.price
2007-s6-B,2007-s6,B,9,P0726,mvp_croz
2007-s6-B,2007-s6,B,10,,BYE
2007-s6-B,2007-s6,B,11,P0675,n0thsa
2007-s6-B,2007-s6,B,12,P0761,eazy_0wnage
2007-s6-B,2007-s6,B,13,P0832,kid_weasal
2007-s6-B,2007-s6,B,14,P0677,austin_0wnz
2007-s6-B,2007-s6,B,15,P0873,precise.runner
2007-s6-B,2007-s6,B,16,P0737,daquiet.storm
2007-s6-B,2007-s6,B,17,P0748,txa_skittz
2007-s6-B,2007-s6,B,18,,BYE
2007-s6-B,2007-s6,B,19,P0942,xlx_gonzapool
2007-s6-B,2007-s6,B,20,P0685,ll_k0rb3n_ll
2007-s6-B,2007-s6,B,21,P0926,tara_cuddlebear
2007-s6-B,2007-s6,B,22,P0901,thepitzaboy
2007-s6-B,2007-s6,B,23,P0217,bang.king
2007-s6-B,2007-s6,B,24,P0781,har.tley
2007-s6-B,2007-s6,B,25,,BYE
2007-s6-B,2007-s6,B,26,P0784,old_school_technique
2007-s6-B,2007-s6,B,27,P0840,ll_eskimo_ownage_11
2007-s6-B,2007-s6,B,28,P0869,phuck.aimers
2007-s6-B,2007-s6,B,29,P0850,vishis_biitch
2007-s6-B,2007-s6,B,30,P0751,devilstatus
2007-s6-B,2007-s6,B,31,P0927,the_all_stars_com
2008-s1-A,2008-s1,A,1,P0472,ll_e_f_c_ll
2008-s1-A,2008-s1,A,32,,bye
2008-s1-A,2008-s1,A,16,P0921,xxl_themachine_lxx
2008-s1-A,2008-s1,A,17,P1088,xl_gameover_lx
2008-s1-A,2008-s1,A,8,P0989,ll_chris.doggy_ll
2008-s1-A,2008-s1,A,25,P1078,x.unreal
2008-s1-A,2008-s1,A,9,P0205,arctic_cat_limited
2008-s1-A,2008-s1,A,24,P0140,zl_stu_lz
2008-s1-A,2008-s1,A,4,P1071,stylish6
2008-s1-A,2008-s1,A,29,P1024,dippin.thewic
2008-s1-A,2008-s1,A,13,P0707,xchriskarenx
2008-s1-A,2008-s1,A,20,P1153,straightup.murked
2008-s1-A,2008-s1,A,5,P0478,real_creampuff
2008-s1-A,2008-s1,A,28,P0764,expect.defeat
2008-s1-A,2008-s1,A,12,P0678,baangerized
2008-s1-A,2008-s1,A,21,P0333,dr.dreww
2008-s1-A,2008-s1,A,2,P0994,xxl_overclocked_lxx
2008-s1-A,2008-s1,A,31,,bye
2008-s1-A,2008-s1,A,15,P0987,viva.la_pom
2008-s1-A,2008-s1,A,18,P1021,po0lin
2008-s1-A,2008-s1,A,7,P0029,jabronni16
2008-s1-A,2008-s1,A,26,P0363,goober_tyler
2008-s1-A,2008-s1,A,10,P0960,i_mvp_i
2008-s1-A,2008-s1,A,23,P0692,pool.chicky
2008-s1-A,2008-s1,A,3,P0847,lvlj_the_king
2008-s1-A,2008-s1,A,30,P0691,xlx_proness_xlx
2008-s1-A,2008-s1,A,14,P0972,bluegrass_prince
2008-s1-A,2008-s1,A,19,P0617,tubaccy_spittin_rebel
2008-s1-A,2008-s1,A,6,P1157,shitty_attitude
2008-s1-A,2008-s1,A,27,P0988,mr_camtasia
2008-s1-A,2008-s1,A,11,P0858,superstaaaar
2008-s1-A,2008-s1,A,22,P0073,xlx_britishpoolking_xlx
2008-s1-B,2008-s1,B,1,P0752,newwb
2008-s1-B,2008-s1,B,32,,bye
2008-s1-B,2008-s1,B,16,P0978,q.ctrl
2008-s1-B,2008-s1,B,17,P1082,snooker_k1ng
2008-s1-B,2008-s1,B,8,P0993,com.pulsive
2008-s1-B,2008-s1,B,25,,bye
2008-s1-B,2008-s1,B,9,P1061,jeannafied
2008-s1-B,2008-s1,B,24,P1111,lvlasse
2008-s1-B,2008-s1,B,4,P0327,devilstature
2008-s1-B,2008-s1,B,29,,bye
2008-s1-B,2008-s1,B,13,P1006,wy.clef
2008-s1-B,2008-s1,B,20,P0928,the_all_starz_com
2008-s1-B,2008-s1,B,5,P0982,cerebral.aftermath
2008-s1-B,2008-s1,B,28,,bye
2008-s1-B,2008-s1,B,12,P1101,pool_ang3l
2008-s1-B,2008-s1,B,21,P1102,legend_0z
2008-s1-B,2008-s1,B,2,P0315,death.bringers
2008-s1-B,2008-s1,B,31,,bye
2008-s1-B,2008-s1,B,15,P0431,kerryanne_24
2008-s1-B,2008-s1,B,18,P0217,bang.king
2008-s1-B,2008-s1,B,7,P1129,ypools_most_wanted_aimer
2008-s1-B,2008-s1,B,26,,bye
2008-s1-B,2008-s1,B,10,P1132,mr_uber
2008-s1-B,2008-s1,B,23,P0344,real_fkin_deal
2008-s1-B,2008-s1,B,3,P1094,xlx_extreme.perfection_xlx
2008-s1-B,2008-s1,B,30,,bye
2008-s1-B,2008-s1,B,14,P0633,wlw_z0ml3ie_wlw
2008-s1-B,2008-s1,B,19,P0971,how_biza
2008-s1-B,2008-s1,B,6,P0946,_12inches
2008-s1-B,2008-s1,B,27,,bye
2008-s1-B,2008-s1,B,11,P1091,snooky_style
2008-s1-B,2008-s1,B,22,P1107,lll.n0_lll
2008-s2-A,2008-s2,A,1,P0847,lvlj_the_king
2008-s2-A,2008-s2,A,32,,bye
2008-s2-A,2008-s2,A,16,P0764,expect.defeat
2008-s2-A,2008-s2,A,17,P1026,i_dippinthewic_i
2008-s2-A,2008-s2,A,8,P0140,zl_stu_lz
2008-s2-A,2008-s2,A,25,,bye
2008-s2-A,2008-s2,A,9,P0707,xchriskarenx
2008-s2-A,2008-s2,A,24,P1089,xl_gameover_lx (WC)
2008-s2-A,2008-s2,A,4,P0297,cue.ball
2008-s2-A,2008-s2,A,29,,bye
2008-s2-A,2008-s2,A,13,P0344,real_fkin_deal
2008-s2-A,2008-s2,A,20,P0029,jabronni16
2008-s2-A,2008-s2,A,5,P1085,the_pool_professor
2008-s2-A,2008-s2,A,28,,bye
2008-s2-A,2008-s2,A,12,P0273,midwestern_pool_champ
2008-s2-A,2008-s2,A,21,P0867,mike_scop
2008-s2-A,2008-s2,A,2,P1072,lgt
2008-s2-A,2008-s2,A,31,,bye
2008-s2-A,2008-s2,A,15,P0422,x_psychopath_unleashed_x
2008-s2-A,2008-s2,A,18,P1093,kingvaughan
2008-s2-A,2008-s2,A,7,P0325,scien.tist
2008-s2-A,2008-s2,A,26,,bye
2008-s2-A,2008-s2,A,10,P0961,xMvpSiccx
2008-s2-A,2008-s2,A,23,P1069,OPTIMUS.PRICE_XL (WC)
2008-s2-A,2008-s2,A,3,P0858,superstaaaar
2008-s2-A,2008-s2,A,30,,bye
2008-s2-A,2008-s2,A,14,P0131,scott22883
2008-s2-A,2008-s2,A,19,P0984,p00l_charlie
2008-s2-A,2008-s2,A,6,P1149,r_o_b_b_i_n_z
2008-s2-A,2008-s2,A,27,,bye
2008-s2-A,2008-s2,A,11,P0073,xlx_britishpoolking_xlx
2008-s2-A,2008-s2,A,22,P1035,enjoy.pool (WC)
2008-s2-B,2008-s2,B,1,P1051,nevvf
2008-s2-B,2008-s2,B,32,,bye
2008-s2-B,2008-s2,B,16,P1019,mean.
2008-s2-B,2008-s2,B,17,P0955,lvlister_alex
2008-s2-B,2008-s2,B,8,P0982,Cerebral.Aftermath
2008-s2-B,2008-s2,B,25,,bye
2008-s2-B,2008-s2,B,9,P0956,sex_ified
2008-s2-B,2008-s2,B,24,,bye
2008-s2-B,2008-s2,B,4,P1131,mister.nerdy
2008-s2-B,2008-s2,B,29,,bye
2008-s2-B,2008-s2,B,13,P1129,ypools_most_wanted_aimer
2008-s2-B,2008-s2,B,20,P1115,spaanky (WC)
2008-s2-B,2008-s2,B,5,P0880,trustneo
2008-s2-B,2008-s2,B,28,,bye
2008-s2-B,2008-s2,B,12,P0217,bang.king
2008-s2-B,2008-s2,B,21,,bye
2008-s2-B,2008-s2,B,2,P0247,ch1cubs_1908
2008-s2-B,2008-s2,B,31,,bye
2008-s2-B,2008-s2,B,15,P1047,import_
2008-s2-B,2008-s2,B,18,P1058,xlx_pool.devil_xlx
2008-s2-B,2008-s2,B,7,P0820,xlx_k_e_t_a_n_xlx
2008-s2-B,2008-s2,B,26,,bye
2008-s2-B,2008-s2,B,10,P1007,tiffys_apic
2008-s2-B,2008-s2,B,23,,bye
2008-s2-B,2008-s2,B,3,P1079,p_0_r_n_0
2008-s2-B,2008-s2,B,30,,bye
2008-s2-B,2008-s2,B,14,P1083,themvp66
2008-s2-B,2008-s2,B,19,P1109,lll_n0_lll (WC)
2008-s2-B,2008-s2,B,6,P1155,xxx_pool_magician_xxx
2008-s2-B,2008-s2,B,27,,bye
2008-s2-B,2008-s2,B,11,P1118,mawz_5
2008-s2-B,2008-s2,B,22,,bye
2008-s3-A,2008-s3,A,1,P0707,xchriskarenx
2008-s3-A,2008-s3,A,32,,bye
2008-s3-A,2008-s3,A,16,P1022,poolist
2008-s3-A,2008-s3,A,17,P0658,AaaaaaaaaNIL
2008-s3-A,2008-s3,A,8,P0990,CLASSY_BOY
2008-s3-A,2008-s3,A,25,P1065,l3amm_aka_legend (WC)
2008-s3-A,2008-s3,A,9,P0478,real_creampuff
2008-s3-A,2008-s3,A,24,P1089,xl_gameover_lx (WC)
2008-s3-A,2008-s3,A,4,P0617,tubaccy_spittin_rebel
2008-s3-A,2008-s3,A,29,,bye
2008-s3-A,2008-s3,A,13,P0847,lvlj_the_king
2008-s3-A,2008-s3,A,20,P0029,jabronni16
2008-s3-A,2008-s3,A,5,P0985,xball.controlx
2008-s3-A,2008-s3,A,28,,bye
2008-s3-A,2008-s3,A,12,P1030,Drill__
2008-s3-A,2008-s3,A,21,P0607,t_an_may
2008-s3-A,2008-s3,A,2,P1026,i_dippinthewic_i
2008-s3-A,2008-s3,A,31,,bye
2008-s3-A,2008-s3,A,15,P1085,the_pool_professor
2008-s3-A,2008-s3,A,18,P1001,xxx_high_king_xxx
2008-s3-A,2008-s3,A,7,P0073,xlx_britishpoolking_xlx
2008-s3-A,2008-s3,A,26,P0980,pool.chicky (WC)
2008-s3-A,2008-s3,A,10,P0691,xlx_proness_xlx
2008-s3-A,2008-s3,A,23,P1174,uber.geeky (WC)
2008-s3-A,2008-s3,A,3,P0321,xlx_under_dog_xlx
2008-s3-A,2008-s3,A,30,,bye
2008-s3-A,2008-s3,A,14,P0422,x_psychopath_unleashed_x
2008-s3-A,2008-s3,A,19,P0787,II_comp_II
2008-s3-A,2008-s3,A,6,P0140,zl_stu_lz
2008-s3-A,2008-s3,A,27,,bye
2008-s3-A,2008-s3,A,11,P1155,xxx_pool_magician_xxx
2008-s3-A,2008-s3,A,22,P1125,superstaaaar (WC)
2008-s3-B,2008-s3,B,1,P1104,lilsparky67
2008-s3-B,2008-s3,B,32,,bye
2008-s3-B,2008-s3,B,16,P1016,llvllaster.l3anker
2008-s3-B,2008-s3,B,17,P1049,infatuation_xxx
2008-s3-B,2008-s3,B,8,P0955,lvlister_alex
2008-s3-B,2008-s3,B,25,,bye
2008-s3-B,2008-s3,B,9,P1009,d1ll1ng3r3sc4p3pl4n
2008-s3-B,2008-s3,B,24,,bye
2008-s3-B,2008-s3,B,4,P0963,TapRun
2008-s3-B,2008-s3,B,29,,bye
2008-s3-B,2008-s3,B,13,P0902,ralphy_beaulieu
2008-s3-B,2008-s3,B,20,P1160,SERGIO_ZARATE_7 (WC)
2008-s3-B,2008-s3,B,5,P0983,Scorpion_My
2008-s3-B,2008-s3,B,28,,bye
2008-s3-B,2008-s3,B,12,P0685,ll_k0rb3n_ll
2008-s3-B,2008-s3,B,21,P1150,thepitzaboy (WC)
2008-s3-B,2008-s3,B,2,P1059,xcanuckleheadx
2008-s3-B,2008-s3,B,31,,bye
2008-s3-B,2008-s3,B,15,P0217,bang.king
2008-s3-B,2008-s3,B,18,P1127,totally_pro_noob
2008-s3-B,2008-s3,B,7,P1031,elmo.ryry
2008-s3-B,2008-s3,B,26,,bye
2008-s3-B,2008-s3,B,10,P1053,l_lost_my_marblez
2008-s3-B,2008-s3,B,23,P1066,mr.r4ndom (WC)
2008-s3-B,2008-s3,B,3,P1080,pro.feshinal
2008-s3-B,2008-s3,B,30,,bye
2008-s3-B,2008-s3,B,14,P1122,xlx_marty_uk_xlx
2008-s3-B,2008-s3,B,19,P1170,the_all_starz_com (WC)
2008-s3-B,2008-s3,B,6,P1106,ll_pool_rookie_ll
2008-s3-B,2008-s3,B,27,,bye
2008-s3-B,2008-s3,B,11,P1087,ny_mets2008
2008-s3-B,2008-s3,B,22,P1100,l_wes_l (WC)
2008-s4-A,2008-s4,A,1,P0858,superstaaaar
2008-s4-A,2008-s4,A,32,,bye
2008-s4-A,2008-s4,A,16,P0140,zl_stu_lz
2008-s4-A,2008-s4,A,17,P1022,poolist
2008-s4-A,2008-s4,A,8,P1020,def.t0nes_returns
2008-s4-A,2008-s4,A,25,,bye
2008-s4-A,2008-s4,A,9,P0131,scott22883
2008-s4-A,2008-s4,A,24,P0950,AaaaaaaaaNIL (WC)
2008-s4-A,2008-s4,A,4,P0921,xxl_themachine_lxx
2008-s4-A,2008-s4,A,29,,bye
2008-s4-A,2008-s4,A,13,P0478,real_creampuff
2008-s4-A,2008-s4,A,20,P0984,p00l_charlie
2008-s4-A,2008-s4,A,5,P1088,xl_gameover_lx
2008-s4-A,2008-s4,A,28,,bye
2008-s4-A,2008-s4,A,12,P0321,xlx_under_dog_xlx
2008-s4-A,2008-s4,A,21,P0363,goober_tyler
2008-s4-A,2008-s4,A,2,P0707,xchriskarenx
2008-s4-A,2008-s4,A,31,,bye
2008-s4-A,2008-s4,A,15,P0422,x_psychopath_unleashed_x
2008-s4-A,2008-s4,A,18,P0995,sicc.destroyer
2008-s4-A,2008-s4,A,7,P1104,lilsparky67
2008-s4-A,2008-s4,A,26,,bye
2008-s4-A,2008-s4,A,10,P0029,jabronni16
2008-s4-A,2008-s4,A,23,P0967,baangerized (WC)
2008-s4-A,2008-s4,A,3,P1002,x7_balledx
2008-s4-A,2008-s4,A,30,,bye
2008-s4-A,2008-s4,A,14,P1013,danny452c
2008-s4-A,2008-s4,A,19,P0607,t_an_may
2008-s4-A,2008-s4,A,6,P1080,pro.feshinal
2008-s4-A,2008-s4,A,27,,bye
2008-s4-A,2008-s4,A,11,P0512,pool.instinct
2008-s4-A,2008-s4,A,22,P0966,au.stralia (WC)
2008-s4-B,2008-s4,B,1,P1123,supa.pothead
2008-s4-B,2008-s4,B,32,,bye
2008-s4-B,2008-s4,B,16,P1117,p0werbitch (WC)
2008-s4-B,2008-s4,B,17,P1145,snooky.technician (WC)
2008-s4-B,2008-s4,B,8,P1059,xcanuckleheadx
2008-s4-B,2008-s4,B,25,,bye
2008-s4-B,2008-s4,B,9,P1097,l3lack_jesus
2008-s4-B,2008-s4,B,24,,bye
2008-s4-B,2008-s4,B,4,P1127,totally_pro_noob
2008-s4-B,2008-s4,B,29,,bye
2008-s4-B,2008-s4,B,13,P0947,_carnages
2008-s4-B,2008-s4,B,20,,bye
2008-s4-B,2008-s4,B,5,P0949,aa_for_life
2008-s4-B,2008-s4,B,28,,bye
2008-s4-B,2008-s4,B,12,P1106,ll_pool_rookie_ll
2008-s4-B,2008-s4,B,21,,bye
2008-s4-B,2008-s4,B,2,P0928,the_all_starz_com
2008-s4-B,2008-s4,B,31,,bye
2008-s4-B,2008-s4,B,15,P1099,l_wes_l
2008-s4-B,2008-s4,B,18,P1023,Devilstature (WC)
2008-s4-B,2008-s4,B,7,P1008,tacoby_bellsbury
2008-s4-B,2008-s4,B,26,,bye
2008-s4-B,2008-s4,B,10,P1004,x_craig_rulez_x
2008-s4-B,2008-s4,B,23,,bye
2008-s4-B,2008-s4,B,3,P1033,eng.lishman
2008-s4-B,2008-s4,B,30,,bye
2008-s4-B,2008-s4,B,14,P1091,snooky_style
2008-s4-B,2008-s4,B,19,,bye
2008-s4-B,2008-s4,B,6,P1113,lvlusti
2008-s4-B,2008-s4,B,27,,bye
2008-s4-B,2008-s4,B,11,P1036,l_real.deal_l
2008-s4-B,2008-s4,B,22,,bye
2008-s5-A,2008-s5,A,1,P0512,pool.instinct
2008-s5-A,2008-s5,A,32,,bye
2008-s5-A,2008-s5,A,16,P0858,superstaaaar
2008-s5-A,2008-s5,A,17,P0491,ta.lent
2008-s5-A,2008-s5,A,8,P1105,ll_aka.pc_ll
2008-s5-A,2008-s5,A,25,,bye
2008-s5-A,2008-s5,A,9,P0707,xchriskarenx
2008-s5-A,2008-s5,A,24,P1045,ii_comp_ii (WC)
2008-s5-A,2008-s5,A,4,P0949,aa_for_life
2008-s5-A,2008-s5,A,29,,bye
2008-s5-A,2008-s5,A,13,P0996,the_bez_is_back
2008-s5-A,2008-s5,A,20,P1138,nick_ownzz
2008-s5-A,2008-s5,A,5,P0607,t_an_may
2008-s5-A,2008-s5,A,28,,bye
2008-s5-A,2008-s5,A,12,P0969,sixohtwo
2008-s5-A,2008-s5,A,21,P0616,tino_nica
2008-s5-A,2008-s5,A,2,P0029,jabronni16
2008-s5-A,2008-s5,A,31,,bye
2008-s5-A,2008-s5,A,15,P1022,poolist
2008-s5-A,2008-s5,A,18,P0999,sakic.returns
2008-s5-A,2008-s5,A,7,P0764,expect.defeat
2008-s5-A,2008-s5,A,26,,bye
2008-s5-A,2008-s5,A,10,P1037,fsm_reaper
2008-s5-A,2008-s5,A,23,P0974,mvp.bank (WC)
2008-s5-A,2008-s5,A,3,P1088,xl_gameover_lx
2008-s5-A,2008-s5,A,30,,bye
2008-s5-A,2008-s5,A,14,P1158,wyte.folks
2008-s5-A,2008-s5,A,19,P1014,worst_player_yet
2008-s5-A,2008-s5,A,6,P1002,x7_balledx
2008-s5-A,2008-s5,A,27,,bye
2008-s5-A,2008-s5,A,11,P1013,danny452c
2008-s5-A,2008-s5,A,22,P1166,zl_stu_lz (WC)
2008-s5-B,2008-s5,B,1,P1025,dj.marky_s
2008-s5-B,2008-s5,B,32,,bye
2008-s5-B,2008-s5,B,16,P1108,lll_n0_lll
2008-s5-B,2008-s5,B,17,P0952,accurate_aimer
2008-s5-B,2008-s5,B,8,P1167,tam_s0
2008-s5-B,2008-s5,B,25,,bye
2008-s5-B,2008-s5,B,9,P1048,improved.n00b
2008-s5-B,2008-s5,B,24,,bye
2008-s5-B,2008-s5,B,4,P1134,n00b.sh0ts
2008-s5-B,2008-s5,B,29,,bye
2008-s5-B,2008-s5,B,13,P1053,l_lost_my_marblez
2008-s5-B,2008-s5,B,20,P1160,SERGIO_ZARATE_7 (WC)
2008-s5-B,2008-s5,B,5,P1123,supa.pothead
2008-s5-B,2008-s5,B,28,,bye
2008-s5-B,2008-s5,B,12,P1091,snooky_style
2008-s5-B,2008-s5,B,21,P1050,infatuation_xxx (WC)
2008-s5-B,2008-s5,B,2,P1008,tacoby_bellsbury
2008-s5-B,2008-s5,B,31,,bye
2008-s5-B,2008-s5,B,15,P1005,xlx_craig_has_the_skillz_xlx
2008-s5-B,2008-s5,B,18,P1057,jasonlippi01
2008-s5-B,2008-s5,B,7,P1151,rod_play_pool
2008-s5-B,2008-s5,B,26,,bye
2008-s5-B,2008-s5,B,10,P0938,Ugurized
2008-s5-B,2008-s5,B,23,,bye
2008-s5-B,2008-s5,B,3,P0327,Devilstature
2008-s5-B,2008-s5,B,30,,bye
2008-s5-B,2008-s5,B,14,P1060,nasty.shot_bro
2008-s5-B,2008-s5,B,19,P1098,l7_l2_0 (WC)
2008-s5-B,2008-s5,B,6,P1112,lvlr.ownage
2008-s5-B,2008-s5,B,27,,bye
2008-s5-B,2008-s5,B,11,P1046,illusioniiist
2008-s5-B,2008-s5,B,22,,bye
2009-s1-A,2009-s1,A,1,P1002,x7_balledx
2009-s1-A,2009-s1,A,32,,bye
2009-s1-A,2009-s1,A,16,P1294,shinyrust
2009-s1-A,2009-s1,A,17,P0672,mvp_sicc
2009-s1-A,2009-s1,A,8,P1085,the_pool_professor
2009-s1-A,2009-s1,A,25,P0607,t_an_may
2009-s1-A,2009-s1,A,9,P0491,ta.lent
2009-s1-A,2009-s1,A,24,P1054,killah_jason
2009-s1-A,2009-s1,A,4,P0512,pool.instinct
2009-s1-A,2009-s1,A,29,,bye
2009-s1-A,2009-s1,A,13,P1292,rapemoded
2009-s1-A,2009-s1,A,20,P0558,the.bawbag
2009-s1-A,2009-s1,A,5,P0951,adambuddy
2009-s1-A,2009-s1,A,28,,bye
2009-s1-A,2009-s1,A,12,P1205,mvp.bank
2009-s1-A,2009-s1,A,21,P0140,zl_stu_lz
2009-s1-A,2009-s1,A,2,P1368,xxx_thepower_xxx
2009-s1-A,2009-s1,A,31,,bye
2009-s1-A,2009-s1,A,15,P1022,poolist
2009-s1-A,2009-s1,A,18,P1330,pro_game_
2009-s1-A,2009-s1,A,7,P1088,xl_gameover_lx
2009-s1-A,2009-s1,A,26,P1074,smack_down_
2009-s1-A,2009-s1,A,10,P0858,superstaaaar
2009-s1-A,2009-s1,A,23,P1194,Armani_2
2009-s1-A,2009-s1,A,3,P0984,p00l_charlie
2009-s1-A,2009-s1,A,30,,bye
2009-s1-A,2009-s1,A,14,P1360,s.kilz
2009-s1-A,2009-s1,A,19,P0707,xchriskarenx
2009-s1-A,2009-s1,A,6,P0029,jabronni16
2009-s1-A,2009-s1,A,27,P1284,Intensify
2009-s1-A,2009-s1,A,11,P0969,sixohtwo
2009-s1-A,2009-s1,A,22,P0764,expect.defeat
2009-s1-B,2009-s1,B,1,P1289,MILE99IUM
2009-s1-B,2009-s1,B,32,,bye
2009-s1-B,2009-s1,B,16,P1290,xl_titans_lx
2009-s1-B,2009-s1,B,17,P0431,kerryanne_24
2009-s1-B,2009-s1,B,8,P1167,tam_s0
2009-s1-B,2009-s1,B,25,,bye
2009-s1-B,2009-s1,B,9,P1230,i31
2009-s1-B,2009-s1,B,24,,bye
2009-s1-B,2009-s1,B,4,P1196,nothz
2009-s1-B,2009-s1,B,29,,bye
2009-s1-B,2009-s1,B,13,P1096,l1_stephen_1
2009-s1-B,2009-s1,B,20,P1185,aka_halky
2009-s1-B,2009-s1,B,5,P0870,pool.n0ob
2009-s1-B,2009-s1,B,28,,bye
2009-s1-B,2009-s1,B,12,P1195,xxl_pool.leg3nd_lxx
2009-s1-B,2009-s1,B,21,P0772,sergio_zarate_7
2009-s1-B,2009-s1,B,2,P1371,superb.shot
2009-s1-B,2009-s1,B,31,,bye
2009-s1-B,2009-s1,B,15,P1005,xlx_craig_has_the_skillz_xlx
2009-s1-B,2009-s1,B,18,P1204,spc_brad
2009-s1-B,2009-s1,B,7,P1347,Wild_Mind14
2009-s1-B,2009-s1,B,26,,bye
2009-s1-B,2009-s1,B,10,P0999,sakic.returns
2009-s1-B,2009-s1,B,23,P1184,my_paper_is.warped
2009-s1-B,2009-s1,B,3,P1127,totally_pro_noob
2009-s1-B,2009-s1,B,30,,bye
2009-s1-B,2009-s1,B,14,P1032,emmitt22_da_man
2009-s1-B,2009-s1,B,19,P0907,the_pink_fuzzy_bear
2009-s1-B,2009-s1,B,6,P1351,proto.paintball
2009-s1-B,2009-s1,B,27,,bye
2009-s1-B,2009-s1,B,11,P0344,real_fkin_deal
2009-s1-B,2009-s1,B,22,P1278,instant_legend
2009-s2-A,2009-s2,A,1,P1318,Lewissss
2009-s2-A,2009-s2,A,32,,bye
2009-s2-A,2009-s2,A,16,P1381,TlNO_NICA
2009-s2-A,2009-s2,A,17,P1223,i.am_the_zodiac
2009-s2-A,2009-s2,A,8,P0748,txa_skittz
2009-s2-A,2009-s2,A,25,P0950,AaaaaaaaaNIL (WC)
2009-s2-A,2009-s2,A,9,P1368,xxx_thepower_xxx
2009-s2-A,2009-s2,A,24,P1266,real_fkin_deal (WC)
2009-s2-A,2009-s2,A,4,P1380,x_therage
2009-s2-A,2009-s2,A,29,,bye
2009-s2-A,2009-s2,A,13,P0962,Optimus.price_xl
2009-s2-A,2009-s2,A,20,P1293,jfy
2009-s2-A,2009-s2,A,5,P1296,newfiepoolking
2009-s2-A,2009-s2,A,28,,bye
2009-s2-A,2009-s2,A,12,P0366,XX_APOCALYPSYS_XX
2009-s2-A,2009-s2,A,21,P1340,n00b.ski11z
2009-s2-A,2009-s2,A,2,P1312,ultrabeats_scooter
2009-s2-A,2009-s2,A,31,,bye
2009-s2-A,2009-s2,A,15,P1093,kingvaughan
2009-s2-A,2009-s2,A,18,P0858,superstaaaar
2009-s2-A,2009-s2,A,7,P1232,will_you_pls_stop_it
2009-s2-A,2009-s2,A,26,P1326,ta.lent (WC)
2009-s2-A,2009-s2,A,10,P0707,xchriskarenx
2009-s2-A,2009-s2,A,23,P0764,expect.defeat
2009-s2-A,2009-s2,A,3,P0984,p00l_charlie
2009-s2-A,2009-s2,A,30,,bye
2009-s2-A,2009-s2,A,14,P1088,xl_gameover_lx
2009-s2-A,2009-s2,A,19,P1390,Zach_23_
2009-s2-A,2009-s2,A,6,P1304,runmatic
2009-s2-A,2009-s2,A,27,P1231,I31 (WC)
2009-s2-A,2009-s2,A,11,P0196,Pool_Warrior2002
2009-s2-A,2009-s2,A,22,P0512,pool.instinct
2009-s2-B,2009-s2,B,1,P1300,leeds_united14
2009-s2-B,2009-s2,B,32,,bye
2009-s2-B,2009-s2,B,16,P1373,st3v13_m4c
2009-s2-B,2009-s2,B,17,P1346,omy_2ez
2009-s2-B,2009-s2,B,8,P1229,Colorado_Avalanche_Rock
2009-s2-B,2009-s2,B,25,,bye
2009-s2-B,2009-s2,B,9,P0217,bang.king
2009-s2-B,2009-s2,B,24,,bye
2009-s2-B,2009-s2,B,4,P0870,pool.n0ob
2009-s2-B,2009-s2,B,29,,bye
2009-s2-B,2009-s2,B,13,P1187,alex_the_ypool_scrub
2009-s2-B,2009-s2,B,20,P1273,ll_gonzy_ll (WC)
2009-s2-B,2009-s2,B,5,P1197,cuebank
2009-s2-B,2009-s2,B,28,,bye
2009-s2-B,2009-s2,B,12,P1287,sicc.status
2009-s2-B,2009-s2,B,21,P1372,superb.shot (WC)
2009-s2-B,2009-s2,B,2,P1322,z.okee
2009-s2-B,2009-s2,B,31,,bye
2009-s2-B,2009-s2,B,15,P1282,Ihatejustin
2009-s2-B,2009-s2,B,18,P1247,xlx_r0ll_xlx
2009-s2-B,2009-s2,B,7,P1265,eightballrunner
2009-s2-B,2009-s2,B,26,,bye
2009-s2-B,2009-s2,B,10,P1147,xphilramseyx
2009-s2-B,2009-s2,B,23,P1288,jasonlippi01 (WC)
2009-s2-B,2009-s2,B,3,P1344,ohhh_piss_off
2009-s2-B,2009-s2,B,30,,bye
2009-s2-B,2009-s2,B,14,P1355,ss_alpha_rod_2008
2009-s2-B,2009-s2,B,19,P1217,canuck_justin (WC)
2009-s2-B,2009-s2,B,6,P1130,trumpsterized
2009-s2-B,2009-s2,B,27,,bye
2009-s2-B,2009-s2,B,11,P1347,Wild_Mind14
2009-s2-B,2009-s2,B,22,P1320,ll_pool_rookie_ll (WC)
2009-s3-A,2009-s3,A,1,P1368,xxx_thepower_xxx
2009-s3-A,2009-s3,A,32,,bye
2009-s3-A,2009-s3,A,16,P0847,lvlj_the_king
2009-s3-A,2009-s3,A,17,P0748,txa_skittz
2009-s3-A,2009-s3,A,8,P0073,xlx_britishpoolking_xlx
2009-s3-A,2009-s3,A,25,P0617,tubaccy_spittin_rebel
2009-s3-A,2009-s3,A,9,P1289,MILE99IUM
2009-s3-A,2009-s3,A,24,P0078,xlx_propooler_xlx
2009-s3-A,2009-s3,A,4,P1304,runmatic
2009-s3-A,2009-s3,A,29,,bye
2009-s3-A,2009-s3,A,13,P1227,cl2alg
2009-s3-A,2009-s3,A,20,P1234,maintain.composure
2009-s3-A,2009-s3,A,5,P1075,xlx_skill_xlx
2009-s3-A,2009-s3,A,28,,bye
2009-s3-A,2009-s3,A,12,P0029,jabronni16
2009-s3-A,2009-s3,A,21,P1343,o1d_school
2009-s3-A,2009-s3,A,2,P1193,mvpsicc
2009-s3-A,2009-s3,A,31,,bye
2009-s3-A,2009-s3,A,15,P1103,ll_ewis
2009-s3-A,2009-s3,A,18,P0658,AaaaaaaaaNIL
2009-s3-A,2009-s3,A,7,P1172,unreal_control
2009-s3-A,2009-s3,A,26,P0951,adambuddy
2009-s3-A,2009-s3,A,10,P0962,optimus.price_xl
2009-s3-A,2009-s3,A,23,P0757,get_drewed
2009-s3-A,2009-s3,A,3,P0140,zl_stu_lz
2009-s3-A,2009-s3,A,30,,bye
2009-s3-A,2009-s3,A,14,P1380,x_therage
2009-s3-A,2009-s3,A,19,P1034,enjoy.pool
2009-s3-A,2009-s3,A,6,P0969,SixohTwo
2009-s3-A,2009-s3,A,27,,bye
2009-s3-A,2009-s3,A,11,P0707,xchriskarenx
2009-s3-A,2009-s3,A,22,P1327,stoned_on_420
2009-s3-B,2009-s3,B,1,P1340,n00b.ski11z
2009-s3-B,2009-s3,B,32,,bye
2009-s3-B,2009-s3,B,16,P1216,canuck_justin
2009-s3-B,2009-s3,B,17,P1274,goodoldmrcheeseman
2009-s3-B,2009-s3,B,8,P0431,kerryanne_24
2009-s3-B,2009-s3,B,25,,bye
2009-s3-B,2009-s3,B,9,P1282,Ihatejustin
2009-s3-B,2009-s3,B,24,,bye
2009-s3-B,2009-s3,B,4,P0820,l_ketan_l
2009-s3-B,2009-s3,B,29,,bye
2009-s3-B,2009-s3,B,13,P1179,exquisite.ashie
2009-s3-B,2009-s3,B,20,,bye
2009-s3-B,2009-s3,B,5,P1355,ss_alpha_rod_2008
2009-s3-B,2009-s3,B,28,,bye
2009-s3-B,2009-s3,B,12,P0772,SERGIO_ZARATE_7
2009-s3-B,2009-s3,B,21,,bye
2009-s3-B,2009-s3,B,2,P1332,xsicc.mikex
2009-s3-B,2009-s3,B,31,,bye
2009-s3-B,2009-s3,B,15,P1269,fox_mccloud10
2009-s3-B,2009-s3,B,18,,bye
2009-s3-B,2009-s3,B,7,P1167,tam_s0
2009-s3-B,2009-s3,B,26,,bye
2009-s3-B,2009-s3,B,10,P1106,ll_pool_rookie_ll
2009-s3-B,2009-s3,B,23,,bye
2009-s3-B,2009-s3,B,3,P1353,t.wolves
2009-s3-B,2009-s3,B,30,,bye
2009-s3-B,2009-s3,B,14,P1187,alex_the_ypool_scrub
2009-s3-B,2009-s3,B,19,P1371,superb.shot
2009-s3-B,2009-s3,B,6,P1224,xCHRISx
2009-s3-B,2009-s3,B,27,,bye
2009-s3-B,2009-s3,B,11,P1225,dominance_assured
2009-s3-B,2009-s3,B,22,,bye
2009-s4-A,2009-s4,A,1,P0951,adambuddy
2009-s4-A,2009-s4,A,32,,bye
2009-s4-A,2009-s4,A,16,P1339,mvp_smashed
2009-s4-A,2009-s4,A,17,P0140,zl_stu_lz
2009-s4-A,2009-s4,A,8,P1213,emocal_v2
2009-s4-A,2009-s4,A,25,P1334,MJ_The_King
2009-s4-A,2009-s4,A,9,P0711,conor_b_1992
2009-s4-A,2009-s4,A,24,P1193,mvpsicc
2009-s4-A,2009-s4,A,4,P0658,AaaaaaaaaNiL
2009-s4-A,2009-s4,A,29,,TBD
2009-s4-A,2009-s4,A,13,P1289,MILE99IUM
2009-s4-A,2009-s4,A,20,P1272,ggs_raped
2009-s4-A,2009-s4,A,5,P1268,i_shotz_i
2009-s4-A,2009-s4,A,28,,TBD
2009-s4-A,2009-s4,A,12,P1301,powerized
2009-s4-A,2009-s4,A,21,P1063,pro.jeremy
2009-s4-A,2009-s4,A,2,P0697,hornypom
2009-s4-A,2009-s4,A,31,,bye
2009-s4-A,2009-s4,A,15,P1336,mr.realm
2009-s4-A,2009-s4,A,18,P1300,leeds_united14
2009-s4-A,2009-s4,A,7,P1281,its_tunstall_fewls
2009-s4-A,2009-s4,A,26,P0984,p00l_charlie
2009-s4-A,2009-s4,A,10,P1172,unreal_control
2009-s4-A,2009-s4,A,23,P0296,so_wolf_cub4
2009-s4-A,2009-s4,A,3,P1369,xxl_machine_lxx
2009-s4-A,2009-s4,A,30,,TBD
2009-s4-A,2009-s4,A,14,P1353,t.wolves
2009-s4-A,2009-s4,A,19,P1380,x_therage
2009-s4-A,2009-s4,A,6,P1198,b0rn.gr3at
2009-s4-A,2009-s4,A,27,,TBD
2009-s4-A,2009-s4,A,11,P1261,easy.money
2009-s4-A,2009-s4,A,22,P1327,stoned_on_420
2009-s4-B,2009-s4,B,1,P1371,superb.shot
2009-s4-B,2009-s4,B,32,,bye
2009-s4-B,2009-s4,B,16,P1314,ll_ketan_ll
2009-s4-B,2009-s4,B,17,P1211,xlx_aimtastic_xlx
2009-s4-B,2009-s4,B,8,P1276,hopp_s0
2009-s4-B,2009-s4,B,25,,TBD
2009-s4-B,2009-s4,B,9,P1285,its_stevie
2009-s4-B,2009-s4,B,24,,TBD
2009-s4-B,2009-s4,B,4,P0772,sergio_zarate_7
2009-s4-B,2009-s4,B,29,,TBD
2009-s4-B,2009-s4,B,13,P1319,ll_plan_ll
2009-s4-B,2009-s4,B,20,,TBD
2009-s4-B,2009-s4,B,5,P1234,maintain.composure
2009-s4-B,2009-s4,B,28,,TBD
2009-s4-B,2009-s4,B,12,P1374,u_got_no_skillz
2009-s4-B,2009-s4,B,21,,TBD
2009-s4-B,2009-s4,B,2,P1188,xwutangx
2009-s4-B,2009-s4,B,31,,bye
2009-s4-B,2009-s4,B,15,P1181,newb.on_loose
2009-s4-B,2009-s4,B,18,,TBD
2009-s4-B,2009-s4,B,7,P0327,devilstature
2009-s4-B,2009-s4,B,26,,TBD
2009-s4-B,2009-s4,B,10,P1214,xlx_shogun_xlx
2009-s4-B,2009-s4,B,23,,TBD
2009-s4-B,2009-s4,B,3,P0344,real_fkin_deal
2009-s4-B,2009-s4,B,30,,TBD
2009-s4-B,2009-s4,B,14,P1264,omgs
2009-s4-B,2009-s4,B,19,,TBD
2009-s4-B,2009-s4,B,6,P1328,messy.ryan
2009-s4-B,2009-s4,B,27,,TBD
2009-s4-B,2009-s4,B,11,P1200,big_pokerdan
2009-s4-B,2009-s4,B,22,,TBD
2009-s5-A,2009-s5,A,1,P1334,MJ_The_King
2009-s5-A,2009-s5,A,32,,bye
2009-s5-A,2009-s5,A,16,P1390,Zach_23_
2009-s5-A,2009-s5,A,17,P1014,worst_player_yet
2009-s5-A,2009-s5,A,8,P0658,AaaaaaaaaNIL
2009-s5-A,2009-s5,A,25,P1314,ll_ketan_ll
2009-s5-A,2009-s5,A,9,P1223,i.am_the_zodiac
2009-s5-A,2009-s5,A,24,P0273,midwestern_pool_champ
2009-s5-A,2009-s5,A,4,P1337,MUSTANG9082
2009-s5-A,2009-s5,A,29,,bye
2009-s5-A,2009-s5,A,13,P1338,mvp_realm
2009-s5-A,2009-s5,A,20,P1088,xl_gameover_lx
2009-s5-A,2009-s5,A,5,P1030,Drill__
2009-s5-A,2009-s5,A,28,P0051,diosmaradonaforever
2009-s5-A,2009-s5,A,12,P1369,xxl_machine_lxx
2009-s5-A,2009-s5,A,21,P0711,conor_b_1992
2009-s5-A,2009-s5,A,2,P0073,xlx_britishpoolking_xlx
2009-s5-A,2009-s5,A,31,,bye
2009-s5-A,2009-s5,A,15,P0772,SERGIO_ZARATE_7
2009-s5-A,2009-s5,A,18,P1380,x_therage
2009-s5-A,2009-s5,A,7,P0764,expect.defeat
2009-s5-A,2009-s5,A,26,P1350,Powers_Seduction
2009-s5-A,2009-s5,A,10,P1335,Mr.PAKiZ_RULES
2009-s5-A,2009-s5,A,23,P1172,unreal_control
2009-s5-A,2009-s5,A,3,P0707,xchriskarenx
2009-s5-A,2009-s5,A,30,,TBD
2009-s5-A,2009-s5,A,14,P1180,_brimstone_
2009-s5-A,2009-s5,A,19,P0491,ta.lent
2009-s5-A,2009-s5,A,6,P1251,luisj_barreto
2009-s5-A,2009-s5,A,27,P0951,adambuddy
2009-s5-A,2009-s5,A,11,P1389,x_real.deal_x
2009-s5-A,2009-s5,A,22,P0368,XX_APOCALIPSYS_XX
2009-s5-B,2009-s5,B,1,P1053,l_lost_my_marblez
2009-s5-B,2009-s5,B,32,,bye
2009-s5-B,2009-s5,B,16,P1359,RoyalAssassins
2009-s5-B,2009-s5,B,17,P1258,dul2an
2009-s5-B,2009-s5,B,8,P0217,bang.king
2009-s5-B,2009-s5,B,25,,TBD
2009-s5-B,2009-s5,B,9,P1371,superb.shot
2009-s5-B,2009-s5,B,24,,TBD
2009-s5-B,2009-s5,B,4,P1240,craig_bankz
2009-s5-B,2009-s5,B,29,,TBD
2009-s5-B,2009-s5,B,13,P1271,GetBiz
2009-s5-B,2009-s5,B,20,,TBD
2009-s5-B,2009-s5,B,5,P1189,experrt
2009-s5-B,2009-s5,B,28,,TBD
2009-s5-B,2009-s5,B,12,P1249,Sourwood
2009-s5-B,2009-s5,B,21,,TBD
2009-s5-B,2009-s5,B,2,P0327,devilstature
2009-s5-B,2009-s5,B,31,,bye
2009-s5-B,2009-s5,B,15,P1201,KingBilly_99
2009-s5-B,2009-s5,B,18,P1313,xl_bankqueen_lx
2009-s5-B,2009-s5,B,7,P1211,xlx_aimtastic_xlx
2009-s5-B,2009-s5,B,26,,TBD
2009-s5-B,2009-s5,B,10,P1317,l2vd.l3litz
2009-s5-B,2009-s5,B,23,,TBD
2009-s5-B,2009-s5,B,3,P1270,run_it_down
2009-s5-B,2009-s5,B,30,,TBD
2009-s5-B,2009-s5,B,14,P1319,ll_plan_ll
2009-s5-B,2009-s5,B,19,,TBD
2009-s5-B,2009-s5,B,6,P1374,u_got_no_skillz
2009-s5-B,2009-s5,B,27,,TBD
2009-s5-B,2009-s5,B,11,P1199,the_lvlag1cian
2009-s5-B,2009-s5,B,22,,TBD
2009-s6-A,2009-s6,A,1,P0951,adambuddy
2009-s6-A,2009-s6,A,32,,bye
2009-s6-A,2009-s6,A,16,P1380,x_therage
2009-s6-A,2009-s6,A,17,P1382,xlx_qball_xlx
2009-s6-A,2009-s6,A,8,P1226,xxl_czechmate_lxx
2009-s6-A,2009-s6,A,25,P1063,pro.jeremy
2009-s6-A,2009-s6,A,9,P0073,xlx_britishpoolking_xlx
2009-s6-A,2009-s6,A,24,P1283,ilezo
2009-s6-A,2009-s6,A,4,P0984,p00l_charlie
2009-s6-A,2009-s6,A,29,,TBD
2009-s6-A,2009-s6,A,13,P1075,xlx_skill_xlx
2009-s6-A,2009-s6,A,20,P1096,l1_stephen_1
2009-s6-A,2009-s6,A,5,P1251,luisj_barreto
2009-s6-A,2009-s6,A,28,,TBD
2009-s6-A,2009-s6,A,12,P1215,legend.skillz
2009-s6-A,2009-s6,A,21,P1350,Powers_Seduction
2009-s6-A,2009-s6,A,2,P0672,mvp_sicc
2009-s6-A,2009-s6,A,31,,bye
2009-s6-A,2009-s6,A,15,P0658,AaaaaaaaaNIL
2009-s6-A,2009-s6,A,18,P1030,Drill__
2009-s6-A,2009-s6,A,7,P0029,jabronni16
2009-s6-A,2009-s6,A,26,P1300,leeds_united14
2009-s6-A,2009-s6,A,10,P1334,MJ_The_King
2009-s6-A,2009-s6,A,23,P1348,s.ymmetry
2009-s6-A,2009-s6,A,3,P1088,xl_gameover_lx
2009-s6-A,2009-s6,A,30,,TBD
2009-s6-A,2009-s6,A,14,P1270,run_it_down
2009-s6-A,2009-s6,A,19,P0772,SERGIO_ZARATE_7
2009-s6-A,2009-s6,A,6,P0140,zl_stu_lz
2009-s6-A,2009-s6,A,27,,TBD
2009-s6-A,2009-s6,A,11,P0962,optimus.price_xl
2009-s6-A,2009-s6,A,22,P0948,_Woo_Hoo_
2009-s6-B,2009-s6,B,1,P0248,cha0tic_01
2009-s6-B,2009-s6,B,32,,bye
2009-s6-B,2009-s6,B,16,P1228,r3dneck_pride
2009-s6-B,2009-s6,B,17,P1200,big_pokerdan
2009-s6-B,2009-s6,B,8,P1262,Easyrun
2009-s6-B,2009-s6,B,25,,TBD
2009-s6-B,2009-s6,B,9,P1199,the_lvlag1cian
2009-s6-B,2009-s6,B,24,,TBD
2009-s6-B,2009-s6,B,4,P1246,shooting_for_something
2009-s6-B,2009-s6,B,29,,TBD
2009-s6-B,2009-s6,B,13,P1264,omgs
2009-s6-B,2009-s6,B,20,,TBD
2009-s6-B,2009-s6,B,5,P1321,ll_pothead_x_sniper_ll
2009-s6-B,2009-s6,B,28,,TBD
2009-s6-B,2009-s6,B,12,P1286,jaded_karma
2009-s6-B,2009-s6,B,21,,TBD
2009-s6-B,2009-s6,B,2,P1239,p00l_craig
2009-s6-B,2009-s6,B,31,,bye
2009-s6-B,2009-s6,B,15,P1363,Seanmannn
2009-s6-B,2009-s6,B,18,P1342,nish_the_nub
2009-s6-B,2009-s6,B,7,P1097,l3lack_jesus
2009-s6-B,2009-s6,B,26,,TBD
2009-s6-B,2009-s6,B,10,P1250,st0mped
2009-s6-B,2009-s6,B,23,,TBD
2009-s6-B,2009-s6,B,3,P1277,hornyscots
2009-s6-B,2009-s6,B,30,,TBD
2009-s6-B,2009-s6,B,14,P0217,bang.king
2009-s6-B,2009-s6,B,19,,TBD
2009-s6-B,2009-s6,B,6,P0296,so_wolf_cub4
2009-s6-B,2009-s6,B,27,,TBD
2009-s6-B,2009-s6,B,11,P1106,ll_pool_rookie_ll
2009-s6-B,2009-s6,B,22,,TBD
2010-s1-A,2010-s1,A,1,P0672,mvp_sicc
2010-s1-A,2010-s1,A,32,,bye
2010-s1-A,2010-s1,A,16,P1334,MJ_The_King
2010-s1-A,2010-s1,A,17,P0658,AaaaaaaaaNIL
2010-s1-A,2010-s1,A,8,P1426,spc_elite
2010-s1-A,2010-s1,A,25,P1450,mvp_pro
2010-s1-A,2010-s1,A,9,P1075,xlx_skill_xlx
2010-s1-A,2010-s1,A,24,P0969,bigblue2k
2010-s1-A,2010-s1,A,4,P1545,skilledpooler
2010-s1-A,2010-s1,A,29,P1496,saildude99
2010-s1-A,2010-s1,A,13,P1063,pro.jeremy
2010-s1-A,2010-s1,A,20,P1088,xl_gameover_lx
2010-s1-A,2010-s1,A,5,P0029,jabronni16
2010-s1-A,2010-s1,A,28,P1554,UN_NATURAL
2010-s1-A,2010-s1,A,12,P1530,revenge_of_spg
2010-s1-A,2010-s1,A,21,P0853,msc_masta
2010-s1-A,2010-s1,A,2,P1340,n00b.ski11z
2010-s1-A,2010-s1,A,31,,bye
2010-s1-A,2010-s1,A,15,P0140,zl_stu_lz
2010-s1-A,2010-s1,A,18,P1249,Sourwood
2010-s1-A,2010-s1,A,7,P1514,pool.shark0
2010-s1-A,2010-s1,A,26,P1300,leeds_united14
2010-s1-A,2010-s1,A,10,P1215,legend.skillz
2010-s1-A,2010-s1,A,23,P1425,TrueBoston
2010-s1-A,2010-s1,A,3,P1521,mvp_todd
2010-s1-A,2010-s1,A,30,P1491,king.kree
2010-s1-A,2010-s1,A,14,P1564,xx_apocalypsis_xx
2010-s1-A,2010-s1,A,19,P1380,x_therage
2010-s1-A,2010-s1,A,6,P1233,ohmygodtherearenonamesleft
2010-s1-A,2010-s1,A,27,P1096,l1_stephen_1
2010-s1-A,2010-s1,A,11,P1441,Xx_CK_xX
2010-s1-A,2010-s1,A,22,P1429,lvlusic_ls_lvly_l7rug
2010-s1-B,2010-s1,B,1,P1328,messy.ryan
2010-s1-B,2010-s1,B,32,,bye
2010-s1-B,2010-s1,B,16,P0205,arctic_cat_limited
2010-s1-B,2010-s1,B,17,P0217,bang.king
2010-s1-B,2010-s1,B,8,P1199,the_lvlag1cian
2010-s1-B,2010-s1,B,25,,TBD
2010-s1-B,2010-s1,B,9,P1506,ll_pro.nub_ll
2010-s1-B,2010-s1,B,24,,TBD
2010-s1-B,2010-s1,B,4,P1182,mvp.cubs
2010-s1-B,2010-s1,B,29,,TBD
2010-s1-B,2010-s1,B,13,P1416,Big_Skittles
2010-s1-B,2010-s1,B,20,,TBD
2010-s1-B,2010-s1,B,5,P1414,bang.fail
2010-s1-B,2010-s1,B,28,,TBD
2010-s1-B,2010-s1,B,12,P0344,real_fkin_deal
2010-s1-B,2010-s1,B,21,,TBD
2010-s1-B,2010-s1,B,2,P1420,blow_my_rod
2010-s1-B,2010-s1,B,31,,bye
2010-s1-B,2010-s1,B,15,P1422,Typical_Male_
2010-s1-B,2010-s1,B,18,P1313,xl_bankqueen_lx
2010-s1-B,2010-s1,B,7,P1525,nullified
2010-s1-B,2010-s1,B,26,,TBD
2010-s1-B,2010-s1,B,10,P1392,___imaj___
2010-s1-B,2010-s1,B,23,,TBD
2010-s1-B,2010-s1,B,3,P0064,handkrash
2010-s1-B,2010-s1,B,30,,TBD
2010-s1-B,2010-s1,B,14,P1264,omgs
2010-s1-B,2010-s1,B,19,,TBD
2010-s1-B,2010-s1,B,6,P1218,cc.chicky
2010-s1-B,2010-s1,B,27,,TBD
2010-s1-B,2010-s1,B,11,P0841,ll_eskimo_ownage_ll
2010-s1-B,2010-s1,B,22,,TBD
2010-s2-A,2010-s2,A,1,P1334,MJ_The_King
2010-s2-A,2010-s2,A,32,,bye
2010-s2-A,2010-s2,A,16,P1380,x_therage
2010-s2-A,2010-s2,A,17,P1300,leeds_united14
2010-s2-A,2010-s2,A,8,P1022,poolist
2010-s2-A,2010-s2,A,25,P1397,AaaaaaaaaNlL
2010-s2-A,2010-s2,A,9,P0010,HawkeyeStriker
2010-s2-A,2010-s2,A,24,P1420,blow_my_rod
2010-s2-A,2010-s2,A,4,P1434,c-b
2010-s2-A,2010-s2,A,29,,TBD
2010-s2-A,2010-s2,A,13,P0951,adambuddy
2010-s2-A,2010-s2,A,20,P0757,get_drewed
2010-s2-A,2010-s2,A,5,P1459,deep.cerebro
2010-s2-A,2010-s2,A,28,P1497,TOyBOy2Die4u
2010-s2-A,2010-s2,A,12,P0101,ReallyBigAssNegro
2010-s2-A,2010-s2,A,21,P1148,xsoubanhx
2010-s2-A,2010-s2,A,2,P0672,mvp_sicc
2010-s2-A,2010-s2,A,31,,bye
2010-s2-A,2010-s2,A,15,P1565,xxl_machine_lxx [w/c]
2010-s2-A,2010-s2,A,18,P1562,worst_player_yet [w/c]
2010-s2-A,2010-s2,A,7,P1318,Lewissss
2010-s2-A,2010-s2,A,26,P1088,xl_gameover_lx
2010-s2-A,2010-s2,A,10,P1340,n00b.ski11z
2010-s2-A,2010-s2,A,23,P1518,mvp_chiddy [w/c]
2010-s2-A,2010-s2,A,3,P1441,Xx_CK_xX
2010-s2-A,2010-s2,A,30,,TBD
2010-s2-A,2010-s2,A,14,P0988,mr_camtasia
2010-s2-A,2010-s2,A,19,P1425,TrueBoston
2010-s2-A,2010-s2,A,6,P0140,zl_stu_lz
2010-s2-A,2010-s2,A,27,P1436,x_majik.shots_x
2010-s2-A,2010-s2,A,11,P0073,xlx_britishpoolking_xlx
2010-s2-A,2010-s2,A,22,P1557,UN_NATURAL [w/c]
2010-s2-B,2010-s2,B,1,P1398,acemacer10987
2010-s2-B,2010-s2,B,32,,bye
2010-s2-B,2010-s2,B,16,P1476,I_BeTheRealDeal [w/c]
2010-s2-B,2010-s2,B,17,P1505,ll_pothead_x_sniper_ll [w/c]
2010-s2-B,2010-s2,B,8,P1495,kansas_pool_k1ng
2010-s2-B,2010-s2,B,25,,TBD
2010-s2-B,2010-s2,B,9,P1435,c.marcoo
2010-s2-B,2010-s2,B,24,,TBD
2010-s2-B,2010-s2,B,4,P1516,sexy.l3anker
2010-s2-B,2010-s2,B,29,,TBD
2010-s2-B,2010-s2,B,13,P1482,lunatic1285
2010-s2-B,2010-s2,B,20,P1463,Victoria_7k
2010-s2-B,2010-s2,B,5,P1138,nick_ownzz
2010-s2-B,2010-s2,B,28,,TBD
2010-s2-B,2010-s2,B,12,P1447,COOLDEEP_4
2010-s2-B,2010-s2,B,21,,TBD
2010-s2-B,2010-s2,B,2,P1432,xXxXxXxXx_BrYaN_xXxXxXxXx
2010-s2-B,2010-s2,B,31,,bye
2010-s2-B,2010-s2,B,15,P1523,xlx_nish_xlx
2010-s2-B,2010-s2,B,18,P1529,pr0.sk1llz [w/c]
2010-s2-B,2010-s2,B,7,P1419,black_stallion009
2010-s2-B,2010-s2,B,26,,TBD
2010-s2-B,2010-s2,B,10,P1478,im_rees
2010-s2-B,2010-s2,B,23,,TBD
2010-s2-B,2010-s2,B,3,P1460,derek98_
2010-s2-B,2010-s2,B,30,,TBD
2010-s2-B,2010-s2,B,14,P1113,lvlusti
2010-s2-B,2010-s2,B,19,P1400,CND_095
2010-s2-B,2010-s2,B,6,P1483,l3reak_it_out
2010-s2-B,2010-s2,B,27,,TBD
2010-s2-B,2010-s2,B,11,P1535,xl_gooner_lx
2010-s2-B,2010-s2,B,22,,TBD
2010-s3-A,2010-s3,A,1,P1022,poolist
2010-s3-A,2010-s3,A,32,,bye
2010-s3-A,2010-s3,A,16,P1451,mvp_chiddy
2010-s3-A,2010-s3,A,17,P1304,runmatic
2010-s3-A,2010-s3,A,8,P0951,adambuddy
2010-s3-A,2010-s3,A,25,P1498,toyboy2die4
2010-s3-A,2010-s3,A,9,P1249,Sourwood
2010-s3-A,2010-s3,A,24,P1441,Xx_CK_xX
2010-s3-A,2010-s3,A,4,P1262,Easyrun
2010-s3-A,2010-s3,A,29,,bye
2010-s3-A,2010-s3,A,13,P1300,leeds_united14
2010-s3-A,2010-s3,A,20,P1539,SERGI_BOCA
2010-s3-A,2010-s3,A,5,P0073,xlx_britishpoolking_xlx
2010-s3-A,2010-s3,A,28,P1312,ultrabeats_scooter
2010-s3-A,2010-s3,A,12,P1528,sleepyman619
2010-s3-A,2010-s3,A,21,P1415,fhm_champion
2010-s3-A,2010-s3,A,2,P0672,mvp_sicc
2010-s3-A,2010-s3,A,31,,bye
2010-s3-A,2010-s3,A,15,P1483,l3reak_it_out
2010-s3-A,2010-s3,A,18,P1393,__Trav__
2010-s3-A,2010-s3,A,7,P0689,c_o_r_e_y_y
2010-s3-A,2010-s3,A,26,P1096,l1_stephen_1
2010-s3-A,2010-s3,A,10,P1515,pool.sharko
2010-s3-A,2010-s3,A,23,P1475,fsm_hero
2010-s3-A,2010-s3,A,3,P1334,MJ_The_King
2010-s3-A,2010-s3,A,30,,bye
2010-s3-A,2010-s3,A,14,P1520,mvp_n00b
2010-s3-A,2010-s3,A,19,P1148,xsoubanhx
2010-s3-A,2010-s3,A,6,P1425,sykology
2010-s3-A,2010-s3,A,27,P1517,mvp_cha0tic
2010-s3-A,2010-s3,A,11,P0969,sixohtwo
2010-s3-A,2010-s3,A,22,P1399,ACE2202
2010-s3-B,2010-s3,B,1,P1419,black_stallion009
2010-s3-B,2010-s3,B,32,,bye
2010-s3-B,2010-s3,B,16,P1429,lvlusic_ls_lvly_l7rug
2010-s3-B,2010-s3,B,17,P1468,MR. RITE
2010-s3-B,2010-s3,B,8,P1554,UN_NATURAL
2010-s3-B,2010-s3,B,25,,bye
2010-s3-B,2010-s3,B,9,P1433,busted_open
2010-s3-B,2010-s3,B,24,,bye
2010-s3-B,2010-s3,B,4,P1440,fv_arctic
2010-s3-B,2010-s3,B,29,,bye
2010-s3-B,2010-s3,B,13,P0217,bang.king
2010-s3-B,2010-s3,B,20,,bye
2010-s3-B,2010-s3,B,5,P1113,lvlusti
2010-s3-B,2010-s3,B,28,,bye
2010-s3-B,2010-s3,B,12,P1531,Rich5148
2010-s3-B,2010-s3,B,21,,bye
2010-s3-B,2010-s3,B,2,P1516,sexy.l3anker
2010-s3-B,2010-s3,B,31,,bye
2010-s3-B,2010-s3,B,15,P1418,billiard_inc
2010-s3-B,2010-s3,B,18,P0726,mvp_croz
2010-s3-B,2010-s3,B,7,P1083,themvp66
2010-s3-B,2010-s3,B,26,,bye
2010-s3-B,2010-s3,B,10,P1413,astro61200
2010-s3-B,2010-s3,B,23,,bye
2010-s3-B,2010-s3,B,3,P1456,lone__wolf
2010-s3-B,2010-s3,B,30,,bye
2010-s3-B,2010-s3,B,14,P1536,safdarbandali
2010-s3-B,2010-s3,B,19,P1313,xl_bankqueen_lx
2010-s3-B,2010-s3,B,6,P1484,voxxington
2010-s3-B,2010-s3,B,27,,bye
2010-s3-B,2010-s3,B,11,P1396,jt.jester
2010-s3-B,2010-s3,B,22,,bye
2010-s4-A,2010-s4,A,1,P1410,underdogg_
2010-s4-A,2010-s4,A,32,,bye
2010-s4-A,2010-s4,A,16,P1419,black_stallion009
2010-s4-A,2010-s4,A,17,P1446,thebezisback
2010-s4-A,2010-s4,A,8,P0951,adambuddy
2010-s4-A,2010-s4,A,25,P1558,viva.la_pom W/C
2010-s4-A,2010-s4,A,9,P0250,ll_chex_ll
2010-s4-A,2010-s4,A,24,P1054,killah_jason
2010-s4-A,2010-s4,A,4,P1511,Mattskie
2010-s4-A,2010-s4,A,29,,bye
2010-s4-A,2010-s4,A,13,P1022,poolist
2010-s4-A,2010-s4,A,20,P1393,__Trav__
2010-s4-A,2010-s4,A,5,P1399,ACE2202
2010-s4-A,2010-s4,A,28,P1552,toyboy2die4u W/C
2010-s4-A,2010-s4,A,12,P1262,Easyrun
2010-s4-A,2010-s4,A,21,P1437,freak.ofpool
2010-s4-A,2010-s4,A,2,P0754,hp_king22
2010-s4-A,2010-s4,A,31,,bye
2010-s4-A,2010-s4,A,15,P1457,DazzyRacin
2010-s4-A,2010-s4,A,18,P1381,TlNO_NICA
2010-s4-A,2010-s4,A,7,P1223,i.am_the_zodiac
2010-s4-A,2010-s4,A,26,P1503,l1_stephen_1 W/C
2010-s4-A,2010-s4,A,10,P0969,sixohtwo
2010-s4-A,2010-s4,A,23,P1406,HAIRY_ANACONDA
2010-s4-A,2010-s4,A,3,P1404,aka_hero
2010-s4-A,2010-s4,A,30,,bye
2010-s4-A,2010-s4,A,14,P1452,godly_craig
2010-s4-A,2010-s4,A,19,P1539,Sergi_Boca
2010-s4-A,2010-s4,A,6,P0073,xlx_britishpoolking_xlx
2010-s4-A,2010-s4,A,27,P1504,leeds_united14 W/C
2010-s4-A,2010-s4,A,11,P1180,_brimstone_
2010-s4-A,2010-s4,A,22,P1403,aka_cryptic
2010-s4-B,2010-s4,B,1,P1440,fv_arctic
2010-s4-B,2010-s4,B,32,,bye
2010-s4-B,2010-s4,B,16,P1541,sexy.l3anker W/C
2010-s4-B,2010-s4,B,17,P1563,xl_bankqueen_lx W/C
2010-s4-B,2010-s4,B,8,P1392,___imaj___
2010-s4-B,2010-s4,B,25,,bye
2010-s4-B,2010-s4,B,9,P1507,ll_xtc_ll
2010-s4-B,2010-s4,B,24,,bye
2010-s4-B,2010-s4,B,4,P1536,safdarbandali
2010-s4-B,2010-s4,B,29,,bye
2010-s4-B,2010-s4,B,13,P1456,lone__wolf
2010-s4-B,2010-s4,B,20,P1473,EddieS56 W/C
2010-s4-B,2010-s4,B,5,P1057,jasonlippi01
2010-s4-B,2010-s4,B,28,,bye
2010-s4-B,2010-s4,B,12,P1412,zshwayze
2010-s4-B,2010-s4,B,21,,bye
2010-s4-B,2010-s4,B,2,P1519,mvp_crozz
2010-s4-B,2010-s4,B,31,,bye
2010-s4-B,2010-s4,B,15,P1500,M_N_A_V
2010-s4-B,2010-s4,B,18,P1431,brom884704 W/C
2010-s4-B,2010-s4,B,7,P0383,pain_purifies
2010-s4-B,2010-s4,B,26,,bye
2010-s4-B,2010-s4,B,10,P0327,devilstature
2010-s4-B,2010-s4,B,23,,bye
2010-s4-B,2010-s4,B,3,P1465,need_weed_
2010-s4-B,2010-s4,B,30,,bye
2010-s4-B,2010-s4,B,14,P1534,skilled.banger
2010-s4-B,2010-s4,B,19,P1527,outlaw_king_taft W/C
2010-s4-B,2010-s4,B,6,P1531,Rich5148
2010-s4-B,2010-s4,B,27,,bye
2010-s4-B,2010-s4,B,11,P1402,Aimester
2010-s4-B,2010-s4,B,22,,bye
2011-s1-A,2011-s1,A,1,P0073,xlx_britishpoolking_xlx
2011-s1-A,2011-s1,A,32,,bye
2011-s1-A,2011-s1,A,16,P1654,TrueNightmare
2011-s1-A,2011-s1,A,17,P1381,TlNO_NICA
2011-s1-A,2011-s1,A,8,P1096,l1_stephen_1
2011-s1-A,2011-s1,A,25,,TBD
2011-s1-A,2011-s1,A,9,P0672,mvp_sicc
2011-s1-A,2011-s1,A,24,P1659,l_keel_you
2011-s1-A,2011-s1,A,4,P1425,sykology
2011-s1-A,2011-s1,A,29,,TBD
2011-s1-A,2011-s1,A,13,P1655,iiviij
2011-s1-A,2011-s1,A,20,P1536,safdarbandali
2011-s1-A,2011-s1,A,5,P1593,weekenderweekender
2011-s1-A,2011-s1,A,28,,TBD
2011-s1-A,2011-s1,A,12,P1022,poolist
2011-s1-A,2011-s1,A,21,P1667,o_r_a_
2011-s1-A,2011-s1,A,2,P1441,Xx_CK_xX
2011-s1-A,2011-s1,A,31,,bye
2011-s1-A,2011-s1,A,15,P1415,fhm_champion
2011-s1-A,2011-s1,A,18,P1620,gg_7balled
2011-s1-A,2011-s1,A,7,P1650,zZ_LaZyAsS_Zz
2011-s1-A,2011-s1,A,26,,TBD
2011-s1-A,2011-s1,A,10,P0951,adambuddy
2011-s1-A,2011-s1,A,23,P1672,ss.j0sh
2011-s1-A,2011-s1,A,3,P1158,wyte.folks
2011-s1-A,2011-s1,A,30,,TBD
2011-s1-A,2011-s1,A,14,P0140,zl_stu_lz
2011-s1-A,2011-s1,A,19,P1581,X_STRIKE_X
2011-s1-A,2011-s1,A,6,P1300,leeds_united14
2011-s1-A,2011-s1,A,27,,TBD
2011-s1-A,2011-s1,A,11,P1404,aka_hero
2011-s1-A,2011-s1,A,22,P1695,nick ownz
2011-s1-B,2011-s1,B,1,P1725,Troy_badman
2011-s1-B,2011-s1,B,32,,bye
2011-s1-B,2011-s1,B,16,P1571,A_D_A_M_
2011-s1-B,2011-s1,B,17,P1726,UN_Nautral
2011-s1-B,2011-s1,B,8,P0726,mvp_croz
2011-s1-B,2011-s1,B,25,,TBD
2011-s1-B,2011-s1,B,9,P1516,sexy.l3anker
2011-s1-B,2011-s1,B,24,,TBD
2011-s1-B,2011-s1,B,4,P1626,DDDDDAAAAANNNNN
2011-s1-B,2011-s1,B,29,,TBD
2011-s1-B,2011-s1,B,13,P1589,baracka.flocka
2011-s1-B,2011-s1,B,20,,TBD
2011-s1-B,2011-s1,B,5,P1632,l3_lvl_x
2011-s1-B,2011-s1,B,28,,TBD
2011-s1-B,2011-s1,B,12,P1576,ItsAJ
2011-s1-B,2011-s1,B,21,,TBD
2011-s1-B,2011-s1,B,2,P1603,nxs_skillz
2011-s1-B,2011-s1,B,31,,bye
2011-s1-B,2011-s1,B,15,P1430,brom884704
2011-s1-B,2011-s1,B,18,P1715,shotgun56
2011-s1-B,2011-s1,B,7,P0282,cool_combos
2011-s1-B,2011-s1,B,26,,TBD
2011-s1-B,2011-s1,B,10,P1113,lvlusti
2011-s1-B,2011-s1,B,23,,TBD
2011-s1-B,2011-s1,B,3,P1199,the_lvlag1cian
2011-s1-B,2011-s1,B,30,,TBD
2011-s1-B,2011-s1,B,14,P1623,curtisbrannan1
2011-s1-B,2011-s1,B,19,,TBD
2011-s1-B,2011-s1,B,6,P1721,tricky8br
2011-s1-B,2011-s1,B,27,,TBD
2011-s1-B,2011-s1,B,11,P1579,alex.ncal
2011-s1-B,2011-s1,B,22,,TBD
2011-s2-A,2011-s2,A,1,P1054,Killah_jason
2011-s2-A,2011-s2,A,32,,bye
2011-s2-A,2011-s2,A,16,P1678,l1_stephen_ 1
2011-s2-A,2011-s2,A,17,P1441,Xx_CK_xX
2011-s2-A,2011-s2,A,8,P1581,x_strike_x
2011-s2-A,2011-s2,A,25,P1157,shitty_attitude
2011-s2-A,2011-s2,A,9,P1567,Cocky_Guy
2011-s2-A,2011-s2,A,24,P0584,xlx_s_p_g_xlx
2011-s2-A,2011-s2,A,4,P1425,sykology
2011-s2-A,2011-s2,A,29,,bye
2011-s2-A,2011-s2,A,13,P1300,Leeds_united14
2011-s2-A,2011-s2,A,20,P1655,iiviij
2011-s2-A,2011-s2,A,5,P0951,adambuddy
2011-s2-A,2011-s2,A,28,,bye
2011-s2-A,2011-s2,A,12,P1223,i.am_the_zodiac
2011-s2-A,2011-s2,A,21,P1648,fratboywasted
2011-s2-A,2011-s2,A,2,P1713,scotpool
2011-s2-A,2011-s2,A,31,,bye
2011-s2-A,2011-s2,A,15,P1393,__Trav__
2011-s2-A,2011-s2,A,18,P1520,mvp_n00b
2011-s2-A,2011-s2,A,7,P0073,xlx_britishpoolking_xlx
2011-s2-A,2011-s2,A,26,,bye
2011-s2-A,2011-s2,A,10,P0726,mvp_croz
2011-s2-A,2011-s2,A,23,P1435,c.marcoo
2011-s2-A,2011-s2,A,3,P1404,aka_hero
2011-s2-A,2011-s2,A,30,,bye
2011-s2-A,2011-s2,A,14,P1594,spc_shogun
2011-s2-A,2011-s2,A,19,P1602,c.hampionn
2011-s2-A,2011-s2,A,6,P0617,tubaccy_spittin_rebel
2011-s2-A,2011-s2,A,27,,bye
2011-s2-A,2011-s2,A,11,P1410,underdogg_
2011-s2-A,2011-s2,A,22,P1539,SERGI_BOCA
2011-s2-B,2011-s2,B,1,P1536,safdarbandali
2011-s2-B,2011-s2,B,32,,bye
2011-s2-B,2011-s2,B,16,P1606,chad.
2011-s2-B,2011-s2,B,17,P1617,decent.shot
2011-s2-B,2011-s2,B,8,P1626,DDDDDAAAAANNNNN
2011-s2-B,2011-s2,B,25,,bye
2011-s2-B,2011-s2,B,9,P1607,cyberinferno1
2011-s2-B,2011-s2,B,24,,bye
2011-s2-B,2011-s2,B,4,P1677,l0osteekyo0l
2011-s2-B,2011-s2,B,29,,bye
2011-s2-B,2011-s2,B,13,P1663,SuGaRBa8y
2011-s2-B,2011-s2,B,20,P0907,the_pink_fuzzy_bear
2011-s2-B,2011-s2,B,5,P1413,astro61200
2011-s2-B,2011-s2,B,28,,bye
2011-s2-B,2011-s2,B,12,P1204,L0st_C0zz
2011-s2-B,2011-s2,B,21,,bye
2011-s2-B,2011-s2,B,2,P1572,A_D_A_M__
2011-s2-B,2011-s2,B,31,,bye
2011-s2-B,2011-s2,B,15,P1313,xl_bankqueen_lx
2011-s2-B,2011-s2,B,18,P1516,sexy.l3anker
2011-s2-B,2011-s2,B,7,P1622,CursedMan
2011-s2-B,2011-s2,B,26,,bye
2011-s2-B,2011-s2,B,10,P1642,dx.fanatic
2011-s2-B,2011-s2,B,23,,bye
2011-s2-B,2011-s2,B,3,P1456,lone__wolf
2011-s2-B,2011-s2,B,30,,bye
2011-s2-B,2011-s2,B,14,P1472,EddieS56
2011-s2-B,2011-s2,B,19,P1727,Victoria7k
2011-s2-B,2011-s2,B,6,P1554,UN_NATURAL
2011-s2-B,2011-s2,B,27,,bye
2011-s2-B,2011-s2,B,11,P1635,dead.bang
2011-s2-B,2011-s2,B,22,,bye
2011-s3-A,2011-s3,A,1,P1334,MJ_The_King
2011-s3-A,2011-s3,A,32,,bye
2011-s3-A,2011-s3,A,16,P1446,thebezisback
2011-s3-A,2011-s3,A,17,P1300,leeds_united14
2011-s3-A,2011-s3,A,8,P1691,n00bsquad_knight
2011-s3-A,2011-s3,A,25,P1603,nxs_skillz
2011-s3-A,2011-s3,A,9,P1096,l1_stephen_1
2011-s3-A,2011-s3,A,24,P1593,weekenderweekender
2011-s3-A,2011-s3,A,4,P1410,underdogg_
2011-s3-A,2011-s3,A,29,,bye
2011-s3-A,2011-s3,A,13,P0368,XX_APOCALIPSYS_XX
2011-s3-A,2011-s3,A,20,P1567,Cocky_Guy
2011-s3-A,2011-s3,A,5,P0010,HawkeyeStriker
2011-s3-A,2011-s3,A,28,,bye
2011-s3-A,2011-s3,A,12,P1286,jaded_karma
2011-s3-A,2011-s3,A,21,P0296,so_wolf_cub4
2011-s3-A,2011-s3,A,2,P0754,hp_king22
2011-s3-A,2011-s3,A,31,,bye
2011-s3-A,2011-s3,A,15,P1198,b0rn.gr3at
2011-s3-A,2011-s3,A,18,P1577,lIXll_GoD_lIXll
2011-s3-A,2011-s3,A,7,P1411,sin-e
2011-s3-A,2011-s3,A,26,,bye
2011-s3-A,2011-s3,A,10,P1157,shitty_attitude
2011-s3-A,2011-s3,A,23,P1607,cyberinferno1
2011-s3-A,2011-s3,A,3,P1340,n00b.ski11z
2011-s3-A,2011-s3,A,30,,bye
2011-s3-A,2011-s3,A,14,P1419,black_stallion009
2011-s3-A,2011-s3,A,19,P1615,combo5_
2011-s3-A,2011-s3,A,6,P1630,siccster
2011-s3-A,2011-s3,A,27,,bye
2011-s3-A,2011-s3,A,11,P1404,aka_hero
2011-s3-A,2011-s3,A,22,P0726,mvp_croz
2011-s3-B,2011-s3,B,1,P0907,the_pink_fuzzy_bear
2011-s3-B,2011-s3,B,32,,bye
2011-s3-B,2011-s3,B,16,P1568,_cue
2011-s3-B,2011-s3,B,17,P1721,tricky8br
2011-s3-B,2011-s3,B,8,P1680,mr.spin
2011-s3-B,2011-s3,B,25,,bye
2011-s3-B,2011-s3,B,9,P1653,i_always_own_you
2011-s3-B,2011-s3,B,24,,bye
2011-s3-B,2011-s3,B,4,P1582,KillerS_96
2011-s3-B,2011-s3,B,29,,bye
2011-s3-B,2011-s3,B,13,P1609,chill_l3ro
2011-s3-B,2011-s3,B,20,P1634,DDDDDAAAAANNNN
2011-s3-B,2011-s3,B,5,P1616,Complete
2011-s3-B,2011-s3,B,28,,bye
2011-s3-B,2011-s3,B,12,P1697,Nish_is_my_name_choke_is_my_game
2011-s3-B,2011-s3,B,21,P1570,_sexy_honey
2011-s3-B,2011-s3,B,2,P1531,Rich5148
2011-s3-B,2011-s3,B,31,,bye
2011-s3-B,2011-s3,B,15,P1669,roasted_like_eva
2011-s3-B,2011-s3,B,18,P1516,sexy.l3anker
2011-s3-B,2011-s3,B,7,P1644,Emmaaa25
2011-s3-B,2011-s3,B,26,,bye
2011-s3-B,2011-s3,B,10,P1660,jvrt1
2011-s3-B,2011-s3,B,23,,bye
2011-s3-B,2011-s3,B,3,P1576,ItsAJ
2011-s3-B,2011-s3,B,30,,bye
2011-s3-B,2011-s3,B,14,P1712,Sasha98
2011-s3-B,2011-s3,B,19,P1599,mvp_raven
2011-s3-B,2011-s3,B,6,P1692,n00bsquad_reese
2011-s3-B,2011-s3,B,27,,bye
2011-s3-B,2011-s3,B,11,P1430,Brom884704
2011-s3-B,2011-s3,B,22,P1606,Chad.
2011-s4-A,2011-s4,A,1,P1656,iiviijj
2011-s4-A,2011-s4,A,32,,bye
2011-s4-A,2011-s4,A,16,P1435,c.marcoo
2011-s4-A,2011-s4,A,17,P1584,x_ant_x
2011-s4-A,2011-s4,A,8,P1198,b0rn.gr3at
2011-s4-A,2011-s4,A,25,P1075,xlx_skill_xlx
2011-s4-A,2011-s4,A,9,P1595,joosed_up
2011-s4-A,2011-s4,A,24,P1706,ruffer_man
2011-s4-A,2011-s4,A,4,P1588,AzN_PrIdE_LuVa
2011-s4-A,2011-s4,A,29,,bye
2011-s4-A,2011-s4,A,13,P0984,p00l_charlie
2011-s4-A,2011-s4,A,20,P1578,x_i_am_me_x
2011-s4-A,2011-s4,A,5,P0988,mr_camtasia
2011-s4-A,2011-s4,A,28,,bye
2011-s4-A,2011-s4,A,12,P0076,jmunoz3rd
2011-s4-A,2011-s4,A,21,P1508,xlx_chex_xlx
2011-s4-A,2011-s4,A,2,P1425,sykology
2011-s4-A,2011-s4,A,31,,bye
2011-s4-A,2011-s4,A,15,P0010,HawkeyeStriker
2011-s4-A,2011-s4,A,18,P1404,aka_hero
2011-s4-A,2011-s4,A,7,P1223,i.am_the_zodiac
2011-s4-A,2011-s4,A,26,,bye
2011-s4-A,2011-s4,A,10,P1701,PRO_BOY
2011-s4-A,2011-s4,A,23,P0873,precise.runner
2011-s4-A,2011-s4,A,3,P0969,sixohtwo
2011-s4-A,2011-s4,A,30,,bye
2011-s4-A,2011-s4,A,14,P1300,leeds_united14
2011-s4-A,2011-s4,A,19,P1085,the_pool_professor
2011-s4-A,2011-s4,A,6,P1713,scotpool
2011-s4-A,2011-s4,A,27,,bye
2011-s4-A,2011-s4,A,11,P1262,Easyrun
2011-s4-A,2011-s4,A,22,P1157,shitty_attitude
2011-s4-B,2011-s4,B,1,P0907,the_pink_fuzzy_bear
2011-s4-B,2011-s4,B,32,,bye
2011-s4-B,2011-s4,B,16,P1430,brom884704
2011-s4-B,2011-s4,B,17,P1609,chill_l3ro
2011-s4-B,2011-s4,B,8,P0296,so_wolf_cub4
2011-s4-B,2011-s4,B,25,P1643,dx.hype
2011-s4-B,2011-s4,B,9,P1607,cyberinferno1
2011-s4-B,2011-s4,B,24,P1573,dr_papsmear_at_your_cervix
2011-s4-B,2011-s4,B,4,P1516,sexy.l3anker
2011-s4-B,2011-s4,B,29,,bye
2011-s4-B,2011-s4,B,13,P1293,jfy
2011-s4-B,2011-s4,B,20,P1539,SERGI_BOCA
2011-s4-B,2011-s4,B,5,P1673,JoshK666
2011-s4-B,2011-s4,B,28,,bye
2011-s4-B,2011-s4,B,12,P1681,m4tt_th3_p0ol_pl4y3r
2011-s4-B,2011-s4,B,21,P1531,Rich5148
2011-s4-B,2011-s4,B,2,P1700,pool.k1ng
2011-s4-B,2011-s4,B,31,,bye
2011-s4-B,2011-s4,B,15,P1097,l3lack_jesus
2011-s4-B,2011-s4,B,18,P1608,pot
2011-s4-B,2011-s4,B,7,P1627,dwaechte
2011-s4-B,2011-s4,B,26,,bye
2011-s4-B,2011-s4,B,10,P1653,i_always_own_you
2011-s4-B,2011-s4,B,23,P1674,jpogrady
2011-s4-B,2011-s4,B,3,P1636,run.legend
2011-s4-B,2011-s4,B,30,,bye
2011-s4-B,2011-s4,B,14,P1554,un_natural
2011-s4-B,2011-s4,B,19,P1113,lvlusti
2011-s4-B,2011-s4,B,6,P1580,oh.alix
2011-s4-B,2011-s4,B,27,,bye
2011-s4-B,2011-s4,B,11,P1604,lvlr_l7ry
2011-s4-B,2011-s4,B,22,P1599,mvp_raven
2011-s5-A,2011-s5,A,1,P1075,xlx_skill_xlx
2011-s5-A,2011-s5,A,32,,BYE
2011-s5-A,2011-s5,A,16,P0873,precise.runner
2011-s5-A,2011-s5,A,17,P1569,_Matt15_
2011-s5-A,2011-s5,A,8,P1189,experrt
2011-s5-A,2011-s5,A,25,,BYE
2011-s5-A,2011-s5,A,9,P1719,xll_lvlagic.lvlan_llx
2011-s5-A,2011-s5,A,24,,BYE
2011-s5-A,2011-s5,A,4,P0584,xlx_s_p_g_xlx
2011-s5-A,2011-s5,A,29,,BYE
2011-s5-A,2011-s5,A,13,P1158,wyte.folks
2011-s5-A,2011-s5,A,20,P1380,x_therage
2011-s5-A,2011-s5,A,5,P1701,PRO_BOY
2011-s5-A,2011-s5,A,28,,BYE
2011-s5-A,2011-s5,A,12,P1300,leeds_united14
2011-s5-A,2011-s5,A,21,P0073,xlx_britishpoolking_xlx
2011-s5-A,2011-s5,A,2,P1334,MJ_The_King
2011-s5-A,2011-s5,A,31,,BYE
2011-s5-A,2011-s5,A,15,P1369,xxl_machine_lxx
2011-s5-A,2011-s5,A,18,P1679,l_inland_taipan_l
2011-s5-A,2011-s5,A,7,P1441,Xx_CK_xX
2011-s5-A,2011-s5,A,26,,BYE
2011-s5-A,2011-s5,A,10,P1578,x_i_am_me_x
2011-s5-A,2011-s5,A,23,P0010,HawkeyeStriker
2011-s5-A,2011-s5,A,3,P1434,c-b
2011-s5-A,2011-s5,A,30,,BYE
2011-s5-A,2011-s5,A,14,P1588,AzN_PrIdE_LuVa
2011-s5-A,2011-s5,A,19,P1425,sykology
2011-s5-A,2011-s5,A,6,P1689,s.chooled
2011-s5-A,2011-s5,A,27,,BYE
2011-s5-A,2011-s5,A,11,P1585,manutd_
2011-s5-A,2011-s5,A,22,P1096,l1_stephen_1
2011-s5-B,2011-s5,B,1,P1138,Nick_ownzz
2011-s5-B,2011-s5,B,32,,bye
2011-s5-B,2011-s5,B,16,P1675,R_ook
2011-s5-B,2011-s5,B,17,P1590,significance
2011-s5-B,2011-s5,B,8,P1335,Mr.PAKiZ_RULES
2011-s5-B,2011-s5,B,25,,BYE
2011-s5-B,2011-s5,B,9,P0296,so_wolf_cub4
2011-s5-B,2011-s5,B,24,,BYE
2011-s5-B,2011-s5,B,4,P1430,Brom884704
2011-s5-B,2011-s5,B,29,,BYE
2011-s5-B,2011-s5,B,13,P1536,safdarbandali
2011-s5-B,2011-s5,B,20,P1570,_sexy_honey
2011-s5-B,2011-s5,B,5,P1665,JJ.pwns
2011-s5-B,2011-s5,B,28,,BYE
2011-s5-B,2011-s5,B,12,P1671,s_ic
2011-s5-B,2011-s5,B,21,P0024,british_pool_wizard
2011-s5-B,2011-s5,B,2,P1591,black_stallion010
2011-s5-B,2011-s5,B,31,,BYE
2011-s5-B,2011-s5,B,15,P1439,hustle
2011-s5-B,2011-s5,B,18,P1531,rich5148
2011-s5-B,2011-s5,B,7,P1587,redrose_and_a_glassofwine
2011-s5-B,2011-s5,B,26,,BYE
2011-s5-B,2011-s5,B,10,P1572,A_D_A_M__
2011-s5-B,2011-s5,B,23,,BYE
2011-s5-B,2011-s5,B,3,P1651,Haters
2011-s5-B,2011-s5,B,30,,BYE
2011-s5-B,2011-s5,B,14,P1611,DynamiteChris
2011-s5-B,2011-s5,B,19,P1698,pro.ch0ker
2011-s5-B,2011-s5,B,6,P1516,sexy.l3anker
2011-s5-B,2011-s5,B,27,,BYE
2011-s5-B,2011-s5,B,11,P1010,tw.ista
2011-s5-B,2011-s5,B,22,P1662,master
2012-s1-A,2012-s1,A,1,P1585,good-faith
2012-s1-A,2012-s1,A,2,P0969,sixohtwo
2012-s1-A,2012-s1,A,3,P1801,leeds_united14
2012-s1-A,2012-s1,A,4,P1202,thebezisback
2012-s1-A,2012-s1,A,5,P1757,spc_shogun
2012-s1-A,2012-s1,A,6,P1732,_dante
2012-s1-A,2012-s1,A,7,P1791,iiviijj
2012-s1-A,2012-s1,A,8,P1578,x_i_am_me_x
2012-s1-A,2012-s1,A,9,P1627,dwaechte
2012-s1-A,2012-s1,A,10,P1835,xlx_rivaldo_xlx
2012-s1-A,2012-s1,A,11,P1853,Travis
2012-s1-A,2012-s1,A,12,P1419,master
2012-s1-A,2012-s1,A,13,P1748,sin-e
2012-s1-A,2012-s1,A,14,P1842,shaggymaniac
2012-s1-A,2012-s1,A,15,P1096,l1_stephen_1
2012-s1-A,2012-s1,A,16,P1103,Lewissss
2012-s1-A,2012-s1,A,17,P1316,xGodNeox
2012-s1-A,2012-s1,A,18,P1839,xlx_s_p_g_xlx
2012-s1-A,2012-s1,A,19,P0182,srsmode
2012-s1-A,2012-s1,A,20,P1765,xlx_canuck_xlx
2012-s1-A,2012-s1,A,21,P1854,trios.return
2012-s1-A,2012-s1,A,22,P1740,aka_pomking
2012-s1-A,2012-s1,A,23,P1830,PRO_BOY
2012-s1-A,2012-s1,A,24,P1588,AzN_PrIdE_LuVa
2012-s1-A,2012-s1,A,25,P1802,xlx_skill_xlx
2012-s1-A,2012-s1,A,26,,BYE
2012-s1-A,2012-s1,A,27,,BYE
2012-s1-A,2012-s1,A,28,,BYE
2012-s1-A,2012-s1,A,29,,BYE
2012-s1-A,2012-s1,A,30,,BYE
2012-s1-A,2012-s1,A,31,,BYE
2012-s1-A,2012-s1,A,32,,BYE
2012-s1-B,2012-s1,B,1,P1824,Mr_Goodman
2012-s1-B,2012-s1,B,2,P1604,lvlr_l7ry
2012-s1-B,2012-s1,B,3,P1179,exquisite.ashie
2012-s1-B,2012-s1,B,4,P1735,_The_Leprachaun_
2012-s1-B,2012-s1,B,5,P1394,_Eddie_2
2012-s1-B,2012-s1,B,6,P0064,handkrash
2012-s1-B,2012-s1,B,7,P1607,cyberinferno1
2012-s1-B,2012-s1,B,8,P1733,lx_bittersweet_xl
2012-s1-B,2012-s1,B,9,P1458,s_ic
2012-s1-B,2012-s1,B,10,P1810,mr.spin
2012-s1-B,2012-s1,B,11,P1812,ll_xtc_ll
2012-s1-B,2012-s1,B,12,P1396,_Sugarhigh__
2012-s1-B,2012-s1,B,13,P1778,im_rees
2012-s1-B,2012-s1,B,14,P1818,Xx_Different_Class_xX
2012-s1-B,2012-s1,B,15,P1774,l_simply_unique_l
2012-s1-B,2012-s1,B,16,P1767,SuperStar_69_
2012-s1-B,2012-s1,B,17,P1531,xz_legendary_zx
2012-s1-B,2012-s1,B,18,P1808,mr_slickt0n
2012-s1-B,2012-s1,B,19,P1754,Punk_Lobster
2012-s1-B,2012-s1,B,20,P0616,TINO_NICA
2012-s1-B,2012-s1,B,21,P1736,dr_papsmear_at_your_cervix
2012-s1-B,2012-s1,B,22,P1686,uBlowMe
2012-s1-B,2012-s1,B,23,P0772,SERGI_BOCA
2012-s1-B,2012-s1,B,24,P1051,J___o___e
2012-s1-B,2012-s1,B,25,P1717,Top__Dawg__
2012-s1-B,2012-s1,B,26,,BYE
2012-s1-B,2012-s1,B,27,,BYE
2012-s1-B,2012-s1,B,28,,BYE
2012-s1-B,2012-s1,B,29,,BYE
2012-s1-B,2012-s1,B,30,,BYE
2012-s1-B,2012-s1,B,31,,BYE
2012-s1-B,2012-s1,B,32,,BYE
2012-s2-A,2012-s2,A,1,P1251,deep.cerebro
2012-s2-A,2012-s2,A,2,P1587,l2_o_c_k_y
2012-s2-A,2012-s2,A,3,P0368,XX_APOCALIPSYS_XX
2012-s2-A,2012-s2,A,4,P1584,good-faith
2012-s2-A,2012-s2,A,5,P0772,GOKU
2012-s2-A,2012-s2,A,6,P1396,_Sugarhigh_
2012-s2-A,2012-s2,A,7,P0464,lvlr_.l3utal_king
2012-s2-A,2012-s2,A,8,P1830,PRO_BOY
2012-s2-A,2012-s2,A,9,P1842,shaggymaniac
2012-s2-A,2012-s2,A,10,P0969,sixohtwo
2012-s2-A,2012-s2,A,11,P1801,leeds_united
2012-s2-A,2012-s2,A,12,P1808,Kevins_Yahoo
2012-s2-A,2012-s2,A,13,P1316,xGodNeox
2012-s2-A,2012-s2,A,14,P1096,stephenb_
2012-s2-A,2012-s2,A,15,P1745,Pool_Warrior2002
2012-s2-A,2012-s2,A,16,P1771,mvp_croz
2012-s2-A,2012-s2,A,17,P0182,x_mirotic_x
2012-s2-A,2012-s2,A,18,P0064,handkrash
2012-s2-A,2012-s2,A,19,P0951,adam_buddy
2012-s2-A,2012-s2,A,20,P1249,Sourwood
2012-s2-A,2012-s2,A,21,P1063,sinf.onia
2012-s2-A,2012-s2,A,22,P1419,master
2012-s2-A,2012-s2,A,23,P1770,deftvision
2012-s2-A,2012-s2,A,24,P0223,fhm_champion
2012-s2-A,2012-s2,A,25,P1791,MJ_The_King
2012-s2-A,2012-s2,A,26,P1729,-
2012-s2-A,2012-s2,A,27,P1729,-
2012-s2-A,2012-s2,A,28,P1729,-
2012-s2-A,2012-s2,A,29,P1729,-
2012-s2-A,2012-s2,A,30,P1729,-
2012-s2-A,2012-s2,A,31,P1729,-
2012-s2-A,2012-s2,A,32,P1729,-
2012-s2-B,2012-s2,B,1,P1531,xz_legendary_zx
2012-s2-B,2012-s2,B,2,P1787,gb.elite91
2012-s2-B,2012-s2,B,3,P1731,__thaman__
2012-s2-B,2012-s2,B,4,P1439,hustle
2012-s2-B,2012-s2,B,5,P1739,ItsAJ
2012-s2-B,2012-s2,B,6,P1717,Top_Dawg_
2012-s2-B,2012-s2,B,7,P1818,Xx_Different_Class_xX
2012-s2-B,2012-s2,B,8,P1805,so-great
2012-s2-B,2012-s2,B,9,P1200,mr.unsportsmanlike
2012-s2-B,2012-s2,B,10,P1747,oh_god_eyegasm
2012-s2-B,2012-s2,B,11,P1353,t.wolves
2012-s2-B,2012-s2,B,12,P1778,pobodys_nerfect
2012-s2-B,2012-s2,B,13,P1798,Sexy_Beast_
2012-s2-B,2012-s2,B,14,P1836,the_pink_fuzzy_bear
2012-s2-B,2012-s2,B,15,P1183,xnice_shot_x
2012-s2-B,2012-s2,B,16,P1807,krazykerry
2012-s2-B,2012-s2,B,17,P1782,Eagles05856
2012-s2-B,2012-s2,B,18,P1813,n_4_v_e_e_n
2012-s2-B,2012-s2,B,19,P1735,_The_Leprachaun_
2012-s2-B,2012-s2,B,20,P1766,MysticalOne__
2012-s2-B,2012-s2,B,21,P1733,Supersweet13
2012-s2-B,2012-s2,B,22,P1729,-
2012-s2-B,2012-s2,B,23,P1729,-
2012-s2-B,2012-s2,B,24,P1729,-
2012-s2-B,2012-s2,B,25,P1729,-
2012-s2-B,2012-s2,B,26,P1729,-
2012-s2-B,2012-s2,B,27,P1729,-
2012-s2-B,2012-s2,B,28,P1729,-
2012-s2-B,2012-s2,B,29,P1729,-
2012-s2-B,2012-s2,B,30,P1729,-
2012-s2-B,2012-s2,B,31,P1729,-
2012-s2-B,2012-s2,B,32,P1729,-
2012-s3-A,2012-s3,A,1,P1732,_dante
2012-s3-A,2012-s3,A,2,P0368,Xx_APOCALIPSYS_xX
2012-s3-A,2012-s3,A,3,P0969,sixohtwo
2012-s3-A,2012-s3,A,4,P1523,nichilicious
2012-s3-A,2012-s3,A,5,P1567,Cocky_Guy
2012-s3-A,2012-s3,A,6,P0182,aka_hero
2012-s3-A,2012-s3,A,7,P1587,l2_o_c_k_y
2012-s3-A,2012-s3,A,8,P1063,Jeremy__
2012-s3-A,2012-s3,A,9,P1793,xlx_britishpoolking_xlx
2012-s3-A,2012-s3,A,10,P1316,ooo_franchise_ooo
2012-s3-A,2012-s3,A,11,P1752,mvp_magic
2012-s3-A,2012-s3,A,12,P1588,i_am_the_hulk24
2012-s3-A,2012-s3,A,13,P1096,stephenb_
2012-s3-A,2012-s3,A,14,P1791,iiviijj
2012-s3-A,2012-s3,A,15,P1825,murkedddd
2012-s3-A,2012-s3,A,16,P1839,xlx_s_p_g_xlx
2012-s3-A,2012-s3,A,17,P1251,deep.cerebro
2012-s3-A,2012-s3,A,18,P1765,Xx_CK_xX
2012-s3-A,2012-s3,A,19,P1419,master
2012-s3-A,2012-s3,A,20,P1104,lilsparky67
2012-s3-A,2012-s3,A,21,P1783,Easyrun
2012-s3-A,2012-s3,A,22,P1802,u.nderrated
2012-s3-A,2012-s3,A,23,P1808,Kevins_Yahoo
2012-s3-A,2012-s3,A,24,P1775,empire_l3mx
2012-s3-A,2012-s3,A,25,P1819,ya_maybe_bro
2012-s3-A,2012-s3,A,26,,BYE
2012-s3-A,2012-s3,A,27,,BYE
2012-s3-A,2012-s3,A,28,,BYE
2012-s3-A,2012-s3,A,29,,BYE
2012-s3-A,2012-s3,A,30,,BYE
2012-s3-A,2012-s3,A,31,,BYE
2012-s3-A,2012-s3,A,32,,BYE
2012-s3-B,2012-s3,B,1,P1183,xnice_shotx
2012-s3-B,2012-s3,B,2,P1805,josh-ster
2012-s3-B,2012-s3,B,3,P1856,UBlowMe
2012-s3-B,2012-s3,B,4,P1778,dramatic
2012-s3-B,2012-s3,B,5,P1733,sugarba8y
2012-s3-B,2012-s3,B,6,P1759,lvlr_pool_champion
2012-s3-B,2012-s3,B,7,P1737,xp.player
2012-s3-B,2012-s3,B,8,P1439,hustle
2012-s3-B,2012-s3,B,9,P1664,jj.pwnz
2012-s3-B,2012-s3,B,10,P1807,krazykerry
2012-s3-B,2012-s3,B,11,P1586,xl_d_lx
2012-s3-B,2012-s3,B,12,P1779,l3ackspinz
2012-s3-B,2012-s3,B,13,P1746,gb_warrior1
2012-s3-B,2012-s3,B,14,P1730,Cityhunter
2012-s3-B,2012-s3,B,15,P1823,rubiiiiiiii
2012-s3-B,2012-s3,B,16,P1813,llvllechanic
2012-s3-B,2012-s3,B,17,P1840,Seanmannn
2012-s3-B,2012-s3,B,18,P1790,huskerswrkhavoc
2012-s3-B,2012-s3,B,19,P1735,claimed
2012-s3-B,2012-s3,B,20,P1786,f.ai_sal
2012-s3-B,2012-s3,B,21,P1607,cyberinferno1
2012-s3-B,2012-s3,B,22,P1800,l31tchez
2012-s3-B,2012-s3,B,23,,BYE
2012-s3-B,2012-s3,B,24,,BYE
2012-s3-B,2012-s3,B,25,,BYE
2012-s3-B,2012-s3,B,26,,BYE
2012-s3-B,2012-s3,B,27,,BYE
2012-s3-B,2012-s3,B,28,,BYE
2012-s3-B,2012-s3,B,29,,BYE
2012-s3-B,2012-s3,B,30,,BYE
2012-s3-B,2012-s3,B,31,,BYE
2012-s3-B,2012-s3,B,32,,BYE
2012-s4-A,2012-s4,A,1,P1202,c-b
2012-s4-A,2012-s4,A,2,P1578,x_i_am_me_x
2012-s4-A,2012-s4,A,3,P1251,deep.cerebro
2012-s4-A,2012-s4,A,4,P1765,Xx_CK_xX
2012-s4-A,2012-s4,A,5,P1808,Kevins_Yahoo
2012-s4-A,2012-s4,A,6,P0969,sixohtwo
2012-s4-A,2012-s4,A,7,P1791,MJ_The_King
2012-s4-A,2012-s4,A,8,P1802,xlx_skill_xlx
2012-s4-A,2012-s4,A,9,P0368,Xx_APOCALIPSYS_xX
2012-s4-A,2012-s4,A,10,P1249,Sourwood
2012-s4-A,2012-s4,A,11,P1732,_dante
2012-s4-A,2012-s4,A,12,P1793,xlx_britishpoolking_xlx
2012-s4-A,2012-s4,A,13,P1825,murkedddd
2012-s4-A,2012-s4,A,14,P1528,sleepyman619
2012-s4-A,2012-s4,A,15,P1316,Mr.Marvel
2012-s4-A,2012-s4,A,16,P1567,Cocky_Guy
2012-s4-A,2012-s4,A,17,P1278,Toadkats
2012-s4-A,2012-s4,A,18,P1096,stephenb_
2012-s4-A,2012-s4,A,19,P0182,aka_hero
2012-s4-A,2012-s4,A,20,P1785,empire_l3mx
2012-s4-A,2012-s4,A,21,P1063,Jeremy__
2012-s4-A,2012-s4,A,22,P1104,lilsparky67
2012-s4-A,2012-s4,A,23,P1839,xlx_s_p_g_xlx
2012-s4-A,2012-s4,A,24,P1830,PRO_BOY
2012-s4-A,2012-s4,A,25,P1805,underrated.player
2012-s4-A,2012-s4,A,26,,BYE
2012-s4-A,2012-s4,A,27,,BYE
2012-s4-A,2012-s4,A,28,,BYE
2012-s4-A,2012-s4,A,29,,BYE
2012-s4-A,2012-s4,A,30,,BYE
2012-s4-A,2012-s4,A,31,,BYE
2012-s4-A,2012-s4,A,32,,BYE
2012-s4-B,2012-s4,B,1,P1779,l3ackspinz
2012-s4-B,2012-s4,B,2,P1717,Top__Dawg__
2012-s4-B,2012-s4,B,3,P1735,claimed
2012-s4-B,2012-s4,B,4,P1751,Austin___69
2012-s4-B,2012-s4,B,5,P1401,ii.7amada
2012-s4-B,2012-s4,B,6,P1739,Adam (CA)
2012-s4-B,2012-s4,B,7,P1813,SupRrStaRr
2012-s4-B,2012-s4,B,8,P1437,freak.ofpool
2012-s4-B,2012-s4,B,9,P1772,DA_GOODS
2012-s4-B,2012-s4,B,10,P1807,KrazyKerry
2012-s4-B,2012-s4,B,11,P1458,dead.bang
2012-s4-B,2012-s4,B,12,P1381,TlNO_NICA
2012-s4-B,2012-s4,B,13,P1733,supersweet13
2012-s4-B,2012-s4,B,14,P1837,sa_ch_a
2012-s4-B,2012-s4,B,15,P1794,x_zanik_x
2012-s4-B,2012-s4,B,16,P1829,Sinister17
2012-s4-B,2012-s4,B,17,P1664,jj.pwnz
2012-s4-B,2012-s4,B,18,P1763,hustle
2012-s4-B,2012-s4,B,19,P1736,dr_papsmear_at_your_cervix
2012-s4-B,2012-s4,B,20,P1786,f.ai_sal
2012-s4-B,2012-s4,B,21,P0772,o0_GoKu_0o
2012-s4-B,2012-s4,B,22,P1643,dx.hype
2012-s4-B,2012-s4,B,23,,BYE
2012-s4-B,2012-s4,B,24,,BYE
2012-s4-B,2012-s4,B,25,,BYE
2012-s4-B,2012-s4,B,26,,BYE
2012-s4-B,2012-s4,B,27,,BYE
2012-s4-B,2012-s4,B,28,,BYE
2012-s4-B,2012-s4,B,29,,BYE
2012-s4-B,2012-s4,B,30,,BYE
2012-s4-B,2012-s4,B,31,,BYE
2012-s4-B,2012-s4,B,32,,BYE
2012-s5-A,2012-s5,A,1,P1202,Show me the $
2012-s5-A,2012-s5,A,2,P1732,_dante
2012-s5-A,2012-s5,A,3,P0368,Xx_APOCALIPSYS_xX
2012-s5-A,2012-s5,A,4,P1802,xlx_skill_xlx
2012-s5-A,2012-s5,A,5,P1765,Xx_CK_xX
2012-s5-A,2012-s5,A,6,P1793,xlx_britishpoolking_xlx
2012-s5-A,2012-s5,A,7,P1791,iiviijj
2012-s5-A,2012-s5,A,8,P1758,ll_brian_ll
2012-s5-A,2012-s5,A,9,P1567,l_chiddy_l
2012-s5-A,2012-s5,A,10,P0182,aka_hero
2012-s5-A,2012-s5,A,11,P0984,p00l_charlie
2012-s5-A,2012-s5,A,12,P0969,sixohtwo
2012-s5-A,2012-s5,A,13,P1085,the_pool_professor
2012-s5-A,2012-s5,A,14,P1531,xz_legendary_zx
2012-s5-A,2012-s5,A,15,P1788,tanmay_keshav
2012-s5-A,2012-s5,A,16,P1587,l2_o_c_k_y
2012-s5-A,2012-s5,A,17,P1104,lilsparky67
2012-s5-A,2012-s5,A,18,P1757,joosed_up
2012-s5-A,2012-s5,A,19,P1808,Kevins_Yahoo
2012-s5-A,2012-s5,A,20,P1851,tubaccy_spittin_rebel
2012-s5-A,2012-s5,A,21,P1825,murkedddd
2012-s5-A,2012-s5,A,22,P0064,handkrash
2012-s5-A,2012-s5,A,23,,BYE
2012-s5-A,2012-s5,A,24,,BYE
2012-s5-A,2012-s5,A,25,,BYE
2012-s5-A,2012-s5,A,26,,BYE
2012-s5-A,2012-s5,A,27,,BYE
2012-s5-A,2012-s5,A,28,,BYE
2012-s5-A,2012-s5,A,29,,BYE
2012-s5-A,2012-s5,A,30,,BYE
2012-s5-A,2012-s5,A,31,,BYE
2012-s5-A,2012-s5,A,32,,BYE
2012-s5-B,2012-s5,B,1,P1734,grey_gooose
2012-s5-B,2012-s5,B,2,P1807,KrazyKerry
2012-s5-B,2012-s5,B,3,P1536,safdarbandali
2012-s5-B,2012-s5,B,4,P1818,Xx_Different_Class_xX
2012-s5-B,2012-s5,B,5,P1813,SupRrStaRr
2012-s5-B,2012-s5,B,6,P1763,disaster
2012-s5-B,2012-s5,B,7,P1717,Top__Dawg__
2012-s5-B,2012-s5,B,8,P1824,Mr_Goodman
2012-s5-B,2012-s5,B,9,P1769,e.t.o.
2012-s5-B,2012-s5,B,10,P1816,lvlusti
2012-s5-B,2012-s5,B,11,P1768,cool_combos
2012-s5-B,2012-s5,B,12,P1779,l3ackspinz
2012-s5-B,2012-s5,B,13,P1604,lvlr_l7ry
2012-s5-B,2012-s5,B,14,P1786,f.ai_sal
2012-s5-B,2012-s5,B,15,P1828,s.h4rked
2012-s5-B,2012-s5,B,16,P1183,aiiimer
2012-s5-B,2012-s5,B,17,,BYE
2012-s5-B,2012-s5,B,18,,BYE
2012-s5-B,2012-s5,B,19,,BYE
2012-s5-B,2012-s5,B,20,,BYE
2012-s5-B,2012-s5,B,21,,BYE
2012-s5-B,2012-s5,B,22,,BYE
2012-s5-B,2012-s5,B,23,,BYE
2012-s5-B,2012-s5,B,24,,BYE
2012-s5-B,2012-s5,B,25,,BYE
2012-s5-B,2012-s5,B,26,,BYE
2012-s5-B,2012-s5,B,27,,BYE
2012-s5-B,2012-s5,B,28,,BYE
2012-s5-B,2012-s5,B,29,,BYE
2012-s5-B,2012-s5,B,30,,BYE
2012-s5-B,2012-s5,B,31,,BYE
2012-s5-B,2012-s5,B,32,,BYE
2013-s1-A,2013-s1,A,1,P1791,iiviijj
2013-s1-A,2013-s1,A,2,P1749,au.stralian
2013-s1-A,2013-s1,A,3,P1588,AzN_PrIdE_Luva
2013-s1-A,2013-s1,A,4,P1821,SupaSolid
2013-s1-A,2013-s1,A,5,P1825,murkedddd
2013-s1-A,2013-s1,A,6,P1270,Reps
2013-s1-A,2013-s1,A,7,P1096,stephenb_
2013-s1-A,2013-s1,A,8,P0368,Xx_APOCALIPSYS_xX
2013-s1-A,2013-s1,A,9,P1578,x_i_am_me_x
2013-s1-A,2013-s1,A,10,P1732,_dante
2013-s1-A,2013-s1,A,11,P0709,con.tagion
2013-s1-A,2013-s1,A,12,P1587,Asskicking_101
2013-s1-A,2013-s1,A,13,P0969,choke_squad
2013-s1-A,2013-s1,A,14,P1936,xlx_skill_xlx
2013-s1-A,2013-s1,A,15,P1531,xz_legendary_zx
2013-s1-A,2013-s1,A,16,P1830,PRO_BOY
2013-s1-A,2013-s1,A,17,P1757,spc_shogun
2013-s1-A,2013-s1,A,18,P1202,c-b
2013-s1-A,2013-s1,A,19,P1526,ogger
2013-s1-A,2013-s1,A,20,P1425,sykology
2013-s1-A,2013-s1,A,21,P1567,l00%good
2013-s1-A,2013-s1,A,22,P1895,Im_Not_That_Bad
2013-s1-A,2013-s1,A,23,P0772,o0_GoKu_0o
2013-s1-A,2013-s1,A,24,,BYE
2013-s1-A,2013-s1,A,25,,BYE
2013-s1-A,2013-s1,A,26,,BYE
2013-s1-A,2013-s1,A,27,,BYE
2013-s1-A,2013-s1,A,28,,BYE
2013-s1-A,2013-s1,A,29,,BYE
2013-s1-A,2013-s1,A,30,,BYE
2013-s1-A,2013-s1,A,31,,BYE
2013-s1-A,2013-s1,A,32,,BYE
2013-s1-B,2013-s1,B,1,P1734,_Spoonie_
2013-s1-B,2013-s1,B,2,P1604,prince-carlos
2013-s1-B,2013-s1,B,3,P1523,xlx_nish_xlx
2013-s1-B,2013-s1,B,4,P1813,SupRrStaRr
2013-s1-B,2013-s1,B,5,P1807,KrazyKerry
2013-s1-B,2013-s1,B,6,P1873,mr.skillful
2013-s1-B,2013-s1,B,7,P1763,disaster
2013-s1-B,2013-s1,B,8,P1911,lxl_mooney_lxl
2013-s1-B,2013-s1,B,9,P1805,mastered
2013-s1-B,2013-s1,B,10,P1881,Jxker
2013-s1-B,2013-s1,B,11,P1929,SuGaRbA8y
2013-s1-B,2013-s1,B,12,P1876,cool_combos
2013-s1-B,2013-s1,B,13,P1395,_experienced_
2013-s1-B,2013-s1,B,14,P1730,hunkey-guy
2013-s1-B,2013-s1,B,15,P1887,eat_pinaples
2013-s1-B,2013-s1,B,16,P1880,Dope D
2013-s1-B,2013-s1,B,17,,BYE
2013-s1-B,2013-s1,B,18,,BYE
2013-s1-B,2013-s1,B,19,,BYE
2013-s1-B,2013-s1,B,20,,BYE
2013-s1-B,2013-s1,B,21,,BYE
2013-s1-B,2013-s1,B,22,,BYE
2013-s1-B,2013-s1,B,23,,BYE
2013-s1-B,2013-s1,B,24,,BYE
2013-s1-B,2013-s1,B,25,,BYE
2013-s1-B,2013-s1,B,26,,BYE
2013-s1-B,2013-s1,B,27,,BYE
2013-s1-B,2013-s1,B,28,,BYE
2013-s1-B,2013-s1,B,29,,BYE
2013-s1-B,2013-s1,B,30,,BYE
2013-s1-B,2013-s1,B,31,,BYE
2013-s1-B,2013-s1,B,32,,BYE
2013-s2-A,2013-s2,A,1,P0969,sixohtwo
2013-s2-A,2013-s2,A,2,P1871,Buddybong
2013-s2-A,2013-s2,A,3,P0709,cue.logic
2013-s2-A,2013-s2,A,4,P1531,xz_legendary_zx
2013-s2-A,2013-s2,A,5,P1587,Asskicking_101
2013-s2-A,2013-s2,A,6,P1802,xlx_skill_xlx
2013-s2-A,2013-s2,A,7,P1588,AzN_PrIdE_Luva
2013-s2-A,2013-s2,A,8,P0368,Xx_APOCALIPSYS_xX
2013-s2-A,2013-s2,A,9,P1396,SpinBreak
2013-s2-A,2013-s2,A,10,P1567,100%good
2013-s2-A,2013-s2,A,11,P1909,kevin+the+one
2013-s2-A,2013-s2,A,12,P1895,x_oldschooler_x
2013-s2-A,2013-s2,A,13,P1894,iiviijj
2013-s2-A,2013-s2,A,14,P1818,Xx_Different_Class_xX
2013-s2-A,2013-s2,A,15,P0182,x_hero_x
2013-s2-A,2013-s2,A,16,P1578,x_i_am_me
2013-s2-A,2013-s2,A,17,P1270,Reps
2013-s2-A,2013-s2,A,18,P0464,lvlr.l3rutal_king
2013-s2-A,2013-s2,A,19,P1788,tanmay_keshav
2013-s2-A,2013-s2,A,20,P1202,bluffing
2013-s2-A,2013-s2,A,21,P1316,xGodNeox
2013-s2-A,2013-s2,A,22,P1734,grey_gooose
2013-s2-A,2013-s2,A,23,,BYE
2013-s2-A,2013-s2,A,24,,BYE
2013-s2-A,2013-s2,A,25,,BYE
2013-s2-A,2013-s2,A,26,,BYE
2013-s2-A,2013-s2,A,27,,BYE
2013-s2-A,2013-s2,A,28,,BYE
2013-s2-A,2013-s2,A,29,,BYE
2013-s2-A,2013-s2,A,30,,BYE
2013-s2-A,2013-s2,A,31,,BYE
2013-s2-A,2013-s2,A,32,,BYE
2013-s2-B,2013-s2,B,1,P1763,disaster
2013-s2-B,2013-s2,B,2,P1772,WhoaMatt
2013-s2-B,2013-s2,B,3,P1730,Maagic
2013-s2-B,2013-s2,B,4,P1921,the_pink_fuzzy_bear
2013-s2-B,2013-s2,B,5,P1880,Dope D
2013-s2-B,2013-s2,B,6,P1893,GOD247
2013-s2-B,2013-s2,B,7,P1786,f.ai_sal
2013-s2-B,2013-s2,B,8,P1908,KrazyKerry
2013-s2-B,2013-s2,B,9,P1873,Car Pool!!
2013-s2-B,2013-s2,B,10,P1901,sicc.shot
2013-s2-B,2013-s2,B,11,P1381,TlNO_NICA
2013-s2-B,2013-s2,B,12,P1872,Legend_Girl
2013-s2-B,2013-s2,B,13,P1731,Thomas_Rock
2013-s2-B,2013-s2,B,14,P1395,_experienced_
2013-s2-B,2013-s2,B,15,,BYE
2013-s2-B,2013-s2,B,16,,BYE
2013-s2-B,2013-s2,B,17,,BYE
2013-s2-B,2013-s2,B,18,,BYE
2013-s2-B,2013-s2,B,19,P1333,SadisticRaven
2013-s2-B,2013-s2,B,20,P1586,xDQx
2013-s2-B,2013-s2,B,21,P1733,SuGaRbA8y
2013-s2-B,2013-s2,B,22,P1859,claimed
2013-s2-B,2013-s2,B,23,P1926,x_8ballmagic_x
2013-s2-B,2013-s2,B,24,,BYE
2013-s2-B,2013-s2,B,25,,BYE
2013-s2-B,2013-s2,B,26,,BYE
2013-s2-B,2013-s2,B,27,,BYE
2013-s2-B,2013-s2,B,28,,BYE
2013-s2-B,2013-s2,B,29,,BYE
2013-s2-B,2013-s2,B,30,,BYE
2013-s2-B,2013-s2,B,31,,BYE
2013-s2-B,2013-s2,B,32,,BYE
2013-s3-A,2013-s3,A,1,P0969,sixohtwo
2013-s3-A,2013-s3,A,2,P1791,MJ_The_King
2013-s3-A,2013-s3,A,3,P1802,xlx_skill_xlx
2013-s3-A,2013-s3,A,4,P1567,100%good
2013-s3-A,2013-s3,A,5,P1202,bluffing
2013-s3-A,2013-s3,A,6,P1757,joosed_up
2013-s3-A,2013-s3,A,7,P1752,Bashful_*
2013-s3-A,2013-s3,A,8,P1650,zZ_LaZyAsS_Zz*
2013-s3-A,2013-s3,A,9,P0709,cue.logic
2013-s3-A,2013-s3,A,10,P1587,Asskicking_101
2013-s3-A,2013-s3,A,11,P1895,x_oldschooler_x
2013-s3-A,2013-s3,A,12,P1531,xz_legendary_zx
2013-s3-A,2013-s3,A,13,P1732,_dante
2013-s3-A,2013-s3,A,14,P1860,safeties
2013-s3-A,2013-s3,A,15,P0873,murkedddd
2013-s3-A,2013-s3,A,16,P1316,Kingj_Luis
2013-s3-A,2013-s3,A,17,P1063,pro.jeremy*
2013-s3-A,2013-s3,A,18,P1830,PRO_BOY
2013-s3-A,2013-s3,A,19,P1588,AzN_PrIdE_LuVa
2013-s3-A,2013-s3,A,20,P1578,x_i_am_me_x
2013-s3-A,2013-s3,A,21,P1788,tanmay_keshav
2013-s3-A,2013-s3,A,22,P1763,godzilla
2013-s3-A,2013-s3,A,23,P1809,legendary.pooler
2013-s3-A,2013-s3,A,24,P1425,sykology
2013-s3-A,2013-s3,A,25,P0064,handkrash
2013-s3-A,2013-s3,A,26,P1270,Reps
2013-s3-A,2013-s3,A,27,P1396,_Sugarhigh__
2013-s3-A,2013-s3,A,28,,BYE
2013-s3-A,2013-s3,A,29,,BYE
2013-s3-A,2013-s3,A,30,,BYE
2013-s3-A,2013-s3,A,31,,BYE
2013-s3-A,2013-s3,A,32,,BYE
2013-s3-B,2013-s3,B,1,P1733,_sexy_honey
2013-s3-B,2013-s3,B,2,P1791,jj.pwnz
2013-s3-B,2013-s3,B,3,P1664,Legend_Girl
2013-s3-B,2013-s3,B,4,P1870,its.breezzyy
2013-s3-B,2013-s3,B,5,P1466,DOMINATING*
2013-s3-B,2013-s3,B,6,P1743,Luke_44
2013-s3-B,2013-s3,B,7,P1899,YESBABA
2013-s3-B,2013-s3,B,8,P1892,irish.gary
2013-s3-B,2013-s3,B,9,P1837,sa_c_h_a
2013-s3-B,2013-s3,B,10,P1935,x_kike_x
2013-s3-B,2013-s3,B,11,P1896,warp
2013-s3-B,2013-s3,B,12,P1869,Bad_Ass30
2013-s3-B,2013-s3,B,13,P1908,krazykerry
2013-s3-B,2013-s3,B,14,P1859,Dopey_69_
2013-s3-B,2013-s3,B,15,,BYE
2013-s3-B,2013-s3,B,16,,BYE
2013-s3-B,2013-s3,B,17,,BYE
2013-s3-B,2013-s3,B,18,,BYE
2013-s3-B,2013-s3,B,19,P1736,dr_papsmear_at_your_cervix
2013-s3-B,2013-s3,B,20,P1858,____CHa0S__
2013-s3-B,2013-s3,B,21,,BYE
2013-s3-B,2013-s3,B,22,P1381,TlNO_NICA
2013-s3-B,2013-s3,B,23,,BYE
2013-s3-B,2013-s3,B,24,,BYE
2013-s3-B,2013-s3,B,25,,BYE
2013-s3-B,2013-s3,B,26,,BYE
2013-s3-B,2013-s3,B,27,,BYE
2013-s3-B,2013-s3,B,28,,BYE
2013-s3-B,2013-s3,B,29,,BYE
2013-s3-B,2013-s3,B,30,,BYE
2013-s3-B,2013-s3,B,31,,BYE
2013-s3-B,2013-s3,B,32,,BYE
2013-s4-A,2013-s4,A,1,P1830,PRO_BOY
2013-s4-A,2013-s4,A,2,P1587,Asskicking_101
2013-s4-A,2013-s4,A,3,P1933,underrated
2013-s4-A,2013-s4,A,4,P1791,MJ_The_King
2013-s4-A,2013-s4,A,5,P1567,100%good
2013-s4-A,2013-s4,A,6,P0368,XX_APOCALIPSYS_XX
2013-s4-A,2013-s4,A,7,P1650,zZ_LaZyAsS_Zz
2013-s4-A,2013-s4,A,8,P0969,havok
2013-s4-A,2013-s4,A,9,P1788,tanmay_keshav
2013-s4-A,2013-s4,A,10,P0182,aka_hero
2013-s4-A,2013-s4,A,11,P1871,Buddybong
2013-s4-A,2013-s4,A,12,P1270,Reps
2013-s4-A,2013-s4,A,13,P1793,xlx_britishpoolking_xlx
2013-s4-A,2013-s4,A,14,P1732,_dante
2013-s4-A,2013-s4,A,15,P1419,master
2013-s4-A,2013-s4,A,16,P1763,dramatic
2013-s4-A,2013-s4,A,17,P1886,Easyrun
2013-s4-A,2013-s4,A,18,P0064,handkrash
2013-s4-A,2013-s4,A,19,P1202,c-b
2013-s4-A,2013-s4,A,20,P1396,SpinBreak
2013-s4-A,2013-s4,A,21,P1316,shadow_man_
2013-s4-A,2013-s4,A,22,P1841,shagger1_
2013-s4-A,2013-s4,A,23,P1734,grey_goose
2013-s4-A,2013-s4,A,24,P1588,AzN_PrIdE_LuVa
2013-s4-A,2013-s4,A,25,,BYE
2013-s4-A,2013-s4,A,26,,BYE
2013-s4-A,2013-s4,A,27,,BYE
2013-s4-A,2013-s4,A,28,,BYE
2013-s4-A,2013-s4,A,29,,BYE
2013-s4-A,2013-s4,A,30,,BYE
2013-s4-A,2013-s4,A,31,,BYE
2013-s4-A,2013-s4,A,32,,BYE
2013-s4-B,2013-s4,B,1,P1523,xlx_nish_xlx
2013-s4-B,2013-s4,B,2,P1813,SupRrStaRr
2013-s4-B,2013-s4,B,3,P1869,Bad_Ass30
2013-s4-B,2013-s4,B,4,P1861,lover_1432000
2013-s4-B,2013-s4,B,5,P1761,camtagious
2013-s4-B,2013-s4,B,6,P1919,pros_dice_3
2013-s4-B,2013-s4,B,7,P1899,JaMeS.B0NDOO7
2013-s4-B,2013-s4,B,8,P1743,SadisticRaven
2013-s4-B,2013-s4,B,9,P1867,SL_Blue
2013-s4-B,2013-s4,B,10,P0364,goober_tyler
2013-s4-B,2013-s4,B,11,P1870,its.breezzyy
2013-s4-B,2013-s4,B,12,P1730,dangerous
2013-s4-B,2013-s4,B,13,P0772,o0_GoKu_0o
2013-s4-B,2013-s4,B,14,P1904,joe_says_hello_there
2013-s4-B,2013-s4,B,15,P1717,Trojan__Man__
2013-s4-B,2013-s4,B,16,P1586,XDQX
2013-s4-B,2013-s4,B,17,P1179,_Ashley__
2013-s4-B,2013-s4,B,18,P1872,Legend_Girl
2013-s4-B,2013-s4,B,19,P1859,THE PLAYMAKER
2013-s4-B,2013-s4,B,20,P1926,x_8ballmagic_x
2013-s4-B,2013-s4,B,21,,Bye
2013-s4-B,2013-s4,B,22,,Bye
2013-s4-B,2013-s4,B,23,,Bye
2013-s4-B,2013-s4,B,24,,Bye
2013-s4-B,2013-s4,B,25,,Bye
2013-s4-B,2013-s4,B,26,,Bye
2013-s4-B,2013-s4,B,27,,Bye
2013-s4-B,2013-s4,B,28,,Bye
2013-s4-B,2013-s4,B,29,,Bye
2013-s4-B,2013-s4,B,30,,Bye
2013-s4-B,2013-s4,B,31,,Bye
2013-s4-B,2013-s4,B,32,,Bye
2013-s5-A,2013-s5,A,1,P1839,xlx_s_p_g_xlx
2013-s5-A,2013-s5,A,2,P1202,c-b
2013-s5-A,2013-s5,A,3,P1567,100%good
2013-s5-A,2013-s5,A,4,P1316,King_jLuis
2013-s5-A,2013-s5,A,5,P1270,Reps
2013-s5-A,2013-s5,A,6,P1587,Asskicking_101
2013-s5-A,2013-s5,A,7,P1871,Buddybong
2013-s5-A,2013-s5,A,8,P1830,PRO_BOY
2013-s5-A,2013-s5,A,9,P1096,stephenb_
2013-s5-A,2013-s5,A,10,P1734,grey_gooose
2013-s5-A,2013-s5,A,11,P1860,_ladyluck_
2013-s5-A,2013-s5,A,12,P0490,xxx_thepower_xxx
2013-s5-A,2013-s5,A,13,P1793,xlx_britishpoolking_xlx
2013-s5-A,2013-s5,A,14,P1791,MJ_The_King
2013-s5-A,2013-s5,A,15,P1732,_dante
2013-s5-A,2013-s5,A,16,P1588,AzN_PrIdE_LuVa
2013-s5-A,2013-s5,A,17,P1788,get.tanned
2013-s5-A,2013-s5,A,18,P0772,hab_keine_angst
2013-s5-A,2013-s5,A,19,P1915,murkedddd
2013-s5-A,2013-s5,A,20,P1396,SpinBreak
2013-s5-A,2013-s5,A,21,P1425,sykology
2013-s5-A,2013-s5,A,22,,BYE
2013-s5-A,2013-s5,A,23,,BYE
2013-s5-A,2013-s5,A,24,,BYE
2013-s5-A,2013-s5,A,25,,BYE
2013-s5-A,2013-s5,A,26,,BYE
2013-s5-A,2013-s5,A,27,,BYE
2013-s5-A,2013-s5,A,28,,BYE
2013-s5-A,2013-s5,A,29,,BYE
2013-s5-A,2013-s5,A,30,,BYE
2013-s5-A,2013-s5,A,31,,BYE
2013-s5-A,2013-s5,A,32,,BYE
2013-s5-B,2013-s5,B,1,P1867,SL_Blue
2013-s5-B,2013-s5,B,2,P1593,weekenderweekender
2013-s5-B,2013-s5,B,3,P0364,goober_tyler
2013-s5-B,2013-s5,B,4,P1879,DaLe_ThE_CrAzY_PiNk_MaN
2013-s5-B,2013-s5,B,5,P1891,Redwo1f
2013-s5-B,2013-s5,B,6,P1743,BaByDoLL82_
2013-s5-B,2013-s5,B,7,P1919,pros_dice_3
2013-s5-B,2013-s5,B,8,P1213,x_majik.shots_x
2013-s5-B,2013-s5,B,9,P1666,relentless.wolf
2013-s5-B,2013-s5,B,10,P1813,SupRrStaRr
2013-s5-B,2013-s5,B,11,P1664,jj-man
2013-s5-B,2013-s5,B,12,P1753,blinki0x
2013-s5-B,2013-s5,B,13,P1901,sicc.shot
2013-s5-B,2013-s5,B,14,P1928,Stogie___*
2013-s5-B,2013-s5,B,15,P1925,sicc_skillz
2013-s5-B,2013-s5,B,16,P1761,cameron_the_alter_ego
2014-s1-A,2014-s1,A,1,P1805,unskillful
2014-s1-A,2014-s1,A,2,P1788,get.tanned
2014-s1-A,2014-s1,A,3,P1587,Asskicking_101
2014-s1-A,2014-s1,A,4,P1791,MJ_The_King
2014-s1-A,2014-s1,A,5,P1860,_ladyluck_
2014-s1-A,2014-s1,A,6,P1752,OoXJoEXoO
2014-s1-A,2014-s1,A,7,P1419,master
2014-s1-A,2014-s1,A,8,P1870,brandon
2014-s1-A,2014-s1,A,9,P1425,TrueBoston
2014-s1-A,2014-s1,A,10,P1270,fsm_drizo
2014-s1-A,2014-s1,A,11,P1841,shagger1_
2014-s1-A,2014-s1,A,12,P1316,xGodNeox
2014-s1-A,2014-s1,A,13,P0754,hp_king22
2014-s1-A,2014-s1,A,14,P1761,camtagious
2014-s1-A,2014-s1,A,15,P0969,havok
2014-s1-A,2014-s1,A,16,P1830,PRO_BOY
2014-s1-A,2014-s1,A,17,P1757,spc_shogun
2014-s1-A,2014-s1,A,18,P1531,xz_legendary_zx
2014-s1-A,2014-s1,A,19,P1567,100%good
2014-s1-A,2014-s1,A,20,P0772,hab_keine_angst
2014-s1-A,2014-s1,A,21,P1213,x_majik.shots_x
2014-s1-A,2014-s1,A,22,P1825,murkedddd
2014-s1-A,2014-s1,A,23,,BYE
2014-s1-A,2014-s1,A,24,,BYE
2014-s1-A,2014-s1,A,25,,BYE
2014-s1-A,2014-s1,A,26,,BYE
2014-s1-A,2014-s1,A,27,,BYE
2014-s1-A,2014-s1,A,28,,BYE
2014-s1-A,2014-s1,A,29,,BYE
2014-s1-A,2014-s1,A,30,,BYE
2014-s1-A,2014-s1,A,31,,BYE
2014-s1-A,2014-s1,A,32,,BYE
2014-s1-B,2014-s1,B,1,P1941,konstantah
2014-s1-B,2014-s1,B,2,P1743,AlmostAngelic
2014-s1-B,2014-s1,B,3,P1355,ss_alpha_rod_2008
2014-s1-B,2014-s1,B,4,P1813,SupRrStaRr
2014-s1-B,2014-s1,B,5,P1736,dr_papsmear_at_your_cervix
2014-s1-B,2014-s1,B,6,P1904,Mentor69
2014-s1-B,2014-s1,B,7,P1381,TINO_NICA
2014-s1-B,2014-s1,B,8,P1733,_sexy_honey
2014-s1-B,2014-s1,B,9,P1859,_fallOut
2014-s1-B,2014-s1,B,10,P1771,mvp.croz
2014-s1-B,2014-s1,B,11,P1586,asshole_1
2014-s1-B,2014-s1,B,12,P1879,w_h_a_1_e
2014-s1-B,2014-s1,B,13,P1937,_Just_That_Good_
2014-s1-B,2014-s1,B,14,P1717,Top__Dawg__
2014-s1-B,2014-s1,B,15,P1943,ll_relentless_ll
2014-s1-B,2014-s1,B,16,P1730,__Darkhorse__
