player_id,seasons_played,divisions_played,group_played,group_wins,group_losses,group_draws,group_win_pct,group_games_for,group_games_against,group_game_diff,group_points,playoff_appearances,playoff_played,playoff_wins,playoff_losses,playoff_win_pct,championships,runner_ups,finals_appearances,semifinals,total_matches,total_wins,total_losses,total_win_pct,longest_title_streak,longest_playoff_run,title_seasons
P0027,4,single,24,22,0,2,91.7,183,57,126,70,4,0,0,0,,1,0,1,0,24,22,0,91.7,1,0,2005-s1
P0141,1,single,4,1,3,0,25.0,13,27,-14,3,0,0,0,0,,0,0,0,0,4,1,3,25.0,0,0,
P0082,4,Asingle,20,9,10,1,45.0,102,108,-6,29,1,0,0,0,,0,0,0,0,20,9,10,45.0,0,0,
P0131,10,ABsingle,57,30,20,7,52.6,320,250,70,99,6,0,0,0,,0,0,0,0,57,30,20,52.6,0,0,
P0014,1,single,7,5,2,0,71.4,42,28,14,15,1,0,0,0,,0,0,0,0,7,5,2,71.4,0,0,
P0099,3,single,17,4,13,0,23.5,76,94,-18,13,0,0,0,0,,0,0,0,0,17,4,13,23.5,0,0,
P0055,3,ABsingle,22,7,14,1,31.8,88,132,-44,24,1,0,0,0,,0,0,0,0,22,7,14,31.8,0,0,
P0156,1,single,5,1,4,0,20.0,15,35,-20,3,0,0,0,0,,0,0,0,0,5,1,4,20.0,0,0,
P0018,6,ABsingle,40,32,3,5,80.0,290,110,180,103,6,0,0,0,,0,4,4,0,40,32,3,80.0,0,0,
P0006,1,single,7,5,2,0,71.4,40,30,10,15,1,0,0,0,,0,0,0,0,7,5,2,71.4,0,0,
P0008,1,single,5,4,0,1,80.0,33,17,16,13,0,0,0,0,,0,0,0,0,5,4,0,80.0,0,0,
P0137,1,single,3,0,3,0,0.0,10,20,-10,0,0,0,0,0,,0,0,0,0,3,0,3,0.0,0,0,
P0108,2,single,9,0,8,1,0.0,23,67,-44,1,0,0,0,0,,0,0,0,0,9,0,8,0.0,0,0,
P0002,4,single,24,9,13,2,37.5,122,118,4,31,3,0,0,0,,0,0,0,0,24,9,13,37.5,0,0,
P0143,4,single,21,11,8,2,52.4,111,99,12,37,3,0,0,0,,0,0,0,0,21,11,8,52.4,0,0,
P0115,1,single,3,0,3,0,0.0,9,21,-12,0,0,0,0,0,,0,0,0,0,3,0,3,0.0,0,0,
P0058,3,single,15,9,4,2,60.0,85,55,30,29,3,0,0,0,,0,0,0,0,15,9,4,60.0,0,0,
P0107,1,single,6,4,2,0,66.7,36,24,12,12,1,0,0,0,,0,0,0,0,6,4,2,66.7,0,0,
P0044,1,single,1,0,1,0,0.0,2,8,-6,0,0,0,0,0,,0,0,0,0,1,0,1,0.0,0,0,
P0067,1,single,5,4,0,1,80.0,32,18,14,13,1,0,0,0,,0,1,1,0,5,4,0,80.0,0,0,
P0155,1,single,4,0,4,0,0.0,7,33,-26,0,0,0,0,0,,0,0,0,0,4,0,4,0.0,0,0,
P0134,1,single,2,0,2,0,0.0,4,16,-12,0,0,0,0,0,,0,0,0,0,2,0,2,0.0,0,0,
P0052,1,single,4,0,3,1,0.0,0,0,0,60,0,0,0,0,,0,0,0,0,4,0,3,0.0,0,0,
P0078,2,Asingle,11,5,3,3,45.5,62,48,14,18,2,0,0,0,,0,0,0,0,11,5,3,45.5,0,0,
P0036,1,single,5,3,1,1,60.0,32,18,14,10,1,0,0,0,,0,0,0,0,5,3,1,60.0,0,0,
P0049,1,single,7,5,0,2,71.4,47,23,24,17,1,0,0,0,,0,0,0,0,7,5,0,71.4,0,0,
P0122,1,single,4,1,3,0,25.0,9,31,-22,3,0,0,0,0,,0,0,0,0,4,1,3,25.0,0,0,
P0046,2,single,11,6,2,3,54.5,73,37,36,21,2,0,0,0,,0,0,0,0,11,6,2,54.5,0,0,
P0015,1,single,3,2,1,0,66.7,15,15,0,6,0,0,0,0,,0,0,0,0,3,2,1,66.7,0,0,
P0121,1,single,7,1,5,1,14.3,26,44,-18,4,0,0,0,0,,0,0,0,0,7,1,5,14.3,0,0,
P0007,5,Asingle,27,13,10,4,48.1,150,120,30,44,4,0,0,0,,0,0,0,0,27,13,10,48.1,0,0,
P0092,3,Bsingle,11,2,8,1,18.2,43,67,-24,7,0,0,0,0,,0,0,0,0,11,2,8,18.2,0,0,
P0005,3,single,17,14,2,1,82.4,116,54,62,45,3,0,0,0,,0,1,1,0,17,14,2,82.4,0,0,
P0150,1,single,6,0,6,0,0.0,0,60,-60,0,0,0,0,0,,0,0,0,0,6,0,6,0.0,0,0,
P0043,2,single,10,1,9,0,10.0,35,65,-30,4,0,0,0,0,,0,0,0,0,10,1,9,10.0,0,0,
P0003,1,single,3,1,2,0,33.3,17,13,4,3,0,0,0,0,,0,0,0,0,3,1,2,33.3,0,0,
P0145,1,single,6,5,1,0,83.3,41,19,22,16,1,0,0,0,,0,0,0,0,6,5,1,83.3,0,0,
P0144,1,single,4,2,2,0,50.0,20,20,0,6,0,0,0,0,,0,0,0,0,4,2,2,50.0,0,0,
P0148,1,single,3,1,2,0,33.3,15,15,0,3,0,0,0,0,,0,0,0,0,3,1,2,33.3,0,0,
P0012,3,Asingle,14,4,6,4,28.6,72,68,4,17,0,0,0,0,,0,0,0,0,14,4,6,28.6,0,0,
P0100,1,single,0,0,0,0,,0,0,0,0,0,0,0,0,,0,0,0,0,0,0,0,,0,0,
P0038,1,single,3,2,1,0,66.7,21,9,12,6,0,0,0,0,,0,0,0,0,3,2,1,66.7,0,0,
P0019,2,Asingle,10,2,6,2,20.0,49,61,-12,8,0,0,0,0,,0,0,0,0,10,2,6,20.0,0,0,
P0125,1,single,0,0,0,0,,0,0,0,0,0,0,0,0,,0,0,0,0,0,0,0,,0,0,
P0096,2,single,11,2,7,2,18.2,46,64,-18,10,0,0,0,0,,0,0,0,0,11,2,7,18.2,0,0,
P0128,1,single,2,1,1,0,50.0,13,7,6,3,0,0,0,0,,0,0,0,0,2,1,1,50.0,0,0,
P0060,5,Asingle,29,20,7,2,69.0,181,109,72,63,5,0,0,0,,0,0,0,0,29,20,7,69.0,0,0,
P0041,2,single,9,5,4,0,55.6,39,41,-2,15,0,0,0,0,,0,0,0,0,9,5,4,55.6,0,0,
P0080,4,Asingle,20,14,4,2,70.0,133,67,66,46,3,0,0,0,,0,0,0,0,20,14,4,70.0,0,0,
P0079,1,single,0,0,0,0,,0,0,0,0,0,0,0,0,,0,0,0,0,0,0,0,,0,0,
P0024,19,ABsingle,99,32,52,15,32.3,453,537,-84,115,7,0,0,0,,0,1,1,0,99,32,52,32.3,0,0,
P0057,2,single,12,7,4,1,58.3,62,58,4,24,2,0,0,0,,0,0,0,0,12,7,4,58.3,0,0,
P0103,1,single,6,6,0,0,100.0,51,10,41,19,1,0,0,0,,0,0,0,0,6,6,0,100.0,0,0,
P0095,1,single,6,2,3,1,33.3,33,27,6,8,0,0,0,0,,0,0,0,0,6,2,3,33.3,0,0,
P0127,1,single,6,2,4,0,33.3,23,37,-14,5,0,0,0,0,,0,0,0,0,6,2,4,33.3,0,0,
P0101,2,Asingle,6,5,1,0,83.3,42,18,24,15,1,0,0,0,,0,0,0,0,6,5,1,83.3,0,0,
P0040,1,single,6,1,4,1,16.7,26,34,-8,5,0,0,0,0,,0,0,0,0,6,1,4,16.7,0,0,
P0037,1,single,6,5,1,0,83.3,45,15,30,16,1,0,0,0,,0,0,0,0,6,5,1,83.3,0,0,
P0063,5,single,25,10,14,1,40.0,111,129,-18,33,2,0,0,0,,0,0,0,0,25,10,14,40.0,0,0,
P0087,1,single,5,3,1,1,60.0,32,18,14,11,1,0,0,0,,0,0,0,0,5,3,1,60.0,0,0,
P0004,2,single,12,9,2,1,75.0,79,41,38,30,2,0,0,0,,1,0,1,0,12,9,2,75.0,1,0,2005-s3
P0089,4,single,17,4,10,3,23.5,80,90,-10,17,1,0,0,0,,0,0,0,0,17,4,10,23.5,0,0,
P0070,1,single,6,3,2,1,50.0,30,30,0,0,0,0,0,0,,0,0,0,0,6,3,2,50.0,0,0,
P0081,1,single,5,5,0,0,100.0,49,11,38,19,1,0,0,0,,1,0,1,0,5,5,0,100.0,1,0,2005-s2
P0154,0,,0,0,0,0,,0,0,0,0,1,0,0,0,,0,0,0,0,0,0,0,,0,0,
P0083,0,,0,0,0,0,,0,0,0,0,1,0,0,0,,0,0,0,0,0,0,0,,0,0,
P0069,1,single,5,2,3,0,40.0,22,28,-6,6,0,0,0,0,,0,0,0,0,5,2,3,40.0,0,0,
P0139,1,single,5,0,3,2,0.0,21,29,-8,2,0,0,0,0,,0,0,0,0,5,0,3,0.0,0,0,
P0118,2,ABsingle,5,3,2,0,60.0,27,153,-126,10,1,0,0,0,,0,0,0,0,5,3,2,60.0,0,0,
P0109,1,single,5,0,4,1,0.0,14,36,-22,1,0,0,0,0,,0,0,0,0,5,0,4,0.0,0,0,
P0042,3,single,17,12,5,0,70.6,113,57,56,38,2,0,0,0,,0,0,0,0,17,12,5,70.6,0,0,
P0072,2,single,12,4,7,1,33.3,61,59,2,15,0,0,0,0,,0,0,0,0,12,4,7,33.3,0,0,
P0022,1,single,0,0,0,0,,0,0,0,0,0,0,0,0,,0,0,0,0,0,0,0,,0,0,
P0130,1,single,6,5,1,0,83.3,39,21,18,16,1,0,0,0,,0,0,0,0,6,5,1,83.3,0,0,
P0053,3,single,18,9,8,1,50.0,98,82,16,31,2,0,0,0,,0,0,0,0,18,9,8,50.0,0,0,
P0045,3,single,16,8,6,2,50.0,81,89,-8,29,1,0,0,0,,0,0,0,0,16,8,6,50.0,0,0,
P0105,2,single,12,5,5,2,41.7,63,57,6,19,1,0,0,0,,0,0,0,0,12,5,5,41.7,0,0,
P0097,1,single,6,1,4,1,16.7,23,37,-14,5,0,0,0,0,,0,0,0,0,6,1,4,16.7,0,0,
P0123,2,single,11,8,2,1,72.7,69,41,28,26,2,0,0,0,,0,0,0,0,11,8,2,72.7,0,0,
P0124,2,single,11,5,6,0,45.5,51,59,-8,16,1,0,0,0,,0,0,0,0,11,5,6,45.5,0,0,
P0073,24,Asingle,129,85,33,11,65.9,773,507,266,271,22,0,0,0,,1,4,5,0,129,85,33,65.9,1,0,2011-s1
P0061,2,single,9,3,5,1,33.3,40,50,-10,10,1,0,0,0,,0,0,0,0,9,3,5,33.3,0,0,
P0016,1,single,2,0,0,2,0.0,9,11,-2,1,0,0,0,0,,0,0,0,0,2,0,0,0.0,0,0,
P0047,2,single,9,1,5,3,11.1,33,57,-24,6,0,0,0,0,,0,0,0,0,9,1,5,11.1,0,0,
P0011,4,ABsingle,25,4,20,1,16.0,90,160,-70,14,0,0,0,0,,0,0,0,0,25,4,20,16.0,0,0,
P0113,1,single,5,4,0,1,80.0,35,15,20,13,1,0,0,0,,0,0,0,0,5,4,0,80.0,0,0,
P0031,1,single,0,0,0,0,,0,0,0,0,0,0,0,0,,0,0,0,0,0,0,0,,0,0,
P0132,2,single,12,10,1,1,83.3,86,34,52,33,2,0,0,0,,0,0,0,0,12,10,1,83.3,0,0,
P0064,12,ABsingle,40,14,22,4,35.0,189,210,-21,47,6,11,7,4,63.6,1,0,1,1,51,21,26,41.2,1,5,2012-s1
P0039,1,single,5,2,3,0,40.0,21,29,-8,6,0,0,0,0,,0,0,0,0,5,2,3,40.0,0,0,
P0028,1,single,0,0,0,0,,0,0,0,0,0,0,0,0,,0,0,0,0,0,0,0,,0,0,
P0076,16,Asingle,65,30,24,11,46.2,374,296,78,105,6,0,0,0,,0,0,0,0,65,30,24,46.2,0,0,
P0068,4,ABsingle,17,10,5,2,58.8,102,68,34,34,1,0,0,0,,0,0,0,0,17,10,5,58.8,0,0,
P0142,1,single,4,3,1,0,75.0,24,16,8,9,0,0,0,0,,0,0,0,0,4,3,1,75.0,0,0,
P0084,1,single,2,0,0,2,0.0,5,15,-10,1,0,0,0,0,,0,0,0,0,2,0,0,0.0,0,0,
P0009,8,Bsingle,42,14,21,7,33.3,213,207,6,53,5,0,0,0,,0,0,0,0,42,14,21,33.3,0,0,
P0062,4,single,21,14,6,1,66.7,124,86,38,45,3,0,0,0,,0,0,0,0,21,14,6,66.7,0,0,
P0017,3,single,16,12,4,0,75.0,95,65,30,37,3,0,0,0,,0,0,0,0,16,12,4,75.0,0,0,
P0025,1,single,4,0,3,1,0.0,12,28,-16,1,0,0,0,0,,0,0,0,0,4,0,3,0.0,0,0,
P0030,3,Asingle,14,7,7,0,50.0,75,65,10,23,3,0,0,0,,0,0,0,0,14,7,7,50.0,0,0,
P0001,1,single,5,5,0,0,100.0,43,7,36,15,1,0,0,0,,0,0,0,0,5,5,0,100.0,0,0,
P0023,0,,0,0,0,0,,0,0,0,0,1,0,0,0,,0,0,0,0,0,0,0,,0,0,
P0051,15,ABsingle,71,29,34,8,40.8,358,352,6,99,5,0,0,0,,1,0,1,0,71,29,34,40.8,1,0,2007-s2
P0153,1,single,6,0,6,0,0.0,16,44,-28,1,0,0,0,0,,0,0,0,0,6,0,6,0.0,0,0,
P0086,2,single,12,2,9,1,16.7,50,70,-20,9,0,0,0,0,,0,0,0,0,12,2,9,16.7,0,0,
P0032,2,Asingle,12,11,1,0,91.7,87,33,54,34,2,0,0,0,,0,0,0,0,12,11,1,91.7,0,0,
P0151,1,single,4,1,3,0,25.0,11,39,-28,3,0,0,0,0,,0,0,0,0,4,1,3,25.0,0,0,
P0091,5,ABsingle,31,7,23,1,22.6,122,188,-66,25,1,0,0,0,,0,0,0,0,31,7,23,22.6,0,0,
P0120,1,single,5,1,4,0,20.0,17,33,-16,3,0,0,0,0,,0,0,0,0,5,1,4,20.0,0,0,
P0135,1,single,6,5,1,0,83.3,46,14,32,15,0,0,0,0,,0,0,0,0,6,5,1,83.3,0,0,
P0116,1,single,5,1,4,0,20.0,14,36,-22,3,0,0,0,0,,0,0,0,0,5,1,4,20.0,0,0,
P0102,1,single,5,0,5,0,0.0,0,50,-50,0,0,0,0,0,,0,0,0,0,5,0,5,0.0,0,0,
P0147,1,single,4,1,3,0,25.0,14,26,-12,3,0,0,0,0,,0,0,0,0,4,1,3,25.0,0,0,
P0054,1,single,4,3,0,1,75.0,24,16,8,10,1,0,0,0,,0,0,0,0,4,3,0,75.0,0,0,
P0126,6,ABsingle,34,8,21,5,23.5,132,208,-76,33,1,0,0,0,,0,0,0,0,34,8,21,23.5,0,0,
P0077,5,ABsingle,25,10,10,5,40.0,116,134,-18,35,2,0,0,0,,0,0,0,0,25,10,10,40.0,0,0,
P0033,3,single,18,14,3,1,77.8,120,60,60,46,3,0,0,0,,0,0,0,0,18,14,3,77.8,0,0,
P0106,1,single,6,1,5,0,16.7,18,42,-24,4,0,0,0,0,,0,0,0,0,6,1,5,16.7,0,0,
P0133,1,single,6,3,2,1,50.0,28,32,-4,11,1,0,0,0,,0,0,0,0,6,3,2,50.0,0,0,
P0114,1,single,6,2,3,1,33.3,35,25,10,8,0,0,0,0,,0,0,0,0,6,2,3,33.3,0,0,
P0140,23,Asingle,126,84,28,14,66.7,765,495,270,270,20,0,0,0,,1,1,2,0,126,84,28,66.7,1,0,2009-s6
P0138,1,single,6,4,2,0,66.7,38,22,16,13,1,0,0,0,,0,0,0,0,6,4,2,66.7,0,0,
P0088,2,single,11,4,7,0,36.4,46,64,-18,13,1,0,0,0,,0,0,0,0,11,4,7,36.4,0,0,
P0119,1,single,6,1,3,2,16.7,27,33,-6,6,0,0,0,0,,0,0,0,0,6,1,3,16.7,0,0,
P0075,6,ABsingle,40,14,16,10,35.0,210,190,20,56,1,0,0,0,,0,0,0,0,40,14,16,35.0,0,0,
P0074,1,single,6,3,2,1,50.0,27,33,-6,11,1,0,0,0,,0,0,0,0,6,3,2,50.0,0,0,
P0098,1,single,6,0,6,0,0.0,17,43,-26,1,0,0,0,0,,0,0,0,0,6,0,6,0.0,0,0,
P0020,1,single,5,3,2,0,60.0,31,19,12,9,0,0,0,0,,0,0,0,0,5,3,2,60.0,0,0,
P0094,6,ABsingle,34,18,9,7,52.9,183,157,26,62,3,0,0,0,,0,0,0,0,34,18,9,52.9,0,0,
P0104,1,single,5,4,0,1,80.0,37,13,24,13,1,0,0,0,,1,0,1,0,5,4,0,80.0,1,0,2005-s4
P0146,3,single,16,2,14,0,12.5,51,109,-58,7,0,0,0,0,,0,0,0,0,16,2,14,12.5,0,0,
P0110,1,single,6,1,5,0,16.7,17,43,-26,4,0,0,0,0,,0,0,0,0,6,1,5,16.7,0,0,
P0050,1,single,3,2,0,1,66.7,20,10,10,7,0,0,0,0,,0,0,0,0,3,2,0,66.7,0,0,
P0021,1,single,4,1,2,1,25.0,17,23,-6,4,0,0,0,0,,0,0,0,0,4,1,2,25.0,0,0,
P0111,2,single,12,4,5,3,33.3,54,66,-12,17,1,0,0,0,,0,0,0,0,12,4,5,33.3,0,0,
P0034,1,single,6,4,1,1,66.7,40,20,20,14,1,0,0,0,,0,1,1,0,6,4,1,66.7,0,0,
P0035,2,Asingle,12,6,4,2,50.0,65,55,10,22,2,0,0,0,,0,0,0,0,12,6,4,50.0,0,0,
P0026,2,single,12,6,5,1,50.0,75,45,30,21,1,0,0,0,,0,0,0,0,12,6,5,50.0,0,0,
P0093,1,single,6,0,5,1,0.0,16,44,-28,2,0,0,0,0,,0,0,0,0,6,0,5,0.0,0,0,
P0129,1,single,5,1,3,1,20.0,13,37,-24,4,0,0,0,0,,0,0,0,0,5,1,3,20.0,0,0,
P0071,1,single,6,4,2,0,66.7,38,22,16,13,1,0,0,0,,0,0,0,0,6,4,2,66.7,0,0,
P0152,1,single,5,1,3,1,20.0,18,32,-14,4,0,0,0,0,,0,0,0,0,5,1,3,20.0,0,0,
P0048,1,single,5,4,1,0,80.0,33,17,16,12,1,0,0,0,,0,0,0,0,5,4,1,80.0,0,0,
P0013,2,single,9,2,6,1,22.2,33,57,-24,7,0,0,0,0,,0,0,0,0,9,2,6,22.2,0,0,
P0066,1,single,6,0,6,0,0.0,12,48,-36,1,0,0,0,0,,0,0,0,0,6,0,6,0.0,0,0,
P0149,2,ABsingle,18,3,10,5,16.7,68,112,-44,13,0,0,0,0,,0,0,0,0,18,3,10,16.7,0,0,
P0010,6,Asingle,30,20,8,2,66.7,164,116,48,63,5,0,0,0,,0,0,0,0,30,20,8,66.7,0,0,
P0117,1,single,6,2,4,0,33.3,19,41,-22,7,0,0,0,0,,0,0,0,0,6,2,4,33.3,0,0,
P0090,2,Asingle,11,5,6,0,45.5,59,51,8,15,1,0,0,0,,0,0,0,0,11,5,6,45.5,0,0,
P0065,1,single,6,3,2,1,50.0,33,27,6,11,1,0,0,0,,0,0,0,0,6,3,2,50.0,0,0,
P0029,22,ABsingle,121,81,28,12,66.9,766,444,322,262,18,0,0,0,,0,1,1,0,121,81,28,66.9,0,0,
P0085,1,single,6,1,4,1,16.7,26,34,-8,5,0,0,0,0,,0,0,0,0,6,1,4,16.7,0,0,
P0056,1,single,6,2,4,0,33.3,17,43,-26,7,0,0,0,0,,0,0,0,0,6,2,4,33.3,0,0,
P0112,1,single,5,2,1,2,40.0,30,20,10,8,0,0,0,0,,0,0,0,0,5,2,1,40.0,0,0,
P0136,0,,0,0,0,0,,0,0,0,0,1,0,0,0,,0,0,0,0,0,0,0,,0,0,
P0059,0,,0,0,0,0,,0,0,0,0,1,0,0,0,,0,0,0,0,0,0,0,,0,0,
P0257,2,Asingle,12,9,1,2,75.0,87,33,54,31,2,0,0,0,,0,0,0,0,12,9,1,75.0,0,0,
P0330,1,single,6,4,2,0,66.7,32,28,4,13,1,0,0,0,,0,0,0,0,6,4,2,66.7,0,0,
P0243,2,single,12,6,1,5,50.0,68,52,16,25,2,0,0,0,,0,0,0,0,12,6,1,50.0,0,0,
P0362,2,Asingle,7,4,2,1,57.1,45,25,20,14,1,0,0,0,,0,0,0,0,7,4,2,57.1,0,0,
P0325,3,Asingle,15,9,4,2,60.0,88,62,26,30,2,0,0,0,,0,0,0,0,15,9,4,60.0,0,0,
P0238,1,single,6,3,2,1,50.0,34,26,8,11,1,0,0,0,,0,0,0,0,6,3,2,50.0,0,0,
P0478,8,ABsingle,52,42,7,3,80.8,370,150,220,133,9,0,0,0,,4,0,4,0,52,42,7,80.8,2,0,"2006-s1,2006-s3,2006-s4,2008-s1"
P0332,1,single,5,3,1,1,60.0,30,20,10,10,1,0,0,0,,0,0,0,0,5,3,1,60.0,0,0,
P0444,1,single,6,3,2,1,50.0,37,23,14,11,2,0,0,0,,0,0,0,0,6,3,2,50.0,0,0,
P0410,1,single,6,4,2,0,66.7,41,19,22,13,2,0,0,0,,0,0,0,0,6,4,2,66.7,0,0,
P0297,14,ABsingle,71,49,10,12,69.0,450,260,190,166,10,0,0,0,,3,0,3,0,71,49,10,69.0,2,0,"2006-s6,2007-s4,2007-s5"
P0258,7,ABsingle,44,27,6,11,61.4,278,162,116,96,6,0,0,0,,2,0,2,0,44,27,6,61.4,1,0,"2006-s2,2007-s2"
P0476,2,single,12,5,4,3,41.7,70,50,20,20,1,0,0,0,,0,0,0,0,12,5,4,41.7,0,0,
P0334,2,single,12,7,3,2,58.3,77,43,34,25,2,0,0,0,,0,0,0,0,12,7,3,58.3,0,0,
P0545,3,ABsingle,21,11,2,8,52.4,146,74,72,47,2,0,0,0,,0,0,0,0,21,11,2,52.4,0,0,
P0569,2,single,9,3,5,1,33.3,47,43,4,11,1,0,0,0,,0,0,0,0,9,3,5,33.3,0,0,
P0316,1,single,6,3,2,1,50.0,34,26,8,11,1,0,0,0,,0,0,0,0,6,3,2,50.0,0,0,
P0490,3,Asingle,11,5,6,0,45.5,35,75,-40,16,2,2,1,1,50.0,0,0,0,0,13,6,7,46.2,0,1,
P0349,3,Asingle,18,11,7,0,61.1,104,76,28,36,2,0,0,0,,0,0,0,0,18,11,7,61.1,0,0,
P0196,9,ABsingle,57,34,18,5,59.6,333,237,96,112,8,0,0,0,,1,0,1,0,57,34,18,59.6,1,0,2006-s3
P0381,1,single,6,3,1,2,50.0,36,24,12,12,1,0,0,0,,0,0,0,0,6,3,1,50.0,0,0,
P0386,1,single,6,3,2,1,50.0,36,24,12,11,1,0,0,0,,0,0,0,0,6,3,2,50.0,0,0,
P0619,1,single,6,4,1,1,66.7,46,14,32,14,1,0,0,0,,0,0,0,0,6,4,1,66.7,0,0,
P0425,2,single,9,6,3,0,66.7,52,38,14,19,1,0,0,0,,0,0,0,0,9,6,3,66.7,0,0,
P0259,2,Asingle,11,4,6,1,36.4,49,61,-12,13,1,0,0,0,,0,0,0,0,11,4,6,36.4,0,0,
P0502,3,ABsingle,25,13,8,4,52.0,138,112,26,47,3,0,0,0,,0,1,1,0,25,13,8,52.0,0,0,
P0160,2,single,13,9,3,1,69.2,76,54,22,30,1,0,0,0,,0,0,0,0,13,9,3,69.2,0,0,
P0185,1,single,6,3,2,1,50.0,33,27,6,11,1,0,0,0,,0,0,0,0,6,3,2,50.0,0,0,
P0372,0,,0,0,0,0,,0,0,0,0,1,0,0,0,,0,0,0,0,0,0,0,,0,0,
P0443,2,single,13,4,6,3,30.8,65,65,0,17,1,0,0,0,,0,0,0,0,13,4,6,30.8,0,0,
P0398,1,single,5,4,1,0,80.0,34,16,18,12,1,0,0,0,,0,0,0,0,5,4,1,80.0,0,0,
P0450,2,Asingle,12,4,8,0,33.3,55,65,-10,14,1,0,0,0,,0,0,0,0,12,4,8,33.3,0,0,
P0231,1,single,5,4,1,0,80.0,37,13,24,12,1,0,0,0,,0,0,0,0,5,4,1,80.0,0,0,
P0387,1,single,6,3,3,0,50.0,29,31,-2,10,1,0,0,0,,0,0,0,0,6,3,3,50.0,0,0,
P0546,1,,0,0,0,0,,0,0,0,0,1,0,0,0,,1,0,1,0,0,0,0,,1,0,2006-s1
P0341,1,single,6,4,1,1,66.7,38,22,16,14,1,0,0,0,,0,0,0,0,6,4,1,66.7,0,0,
P0635,2,single,12,5,6,1,41.7,61,59,2,18,0,0,0,0,,0,0,0,0,12,5,6,41.7,0,0,
P0503,1,single,6,3,2,1,50.0,33,27,6,11,0,0,0,0,,0,0,0,0,6,3,2,50.0,0,0,
P0636,1,single,5,0,5,0,0.0,0,50,-50,3,0,0,0,0,,0,0,0,0,5,0,5,0.0,0,0,
P0584,7,Asingle,31,14,14,3,45.2,150,160,-10,46,3,0,0,0,,0,1,1,0,31,14,14,45.2,0,0,
P0164,2,Bsingle,6,3,3,0,50.0,29,31,-2,10,0,0,0,0,,0,0,0,0,6,3,3,50.0,0,0,
P0547,2,Asingle,11,4,5,2,36.4,55,55,0,15,0,0,0,0,,0,0,0,0,11,4,5,36.4,0,0,
P0566,1,single,6,0,6,0,0.0,0,60,-60,0,0,0,0,0,,0,0,0,0,6,0,6,0.0,0,0,
P0337,3,ABsingle,24,1,21,2,4.2,65,175,-110,9,0,0,0,0,,0,0,0,0,24,1,21,4.2,0,0,
P0426,1,single,5,0,5,0,0.0,9,41,-32,0,0,0,0,0,,0,0,0,0,5,0,5,0.0,0,0,
P0379,1,single,6,3,2,1,50.0,34,26,8,11,0,0,0,0,,0,0,0,0,6,3,2,50.0,0,0,
P0351,1,single,5,0,4,1,0.0,15,35,-20,1,0,0,0,0,,0,0,0,0,5,0,4,0.0,0,0,
P0613,1,single,5,1,4,0,20.0,20,30,-10,3,0,0,0,0,,0,0,0,0,5,1,4,20.0,0,0,
P0419,1,single,0,0,0,0,,0,0,0,0,0,0,0,0,,0,0,0,0,0,0,0,,0,0,
P0440,10,ABsingle,55,21,29,5,38.2,215,335,-120,71,3,0,0,0,,0,0,0,0,55,21,29,38.2,0,0,
P0360,1,single,6,1,5,0,16.7,21,39,-18,4,0,0,0,0,,0,0,0,0,6,1,5,16.7,0,0,
P0286,1,single,6,1,5,0,16.7,19,41,-22,4,0,0,0,0,,0,0,0,0,6,1,5,16.7,0,0,
P0168,1,single,0,0,0,0,,0,0,0,0,0,0,0,0,,0,0,0,0,0,0,0,,0,0,
P0236,1,single,6,1,3,2,16.7,22,38,-16,6,0,0,0,0,,0,0,0,0,6,1,3,16.7,0,0,
P0562,1,single,5,4,1,0,80.0,29,21,8,13,0,0,0,0,,0,0,0,0,5,4,1,80.0,0,0,
P0598,1,single,5,0,5,0,0.0,5,45,-40,0,0,0,0,0,,0,0,0,0,5,0,5,0.0,0,0,
P0610,1,single,5,1,3,1,20.0,25,25,0,4,0,0,0,0,,0,0,0,0,5,1,3,20.0,0,0,
P0468,1,single,5,2,2,1,40.0,24,26,-2,7,0,0,0,0,,0,0,0,0,5,2,2,40.0,0,0,
P0352,1,single,6,3,2,1,50.0,29,31,-2,11,0,0,0,0,,0,0,0,0,6,3,2,50.0,0,0,
P0200,2,single,13,3,9,1,23.1,54,76,-22,12,0,0,0,0,,0,0,0,0,13,3,9,23.1,0,0,
P0260,1,single,4,0,4,0,0.0,14,26,-12,0,0,0,0,0,,0,0,0,0,4,0,4,0.0,0,0,
P0171,1,single,3,3,0,0,100.0,22,8,14,9,0,0,0,0,,0,0,0,0,3,3,0,100.0,0,0,
P0374,1,single,4,4,0,0,100.0,34,6,28,12,0,0,0,0,,0,0,0,0,4,4,0,100.0,0,0,
P0486,3,Bsingle,16,1,15,0,6.2,37,123,-86,3,0,0,0,0,,0,0,0,0,16,1,15,6.2,0,0,
P0429,1,single,4,2,1,1,50.0,24,16,8,7,1,0,0,0,,0,0,0,0,4,2,1,50.0,0,0,
P0287,1,single,5,2,2,1,40.0,23,27,-4,7,0,0,0,0,,0,0,0,0,5,2,2,40.0,0,0,
P0564,1,single,5,0,4,1,0.0,12,38,-26,1,0,0,0,0,,0,0,0,0,5,0,4,0.0,0,0,
P0649,1,single,6,0,4,2,0.0,23,37,-14,3,0,0,0,0,,0,0,0,0,6,0,4,0.0,0,0,
P0308,1,single,6,1,4,1,16.7,13,47,-34,5,0,0,0,0,,0,0,0,0,6,1,4,16.7,0,0,
P0514,5,ABsingle,34,17,12,5,50.0,182,158,24,59,3,0,0,0,,0,0,0,0,34,17,12,50.0,0,0,
P0165,4,Asingle,23,9,11,3,39.1,118,112,6,31,1,0,0,0,,0,0,0,0,23,9,11,39.1,0,0,
P0226,1,single,5,4,0,1,80.0,33,17,16,14,1,0,0,0,,0,0,0,0,5,4,0,80.0,0,0,
P0158,1,single,6,3,1,2,50.0,28,32,-4,12,1,0,0,0,,0,0,0,0,6,3,1,50.0,0,0,
P0261,4,ABsingle,30,18,9,3,60.0,177,123,54,61,3,0,0,0,,1,0,1,0,30,18,9,60.0,1,0,2007-s1
P0331,3,ABsingle,20,12,3,5,60.0,121,79,42,42,2,0,0,0,,0,0,0,0,20,12,3,60.0,0,0,
P0488,2,ABsingle,12,7,1,4,58.3,66,54,12,26,1,0,0,0,,0,0,0,0,12,7,1,58.3,0,0,
P0274,1,single,6,4,1,1,66.7,39,21,18,14,1,0,0,0,,0,0,0,0,6,4,1,66.7,0,0,
P0271,2,Asingle,12,3,6,3,25.0,45,75,-30,13,1,0,0,0,,0,0,0,0,12,3,6,25.0,0,0,
P0335,5,ABsingle,27,10,11,6,37.0,125,145,-20,19,1,0,0,0,,0,0,0,0,27,10,11,37.0,0,0,
P0224,2,Asingle,12,8,3,1,66.7,70,50,20,26,3,0,0,0,,0,0,0,0,12,8,3,66.7,0,0,
P0500,1,single,6,3,1,2,50.0,35,25,10,12,1,0,0,0,,0,0,0,0,6,3,1,50.0,0,0,
P0487,3,ABsingle,15,9,1,5,60.0,100,50,50,33,1,0,0,0,,0,0,0,0,15,9,1,60.0,0,0,
P0255,4,ABsingle,25,9,11,5,36.0,118,132,-14,33,1,0,0,0,,0,0,0,0,25,9,11,36.0,0,0,
P0197,1,single,6,4,2,0,66.7,39,21,18,13,1,0,0,0,,0,0,0,0,6,4,2,66.7,0,0,
P0535,3,ABsingle,24,14,3,7,58.3,151,89,62,53,3,0,0,0,,0,0,0,0,24,14,3,58.3,0,0,
P0388,1,single,6,4,2,0,66.7,30,30,0,13,1,0,0,0,,0,0,0,0,6,4,2,66.7,0,0,
P0411,4,Asingle,21,12,7,2,57.1,113,97,16,38,3,0,0,0,,0,0,0,0,21,12,7,57.1,0,0,
P0617,16,ABsingle,88,44,34,10,50.0,482,388,94,144,8,0,0,0,,0,1,1,0,88,44,34,50.0,0,0,
P0483,1,single,7,5,2,0,71.4,40,30,10,16,1,0,0,0,,0,0,0,0,7,5,2,71.4,0,0,
P0357,1,single,4,2,0,2,50.0,25,15,10,8,1,0,0,0,,0,0,0,0,4,2,0,50.0,0,0,
P0206,5,ABsingle,36,11,18,7,30.6,176,184,-8,45,3,0,0,0,,0,0,0,0,36,11,18,30.6,0,0,
P0288,3,ABsingle,25,10,8,7,40.0,129,121,8,41,1,0,0,0,,0,0,0,0,25,10,8,40.0,0,0,
P0457,1,single,7,4,1,2,57.1,42,28,14,15,1,0,0,0,,1,0,1,0,7,4,1,57.1,1,0,2006-s2
P0531,3,ABsingle,18,6,8,4,33.3,74,106,-32,22,2,0,0,0,,0,0,0,0,18,6,8,33.3,0,0,
P0614,2,ABsingle,14,4,10,0,28.6,62,78,-16,12,1,0,0,0,,0,0,0,0,14,4,10,28.6,0,0,
P0289,3,ABsingle,25,12,7,6,48.0,137,113,24,46,2,0,0,0,,0,0,0,0,25,12,7,48.0,0,0,
P0272,1,single,6,3,2,1,50.0,35,25,10,10,1,0,0,0,,0,0,0,0,6,3,2,50.0,0,0,
P0570,1,single,6,2,2,2,33.3,33,27,6,9,0,0,0,0,,0,0,0,0,6,2,2,33.3,0,0,
P0300,5,Asingle,28,12,13,3,42.9,137,143,-6,41,1,0,0,0,,0,0,0,0,28,12,13,42.9,0,0,
P0491,10,ABsingle,65,26,33,6,40.0,320,331,-11,89,5,0,0,0,,0,0,0,0,65,26,33,40.0,0,0,
P0397,1,single,5,0,5,0,0.0,12,38,-26,0,0,0,0,0,,0,0,0,0,5,0,5,0.0,0,0,
P0602,1,single,5,0,5,0,0.0,15,35,-20,0,0,0,0,0,,0,0,0,0,5,0,5,0.0,0,0,
P0434,4,ABsingle,30,16,12,2,53.3,159,141,18,55,1,0,0,0,,0,0,0,0,30,16,12,53.3,0,0,
P0620,1,single,6,0,6,0,0.0,0,60,-60,0,0,0,0,0,,0,0,0,0,6,0,6,0.0,0,0,
P0603,1,single,6,5,1,0,83.3,41,19,22,16,0,0,0,0,,0,0,0,0,6,5,1,83.3,0,0,
P0455,1,single,6,3,3,0,50.0,29,31,-2,10,0,0,0,0,,0,0,0,0,6,3,3,50.0,0,0,
P0571,1,single,5,2,2,1,40.0,25,25,0,7,0,0,0,0,,0,0,0,0,5,2,2,40.0,0,0,
P0399,1,single,5,1,4,0,20.0,16,34,-18,3,0,0,0,0,,0,0,0,0,5,1,4,20.0,0,0,
P0568,1,single,5,2,2,1,40.0,25,25,0,7,0,0,0,0,,0,0,0,0,5,2,2,40.0,0,0,
P0382,1,single,3,1,1,1,33.3,16,14,2,4,0,0,0,0,,0,0,0,0,3,1,1,33.3,0,0,
P0317,1,single,5,3,1,1,60.0,28,22,6,10,0,0,0,0,,0,0,0,0,5,3,1,60.0,0,0,
P0622,4,ABsingle,29,16,4,9,55.2,171,119,52,61,4,0,0,0,,0,0,0,0,29,16,4,55.2,0,0,
P0445,2,ABsingle,15,2,9,4,13.3,64,86,-22,10,0,0,0,0,,0,0,0,0,15,2,9,13.3,0,0,
P0575,1,single,4,1,3,0,25.0,11,29,-18,3,0,0,0,0,,0,0,0,0,4,1,3,25.0,0,0,
P0166,7,ABsingle,40,12,18,10,30.0,175,225,-50,49,1,0,0,0,,0,0,0,0,40,12,18,30.0,0,0,
P0172,8,Asingle,42,27,11,4,64.3,256,164,92,87,7,0,0,0,,0,0,0,0,42,27,11,64.3,0,0,
P0504,1,single,6,0,6,0,0.0,0,60,-60,0,0,0,0,0,,0,0,0,0,6,0,6,0.0,0,0,
P0252,4,ABsingle,29,15,10,4,51.7,161,129,32,53,1,0,0,0,,0,0,0,0,29,15,10,51.7,0,0,
P0528,1,single,5,1,4,0,20.0,25,25,0,3,0,0,0,0,,0,0,0,0,5,1,4,20.0,0,0,
P0559,1,single,3,0,3,0,0.0,10,20,-10,0,0,0,0,0,,0,0,0,0,3,0,3,0.0,0,0,
P0515,1,single,7,4,0,3,57.1,45,25,20,16,0,0,0,0,,0,0,0,0,7,4,0,57.1,0,0,
P0629,1,single,2,0,1,1,0.0,9,11,-2,1,0,0,0,0,,0,0,0,0,2,0,1,0.0,0,0,
P0628,1,single,3,1,2,0,33.3,12,18,-6,3,0,0,0,0,,0,0,0,0,3,1,2,33.3,0,0,
P0228,1,single,3,0,3,0,0.0,3,27,-24,0,0,0,0,0,,0,0,0,0,3,0,3,0.0,0,0,
P0451,1,single,1,0,1,0,0.0,3,7,-4,0,0,0,0,0,,0,0,0,0,1,0,1,0.0,0,0,
P0458,1,single,7,2,4,1,28.6,33,37,-4,8,0,0,0,0,,0,0,0,0,7,2,4,28.6,0,0,
P0577,6,ABsingle,41,9,23,9,22.0,182,228,-46,40,0,0,0,0,,0,0,0,0,41,9,23,22.0,0,0,
P0431,19,ABsingle,118,29,79,10,24.6,488,692,-204,99,4,0,0,0,,0,0,0,0,118,29,79,24.6,0,0,
P0585,4,Asingle,20,7,9,4,35.0,86,114,-28,27,1,0,0,0,,0,0,0,0,20,7,9,35.0,0,0,
P0173,1,single,5,0,5,0,0.0,10,40,-30,0,0,0,0,0,,0,0,0,0,5,0,5,0.0,0,0,
P0208,1,single,4,2,1,1,50.0,23,17,6,7,0,0,0,0,,0,0,0,0,4,2,1,50.0,0,0,
P0314,1,AB,10,4,2,4,40.0,60,40,20,16,0,0,0,0,,0,0,0,0,10,4,2,40.0,0,0,
P0389,1,AB,12,4,8,0,33.3,44,76,-32,14,0,0,0,0,,0,0,0,0,12,4,8,33.3,0,0,
P0472,2,AB,14,8,6,0,57.1,71,69,2,24,1,0,0,0,,0,0,0,0,14,8,6,57.1,0,0,
P0279,1,AB,8,0,8,0,0.0,24,56,-32,0,0,0,0,0,,0,0,0,0,8,0,8,0.0,0,0,
P0333,10,AB,65,34,24,7,52.3,375,275,100,115,7,0,0,0,,0,0,0,0,65,34,24,52.3,0,0,
P0378,6,AB,41,16,16,9,39.0,216,194,22,62,5,0,0,0,,0,0,0,0,41,16,16,39.0,0,0,
P0400,1,AB,12,2,8,2,16.7,42,78,-36,10,0,0,0,0,,0,0,0,0,12,2,8,16.7,0,0,
P0276,1,AB,10,8,2,0,80.0,68,32,36,24,1,0,0,0,,0,0,0,0,10,8,2,80.0,0,0,
P0244,1,AB,12,6,4,2,50.0,64,56,8,22,0,0,0,0,,0,0,0,0,12,6,4,50.0,0,0,
P0427,6,AB,41,17,20,4,41.5,224,176,48,60,3,0,0,0,,0,0,0,0,41,17,20,41.5,0,0,
P0275,1,AB,12,8,4,0,66.7,84,36,48,26,1,0,0,0,,0,0,0,0,12,8,4,66.7,0,0,
P0555,1,AB,10,4,4,2,40.0,50,50,0,14,0,0,0,0,,0,0,0,0,10,4,4,40.0,0,0,
P0511,1,AB,12,0,12,0,0.0,0,120,-120,0,0,0,0,0,,0,0,0,0,12,0,12,0.0,0,0,
P0637,1,AB,12,6,2,4,50.0,74,46,28,24,0,0,0,0,,0,0,0,0,12,6,2,50.0,0,0,
P0492,1,AB,8,2,4,2,25.0,32,48,-16,8,0,0,0,0,,0,0,0,0,8,2,4,25.0,0,0,
P0459,1,AB,10,4,6,0,40.0,46,54,-8,12,1,0,0,0,,0,0,0,0,10,4,6,40.0,0,0,
P0174,1,AB,12,10,2,0,83.3,78,42,36,32,0,0,0,0,,0,0,0,0,12,10,2,83.3,0,0,
P0430,7,AB,37,23,10,4,62.2,213,157,56,74,4,0,0,0,,0,0,0,0,37,23,10,62.2,0,0,
P0324,3,AB,23,17,2,4,73.9,153,77,76,58,3,0,0,0,,0,0,0,0,23,17,2,73.9,0,0,
P0583,2,AB,16,5,10,1,31.2,68,92,-24,16,0,0,0,0,,0,0,0,0,16,5,10,31.2,0,0,
P0262,2,AB,12,9,3,0,75.0,79,41,38,27,0,0,0,0,,0,0,0,0,12,9,3,75.0,0,0,
P0194,1,AB,6,2,2,2,33.3,34,26,8,8,0,0,0,0,,0,0,0,0,6,2,2,33.3,0,0,
P0616,18,AB,106,25,78,3,23.6,425,635,-210,82,5,1,0,1,0.0,0,0,0,0,107,25,79,23.4,0,0,
P0309,2,AB,14,3,5,6,21.4,65,75,-10,15,0,0,0,0,,0,0,0,0,14,3,5,21.4,0,0,
P0186,4,AB,29,16,8,5,55.2,161,129,32,54,3,0,0,0,,0,0,0,0,29,16,8,55.2,0,0,
P0532,2,AB,18,9,6,3,50.0,98,82,16,32,0,0,0,0,,0,0,0,0,18,9,6,50.0,0,0,
P0557,1,AB,12,0,12,0,0.0,28,92,-64,2,0,0,0,0,,0,0,0,0,12,0,12,0.0,0,0,
P0479,1,AB,12,6,6,0,50.0,62,58,4,20,0,0,0,0,,0,0,0,0,12,6,6,50.0,0,0,
P0328,1,AB,2,0,2,0,0.0,2,18,-16,0,0,0,0,0,,0,0,0,0,2,0,2,0.0,0,0,
P0423,1,AB,4,0,4,0,0.0,0,40,-40,0,0,0,0,0,,0,0,0,0,4,0,4,0.0,0,0,
P0161,2,AB,16,13,3,0,81.2,123,37,86,40,2,0,0,0,,0,0,0,0,16,13,3,81.2,0,0,
P0586,1,AB,6,0,4,2,0.0,14,46,-32,2,0,0,0,0,,0,0,0,0,6,0,4,0.0,0,0,
P0548,1,AB,8,2,6,0,25.0,38,42,-4,6,0,0,0,0,,0,0,0,0,8,2,6,25.0,0,0,
P0428,2,AB,16,9,5,2,56.2,91,69,22,31,1,0,0,0,,0,0,0,0,16,9,5,56.2,0,0,
P0318,1,AB,12,8,2,2,66.7,78,42,36,28,1,0,0,0,,0,0,0,0,12,8,2,66.7,0,0,
P0393,1,AB,12,6,6,0,50.0,74,46,28,20,1,0,0,0,,0,0,0,0,12,6,6,50.0,0,0,
P0551,1,AB,12,2,10,0,16.7,26,94,-68,8,0,0,0,0,,0,0,0,0,12,2,10,16.7,0,0,
P0592,1,AB,12,2,8,2,16.7,42,78,-36,10,0,0,0,0,,0,0,0,0,12,2,8,16.7,0,0,
P0169,1,AB,12,10,2,0,83.3,86,34,52,32,0,0,0,0,,0,0,0,0,12,10,2,83.3,0,0,
P0281,3,AB,25,13,11,1,52.0,133,117,16,44,2,0,0,0,,0,0,0,0,25,13,11,52.0,0,0,
P0390,1,AB,4,2,2,0,50.0,16,24,-8,6,0,0,0,0,,0,0,0,0,4,2,2,50.0,0,0,
P0220,2,AB,15,4,11,0,26.7,59,91,-32,12,1,0,0,0,,0,0,0,0,15,4,11,26.7,0,0,
P0631,1,AB,6,2,2,2,33.3,30,30,0,8,0,0,0,0,,0,0,0,0,6,2,2,33.3,0,0,
P0454,1,AB,6,6,0,0,100.0,46,14,32,18,0,0,0,0,,0,0,0,0,6,6,0,100.0,0,0,
P0383,7,AB,44,20,22,2,45.5,227,213,14,65,3,0,0,0,,0,1,1,0,44,20,22,45.5,0,0,
P0329,1,AB,12,8,2,2,66.7,68,52,16,28,1,0,0,0,,0,1,1,0,12,8,2,66.7,0,0,
P0607,10,AB,62,37,17,8,59.7,358,262,96,122,9,0,0,0,,0,0,0,0,62,37,17,59.7,0,0,
P0524,2,AB,16,6,9,1,37.5,80,80,0,20,2,0,0,0,,0,0,0,0,16,6,9,37.5,0,0,
P0209,2,AB,18,10,4,4,55.6,115,65,50,37,2,0,0,0,,0,0,0,0,18,10,4,55.6,0,0,
P0218,1,AB,12,4,4,4,33.3,68,52,16,18,1,0,0,0,,0,0,0,0,12,4,4,33.3,0,0,
P0359,10,AB,64,20,36,8,31.2,286,354,-68,74,4,0,0,0,,0,0,0,0,64,20,36,31.2,0,0,
P0529,1,AB,12,6,6,0,50.0,56,64,-8,20,1,0,0,0,,0,0,0,0,12,6,6,50.0,0,0,
P0560,1,AB,12,0,12,0,0.0,18,102,-84,0,0,0,0,0,,0,0,0,0,12,0,12,0.0,0,0,
P0247,7,AB,43,28,8,7,65.1,273,157,116,95,7,0,0,0,,0,0,0,0,43,28,8,65.1,0,0,
P0353,1,AB,12,8,2,2,66.7,72,48,24,28,1,0,0,0,,0,0,0,0,12,8,2,66.7,0,0,
P0650,1,AB,12,0,10,2,0.0,44,76,-32,4,0,0,0,0,,0,0,0,0,12,0,10,0.0,0,0,
P0558,16,AB,90,33,53,4,36.7,383,518,-135,105,4,0,0,0,,1,0,1,0,90,33,53,36.7,1,0,2007-s4
P0572,1,AB,12,2,8,2,16.7,46,74,-28,10,0,0,0,0,,0,0,0,0,12,2,8,16.7,0,0,
P0214,1,AB,12,8,2,2,66.7,66,54,12,28,1,0,0,0,,0,0,0,0,12,8,2,66.7,0,0,
P0170,0,,0,0,0,0,,0,0,0,0,1,0,0,0,,0,0,0,0,0,0,0,,0,0,
P0364,4,AB,21,13,7,1,61.9,128,82,46,41,3,5,4,1,80.0,0,0,0,1,26,17,8,65.4,0,3,
P0651,0,,0,0,0,0,,0,0,0,0,1,0,0,0,,0,0,0,0,0,0,0,,0,0,
P0517,0,,0,0,0,0,,0,0,0,0,1,0,0,0,,0,0,0,0,0,0,0,,0,0,
P0599,0,,0,0,0,0,,0,0,0,0,1,0,0,0,,0,0,0,0,0,0,0,,0,0,
P0392,1,A,4,0,4,0,0.0,8,32,-24,0,0,0,0,0,,0,0,0,0,4,0,4,0.0,0,0,
P0446,1,A,6,4,2,0,66.7,29,31,-2,13,0,0,0,0,,0,0,0,0,6,4,2,66.7,0,0,
P0521,1,A,5,0,5,0,0.0,10,40,-30,0,0,0,0,0,,0,0,0,0,5,0,5,0.0,0,0,
P0534,1,A,6,3,1,2,50.0,35,25,10,12,0,0,0,0,,0,0,0,0,6,3,1,50.0,0,0,
P0415,1,A,6,1,4,1,16.7,19,41,-22,5,0,0,0,0,,0,0,0,0,6,1,4,16.7,0,0,
P0187,1,A,6,3,3,0,50.0,33,27,6,10,0,0,0,0,,0,0,0,0,6,3,3,50.0,0,0,
P0181,1,A,6,4,0,2,66.7,43,17,26,15,1,0,0,0,,0,0,0,0,6,4,0,66.7,0,0,
P0354,2,A,6,2,4,0,33.3,32,28,4,7,0,0,0,0,,0,0,0,0,6,2,4,33.3,0,0,
P0198,1,A,6,4,1,1,66.7,38,22,16,14,1,0,0,0,,0,0,0,0,6,4,1,66.7,0,0,
P0319,1,A,6,4,1,1,66.7,34,26,8,14,1,0,0,0,,0,0,0,0,6,4,1,66.7,0,0,
P0358,1,A,0,0,0,0,,0,0,0,0,0,0,0,0,,0,0,0,0,0,0,0,,0,0,
P0554,1,A,4,3,1,0,75.0,26,14,12,9,0,0,0,0,,0,0,0,0,4,3,1,75.0,0,0,
P0311,1,A,6,0,6,0,0.0,8,52,-44,1,0,0,0,0,,0,0,0,0,6,0,6,0.0,0,0,
P0505,1,A,5,0,5,0,0.0,18,32,-14,0,0,0,0,0,,0,0,0,0,5,0,5,0.0,0,0,
P0263,1,A,6,6,0,0,100.0,42,18,24,19,1,0,0,0,,0,0,0,0,6,6,0,100.0,0,0,
P0179,2,A,12,6,3,3,50.0,68,52,16,23,2,0,0,0,,0,0,0,0,12,6,3,50.0,0,0,
P0245,3,A,13,3,8,2,23.1,57,72,-15,13,1,0,0,0,,0,0,0,0,13,3,8,23.1,0,0,
P0653,4,A,24,16,4,4,66.7,153,87,66,55,4,0,0,0,,1,1,2,0,24,16,4,66.7,1,0,2006-s7
P0611,1,A,6,4,1,1,66.7,32,28,4,14,0,0,0,0,,0,0,0,0,6,4,1,66.7,0,0,
P0578,2,A,11,3,6,2,27.3,48,62,-14,12,0,0,0,0,,0,0,0,0,11,3,6,27.3,0,0,
P0460,1,A,6,2,3,1,33.3,27,33,-6,8,0,0,0,0,,0,0,0,0,6,2,3,33.3,0,0,
P0623,1,A,6,4,1,1,66.7,36,24,12,14,0,0,0,0,,0,0,0,0,6,4,1,66.7,0,0,
P0210,4,A,21,4,13,4,19.0,96,114,-18,17,1,0,0,0,,0,0,0,0,21,4,13,19.0,0,0,
P0336,1,A,4,0,2,2,0.0,13,27,-14,1,0,0,0,0,,0,0,0,0,4,0,2,0.0,0,0,
P0232,1,A,6,4,1,1,66.7,37,23,14,14,1,0,0,0,,0,0,0,0,6,4,1,66.7,0,0,
P0407,1,A,5,3,2,0,60.0,24,26,-2,9,1,0,0,0,,0,0,0,0,5,3,2,60.0,0,0,
P0493,8,A,46,27,15,4,58.7,262,198,64,88,5,0,0,0,,0,0,0,0,46,27,15,58.7,0,0,
P0280,1,A,6,2,4,0,33.3,24,36,-12,7,0,0,0,0,,0,0,0,0,6,2,4,33.3,0,0,
P0264,1,A,6,3,2,1,50.0,32,28,4,11,1,0,0,0,,0,0,0,0,6,3,2,50.0,0,0,
P0175,1,A,5,4,0,1,80.0,37,13,24,13,0,0,0,0,,0,0,0,0,5,4,0,80.0,0,0,
P0633,4,AB,15,6,6,3,40.0,70,80,-10,21,2,0,0,0,,0,0,0,0,15,6,6,40.0,0,0,
P0596,0,,0,0,0,0,,0,0,0,0,1,0,0,0,,0,0,0,0,0,0,0,,0,0,
P0256,0,,0,0,0,0,,0,0,0,0,1,0,0,0,,0,0,0,0,0,0,0,,0,0,
P0638,1,A,6,0,6,0,0.0,10,50,-40,1,1,0,0,0,,0,0,0,0,6,0,6,0.0,0,0,
P0469,1,B,7,2,5,0,28.6,32,38,-6,7,0,0,0,0,,0,0,0,0,7,2,5,28.6,0,0,
P0513,1,B,7,3,2,2,42.9,37,33,4,12,1,0,0,0,,0,0,0,0,7,3,2,42.9,0,0,
P0201,1,B,7,3,1,3,42.9,41,29,12,13,1,0,0,0,,0,0,0,0,7,3,1,42.9,0,0,
P0250,7,AB,42,24,14,4,57.1,246,174,72,78,5,0,0,0,,0,0,0,0,42,24,14,57.1,0,0,
P0542,2,AB,13,9,1,3,69.2,84,46,38,32,2,0,0,0,,1,0,1,0,13,9,1,69.2,1,0,2006-s4
P0180,1,B,6,1,4,1,16.7,22,38,-16,4,0,0,0,0,,0,0,0,0,6,1,4,16.7,0,0,
P0394,2,AB,10,1,4,5,10.0,42,58,-16,9,0,0,0,0,,0,0,0,0,10,1,4,10.0,0,0,
P0303,1,B,7,4,2,1,57.1,44,26,18,13,0,0,0,0,,0,0,0,0,7,4,2,57.1,0,0,
P0632,1,B,6,0,6,0,0.0,9,51,-42,0,0,0,0,0,,0,0,0,0,6,0,6,0.0,0,0,
P0338,1,B,6,0,6,0,0.0,5,55,-50,0,0,0,0,0,,0,0,0,0,6,0,6,0.0,0,0,
P0376,1,B,7,5,1,1,71.4,42,28,14,17,1,0,0,0,,0,0,0,0,7,5,1,71.4,0,0,
P0593,2,AB,12,3,9,0,25.0,50,70,-20,10,0,0,0,0,,0,0,0,0,12,3,9,25.0,0,0,
P0556,1,B,7,7,0,0,100.0,51,19,32,22,1,0,0,0,,0,0,0,0,7,7,0,100.0,0,0,
P0283,1,B,7,3,4,0,42.9,20,40,-20,10,0,0,0,0,,0,0,0,0,7,3,4,42.9,0,0,
P0527,1,B,7,4,2,1,57.1,42,28,14,14,1,0,0,0,,0,0,0,0,7,4,2,57.1,0,0,
P0347,3,B,18,4,13,1,22.2,67,113,-46,15,0,0,0,0,,0,0,0,0,18,4,13,22.2,0,0,
P0436,2,B,13,3,9,1,23.1,49,81,-32,12,0,0,0,0,,0,0,0,0,13,3,9,23.1,0,0,
P0466,1,B,7,3,3,1,42.9,35,35,0,11,1,0,0,0,,0,0,0,0,7,3,3,42.9,0,0,
P0618,1,B,7,4,2,1,57.1,43,27,16,14,0,0,0,0,,0,0,0,0,7,4,2,57.1,0,0,
P0582,1,B,4,2,2,0,50.0,22,18,4,6,0,0,0,0,,0,0,0,0,4,2,2,50.0,0,0,
P0401,1,B,7,2,3,2,28.6,31,39,-8,9,1,0,0,0,,0,0,0,0,7,2,3,28.6,0,0,
P0595,1,B,5,0,5,0,0.0,9,41,-32,0,0,0,0,0,,0,0,0,0,5,0,5,0.0,0,0,
P0489,1,B,6,2,3,1,33.3,30,30,0,7,0,0,0,0,,0,0,0,0,6,2,3,33.3,0,0,
P0285,1,B,6,4,1,1,66.7,40,20,20,13,1,0,0,0,,0,0,0,0,6,4,1,66.7,0,0,
P0601,4,AB,25,10,9,6,40.0,131,119,12,40,1,0,0,0,,0,0,0,0,25,10,9,40.0,0,0,
P0157,2,AB,9,4,5,0,44.4,56,34,22,13,1,0,0,0,,0,0,0,0,9,4,5,44.4,0,0,
P0221,1,B,6,4,2,0,66.7,38,22,16,12,1,0,0,0,,0,0,0,0,6,4,2,66.7,0,0,
P0525,1,B,7,2,3,2,28.6,28,42,-14,9,0,0,0,0,,0,0,0,0,7,2,3,28.6,0,0,
P0322,1,B,6,2,2,2,33.3,31,29,2,8,0,0,0,0,,0,0,0,0,6,2,2,33.3,0,0,
P0590,1,B,6,3,3,0,50.0,22,38,-16,9,0,0,0,0,,0,0,0,0,6,3,3,50.0,0,0,
P0183,4,B,23,9,10,4,39.1,114,116,-2,32,2,0,0,0,,0,0,0,0,23,9,10,39.1,0,0,
P0634,1,,0,0,0,0,,0,0,0,0,1,0,0,0,,0,1,1,0,0,0,0,,0,0,
P0543,0,,0,0,0,0,,0,0,0,0,1,0,0,0,,0,0,0,0,0,0,0,,0,0,
P0645,0,,0,0,0,0,,0,0,0,0,1,0,0,0,,0,0,0,0,0,0,0,,0,0,
P0282,7,AB,36,9,19,8,25.0,158,202,-44,37,1,0,0,0,,0,0,0,0,36,9,19,25.0,0,0,
P0416,1,A,6,1,4,1,16.7,19,41,-22,5,0,0,0,0,,0,0,0,0,6,1,4,16.7,0,0,
P0494,2,A,12,2,9,1,16.7,51,69,-18,9,0,0,0,0,,0,0,0,0,12,2,9,16.7,0,0,
P0480,1,A,6,3,2,1,50.0,32,28,4,11,0,0,0,0,,0,0,0,0,6,3,2,50.0,0,0,
P0495,1,A,6,4,2,0,66.7,36,24,12,13,1,0,0,0,,0,0,0,0,6,4,2,66.7,0,0,
P0646,1,A,6,2,2,2,33.3,25,35,-10,9,0,0,0,0,,0,0,0,0,6,2,2,33.3,0,0,
P0366,2,A,12,7,3,2,58.3,70,50,20,24,2,0,0,0,,0,0,0,0,12,7,3,58.3,0,0,
P0233,2,A,10,5,4,1,50.0,55,45,10,16,1,0,0,0,,1,0,1,0,10,5,4,50.0,1,0,2006-s5
P0510,1,A,4,0,4,0,0.0,10,30,-20,0,0,0,0,0,,0,0,0,0,4,0,4,0.0,0,0,
P0211,1,A,2,1,1,0,50.0,8,12,-4,3,0,0,0,0,,0,0,0,0,2,1,1,50.0,0,0,
P0461,1,A,6,2,2,2,33.3,26,34,-8,9,1,0,0,0,,0,0,0,0,6,2,2,33.3,0,0,
P0237,3,A,16,8,6,2,50.0,82,88,-6,27,2,0,0,0,,0,0,0,0,16,8,6,50.0,0,0,
P0402,1,A,6,2,4,0,33.3,26,34,-8,7,0,0,0,0,,0,0,0,0,6,2,4,33.3,0,0,
P0642,1,A,6,3,2,1,50.0,37,23,14,11,2,0,0,0,,0,0,0,0,6,3,2,50.0,0,0,
P0420,1,A,6,3,3,0,50.0,27,33,-6,10,0,0,0,0,,0,0,0,0,6,3,3,50.0,0,0,
P0227,2,A,12,6,5,1,50.0,59,61,-2,21,1,0,0,0,,0,0,0,0,12,6,5,50.0,0,0,
P0290,2,A,11,4,7,0,36.4,48,62,-14,13,0,0,0,0,,0,0,0,0,11,4,7,36.4,0,0,
P0265,1,A,6,1,5,0,16.7,23,37,-14,4,0,0,0,0,,0,0,0,0,6,1,5,16.7,0,0,
P0589,1,A,6,1,5,0,16.7,20,40,-20,3,0,0,0,0,,0,0,0,0,6,1,5,16.7,0,0,
P0565,4,A,20,9,10,1,45.0,94,106,-12,30,0,0,0,0,,0,0,0,0,20,9,10,45.0,0,0,
P0609,7,A,38,12,20,6,31.6,175,206,-31,44,3,0,0,0,,0,0,0,0,38,12,20,31.6,0,0,
P0447,11,AB,53,23,28,2,43.4,275,255,20,74,3,0,0,0,,0,0,0,0,53,23,28,43.4,0,0,
P0474,1,A,6,1,5,0,16.7,18,42,-24,4,1,0,0,0,,0,0,0,0,6,1,5,16.7,0,0,
P0239,5,A,23,15,8,0,65.2,137,93,44,46,5,0,0,0,,1,0,1,0,23,15,8,65.2,1,0,2006-s6
P0375,1,A,6,4,0,2,66.7,35,25,10,15,1,0,0,0,,0,0,0,0,6,4,0,66.7,0,0,
P0377,2,A,11,6,3,2,54.5,63,47,16,21,2,0,0,0,,0,0,0,0,11,6,3,54.5,0,0,
P0242,3,A,16,8,7,1,50.0,92,68,24,26,2,0,0,0,,0,0,0,0,16,8,7,50.0,0,0,
P0553,0,,0,0,0,0,,0,0,0,0,1,0,0,0,,0,0,0,0,0,0,0,,0,0,
P0295,0,,0,0,0,0,,0,0,0,0,1,0,0,0,,0,0,0,0,0,0,0,,0,0,
P0639,1,B,6,0,6,0,0.0,14,46,-32,1,0,0,0,0,,0,0,0,0,6,0,6,0.0,0,0,
P0519,1,B,6,4,2,0,66.7,40,20,20,13,2,0,0,0,,0,0,0,0,6,4,2,66.7,0,0,
P0518,1,B,6,2,3,1,33.3,27,33,-6,8,0,0,0,0,,0,0,0,0,6,2,3,33.3,0,0,
P0327,13,AB,71,40,21,10,56.3,423,287,136,132,9,0,0,0,,0,1,1,0,71,40,21,56.3,0,0,
P0467,4,B,21,8,13,0,38.1,84,126,-42,25,1,0,0,0,,0,0,0,0,21,8,13,38.1,0,0,
P0470,1,B,6,4,1,1,66.7,36,24,12,14,1,0,0,0,,0,0,0,0,6,4,1,66.7,0,0,
P0266,4,AB,18,5,7,6,27.8,80,100,-20,22,1,0,0,0,,0,1,1,0,18,5,7,27.8,0,0,
P0217,19,AB,101,50,40,11,49.5,546,464,82,164,15,0,0,0,,0,0,0,0,101,50,40,49.5,0,0,
P0323,1,B,6,0,3,3,0.0,17,43,-26,4,0,0,0,0,,0,0,0,0,6,0,3,0.0,0,0,
P0437,2,AB,12,6,5,1,50.0,62,58,4,21,2,0,0,0,,1,0,1,0,12,6,5,50.0,1,0,2006-s5
P0641,2,B,11,4,5,2,36.4,52,58,-6,15,0,0,0,0,,0,0,0,0,11,4,5,36.4,0,0,
P0350,1,B,6,3,2,1,50.0,35,25,10,11,1,0,0,0,,0,0,0,0,6,3,2,50.0,0,0,
P0537,2,B,12,0,12,0,0.0,25,95,-70,2,0,0,0,0,,0,0,0,0,12,0,12,0.0,0,0,
P0530,1,B,6,1,4,1,16.7,20,40,-20,5,0,0,0,0,,0,0,0,0,6,1,4,16.7,0,0,
P0163,1,B,6,4,1,1,66.7,36,24,12,14,1,0,0,0,,0,0,0,0,6,4,1,66.7,0,0,
P0580,1,B,6,2,0,4,33.3,37,23,14,11,1,0,0,0,,0,0,0,0,6,2,0,33.3,0,0,
P0475,2,AB,11,4,5,2,36.4,55,55,0,15,1,0,0,0,,0,0,0,0,11,4,5,36.4,0,0,
P0176,1,B,6,0,6,0,0.0,19,41,-22,1,0,0,0,0,,0,0,0,0,6,0,6,0.0,0,0,
P0249,1,B,6,2,1,3,33.3,34,26,8,10,1,0,0,0,,0,0,0,0,6,2,1,33.3,0,0,
P0361,2,AB,12,5,5,2,41.7,59,61,-2,19,1,0,0,0,,0,0,0,0,12,5,5,41.7,0,0,
P0499,3,B,14,4,9,1,28.6,55,85,-30,14,0,0,0,0,,0,0,0,0,14,4,9,28.6,0,0,
P0291,1,B,6,4,1,1,66.7,38,22,16,14,1,0,0,0,,0,0,0,0,6,4,1,66.7,0,0,
P0406,4,B,24,4,20,0,16.7,85,155,-70,14,0,0,0,0,,0,0,0,0,24,4,20,16.7,0,0,
P0223,10,AB,53,31,19,3,58.5,311,219,92,98,5,2,1,1,50.0,1,0,1,0,55,32,20,58.2,1,1,2007-s3
P0522,1,B,5,0,5,0,0.0,2,48,-46,0,0,0,0,0,,0,0,0,0,5,0,5,0.0,0,0,
P0346,1,B,5,0,5,0,0.0,6,44,-38,0,0,0,0,0,,0,0,0,0,5,0,5,0.0,0,0,
P0248,4,AB,16,12,4,0,75.0,96,64,32,37,2,0,0,0,,0,0,0,0,16,12,4,75.0,0,0,
P0205,11,AB,56,37,15,4,66.1,337,223,114,117,9,0,0,0,,0,0,0,0,56,37,15,66.1,0,0,
P0579,1,A,6,3,2,1,50.0,32,28,4,11,0,0,0,0,,0,0,0,0,6,3,2,50.0,0,0,
P0549,1,A,6,3,2,1,50.0,32,28,4,11,0,0,0,0,,0,0,0,0,6,3,2,50.0,0,0,
P0355,1,A,6,6,0,0,100.0,40,20,20,19,0,0,0,0,,0,0,0,0,6,6,0,100.0,0,0,
P0199,1,A,6,4,1,1,66.7,33,27,6,14,0,0,0,0,,0,0,0,0,6,4,1,66.7,0,0,
P0456,1,A,6,5,0,1,83.3,42,18,24,17,0,0,0,0,,0,0,0,0,6,5,0,83.3,0,0,
P0625,1,A,6,4,1,1,66.7,40,20,20,14,0,0,0,0,,0,0,0,0,6,4,1,66.7,0,0,
P0462,1,A,6,2,4,0,33.3,27,33,-6,7,0,0,0,0,,0,0,0,0,6,2,4,33.3,0,0,
P0182,8,A,41,24,12,5,58.5,212,195,17,77,7,20,13,7,65.0,0,1,1,2,61,37,19,60.7,0,4,
P0412,1,A,6,3,2,1,50.0,32,28,4,11,0,0,0,0,,0,0,0,0,6,3,2,50.0,0,0,
P0421,1,A,6,5,1,0,83.3,35,25,10,16,0,0,0,0,,0,0,0,0,6,5,1,83.3,0,0,
P0167,2,A,10,3,7,0,30.0,52,58,-6,13,0,0,0,0,,0,0,0,0,10,3,7,30.0,0,0,
P0640,1,A,5,1,3,1,20.0,21,29,-8,4,0,0,0,0,,0,0,0,0,5,1,3,20.0,0,0,
P0506,1,A,4,3,1,0,75.0,31,9,22,10,0,0,0,0,,0,0,0,0,4,3,1,75.0,0,0,
P0188,1,A,6,4,2,0,66.7,30,30,0,13,0,0,0,0,,0,0,0,0,6,4,2,66.7,0,0,
P0267,1,A,6,4,1,1,66.7,39,21,18,14,0,0,0,0,,0,0,0,0,6,4,1,66.7,0,0,
P0507,1,A,6,3,1,2,50.0,35,25,10,12,0,0,0,0,,0,0,0,0,6,3,1,50.0,0,0,
P0481,1,A,5,2,3,0,40.0,23,27,-4,7,0,0,0,0,,0,0,0,0,5,2,3,40.0,0,0,
P0225,1,A,6,4,2,0,66.7,29,31,-2,13,0,0,0,0,,0,0,0,0,6,4,2,66.7,0,0,
P0348,1,A,5,2,3,0,40.0,18,32,-14,6,0,0,0,0,,0,0,0,0,5,2,3,40.0,0,0,
P0189,1,A,6,5,1,0,83.3,33,27,6,16,0,0,0,0,,0,0,0,0,6,5,1,83.3,0,0,
P0482,1,A,6,6,0,0,100.0,49,11,38,19,0,0,0,0,,0,0,0,0,6,6,0,100.0,0,0,
P0540,1,A,6,3,3,0,50.0,31,29,2,10,0,0,0,0,,0,0,0,0,6,3,3,50.0,0,0,
P0643,1,A,6,3,2,1,50.0,29,31,-2,11,0,0,0,0,,0,0,0,0,6,3,2,50.0,0,0,
P0212,1,A,5,1,3,1,20.0,16,34,-18,4,0,0,0,0,,0,0,0,0,5,1,3,20.0,0,0,
P0251,1,A,5,2,1,2,40.0,27,23,4,8,0,0,0,0,,0,0,0,0,5,2,1,40.0,0,0,
P0594,1,A,6,0,5,1,0.0,19,41,-22,2,0,0,0,0,,0,0,0,0,6,0,5,0.0,0,0,
P0268,1,A,6,5,0,1,83.3,44,16,28,17,0,0,0,0,,0,0,0,0,6,5,0,83.3,0,0,
P0587,1,A,6,4,2,0,66.7,35,25,10,13,0,0,0,0,,0,0,0,0,6,4,2,66.7,0,0,
P0654,1,A,6,6,0,0,100.0,42,18,24,19,0,0,0,0,,0,0,0,0,6,6,0,100.0,0,0,
P0310,2,A,8,2,5,1,25.0,32,48,-16,8,0,0,0,0,,0,0,0,0,8,2,5,25.0,0,0,
P0202,1,A,6,3,3,0,50.0,35,25,10,10,0,0,0,0,,0,0,0,0,6,3,3,50.0,0,0,
P0177,1,A,6,4,2,0,66.7,36,24,12,13,0,0,0,0,,0,0,0,0,6,4,2,66.7,0,0,
P0305,1,A,6,3,2,1,50.0,32,28,4,11,0,0,0,0,,0,0,0,0,6,3,2,50.0,0,0,
P0277,1,A,6,2,3,1,33.3,28,32,-4,8,0,0,0,0,,0,0,0,0,6,2,3,33.3,0,0,
P0367,1,A,6,4,1,1,66.7,36,24,12,14,0,0,0,0,,0,0,0,0,6,4,1,66.7,0,0,
P0253,1,A,6,4,2,0,66.7,31,29,2,13,0,0,0,0,,0,0,0,0,6,4,2,66.7,0,0,
P0403,1,A,6,1,4,1,16.7,22,38,-16,5,0,0,0,0,,0,0,0,0,6,1,4,16.7,0,0,
P0417,1,A,5,3,2,0,60.0,29,21,8,10,0,0,0,0,,0,0,0,0,5,3,2,60.0,0,0,
P0246,2,A,11,5,4,2,45.5,60,50,10,18,0,0,0,0,,0,0,0,0,11,5,4,45.5,0,0,
P0516,1,A,5,1,3,1,20.0,19,31,-12,4,0,0,0,0,,0,0,0,0,5,1,3,20.0,0,0,
P0395,1,A,6,4,1,1,66.7,36,24,12,14,0,0,0,0,,0,0,0,0,6,4,1,66.7,0,0,
P0624,1,A,6,3,3,0,50.0,31,29,2,10,0,0,0,0,,0,0,0,0,6,3,3,50.0,0,0,
P0216,2,A,10,4,6,0,40.0,52,48,4,14,1,0,0,0,,0,0,0,0,10,4,6,40.0,0,0,
P0320,1,A,5,2,3,0,40.0,23,27,-4,6,0,0,0,0,,0,0,0,0,5,2,3,40.0,0,0,
P0384,1,A,6,5,1,0,83.3,41,19,22,16,0,0,0,0,,0,0,0,0,6,5,1,83.3,0,0,
P0254,1,A,6,5,0,1,83.3,44,16,28,17,0,0,0,0,,0,0,0,0,6,5,0,83.3,0,0,
P0207,1,A,6,4,2,0,66.7,30,30,0,13,0,0,0,0,,0,0,0,0,6,4,2,66.7,0,0,
P0269,1,A,5,1,4,0,20.0,21,29,-8,3,0,0,0,0,,0,0,0,0,5,1,4,20.0,0,0,
P0391,1,A,6,5,1,0,83.3,37,23,14,16,0,0,0,0,,0,0,0,0,6,5,1,83.3,0,0,
P0473,0,,0,0,0,0,,0,0,0,0,1,0,0,0,,0,0,0,0,0,0,0,,0,0,
P0600,0,,0,0,0,0,,0,0,0,0,1,0,0,0,,0,0,0,0,0,0,0,,0,0,
P0422,6,A,30,19,8,3,63.3,171,129,42,61,5,0,0,0,,0,0,0,0,30,19,8,63.3,0,0,
P0270,4,A,18,13,4,1,72.2,109,71,38,41,4,0,0,0,,0,1,1,0,18,13,4,72.2,0,0,
P0485,5,AB,27,10,16,1,37.0,127,143,-16,31,3,0,0,0,,0,0,0,0,27,10,16,37.0,0,0,
P0368,11,A,47,29,15,3,61.7,278,188,90,90,10,23,17,6,73.9,1,0,1,3,70,46,21,65.7,1,5,2012-s4
P0162,0,,0,0,0,0,,0,0,0,0,1,0,0,0,,0,0,0,0,0,0,0,,0,0,
P0523,0,,0,0,0,0,,0,0,0,0,1,0,0,0,,0,0,0,0,0,0,0,,0,0,
P0215,1,A,4,2,1,1,50.0,22,18,4,7,1,0,0,0,,0,0,0,0,4,2,1,50.0,0,0,
P0365,0,,0,0,0,0,,0,0,0,0,1,0,0,0,,0,0,0,0,0,0,0,,0,0,
P0552,0,,0,0,0,0,,0,0,0,0,1,0,0,0,,0,0,0,0,0,0,0,,0,0,
P0477,0,,0,0,0,0,,0,0,0,0,1,0,0,0,,0,0,0,0,0,0,0,,0,0,
P0612,0,,0,0,0,0,,0,0,0,0,1,0,0,0,,0,0,0,0,0,0,0,,0,0,
P0306,0,,0,0,0,0,,0,0,0,0,1,0,0,0,,0,0,0,0,0,0,0,,0,0,
P0413,1,B,5,1,4,0,20.0,21,29,-8,3,0,0,0,0,,0,0,0,0,5,1,4,20.0,0,0,
P0471,1,B,6,3,3,0,50.0,23,37,-14,10,0,0,0,0,,0,0,0,0,6,3,3,50.0,0,0,
P0573,1,B,6,4,2,0,66.7,39,21,18,13,0,0,0,0,,0,0,0,0,6,4,2,66.7,0,0,
P0292,1,B,6,6,0,0,100.0,44,16,28,19,0,0,0,0,,0,0,0,0,6,6,0,100.0,0,0,
P0312,1,B,6,2,4,0,33.3,27,33,-6,7,0,0,0,0,,0,0,0,0,6,2,4,33.3,0,0,
P0326,2,B,10,4,6,0,40.0,48,52,-4,13,0,0,0,0,,0,0,0,0,10,4,6,40.0,0,0,
P0606,1,B,6,4,2,0,66.7,37,23,14,13,0,0,0,0,,0,0,0,0,6,4,2,66.7,0,0,
P0526,1,B,6,6,0,0,100.0,47,13,34,19,0,0,0,0,,0,0,0,0,6,6,0,100.0,0,0,
P0539,1,B,6,3,2,1,50.0,34,26,8,11,0,0,0,0,,0,0,0,0,6,3,2,50.0,0,0,
P0567,1,B,6,3,3,0,50.0,30,30,0,10,0,0,0,0,,0,0,0,0,6,3,3,50.0,0,0,
P0432,1,B,6,1,5,0,16.7,21,39,-18,4,0,0,0,0,,0,0,0,0,6,1,5,16.7,0,0,
P0438,2,B,10,1,5,4,10.0,39,61,-22,8,0,0,0,0,,0,0,0,0,10,1,5,10.0,0,0,
P0343,1,B,6,1,4,1,16.7,23,37,-14,5,0,0,0,0,,0,0,0,0,6,1,4,16.7,0,0,
P0496,1,B,6,3,1,2,50.0,35,25,10,12,0,0,0,0,,0,0,0,0,6,3,1,50.0,0,0,
P0370,1,B,6,3,0,3,50.0,38,22,16,13,0,0,0,0,,0,0,0,0,6,3,0,50.0,0,0,
P0345,1,B,6,5,0,1,83.3,40,20,20,17,0,0,0,0,,0,0,0,0,6,5,0,83.3,0,0,
P0405,1,B,6,2,1,3,33.3,34,26,8,10,0,0,0,0,,0,0,0,0,6,2,1,33.3,0,0,
P0563,1,B,5,0,5,0,0.0,14,36,-22,0,0,0,0,0,,0,0,0,0,5,0,5,0.0,0,0,
P0647,1,B,6,4,1,1,66.7,36,24,12,14,0,0,0,0,,0,0,0,0,6,4,1,66.7,0,0,
P0439,1,B,6,5,0,1,83.3,39,21,18,17,0,0,0,0,,0,0,0,0,6,5,0,83.3,0,0,
P0369,1,B,6,3,2,1,50.0,36,24,12,11,0,0,0,0,,0,0,0,0,6,3,2,50.0,0,0,
P0193,1,B,6,3,2,1,50.0,33,27,6,11,0,0,0,0,,0,0,0,0,6,3,2,50.0,0,0,
P0453,3,B,16,6,9,1,37.5,76,84,-8,20,0,0,0,0,,0,0,0,0,16,6,9,37.5,0,0,
P0191,1,B,6,4,0,2,66.7,42,18,24,15,0,0,0,0,,0,0,0,0,6,4,0,66.7,0,0,
P0298,1,B,6,3,2,1,50.0,29,31,-2,11,0,0,0,0,,0,0,0,0,6,3,2,50.0,0,0,
P0373,1,B,6,2,2,2,33.3,32,28,4,9,0,0,0,0,,0,0,0,0,6,2,2,33.3,0,0,
P0435,1,B,6,3,0,3,50.0,36,24,12,13,0,0,0,0,,0,0,0,0,6,3,0,50.0,0,0,
P0229,1,B,6,2,3,1,33.3,29,31,-2,8,0,0,0,0,,0,0,0,0,6,2,3,33.3,0,0,
P0536,1,B,6,2,3,1,33.3,26,34,-8,8,0,0,0,0,,0,0,0,0,6,2,3,33.3,0,0,
P0448,1,,0,0,0,0,,0,0,0,0,1,0,0,0,,0,1,1,0,0,0,0,,0,0,
P0574,0,,0,0,0,0,,0,0,0,0,1,0,0,0,,0,0,0,0,0,0,0,,0,0,
P0371,2,AB,6,6,0,0,100.0,44,16,28,19,2,0,0,0,,0,0,0,0,6,6,0,100.0,0,0,
P0576,0,,0,0,0,0,,0,0,0,0,1,0,0,0,,0,0,0,0,0,0,0,,0,0,
P0597,0,,0,0,0,0,,0,0,0,0,1,0,0,0,,0,0,0,0,0,0,0,,0,0,
P0464,10,A,32,6,25,1,18.8,111,216,-105,19,3,3,1,2,33.3,0,0,0,0,35,7,27,20.0,0,1,
P0520,0,,0,0,0,0,,0,0,0,0,1,0,0,0,,0,0,0,0,0,0,0,,0,0,
P0652,0,,0,0,0,0,,0,0,0,0,1,0,0,0,,0,0,0,0,0,0,0,,0,0,
P0299,0,,0,0,0,0,,0,0,0,0,1,0,0,0,,0,0,0,0,0,0,0,,0,0,
P0648,2,B,12,2,10,0,16.7,40,80,-40,6,1,0,0,0,,0,0,0,0,12,2,10,16.7,0,0,
P0449,0,,0,0,0,0,,0,0,0,0,1,0,0,0,,0,0,0,0,0,0,0,,0,0,
P0644,1,A,5,1,3,1,20.0,20,30,-10,4,0,0,0,0,,0,0,0,0,5,1,3,20.0,0,0,
P0184,3,A,13,7,2,4,53.8,73,57,16,26,1,0,0,0,,0,0,0,0,13,7,2,53.8,0,0,
P0356,1,A,6,2,2,2,33.3,26,34,-8,9,0,0,0,0,,0,0,0,0,6,2,2,33.3,0,0,
P0278,1,A,6,4,2,0,66.7,41,19,22,13,1,0,0,0,,0,0,0,0,6,4,2,66.7,0,0,
P0321,8,A,39,28,7,4,71.8,244,146,98,89,5,0,0,0,,0,1,1,0,39,28,7,71.8,0,0,
P0501,2,A,9,3,4,2,33.3,42,48,-6,11,1,0,0,0,,0,0,0,0,9,3,4,33.3,0,0,
P0213,1,A,6,4,2,0,66.7,35,25,10,13,1,0,0,0,,0,0,0,0,6,4,2,66.7,0,0,
P0630,1,A,6,0,6,0,0.0,6,54,-48,0,0,0,0,0,,0,0,0,0,6,0,6,0.0,0,0,
P0293,1,A,6,2,4,0,33.3,24,36,-12,7,0,0,0,0,,0,0,0,0,6,2,4,33.3,0,0,
P0178,1,A,6,1,5,0,16.7,15,45,-30,3,0,0,0,0,,0,0,0,0,6,1,5,16.7,0,0,
P0294,2,A,10,3,6,1,30.0,53,47,6,11,0,0,0,0,,0,0,0,0,10,3,6,30.0,0,0,
P0204,1,A,6,4,2,0,66.7,37,23,14,13,1,0,0,0,,0,0,0,0,6,4,2,66.7,0,0,
P0385,3,A,18,12,3,3,66.7,112,68,44,40,3,0,0,0,,0,0,0,0,18,12,3,66.7,0,0,
P0512,7,A,40,34,3,3,85.0,279,121,158,106,6,0,0,0,,0,1,1,0,40,34,3,85.0,0,0,
P0340,4,AB,22,5,16,1,22.7,69,152,-83,17,0,0,0,0,,0,0,0,0,22,5,16,22.7,0,0,
P0588,2,A,11,2,8,1,18.2,50,60,-10,7,0,0,0,0,,0,0,0,0,11,2,8,18.2,0,0,
P0533,1,A,5,3,2,0,60.0,26,24,2,9,0,0,0,0,,0,0,0,0,5,3,2,60.0,0,0,
P0342,1,A,5,2,3,0,40.0,20,30,-10,6,0,0,0,0,,0,0,0,0,5,2,3,40.0,0,0,
P0404,7,AB,40,18,21,1,45.0,187,213,-26,55,2,0,0,0,,0,0,0,0,40,18,21,45.0,0,0,
P0234,1,A,3,0,3,0,0.0,11,19,-8,0,0,0,0,0,,0,0,0,0,3,0,3,0.0,0,0,
P0195,1,A,5,1,4,0,20.0,14,36,-22,3,0,0,0,0,,0,0,0,0,5,1,4,20.0,0,0,
P0627,1,A,5,1,4,0,20.0,18,32,-14,3,0,0,0,0,,0,0,0,0,5,1,4,20.0,0,0,
P0615,1,A,1,1,0,0,100.0,8,2,6,3,0,0,0,0,,0,0,0,0,1,1,0,100.0,0,0,
P0363,12,A,62,35,21,6,56.5,340,280,60,112,8,0,0,0,,0,0,0,0,62,35,21,56.5,0,0,
P0581,1,A,6,3,3,0,50.0,34,26,8,10,1,0,0,0,,0,0,0,0,6,3,3,50.0,0,0,
P0235,2,A,11,9,2,0,81.8,75,35,40,28,1,0,0,0,,0,0,0,0,11,9,2,81.8,0,0,
P0192,1,A,6,2,4,0,33.3,16,44,-28,6,0,0,0,0,,0,0,0,0,6,2,4,33.3,0,0,
P0497,1,A,5,2,3,0,40.0,24,26,-2,6,0,0,0,0,,0,0,0,0,5,2,3,40.0,0,0,
P0621,1,A,3,2,0,1,66.7,21,9,12,7,0,0,0,0,,0,0,0,0,3,2,0,66.7,0,0,
P0380,2,AB,8,4,4,0,50.0,40,40,0,13,1,0,0,0,,0,0,0,0,8,4,4,50.0,0,0,
P0463,1,A,6,0,6,0,0.0,0,0,0,0,0,0,0,0,,0,0,0,0,6,0,6,0.0,0,0,
P0541,4,A,21,9,10,2,42.9,105,115,-10,29,1,0,0,0,,0,0,0,0,21,9,10,42.9,0,0,
P0418,2,A,11,3,8,0,27.3,43,67,-24,9,0,0,0,0,,0,0,0,0,11,3,8,27.3,0,0,
P0509,1,A,6,0,6,0,0.0,0,0,0,0,0,0,0,0,,0,0,0,0,6,0,6,0.0,0,0,
P0409,1,A,6,4,1,1,66.7,37,23,14,14,1,0,0,0,,0,0,0,0,6,4,1,66.7,0,0,
P0508,2,AB,12,3,9,0,25.0,50,70,-20,10,0,0,0,0,,0,0,0,0,12,3,9,25.0,0,0,
P0561,0,,0,0,0,0,,0,0,0,0,1,0,0,0,,0,0,0,0,0,0,0,,0,0,
P0307,2,B,12,9,3,0,75.0,67,53,14,28,2,0,0,0,,0,0,0,0,12,9,3,75.0,0,0,
P0604,1,B,5,0,5,0,0.0,13,37,-24,0,0,0,0,0,,0,0,0,0,5,0,5,0.0,0,0,
P0591,3,B,13,9,4,0,69.2,85,45,40,28,2,0,0,0,,0,0,0,0,13,9,4,69.2,0,0,
P0313,1,B,6,3,3,0,50.0,34,26,8,10,0,0,0,0,,0,0,0,0,6,3,3,50.0,0,0,
P0441,4,B,24,7,12,5,29.2,117,123,-6,27,1,0,0,0,,0,0,0,0,24,7,12,29.2,0,0,
P0304,1,B,6,0,6,0,0.0,9,51,-42,0,0,0,0,0,,0,0,0,0,6,0,6,0.0,0,0,
P0219,1,B,6,3,2,1,50.0,32,28,4,11,1,0,0,0,,0,0,0,0,6,3,2,50.0,0,0,
P0159,1,B,6,4,1,1,66.7,35,25,10,14,1,0,0,0,,0,0,0,0,6,4,1,66.7,0,0,
P0484,6,AB,29,17,9,3,58.6,161,129,32,55,4,0,0,0,,0,2,2,0,29,17,9,58.6,0,0,
P0408,1,B,6,2,4,0,33.3,24,36,-12,7,0,0,0,0,,0,0,0,0,6,2,4,33.3,0,0,
P0230,1,B,6,3,3,0,50.0,34,26,8,10,0,0,0,0,,0,0,0,0,6,3,3,50.0,0,0,
P0414,1,B,6,0,6,0,0.0,3,57,-54,0,0,0,0,0,,0,0,0,0,6,0,6,0.0,0,0,
P0203,1,B,6,1,5,0,16.7,22,38,-16,4,0,0,0,0,,0,0,0,0,6,1,5,16.7,0,0,
P0296,7,AB,41,28,9,4,68.3,253,147,106,89,7,0,0,0,,0,2,2,0,41,28,9,68.3,0,0,
P0538,1,B,6,3,3,0,50.0,24,36,-12,10,1,0,0,0,,0,0,0,0,6,3,3,50.0,0,0,
P0498,1,B,6,2,3,1,33.3,25,35,-10,8,0,0,0,0,,0,0,0,0,6,2,3,33.3,0,0,
P0550,1,B,6,5,0,1,83.3,48,12,36,16,1,0,0,0,,0,0,0,0,6,5,0,83.3,0,0,
P0626,1,B,4,1,3,0,25.0,15,25,-10,3,0,0,0,0,,0,0,0,0,4,1,3,25.0,0,0,
P0452,2,B,12,5,4,3,41.7,63,57,6,19,1,0,0,0,,0,0,0,0,12,5,4,41.7,0,0,
P0241,3,B,16,6,9,1,37.5,77,83,-6,20,3,0,0,0,,0,0,0,0,16,6,9,37.5,0,0,
P0396,1,B,6,0,6,0,0.0,2,58,-56,0,0,0,0,0,,0,0,0,0,6,0,6,0.0,0,0,
P0344,12,AB,66,34,29,3,51.5,340,320,20,105,8,0,0,0,,0,0,0,0,66,34,29,51.5,0,0,
P0339,1,B,5,2,3,0,40.0,26,24,2,6,0,0,0,0,,0,0,0,0,5,2,3,40.0,0,0,
P0424,1,B,2,2,0,0,100.0,18,2,16,6,0,0,0,0,,0,0,0,0,2,2,0,100.0,0,0,
P0465,2,B,12,5,5,2,41.7,61,59,2,18,1,0,0,0,,0,0,0,0,12,5,5,41.7,0,0,
P0222,1,B,6,0,5,1,0.0,17,43,-26,2,0,0,0,0,,0,0,0,0,6,0,5,0.0,0,0,
P0544,2,B,12,5,4,3,41.7,61,59,2,19,1,0,0,0,,0,0,0,0,12,5,4,41.7,0,0,
P0273,6,AB,30,15,14,1,50.0,157,143,14,47,2,0,0,0,,0,0,0,0,30,15,14,50.0,0,0,
P0284,1,B,5,1,4,0,20.0,17,33,-16,3,0,0,0,0,,0,0,0,0,5,1,4,20.0,0,0,
P0302,1,B,6,5,1,0,83.3,40,20,20,16,1,0,0,0,,1,0,1,0,6,5,1,83.3,1,0,2006-s7
P0190,1,B,3,0,3,0,0.0,1,29,-28,0,0,0,0,0,,0,0,0,0,3,0,3,0.0,0,0,
P0315,9,AB,53,32,16,5,60.4,301,229,72,101,6,0,0,0,,0,0,0,0,53,32,16,60.4,0,0,
P0240,4,AB,24,12,12,0,50.0,121,119,2,37,1,0,0,0,,0,0,0,0,24,12,12,50.0,0,0,
P0301,0,,0,0,0,0,,0,0,0,0,1,0,0,0,,0,0,0,0,0,0,0,,0,0,
P0605,0,,0,0,0,0,,0,0,0,0,1,0,0,0,,0,0,0,0,0,0,0,,0,0,
P0433,0,,0,0,0,0,,0,0,0,0,1,0,0,0,,0,0,0,0,0,0,0,,0,0,
P0442,0,,0,0,0,0,,0,0,0,0,1,0,0,0,,0,0,0,0,0,0,0,,0,0,
P0608,0,,0,0,0,0,,0,0,0,0,1,0,0,0,,0,0,0,0,0,0,0,,0,0,
P0776,1,A,6,3,3,0,50.0,25,35,-10,9,0,0,0,0,,0,0,0,0,6,3,3,50.0,0,0,
P0808,1,A,6,4,1,1,66.7,39,21,18,13,1,0,0,0,,0,0,0,0,6,4,1,66.7,0,0,
P0863,2,A,11,4,7,0,36.4,48,62,-14,12,1,0,0,0,,0,0,0,0,11,4,7,36.4,0,0,
P0655,5,A,30,12,12,6,40.0,153,147,6,42,2,0,0,0,,0,0,0,0,30,12,12,40.0,0,0,
P0710,1,A,4,1,1,2,25.0,16,24,-8,5,0,0,0,0,,0,0,0,0,4,1,1,25.0,0,0,
P0925,1,A,5,1,2,2,20.0,20,30,-10,5,0,0,0,0,,0,0,0,0,5,1,2,20.0,0,0,
P0697,4,A,20,13,6,1,65.0,118,82,36,40,4,0,0,0,,0,0,0,0,20,13,6,65.0,0,0,
P0659,3,A,18,6,10,2,33.3,79,101,-22,20,2,0,0,0,,0,0,0,0,18,6,10,33.3,0,0,
P0812,3,A,18,10,6,2,55.6,100,80,20,32,3,0,0,0,,0,0,0,0,18,10,6,55.6,0,0,
P0800,1,A,6,2,4,0,33.3,27,33,-6,6,0,0,0,0,,0,0,0,0,6,2,4,33.3,0,0,
P0939,1,A,6,4,1,1,66.7,37,23,14,13,1,0,0,0,,0,0,0,0,6,4,1,66.7,0,0,
P0788,1,A,6,2,4,0,33.3,26,34,-8,6,0,0,0,0,,0,0,0,0,6,2,4,33.3,0,0,
P0666,1,A,6,1,5,0,16.7,27,33,-6,3,0,0,0,0,,0,0,0,0,6,1,5,16.7,0,0,
P0717,2,A,12,5,7,0,41.7,52,68,-16,15,1,0,0,0,,0,0,0,0,12,5,7,41.7,0,0,
P0682,1,A,6,3,3,0,50.0,30,30,0,9,0,0,0,0,,0,0,0,0,6,3,3,50.0,0,0,
P0853,4,A,22,16,4,2,72.7,144,76,68,50,4,0,0,0,,0,1,1,0,22,16,4,72.7,0,0,
P0897,6,A,36,20,11,5,55.6,188,172,16,65,5,0,0,0,,0,0,0,0,36,20,11,55.6,0,0,
P0878,1,A,6,1,4,1,16.7,20,40,-20,4,0,0,0,0,,0,0,0,0,6,1,4,16.7,0,0,
P0770,1,B,6,2,4,0,33.3,24,36,-12,6,0,0,0,0,,0,0,0,0,6,2,4,33.3,0,0,
P0809,1,B,6,4,2,0,66.7,36,24,12,12,1,0,0,0,,0,0,0,0,6,4,2,66.7,0,0,
P0938,3,B,17,10,4,3,58.8,105,65,40,33,2,0,0,0,,0,0,0,0,17,10,4,58.8,0,0,
P0917,3,AB,16,5,10,1,31.2,73,87,-14,16,1,0,0,0,,0,0,0,0,16,5,10,31.2,0,0,
P0693,1,B,6,3,1,2,50.0,35,25,10,11,1,0,0,0,,0,0,0,0,6,3,1,50.0,0,0,
P0821,1,B,5,3,2,0,60.0,28,22,6,9,0,0,0,0,,0,0,0,0,5,3,2,60.0,0,0,
P0766,2,B,11,1,10,0,9.1,26,85,-59,3,0,0,0,0,,0,0,0,0,11,1,10,9.1,0,0,
P0698,1,B,6,2,3,1,33.3,29,31,-2,7,0,0,0,0,,0,0,0,0,6,2,3,33.3,0,0,
P0876,1,B,6,5,1,0,83.3,38,22,16,15,1,0,0,0,,0,0,0,0,6,5,1,83.3,0,0,
P0695,1,B,6,4,1,1,66.7,36,24,12,13,1,0,0,0,,0,0,0,0,6,4,1,66.7,0,0,
P0872,1,B,6,3,3,0,50.0,34,26,8,9,1,0,0,0,,0,1,1,0,6,3,3,50.0,0,0,
P0887,1,B,4,3,1,0,75.0,24,16,8,9,1,0,0,0,,0,0,0,0,4,3,1,75.0,0,0,
P0842,4,B,18,7,10,1,38.9,92,88,4,22,2,0,0,0,,0,0,0,0,18,7,10,38.9,0,0,
P0665,1,B,6,3,3,0,50.0,26,34,-8,9,0,0,0,0,,0,0,0,0,6,3,3,50.0,0,0,
P0663,1,B,6,2,3,1,33.3,22,38,-16,7,0,0,0,0,,0,0,0,0,6,2,3,33.3,0,0,
P0795,1,B,6,3,3,0,50.0,34,26,8,9,0,0,0,0,,0,0,0,0,6,3,3,50.0,0,0,
P0731,1,B,6,4,2,0,66.7,34,26,8,12,0,0,0,0,,0,0,0,0,6,4,2,66.7,0,0,
P0673,1,B,6,1,5,0,16.7,17,43,-26,3,0,0,0,0,,0,0,0,0,6,1,5,16.7,0,0,
P0813,1,B,6,4,2,0,66.7,39,21,18,12,1,0,0,0,,0,0,0,0,6,4,2,66.7,0,0,
P0835,2,B,12,2,8,2,16.7,52,68,-16,9,0,0,0,0,,0,0,0,0,12,2,8,16.7,0,0,
P0913,2,B,12,5,4,3,41.7,69,51,18,18,1,0,0,0,,1,0,1,0,12,5,4,41.7,1,0,2007-s1
P0683,1,B,6,0,5,1,0.0,10,50,-40,1,0,0,0,0,,0,0,0,0,6,0,5,0.0,0,0,
P0819,3,AB,18,9,8,1,50.0,104,76,28,28,1,0,0,0,,0,0,0,0,18,9,8,50.0,0,0,
P0822,3,B,11,2,8,1,18.2,29,81,-52,7,0,0,0,0,,0,0,0,0,11,2,8,18.2,0,0,
P0831,1,B,3,3,0,0,100.0,19,11,8,9,0,0,0,0,,0,0,0,0,3,3,0,100.0,0,0,
P0914,1,B,2,1,1,0,50.0,10,10,0,3,0,0,0,0,,0,0,0,0,2,1,1,50.0,0,0,
P0741,1,B,6,1,1,4,16.7,30,30,0,7,0,0,0,0,,0,0,0,0,6,1,1,16.7,0,0,
P0771,2,B,12,5,6,1,41.7,59,61,-2,16,1,0,0,0,,0,0,0,0,12,5,6,41.7,0,0,
P0932,1,B,5,2,1,2,40.0,25,25,0,8,0,0,0,0,,0,0,0,0,5,2,1,40.0,0,0,
P0772,25,AB,125,56,57,12,44.8,636,612,24,180,14,15,8,7,53.3,0,0,0,2,140,64,64,45.7,0,3,
P0667,1,B,6,1,5,0,16.7,18,42,-24,3,0,0,0,0,,0,0,0,0,6,1,5,16.7,0,0,
P0763,1,B,6,4,2,0,66.7,33,27,6,12,0,0,0,0,,0,0,0,0,6,4,2,66.7,0,0,
P0862,1,B,6,4,2,0,66.7,37,23,14,12,1,0,0,0,,0,0,0,0,6,4,2,66.7,0,0,
P0742,1,B,6,2,4,0,33.3,26,34,-8,6,0,0,0,0,,0,0,0,0,6,2,4,33.3,0,0,
P0920,1,A,5,4,1,0,80.0,30,20,10,12,1,0,0,0,,0,0,0,0,5,4,1,80.0,0,0,
P0843,1,A,6,2,3,1,33.3,30,30,0,7,0,0,0,0,,0,0,0,0,6,2,3,33.3,0,0,
P0905,1,A,6,2,2,2,33.3,25,35,-10,8,0,0,0,0,,0,0,0,0,6,2,2,33.3,0,0,
P0902,3,AB,17,9,6,2,52.9,100,70,30,29,2,0,0,0,,0,0,0,0,17,9,6,52.9,0,0,
P0856,1,A,3,0,2,1,0.0,9,21,-12,1,0,0,0,0,,0,0,0,0,3,0,2,0.0,0,0,
P0877,3,A,12,2,9,1,16.7,49,71,-22,7,0,0,0,0,,0,0,0,0,12,2,9,16.7,0,0,
P0931,1,A,6,2,4,0,33.3,28,32,-4,6,0,0,0,0,,0,0,0,0,6,2,4,33.3,0,0,
P0777,1,A,6,3,3,0,50.0,34,26,8,9,0,0,0,0,,0,0,0,0,6,3,3,50.0,0,0,
P0874,2,A,12,10,1,1,83.3,83,37,46,31,2,0,0,0,,0,0,0,0,12,10,1,83.3,0,0,
P0769,1,A,6,4,1,1,66.7,35,25,10,13,1,0,0,0,,0,0,0,0,6,4,1,66.7,0,0,
P0725,1,A,6,1,5,0,16.7,24,36,-12,3,0,0,0,0,,0,0,0,0,6,1,5,16.7,0,0,
P0806,1,A,6,0,6,0,0.0,18,42,-24,0,0,0,0,0,,0,0,0,0,6,0,6,0.0,0,0,
P0839,1,A,6,3,3,0,50.0,30,30,0,9,0,0,0,0,,0,0,0,0,6,3,3,50.0,0,0,
P0847,7,A,40,31,4,5,77.5,272,128,144,98,8,0,0,0,,0,1,1,0,40,31,4,77.5,0,0,
P0798,1,B,6,4,1,1,66.7,34,26,8,13,1,0,0,0,,0,0,0,0,6,4,1,66.7,0,0,
P0699,1,B,6,2,4,0,33.3,24,36,-12,6,0,0,0,0,,0,0,0,0,6,2,4,33.3,0,0,
P0688,1,B,6,3,3,0,50.0,36,24,12,9,1,0,0,0,,0,0,0,0,6,3,3,50.0,0,0,
P0743,1,B,5,0,5,0,0.0,12,38,-26,0,0,0,0,0,,0,0,0,0,5,0,5,0.0,0,0,
P0789,2,B,10,0,9,1,0.0,37,63,-26,1,0,0,0,0,,0,0,0,0,10,0,9,0.0,0,0,
P0823,1,B,6,5,1,0,83.3,39,21,18,15,1,0,0,0,,0,0,0,0,6,5,1,83.3,0,0,
P0814,2,B,11,3,7,1,27.3,49,61,-12,10,0,0,0,0,,0,0,0,0,11,3,7,27.3,0,0,
P0700,1,B,5,2,1,2,40.0,30,20,10,8,0,0,0,0,,0,0,0,0,5,2,1,40.0,0,0,
P0908,2,B,10,2,8,0,20.0,31,69,-38,6,0,0,0,0,,0,0,0,0,10,2,8,20.0,0,0,
P0668,1,B,6,0,6,0,0.0,15,45,-30,0,0,0,0,0,,0,0,0,0,6,0,6,0.0,0,0,
P0701,1,B,6,5,1,0,83.3,35,25,10,15,1,0,0,0,,0,0,0,0,6,5,1,83.3,0,0,
P0680,2,B,12,9,2,1,75.0,76,44,32,28,2,0,0,0,,0,0,0,0,12,9,2,75.0,0,0,
P0750,2,AB,12,5,6,1,41.7,61,59,2,16,1,0,0,0,,0,0,0,0,12,5,6,41.7,0,0,
P0864,2,B,10,4,6,0,40.0,38,62,-24,12,1,0,0,0,,0,0,0,0,10,4,6,40.0,0,0,
P0868,1,B,6,2,3,1,33.3,25,35,-10,7,0,0,0,0,,0,0,0,0,6,2,3,33.3,0,0,
P0805,2,B,12,6,5,1,50.0,58,62,-4,19,1,0,0,0,,0,0,0,0,12,6,5,50.0,0,0,
P0848,3,B,16,6,9,1,37.5,72,78,-6,19,0,0,0,0,,0,0,0,0,16,6,9,37.5,0,0,
P0824,1,B,6,3,2,1,50.0,31,29,2,10,1,0,0,0,,0,0,0,0,6,3,2,50.0,0,0,
P0885,2,AB,10,5,4,1,50.0,46,54,-8,16,1,0,0,0,,0,0,0,0,10,5,4,50.0,0,0,
P0685,5,B,27,11,10,6,40.7,135,135,0,39,3,0,0,0,,0,0,0,0,27,11,10,40.7,0,0,
P0756,0,,0,0,0,0,,0,0,0,0,1,0,0,0,,0,0,0,0,0,0,0,,0,0,
P0907,6,AB,34,21,11,2,61.8,187,153,34,65,5,0,0,0,,0,0,0,0,34,21,11,61.8,0,0,
P0729,2,AB,12,4,6,2,33.3,56,64,-8,14,0,0,0,0,,0,0,0,0,12,4,6,33.3,0,0,
P0662,5,A,18,7,9,2,38.9,79,101,-22,23,0,0,0,0,,0,0,0,0,18,7,9,38.9,0,0,
P0767,1,A,5,4,1,0,80.0,33,17,16,12,1,0,0,0,,0,0,0,0,5,4,1,80.0,0,0,
P0844,1,A,5,1,3,1,20.0,15,35,-20,4,0,0,0,0,,0,0,0,0,5,1,3,20.0,0,0,
P0753,4,A,21,10,8,3,47.6,107,103,4,33,3,0,0,0,,0,0,0,0,21,10,8,47.6,0,0,
P0825,1,A,4,1,3,0,25.0,10,30,-20,3,0,0,0,0,,0,0,0,0,4,1,3,25.0,0,0,
P0702,3,A,18,13,1,4,72.2,129,51,78,43,3,0,0,0,,1,0,1,0,18,13,1,72.2,1,0,2007-s3
P0732,4,A,18,4,12,2,22.2,64,116,-52,14,0,0,0,0,,0,0,0,0,18,4,12,22.2,0,0,
P0857,1,A,6,4,1,1,66.7,37,23,14,13,1,0,0,0,,0,0,0,0,6,4,1,66.7,0,0,
P0703,1,A,6,3,3,0,50.0,34,26,8,9,1,0,0,0,,0,0,0,0,6,3,3,50.0,0,0,
P0826,1,A,6,2,2,2,33.3,32,28,4,8,0,0,0,0,,0,0,0,0,6,2,2,33.3,0,0,
P0718,4,AB,20,2,16,2,10.0,64,136,-72,8,0,0,0,0,,0,0,0,0,20,2,16,10.0,0,0,
P0778,1,A,3,1,2,0,33.3,14,16,-2,3,0,0,0,0,,0,0,0,0,3,1,2,33.3,0,0,
P0704,1,A,6,0,6,0,0.0,14,46,-32,0,0,0,0,0,,0,0,0,0,6,0,6,0.0,0,0,
P0694,3,A,18,4,14,0,22.2,72,108,-36,12,0,0,0,0,,0,0,0,0,18,4,14,22.2,0,0,
P0934,1,A,6,2,4,0,33.3,27,33,-6,6,0,0,0,0,,0,0,0,0,6,2,4,33.3,0,0,
P0921,5,A,20,16,3,1,80.0,134,66,68,49,3,0,0,0,,0,0,0,0,20,16,3,80.0,0,0,
P0757,3,A,17,9,7,1,52.9,92,78,14,28,2,0,0,0,,0,0,0,0,17,9,7,52.9,0,0,
P0754,8,A,39,20,16,3,51.3,207,181,26,63,4,2,1,1,50.0,0,0,0,0,41,21,17,51.2,0,1,
P0807,1,A,3,1,1,1,33.3,12,18,-6,4,0,0,0,0,,0,0,0,0,3,1,1,33.3,0,0,
P0724,3,A,17,12,4,1,70.6,112,58,54,37,4,0,0,0,,0,0,0,0,17,12,4,70.6,0,0,
P0945,0,,0,0,0,0,,0,0,0,0,1,0,0,0,,0,0,0,0,0,0,0,,0,0,
P0764,9,AB,49,25,19,5,51.0,266,224,42,80,8,0,0,0,,0,1,1,0,49,25,19,51.0,0,0,
P0836,1,B,6,0,4,2,0.0,23,37,-14,2,0,0,0,0,,0,0,0,0,6,0,4,0.0,0,0,
P0796,2,B,11,7,1,3,63.6,78,32,46,24,2,0,0,0,,0,0,0,0,11,7,1,63.6,0,0,
P0889,1,B,4,0,2,2,0.0,11,29,-18,2,0,0,0,0,,0,0,0,0,4,0,2,0.0,0,0,
P0803,1,B,6,4,2,0,66.7,39,21,18,12,0,0,0,0,,0,0,0,0,6,4,2,66.7,0,0,
P0855,1,B,4,0,4,0,0.0,3,37,-34,0,0,0,0,0,,0,0,0,0,4,0,4,0.0,0,0,
P0882,1,B,4,0,4,0,0.0,14,26,-12,0,0,0,0,0,,0,0,0,0,4,0,4,0.0,0,0,
P0744,1,B,6,3,3,0,50.0,27,33,-6,9,1,0,0,0,,0,0,0,0,6,3,3,50.0,0,0,
P0761,4,B,24,12,9,3,50.0,124,116,8,39,2,0,0,0,,0,0,0,0,24,12,9,50.0,0,0,
P0865,2,AB,10,1,8,1,10.0,37,63,-26,4,0,0,0,0,,0,0,0,0,10,1,8,10.0,0,0,
P0774,2,AB,12,6,6,0,50.0,61,59,2,18,1,0,0,0,,0,1,1,0,12,6,6,50.0,0,0,
P0664,2,B,6,3,3,0,50.0,31,29,2,9,1,0,0,0,,0,0,0,0,6,3,3,50.0,0,0,
P0895,3,AB,17,5,11,1,29.4,74,96,-22,16,1,0,0,0,,0,0,0,0,17,5,11,29.4,0,0,
P0712,1,B,6,5,0,1,83.3,40,20,20,16,1,0,0,0,,0,0,0,0,6,5,0,83.3,0,0,
P0801,3,B,14,0,13,1,0.0,26,114,-88,1,0,0,0,0,,0,0,0,0,14,0,13,0.0,0,0,
P0669,2,B,12,4,8,0,33.3,49,71,-22,12,1,0,0,0,,0,0,0,0,12,4,8,33.3,0,0,
P0737,5,AB,26,10,16,0,38.5,112,148,-36,30,2,0,0,0,,0,0,0,0,26,10,16,38.5,0,0,
P0791,1,B,6,4,1,1,66.7,43,17,26,13,1,0,0,0,,0,0,0,0,6,4,1,66.7,0,0,
P0884,0,,0,0,0,0,,0,0,0,0,1,0,0,0,,0,0,0,0,0,0,0,,0,0,
P0768,0,,0,0,0,0,,0,0,0,0,1,0,0,0,,0,0,0,0,0,0,0,,0,0,
P0658,11,A,64,36,25,3,56.2,370,270,100,111,8,0,0,0,,0,0,0,0,64,36,25,56.2,0,0,
P0845,1,A,6,3,2,1,50.0,38,22,16,10,0,0,0,0,,0,0,0,0,6,3,2,50.0,0,0,
P0879,1,A,0,0,0,0,,0,0,0,0,0,0,0,0,,0,0,0,0,0,0,0,,0,0,
P0713,1,A,5,1,4,0,20.0,10,40,-30,3,0,0,0,0,,0,0,0,0,5,1,4,20.0,0,0,
P0940,2,A,12,6,4,2,50.0,67,53,14,20,1,0,0,0,,0,0,0,0,12,6,4,50.0,0,0,
P0714,1,A,6,4,2,0,66.7,36,24,12,12,1,0,0,0,,0,0,0,0,6,4,2,66.7,0,0,
P0679,2,A,12,2,10,0,16.7,46,74,-28,6,0,0,0,0,,0,0,0,0,12,2,10,16.7,0,0,
P0846,1,A,5,1,4,0,20.0,16,34,-18,3,0,0,0,0,,0,0,0,0,5,1,4,20.0,0,0,
P0690,1,A,6,4,1,1,66.7,30,30,0,13,1,0,0,0,,0,0,0,0,6,4,1,66.7,0,0,
P0933,2,A,9,3,6,0,33.3,38,52,-14,9,0,0,0,0,,0,0,0,0,9,3,6,33.3,0,0,
P0851,1,A,5,0,3,2,0.0,16,34,-18,2,0,0,0,0,,0,0,0,0,5,0,3,0.0,0,0,
P0739,1,A,6,2,1,3,33.3,35,25,10,9,0,0,0,0,,0,0,0,0,6,2,1,33.3,0,0,
P0827,1,A,6,1,5,0,16.7,16,44,-28,3,0,0,0,0,,0,0,0,0,6,1,5,16.7,0,0,
P0880,4,AB,24,14,5,5,58.3,156,84,72,47,3,0,0,0,,0,0,0,0,24,14,5,58.3,0,0,
P0749,1,A,4,1,3,0,25.0,15,25,-10,3,0,0,0,0,,0,0,0,0,4,1,3,25.0,0,0,
P0828,1,A,0,0,0,0,,0,0,0,0,0,0,0,0,,0,0,0,0,0,0,0,,0,0,
P0833,0,,0,0,0,0,,0,0,0,0,1,0,0,0,,0,0,0,0,0,0,0,,0,0,
P0871,0,,0,0,0,0,,0,0,0,0,1,0,0,0,,0,0,0,0,0,0,0,,0,0,
P0891,0,,0,0,0,0,,0,0,0,0,1,0,0,0,,0,0,0,0,0,0,0,,0,0,
P0656,0,,0,0,0,0,,0,0,0,0,1,0,0,0,,0,0,0,0,0,0,0,,0,0,
P0900,0,,0,0,0,0,,0,0,0,0,1,0,0,0,,0,0,0,0,0,0,0,,0,0,
P0924,0,,0,0,0,0,,0,0,0,0,1,0,0,0,,0,0,0,0,0,0,0,,0,0,
P0727,2,B,12,7,3,2,58.3,69,51,18,23,2,0,0,0,,0,0,0,0,12,7,3,58.3,0,0,
P0792,1,B,6,2,3,1,33.3,32,28,4,7,1,0,0,0,,0,0,0,0,6,2,3,33.3,0,0,
P0866,2,AB,7,1,6,0,14.3,25,45,-20,3,0,0,0,0,,0,0,0,0,7,1,6,14.3,0,0,
P0919,1,B,5,0,5,0,0.0,14,36,-22,0,0,0,0,0,,0,0,0,0,5,0,5,0.0,0,0,
P0687,1,B,5,4,1,0,80.0,31,19,12,12,1,0,0,0,,0,0,0,0,5,4,1,80.0,0,0,
P0852,2,B,6,1,5,0,16.7,15,45,-30,3,0,0,0,0,,0,0,0,0,6,1,5,16.7,0,0,
P0916,1,B,5,1,4,0,20.0,22,28,-6,3,1,0,0,0,,0,0,0,0,5,1,4,20.0,0,0,
P0881,2,B,11,8,3,0,72.7,71,39,32,24,1,0,0,0,,0,0,0,0,11,8,3,72.7,0,0,
P0738,1,B,6,2,3,1,33.3,31,29,2,7,0,0,0,0,,0,0,0,0,6,2,3,33.3,0,0,
P0794,2,B,9,5,3,1,55.6,54,36,18,16,1,0,0,0,,0,0,0,0,9,5,3,55.6,0,0,
P0929,1,B,6,3,3,0,50.0,33,27,6,9,0,0,0,0,,0,0,0,0,6,3,3,50.0,0,0,
P0886,1,B,6,4,2,0,66.7,34,26,8,12,1,0,0,0,,0,0,0,0,6,4,2,66.7,0,0,
P0899,1,B,4,1,2,1,25.0,15,25,-10,4,0,0,0,0,,0,0,0,0,4,1,2,25.0,0,0,
P0909,2,B,12,6,5,1,50.0,67,53,14,19,0,0,0,0,,0,0,0,0,12,6,5,50.0,0,0,
P0686,3,B,18,5,11,2,27.8,84,96,-12,17,1,0,0,0,,0,0,0,0,18,5,11,27.8,0,0,
P0745,1,B,6,1,5,0,16.7,18,42,-24,3,0,0,0,0,,0,0,0,0,6,1,5,16.7,0,0,
P0765,1,B,6,6,0,0,100.0,38,22,16,18,1,0,0,0,,0,0,0,0,6,6,0,100.0,0,0,
P0684,1,B,6,5,1,0,83.3,38,22,16,15,1,0,0,0,,0,0,0,0,6,5,1,83.3,0,0,
P0820,8,AB,41,18,20,3,43.9,203,207,-4,57,3,0,0,0,,0,0,0,0,41,18,20,43.9,0,0,
P0728,4,AB,22,9,9,4,40.9,112,98,14,31,2,0,0,0,,0,0,0,0,22,9,9,40.9,0,0,
P0775,1,B,6,3,3,0,50.0,27,33,-6,9,0,0,0,0,,0,0,0,0,6,3,3,50.0,0,0,
P0854,1,B,6,0,6,0,0.0,8,52,-44,0,0,0,0,0,,0,0,0,0,6,0,6,0.0,0,0,
P0782,1,B,6,2,2,2,33.3,32,28,4,8,0,0,0,0,,0,0,0,0,6,2,2,33.3,0,0,
P0785,1,B,6,3,1,2,50.0,36,24,12,11,1,0,0,0,,0,1,1,0,6,3,1,50.0,0,0,
P0903,1,B,5,2,3,0,40.0,21,29,-8,6,0,0,0,0,,0,0,0,0,5,2,3,40.0,0,0,
P0875,1,B,6,3,3,0,50.0,27,33,-6,9,0,0,0,0,,0,0,0,0,6,3,3,50.0,0,0,
P0928,8,B,41,18,19,4,43.9,200,210,-10,58,4,0,0,0,,0,0,0,0,41,18,19,43.9,0,0,
P0915,0,,0,0,0,0,,0,0,0,0,1,0,0,0,,0,0,0,0,0,0,0,,0,0,
P0730,1,B,6,5,1,0,83.3,37,23,14,15,2,0,0,0,,0,0,0,0,6,5,1,83.3,0,0,
P0943,0,,0,0,0,0,,0,0,0,0,1,0,0,0,,0,0,0,0,0,0,0,,0,0,
P0930,0,,0,0,0,0,,0,0,0,0,1,0,0,0,,0,0,0,0,0,0,0,,0,0,
P0911,0,,0,0,0,0,,0,0,0,0,1,0,0,0,,0,0,0,0,0,0,0,,0,0,
P0719,1,A,6,3,3,0,50.0,33,27,6,9,1,0,0,0,,0,0,0,0,6,3,3,50.0,0,0,
P0711,2,A,11,8,3,0,72.7,62,48,14,24,2,0,0,0,,0,0,0,0,11,8,3,72.7,0,0,
P0672,6,A,26,19,3,4,73.1,162,98,64,61,8,0,0,0,,2,2,4,0,26,19,3,73.1,1,0,"2007-s6,2010-s1"
P0912,1,A,6,1,5,0,16.7,15,45,-30,3,0,0,0,0,,0,0,0,0,6,1,5,16.7,0,0,
P0715,1,A,6,3,3,0,50.0,30,30,0,9,1,0,0,0,,0,0,0,0,6,3,3,50.0,0,0,
P0787,4,A,20,9,9,2,45.0,99,101,-2,29,1,0,0,0,,0,0,0,0,20,9,9,45.0,0,0,
P0759,1,A,6,3,3,0,50.0,29,31,-2,9,1,0,0,0,,0,0,0,0,6,3,3,50.0,0,0,
P0923,1,A,6,2,3,1,33.3,31,29,2,7,1,0,0,0,,0,0,0,0,6,2,3,33.3,0,0,
P0910,1,A,0,0,0,0,,0,0,0,0,0,0,0,0,,0,0,0,0,0,0,0,,0,0,
P0689,5,A,17,14,3,0,82.4,118,52,66,42,2,0,0,0,,0,0,0,0,17,14,3,82.4,0,0,
P0678,7,A,38,17,18,3,44.7,192,178,14,54,3,0,0,0,,0,0,0,0,38,17,18,44.7,0,0,
P0705,1,A,4,1,3,0,25.0,17,23,-6,3,0,0,0,0,,0,0,0,0,4,1,3,25.0,0,0,
P0691,3,A,17,10,6,1,58.8,91,79,12,31,2,0,0,0,,0,0,0,0,17,10,6,58.8,0,0,
P0892,1,B,4,1,2,1,25.0,14,26,-12,4,0,0,0,0,,0,0,0,0,4,1,2,25.0,0,0,
P0918,1,B,6,5,0,1,83.3,38,22,16,16,1,0,0,0,,0,0,0,0,6,5,0,83.3,0,0,
P0790,2,B,9,1,7,1,11.1,41,49,-8,4,0,0,0,0,,0,0,0,0,9,1,7,11.1,0,0,
P0810,1,B,4,0,4,0,0.0,12,28,-16,0,0,0,0,0,,0,0,0,0,4,0,4,0.0,0,0,
P0829,1,B,6,4,2,0,66.7,39,21,18,12,1,0,0,0,,0,0,0,0,6,4,2,66.7,0,0,
P0869,2,B,8,5,3,0,62.5,46,34,12,15,1,0,0,0,,0,0,0,0,8,5,3,62.5,0,0,
P0799,1,B,1,0,0,1,0.0,5,5,0,1,0,0,0,0,,0,0,0,0,1,0,0,0.0,0,0,
P0748,5,AB,28,17,8,3,60.7,164,116,48,54,4,0,0,0,,0,0,0,0,28,17,8,60.7,0,0,
P0904,1,B,1,0,1,0,0.0,3,7,-4,0,0,0,0,0,,0,0,0,0,1,0,1,0.0,0,0,
P0681,1,B,4,1,3,0,25.0,14,26,-12,3,0,0,0,0,,0,0,0,0,4,1,3,25.0,0,0,
P0657,1,B,5,3,1,1,60.0,28,22,6,10,1,0,0,0,,0,0,0,0,5,3,1,60.0,0,0,
P0861,2,B,12,3,6,3,25.0,51,69,-18,12,0,0,0,0,,0,0,0,0,12,3,6,25.0,0,0,
P0837,1,B,5,3,2,0,60.0,23,27,-4,9,1,0,0,0,,0,0,0,0,5,3,2,60.0,0,0,
P0779,1,B,5,0,4,1,0.0,16,34,-18,1,0,0,0,0,,0,0,0,0,5,0,4,0.0,0,0,
P0797,1,B,4,3,0,1,75.0,27,13,14,10,0,0,0,0,,0,0,0,0,4,3,0,75.0,0,0,
P0841,4,B,15,7,5,3,46.7,77,73,4,24,1,0,0,0,,0,0,0,0,15,7,5,46.7,0,0,
P0793,3,B,17,2,12,3,11.8,56,114,-58,9,0,0,0,0,,0,0,0,0,17,2,12,11.8,0,0,
P0706,3,B,12,4,7,1,33.3,59,61,-2,13,0,0,0,0,,0,0,0,0,12,4,7,33.3,0,0,
P0781,2,B,12,9,0,3,75.0,80,40,40,30,2,0,0,0,,2,0,2,0,12,9,0,75.0,2,0,"2007-s5,2007-s6"
P0783,1,B,6,1,4,1,16.7,18,42,-24,4,1,0,0,0,,0,0,0,0,6,1,4,16.7,0,0,
P0762,2,B,9,4,5,0,44.4,49,41,8,12,0,0,0,0,,0,0,0,0,9,4,5,44.4,0,0,
P0888,1,B,5,2,3,0,40.0,18,32,-14,6,0,0,0,0,,0,0,0,0,5,2,3,40.0,0,0,
P0735,1,B,6,5,0,1,83.3,41,19,22,16,1,0,0,0,,0,0,0,0,6,5,0,83.3,0,0,
P0720,1,B,5,3,2,0,60.0,24,26,-2,9,1,0,0,0,,0,0,0,0,5,3,2,60.0,0,0,
P0906,1,B,3,0,1,2,0.0,13,17,-4,2,0,0,0,0,,0,0,0,0,3,0,1,0.0,0,0,
P0804,1,B,6,1,4,1,16.7,25,35,-10,4,0,0,0,0,,0,0,0,0,6,1,4,16.7,0,0,
P0922,3,B,15,6,6,3,40.0,76,74,2,21,1,0,0,0,,0,0,0,0,15,6,6,40.0,0,0,
P0746,1,B,6,2,4,0,33.3,26,34,-8,6,0,0,0,0,,0,0,0,0,6,2,4,33.3,0,0,
P0815,1,B,6,5,0,1,83.3,39,21,18,16,1,0,0,0,,0,0,0,0,6,5,0,83.3,0,0,
P0758,1,B,6,3,1,2,50.0,32,28,4,11,1,0,0,0,,0,0,0,0,6,3,1,50.0,0,0,
P0849,1,B,6,3,2,1,50.0,33,27,6,10,1,0,0,0,,0,0,0,0,6,3,2,50.0,0,0,
P0670,1,B,6,0,6,0,0.0,17,43,-26,0,0,0,0,0,,0,0,0,0,6,0,6,0.0,0,0,
P0893,1,B,5,2,3,0,40.0,26,24,2,6,0,0,0,0,,0,0,0,0,5,2,3,40.0,0,0,
P0674,1,B,6,4,2,0,66.7,37,23,14,12,1,0,0,0,,0,0,0,0,6,4,2,66.7,0,0,
P0755,1,B,6,4,2,0,66.7,33,27,6,12,1,0,0,0,,0,0,0,0,6,4,2,66.7,0,0,
P0883,1,B,4,1,3,0,25.0,8,32,-24,3,0,0,0,0,,0,0,0,0,4,1,3,25.0,0,0,
P0733,1,B,6,4,2,0,66.7,35,25,10,12,1,0,0,0,,0,0,0,0,6,4,2,66.7,0,0,
P0867,3,AB,15,1,11,3,6.7,52,98,-46,6,1,0,0,0,,0,0,0,0,15,1,11,6.7,0,0,
P0760,0,,0,0,0,0,,0,0,0,0,1,0,0,0,,0,0,0,0,0,0,0,,0,0,
P0941,0,,0,0,0,0,,0,0,0,0,1,0,0,0,,0,0,0,0,0,0,0,,0,0,
P0721,1,A,6,5,1,0,83.3,44,16,28,15,0,0,0,0,,0,0,0,0,6,5,1,83.3,0,0,
P0858,8,A,44,29,14,1,65.9,251,189,62,88,6,0,0,0,,0,1,1,0,44,29,14,65.9,0,0,
P0816,1,A,6,3,3,0,50.0,31,29,2,9,1,0,0,0,,0,0,0,0,6,3,3,50.0,0,0,
P0707,9,A,54,41,9,4,75.9,361,179,182,127,10,0,0,0,,0,1,1,0,54,41,9,75.9,0,0,
P0740,1,A,6,3,1,2,50.0,33,27,6,11,1,0,0,0,,0,0,0,0,6,3,1,50.0,0,0,
P0696,1,A,6,4,0,2,66.7,38,22,16,14,1,0,0,0,,0,0,0,0,6,4,0,66.7,0,0,
P0830,1,A,6,4,2,0,66.7,32,28,4,12,1,0,0,0,,0,0,0,0,6,4,2,66.7,0,0,
P0834,1,A,5,1,4,0,20.0,18,32,-14,3,0,0,0,0,,0,0,0,0,5,1,4,20.0,0,0,
P0708,1,A,3,0,3,0,0.0,5,25,-20,0,0,0,0,0,,0,0,0,0,3,0,3,0.0,0,0,
P0709,6,A,28,20,8,0,71.4,171,109,62,60,4,12,9,3,75.0,0,1,1,2,40,29,11,72.5,0,4,
P0817,1,A,4,0,4,0,0.0,7,33,-26,0,0,0,0,0,,0,0,0,0,4,0,4,0.0,0,0,
P0935,1,A,5,3,2,0,60.0,33,17,16,9,0,0,0,0,,0,0,0,0,5,3,2,60.0,0,0,
P0692,2,A,12,6,4,2,50.0,69,51,18,20,2,0,0,0,,0,0,0,0,12,6,4,50.0,0,0,
P0859,1,A,6,3,3,0,50.0,38,22,16,9,1,0,0,0,,0,0,0,0,6,3,3,50.0,0,0,
P0898,1,A,5,4,1,0,80.0,36,14,22,12,0,0,0,0,,0,0,0,0,5,4,1,80.0,0,0,
P0936,0,,0,0,0,0,,0,0,0,0,1,0,0,0,,0,0,0,0,0,0,0,,0,0,
P0944,0,,0,0,0,0,,0,0,0,0,1,0,0,0,,0,0,0,0,0,0,0,,0,0,
P0751,1,B,6,4,2,0,66.7,35,25,10,12,1,0,0,0,,0,0,0,0,6,4,2,66.7,0,0,
P0838,1,B,6,4,2,0,66.7,33,27,6,12,1,0,0,0,,0,0,0,0,6,4,2,66.7,0,0,
P0722,1,B,5,1,4,0,20.0,24,26,-2,3,0,0,0,0,,0,0,0,0,5,1,4,20.0,0,0,
P0671,1,B,6,0,6,0,0.0,12,48,-36,0,0,0,0,0,,0,0,0,0,6,0,6,0.0,0,0,
P0896,1,B,6,6,0,0,100.0,41,19,22,18,1,0,0,0,,0,0,0,0,6,6,0,100.0,0,0,
P0873,4,AB,16,11,4,1,68.8,89,61,28,34,4,2,1,1,50.0,0,0,0,0,18,12,5,66.7,0,1,
P0802,1,B,6,2,4,0,33.3,33,27,6,6,1,0,0,0,,0,0,0,0,6,2,4,33.3,0,0,
P0937,1,B,1,1,0,0,100.0,7,3,4,3,0,0,0,0,,0,0,0,0,1,1,0,100.0,0,0,
P0890,2,B,10,4,5,1,40.0,53,47,6,12,0,0,0,0,,0,0,0,0,10,4,5,40.0,0,0,
P0927,1,B,5,3,2,0,60.0,25,25,0,9,1,0,0,0,,0,0,0,0,5,3,2,60.0,0,0,
P0675,1,B,5,4,1,0,80.0,31,19,12,12,1,0,0,0,,0,0,0,0,5,4,1,80.0,0,0,
P0870,4,B,23,10,11,2,43.5,115,115,0,32,2,0,0,0,,0,0,0,0,23,10,11,43.5,0,0,
P0894,1,B,1,1,0,0,100.0,6,4,2,3,0,0,0,0,,0,0,0,0,1,1,0,100.0,0,0,
P0784,1,B,6,3,1,2,50.0,36,24,12,11,1,0,0,0,,0,0,0,0,6,3,1,50.0,0,0,
P0747,1,B,6,3,2,1,50.0,36,24,12,10,0,0,0,0,,0,0,0,0,6,3,2,50.0,0,0,
P0811,1,B,2,0,2,0,0.0,4,16,-12,0,0,0,0,0,,0,0,0,0,2,0,2,0.0,0,0,
P0726,10,AB,55,27,25,3,49.1,287,263,24,84,5,0,0,0,,0,1,1,0,55,27,25,49.1,0,0,
P0850,1,B,6,3,2,1,50.0,33,27,6,10,1,0,0,0,,0,0,0,0,6,3,2,50.0,0,0,
P0780,1,B,5,1,2,2,20.0,23,27,-4,5,0,0,0,0,,0,0,0,0,5,1,2,20.0,0,0,
P0926,1,B,5,4,0,1,80.0,39,11,28,13,1,0,0,0,,0,0,0,0,5,4,0,80.0,0,0,
P0860,1,B,6,2,3,1,33.3,34,26,8,7,0,0,0,0,,0,0,0,0,6,2,3,33.3,0,0,
P0660,1,B,5,2,3,0,40.0,15,35,-20,6,0,0,0,0,,0,0,0,0,5,2,3,40.0,0,0,
P0676,1,B,6,3,3,0,50.0,32,28,4,9,0,0,0,0,,0,0,0,0,6,3,3,50.0,0,0,
P0752,2,B,12,10,0,2,83.3,91,29,62,32,2,0,0,0,,0,0,0,0,12,10,0,83.3,0,0,
P0734,1,B,6,1,5,0,16.7,26,34,-8,3,0,0,0,0,,0,0,0,0,6,1,5,16.7,0,0,
P0723,1,B,6,0,5,1,0.0,13,47,-34,1,0,0,0,0,,0,0,0,0,6,0,5,0.0,0,0,
P0773,1,B,6,4,2,0,66.7,37,23,14,12,0,0,0,0,,0,0,0,0,6,4,2,66.7,0,0,
P0786,1,B,6,2,3,1,33.3,33,27,6,7,0,0,0,0,,0,0,0,0,6,2,3,33.3,0,0,
P0661,1,B,4,0,4,0,0.0,10,30,-20,0,0,0,0,0,,0,0,0,0,4,0,4,0.0,0,0,
P0716,1,B,6,5,1,0,83.3,38,22,16,15,0,0,0,0,,0,0,0,0,6,5,1,83.3,0,0,
P0901,2,AB,12,6,5,1,50.0,66,54,12,19,1,0,0,0,,0,0,0,0,12,6,5,50.0,0,0,
P0736,1,B,2,0,2,0,0.0,8,12,-4,0,0,0,0,0,,0,0,0,0,2,0,2,0.0,0,0,
P0818,1,B,4,1,3,0,25.0,15,25,-10,3,0,0,0,0,,0,0,0,0,4,1,3,25.0,0,0,
P0832,0,,0,0,0,0,,0,0,0,0,1,0,0,0,,0,0,0,0,0,0,0,,0,0,
P0677,0,,0,0,0,0,,0,0,0,0,1,0,0,0,,0,0,0,0,0,0,0,,0,0,
P0942,0,,0,0,0,0,,0,0,0,0,1,0,0,0,,0,0,0,0,0,0,0,,0,0,
P0840,0,,0,0,0,0,,0,0,0,0,1,0,0,0,,0,0,0,0,0,0,0,,0,0,
P0975,1,A,5,1,4,0,20.0,10,40,-30,3,0,0,0,0,,0,0,0,0,5,1,4,20.0,0,0,
P1088,11,A,64,37,22,5,57.8,357,283,74,116,9,0,0,0,,0,0,0,0,64,37,22,57.8,0,0,
P1064,3,A,13,5,8,0,38.5,62,68,-6,15,0,0,0,0,,0,0,0,0,13,5,8,38.5,0,0,
P0953,3,AB,22,9,12,1,40.9,104,116,-12,28,0,0,0,0,,0,0,0,0,22,9,12,40.9,0,0,
P1078,1,A,6,2,2,2,33.3,35,25,10,8,1,0,0,0,,0,0,0,0,6,2,2,33.3,0,0,
P1071,1,A,6,5,0,1,83.3,41,19,22,16,1,0,0,0,,0,0,0,0,6,5,0,83.3,0,0,
P1124,1,A,6,2,4,0,33.3,25,35,-10,6,0,0,0,0,,0,0,0,0,6,2,4,33.3,0,0,
P0948,3,A,14,5,9,0,35.7,57,83,-26,15,1,0,0,0,,0,0,0,0,14,5,9,35.7,0,0,
P1063,19,A,93,32,57,4,34.4,435,485,-50,100,7,8,4,4,50.0,0,0,0,0,101,36,61,35.6,0,2,
P0987,2,A,11,6,1,4,54.5,66,44,22,22,1,0,0,0,,0,0,0,0,11,6,1,54.5,0,0,
P1086,1,A,6,1,5,0,16.7,22,38,-16,3,0,0,0,0,,0,0,0,0,6,1,5,16.7,0,0,
P1171,1,A,3,1,2,0,33.3,9,21,-12,3,0,0,0,0,,0,0,0,0,3,1,2,33.3,0,0,
P1021,1,A,6,3,3,0,50.0,39,21,18,9,1,0,0,0,,0,0,0,0,6,3,3,50.0,0,0,
P0960,1,A,6,5,1,0,83.3,37,23,14,15,1,0,0,0,,0,0,0,0,6,5,1,83.3,0,0,
P0992,1,A,5,0,5,0,0.0,9,41,-32,0,0,0,0,0,,0,0,0,0,5,0,5,0.0,0,0,
P1175,1,A,5,1,4,0,20.0,24,26,-2,3,0,0,0,0,,0,0,0,0,5,1,4,20.0,0,0,
P0994,1,A,6,5,0,1,83.3,41,19,22,16,1,0,0,0,,0,0,0,0,6,5,0,83.3,0,0,
P1038,2,A,8,1,5,2,12.5,25,55,-30,5,0,0,0,0,,0,0,0,0,8,1,5,12.5,0,0,
P1024,3,A,15,6,8,1,40.0,72,78,-6,19,1,0,0,0,,0,0,0,0,15,6,8,40.0,0,0,
P1012,1,A,6,1,5,0,16.7,18,42,-24,3,0,0,0,0,,0,0,0,0,6,1,5,16.7,0,0,
P1164,2,AB,11,2,6,3,18.2,46,64,-18,9,0,0,0,0,,0,0,0,0,11,2,6,18.2,0,0,
P1153,1,A,6,4,2,0,66.7,32,28,4,12,1,0,0,0,,0,0,0,0,6,4,2,66.7,0,0,
P1143,1,A,6,1,5,0,16.7,12,48,-36,3,0,0,0,0,,0,0,0,0,6,1,5,16.7,0,0,
P0972,1,A,6,4,2,0,66.7,33,27,6,12,1,0,0,0,,0,0,0,0,6,4,2,66.7,0,0,
P1000,2,A,11,2,9,0,18.2,46,64,-18,6,0,0,0,0,,0,0,0,0,11,2,9,18.2,0,0,
P1157,4,A,23,13,8,2,56.5,122,108,14,41,4,0,0,0,,0,0,0,0,23,13,8,56.5,0,0,
P1034,5,A,23,7,16,0,30.4,100,130,-30,21,1,0,0,0,,0,0,0,0,23,7,16,30.4,0,0,
P0968,1,A,5,1,4,0,20.0,13,37,-24,3,0,0,0,0,,0,0,0,0,5,1,4,20.0,0,0,
P0962,7,A,40,19,21,0,47.5,199,201,-2,57,3,0,0,0,,0,0,0,0,40,19,21,47.5,0,0,
P1119,1,A,5,1,4,0,20.0,13,37,-24,3,0,0,0,0,,0,0,0,0,5,1,4,20.0,0,0,
P0988,5,A,19,11,5,3,57.9,102,88,14,36,3,0,0,0,,0,0,0,0,19,11,5,57.9,0,0,
P0989,1,A,5,4,1,0,80.0,34,16,18,12,1,0,0,0,,0,0,0,0,5,4,1,80.0,0,0,
P1110,1,A,4,2,2,0,50.0,20,20,0,6,0,0,0,0,,0,0,0,0,4,2,2,50.0,0,0,
P0997,1,A,6,0,6,0,0.0,15,45,-30,0,0,0,0,0,,0,0,0,0,6,0,6,0.0,0,0,
P1040,6,A,31,7,22,2,22.6,140,170,-30,23,0,0,0,0,,0,0,0,0,31,7,22,22.6,0,0,
P1161,2,B,9,3,6,0,33.3,40,50,-10,9,0,0,0,0,,0,0,0,0,9,3,6,33.3,0,0,
P1102,2,AB,11,5,6,0,45.5,66,44,22,15,1,0,0,0,,0,0,0,0,11,5,6,45.5,0,0,
P1132,1,B,6,3,2,1,50.0,35,25,10,10,1,0,0,0,,0,0,0,0,6,3,2,50.0,0,0,
P1147,3,AB,15,6,9,0,40.0,54,96,-42,18,1,0,0,0,,0,0,0,0,15,6,9,40.0,0,0,
P1039,1,B,4,2,1,1,50.0,19,21,-2,7,0,0,0,0,,0,0,0,0,4,2,1,50.0,0,0,
P1129,2,B,11,7,4,0,63.6,66,44,22,21,2,0,0,0,,0,0,0,0,11,7,4,63.6,0,0,
P1068,1,B,1,1,0,0,100.0,6,4,2,3,0,0,0,0,,0,0,0,0,1,1,0,100.0,0,0,
P1118,2,B,10,5,4,1,50.0,58,42,16,16,1,0,0,0,,0,0,0,0,10,5,4,50.0,0,0,
P0976,3,B,16,2,11,3,12.5,49,111,-62,9,0,0,0,0,,0,0,0,0,16,2,11,12.5,0,0,
P1076,1,B,6,0,5,1,0.0,12,48,-36,1,0,0,0,0,,0,0,0,0,6,0,5,0.0,0,0,
P1127,6,AB,34,15,15,4,44.1,167,173,-6,49,3,0,0,0,,0,0,0,0,34,15,15,44.1,0,0,
P1108,4,B,22,10,10,2,45.5,126,94,32,32,1,0,0,0,,0,0,0,0,22,10,10,45.5,0,0,
P1061,1,B,6,3,1,2,50.0,31,29,2,11,1,0,0,0,,0,0,0,0,6,3,1,50.0,0,0,
P1159,2,B,8,3,5,0,37.5,33,47,-14,9,0,0,0,0,,0,0,0,0,8,3,5,37.5,0,0,
P1082,1,B,5,3,2,0,60.0,26,24,2,9,1,0,0,0,,0,0,0,0,5,3,2,60.0,0,0,
P1094,2,AB,10,5,4,1,50.0,51,49,2,16,1,0,0,0,,1,0,1,0,10,5,4,50.0,1,0,2008-s1
P0954,1,B,4,1,3,0,25.0,16,24,-8,3,0,0,0,0,,0,0,0,0,4,1,3,25.0,0,0,
P1006,1,B,5,3,2,0,60.0,29,21,8,9,1,0,0,0,,0,0,0,0,5,3,2,60.0,0,0,
P1111,2,AB,11,3,7,1,27.3,44,66,-22,10,1,0,0,0,,0,1,1,0,11,3,7,27.3,0,0,
P1077,1,B,6,0,6,0,0.0,16,44,-28,0,0,0,0,0,,0,0,0,0,6,0,6,0.0,0,0,
P0971,1,B,6,4,2,0,66.7,37,23,14,12,1,0,0,0,,0,0,0,0,6,4,2,66.7,0,0,
P1091,4,B,24,11,9,4,45.8,125,115,10,37,3,0,0,0,,0,0,0,0,24,11,9,45.8,0,0,
P0982,5,AB,27,12,12,3,44.4,128,142,-14,39,2,0,0,0,,0,1,1,0,27,12,12,44.4,0,0,
P1028,1,B,5,1,4,0,20.0,17,33,-16,3,0,0,0,0,,0,0,0,0,5,1,4,20.0,0,0,
P1126,1,B,5,3,2,0,60.0,23,27,-4,9,0,0,0,0,,0,0,0,0,5,3,2,60.0,0,0,
P1114,1,B,6,1,5,0,16.7,19,41,-22,3,0,0,0,0,,0,0,0,0,6,1,5,16.7,0,0,
P1101,1,B,5,3,1,1,60.0,31,19,12,10,1,0,0,0,,0,0,0,0,5,3,1,60.0,0,0,
P0946,1,B,5,4,1,0,80.0,33,17,16,12,1,0,0,0,,0,0,0,0,5,4,1,80.0,0,0,
P1136,1,B,6,5,1,0,83.3,46,14,32,15,0,0,0,0,,0,0,0,0,6,5,1,83.3,0,0,
P1081,1,B,4,0,4,0,0.0,8,32,-24,0,0,0,0,0,,0,0,0,0,4,0,4,0.0,0,0,
P1140,1,B,3,0,3,0,0.0,4,26,-22,0,0,0,0,0,,0,0,0,0,3,0,3,0.0,0,0,
P0993,1,B,6,4,2,0,66.7,31,29,2,12,1,0,0,0,,0,0,0,0,6,4,2,66.7,0,0,
P0978,1,B,5,3,2,0,60.0,27,23,4,9,1,0,0,0,,0,0,0,0,5,3,2,60.0,0,0,
P1010,3,AB,13,5,8,0,38.5,51,79,-28,15,1,0,0,0,,0,0,0,0,13,5,8,38.5,0,0,
P1168,13,AB,7,1,5,1,14.3,12,48,-36,4,0,0,0,0,,0,0,0,0,7,1,5,14.3,0,0,
P1107,0,,0,0,0,0,,0,0,0,0,1,0,0,0,,0,0,0,0,0,0,0,,0,0,
P1072,1,A,6,6,0,0,100.0,39,21,18,18,1,0,0,0,,0,0,0,0,6,6,0,100.0,0,0,
P1069,1,A,6,2,3,1,33.3,26,34,-8,7,1,0,0,0,,0,0,0,0,6,2,3,33.3,0,0,
P0979,1,A,6,1,5,0,16.7,24,36,-12,3,0,0,0,0,,0,0,0,0,6,1,5,16.7,0,0,
P0961,1,A,6,4,1,1,66.7,37,23,14,13,1,0,0,0,,0,0,0,0,6,4,1,66.7,0,0,
P1089,2,A,12,5,6,1,41.7,53,67,-14,16,2,0,0,0,,0,0,0,0,12,5,6,41.7,0,0,
P1121,1,A,6,2,3,1,33.3,28,32,-4,7,0,0,0,0,,0,0,0,0,6,2,3,33.3,0,0,
P1176,5,A,20,4,16,0,20.0,68,131,-63,12,0,0,0,0,,0,0,0,0,20,4,16,20.0,0,0,
P0957,1,A,5,0,5,0,0.0,18,31,-13,0,0,0,0,0,,0,0,0,0,5,0,5,0.0,0,0,
P1035,1,A,6,3,3,0,50.0,26,34,-8,9,1,0,0,0,,0,0,0,0,6,3,3,50.0,0,0,
P1085,7,A,36,20,11,5,55.6,204,156,48,65,5,1,0,1,0.0,0,0,0,0,37,20,12,54.1,0,0,
P1148,5,A,27,8,16,3,29.6,124,146,-22,27,2,0,0,0,,0,0,0,0,27,8,16,29.6,0,0,
P1093,3,A,16,6,8,2,37.5,59,101,-42,20,2,0,0,0,,0,0,0,0,16,6,8,37.5,0,0,
P1026,2,A,12,8,2,2,66.7,71,49,22,26,2,0,0,0,,0,0,0,0,12,8,2,66.7,0,0,
P1149,1,A,6,6,0,0,100.0,46,14,32,18,1,0,0,0,,0,0,0,0,6,6,0,100.0,0,0,
P1044,1,A,5,0,5,0,0.0,12,38,-26,0,0,0,0,0,,0,0,0,0,5,0,5,0.0,0,0,
P1054,8,A,43,16,25,2,37.2,200,230,-30,50,3,0,0,0,,0,0,0,0,43,16,25,37.2,0,0,
P0984,8,A,43,30,11,2,69.8,258,172,86,92,8,1,0,1,0.0,1,0,1,0,44,30,12,68.2,1,0,2008-s2
P1055,1,A,5,0,4,1,0.0,13,37,-24,1,0,0,0,0,,0,0,0,0,5,0,4,0.0,0,0,
P0955,3,B,16,8,6,2,50.0,83,77,6,26,2,0,0,0,,0,0,0,0,16,8,6,50.0,0,0,
P1053,4,AB,24,9,11,4,37.5,121,119,2,31,3,0,0,0,,0,0,0,0,24,9,11,37.5,0,0,
P0956,2,AB,9,3,4,2,33.3,44,46,-2,11,1,0,0,0,,0,0,0,0,9,3,4,33.3,0,0,
P0965,3,AB,16,4,11,1,25.0,68,92,-24,13,0,0,0,0,,0,0,0,0,16,4,11,25.0,0,0,
P1051,6,AB,22,7,13,2,31.8,100,120,-20,23,2,5,4,1,80.0,0,1,1,1,27,11,14,40.7,0,4,
P1058,1,B,6,2,2,2,33.3,34,26,8,8,1,0,0,0,,0,0,0,0,6,2,2,33.3,0,0,
P1062,1,B,5,3,2,0,60.0,34,16,18,9,0,0,0,0,,0,0,0,0,5,3,2,60.0,0,0,
P1019,2,B,9,3,5,1,33.3,39,51,-12,10,1,0,0,0,,0,0,0,0,9,3,5,33.3,0,0,
P1007,1,B,5,4,0,1,80.0,37,13,24,13,1,0,0,0,,0,0,0,0,5,4,0,80.0,0,0,
P1092,1,B,6,2,4,0,33.3,25,35,-10,6,0,0,0,0,,0,0,0,0,6,2,4,33.3,0,0,
P1079,1,B,6,5,1,0,83.3,35,25,10,15,1,0,0,0,,0,0,0,0,6,5,1,83.3,0,0,
P1056,2,B,12,3,9,0,25.0,38,82,-44,9,0,0,0,0,,0,0,0,0,12,3,9,25.0,0,0,
P1052,1,B,6,3,3,0,50.0,32,28,4,9,0,0,0,0,,0,0,0,0,6,3,3,50.0,0,0,
P1047,1,B,5,4,1,0,80.0,32,18,14,12,1,0,0,0,,1,0,1,0,5,4,1,80.0,1,0,2008-s2
P1165,1,B,6,0,5,1,0.0,18,42,-24,1,0,0,0,0,,0,0,0,0,6,0,5,0.0,0,0,
P1155,2,AB,12,8,1,3,66.7,79,41,38,27,2,0,0,0,,0,0,0,0,12,8,1,66.7,0,0,
P1083,4,AB,22,9,11,2,40.9,91,129,-38,29,2,0,0,0,,0,0,0,0,22,9,11,40.9,0,0,
P1115,1,B,6,3,3,0,50.0,31,29,2,9,1,0,0,0,,0,0,0,0,6,3,3,50.0,0,0,
P1109,1,B,6,3,3,0,50.0,38,22,16,9,1,0,0,0,,0,0,0,0,6,3,3,50.0,0,0,
P1015,1,B,6,1,5,0,16.7,19,41,-22,3,0,0,0,0,,0,0,0,0,6,1,5,16.7,0,0,
P1178,1,B,6,4,1,1,66.7,37,23,14,13,0,0,0,0,,0,0,0,0,6,4,1,66.7,0,0,
P1131,0,,0,0,0,0,,0,0,0,0,1,0,0,0,,0,0,0,0,0,0,0,,0,0,
P0985,1,A,6,5,0,1,83.3,38,22,16,16,1,0,0,0,,1,0,1,0,6,5,0,83.3,1,0,2008-s3
P1073,1,A,6,2,3,1,33.3,28,32,-4,7,0,0,0,0,,0,0,0,0,6,2,3,33.3,0,0,
P1030,2,A,12,6,4,2,50.0,68,52,16,20,3,0,0,0,,0,0,0,0,12,6,4,50.0,0,0,
P0980,1,A,6,2,3,1,33.3,30,30,0,7,1,0,0,0,,0,0,0,0,6,2,3,33.3,0,0,
P0990,1,A,6,4,2,0,66.7,39,21,18,12,1,0,0,0,,0,0,0,0,6,4,2,66.7,0,0,
P1103,4,A,20,7,9,4,35.0,85,115,-30,25,2,1,0,1,0.0,0,0,0,0,21,7,10,33.3,0,0,
P1070,1,A,6,2,3,1,33.3,32,28,4,7,0,0,0,0,,0,0,0,0,6,2,3,33.3,0,0,
P1144,1,A,6,2,4,0,33.3,22,38,-16,6,0,0,0,0,,0,0,0,0,6,2,4,33.3,0,0,
P1065,1,A,6,3,3,0,50.0,28,32,-4,9,1,0,0,0,,0,0,0,0,6,3,3,50.0,0,0,
P1022,9,A,46,32,10,4,69.6,281,179,102,100,8,0,0,0,,0,1,1,0,46,32,10,69.6,0,0,
P1174,1,A,6,3,3,0,50.0,33,27,6,9,1,0,0,0,,0,0,0,0,6,3,3,50.0,0,0,
P1172,5,A,28,11,13,4,39.3,112,168,-56,37,3,0,0,0,,0,0,0,0,28,11,13,39.3,0,0,
P1011,2,A,11,3,7,1,27.3,37,73,-36,10,0,0,0,0,,0,0,0,0,11,3,7,27.3,0,0,
P1041,1,A,6,1,5,0,16.7,28,32,-4,3,0,0,0,0,,0,0,0,0,6,1,5,16.7,0,0,
P1125,1,A,6,3,3,0,50.0,37,23,14,9,1,0,0,0,,0,0,0,0,6,3,3,50.0,0,0,
P1001,1,A,6,3,2,1,50.0,31,29,2,10,1,0,0,0,,0,0,0,0,6,3,2,50.0,0,0,
P1141,1,A,5,1,4,0,20.0,17,33,-16,3,0,0,0,0,,0,0,0,0,5,1,4,20.0,0,0,
P0986,1,A,5,2,2,1,40.0,23,27,-4,7,0,0,0,0,,0,0,0,0,5,2,2,40.0,0,0,
P1106,7,B,30,17,10,3,56.7,185,115,70,54,4,0,0,0,,0,0,0,0,30,17,10,56.7,0,0,
P1128,1,B,6,2,4,0,33.3,25,35,-10,6,0,0,0,0,,0,0,0,0,6,2,4,33.3,0,0,
P1049,2,B,12,5,6,1,41.7,61,59,2,16,1,0,0,0,,0,0,0,0,12,5,6,41.7,0,0,
P1150,1,B,6,2,2,2,33.3,32,28,4,8,1,0,0,0,,0,0,0,0,6,2,2,33.3,0,0,
P1100,1,B,6,2,3,1,33.3,30,30,0,7,1,0,0,0,,0,0,0,0,6,2,3,33.3,0,0,
P1116,1,B,6,2,4,0,33.3,29,31,-2,6,0,0,0,0,,0,0,0,0,6,2,4,33.3,0,0,
P1066,1,B,6,2,3,1,33.3,29,31,-2,7,1,0,0,0,,0,0,0,0,6,2,3,33.3,0,0,
P0983,1,B,6,4,1,1,66.7,34,26,8,13,1,0,0,0,,0,0,0,0,6,4,1,66.7,0,0,
P1031,1,B,6,4,2,0,66.7,36,24,12,12,1,0,0,0,,0,0,0,0,6,4,2,66.7,0,0,
P1090,1,B,5,2,3,0,40.0,18,32,-14,6,0,0,0,0,,0,0,0,0,5,2,3,40.0,0,0,
P1084,2,B,8,3,5,0,37.5,33,47,-14,9,0,0,0,0,,0,0,0,0,8,3,5,37.5,0,0,
P1016,1,B,6,3,2,1,50.0,32,28,4,10,1,0,0,0,,0,0,0,0,6,3,2,50.0,0,0,
P1135,2,B,10,4,6,0,40.0,49,51,-2,12,0,0,0,0,,0,0,0,0,10,4,6,40.0,0,0,
P1059,2,B,12,9,3,0,75.0,77,43,34,27,2,0,0,0,,0,0,0,0,12,9,3,75.0,0,0,
P1120,2,B,7,1,5,1,14.3,24,46,-22,4,0,0,0,0,,0,0,0,0,7,1,5,14.3,0,0,
P1080,2,AB,11,9,2,0,81.8,74,36,38,27,2,0,0,0,,0,1,1,0,11,9,2,81.8,0,0,
P1152,1,B,3,0,3,0,0.0,4,26,-22,0,0,0,0,0,,0,0,0,0,3,0,3,0.0,0,0,
P0970,1,B,4,0,4,0,0.0,5,35,-30,0,0,0,0,0,,0,0,0,0,4,0,4,0.0,0,0,
P0998,1,B,4,2,2,0,50.0,17,23,-6,6,0,0,0,0,,0,0,0,0,4,2,2,50.0,0,0,
P1087,1,B,4,3,1,0,75.0,26,14,12,9,1,0,0,0,,0,0,0,0,4,3,1,75.0,0,0,
P1162,1,B,6,0,4,2,0.0,18,42,-24,2,0,0,0,0,,0,0,0,0,6,0,4,0.0,0,0,
P0963,1,B,6,5,1,0,83.3,38,22,16,15,1,0,0,0,,0,0,0,0,6,5,1,83.3,0,0,
P1160,2,B,12,6,6,0,50.0,57,63,-6,18,2,0,0,0,,0,0,0,0,12,6,6,50.0,0,0,
P1170,1,B,6,3,3,0,50.0,39,21,18,9,1,0,0,0,,0,0,0,0,6,3,3,50.0,0,0,
P0981,1,B,0,0,0,0,,0,0,0,0,0,0,0,0,,0,0,0,0,0,0,0,,0,0,
P1130,6,B,28,9,16,3,32.1,124,156,-32,30,1,0,0,0,,0,0,0,0,28,9,16,32.1,0,0,
P1104,10,AB,31,16,13,2,51.6,151,159,-8,50,5,6,3,3,50.0,1,0,1,0,37,19,16,51.4,1,2,2008-s3
P1122,1,B,5,3,2,0,60.0,29,21,8,9,1,0,0,0,,0,0,0,0,5,3,2,60.0,0,0,
P1156,1,B,2,0,2,0,0.0,3,17,-14,0,0,0,0,0,,0,0,0,0,2,0,2,0.0,0,0,
P1009,1,B,5,3,1,1,60.0,28,22,6,10,1,0,0,0,,0,0,0,0,5,3,1,60.0,0,0,
P1020,1,A,5,4,1,0,80.0,33,17,16,12,1,0,0,0,,0,0,0,0,5,4,1,80.0,0,0,
P1029,1,A,4,2,2,0,50.0,23,17,6,6,0,0,0,0,,0,0,0,0,4,2,2,50.0,0,0,
P1142,1,A,4,2,2,0,50.0,24,16,8,6,0,0,0,0,,0,0,0,0,4,2,2,50.0,0,0,
P0967,1,A,6,3,3,0,50.0,32,28,4,9,1,0,0,0,,0,0,0,0,6,3,3,50.0,0,0,
P1169,1,A,6,0,6,0,0.0,1,59,-58,0,0,0,0,0,,0,0,0,0,6,0,6,0.0,0,0,
P1095,3,AB,11,4,7,0,36.4,52,58,-6,12,0,0,0,0,,0,0,0,0,11,4,7,36.4,0,0,
P0950,2,A,12,6,6,0,50.0,60,60,0,18,2,0,0,0,,0,0,0,0,12,6,6,50.0,0,0,
P0964,1,A,6,0,6,0,0.0,16,44,-28,0,0,0,0,0,,0,0,0,0,6,0,6,0.0,0,0,
P0973,1,A,5,1,4,0,20.0,15,35,-20,3,0,0,0,0,,0,0,0,0,5,1,4,20.0,0,0,
P0966,1,A,5,2,2,1,40.0,23,27,-4,7,1,0,0,0,,0,0,0,0,5,2,2,40.0,0,0,
P1042,2,A,10,3,5,2,30.0,53,47,6,11,0,0,0,0,,0,0,0,0,10,3,5,30.0,0,0,
P1014,4,A,18,10,8,0,55.6,102,78,24,30,2,0,0,0,,0,0,0,0,18,10,8,55.6,0,0,
P1002,3,A,17,15,0,2,88.2,118,52,66,47,3,0,0,0,,1,0,1,0,17,15,0,88.2,1,0,2008-s4
P1013,2,A,12,7,2,3,58.3,71,49,22,24,2,0,0,0,,0,0,0,0,12,7,2,58.3,0,0,
P0995,2,AB,9,4,4,1,44.4,44,46,-2,13,1,0,0,0,,0,0,0,0,9,4,4,44.4,0,0,
P1003,1,A,3,0,3,0,0.0,9,21,-12,0,0,0,0,0,,0,0,0,0,3,0,3,0.0,0,0,
P1017,1,A,5,0,5,0,0.0,12,38,-26,0,0,0,0,0,,0,0,0,0,5,0,5,0.0,0,0,
P0958,1,B,6,0,6,0,0.0,18,42,-24,0,0,0,0,0,,0,0,0,0,6,0,6,0.0,0,0,
P1123,2,B,12,9,2,1,75.0,83,37,46,28,2,0,0,0,,0,0,0,0,12,9,2,75.0,0,0,
P1004,1,B,6,4,2,0,66.7,31,29,2,12,1,0,0,0,,0,0,0,0,6,4,2,66.7,0,0,
P1036,1,B,6,4,2,0,66.7,37,23,14,12,1,0,0,0,,0,0,0,0,6,4,2,66.7,0,0,
P0991,1,B,6,3,3,0,50.0,23,37,-14,9,0,0,0,0,,0,0,0,0,6,3,3,50.0,0,0,
P1117,1,B,6,4,2,0,66.7,32,28,4,12,1,0,0,0,,0,0,0,0,6,4,2,66.7,0,0,
P1023,1,B,6,2,2,2,33.3,31,29,2,8,1,0,0,0,,0,0,0,0,6,2,2,33.3,0,0,
P1099,1,B,6,3,2,1,50.0,28,32,-4,10,1,0,0,0,,0,0,0,0,6,3,2,50.0,0,0,
P1145,1,B,6,3,3,0,50.0,32,28,4,9,1,0,0,0,,0,0,0,0,6,3,3,50.0,0,0,
P1097,8,AB,42,17,23,2,40.5,196,224,-28,53,3,0,0,0,,0,0,0,0,42,17,23,40.5,0,0,
P1048,2,B,11,6,5,0,54.5,65,45,20,18,1,0,0,0,,0,0,0,0,11,6,5,54.5,0,0,
P1027,1,B,5,1,3,1,20.0,20,30,-10,4,0,0,0,0,,0,0,0,0,5,1,3,20.0,0,0,
P0949,2,AB,12,9,2,1,75.0,70,50,20,28,2,0,0,0,,0,0,0,0,12,9,2,75.0,0,0,
P0947,1,B,6,2,1,3,33.3,32,28,4,9,1,0,0,0,,1,0,1,0,6,2,1,33.3,1,0,2008-s4
P1154,1,B,4,1,3,0,25.0,16,24,-8,3,0,0,0,0,,0,0,0,0,4,1,3,25.0,0,0,
P1113,8,AB,40,20,14,6,50.0,215,165,50,66,5,0,0,0,,1,0,1,0,40,20,14,50.0,1,0,2010-s3
P1033,1,B,6,5,1,0,83.3,36,24,12,15,1,0,0,0,,0,1,1,0,6,5,1,83.3,0,0,
P1008,2,B,12,8,1,3,66.7,79,41,38,27,2,0,0,0,,0,0,0,0,12,8,1,66.7,0,0,
P1137,1,B,5,1,4,0,20.0,19,31,-12,3,0,0,0,0,,0,0,0,0,5,1,4,20.0,0,0,
P0974,1,A,6,3,3,0,50.0,30,30,0,9,1,0,0,0,,0,0,0,0,6,3,3,50.0,0,0,
P0977,1,A,6,0,6,0,0.0,13,47,-34,0,0,0,0,0,,0,0,0,0,6,0,6,0.0,0,0,
P1075,8,A,40,25,14,1,62.5,232,168,64,76,5,0,0,0,,0,0,0,0,40,25,14,62.5,0,0,
P1158,7,A,33,14,17,2,42.4,162,168,-6,44,3,0,0,0,,0,0,0,0,33,14,17,42.4,0,0,
P1074,5,A,16,7,8,1,43.8,79,81,-2,22,1,0,0,0,,0,0,0,0,16,7,8,43.8,0,0,
P1163,1,A,4,1,3,0,25.0,17,23,-6,3,0,0,0,0,,0,0,0,0,4,1,3,25.0,0,0,
P0969,21,A,101,65,28,8,64.4,614,396,218,203,17,32,26,6,81.2,2,3,5,4,133,91,34,68.4,1,5,"2008-s5,2014-s1"
P0999,2,AB,11,6,3,2,54.5,59,51,8,20,2,0,0,0,,0,0,0,0,11,6,3,54.5,0,0,
P1045,1,A,5,2,1,2,40.0,26,24,2,8,1,0,0,0,,0,0,0,0,5,2,1,40.0,0,0,
P1138,10,AB,46,24,20,2,52.2,236,224,12,74,3,0,0,0,,0,1,1,0,46,24,20,52.2,0,0,
P1037,1,A,5,3,1,1,60.0,30,20,10,10,1,0,0,0,,0,0,0,0,5,3,1,60.0,0,0,
P0951,18,A,93,50,34,9,53.8,525,405,120,159,11,1,0,1,0.0,0,0,0,0,94,50,35,53.2,0,0,
P1105,1,A,6,5,1,0,83.3,45,15,30,15,1,0,0,0,,0,0,0,0,6,5,1,83.3,0,0,
P1166,1,A,6,3,3,0,50.0,31,29,2,9,1,0,0,0,,0,0,0,0,6,3,3,50.0,0,0,
P0996,1,A,6,3,2,1,50.0,32,28,4,10,1,0,0,0,,0,0,0,0,6,3,2,50.0,0,0,
P1025,1,B,5,5,0,0,100.0,37,13,24,15,1,0,0,0,,0,1,1,0,5,5,0,100.0,0,0,
P1177,1,B,5,2,3,0,40.0,17,33,-16,6,0,0,0,0,,0,0,0,0,5,2,3,40.0,0,0,
P1146,1,B,4,3,1,0,75.0,23,17,6,9,0,0,0,0,,0,0,0,0,4,3,1,75.0,0,0,
P1005,2,B,12,5,5,2,41.7,70,50,20,17,2,0,0,0,,1,0,1,0,12,5,5,41.7,1,0,2009-s1
P1151,2,AB,10,3,5,2,30.0,45,55,-10,11,1,0,0,0,,0,0,0,0,10,3,5,30.0,0,0,
P1173,1,B,6,0,6,0,0.0,0,60,-60,0,0,0,0,0,,0,0,0,0,6,0,6,0.0,0,0,
P1098,1,B,6,3,3,0,50.0,33,27,6,9,1,0,0,0,,0,0,0,0,6,3,3,50.0,0,0,
P1057,5,AB,19,9,8,2,47.4,94,96,-2,29,2,0,0,0,,0,0,0,0,19,9,8,47.4,0,0,
P1167,5,AB,24,14,9,1,58.3,123,117,6,43,3,0,0,0,,0,1,1,0,24,14,9,58.3,0,0,
P1096,23,AB,115,55,42,18,47.8,599,539,60,183,13,10,4,6,40.0,0,0,0,0,125,59,48,47.2,0,2,
P1067,1,B,4,2,2,0,50.0,25,15,10,6,0,0,0,0,,0,0,0,0,4,2,2,50.0,0,0,
P1046,1,B,5,3,1,1,60.0,27,23,4,10,1,0,0,0,,0,0,0,0,5,3,1,60.0,0,0,
P1032,5,AB,28,9,15,4,32.1,120,160,-40,31,1,0,0,0,,0,0,0,0,28,9,15,32.1,0,0,
P1060,2,B,10,4,5,1,40.0,52,48,4,13,1,0,0,0,,0,0,0,0,10,4,5,40.0,0,0,
P1043,1,B,4,0,4,0,0.0,11,29,-18,0,0,0,0,0,,0,0,0,0,4,0,4,0.0,0,0,
P1112,1,B,5,4,1,0,80.0,30,20,10,12,1,0,0,0,,1,0,1,0,5,4,1,80.0,1,0,2008-s5
P1133,1,B,0,0,0,0,,0,0,0,0,0,0,0,0,,0,0,0,0,0,0,0,,0,0,
P1050,1,B,6,2,3,1,33.3,32,28,4,7,1,0,0,0,,0,0,0,0,6,2,3,33.3,0,0,
P1018,1,B,6,1,5,0,16.7,21,39,-18,3,0,0,0,0,,0,0,0,0,6,1,5,16.7,0,0,
P0959,1,B,6,1,4,1,16.7,17,43,-26,4,0,0,0,0,,0,0,0,0,6,1,4,16.7,0,0,
P1134,1,B,6,5,0,1,83.3,38,22,16,16,1,0,0,0,,0,0,0,0,6,5,0,83.3,0,0,
P1139,1,B,3,0,3,0,0.0,8,22,-14,0,0,0,0,0,,0,0,0,0,3,0,3,0.0,0,0,
P0952,1,B,4,2,1,1,50.0,20,20,0,7,1,0,0,0,,0,0,0,0,4,2,1,50.0,0,0,
P1244,1,A,4,2,2,0,50.0,20,20,0,6,0,0,0,0,,0,0,0,0,4,2,2,50.0,0,0,
P1294,1,A,6,4,2,0,66.7,34,26,8,12,1,0,0,0,,0,0,0,0,6,4,2,66.7,0,0,
P1383,1,A,6,1,5,0,16.7,23,37,-14,3,0,0,0,0,,0,0,0,0,6,1,5,16.7,0,0,
P1310,2,AB,11,1,8,2,9.1,36,74,-38,5,0,0,0,0,,0,0,0,0,11,1,8,9.1,0,0,
P1303,1,A,5,1,3,1,20.0,21,29,-8,4,0,0,0,0,,0,0,0,0,5,1,3,20.0,0,0,
P1368,3,A,17,15,1,1,88.2,118,52,66,46,3,0,0,0,,2,0,2,0,17,15,1,88.2,2,0,"2009-s1,2009-s2"
P1330,1,A,6,4,2,0,66.7,35,25,10,12,1,0,0,0,,0,0,0,0,6,4,2,66.7,0,0,
P1259,1,A,6,3,3,0,50.0,32,28,4,9,0,0,0,0,,0,0,0,0,6,3,3,50.0,0,0,
P1324,1,A,5,1,4,0,20.0,16,34,-18,3,0,0,0,0,,0,0,0,0,5,1,4,20.0,0,0,
P1292,1,A,6,4,2,0,66.7,39,21,18,12,1,0,0,0,,0,0,0,0,6,4,2,66.7,0,0,
P1241,1,A,6,3,3,0,50.0,27,33,-6,9,0,0,0,0,,0,0,0,0,6,3,3,50.0,0,0,
P1318,4,A,18,10,7,1,55.6,99,81,18,31,2,0,0,0,,0,0,0,0,18,10,7,55.6,0,0,
P1360,1,A,6,4,2,0,66.7,38,22,16,12,1,0,0,0,,0,0,0,0,6,4,2,66.7,0,0,
P1236,1,A,3,0,3,0,0.0,1,29,-28,0,0,0,0,0,,0,0,0,0,3,0,3,0.0,0,0,
P1354,3,A,10,2,6,2,20.0,38,62,-24,8,0,0,0,0,,0,0,0,0,10,2,6,20.0,0,0,
P1205,1,A,6,4,1,1,66.7,32,28,4,13,1,0,0,0,,0,0,0,0,6,4,1,66.7,0,0,
P1282,3,AB,18,7,10,1,38.9,75,105,-30,22,2,0,0,0,,0,0,0,0,18,7,10,38.9,0,0,
P1284,1,A,6,3,3,0,50.0,29,31,-2,9,1,0,0,0,,0,0,0,0,6,3,3,50.0,0,0,
P1194,1,A,6,3,2,1,50.0,33,27,6,10,1,0,0,0,,0,0,0,0,6,3,2,50.0,0,0,
P1349,1,A,5,2,3,0,40.0,23,27,-4,6,0,0,0,0,,0,0,0,0,5,2,3,40.0,0,0,
P1361,1,A,3,0,2,1,0.0,8,22,-14,1,0,0,0,0,,0,0,0,0,3,0,2,0.0,0,0,
P1275,1,A,4,2,2,0,50.0,17,23,-6,6,0,0,0,0,,0,0,0,0,4,2,2,50.0,0,0,
P1357,1,A,6,0,5,1,0.0,23,37,-14,1,0,0,0,0,,0,0,0,0,6,0,5,0.0,0,0,
P1290,1,B,6,3,2,1,50.0,29,31,-2,10,1,0,0,0,,0,0,0,0,6,3,2,50.0,0,0,
P1195,1,B,6,3,2,1,50.0,33,27,6,10,1,0,0,0,,0,0,0,0,6,3,2,50.0,0,0,
P1196,1,B,6,4,2,0,66.7,38,22,16,12,1,0,0,0,,0,0,0,0,6,4,2,66.7,0,0,
P1302,1,B,5,1,4,0,20.0,18,32,-14,3,0,0,0,0,,0,0,0,0,5,1,4,20.0,0,0,
P1184,1,B,6,2,3,1,33.3,27,33,-6,7,1,0,0,0,,0,0,0,0,6,2,3,33.3,0,0,
P1371,4,B,23,15,6,2,65.2,151,79,72,47,4,0,0,0,,0,0,0,0,23,15,6,65.2,0,0,
P1362,1,B,5,2,3,0,40.0,25,25,0,6,0,0,0,0,,0,0,0,0,5,2,3,40.0,0,0,
P1346,5,B,19,7,10,2,36.8,86,104,-18,23,1,0,0,0,,0,0,0,0,19,7,10,36.8,0,0,
P1219,1,B,6,1,5,0,16.7,16,44,-28,3,0,0,0,0,,0,0,0,0,6,1,5,16.7,0,0,
P1186,1,B,5,1,4,0,20.0,16,34,-18,3,0,0,0,0,,0,0,0,0,5,1,4,20.0,0,0,
P1298,1,B,4,0,4,0,0.0,10,30,-20,0,0,0,0,0,,0,0,0,0,4,0,4,0.0,0,0,
P1289,5,AB,24,15,8,1,62.5,142,98,44,46,3,0,0,0,,0,0,0,0,24,15,8,62.5,0,0,
P1190,1,B,4,0,4,0,0.0,9,31,-22,0,0,0,0,0,,0,0,0,0,4,0,4,0.0,0,0,
P1347,2,B,12,9,3,0,75.0,75,45,30,27,2,0,0,0,,0,0,0,0,12,9,3,75.0,0,0,
P1204,6,B,30,13,15,2,43.3,144,156,-12,41,2,0,0,0,,0,0,0,0,30,13,15,43.3,0,0,
P1287,3,AB,15,5,8,2,33.3,74,76,-2,17,1,0,0,0,,0,0,0,0,15,5,8,33.3,0,0,
P1208,1,B,6,0,6,0,0.0,18,42,-24,0,0,0,0,0,,0,0,0,0,6,0,6,0.0,0,0,
P1185,1,B,6,3,2,1,50.0,29,31,-2,10,1,0,0,0,,0,0,0,0,6,3,2,50.0,0,0,
P1351,1,B,5,4,1,0,80.0,33,17,16,12,1,0,0,0,,0,0,0,0,5,4,1,80.0,0,0,
P1230,1,B,5,4,1,0,80.0,33,17,16,12,1,0,0,0,,0,0,0,0,5,4,1,80.0,0,0,
P1278,3,AB,12,6,4,2,50.0,60,60,0,20,2,1,0,1,0.0,0,0,0,0,13,6,5,46.2,0,0,
P1331,1,B,2,0,2,0,0.0,1,19,-18,0,0,0,0,0,,0,0,0,0,2,0,2,0.0,0,0,
P1252,1,B,4,0,4,0,0.0,15,25,-10,0,0,0,0,0,,0,0,0,0,4,0,4,0.0,0,0,
P1388,2,A,4,2,2,0,50.0,21,19,2,6,0,0,0,0,,0,0,0,0,4,2,2,50.0,0,0,
P1258,1,A,4,1,3,0,25.0,16,24,-8,3,1,0,0,0,,0,0,0,0,4,1,3,25.0,0,0,
P1381,23,AB,114,38,67,9,33.3,487,653,-166,123,7,5,1,4,20.0,0,0,0,0,119,39,71,32.8,0,1,
P1261,2,A,7,5,2,0,71.4,39,31,8,15,1,0,0,0,,0,0,0,0,7,5,2,71.4,0,0,
P1223,5,A,26,17,5,4,65.4,159,91,68,55,5,0,0,0,,0,0,0,0,26,17,5,65.4,0,0,
P1380,8,A,44,25,17,2,56.8,245,175,70,77,8,0,0,0,,0,0,0,0,44,25,17,56.8,0,0,
P1266,1,A,6,3,3,0,50.0,37,23,14,9,1,0,0,0,,0,0,0,0,6,3,3,50.0,0,0,
P1358,2,A,10,1,9,0,10.0,35,65,-30,3,0,0,0,0,,0,0,0,0,10,1,9,10.0,0,0,
P1237,1,A,5,1,4,0,20.0,14,36,-22,3,0,0,0,0,,0,0,0,0,5,1,4,20.0,0,0,
P1312,2,A,12,8,4,0,66.7,73,47,26,24,2,0,0,0,,0,1,1,0,12,8,4,66.7,0,0,
P1326,1,A,6,2,3,1,33.3,29,31,-2,7,1,0,0,0,,0,0,0,0,6,2,3,33.3,0,0,
P1255,1,A,5,3,2,0,60.0,24,26,-2,9,0,0,0,0,,0,0,0,0,5,3,2,60.0,0,0,
P1390,4,A,22,6,13,3,27.3,104,116,-12,21,2,0,0,0,,0,0,0,0,22,6,13,27.3,0,0,
P1304,4,A,19,11,5,3,57.9,112,78,34,36,3,0,0,0,,0,0,0,0,19,11,5,57.9,0,0,
P1192,1,A,5,2,2,1,40.0,28,22,6,7,0,0,0,0,,0,0,0,0,5,2,2,40.0,0,0,
P1293,2,AB,12,7,2,3,58.3,72,48,24,24,2,0,0,0,,0,0,0,0,12,7,2,58.3,0,0,
P1179,5,AB,21,5,9,7,23.8,103,107,-4,22,3,4,2,2,50.0,0,0,0,0,25,7,11,28.0,0,1,
P1206,1,A,4,1,3,0,25.0,15,25,-10,3,0,0,0,0,,0,0,0,0,4,1,3,25.0,0,0,
P1340,5,AB,29,18,7,4,62.1,178,112,66,58,5,0,0,0,,0,1,1,0,29,18,7,62.1,0,0,
P1296,1,A,6,4,2,0,66.7,38,22,16,12,1,0,0,0,,0,0,0,0,6,4,2,66.7,0,0,
P1279,1,A,6,4,2,0,66.7,32,28,4,12,0,0,0,0,,0,0,0,0,6,4,2,66.7,0,0,
P1376,1,A,5,1,4,0,20.0,20,30,-10,3,0,0,0,0,,0,0,0,0,5,1,4,20.0,0,0,
P1231,1,A,5,3,2,0,60.0,29,21,8,9,1,0,0,0,,0,0,0,0,5,3,2,60.0,0,0,
P1215,6,A,35,14,18,3,40.0,140,210,-70,45,2,0,0,0,,0,0,0,0,35,14,18,40.0,0,0,
P1384,1,A,6,1,3,2,16.7,29,31,-2,5,0,0,0,0,,0,0,0,0,6,1,3,16.7,0,0,
P1232,1,A,6,4,1,1,66.7,36,24,12,13,1,0,0,0,,0,0,0,0,6,4,1,66.7,0,0,
P1199,6,AB,28,13,13,2,46.4,155,125,30,41,4,0,0,0,,0,0,0,0,28,13,13,46.4,0,0,
P1197,3,AB,16,6,9,1,37.5,65,95,-30,19,1,0,0,0,,0,0,0,0,16,6,9,37.5,0,0,
P1355,4,B,16,9,4,3,56.2,103,57,46,30,3,1,0,1,0.0,0,0,0,0,17,9,5,52.9,0,0,
P1273,1,B,6,3,3,0,50.0,36,24,12,9,1,0,0,0,,0,0,0,0,6,3,3,50.0,0,0,
P1300,13,AB,75,47,25,3,62.7,434,306,128,144,11,0,0,0,,0,1,1,0,75,47,25,62.7,0,0,
P1305,1,B,5,2,3,0,40.0,22,28,-6,6,0,0,0,0,,0,0,0,0,5,2,3,40.0,0,0,
P1224,3,AB,15,6,9,0,40.0,71,79,-8,18,1,0,0,0,,0,0,0,0,15,6,9,40.0,0,0,
P1220,1,B,6,1,5,0,16.7,25,35,-10,3,0,0,0,0,,0,0,0,0,6,1,5,16.7,0,0,
P1229,1,B,6,4,2,0,66.7,36,24,12,12,1,0,0,0,,0,0,0,0,6,4,2,66.7,0,0,
P1247,1,B,6,3,3,0,50.0,33,27,6,9,1,0,0,0,,0,0,0,0,6,3,3,50.0,0,0,
P1322,1,B,5,5,0,0,100.0,41,9,32,15,1,0,0,0,,1,0,1,0,5,5,0,100.0,1,0,2009-s2
P1217,1,B,5,3,1,1,60.0,31,19,12,10,1,0,0,0,,0,0,0,0,5,3,1,60.0,0,0,
P1333,2,B,6,1,4,1,16.7,28,32,-4,4,1,2,1,1,50.0,0,0,0,0,8,2,5,25.0,0,1,
P1378,1,B,6,0,6,0,0.0,0,60,-60,0,0,0,0,0,,0,0,0,0,6,0,6,0.0,0,0,
P1295,2,B,6,0,6,0,0.0,4,56,-52,0,0,0,0,0,,0,0,0,0,6,0,6,0.0,0,0,
P1242,1,B,6,2,2,2,33.3,34,26,8,8,0,0,0,0,,0,0,0,0,6,2,2,33.3,0,0,
P1320,1,B,6,3,3,0,50.0,35,25,10,9,1,0,0,0,,0,0,0,0,6,3,3,50.0,0,0,
P1364,1,B,6,1,4,1,16.7,26,34,-8,4,0,0,0,0,,0,0,0,0,6,1,4,16.7,0,0,
P1280,1,B,6,0,6,0,0.0,18,42,-24,0,0,0,0,0,,0,0,0,0,6,0,6,0.0,0,0,
P1372,1,B,6,2,1,3,33.3,31,29,2,9,1,0,0,0,,0,0,0,0,6,2,1,33.3,0,0,
P1344,1,B,6,4,1,1,66.7,36,24,12,13,1,0,0,0,,0,0,0,0,6,4,1,66.7,0,0,
P1187,3,B,14,6,3,5,42.9,86,54,32,23,2,0,0,0,,0,0,0,0,14,6,3,42.9,0,0,
P1265,2,B,10,3,4,3,30.0,43,57,-14,12,1,0,0,0,,0,0,0,0,10,3,4,30.0,0,0,
P1209,2,B,12,5,6,1,41.7,58,62,-4,16,0,0,0,0,,0,0,0,0,12,5,6,41.7,0,0,
P1370,2,B,11,0,10,1,0.0,18,92,-74,1,0,0,0,0,,0,0,0,0,11,0,10,0.0,0,0,
P1288,1,B,6,3,3,0,50.0,30,30,0,9,1,0,0,0,,0,0,0,0,6,3,3,50.0,0,0,
P1373,2,AB,9,5,3,1,55.6,47,43,4,16,1,0,0,0,,0,0,0,0,9,5,3,55.6,0,0,
P1306,1,B,6,2,4,0,33.3,27,33,-6,6,0,0,0,0,,0,0,0,0,6,2,4,33.3,0,0,
P1243,2,A,8,2,5,1,25.0,34,46,-12,7,0,0,0,0,,0,0,0,0,8,2,5,25.0,0,0,
P1323,1,A,4,2,2,0,50.0,18,22,-4,6,0,0,0,0,,0,0,0,0,4,2,2,50.0,0,0,
P1345,1,A,5,0,5,0,0.0,17,33,-16,0,0,0,0,0,,0,0,0,0,5,0,5,0.0,0,0,
P1291,1,A,5,1,4,0,20.0,13,37,-24,3,0,0,0,0,,0,0,0,0,5,1,4,20.0,0,0,
P1234,2,AB,12,7,2,3,58.3,64,56,8,24,2,0,0,0,,0,0,0,0,12,7,2,58.3,0,0,
P1297,1,A,4,2,1,1,50.0,21,19,2,7,0,0,0,0,,0,0,0,0,4,2,1,50.0,0,0,
P1343,3,A,14,5,8,1,35.7,70,70,0,16,1,0,0,0,,0,0,0,0,14,5,8,35.7,0,0,
P1256,1,A,4,1,3,0,25.0,14,26,-12,3,0,0,0,0,,0,0,0,0,4,1,3,25.0,0,0,
P1193,2,A,10,7,0,3,70.0,69,31,38,24,2,0,0,0,,1,0,1,0,10,7,0,70.0,1,0,2009-s3
P1227,1,A,6,5,1,0,83.3,37,23,14,15,1,0,0,0,,0,1,1,0,6,5,1,83.3,0,0,
P1245,1,A,5,1,4,0,20.0,15,35,-20,3,0,0,0,0,,0,0,0,0,5,1,4,20.0,0,0,
P1327,2,A,12,6,6,0,50.0,55,65,-10,18,2,0,0,0,,0,0,0,0,12,6,6,50.0,0,0,
P1316,11,A,39,21,12,6,53.8,213,177,36,69,9,17,10,7,58.8,1,0,1,1,56,31,19,55.4,1,5,2012-s2
P1182,2,AB,9,2,7,0,22.2,16,74,-58,6,1,0,0,0,,1,0,1,0,9,2,7,22.2,1,0,2010-s1
P1202,10,A,46,32,10,4,69.6,279,181,98,100,8,26,19,7,73.1,1,0,1,4,72,51,17,70.8,1,5,2013-s2
P1311,3,AB,11,1,9,1,9.1,30,80,-50,4,0,0,0,0,,0,0,0,0,11,1,9,9.1,0,0,
P1210,1,B,6,0,6,0,0.0,13,47,-34,0,0,0,0,0,,0,0,0,0,6,0,6,0.0,0,0,
P1385,1,B,4,2,2,0,50.0,19,21,-2,6,0,0,0,0,,0,0,0,0,4,2,2,50.0,0,0,
P1268,2,AB,11,6,4,1,54.5,69,41,28,19,1,0,0,0,,0,0,0,0,11,6,4,54.5,0,0,
P1332,1,B,6,5,0,1,83.3,41,19,22,16,1,0,0,0,,0,0,0,0,6,5,0,83.3,0,0,
P1216,1,B,5,2,1,2,40.0,33,17,16,8,1,0,0,0,,0,0,0,0,5,2,1,40.0,0,0,
P1260,1,B,4,1,3,0,25.0,12,28,-16,3,0,0,0,0,,0,0,0,0,4,1,3,25.0,0,0,
P1225,1,B,5,3,1,1,60.0,35,15,20,10,1,0,0,0,,1,0,1,0,5,3,1,60.0,1,0,2009-s3
P1221,1,B,3,1,2,0,33.3,11,19,-8,3,0,0,0,0,,0,0,0,0,3,1,2,33.3,0,0,
P1387,3,B,15,2,13,0,13.3,41,109,-68,6,0,0,0,0,,0,0,0,0,15,2,13,13.3,0,0,
P1269,1,B,4,2,2,0,50.0,20,20,0,6,1,0,0,0,,0,0,0,0,4,2,2,50.0,0,0,
P1341,1,B,2,0,2,0,0.0,5,15,-10,0,0,0,0,0,,0,0,0,0,2,0,2,0.0,0,0,
P1329,1,B,1,0,1,0,0.0,1,9,-8,0,0,0,0,0,,0,0,0,0,1,0,1,0.0,0,0,
P1315,1,B,3,1,2,0,33.3,7,23,-16,3,0,0,0,0,,0,0,0,0,3,1,2,33.3,0,0,
P1353,4,AB,22,12,10,0,54.5,118,102,16,36,3,2,1,1,50.0,0,0,0,0,24,13,11,54.2,0,1,
P1365,1,B,4,0,4,0,0.0,13,27,-14,0,0,0,0,0,,0,0,0,0,4,0,4,0.0,0,0,
P1274,3,AB,8,1,7,0,12.5,28,52,-24,3,1,0,0,0,,0,0,0,0,8,1,7,12.5,0,0,
P1369,4,A,18,14,2,2,77.8,119,61,58,44,3,0,0,0,,0,1,1,0,18,14,2,77.8,0,0,
P1352,1,A,4,0,4,0,0.0,5,35,-30,0,0,0,0,0,,0,0,0,0,4,0,4,0.0,0,0,
P1348,2,A,11,3,8,0,27.3,61,49,12,9,1,0,0,0,,0,0,0,0,11,3,8,27.3,0,0,
P1301,1,A,6,3,2,1,50.0,29,31,-2,10,1,0,0,0,,0,0,0,0,6,3,2,50.0,0,0,
P1272,1,A,6,3,3,0,50.0,29,31,-2,9,1,0,0,0,,0,0,0,0,6,3,3,50.0,0,0,
P1183,7,AB,25,8,16,1,32.0,107,143,-36,25,3,9,7,2,77.8,0,1,1,2,34,15,18,44.1,0,4,
P1257,1,A,6,3,3,0,50.0,31,29,2,9,0,0,0,0,,0,0,0,0,6,3,3,50.0,0,0,
P1339,1,A,5,3,2,0,60.0,27,23,4,9,1,0,0,0,,0,0,0,0,5,3,2,60.0,0,0,
P1207,1,A,3,1,2,0,33.3,11,19,-8,3,0,0,0,0,,0,0,0,0,3,1,2,33.3,0,0,
P1198,3,A,18,12,6,0,66.7,105,75,30,36,3,0,0,0,,1,0,1,0,18,12,6,66.7,1,0,2011-s3
P1366,1,A,6,2,3,1,33.3,20,40,-20,7,0,0,0,0,,0,0,0,0,6,2,3,33.3,0,0,
P1235,1,A,3,2,1,0,66.7,15,15,0,6,0,0,0,0,,0,0,0,0,3,2,1,66.7,0,0,
P1336,1,A,6,3,3,0,50.0,31,29,2,9,1,0,0,0,,0,0,0,0,6,3,3,50.0,0,0,
P1213,3,AB,11,7,3,1,63.6,60,50,10,22,3,5,3,2,60.0,0,1,1,1,16,10,5,62.5,0,3,
P1281,1,A,6,4,2,0,66.7,32,28,4,12,1,0,0,0,,0,0,0,0,6,4,2,66.7,0,0,
P1334,8,A,41,32,6,3,78.0,276,134,142,99,8,0,0,0,,2,2,4,0,41,32,6,78.0,2,0,"2009-s4,2009-s5"
P1181,1,B,5,2,3,0,40.0,23,27,-4,6,1,0,0,0,,0,0,0,0,5,2,3,40.0,0,0,
P1211,1,B,5,2,3,0,40.0,22,28,-6,6,2,0,0,0,,0,0,0,0,5,2,3,40.0,0,0,
P1276,1,B,5,4,1,0,80.0,26,24,2,12,1,0,0,0,,0,0,0,0,5,4,1,80.0,0,0,
P1319,1,B,5,2,3,0,40.0,24,26,-2,6,2,0,0,0,,0,0,0,0,5,2,3,40.0,0,0,
P1214,1,B,6,3,3,0,50.0,36,24,12,9,1,0,0,0,,0,0,0,0,6,3,3,50.0,0,0,
P1379,1,B,5,1,4,0,20.0,14,36,-22,3,0,0,0,0,,0,0,0,0,5,1,4,20.0,0,0,
P1314,2,B,9,5,4,0,55.6,43,47,-4,15,2,0,0,0,,1,0,1,0,9,5,4,55.6,1,0,2009-s4
P1328,3,B,16,11,4,1,68.8,96,64,32,34,2,0,0,0,,0,0,0,0,16,11,4,68.8,0,0,
P1299,1,B,4,1,3,0,25.0,15,25,-10,3,0,0,0,0,,0,0,0,0,4,1,3,25.0,0,0,
P1201,2,B,7,1,6,0,14.3,22,48,-26,3,1,0,0,0,,0,0,0,0,7,1,6,14.3,0,0,
P1200,4,B,23,12,10,1,52.2,121,109,12,37,3,2,1,1,50.0,0,0,0,0,25,13,11,52.0,0,1,
P1188,1,B,6,5,0,1,83.3,42,18,24,16,1,0,0,0,,0,0,0,0,6,5,0,83.3,0,0,
P1386,1,B,4,2,2,0,50.0,23,17,6,6,0,0,0,0,,0,0,0,0,4,2,2,50.0,0,0,
P1191,1,B,5,0,5,0,0.0,11,39,-28,0,0,0,0,0,,0,0,0,0,5,0,5,0.0,0,0,
P1222,1,B,5,1,3,1,20.0,20,30,-10,4,0,0,0,0,,0,0,0,0,5,1,3,20.0,0,0,
P1253,1,B,1,0,1,0,0.0,3,7,-4,0,0,0,0,0,,0,0,0,0,1,0,1,0.0,0,0,
P1307,1,B,1,0,1,0,0.0,1,9,-8,0,0,0,0,0,,0,0,0,0,1,0,1,0.0,0,0,
P1218,3,B,16,3,12,1,18.8,63,97,-34,10,1,0,0,0,,0,0,0,0,16,3,12,18.8,0,0,
P1374,1,B,5,2,1,2,40.0,28,22,6,8,2,0,0,0,,0,0,0,0,5,2,1,40.0,0,0,
P1308,1,B,5,0,5,0,0.0,13,37,-24,0,0,0,0,0,,0,0,0,0,5,0,5,0.0,0,0,
P1285,1,B,6,3,2,1,50.0,29,31,-2,10,1,0,0,0,,0,0,0,0,6,3,2,50.0,0,0,
P1264,3,B,16,7,4,5,43.8,86,74,12,26,3,0,0,0,,0,0,0,0,16,7,4,43.8,0,0,
P1337,0,,0,0,0,0,,0,0,0,0,1,0,0,0,,0,0,0,0,0,0,0,,0,0,
P1338,0,,0,0,0,0,,0,0,0,0,1,0,0,0,,0,0,0,0,0,0,0,,0,0,
P1350,0,,0,0,0,0,,0,0,0,0,2,0,0,0,,0,0,0,0,0,0,0,,0,0,
P1335,1,B,6,4,1,1,66.7,37,23,14,13,2,0,0,0,,0,0,0,0,6,4,1,66.7,0,0,
P1180,2,A,8,6,2,0,75.0,52,28,24,18,2,0,0,0,,0,0,0,0,8,6,2,75.0,0,0,
P1251,5,A,23,19,2,2,82.6,153,77,76,59,5,12,10,2,83.3,1,1,2,2,35,29,4,82.9,1,5,2012-s3
P1389,0,,0,0,0,0,,0,0,0,0,1,0,0,0,,0,0,0,0,0,0,0,,0,0,
P1359,0,,0,0,0,0,,0,0,0,0,1,0,0,0,,0,0,0,0,0,0,0,,0,0,
P1240,0,,0,0,0,0,,0,0,0,0,1,0,0,0,,0,0,0,0,0,0,0,,0,0,
P1271,0,,0,0,0,0,,0,0,0,0,1,0,0,0,,0,0,0,0,0,0,0,,0,0,
P1189,2,A,6,4,2,0,66.7,34,26,8,12,2,0,0,0,,1,0,1,0,6,4,2,66.7,1,0,2009-s5
P1249,6,A,29,17,9,3,58.6,154,126,28,54,5,3,1,2,33.3,0,0,0,0,32,18,11,56.2,0,1,
P1313,9,B,50,15,28,7,30.0,241,259,-18,52,4,0,0,0,,0,0,0,0,50,15,28,30.0,0,0,
P1317,0,,0,0,0,0,,0,0,0,0,1,0,0,0,,0,0,0,0,0,0,0,,0,0,
P1270,11,A,46,22,23,1,47.8,223,237,-14,67,8,11,6,5,54.5,0,1,1,1,57,28,28,49.1,0,3,
P1375,1,A,6,1,2,3,16.7,26,34,-8,6,0,0,0,0,,0,0,0,0,6,1,2,16.7,0,0,
P1226,1,A,6,5,0,1,83.3,52,8,44,16,1,0,0,0,,0,0,0,0,6,5,0,83.3,0,0,
P1391,2,AB,9,0,9,0,0.0,7,83,-76,0,0,0,0,0,,0,0,0,0,9,0,9,0.0,0,0,
P1238,1,A,5,2,3,0,40.0,20,30,-10,6,0,0,0,0,,0,0,0,0,5,2,3,40.0,0,0,
P1267,1,A,6,1,5,0,16.7,24,36,-12,3,0,0,0,0,,0,0,0,0,6,1,5,16.7,0,0,
P1382,1,A,6,3,2,1,50.0,32,28,4,10,1,0,0,0,,0,0,0,0,6,3,2,50.0,0,0,
P1283,1,A,6,3,3,0,50.0,30,30,0,9,1,0,0,0,,0,0,0,0,6,3,3,50.0,0,0,
P1377,1,A,6,1,5,0,16.7,19,41,-22,3,0,0,0,0,,0,0,0,0,6,1,5,16.7,0,0,
P1212,1,A,5,0,5,0,0.0,15,35,-20,0,0,0,0,0,,0,0,0,0,5,0,5,0.0,0,0,
P1325,1,A,6,0,4,2,0.0,14,46,-32,2,0,0,0,0,,0,0,0,0,6,0,4,0.0,0,0,
P1263,1,A,3,0,3,0,0.0,4,26,-22,0,0,0,0,0,,0,0,0,0,3,0,3,0.0,0,0,
P1233,2,A,7,3,3,1,42.9,33,37,-4,10,1,0,0,0,,0,0,0,0,7,3,3,42.9,0,0,
P1203,1,B,6,1,4,1,16.7,22,38,-16,4,0,0,0,0,,0,0,0,0,6,1,4,16.7,0,0,
P1277,1,B,6,5,1,0,83.3,39,21,18,15,1,0,0,0,,0,0,0,0,6,5,1,83.3,0,0,
P1254,1,B,5,1,4,0,20.0,15,35,-20,3,0,0,0,0,,0,0,0,0,5,1,4,20.0,0,0,
P1246,1,B,6,5,1,0,83.3,42,18,24,15,1,0,0,0,,0,0,0,0,6,5,1,83.3,0,0,
P1286,4,AB,17,10,5,2,58.8,104,66,38,32,2,0,0,0,,1,0,1,0,17,10,5,58.8,1,0,2009-s6
P1239,1,B,6,5,1,0,83.3,42,18,24,15,1,0,0,0,,0,0,0,0,6,5,1,83.3,0,0,
P1309,1,B,5,3,2,0,60.0,30,20,10,9,0,0,0,0,,0,0,0,0,5,3,2,60.0,0,0,
P1342,1,B,6,3,3,0,50.0,29,31,-2,9,1,0,0,0,,0,0,0,0,6,3,3,50.0,0,0,
P1262,6,AB,31,17,11,3,54.8,164,136,28,54,4,0,0,0,,1,1,2,0,31,17,11,54.8,1,0,2010-s3
P1321,4,AB,20,10,8,2,50.0,99,101,-2,32,1,0,0,0,,0,0,0,0,20,10,8,50.0,0,0,
P1228,1,B,6,3,1,2,50.0,33,27,6,11,1,0,0,0,,0,0,0,0,6,3,1,50.0,0,0,
P1250,1,B,5,3,2,0,60.0,32,18,14,9,1,0,0,0,,0,0,0,0,5,3,2,60.0,0,0,
P1248,1,B,5,2,3,0,40.0,23,27,-4,6,0,0,0,0,,0,0,0,0,5,2,3,40.0,0,0,
P1363,1,B,5,2,3,0,40.0,27,23,4,6,1,0,0,0,,0,0,0,0,5,2,3,40.0,0,0,
P1356,1,B,3,2,1,0,66.7,18,12,6,6,0,0,0,0,,0,0,0,0,3,2,1,66.7,0,0,
P1367,1,B,6,0,6,0,0.0,2,58,-56,0,0,0,0,0,,0,0,0,0,6,0,6,0.0,0,0,
P1545,1,A,3,2,1,0,66.7,13,17,-4,6,1,0,0,0,,0,0,0,0,3,2,1,66.7,0,0,
P1425,18,A,82,42,34,6,51.2,432,387,45,132,11,6,2,4,33.3,0,0,0,0,88,44,38,50.0,0,2,
P1496,1,A,3,2,1,0,66.7,15,15,0,6,1,0,0,0,,0,0,0,0,3,2,1,66.7,0,0,
P1405,1,A,2,0,2,0,0.0,8,12,-4,0,0,0,0,0,,0,0,0,0,2,0,2,0.0,0,0,
P1429,3,AB,17,4,10,3,23.5,72,98,-26,15,2,0,0,0,,0,0,0,0,17,4,10,23.5,0,0,
P1481,1,A,3,2,1,0,66.7,16,14,2,6,0,0,0,0,,0,0,0,0,3,2,1,66.7,0,0,
P1554,8,AB,42,19,21,2,45.2,209,211,-2,59,4,0,0,0,,0,0,0,0,42,19,21,45.2,0,0,
P1450,1,A,4,3,1,0,75.0,25,15,10,9,1,0,0,0,,0,0,0,0,4,3,1,75.0,0,0,
P1426,1,A,4,3,1,0,75.0,24,16,8,9,1,0,0,0,,0,0,0,0,4,3,1,75.0,0,0,
P1539,8,AB,40,16,22,2,40.0,194,206,-12,50,4,0,0,0,,0,0,0,0,40,16,22,40.0,0,0,
P1514,1,A,4,3,1,0,75.0,25,15,10,9,1,0,0,0,,0,0,0,0,4,3,1,75.0,0,0,
P1453,1,A,3,1,2,0,33.3,14,16,-2,3,0,0,0,0,,0,0,0,0,3,1,2,33.3,0,0,
P1513,1,A,4,1,3,0,25.0,14,26,-12,3,0,0,0,0,,0,0,0,0,4,1,3,25.0,0,0,
P1441,6,A,33,26,5,2,78.8,219,111,108,80,6,0,0,0,,1,2,3,0,33,26,5,78.8,1,0,2010-s2
P1512,1,A,4,0,4,0,0.0,4,36,-32,0,0,0,0,0,,0,0,0,0,4,0,4,0.0,0,0,
P1530,1,A,6,4,2,0,66.7,35,25,10,12,1,0,0,0,,0,0,0,0,6,4,2,66.7,0,0,
P1491,1,A,3,1,2,0,33.3,15,15,0,3,1,0,0,0,,0,0,0,0,3,1,2,33.3,0,0,
P1508,2,A,8,4,4,0,50.0,37,43,-6,12,1,0,0,0,,0,0,0,0,8,4,4,50.0,0,0,
P1521,1,A,6,5,1,0,83.3,34,26,8,15,1,0,0,0,,0,0,0,0,6,5,1,83.3,0,0,
P1524,1,A,5,1,4,0,20.0,19,31,-12,3,0,0,0,0,,0,0,0,0,5,1,4,20.0,0,0,
P1564,0,,0,0,0,0,,0,0,0,0,1,0,0,0,,0,0,0,0,0,0,0,,0,0,
P1422,1,B,2,0,2,0,0.0,7,13,-6,0,1,0,0,0,,0,0,0,0,2,0,2,0.0,0,0,
P1486,2,B,6,2,4,0,33.3,25,35,-10,6,0,0,0,0,,0,0,0,0,6,2,4,33.3,0,0,
P1427,1,B,1,0,1,0,0.0,4,6,-2,0,0,0,0,0,,0,0,0,0,1,0,1,0.0,0,0,
P1522,1,B,0,0,0,0,,0,0,0,0,0,0,0,0,,0,0,0,0,0,0,0,,0,0,
P1479,1,B,1,1,0,0,100.0,7,3,4,3,0,0,0,0,,0,0,0,0,1,1,0,100.0,0,0,
P1561,1,B,1,1,0,0,100.0,8,2,6,3,0,0,0,0,,0,0,0,0,1,1,0,100.0,0,0,
P1420,3,AB,14,4,8,2,28.6,50,90,-40,14,2,0,0,0,,0,0,0,0,14,4,8,28.6,0,0,
P1525,1,B,3,1,2,0,33.3,12,18,-6,3,1,0,0,0,,0,1,1,0,3,1,2,33.3,0,0,
P1448,1,B,0,0,0,0,,0,0,0,0,0,0,0,0,,0,0,0,0,0,0,0,,0,0,
P1493,1,B,0,0,0,0,,0,0,0,0,0,0,0,0,,0,0,0,0,0,0,0,,0,0,
P1416,2,B,9,3,5,1,33.3,46,44,2,10,1,0,0,0,,0,0,0,0,9,3,5,33.3,0,0,
P1506,2,B,12,7,3,2,58.3,76,44,32,23,1,0,0,0,,0,0,0,0,12,7,3,58.3,0,0,
P1469,1,B,6,0,6,0,0.0,0,60,-60,0,0,0,0,0,,0,0,0,0,6,0,6,0.0,0,0,
P1392,3,AB,18,8,7,3,44.4,95,85,10,27,2,0,0,0,,0,0,0,0,18,8,7,44.4,0,0,
P1414,1,B,5,3,0,2,60.0,34,16,18,11,1,0,0,0,,0,0,0,0,5,3,0,60.0,0,0,
P1553,1,A,4,0,4,0,0.0,12,28,-16,0,0,0,0,0,,0,0,0,0,4,0,4,0.0,0,0,
P1424,1,A,5,0,5,0,0.0,3,47,-44,0,0,0,0,0,,0,0,0,0,5,0,5,0.0,0,0,
P1499,1,A,5,1,4,0,20.0,19,31,-12,3,0,0,0,0,,0,0,0,0,5,1,4,20.0,0,0,
P1408,1,A,6,5,0,1,83.3,41,19,22,16,0,0,0,0,,0,0,0,0,6,5,0,83.3,0,0,
P1413,4,AB,17,9,7,1,52.9,96,74,22,28,2,0,0,0,,1,0,1,0,17,9,7,52.9,1,0,2011-s2
P1411,3,A,16,5,11,0,31.2,65,95,-30,15,1,0,0,0,,0,0,0,0,16,5,11,31.2,0,0,
P1528,3,A,16,9,5,2,56.2,84,76,8,29,2,2,1,1,50.0,0,0,0,0,18,10,6,55.6,0,1,
P1459,1,A,5,5,0,0,100.0,35,15,20,15,1,0,0,0,,0,0,0,0,5,5,0,100.0,0,0,
P1566,1,A,2,0,2,0,0.0,3,17,-14,0,0,0,0,0,,0,0,0,0,2,0,2,0.0,0,0,
P1436,1,A,5,1,3,1,20.0,23,27,-4,4,1,0,0,0,,0,0,0,0,5,1,3,20.0,0,0,
P1417,4,AB,14,6,8,0,42.9,68,72,-4,18,0,0,0,0,,0,0,0,0,14,6,8,42.9,0,0,
P1526,7,A,34,11,20,3,32.4,159,177,-18,36,1,1,0,1,0.0,0,0,0,0,35,11,21,31.4,0,0,
P1548,1,A,5,2,3,0,40.0,22,28,-6,6,0,0,0,0,,0,0,0,0,5,2,3,40.0,0,0,
P1434,2,A,12,10,1,1,83.3,80,40,40,31,2,0,0,0,,0,0,0,0,12,10,1,83.3,0,0,
P1397,1,A,6,4,2,0,66.7,44,16,28,12,1,0,0,0,,0,0,0,0,6,4,2,66.7,0,0,
P1451,2,A,11,8,3,0,72.7,73,37,36,24,1,0,0,0,,0,0,0,0,11,8,3,72.7,0,0,
P1559,1,A,6,3,3,0,50.0,28,32,-4,9,0,0,0,0,,0,0,0,0,6,3,3,50.0,0,0,
P1454,1,A,5,0,5,0,0.0,3,47,-44,0,0,0,0,0,,0,0,0,0,5,0,5,0.0,0,0,
P1543,1,A,6,0,4,2,0.0,18,42,-24,2,0,0,0,0,,0,0,0,0,6,0,4,0.0,0,0,
P1536,8,AB,47,21,17,9,44.7,257,213,44,72,6,4,3,1,75.0,0,0,0,1,51,24,18,47.1,0,3,
P1497,3,A,13,6,5,2,46.2,67,53,14,20,1,0,0,0,,0,0,0,0,13,6,5,46.2,0,0,
P1533,1,A,6,0,6,0,0.0,1,59,-58,0,0,0,0,0,,0,0,0,0,6,0,6,0.0,0,0,
P1540,1,A,4,1,3,0,25.0,19,21,-2,3,0,0,0,0,,0,0,0,0,4,1,3,25.0,0,0,
P1466,4,AB,12,4,7,1,33.3,55,65,-10,13,1,2,1,1,50.0,0,0,0,0,14,5,8,35.7,0,1,
P1487,1,A,6,0,5,1,0.0,16,44,-28,1,0,0,0,0,,0,0,0,0,6,0,5,0.0,0,0,
P1565,0,,0,0,0,0,,0,0,0,0,1,0,0,0,,0,0,0,0,0,0,0,,0,0,
P1562,0,,0,0,0,0,,0,0,0,0,1,0,0,0,,0,0,0,0,0,0,0,,0,0,
P1518,0,,0,0,0,0,,0,0,0,0,1,0,0,0,,0,0,0,0,0,0,0,,0,0,
P1557,0,,0,0,0,0,,0,0,0,0,1,0,0,0,,0,0,0,0,0,0,0,,0,0,
P1485,1,B,4,3,1,0,75.0,19,21,-2,9,0,0,0,0,,0,0,0,0,4,3,1,75.0,0,0,
P1482,2,B,12,4,7,1,33.3,37,73,-36,13,1,0,0,0,,0,0,0,0,12,4,7,33.3,0,0,
P1544,1,B,6,0,6,0,0.0,18,42,-24,0,0,0,0,0,,0,0,0,0,6,0,6,0.0,0,0,
P1549,1,B,6,3,3,0,50.0,32,28,4,9,0,0,0,0,,0,0,0,0,6,3,3,50.0,0,0,
P1419,14,AB,70,40,25,5,57.1,394,299,95,125,9,13,8,5,61.5,0,0,0,1,83,48,30,57.8,0,3,
P1516,8,B,46,35,10,1,76.1,291,169,122,106,7,0,0,0,,0,1,1,0,46,35,10,76.1,0,0,
P1400,2,AB,8,5,3,0,62.5,43,37,6,15,1,0,0,0,,0,0,0,0,8,5,3,62.5,0,0,
P1510,1,B,6,0,6,0,0.0,1,59,-58,0,0,0,0,0,,0,0,0,0,6,0,6,0.0,0,0,
P1432,1,B,6,5,1,0,83.3,44,16,28,15,1,0,0,0,,0,0,0,0,6,5,1,83.3,0,0,
P1394,4,B,16,8,8,0,50.0,85,75,10,24,1,4,3,1,75.0,0,0,0,1,20,11,9,55.0,0,3,
P1474,1,B,5,3,2,0,60.0,31,19,12,9,0,0,0,0,,0,0,0,0,5,3,2,60.0,0,0,
P1449,1,B,3,0,3,0,0.0,9,21,-12,0,0,0,0,0,,0,0,0,0,3,0,3,0.0,0,0,
P1418,2,B,9,4,5,0,44.4,49,41,8,12,1,0,0,0,,0,0,0,0,9,4,5,44.4,0,0,
P1483,3,AB,15,10,5,0,66.7,87,63,24,30,2,0,0,0,,1,0,1,0,15,10,5,66.7,1,0,2010-s2
P1455,1,B,4,0,4,0,0.0,12,28,-16,0,0,0,0,0,,0,0,0,0,4,0,4,0.0,0,0,
P1398,6,AB,30,13,15,2,43.3,147,153,-6,41,1,0,0,0,,0,0,0,0,30,13,15,43.3,0,0,
P1495,2,AB,12,3,8,1,25.0,31,89,-58,10,1,0,0,0,,0,0,0,0,12,3,8,25.0,0,0,
P1460,1,B,6,5,1,0,83.3,40,20,20,15,1,0,0,0,,0,0,0,0,6,5,1,83.3,0,0,
P1447,1,B,6,4,2,0,66.7,38,22,16,12,1,0,0,0,,0,0,0,0,6,4,2,66.7,0,0,
P1442,1,B,6,0,6,0,0.0,2,58,-56,0,0,0,0,0,,0,0,0,0,6,0,6,0.0,0,0,
P1435,8,AB,33,11,20,2,33.3,128,202,-74,35,3,0,0,0,,0,0,0,0,33,11,20,33.3,0,0,
P1463,6,B,31,9,20,2,29.0,138,162,-24,29,1,0,0,0,,0,0,0,0,31,9,20,29.0,0,0,
P1478,1,B,6,4,1,1,66.7,41,19,22,13,1,0,0,0,,0,0,0,0,6,4,1,66.7,0,0,
P1535,1,B,5,2,0,3,40.0,30,20,10,9,1,0,0,0,,0,0,0,0,5,2,0,40.0,0,0,
P1443,1,B,6,0,5,1,0.0,5,55,-50,1,0,0,0,0,,0,0,0,0,6,0,5,0.0,0,0,
P1476,0,,0,0,0,0,,0,0,0,0,1,0,0,0,,0,0,0,0,0,0,0,,0,0,
P1505,0,,0,0,0,0,,0,0,0,0,1,0,0,0,,0,0,0,0,0,0,0,,0,0,
P1523,9,AB,39,18,21,0,46.2,185,198,-13,54,4,8,7,1,87.5,0,1,1,2,47,25,22,53.2,0,4,
P1529,0,,0,0,0,0,,0,0,0,0,1,0,0,0,,0,0,0,0,0,0,0,,0,0,
P1498,1,A,6,4,2,0,66.7,32,28,4,12,1,0,0,0,,0,0,0,0,6,4,2,66.7,0,0,
P1537,1,A,5,1,4,0,20.0,18,32,-14,3,0,0,0,0,,0,0,0,0,5,1,4,20.0,0,0,
P1393,4,A,19,8,9,2,42.1,99,91,8,26,3,0,0,0,,0,0,0,0,19,8,9,42.1,0,0,
P1401,5,AB,23,8,14,1,34.8,88,132,-44,25,1,3,2,1,66.7,0,0,0,0,26,10,15,38.5,0,2,
P1517,1,A,6,3,3,0,50.0,36,24,12,9,1,0,0,0,,0,0,0,0,6,3,3,50.0,0,0,
P1409,1,A,5,5,0,0,100.0,37,13,24,15,0,0,0,0,,0,0,0,0,5,5,0,100.0,0,0,
P1415,2,A,11,7,4,0,63.6,68,42,26,21,2,0,0,0,,0,0,0,0,11,7,4,63.6,0,0,
P1509,1,A,3,1,2,0,33.3,12,18,-6,3,0,0,0,0,,0,0,0,0,3,1,2,33.3,0,0,
P1542,1,A,4,1,3,0,25.0,13,27,-14,3,0,0,0,0,,0,0,0,0,4,1,3,25.0,0,0,
P1515,2,A,12,5,6,1,41.7,53,67,-14,16,1,0,0,0,,0,0,0,0,12,5,6,41.7,0,0,
P1520,6,A,27,17,10,0,63.0,160,100,60,51,2,0,0,0,,0,0,0,0,27,17,10,63.0,0,0,
P1395,5,AB,25,8,16,1,32.0,102,148,-46,25,2,2,1,1,50.0,0,0,0,0,27,9,17,33.3,0,1,
P1444,2,A,12,3,9,0,25.0,29,91,-62,9,0,0,0,0,,0,0,0,0,12,3,9,25.0,0,0,
P1511,3,A,15,7,8,0,46.7,75,75,0,21,1,0,0,0,,0,0,0,0,15,7,8,46.7,0,0,
P1475,1,A,6,3,3,0,50.0,29,31,-2,9,1,0,0,0,,0,0,0,0,6,3,3,50.0,0,0,
P1399,3,A,14,7,6,1,50.0,78,62,16,22,2,0,0,0,,0,0,0,0,14,7,6,50.0,0,0,
P1547,1,B,5,0,5,0,0.0,11,39,-28,0,0,0,0,0,,0,0,0,0,5,0,5,0.0,0,0,
P1464,1,B,5,1,3,1,20.0,20,30,-10,4,0,0,0,0,,0,0,0,0,5,1,3,20.0,0,0,
P1531,17,AB,87,52,28,7,59.8,478,384,94,163,12,14,8,6,57.1,1,0,1,1,101,60,34,59.4,1,5,2012-s2
P1471,1,B,5,1,2,2,20.0,20,30,-10,5,0,0,0,0,,0,0,0,0,5,1,2,20.0,0,0,
P1430,9,B,50,20,25,5,40.0,246,254,-8,65,4,0,0,0,,0,0,0,0,50,20,25,40.0,0,0,
P1484,1,B,6,4,1,1,66.7,40,20,20,13,1,0,0,0,,0,0,0,0,6,4,1,66.7,0,0,
P1488,1,B,5,1,4,0,20.0,13,37,-24,3,0,0,0,0,,0,0,0,0,5,1,4,20.0,0,0,
P1456,3,B,17,13,2,2,76.5,118,52,66,41,3,0,0,0,,0,0,0,0,17,13,2,76.5,0,0,
P1468,1,B,5,3,2,0,60.0,30,20,10,9,1,0,0,0,,0,0,0,0,5,3,2,60.0,0,0,
P1396,14,AB,70,26,41,3,37.1,293,405,-112,81,7,12,6,6,50.0,0,0,0,0,82,32,47,39.0,0,2,
P1440,3,AB,15,11,4,0,73.3,96,54,42,33,2,0,0,0,,1,0,1,0,15,11,4,73.3,1,0,2010-s4
P1438,1,B,6,0,6,0,0.0,3,57,-54,0,0,0,0,0,,0,0,0,0,6,0,6,0.0,0,0,
P1550,1,B,5,1,4,0,20.0,14,36,-22,3,0,0,0,0,,0,0,0,0,5,1,4,20.0,0,0,
P1433,1,B,5,4,1,0,80.0,37,13,24,12,1,0,0,0,,0,0,0,0,5,4,1,80.0,0,0,
P1480,2,AB,9,4,5,0,44.4,44,46,-2,12,0,0,0,0,,0,0,0,0,9,4,5,44.4,0,0,
P1489,2,B,11,2,9,0,18.2,37,73,-36,6,0,0,0,0,,0,0,0,0,11,2,9,18.2,0,0,
P1494,1,B,6,0,5,1,0.0,3,47,-44,1,0,0,0,0,,0,0,0,0,6,0,5,0.0,0,0,
P1452,1,A,4,3,0,1,75.0,25,15,10,10,1,0,0,0,,0,0,0,0,4,3,0,75.0,0,0,
P1437,3,AB,15,5,9,1,33.3,69,81,-12,16,2,2,1,1,50.0,0,0,0,0,17,6,10,35.3,0,1,
P1538,1,A,3,2,1,0,66.7,20,10,10,6,0,0,0,0,,0,0,0,0,3,2,1,66.7,0,0,
P1501,1,A,6,0,6,0,0.0,2,58,-56,0,0,0,0,0,,0,0,0,0,6,0,6,0.0,0,0,
P1439,6,AB,33,19,13,1,57.6,175,155,20,58,3,4,3,1,75.0,0,0,0,0,37,22,14,59.5,0,2,
P1477,1,A,6,0,6,0,0.0,3,57,-54,0,0,0,0,0,,0,0,0,0,6,0,6,0.0,0,0,
P1446,3,A,15,8,6,1,53.3,87,63,24,25,2,0,0,0,,0,0,0,0,15,8,6,53.3,0,0,
P1555,1,A,6,0,6,0,0.0,8,52,-44,0,0,0,0,0,,0,0,0,0,6,0,6,0.0,0,0,
P1404,6,A,33,21,11,1,63.6,175,105,70,64,5,0,0,0,,1,0,1,0,33,21,11,63.6,1,0,2010-s4
P1406,1,A,6,4,2,0,66.7,43,17,26,12,1,0,0,0,,0,0,0,0,6,4,2,66.7,0,0,
P1556,3,A,12,4,8,0,33.3,46,74,-28,12,0,0,0,0,,0,0,0,0,12,4,8,33.3,0,0,
P1423,3,A,15,3,11,1,20.0,54,96,-42,10,0,0,0,0,,0,0,0,0,15,3,11,20.0,0,0,
P1410,3,A,11,9,1,1,81.8,81,29,52,28,3,0,0,0,,1,0,1,0,11,9,1,81.8,1,0,2011-s2
P1457,2,A,8,3,4,1,37.5,32,48,-16,10,1,0,0,0,,0,0,0,0,8,3,4,37.5,0,0,
P1403,1,A,4,4,0,0,100.0,33,7,26,12,1,0,0,0,,0,0,0,0,4,4,0,100.0,0,0,
P1421,1,A,5,0,5,0,0.0,0,50,-50,0,0,0,0,0,,0,0,0,0,5,0,5,0.0,0,0,
P1558,0,,0,0,0,0,,0,0,0,0,1,0,0,0,,0,0,0,0,0,0,0,,0,0,
P1552,0,,0,0,0,0,,0,0,0,0,1,0,0,0,,0,0,0,0,0,0,0,,0,0,
P1503,0,,0,0,0,0,,0,0,0,0,1,0,0,0,,0,0,0,0,0,0,0,,0,0,
P1504,0,,0,0,0,0,,0,0,0,0,1,0,0,0,,0,0,0,0,0,0,0,,0,0,
P1465,1,B,5,4,0,1,80.0,29,21,8,13,1,0,0,0,,0,0,0,0,5,4,0,80.0,0,0,
P1472,3,B,15,5,6,4,33.3,70,80,-10,19,1,0,0,0,,0,0,0,0,15,5,6,33.3,0,0,
P1467,1,B,5,0,5,0,0.0,15,35,-20,0,0,0,0,0,,0,0,0,0,5,0,5,0.0,0,0,
P1534,1,B,6,2,3,1,33.3,25,35,-10,7,1,0,0,0,,0,0,0,0,6,2,3,33.3,0,0,
P1492,4,B,16,4,12,0,25.0,61,89,-28,12,0,0,0,0,,0,0,0,0,16,4,12,25.0,0,0,
P1532,1,B,4,0,4,0,0.0,9,31,-22,0,0,0,0,0,,0,0,0,0,4,0,4,0.0,0,0,
P1461,1,B,5,0,5,0,0.0,15,35,-20,0,0,0,0,0,,0,0,0,0,5,0,5,0.0,0,0,
P1560,1,B,5,1,4,0,20.0,17,33,-16,3,0,0,0,0,,0,0,0,0,5,1,4,20.0,0,0,
P1462,1,B,5,3,2,0,60.0,28,22,6,9,0,0,0,0,,0,0,0,0,5,3,2,60.0,0,0,
P1428,1,B,6,1,5,0,16.7,23,37,-14,3,0,0,0,0,,0,0,0,0,6,1,5,16.7,0,0,
P1402,1,B,5,4,1,0,80.0,29,21,8,12,1,0,0,0,,0,0,0,0,5,4,1,80.0,0,0,
P1407,2,B,12,1,11,0,8.3,25,95,-70,3,0,0,0,0,,0,0,0,0,12,1,11,8.3,0,0,
P1412,1,B,6,3,1,2,50.0,30,30,0,11,1,0,0,0,,0,0,0,0,6,3,1,50.0,0,0,
P1507,1,B,6,3,1,2,50.0,37,23,14,11,1,0,0,0,,0,0,0,0,6,3,1,50.0,0,0,
P1458,4,B,11,3,7,1,27.3,38,72,-34,10,2,3,1,2,33.3,0,0,0,0,14,4,9,28.6,0,1,
P1551,2,B,6,1,4,1,16.7,24,36,-12,4,0,0,0,0,,0,0,0,0,6,1,4,16.7,0,0,
P1445,1,B,6,2,3,1,33.3,31,29,2,7,0,0,0,0,,0,0,0,0,6,2,3,33.3,0,0,
P1500,1,B,4,2,1,1,50.0,23,17,6,7,1,0,0,0,,0,0,0,0,4,2,1,50.0,0,0,
P1490,1,B,4,1,3,0,25.0,21,19,2,3,0,0,0,0,,0,0,0,0,4,1,3,25.0,0,0,
P1546,1,B,1,1,0,0,100.0,10,0,10,3,0,0,0,0,,0,0,0,0,1,1,0,100.0,0,0,
P1470,1,B,6,0,6,0,0.0,0,60,-60,0,0,0,0,0,,0,0,0,0,6,0,6,0.0,0,0,
P1502,2,B,5,1,3,1,20.0,25,25,0,4,0,0,0,0,,0,0,0,0,5,1,3,20.0,0,0,
P1541,0,,0,0,0,0,,0,0,0,0,1,0,0,0,,0,0,0,0,0,0,0,,0,0,
P1563,0,,0,0,0,0,,0,0,0,0,1,0,0,0,,0,0,0,0,0,0,0,,0,0,
P1473,0,,0,0,0,0,,0,0,0,0,1,0,0,0,,0,0,0,0,0,0,0,,0,0,
P1519,0,,0,0,0,0,,0,0,0,0,1,0,0,0,,0,0,0,0,0,0,0,,0,0,
P1431,0,,0,0,0,0,,0,0,0,0,1,0,0,0,,0,0,0,0,0,0,0,,0,0,
P1527,0,,0,0,0,0,,0,0,0,0,1,0,0,0,,0,0,0,0,0,0,0,,0,0,
P1581,2,A,10,7,2,1,70.0,65,35,30,22,2,0,0,0,,0,0,0,0,10,7,2,70.0,0,0,
P1717,14,AB,72,29,39,4,40.3,320,399,-79,91,6,16,10,6,62.5,0,1,1,2,88,39,45,44.3,0,4,
P1593,4,AB,22,14,7,1,63.6,138,82,56,43,3,4,4,0,100.0,1,0,1,1,26,18,7,69.2,1,4,2013-s5
P1637,1,A,6,0,6,0,0.0,12,48,-36,0,0,0,0,0,,0,0,0,0,6,0,6,0.0,0,0,
P1605,1,A,6,1,5,0,16.7,24,36,-12,3,0,0,0,0,,0,0,0,0,6,1,5,16.7,0,0,
P1667,1,A,6,3,2,1,50.0,28,32,-4,10,1,0,0,0,,0,0,0,0,6,3,2,50.0,0,0,
P1672,2,A,10,4,6,0,40.0,43,57,-14,12,1,0,0,0,,0,0,0,0,10,4,6,40.0,0,0,
P1650,4,A,22,14,7,1,63.6,130,83,47,43,3,5,3,2,60.0,0,0,0,0,27,17,9,63.0,0,2,
P1619,1,A,5,1,4,0,20.0,13,37,-24,3,0,0,0,0,,0,0,0,0,5,1,4,20.0,0,0,
P1685,2,A,7,3,4,0,42.9,24,46,-22,9,0,0,0,0,,0,0,0,0,7,3,4,42.9,0,0,
P1659,1,A,5,1,2,2,20.0,22,28,-6,5,1,0,0,0,,0,0,0,0,5,1,2,20.0,0,0,
P1699,2,AB,7,2,5,0,28.6,31,39,-8,6,0,0,0,0,,0,0,0,0,7,2,5,28.6,0,0,
P1645,1,A,3,0,3,0,0.0,5,25,-20,0,0,0,0,0,,0,0,0,0,3,0,3,0.0,0,0,
P1655,2,A,8,7,1,0,87.5,58,22,36,21,2,0,0,0,,0,0,0,0,8,7,1,87.5,0,0,
P1620,1,A,6,4,2,0,66.7,44,16,28,12,1,0,0,0,,0,0,0,0,6,4,2,66.7,0,0,
P1723,1,A,6,0,6,0,0.0,3,57,-54,0,0,0,0,0,,0,0,0,0,6,0,6,0.0,0,0,
P1654,1,A,5,4,1,0,80.0,29,21,8,12,1,0,0,0,,0,0,0,0,5,4,1,80.0,0,0,
P1695,0,,0,0,0,0,,0,0,0,0,1,0,0,0,,0,0,0,0,0,0,0,,0,0,
P1715,1,B,6,3,3,0,50.0,33,27,6,9,1,0,0,0,,0,0,0,0,6,3,3,50.0,0,0,
P1573,3,B,17,4,11,2,23.5,56,115,-59,14,1,0,0,0,,0,0,0,0,17,4,11,23.5,0,0,
P1632,2,AB,11,5,6,0,45.5,54,56,-2,15,1,0,0,0,,0,0,0,0,11,5,6,45.5,0,0,
P1707,1,B,4,0,4,0,0.0,9,31,-22,0,0,0,0,0,,0,0,0,0,4,0,4,0.0,0,0,
P1716,2,B,10,2,8,0,20.0,29,71,-42,6,0,0,0,0,,0,0,0,0,10,2,8,20.0,0,0,
P1596,2,B,12,2,10,0,16.7,46,74,-28,6,0,0,0,0,,0,0,0,0,12,2,10,16.7,0,0,
P1572,3,B,18,12,4,2,66.7,112,67,45,38,2,0,0,0,,0,0,0,0,18,12,4,66.7,0,0,
P1576,4,AB,23,9,10,4,39.1,110,120,-10,31,2,0,0,0,,1,0,1,0,23,9,10,39.1,1,0,2011-s3
P1721,3,B,17,7,8,2,41.2,86,84,2,23,2,0,0,0,,0,0,0,0,17,7,8,41.2,0,0,
P1626,4,B,23,14,9,0,60.9,134,96,38,42,2,0,0,0,,0,0,0,0,23,14,9,60.9,0,0,
P1589,2,AB,8,5,2,1,62.5,51,29,22,16,1,0,0,0,,1,0,1,0,8,5,2,62.5,1,0,2011-s1
P1664,12,AB,48,23,21,4,47.9,239,241,-2,73,4,8,4,4,50.0,0,0,0,0,56,27,25,48.2,0,2,
P1652,1,B,5,1,4,0,20.0,11,39,-28,3,0,0,0,0,,0,0,0,0,5,1,4,20.0,0,0,
P1668,1,B,6,3,3,0,50.0,32,28,4,9,0,0,0,0,,0,0,0,0,6,3,3,50.0,0,0,
P1694,1,B,5,2,3,0,40.0,19,31,-12,6,0,0,0,0,,0,0,0,0,5,2,3,40.0,0,0,
P1725,2,AB,9,6,3,0,66.7,54,36,18,18,1,0,0,0,,0,0,0,0,9,6,3,66.7,0,0,
P1623,2,B,10,4,5,1,40.0,51,49,2,13,1,0,0,0,,0,0,0,0,10,4,5,40.0,0,0,
P1579,2,B,11,4,6,1,36.4,31,69,-38,13,1,0,0,0,,0,0,0,0,11,4,6,36.4,0,0,
P1642,3,AB,18,7,10,1,38.9,81,99,-18,22,1,0,0,0,,0,1,1,0,18,7,10,38.9,0,0,
P1720,1,B,6,0,6,0,0.0,15,45,-30,0,0,0,0,0,,0,0,0,0,6,0,6,0.0,0,0,
P1709,1,B,5,1,4,0,20.0,19,31,-12,3,0,0,0,0,,0,0,0,0,5,1,4,20.0,0,0,
P1603,3,AB,17,9,7,1,52.9,89,71,18,28,2,0,0,0,,0,1,1,0,17,9,7,52.9,0,0,
P1613,1,B,5,3,2,0,60.0,29,21,8,9,0,0,0,0,,0,0,0,0,5,3,2,60.0,0,0,
P1571,0,,0,0,0,0,,0,0,0,0,1,0,0,0,,0,0,0,0,0,0,0,,0,0,
P1726,0,,0,0,0,0,,0,0,0,0,1,0,0,0,,0,0,0,0,0,0,0,,0,0,
P1704,1,A,5,1,4,0,20.0,18,32,-14,3,0,0,0,0,,0,0,0,0,5,1,4,20.0,0,0,
P1666,4,AB,18,8,10,0,44.4,72,108,-36,24,1,1,0,1,0.0,0,0,0,0,19,8,11,42.1,0,0,
P1657,1,A,6,0,6,0,0.0,18,42,-24,0,0,0,0,0,,0,0,0,0,6,0,6,0.0,0,0,
P1594,2,A,10,6,4,0,60.0,52,48,4,18,1,0,0,0,,0,0,0,0,10,6,4,60.0,0,0,
P1621,1,A,4,1,3,0,25.0,10,30,-20,3,0,0,0,0,,0,0,0,0,4,1,3,25.0,0,0,
P1567,12,A,59,44,12,3,74.6,346,244,102,135,11,21,13,8,61.9,0,1,1,1,80,57,20,71.2,0,3,
P1728,1,A,3,0,3,0,0.0,9,21,-12,0,0,0,0,0,,0,0,0,0,3,0,3,0.0,0,0,
P1583,1,A,5,4,1,0,80.0,28,22,6,12,0,0,0,0,,0,0,0,0,5,4,1,80.0,0,0,
P1648,1,A,6,2,3,1,33.3,30,30,0,7,1,0,0,0,,0,0,0,0,6,2,3,33.3,0,0,
P1713,3,A,14,12,2,0,85.7,98,42,56,36,2,0,0,0,,1,0,1,0,14,12,2,85.7,1,0,2011-s4
P1602,1,A,6,3,3,0,50.0,31,29,2,9,1,0,0,0,,0,0,0,0,6,3,3,50.0,0,0,
P1678,0,,0,0,0,0,,0,0,0,0,1,0,0,0,,0,0,0,0,0,0,0,,0,0,
P1663,2,B,11,5,6,0,45.5,59,51,8,15,1,0,0,0,,0,0,0,0,11,5,6,45.5,0,0,
P1677,1,B,6,6,0,0,100.0,49,11,38,18,1,0,0,0,,0,0,0,0,6,6,0,100.0,0,0,
P1649,1,B,2,0,1,1,0.0,5,15,-10,1,0,0,0,0,,0,0,0,0,2,0,1,0.0,0,0,
P1696,3,B,14,2,10,2,14.3,49,91,-42,8,0,0,0,0,,0,0,0,0,14,2,10,14.3,0,0,
P1638,1,B,6,1,5,0,16.7,23,37,-14,3,0,0,0,0,,0,0,0,0,6,1,5,16.7,0,0,
P1606,2,B,11,5,3,3,45.5,56,54,2,18,2,0,0,0,,0,0,0,0,11,5,3,45.5,0,0,
P1622,1,B,6,4,2,0,66.7,39,21,18,12,1,0,0,0,,0,0,0,0,6,4,2,66.7,0,0,
P1624,2,B,12,4,8,0,33.3,47,73,-26,12,0,0,0,0,,0,0,0,0,12,4,8,33.3,0,0,
P1574,1,B,6,2,3,1,33.3,23,37,-14,7,0,0,0,0,,0,0,0,0,6,2,3,33.3,0,0,
P1635,1,B,6,3,2,1,50.0,34,26,8,10,1,0,0,0,,0,0,0,0,6,3,2,50.0,0,0,
P1617,1,B,5,3,2,0,60.0,31,19,12,9,1,0,0,0,,0,0,0,0,5,3,2,60.0,0,0,
P1708,1,B,4,0,3,1,0.0,3,37,-34,1,0,0,0,0,,0,0,0,0,4,0,3,0.0,0,0,
P1600,1,B,5,1,3,1,20.0,31,29,2,4,0,0,0,0,,0,0,0,0,5,1,3,20.0,0,0,
P1597,1,B,6,0,5,1,0.0,13,37,-24,1,0,0,0,0,,0,0,0,0,6,0,5,0.0,0,0,
P1607,6,AB,22,11,10,1,50.0,115,105,10,34,5,3,1,2,33.3,0,0,0,0,25,12,12,48.0,0,1,
P1727,0,,0,0,0,0,,0,0,0,0,1,0,0,0,,0,0,0,0,0,0,0,,0,0,
P1615,1,A,4,3,1,0,75.0,23,17,6,9,1,0,0,0,,0,0,0,0,4,3,1,75.0,0,0,
P1675,3,AB,18,7,10,1,38.9,86,94,-8,22,1,0,0,0,,0,0,0,0,18,7,10,38.9,0,0,
P1627,8,AB,32,12,16,4,37.5,155,155,0,40,2,1,0,1,0.0,0,1,1,0,33,12,17,36.4,0,0,
P1688,1,A,5,1,3,1,20.0,17,33,-16,4,0,0,0,0,,0,0,0,0,5,1,3,20.0,0,0,
P1691,1,A,6,5,1,0,83.3,36,24,12,15,1,0,0,0,,0,0,0,0,6,5,1,83.3,0,0,
P1714,2,AB,8,2,6,0,25.0,33,47,-14,6,0,0,0,0,,0,0,0,0,8,2,6,25.0,0,0,
P1686,5,AB,16,8,5,3,50.0,88,72,16,27,1,2,1,1,50.0,0,0,0,0,18,9,6,50.0,0,1,
P1630,1,A,6,4,2,0,66.7,36,24,12,12,1,0,0,0,,0,0,0,0,6,4,2,66.7,0,0,
P1577,1,A,4,3,1,0,75.0,24,16,8,9,1,0,0,0,,0,0,0,0,4,3,1,75.0,0,0,
P1614,1,A,6,0,5,1,0.0,22,38,-16,1,0,0,0,0,,0,0,0,0,6,0,5,0.0,0,0,
P1582,1,B,6,5,1,0,83.3,34,26,8,15,1,0,0,0,,0,0,0,0,6,5,1,83.3,0,0,
P1660,1,B,6,3,3,0,50.0,34,26,8,9,1,0,0,0,,0,0,0,0,6,3,3,50.0,0,0,
P1682,1,B,5,0,5,0,0.0,15,35,-20,0,0,0,0,0,,0,0,0,0,5,0,5,0.0,0,0,
P1570,2,B,12,6,6,0,50.0,57,63,-6,18,2,0,0,0,,0,0,0,0,12,6,6,50.0,0,0,
P1653,2,B,11,8,3,0,72.7,72,38,34,24,2,0,0,0,,0,0,0,0,11,8,3,72.7,0,0,
P1680,2,B,8,4,4,0,50.0,44,36,8,12,1,0,0,0,,0,0,0,0,8,4,4,50.0,0,0,
P1644,1,B,6,4,1,1,66.7,35,25,10,13,1,0,0,0,,0,0,0,0,6,4,1,66.7,0,0,
P1658,1,B,6,0,6,0,0.0,17,43,-26,0,0,0,0,0,,0,0,0,0,6,0,6,0.0,0,0,
P1598,1,B,6,3,3,0,50.0,28,32,-4,9,0,0,0,0,,0,0,0,0,6,3,3,50.0,0,0,
P1575,1,B,6,1,5,0,16.7,10,50,-40,3,0,0,0,0,,0,0,0,0,6,1,5,16.7,0,0,
P1633,1,B,5,1,4,0,20.0,22,28,-6,3,0,0,0,0,,0,0,0,0,5,1,4,20.0,0,0,
P1610,1,B,3,0,3,0,0.0,4,26,-22,0,0,0,0,0,,0,0,0,0,3,0,3,0.0,0,0,
P1609,2,B,11,7,4,0,63.6,62,38,24,21,2,0,0,0,,1,1,2,0,11,7,4,63.6,1,0,2011-s4
P1705,1,B,4,1,3,0,25.0,9,31,-22,3,0,0,0,0,,0,0,0,0,4,1,3,25.0,0,0,
P1628,1,B,3,0,3,0,0.0,7,23,-16,0,0,0,0,0,,0,0,0,0,3,0,3,0.0,0,0,
P1697,1,B,5,3,2,0,60.0,33,17,16,9,1,0,0,0,,0,0,0,0,5,3,2,60.0,0,0,
P1703,1,B,6,4,2,0,66.7,35,25,10,12,0,0,0,0,,0,0,0,0,6,4,2,66.7,0,0,
P1669,1,B,6,4,2,0,66.7,34,26,8,12,1,0,0,0,,0,0,0,0,6,4,2,66.7,0,0,
P1639,1,B,5,3,2,0,60.0,28,22,6,9,0,0,0,0,,0,0,0,0,5,3,2,60.0,0,0,
P1568,1,B,5,3,2,0,60.0,22,28,-6,9,1,0,0,0,,0,0,0,0,5,3,2,60.0,0,0,
P1616,1,B,6,5,1,0,83.3,44,16,28,15,1,0,0,0,,0,0,0,0,6,5,1,83.3,0,0,
P1592,2,B,5,1,4,0,20.0,14,36,-22,3,0,0,0,0,,0,0,0,0,5,1,4,20.0,0,0,
P1710,2,B,11,4,7,0,36.4,41,59,-18,12,0,0,0,0,,0,0,0,0,11,4,7,36.4,0,0,
P1634,0,,0,0,0,0,,0,0,0,0,1,0,0,0,,0,0,0,0,0,0,0,,0,0,
P1712,0,,0,0,0,0,,0,0,0,0,1,0,0,0,,0,0,0,0,0,0,0,,0,0,
P1599,1,B,6,2,3,1,33.3,32,28,4,7,2,0,0,0,,0,0,0,0,6,2,3,33.3,0,0,
P1692,0,,0,0,0,0,,0,0,0,0,1,0,0,0,,0,0,0,0,0,0,0,,0,0,
P1693,1,A,4,0,4,0,0.0,12,28,-16,0,0,0,0,0,,0,0,0,0,4,0,4,0.0,0,0,
P1578,10,A,29,16,10,3,55.2,151,139,12,51,7,10,7,3,70.0,0,0,0,1,39,23,13,59.0,0,3,
P1706,1,A,4,2,1,1,50.0,21,19,2,7,1,0,0,0,,0,0,0,0,4,2,1,50.0,0,0,
P1683,1,A,5,1,4,0,20.0,19,31,-12,3,0,0,0,0,,0,0,0,0,5,1,4,20.0,0,0,
P1595,2,A,11,5,6,0,45.5,46,54,-8,15,1,0,0,0,,0,0,0,0,11,5,6,45.5,0,0,
P1631,2,A,11,2,9,0,18.2,47,63,-16,6,0,0,0,0,,0,0,0,0,11,2,9,18.2,0,0,
P1584,2,A,10,7,2,1,70.0,57,43,14,22,2,2,1,1,50.0,0,0,0,0,12,8,3,66.7,0,1,
P1724,1,A,4,0,4,0,0.0,8,32,-24,0,0,0,0,0,,0,0,0,0,4,0,4,0.0,0,0,
P1701,2,A,11,8,2,1,72.7,64,46,18,25,2,0,0,0,,0,0,0,0,11,8,2,72.7,0,0,
P1588,12,A,54,32,20,2,59.3,293,244,49,98,9,13,6,7,46.2,0,0,0,1,67,38,27,56.7,0,3,
P1656,1,A,6,5,0,1,83.3,42,18,24,16,1,0,0,0,,0,1,1,0,6,5,0,83.3,0,0,
P1569,2,A,12,4,6,2,33.3,48,62,-14,14,1,0,0,0,,0,0,0,0,12,4,6,33.3,0,0,
P1625,1,B,5,1,3,1,20.0,19,31,-12,4,0,0,0,0,,0,0,0,0,5,1,3,20.0,0,0,
P1700,1,B,6,6,0,0,100.0,45,15,30,18,1,0,0,0,,0,0,0,0,6,6,0,100.0,0,0,
P1718,1,B,3,1,2,0,33.3,9,21,-12,3,0,0,0,0,,0,0,0,0,3,1,2,33.3,0,0,
P1676,1,B,4,0,3,1,0.0,11,29,-18,1,0,0,0,0,,0,0,0,0,4,0,3,0.0,0,0,
P1698,2,B,11,5,6,0,45.5,49,61,-12,15,1,0,0,0,,0,0,0,0,11,5,6,45.5,0,0,
P1673,1,B,5,4,0,1,80.0,32,18,14,13,1,0,0,0,,0,0,0,0,5,4,0,80.0,0,0,
P1681,1,B,5,4,1,0,80.0,32,18,14,12,1,0,0,0,,0,0,0,0,5,4,1,80.0,0,0,
P1661,1,B,1,0,1,0,0.0,4,6,-2,0,0,0,0,0,,0,0,0,0,1,0,1,0.0,0,0,
P1643,3,B,15,5,10,0,33.3,62,88,-26,15,2,1,0,1,0.0,0,0,0,0,16,5,11,31.2,0,0,
P1629,1,B,5,2,2,1,40.0,25,25,0,7,0,0,0,0,,0,0,0,0,5,2,2,40.0,0,0,
P1674,1,B,6,2,3,1,33.3,28,32,-4,7,1,0,0,0,,0,0,0,0,6,2,3,33.3,0,0,
P1580,1,B,4,4,0,0,100.0,32,8,24,12,1,0,0,0,,0,0,0,0,4,4,0,100.0,0,0,
P1641,1,B,5,1,4,0,20.0,17,33,-16,3,0,0,0,0,,0,0,0,0,5,1,4,20.0,0,0,
P1604,8,AB,34,22,9,3,64.7,214,126,88,69,4,9,7,2,77.8,1,0,1,1,43,29,11,67.4,1,5,2013-s1
P1608,1,B,5,3,2,0,60.0,25,25,0,9,1,0,0,0,,0,0,0,0,5,3,2,60.0,0,0,
P1636,1,B,6,5,1,0,83.3,37,23,14,15,1,0,0,0,,0,0,0,0,6,5,1,83.3,0,0,
P1670,1,B,6,1,5,0,16.7,23,39,-16,3,0,0,0,0,,0,0,0,0,6,1,5,16.7,0,0,
P1640,1,B,2,0,2,0,0.0,1,9,-8,0,0,0,0,0,,0,0,0,0,2,0,2,0.0,0,0,
P1690,1,B,4,2,2,0,50.0,15,15,0,6,0,0,0,0,,0,0,0,0,4,2,2,50.0,0,0,
P1702,1,B,4,0,4,0,0.0,13,27,-14,0,0,0,0,0,,0,0,0,0,4,0,4,0.0,0,0,
P1585,2,A,10,10,0,0,100.0,71,29,42,30,2,5,5,0,100.0,2,0,2,1,15,15,0,100.0,2,5,"2011-s5,2012-s1"
P1679,1,A,6,3,2,1,50.0,25,25,0,10,1,0,0,0,,0,0,0,0,6,3,2,50.0,0,0,
P1618,1,A,4,0,4,0,0.0,9,21,-12,0,0,0,0,0,,0,0,0,0,4,0,4,0.0,0,0,
P1719,2,A,6,4,2,0,66.7,33,27,6,12,1,0,0,0,,0,0,0,0,6,4,2,66.7,0,0,
P1689,1,A,5,5,0,0,100.0,26,14,12,15,1,0,0,0,,0,0,0,0,5,5,0,100.0,0,0,
P1586,10,AB,35,13,19,3,37.1,160,190,-30,42,4,6,2,4,33.3,0,0,0,0,41,15,23,36.6,0,1,
P1647,1,B,6,1,5,0,16.7,19,41,-22,3,0,0,0,0,,0,0,0,0,6,1,5,16.7,0,0,
P1671,1,B,6,3,1,2,50.0,33,27,6,11,1,0,0,0,,0,0,0,0,6,3,1,50.0,0,0,
P1722,1,B,3,1,2,0,33.3,10,20,-10,3,0,0,0,0,,0,0,0,0,3,1,2,33.3,0,0,
P1601,1,B,5,2,3,0,40.0,18,32,-14,6,0,0,0,0,,0,0,0,0,5,2,3,40.0,0,0,
P1651,1,B,6,5,1,0,83.3,41,19,22,15,1,0,0,0,,0,0,0,0,6,5,1,83.3,0,0,
P1587,12,AB,57,38,13,6,66.7,362,204,158,120,10,23,16,7,69.6,1,1,2,2,80,54,20,67.5,1,5,2013-s4
P1646,5,B,17,1,16,0,5.9,42,128,-86,3,0,0,0,0,,0,0,0,0,17,1,16,5.9,0,0,
P1711,1,B,6,1,4,1,16.7,21,39,-18,4,0,0,0,0,,0,0,0,0,6,1,4,16.7,0,0,
P1590,1,B,6,3,3,0,50.0,30,30,0,9,1,0,0,0,,0,0,0,0,6,3,3,50.0,0,0,
P1684,1,B,6,1,4,1,16.7,28,32,-4,4,0,0,0,0,,0,0,0,0,6,1,4,16.7,0,0,
P1611,1,B,6,3,3,0,50.0,34,26,8,9,1,0,0,0,,0,0,0,0,6,3,3,50.0,0,0,
P1591,1,B,6,6,0,0,100.0,39,21,18,18,1,0,0,0,,1,0,1,0,6,6,0,100.0,1,0,2011-s5
P1687,1,B,4,2,2,0,50.0,21,19,2,6,0,0,0,0,,0,0,0,0,4,2,2,50.0,0,0,
P1662,1,B,6,2,3,1,33.3,26,34,-8,7,1,0,0,0,,0,0,0,0,6,2,3,33.3,0,0,
P1612,1,B,6,0,6,0,0.0,21,39,-18,0,0,0,0,0,,0,0,0,0,6,0,6,0.0,0,0,
P1665,0,,0,0,0,0,,0,0,0,0,1,0,0,0,,0,0,0,0,0,0,0,,0,0,
P1802,9,A,39,25,9,5,64.1,232,153,79,80,6,13,8,5,61.5,1,0,1,1,52,33,14,63.5,1,5,2012-s5
P1801,3,A,13,9,4,0,69.2,81,49,32,27,2,3,1,2,33.3,0,0,0,0,16,10,6,62.5,0,1,
P1761,5,AB,29,13,11,5,44.8,151,139,12,44,3,6,3,3,50.0,0,0,0,0,35,16,14,45.7,0,2,
P1846,2,A,7,0,7,0,0.0,9,61,-52,0,0,0,0,0,,0,0,0,0,7,0,7,0.0,0,0,
P1825,11,A,44,20,23,1,45.5,216,219,-3,61,5,7,3,4,42.9,0,0,0,0,51,23,27,45.1,0,1,
P1817,1,A,5,1,4,0,20.0,21,29,-8,3,0,0,0,0,,0,0,0,0,5,1,4,20.0,0,0,
P1821,3,A,8,4,4,0,50.0,38,42,-4,12,1,2,1,1,50.0,0,0,0,0,10,5,5,50.0,0,1,
P1822,2,A,5,0,5,0,0.0,4,46,-42,0,0,0,0,0,,0,0,0,0,5,0,5,0.0,0,0,
P1852,1,A,5,4,1,0,80.0,32,18,14,12,0,0,0,0,,0,0,0,0,5,4,1,80.0,0,0,
P1771,6,AB,25,7,14,4,28.0,113,137,-24,25,2,5,3,2,60.0,0,1,1,1,30,10,16,33.3,0,3,
P1739,6,AB,22,11,11,0,50.0,116,104,12,33,2,5,3,2,60.0,0,0,0,0,27,14,13,51.9,0,2,
P1839,5,A,23,17,4,2,73.9,139,91,48,53,4,6,2,4,33.3,0,0,0,0,29,19,8,65.5,0,1,
P1732,9,A,46,29,7,10,63.0,276,181,95,97,8,23,16,7,69.6,1,1,2,2,69,45,14,65.2,1,5,2013-s3
P1765,5,A,29,14,8,7,48.3,159,131,28,49,4,11,7,4,63.6,0,0,0,1,40,21,12,52.5,0,3,
P1815,1,A,3,1,2,0,33.3,10,20,-10,3,0,0,0,0,,0,0,0,0,3,1,2,33.3,0,0,
P1830,11,A,51,27,20,4,52.9,264,240,24,85,8,16,8,8,50.0,0,0,0,1,67,35,28,52.2,0,3,
P1740,3,A,6,3,3,0,50.0,24,36,-12,9,1,1,0,1,0.0,0,0,0,0,7,3,4,42.9,0,0,
P1757,9,A,42,20,21,1,47.6,207,209,-2,61,5,9,4,5,44.4,0,0,0,0,51,24,26,47.1,0,2,
P1835,7,A,20,5,13,2,25.0,84,116,-32,17,1,1,0,1,0.0,0,0,0,0,21,5,14,23.8,0,0,
P1775,4,A,17,4,12,1,23.5,75,95,-20,13,1,1,0,1,0.0,0,0,0,0,18,4,13,22.2,0,0,
P1842,2,A,6,4,2,0,66.7,33,27,6,12,2,2,0,2,0.0,0,0,0,0,8,4,4,50.0,0,0,
P1854,4,A,9,1,8,0,11.1,23,67,-44,3,1,1,0,1,0.0,0,0,0,0,10,1,9,10.0,0,0,
P1791,11,A,50,33,10,7,66.0,297,195,102,106,11,36,26,10,72.2,1,1,2,5,86,59,20,68.6,1,5,2013-s5
P1753,3,AB,11,7,4,0,63.6,54,56,-2,21,1,2,1,1,50.0,0,0,0,0,13,8,5,61.5,0,1,
P1853,1,,0,0,0,0,,0,0,0,0,1,2,1,1,50.0,0,0,0,0,2,1,1,50.0,0,1,
P1748,2,A,3,0,3,0,0.0,6,24,-18,0,1,1,0,1,0.0,0,0,0,0,4,0,4,0.0,0,0,
P1735,6,B,29,16,12,1,55.2,149,141,8,49,4,8,4,4,50.0,0,0,0,0,37,20,16,54.1,0,2,
P1823,2,B,11,5,6,0,45.5,58,52,6,15,1,2,1,1,50.0,0,0,0,0,13,6,7,46.2,0,1,
P1778,3,B,16,13,3,0,81.2,94,66,28,39,3,8,5,3,62.5,0,0,0,1,24,18,6,75.0,0,3,
P1803,1,B,1,0,1,0,0.0,4,6,-2,0,0,0,0,0,,0,0,0,0,1,0,1,0.0,0,0,
P1807,7,B,34,21,11,2,61.8,184,156,28,65,5,10,5,5,50.0,0,0,0,0,44,26,16,59.1,0,1,
P1762,4,B,16,4,12,0,25.0,55,105,-50,12,0,0,0,0,,0,0,0,0,16,4,12,25.0,0,0,
P1754,1,B,4,3,1,0,75.0,25,15,10,9,1,1,0,1,0.0,0,0,0,0,5,3,2,60.0,0,0,
P1810,2,AB,12,5,4,3,41.7,68,52,16,18,1,1,0,1,0.0,0,0,0,0,13,5,5,38.5,0,0,
P1733,11,AB,39,20,18,1,51.3,197,193,4,61,7,15,9,6,60.0,1,1,2,2,54,29,24,53.7,1,4,2014-s1
P1756,1,B,4,0,4,0,0.0,13,27,-14,0,0,0,0,0,,0,0,0,0,4,0,4,0.0,0,0,
P1767,1,B,6,3,2,1,50.0,34,26,8,10,1,1,0,1,0.0,0,0,0,0,7,3,3,42.9,0,0,
P1838,1,B,6,4,2,0,66.7,36,24,12,12,0,0,0,0,,0,0,0,0,6,4,2,66.7,0,0,
P1764,3,B,10,1,9,0,10.0,22,78,-56,3,0,0,0,0,,0,0,0,0,10,1,9,10.0,0,0,
P1789,1,B,0,0,0,0,,0,0,0,0,0,0,0,0,,0,0,0,0,0,0,0,,0,0,
P1808,7,AB,28,17,8,3,60.7,160,120,40,54,5,12,7,5,58.3,0,0,0,0,40,24,13,60.0,0,2,
P1741,1,B,0,0,0,0,,0,0,0,0,0,0,0,0,,0,0,0,0,0,0,0,,0,0,
P1774,3,B,9,3,4,2,33.3,45,45,0,11,1,1,0,1,0.0,0,0,0,0,10,3,5,30.0,0,0,
P1843,1,B,4,0,4,0,0.0,8,32,-24,0,0,0,0,0,,0,0,0,0,4,0,4,0.0,0,0,
P1805,10,AB,49,24,23,2,49.0,242,241,1,74,5,14,9,5,64.3,0,0,0,1,63,33,28,52.4,0,3,
P1848,1,B,4,4,0,0,100.0,29,11,18,12,0,0,0,0,,0,0,0,0,4,4,0,100.0,0,0,
P1820,1,B,1,0,1,0,0.0,0,10,-10,0,0,0,0,0,,0,0,0,0,1,0,1,0.0,0,0,
P1836,3,B,10,6,4,0,60.0,59,41,18,18,1,1,0,1,0.0,0,0,0,0,11,6,5,54.5,0,0,
P1794,4,B,12,5,6,1,41.7,60,60,0,16,1,3,2,1,66.7,0,0,0,0,15,7,7,46.7,0,2,
P1730,9,AB,38,18,17,3,47.4,197,179,18,57,5,12,7,5,58.3,0,0,0,1,50,25,22,50.0,0,3,
P1818,10,AB,32,10,21,1,31.2,141,179,-38,31,4,11,8,3,72.7,1,0,1,1,43,18,24,41.9,1,5,2012-s5
P1824,6,AB,15,5,9,1,33.3,69,81,-12,16,2,5,3,2,60.0,0,0,0,0,20,8,11,40.0,0,2,
P1840,3,B,3,0,3,0,0.0,8,22,-14,0,1,0,0,0,,0,0,0,0,3,0,3,0.0,0,0,
P1812,1,,0,0,0,0,,0,0,0,0,1,1,0,1,0.0,0,0,0,0,1,0,1,0.0,0,0,
P1736,11,B,33,9,21,3,27.3,120,206,-86,30,4,6,2,4,33.3,0,0,0,0,39,11,25,28.2,0,1,
P1849,1,A,1,0,1,0,0.0,1,9,-8,0,0,0,0,0,,0,0,0,0,1,0,1,0.0,0,0,
P1770,1,A,5,3,1,1,60.0,32,18,14,10,1,1,0,1,0.0,0,0,0,0,6,3,2,50.0,0,0,
P1755,3,A,12,2,7,3,16.7,43,77,-34,9,0,0,0,0,,0,0,0,0,12,2,7,16.7,0,0,
P1773,2,A,9,2,6,1,22.2,37,53,-16,7,0,0,0,0,,0,0,0,0,9,2,6,22.2,0,0,
P1745,1,A,5,3,0,2,60.0,29,21,8,11,1,5,4,1,80.0,0,1,1,1,10,7,1,70.0,0,4,
P1729,1,,0,0,0,0,,0,0,0,0,2,19,1,18,5.3,0,0,0,0,19,1,18,5.3,0,1,
P1766,1,B,5,3,2,0,60.0,30,20,10,9,1,1,0,1,0.0,0,0,0,0,6,3,3,50.0,0,0,
P1780,1,B,2,0,2,0,0.0,5,15,-10,0,0,0,0,0,,0,0,0,0,2,0,2,0.0,0,0,
P1804,2,B,8,1,7,0,12.5,24,55,-31,3,0,0,0,0,,0,0,0,0,8,1,7,12.5,0,0,
P1798,5,B,19,5,13,1,26.3,80,110,-30,16,1,1,1,0,100.0,0,0,0,0,20,6,13,30.0,0,1,
P1787,1,B,6,5,0,1,83.3,45,15,30,16,1,2,1,1,50.0,0,0,0,0,8,6,1,75.0,0,1,
P1813,10,AB,48,28,15,5,58.3,266,210,56,89,8,18,12,6,66.7,0,1,1,2,66,40,21,60.6,0,4,
P1744,2,B,10,1,8,1,10.0,30,70,-40,4,0,0,0,0,,0,0,0,0,10,1,8,10.0,0,0,
P1746,2,B,6,6,0,0,100.0,51,9,42,18,1,3,2,1,66.7,0,0,0,0,9,8,1,88.9,0,2,
P1814,1,B,3,1,2,0,33.3,13,17,-4,3,0,0,0,0,,0,0,0,0,3,1,2,33.3,0,0,
P1795,1,B,4,0,4,0,0.0,12,28,-16,0,0,0,0,0,,0,0,0,0,4,0,4,0.0,0,0,
P1776,1,B,2,0,2,0,0.0,7,13,-6,0,0,0,0,0,,0,0,0,0,2,0,2,0.0,0,0,
P1782,1,B,5,2,2,1,40.0,28,22,6,7,1,1,0,1,0.0,0,0,0,0,6,2,3,33.3,0,0,
P1847,1,B,2,0,1,1,0.0,9,11,-2,1,0,0,0,0,,0,0,0,0,2,0,1,0.0,0,0,
P1799,1,B,0,0,0,0,,0,0,0,0,0,0,0,0,,0,0,0,0,0,0,0,,0,0,
P1747,2,B,1,0,1,0,0.0,3,7,-4,0,1,3,2,1,66.7,0,0,0,0,4,2,2,50.0,0,2,
P1731,5,AB,13,2,11,0,15.4,31,99,-68,6,2,9,7,2,77.8,0,1,1,2,22,9,13,40.9,0,4,
P1752,3,A,12,8,4,0,66.7,67,49,18,24,3,6,3,3,50.0,0,0,0,1,18,11,7,61.1,0,3,
P1845,1,A,4,0,4,0,0.0,14,26,-12,0,0,0,0,0,,0,0,0,0,4,0,4,0.0,0,0,
P1793,7,A,34,18,14,2,52.9,184,156,28,56,5,9,5,4,55.6,0,0,0,1,43,23,18,53.5,0,3,
P1783,2,A,11,4,4,3,36.4,52,54,-2,15,1,2,1,1,50.0,0,0,0,0,13,5,5,38.5,0,1,
P1819,1,A,5,2,2,1,40.0,27,23,4,7,1,1,0,1,0.0,0,0,0,0,6,2,3,33.3,0,0,
P1772,6,AB,23,10,10,3,43.5,112,118,-6,33,2,9,8,1,88.9,1,0,1,2,32,18,11,56.2,1,5,2013-s2
P1844,2,B,5,1,4,0,20.0,16,34,-18,3,0,0,0,0,,0,0,0,0,5,1,4,20.0,0,0,
P1800,6,B,24,5,18,1,20.8,85,155,-70,16,1,1,0,1,0.0,0,0,0,0,25,5,19,20.0,0,0,
P1781,2,B,9,1,8,0,11.1,28,62,-34,3,0,0,0,0,,0,0,0,0,9,1,8,11.1,0,0,
P1827,1,B,3,1,2,0,33.3,10,20,-10,3,0,0,0,0,,0,0,0,0,3,1,2,33.3,0,0,
P1790,1,B,3,1,1,1,33.3,19,11,8,4,1,1,0,1,0.0,0,0,0,0,4,1,2,25.0,0,0,
P1792,1,B,4,0,4,0,0.0,14,26,-12,0,0,0,0,0,,0,0,0,0,4,0,4,0.0,0,0,
P1786,8,B,34,20,11,3,58.8,188,152,36,63,4,8,4,4,50.0,0,0,0,0,42,24,15,57.1,0,2,
P1811,1,B,4,2,2,0,50.0,22,18,4,6,0,0,0,0,,0,0,0,0,4,2,2,50.0,0,0,
P1737,2,AB,9,6,1,2,66.7,56,34,22,20,1,3,2,1,66.7,0,0,0,0,12,8,2,66.7,0,2,
P1779,3,B,0,0,0,0,,0,0,0,0,3,9,6,3,66.7,0,0,0,1,9,6,3,66.7,0,3,
P1759,1,B,0,0,0,0,,0,0,0,0,1,3,2,1,66.7,0,0,0,0,3,2,1,66.7,0,2,
P1856,1,,0,0,0,0,,0,0,0,0,1,5,5,0,100.0,1,0,1,1,5,5,0,100.0,1,5,2012-s3
P1738,1,A,4,0,4,0,0.0,15,25,-10,0,0,0,0,0,,0,0,0,0,4,0,4,0.0,0,0,
P1734,8,AB,22,9,11,2,40.9,101,115,-14,29,5,12,7,5,58.3,0,0,0,2,34,16,16,47.1,0,3,
P1785,1,,0,0,0,0,,0,0,0,0,1,1,0,1,0.0,0,0,0,0,1,0,1,0.0,0,0,
P1850,1,B,3,0,3,0,0.0,10,20,-10,0,0,0,0,0,,0,0,0,0,3,0,3,0.0,0,0,
P1750,2,AB,3,3,0,0,100.0,20,10,10,9,0,0,0,0,,0,0,0,0,3,3,0,100.0,0,0,
P1742,1,B,2,2,0,0,100.0,13,7,6,6,0,0,0,0,,0,0,0,0,2,2,0,100.0,0,0,
P1760,1,B,3,1,2,0,33.3,14,16,-2,3,0,0,0,0,,0,0,0,0,3,1,2,33.3,0,0,
P1777,1,B,4,1,3,0,25.0,18,22,-4,3,0,0,0,0,,0,0,0,0,4,1,3,25.0,0,0,
P1832,1,B,4,0,4,0,0.0,11,29,-18,0,0,0,0,0,,0,0,0,0,4,0,4,0.0,0,0,
P1837,6,B,25,9,11,5,36.0,102,144,-42,32,2,7,5,2,71.4,0,0,0,1,32,14,13,43.8,0,3,
P1796,1,B,2,1,1,0,50.0,13,7,6,3,0,0,0,0,,0,0,0,0,2,1,1,50.0,0,0,
P1834,1,B,2,0,2,0,0.0,4,16,-12,0,0,0,0,0,,0,0,0,0,2,0,2,0.0,0,0,
P1831,2,B,4,0,4,0,0.0,9,31,-22,0,0,0,0,0,,0,0,0,0,4,0,4,0.0,0,0,
P1806,1,B,1,0,1,0,0.0,2,8,-6,0,0,0,0,0,,0,0,0,0,1,0,1,0.0,0,0,
P1829,1,B,4,2,1,1,50.0,22,18,4,7,1,1,0,1,0.0,0,0,0,0,5,2,2,40.0,0,0,
P1797,3,B,8,1,7,0,12.5,27,49,-22,3,0,0,0,0,,0,0,0,0,8,1,7,12.5,0,0,
P1751,1,,0,0,0,0,,0,0,0,0,1,5,5,0,100.0,1,0,1,1,5,5,0,100.0,1,5,2012-s4
P1763,8,AB,36,16,14,6,44.4,179,177,2,54,6,13,7,6,53.8,0,1,1,1,49,23,20,46.9,0,4,
P1788,7,A,33,17,15,1,51.5,179,151,28,52,6,14,8,6,57.1,0,1,1,1,47,25,21,53.2,0,4,
P1749,2,A,4,2,2,0,50.0,19,21,-2,6,1,5,5,0,100.0,1,0,1,1,9,7,2,77.8,1,5,2013-s1
P1758,1,A,6,4,1,1,66.7,34,26,8,13,1,2,1,1,50.0,0,0,0,0,8,5,2,62.5,0,1,
P1809,3,A,13,5,8,0,38.5,63,67,-4,15,1,1,0,1,0.0,0,0,0,0,14,5,9,35.7,0,0,
P1851,1,A,5,2,2,1,40.0,29,21,8,7,1,2,1,1,50.0,0,0,0,0,7,3,3,42.9,0,1,
P1841,5,A,16,5,10,1,31.2,66,94,-28,16,2,2,0,2,0.0,0,0,0,0,18,5,12,27.8,0,0,
P1828,1,B,5,2,3,0,40.0,24,26,-2,6,1,3,2,1,66.7,0,0,0,0,8,4,4,50.0,0,2,
P1857,1,B,3,1,2,0,33.3,13,17,-4,3,0,0,0,0,,0,0,0,0,3,1,2,33.3,0,0,
P1855,1,B,2,0,2,0,0.0,7,13,-6,0,0,0,0,0,,0,0,0,0,2,0,2,0.0,0,0,
P1784,1,B,4,0,3,1,0.0,15,25,-10,1,0,0,0,0,,0,0,0,0,4,0,3,0.0,0,0,
P1768,6,AB,24,6,11,7,25.0,109,131,-22,25,1,2,1,1,50.0,0,0,0,0,26,7,12,26.9,0,1,
P1833,2,B,4,0,3,1,0.0,13,27,-14,1,0,0,0,0,,0,0,0,0,4,0,3,0.0,0,0,
P1826,1,B,6,3,2,1,50.0,36,24,12,10,0,0,0,0,,0,0,0,0,6,3,2,50.0,0,0,
P1769,3,AB,8,2,5,1,25.0,27,53,-26,7,1,0,0,0,,0,0,0,0,8,2,5,25.0,0,0,
P1743,6,AB,38,19,16,3,50.0,182,198,-16,60,4,8,4,4,50.0,0,0,0,1,46,23,20,50.0,0,2,
P1816,1,,0,0,0,0,,0,0,0,0,1,2,1,1,50.0,0,0,0,0,2,1,1,50.0,0,1,
P1918,1,A,3,0,3,0,0.0,4,26,-22,0,0,0,0,0,,0,0,0,0,3,0,3,0.0,0,0,
P1874,1,A,6,0,6,0,0.0,12,48,-36,0,0,0,0,0,,0,0,0,0,6,0,6,0.0,0,0,
P1860,5,A,21,13,7,1,61.9,109,101,8,40,3,10,7,3,70.0,0,0,0,1,31,20,10,64.5,0,3,
P1895,4,A,19,10,7,2,52.6,101,89,12,32,3,5,2,3,40.0,0,0,0,0,24,12,10,50.0,0,1,
P1868,1,A,3,0,3,0,0.0,9,21,-12,0,0,0,0,0,,0,0,0,0,3,0,3,0.0,0,0,
P1936,1,,0,0,0,0,,0,0,0,0,1,2,1,1,50.0,0,0,0,0,2,1,1,50.0,0,1,
P1863,1,B,6,1,5,0,16.7,24,36,-12,3,0,0,0,0,,0,0,0,0,6,1,5,16.7,0,0,
P1890,6,B,25,6,18,1,24.0,100,146,-46,19,0,0,0,0,,0,0,0,0,25,6,18,24.0,0,0,
P1903,2,B,7,0,7,0,0.0,22,48,-26,0,0,0,0,0,,0,0,0,0,7,0,7,0.0,0,0,
P1875,1,B,2,0,2,0,0.0,3,17,-14,0,0,0,0,0,,0,0,0,0,2,0,2,0.0,0,0,
P1862,5,AB,24,11,12,1,45.8,119,117,2,34,0,0,0,0,,0,0,0,0,24,11,12,45.8,0,0,
P1887,1,B,4,2,2,0,50.0,20,20,0,6,1,2,1,1,50.0,0,0,0,0,6,3,3,50.0,0,1,
P1930,2,B,12,9,3,0,75.0,74,46,28,27,0,0,0,0,,0,0,0,0,12,9,3,75.0,0,0,
P1900,1,B,6,1,5,0,16.7,18,42,-24,3,0,0,0,0,,0,0,0,0,6,1,5,16.7,0,0,
P1913,2,B,10,0,10,0,0.0,21,79,-58,0,0,0,0,0,,0,0,0,0,10,0,10,0.0,0,0,
P1878,1,B,4,0,4,0,0.0,11,29,-18,0,0,0,0,0,,0,0,0,0,4,0,4,0.0,0,0,
P1881,2,B,1,0,1,0,0.0,3,7,-4,0,1,3,2,1,66.7,0,0,0,0,4,2,2,50.0,0,2,
P1914,5,B,17,2,14,1,11.8,60,106,-46,7,0,0,0,0,,0,0,0,0,17,2,14,11.8,0,0,
P1931,2,B,6,0,6,0,0.0,0,60,-60,0,0,0,0,0,,0,0,0,0,6,0,6,0.0,0,0,
P1882,1,B,0,0,0,0,,0,0,0,0,0,0,0,0,,0,0,0,0,0,0,0,,0,0,
P1880,2,B,6,4,2,0,66.7,29,31,-2,12,2,4,2,2,50.0,0,0,0,0,10,6,4,60.0,0,1,
P1873,3,B,3,1,2,0,33.3,14,16,-2,3,2,5,3,2,60.0,0,0,0,0,8,4,4,50.0,0,2,
P1911,1,,0,0,0,0,,0,0,0,0,1,2,1,1,50.0,0,0,0,0,2,1,1,50.0,0,1,
P1929,1,,0,0,0,0,,0,0,0,0,1,3,2,1,66.7,0,0,0,0,3,2,1,66.7,0,2,
P1876,1,,0,0,0,0,,0,0,0,0,1,5,4,1,80.0,0,1,1,1,5,4,1,80.0,0,4,
P1871,3,A,18,14,3,1,77.8,106,67,39,43,3,9,6,3,66.7,0,0,0,1,27,20,6,74.1,0,3,
P1927,1,A,3,0,3,0,0.0,8,22,-14,0,0,0,0,0,,0,0,0,0,3,0,3,0.0,0,0,
P1909,1,,0,0,0,0,,0,0,0,0,1,3,2,1,66.7,0,0,0,0,3,2,1,66.7,0,2,
P1894,1,,0,0,0,0,,0,0,0,0,1,1,0,1,0.0,0,0,0,0,1,0,1,0.0,0,0,
P1921,2,B,5,5,0,0,100.0,35,15,20,15,1,2,1,1,50.0,0,0,0,0,7,6,1,85.7,0,1,
P1912,1,B,6,2,4,0,33.3,25,35,-10,6,0,0,0,0,,0,0,0,0,6,2,4,33.3,0,0,
P1859,4,B,18,11,7,0,61.1,93,87,6,33,4,5,1,4,20.0,0,0,0,0,23,12,11,52.2,0,1,
P1883,2,B,10,1,9,0,10.0,19,81,-62,3,0,0,0,0,,0,0,0,0,10,1,9,10.0,0,0,
P1872,3,B,12,10,1,1,83.3,75,45,30,31,2,5,3,2,60.0,0,0,0,0,17,13,3,76.5,0,2,
P1901,5,AB,29,10,17,2,34.5,125,164,-39,32,2,5,3,2,60.0,0,0,0,1,34,13,19,38.2,0,2,
P1864,1,B,0,0,0,0,,0,0,0,0,0,0,0,0,,0,0,0,0,0,0,0,,0,0,
P1926,2,B,6,3,2,1,50.0,33,27,6,10,2,2,0,2,0.0,0,0,0,0,8,3,4,37.5,0,0,
P1893,2,B,6,0,6,0,0.0,4,56,-52,0,1,3,2,1,66.7,0,0,0,0,9,2,7,22.2,0,2,
P1884,1,B,0,0,0,0,,0,0,0,0,0,0,0,0,,0,0,0,0,0,0,0,,0,0,
P1908,5,B,16,3,12,1,18.8,61,99,-38,10,2,4,2,2,50.0,0,0,0,0,20,5,14,25.0,0,1,
P1902,1,A,0,0,0,0,,0,0,0,0,0,0,0,0,,0,0,0,0,0,0,0,,0,0,
P1858,4,B,16,5,11,0,31.2,57,99,-42,15,1,1,0,1,0.0,0,0,0,0,17,5,12,29.4,0,0,
P1899,4,B,23,14,7,2,60.9,122,100,22,44,2,2,1,1,50.0,0,0,0,0,25,15,8,60.0,0,1,
P1889,2,B,11,6,4,1,54.5,58,52,6,19,0,0,0,0,,0,0,0,0,11,6,4,54.5,0,0,
P1896,2,AB,6,4,2,0,66.7,40,20,20,12,1,5,5,0,100.0,1,0,1,1,11,9,2,81.8,1,5,2013-s3
P1923,2,B,1,1,0,0,100.0,7,3,4,3,0,0,0,0,,0,0,0,0,1,1,0,100.0,0,0,
P1922,1,B,0,0,0,0,,0,0,0,0,0,0,0,0,,0,0,0,0,0,0,0,,0,0,
P1892,1,B,5,4,1,0,80.0,36,14,22,12,1,2,1,1,50.0,0,0,0,0,7,5,2,71.4,0,1,
P1870,3,AB,17,12,5,0,70.6,106,61,45,36,3,8,6,2,75.0,0,0,0,1,25,18,7,72.0,0,3,
P1869,2,B,9,8,1,0,88.9,59,31,28,24,2,5,4,1,80.0,0,0,0,1,14,12,2,85.7,0,3,
P1897,1,B,5,0,5,0,0.0,3,47,-44,0,0,0,0,0,,0,0,0,0,5,0,5,0.0,0,0,
P1861,4,B,11,4,6,1,36.4,55,55,0,13,1,2,1,1,50.0,0,0,0,0,13,5,7,38.5,0,1,
P1935,1,,0,0,0,0,,0,0,0,0,1,4,3,1,75.0,0,0,0,1,4,3,1,75.0,0,3,
P1886,2,A,10,5,5,0,50.0,44,49,-5,15,1,2,1,1,50.0,0,0,0,0,12,6,6,50.0,0,1,
P1932,1,A,5,2,3,0,40.0,22,24,-2,6,0,0,0,0,,0,0,0,0,5,2,3,40.0,0,0,
P1933,1,,0,0,0,0,,0,0,0,0,1,2,1,1,50.0,0,0,0,0,2,1,1,50.0,0,1,
P1917,2,B,5,1,3,1,20.0,19,30,-11,4,0,0,0,0,,0,0,0,0,5,1,3,20.0,0,0,
P1888,1,B,5,0,4,1,0.0,17,33,-16,1,0,0,0,0,,0,0,0,0,5,0,4,0.0,0,0,
P1867,3,AB,6,4,1,1,66.7,37,23,14,13,2,4,2,2,50.0,0,0,0,0,10,6,3,60.0,0,2,
P1910,1,B,5,0,5,0,0.0,14,36,-22,0,0,0,0,0,,0,0,0,0,5,0,5,0.0,0,0,
P1924,1,B,5,0,5,0,0.0,17,33,-16,0,0,0,0,0,,0,0,0,0,5,0,5,0.0,0,0,
P1920,1,B,4,0,4,0,0.0,12,28,-16,0,0,0,0,0,,0,0,0,0,4,0,4,0.0,0,0,
P1919,2,B,12,8,4,0,66.7,71,46,25,24,2,3,1,2,33.3,0,0,0,0,15,9,6,60.0,0,1,
P1916,1,B,5,2,3,0,40.0,18,32,-14,6,0,0,0,0,,0,0,0,0,5,2,3,40.0,0,0,
P1905,1,B,0,0,0,0,,0,0,0,0,0,0,0,0,,0,0,0,0,0,0,0,,0,0,
P1891,2,B,6,4,2,0,66.7,31,29,2,12,1,1,0,1,0.0,0,0,0,0,7,4,3,57.1,0,0,
P1904,3,B,9,4,5,0,44.4,38,44,-6,12,2,2,1,1,50.0,0,0,0,0,11,5,6,45.5,0,1,
P1906,1,B,0,0,0,0,,0,0,0,0,0,0,0,0,,0,0,0,0,0,0,0,,0,0,
P1907,1,B,0,0,0,0,,0,0,0,0,0,0,0,0,,0,0,0,0,0,0,0,,0,0,
P1865,1,A,3,0,2,1,0.0,10,20,-10,1,0,0,0,0,,0,0,0,0,3,0,2,0.0,0,0,
P1934,1,A,5,2,3,0,40.0,23,27,-4,6,0,0,0,0,,0,0,0,0,5,2,3,40.0,0,0,
P1877,1,A,5,0,5,0,0.0,15,35,-20,0,0,0,0,0,,0,0,0,0,5,0,5,0.0,0,0,
P1898,1,A,4,0,4,0,0.0,12,28,-16,0,0,0,0,0,,0,0,0,0,4,0,4,0.0,0,0,
P1866,1,A,0,0,0,0,,0,0,0,0,0,0,0,0,,0,0,0,0,0,0,0,,0,0,
P1915,1,,0,0,0,0,,0,0,0,0,1,1,0,1,0.0,0,0,0,0,1,0,1,0.0,0,0,
P1879,2,B,10,8,2,0,80.0,62,34,28,24,2,2,0,2,0.0,0,0,0,0,12,8,4,66.7,0,0,
P1885,1,B,3,1,2,0,33.3,15,15,0,3,0,0,0,0,,0,0,0,0,3,1,2,33.3,0,0,
P1928,1,,0,0,0,0,,0,0,0,0,1,1,0,1,0.0,0,0,0,0,1,0,1,0.0,0,0,
P1925,1,,0,0,0,0,,0,0,0,0,1,1,0,1,0.0,0,0,0,0,1,0,1,0.0,0,0,
P1942,1,A,6,3,3,0,50.0,30,30,0,9,0,0,0,0,,0,0,0,0,6,3,3,50.0,0,0,
P1948,1,A,5,1,4,0,20.0,20,30,-10,3,0,0,0,0,,0,0,0,0,5,1,4,20.0,0,0,
P1943,1,B,4,1,3,0,25.0,17,23,-6,3,1,2,1,1,50.0,0,0,0,0,6,2,4,33.3,0,1,
P1941,1,B,6,6,0,0,100.0,45,15,30,18,1,1,0,1,0.0,0,0,0,0,7,6,1,85.7,0,0,
P1939,1,B,1,0,1,0,0.0,2,8,-6,0,0,0,0,0,,0,0,0,0,1,0,1,0.0,0,0,
P1938,1,B,3,1,2,0,33.3,14,16,-2,3,0,0,0,0,,0,0,0,0,3,1,2,33.3,0,0,
P1946,1,B,6,3,2,1,50.0,31,29,2,10,0,0,0,0,,0,0,0,0,6,3,2,50.0,0,0,
P1947,1,B,6,0,6,0,0.0,0,60,-60,0,0,0,0,0,,0,0,0,0,6,0,6,0.0,0,0,
P1937,1,B,6,3,2,1,50.0,30,26,4,10,1,1,0,1,0.0,0,0,0,0,7,3,3,42.9,0,0,
P1940,1,B,6,0,5,1,0.0,20,40,-20,1,0,0,0,0,,0,0,0,0,6,0,5,0.0,0,0,
P1944,1,B,0,0,0,0,,0,0,0,0,0,0,0,0,,0,0,0,0,0,0,0,,0,0,
P1945,1,B,0,0,0,0,,0,0,0,0,0,0,0,0,,0,0,0,0,0,0,0,,0,0,
