player_id,season_id,division,group_id,group_letter,group_played,group_wins,group_losses,group_points,group_win_pct,made_playoffs,playoff_seed,result
P0027,2005-s1,single,2005-s1-single-GA,A,7,7,0,21,76,True,1,Champion
P0141,2005-s1,single,2005-s1-single-GA,A,4,1,3,3,33,False,,Group stage
P0082,2005-s1,single,2005-s1-single-GA,A,7,4,3,12,59,True,11,Made playoffs
P0131,2005-s1,single,2005-s1-single-GA,A,6,2,4,6,38,False,,Group stage
P0014,2005-s1,single,2005-s1-single-GA,A,7,5,2,15,60,True,14,Made playoffs
P0099,2005-s1,single,2005-s1-single-GA,A,6,1,5,3,38.3,False,,Group stage
P0055,2005-s1,single,2005-s1-single-GA,A,6,3,3,9,50,True,6,Made playoffs
P0156,2005-s1,single,2005-s1-single-GA,A,5,1,4,3,30,False,,Group stage
P0018,2005-s1,single,2005-s1-single-GB,B,7,6,1,18,69,True,12,Made playoffs
P0006,2005-s1,single,2005-s1-single-GB,B,7,5,2,15,57.1,True,3,Made playoffs
P0008,2005-s1,single,2005-s1-single-GB,B,5,4,0,13,66,False,,Group stage
P0137,2005-s1,single,2005-s1-single-GB,B,3,0,3,0,33,False,,Group stage
P0108,2005-s1,single,2005-s1-single-GB,B,4,0,4,0,20,False,,Group stage
P0002,2005-s1,single,2005-s1-single-GB,B,7,3,3,10,53,True,9,Made playoffs
P0143,2005-s1,single,2005-s1-single-GB,B,4,1,3,3,38,False,,Group stage
P0115,2005-s1,single,2005-s1-single-GB,B,3,0,3,0,30,False,,Group stage
P0058,2005-s1,single,2005-s1-single-GC,C,4,2,2,6,60,True,13,Made playoffs
P0107,2005-s1,single,2005-s1-single-GC,C,6,4,2,12,60,True,7,Made playoffs
P0044,2005-s1,single,2005-s1-single-GC,C,1,0,1,0,20,False,,Group stage
P0067,2005-s1,single,2005-s1-single-GC,C,5,4,0,13,64,True,8,Runner-up
P0155,2005-s1,single,2005-s1-single-GC,C,4,0,4,0,17.5,False,,Group stage
P0134,2005-s1,single,2005-s1-single-GC,C,2,0,2,0,20,False,,Group stage
P0052,2005-s1,single,2005-s1-single-GC,C,4,,3,60,,False,,Group stage
P0078,2005-s1,single,2005-s1-single-GC,C,5,2,2,7,56,True,4,Made playoffs
P0036,2005-s1,single,2005-s1-single-GD,D,5,3,1,10,64,True,10,Made playoffs
P0049,2005-s1,single,2005-s1-single-GD,D,7,5,0,17,67,True,5,Made playoffs
P0122,2005-s1,single,2005-s1-single-GD,D,4,1,3,3,23,False,,Group stage
P0046,2005-s1,single,2005-s1-single-GD,D,6,2,2,8,63,True,15,Made playoffs
P0015,2005-s1,single,2005-s1-single-GD,D,3,2,1,6,50,False,,Group stage
P0121,2005-s1,single,2005-s1-single-GD,D,7,1,5,4,37,False,,Group stage
P0007,2005-s1,single,2005-s1-single-GD,D,6,2,2,8,47,True,2,Made playoffs
P0092,2005-s1,single,2005-s1-single-GD,D,4,1,3,3,38,False,,Group stage
P0005,2005-s2,single,2005-s2-single-GA,A,6,4,2,13,63,True,2,Made playoffs
P0018,2005-s2,single,2005-s2-single-GA,A,5,5,0,15,78,True,10,Runner-up
P0082,2005-s2,single,2005-s2-single-GA,A,4,3,1,9,60,False,,Group stage
P0092,2005-s2,single,2005-s2-single-GA,A,3,1,2,3,50,False,,Group stage
P0150,2005-s2,single,2005-s2-single-GA,A,6,0,6,0,0,False,,Group stage
P0043,2005-s2,single,2005-s2-single-GA,A,4,1,3,3,50,False,,Group stage
P0058,2005-s2,single,2005-s2-single-GA,A,6,4,2,12,56,True,20,Made playoffs
P0027,2005-s2,single,2005-s2-single-GB,B,6,5,0,17,73,True,6,Made playoffs
P0003,2005-s2,single,2005-s2-single-GB,B,3,1,2,3,56,False,,Group stage
P0145,2005-s2,single,2005-s2-single-GB,B,6,5,1,16,68,True,13,Made playoffs
P0144,2005-s2,single,2005-s2-single-GB,B,4,2,2,6,50,False,,Group stage
P0148,2005-s2,single,2005-s2-single-GB,B,3,1,2,3,50,False,,Group stage
P0012,2005-s2,single,2005-s2-single-GB,B,3,1,1,4,63,False,,Group stage
P0100,2005-s2,single,2005-s2-single-GB,B,0,,,,,False,,Group stage
P0038,2005-s2,single,2005-s2-single-GC,C,3,2,1,6,70,False,,Group stage
P0046,2005-s2,single,2005-s2-single-GC,C,5,4,0,13,70,True,16,Made playoffs
P0019,2005-s2,single,2005-s2-single-GC,C,4,1,2,4,44,False,,Group stage
P0125,2005-s2,single,2005-s2-single-GC,C,0,,,,,False,,Group stage
P0007,2005-s2,single,2005-s2-single-GC,C,6,4,2,13,62,True,12,Made playoffs
P0096,2005-s2,single,2005-s2-single-GC,C,5,1,3,5,46,False,,Group stage
P0131,2005-s2,single,2005-s2-single-GC,C,6,4,1,14,70,True,4,Made playoffs
P0128,2005-s2,single,2005-s2-single-GD,D,2,1,1,3,65,False,,Group stage
P0060,2005-s2,single,2005-s2-single-GD,D,6,4,2,13,68,True,9,Made playoffs
P0143,2005-s2,single,2005-s2-single-GD,D,5,3,1,10,62,True,14,Made playoffs
P0041,2005-s2,single,2005-s2-single-GD,D,5,2,3,6,50,False,,Group stage
P0080,2005-s2,single,2005-s2-single-GD,D,6,4,2,13,63,True,18,Made playoffs
P0079,2005-s2,single,2005-s2-single-GD,D,0,,,,,False,,Group stage
P0024,2005-s2,single,2005-s2-single-GD,D,5,3,1,10,60,True,5,Made playoffs
P0057,2005-s2,single,2005-s2-single-GE,E,6,4,2,13,53,True,19,Made playoffs
P0103,2005-s2,single,2005-s2-single-GE,E,6,6,0,19,85,True,11,Made playoffs
P0095,2005-s2,single,2005-s2-single-GE,E,6,2,3,8,55,False,,Group stage
P0127,2005-s2,single,2005-s2-single-GE,E,6,2,4,5,38,False,,Group stage
P0101,2005-s2,single,2005-s2-single-GE,E,0,,,,,False,,Group stage
P0040,2005-s2,single,2005-s2-single-GE,E,6,1,4,5,43,False,,Group stage
P0037,2005-s2,single,2005-s2-single-GE,E,6,5,1,16,75,True,8,Made playoffs
P0063,2005-s2,single,2005-s2-single-GF,F,4,0,3,1,23,False,,Group stage
P0087,2005-s2,single,2005-s2-single-GF,F,5,3,1,11,64,True,17,Made playoffs
P0004,2005-s2,single,2005-s2-single-GF,F,6,3,2,11,58,True,7,Made playoffs
P0089,2005-s2,single,2005-s2-single-GF,F,6,1,2,7,43,False,,Group stage
P0108,2005-s2,single,2005-s2-single-GF,F,5,0,4,1,30,False,,Group stage
P0070,2005-s2,single,2005-s2-single-GF,F,6,3,2,,50,False,,Group stage
P0081,2005-s2,single,2005-s2-single-GF,F,5,5,0,19,82,True,1,Champion
P0005,2005-s3,single,2005-s3-single-GA,A,5,5,0,15,70,True,12,Runner-up
P0007,2005-s3,single,2005-s3-single-GA,A,5,4,1,12,68,True,11,Made playoffs
P0069,2005-s3,single,2005-s3-single-GA,A,5,2,3,6,44,False,,Group stage
P0139,2005-s3,single,2005-s3-single-GA,A,5,0,3,2,42,False,,Group stage
P0118,2005-s3,single,2005-s3-single-GA,A,5,3,2,10,45,True,3,Made playoffs
P0109,2005-s3,single,2005-s3-single-GA,A,5,0,4,1,28,False,,Group stage
P0082,2005-s3,single,2005-s3-single-GA,A,3,1,1,4,57,False,,Group stage
P0027,2005-s3,single,2005-s3-single-GB,B,5,4,0,13,78,True,6,Made playoffs
P0042,2005-s3,single,2005-s3-single-GB,B,6,4,2,13,63,True,5,Made playoffs
P0072,2005-s3,single,2005-s3-single-GB,B,6,2,3,8,57,False,,Group stage
P0022,2005-s3,single,2005-s3-single-GB,B,0,,,,,False,,Group stage
P0143,2005-s3,single,2005-s3-single-GB,B,6,4,2,13,58,True,4,Made playoffs
P0099,2005-s3,single,2005-s3-single-GB,B,5,1,4,3,40,False,,Group stage
P0041,2005-s3,single,2005-s3-single-GB,B,4,3,1,9,47,False,,Group stage
P0130,2005-s3,single,2005-s3-single-GC,C,6,5,1,16,65,True,16,Made playoffs
P0053,2005-s3,single,2005-s3-single-GC,C,6,1,5,4,32,False,,Group stage
P0045,2005-s3,single,2005-s3-single-GC,C,5,3,1,12,55,True,17,Made playoffs
P0105,2005-s3,single,2005-s3-single-GC,C,6,2,2,9,56,False,,Group stage
P0097,2005-s3,single,2005-s3-single-GC,C,6,1,4,5,38,False,,Group stage
P0123,2005-s3,single,2005-s3-single-GC,C,5,3,1,10,58,True,2,Made playoffs
P0124,2005-s3,single,2005-s3-single-GC,C,5,2,3,6,46,False,,Group stage
P0073,2005-s3,single,2005-s3-single-GD,D,6,5,0,17,67,True,18,Made playoffs
P0080,2005-s3,single,2005-s3-single-GD,D,5,3,0,11,66,True,21,Made playoffs
P0061,2005-s3,single,2005-s3-single-GD,D,5,2,2,7,54,True,8,Made playoffs
P0016,2005-s3,single,2005-s3-single-GD,D,2,0,0,1,45,False,,Group stage
P0047,2005-s3,single,2005-s3-single-GD,D,4,1,1,5,45,False,,Group stage
P0011,2005-s3,single,2005-s3-single-GD,D,4,0,4,0,25,False,,Group stage
P0096,2005-s3,single,2005-s3-single-GD,D,6,1,4,5,38,False,,Group stage
P0113,2005-s3,single,2005-s3-single-GE,E,5,4,0,13,70,True,19,Made playoffs
P0031,2005-s3,single,2005-s3-single-GE,E,0,,,,,False,,Group stage
P0002,2005-s3,single,2005-s3-single-GE,E,5,3,2,9,64,True,15,Made playoffs
P0132,2005-s3,single,2005-s3-single-GE,E,6,5,0,17,77,True,7,Made playoffs
P0089,2005-s3,single,2005-s3-single-GE,E,5,1,4,3,48,False,,Group stage
P0064,2005-s3,single,2005-s3-single-GE,E,2,1,1,3,60,False,,Group stage
P0039,2005-s3,single,2005-s3-single-GE,E,5,2,3,6,42,False,,Group stage
P0028,2005-s3,single,2005-s3-single-GF,F,0,,,,,False,,Group stage
P0076,2005-s3,single,2005-s3-single-GF,F,5,1,4,3,50,False,,Group stage
P0004,2005-s3,single,2005-s3-single-GF,F,6,6,0,19,73,True,1,Champion
P0024,2005-s3,single,2005-s3-single-GF,F,6,3,2,11,56,True,10,Made playoffs
P0068,2005-s3,single,2005-s3-single-GF,F,6,2,3,8,55,False,,Group stage
P0142,2005-s3,single,2005-s3-single-GF,F,4,3,1,9,60,False,,Group stage
P0063,2005-s3,single,2005-s3-single-GF,F,5,3,2,9,60,True,22,Made playoffs
P0084,2005-s3,single,2005-s3-single-GG,G,2,0,0,1,25,False,,Group stage
P0009,2005-s3,single,2005-s3-single-GG,G,3,0,3,0,27,False,,Group stage
P0062,2005-s3,single,2005-s3-single-GG,G,5,3,2,9,54,True,13,Made playoffs
P0017,2005-s3,single,2005-s3-single-GG,G,5,4,1,12,54,True,14,Made playoffs
P0025,2005-s3,single,2005-s3-single-GG,G,4,0,3,1,30,False,,Group stage
P0030,2005-s3,single,2005-s3-single-GG,G,2,0,2,0,40,False,,Group stage
P0001,2005-s3,single,2005-s3-single-GG,G,5,5,0,15,86,True,20,Made playoffs
P0123,2005-s4,single,2005-s4-single-GA,A,6,5,1,16,67,True,20,Made playoffs
P0132,2005-s4,single,2005-s4-single-GA,A,6,5,1,16,67,True,6,Made playoffs
P0051,2005-s4,single,2005-s4-single-GA,A,6,2,3,8,45,True,40,Made playoffs
P0153,2005-s4,single,2005-s4-single-GA,A,6,0,6,1,27,False,,Group stage
P0143,2005-s4,single,2005-s4-single-GA,A,6,3,2,11,50,True,36,Made playoffs
P0009,2005-s4,single,2005-s4-single-GA,A,6,3,2,11,52,True,28,Made playoffs
P0086,2005-s4,single,2005-s4-single-GA,A,6,1,4,5,47,False,,Group stage
P0073,2005-s4,single,2005-s4-single-GB,B,6,4,2,13,60,True,25,Made playoffs
P0032,2005-s4,single,2005-s4-single-GB,B,6,6,0,19,82,True,1,Made playoffs
P0151,2005-s4,single,2005-s4-single-GB,B,4,1,3,3,28,False,,Group stage
P0091,2005-s4,single,2005-s4-single-GB,B,6,3,3,10,55,True,13,Made playoffs
P0072,2005-s4,single,2005-s4-single-GB,B,6,2,4,7,45,False,,Group stage
P0124,2005-s4,single,2005-s4-single-GB,B,6,3,3,10,47,True,23,Made playoffs
P0120,2005-s4,single,2005-s4-single-GB,B,5,1,4,3,34,False,,Group stage
P0027,2005-s4,single,2005-s4-single-GC,C,6,6,0,19,78,True,22,Made playoffs
P0135,2005-s4,single,2005-s4-single-GC,C,6,5,1,15,77,False,,Group stage
P0116,2005-s4,single,2005-s4-single-GC,C,5,1,4,3,28,False,,Group stage
P0102,2005-s4,single,2005-s4-single-GC,C,5,0,5,0,0,False,,Group stage
P0063,2005-s4,single,2005-s4-single-GC,C,6,4,2,13,60,True,10,Made playoffs
P0147,2005-s4,single,2005-s4-single-GC,C,4,1,3,3,35,False,,Group stage
P0099,2005-s4,single,2005-s4-single-GC,C,6,2,4,7,55,False,,Group stage
P0062,2005-s4,single,2005-s4-single-GD,D,4,2,1,7,63,False,,Group stage
P0054,2005-s4,single,2005-s4-single-GD,D,4,3,0,10,60,True,39,Made playoffs
P0126,2005-s4,single,2005-s4-single-GD,D,6,1,3,6,35,False,,Group stage
P0077,2005-s4,single,2005-s4-single-GD,D,5,4,1,12,66,True,16,Made playoffs
P0089,2005-s4,single,2005-s4-single-GD,D,6,2,4,7,50,True,11,Made playoffs
P0033,2005-s4,single,2005-s4-single-GD,D,6,4,2,13,58,True,31,Made playoffs
P0106,2005-s4,single,2005-s4-single-GD,D,6,1,5,4,30,False,,Group stage
P0133,2005-s4,single,2005-s4-single-GE,E,6,3,2,11,47,True,35,Made playoffs
P0114,2005-s4,single,2005-s4-single-GE,E,6,2,3,8,58,False,,Group stage
P0140,2005-s4,single,2005-s4-single-GE,E,6,5,0,17,62,True,38,Made playoffs
P0138,2005-s4,single,2005-s4-single-GE,E,6,4,2,13,63,True,5,Made playoffs
P0088,2005-s4,single,2005-s4-single-GE,E,6,1,5,4,32,False,,Group stage
P0119,2005-s4,single,2005-s4-single-GE,E,6,1,3,6,45,False,,Group stage
P0075,2005-s4,single,2005-s4-single-GE,E,6,2,3,8,43,True,8,Made playoffs
P0005,2005-s4,single,2005-s4-single-GF,F,6,5,0,17,72,True,12,Made playoffs
P0042,2005-s4,single,2005-s4-single-GF,F,6,4,2,13,63,True,26,Made playoffs
P0045,2005-s4,single,2005-s4-single-GF,F,5,2,3,6,32,False,,Group stage
P0074,2005-s4,single,2005-s4-single-GF,F,6,3,2,11,45,True,18,Made playoffs
P0002,2005-s4,single,2005-s4-single-GF,F,6,2,4,7,47,True,32,Made playoffs
P0098,2005-s4,single,2005-s4-single-GF,F,6,0,6,1,28,False,,Group stage
P0020,2005-s4,single,2005-s4-single-GF,F,5,3,2,9,62,False,,Group stage
P0105,2005-s4,single,2005-s4-single-GG,G,6,3,3,10,48,True,19,Made playoffs
P0094,2005-s4,single,2005-s4-single-GG,G,5,3,1,10,70,True,14,Made playoffs
P0104,2005-s4,single,2005-s4-single-GG,G,5,4,0,13,74,True,4,Champion
P0076,2005-s4,single,2005-s4-single-GG,G,6,5,0,17,65,True,17,Made playoffs
P0064,2005-s4,single,2005-s4-single-GG,G,6,1,4,5,42,False,,Group stage
P0146,2005-s4,single,2005-s4-single-GG,G,6,1,5,4,30,False,,Group stage
P0110,2005-s4,single,2005-s4-single-GG,G,6,1,5,4,28,False,,Group stage
P0050,2005-s4,single,2005-s4-single-GH,H,3,2,0,7,67,False,,Group stage
P0080,2005-s4,single,2005-s4-single-GH,H,3,3,0,9,76,False,,Group stage
P0021,2005-s4,single,2005-s4-single-GH,H,4,1,2,4,43,False,,Group stage
P0024,2005-s4,single,2005-s4-single-GH,H,6,2,4,7,42,True,3,Made playoffs
P0017,2005-s4,single,2005-s4-single-GH,H,5,4,1,12,60,True,41,Made playoffs
P0111,2005-s4,single,2005-s4-single-GH,H,6,2,2,9,52,True,42,Made playoffs
P0011,2005-s4,single,2005-s4-single-GH,H,5,0,5,0,28,False,,Group stage
P0034,2005-s4,single,2005-s4-single-GI,I,6,4,1,14,67,True,33,Runner-up
P0035,2005-s4,single,2005-s4-single-GI,I,6,3,2,11,52,True,24,Made playoffs
P0026,2005-s4,single,2005-s4-single-GI,I,6,4,1,14,72,True,9,Made playoffs
P0093,2005-s4,single,2005-s4-single-GI,I,6,0,5,2,27,False,,Group stage
P0129,2005-s4,single,2005-s4-single-GI,I,5,1,3,4,26,False,,Group stage
P0071,2005-s4,single,2005-s4-single-GI,I,6,4,2,13,63,True,30,Made playoffs
P0152,2005-s4,single,2005-s4-single-GI,I,5,1,3,4,36,False,,Group stage
P0048,2005-s4,single,2005-s4-single-GJ,J,5,4,1,12,66,True,21,Made playoffs
P0013,2005-s4,single,2005-s4-single-GJ,J,4,2,1,7,63,False,,Group stage
P0066,2005-s4,single,2005-s4-single-GJ,J,6,0,6,1,20,False,,Group stage
P0149,2005-s4,single,2005-s4-single-GJ,J,6,1,4,5,43,False,,Group stage
P0010,2005-s4,single,2005-s4-single-GJ,J,6,6,0,19,73,True,34,Made playoffs
P0117,2005-s4,single,2005-s4-single-GJ,J,6,2,4,7,32,False,,Group stage
P0090,2005-s4,single,2005-s4-single-GJ,J,5,3,2,9,62,True,2,Made playoffs
P0065,2005-s4,single,2005-s4-single-GK,K,6,3,2,11,55,True,7,Made playoffs
P0029,2005-s4,single,2005-s4-single-GK,K,6,5,1,16,73,True,27,Made playoffs
P0085,2005-s4,single,2005-s4-single-GK,K,6,1,4,5,43,False,,Group stage
P0060,2005-s4,single,2005-s4-single-GK,K,5,5,0,12,70,True,37,Made playoffs
P0043,2005-s4,single,2005-s4-single-GK,K,6,0,6,1,25,False,,Group stage
P0056,2005-s4,single,2005-s4-single-GK,K,6,2,4,7,28,False,,Group stage
P0112,2005-s4,single,2005-s4-single-GK,K,5,2,1,8,60,False,,Group stage
P0258,2006-s1,single,2006-s1-single-GA,A,6,6,0,19,77,False,,Group stage
P0111,2006-s1,single,2006-s1-single-GA,A,6,2,3,8,38,False,,Group stage
P0332,2006-s1,single,2006-s1-single-GA,A,5,3,1,10,60,False,,Group stage
P0146,2006-s1,single,2006-s1-single-GA,A,5,0,5,0,22,False,,Group stage
P0635,2006-s1,single,2006-s1-single-GA,A,6,2,3,8,38,False,,Group stage
P0007,2006-s1,single,2006-s1-single-GA,A,4,0,3,1,40,False,,Group stage
P0410,2006-s1,single,2006-s1-single-GA,A,6,4,2,13,68,False,,Group stage
P0478,2006-s1,single,2006-s1-single-GB,B,6,5,1,16,81,False,,Group stage
P0503,2006-s1,single,2006-s1-single-GB,B,6,3,2,11,55,False,,Group stage
P0029,2006-s1,single,2006-s1-single-GB,B,6,3,2,11,58,False,,Group stage
P0636,2006-s1,single,2006-s1-single-GB,B,5,0,5,3,0,False,,Group stage
P0089,2006-s1,single,2006-s1-single-GB,B,0,0,0,0,0,False,,Group stage
P0619,2006-s1,single,2006-s1-single-GB,B,6,4,1,14,77,False,,Group stage
P0444,2006-s1,single,2006-s1-single-GB,B,6,3,2,11,62,False,,Group stage
P0490,2006-s1,single,2006-s1-single-GC,C,5,5,0,16,70,False,,Group stage
P0584,2006-s1,single,2006-s1-single-GC,C,6,1,4,5,35,False,,Group stage
P0091,2006-s1,single,2006-s1-single-GC,C,6,1,5,4,33,False,,Group stage
P0045,2006-s1,single,2006-s1-single-GC,C,6,3,2,11,53,False,,Group stage
P0196,2006-s1,single,2006-s1-single-GC,C,6,3,2,11,53,False,,Group stage
P0386,2006-s1,single,2006-s1-single-GC,C,6,3,2,11,60,False,,Group stage
P0164,2006-s1,single,2006-s1-single-GC,C,6,3,3,10,48,False,,Group stage
P0547,2006-s1,single,2006-s1-single-GD,D,6,2,3,8,47,False,,Group stage
P0257,2006-s1,single,2006-s1-single-GD,D,6,6,0,19,85,False,,Group stage
P0024,2006-s1,single,2006-s1-single-GD,D,6,3,3,10,56,False,,Group stage
P0566,2006-s1,single,2006-s1-single-GD,D,6,0,6,0,0,False,,Group stage
P0334,2006-s1,single,2006-s1-single-GD,D,6,4,1,14,65,False,,Group stage
P0051,2006-s1,single,2006-s1-single-GD,D,6,2,2,9,54,False,,Group stage
P0337,2006-s1,single,2006-s1-single-GD,D,6,1,3,6,45,False,,Group stage
P0297,2006-s1,single,2006-s1-single-GE,E,6,5,0,17,70,False,,Group stage
P0033,2006-s1,single,2006-s1-single-GE,E,6,5,1,16,65,False,,Group stage
P0381,2006-s1,single,2006-s1-single-GE,E,6,3,1,12,60,False,,Group stage
P0002,2006-s1,single,2006-s1-single-GE,E,6,1,4,5,42,False,,Group stage
P0426,2006-s1,single,2006-s1-single-GE,E,5,0,5,0,18,False,,Group stage
P0379,2006-s1,single,2006-s1-single-GE,E,6,3,2,11,57,False,,Group stage
P0351,2006-s1,single,2006-s1-single-GE,E,5,0,4,1,30,False,,Group stage
P0077,2006-s1,single,2006-s1-single-GF,F,5,3,1,10,64,False,,Group stage
P0349,2006-s1,single,2006-s1-single-GF,F,6,5,1,16,78,False,,Group stage
P0017,2006-s1,single,2006-s1-single-GF,F,6,4,2,13,63,False,,Group stage
P0238,2006-s1,single,2006-s1-single-GF,F,6,3,2,11,57,False,,Group stage
P0613,2006-s1,single,2006-s1-single-GF,F,5,1,4,3,30,False,,Group stage
P0419,2006-s1,single,2006-s1-single-GF,F,0,0,0,0,0,False,,Group stage
P0440,2006-s1,single,2006-s1-single-GF,F,6,3,3,10,48,False,,Group stage
P0073,2006-s1,single,2006-s1-single-GG,G,6,6,0,19,72,False,,Group stage
P0569,2006-s1,single,2006-s1-single-GG,G,6,3,2,11,58,False,,Group stage
P0360,2006-s1,single,2006-s1-single-GG,G,6,1,5,4,35,False,,Group stage
P0060,2006-s1,single,2006-s1-single-GG,G,6,3,2,11,58,False,,Group stage
P0126,2006-s1,single,2006-s1-single-GG,G,6,2,4,7,37,False,,Group stage
P0243,2006-s1,single,2006-s1-single-GG,G,6,3,1,12,58,False,,Group stage
P0286,2006-s1,single,2006-s1-single-GG,G,6,1,5,4,32,False,,Group stage
P0362,2006-s1,single,2006-s1-single-GH,H,5,4,0,14,76,False,,Group stage
P0168,2006-s1,single,2006-s1-single-GH,H,0,0,0,0,0,False,,Group stage
P0063,2006-s1,single,2006-s1-single-GH,H,6,3,3,10,44,False,,Group stage
P0476,2006-s1,single,2006-s1-single-GH,H,6,3,2,11,67,False,,Group stage
P0053,2006-s1,single,2006-s1-single-GH,H,6,4,1,14,70,False,,Group stage
P0325,2006-s1,single,2006-s1-single-GH,H,6,3,2,11,57,False,,Group stage
P0236,2006-s1,single,2006-s1-single-GH,H,6,1,3,6,44,False,,Group stage
P0140,2006-s1,single,2006-s1-single-GI,I,5,5,0,15,70,False,,Group stage
P0330,2006-s1,single,2006-s1-single-GI,I,6,4,2,13,48,False,,Group stage
P0026,2006-s1,single,2006-s1-single-GI,I,6,2,4,7,53,False,,Group stage
P0562,2006-s1,single,2006-s1-single-GI,I,5,4,1,13,58,False,,Group stage
P0009,2006-s1,single,2006-s1-single-GI,I,4,0,4,0,23,False,,Group stage
P0047,2006-s1,single,2006-s1-single-GI,I,5,0,4,1,30,False,,Group stage
P0316,2006-s1,single,2006-s1-single-GI,I,6,3,2,11,57,False,,Group stage
P0094,2006-s1,single,2006-s1-single-GN,N,5,4,1,12,76,False,,Group stage
P0042,2006-s1,single,2006-s1-single-GN,N,5,4,1,12,74,False,,Group stage
P0062,2006-s1,single,2006-s1-single-GN,N,6,4,2,13,50,False,,Group stage
P0076,2006-s1,single,2006-s1-single-GN,N,2,0,1,1,18,False,,Group stage
P0545,2006-s1,single,2006-s1-single-GN,N,5,3,1,14,68,False,,Group stage
P0598,2006-s1,single,2006-s1-single-GN,N,5,0,5,0,1,False,,Group stage
P0075,2006-s1,single,2006-s1-single-GN,N,6,1,3,6,50,False,,Group stage
P0610,2006-s1,single,2006-s1-single-GJ,J,5,1,3,4,50,False,,Group stage
P0502,2006-s1,single,2006-s1-single-GJ,J,6,3,2,11,55,False,,Group stage
P0057,2006-s1,single,2006-s1-single-GJ,J,6,3,2,11,50,False,,Group stage
P0468,2006-s1,single,2006-s1-single-GJ,J,5,2,2,7,48,False,,Group stage
P0352,2006-s1,single,2006-s1-single-GJ,J,6,3,2,11,48,False,,Group stage
P0185,2006-s1,single,2006-s1-single-GJ,J,6,3,2,11,55,False,,Group stage
P0200,2006-s1,single,2006-s1-single-GJ,J,6,2,4,7,43,False,,Group stage
P0260,2006-s1,single,2006-s1-single-GK,K,4,0,4,0,35,False,,Group stage
P0171,2006-s1,single,2006-s1-single-GK,K,3,3,0,9,573,False,,Group stage
P0450,2006-s1,single,2006-s1-single-GK,K,6,3,3,10,47,False,,Group stage
P0259,2006-s1,single,2006-s1-single-GK,K,5,2,3,6,40,False,,Group stage
P0231,2006-s1,single,2006-s1-single-GK,K,5,4,1,12,74,False,,Group stage
P0374,2006-s1,single,2006-s1-single-GK,K,4,4,0,12,85,False,,Group stage
P0486,2006-s1,single,2006-s1-single-GK,K,5,1,4,3,28,False,,Group stage
P0341,2006-s1,single,2006-s1-single-GL,L,6,4,1,14,63,False,,Group stage
P0086,2006-s1,single,2006-s1-single-GL,L,6,1,5,4,37,False,,Group stage
P0088,2006-s1,single,2006-s1-single-GL,L,5,3,2,9,54,False,,Group stage
P0398,2006-s1,single,2006-s1-single-GL,L,5,4,1,12,68,False,,Group stage
P0429,2006-s1,single,2006-s1-single-GL,L,4,2,1,7,60,False,,Group stage
P0287,2006-s1,single,2006-s1-single-GL,L,5,2,2,7,46,False,,Group stage
P0564,2006-s1,single,2006-s1-single-GL,L,5,0,4,1,24,False,,Group stage
P0649,2006-s1,single,2006-s1-single-GM,M,6,0,4,3,42,False,,Group stage
P0387,2006-s1,single,2006-s1-single-GM,M,6,3,3,10,48,False,,Group stage
P0443,2006-s1,single,2006-s1-single-GM,M,6,2,2,9,55,False,,Group stage
P0308,2006-s1,single,2006-s1-single-GM,M,6,1,4,5,22,False,,Group stage
P0425,2006-s1,single,2006-s1-single-GM,M,6,5,1,16,68,False,,Group stage
P0514,2006-s1,single,2006-s1-single-GM,M,6,3,2,11,58,False,,Group stage
P0160,2006-s1,single,2006-s1-single-GM,M,6,4,2,13,60,False,,Group stage
P0158,2006-s2,single,2006-s2-single-GA,A,6,3,1,12,47,False,,Group stage
P0570,2006-s2,single,2006-s2-single-GA,A,6,2,2,9,55,False,,Group stage
P0488,2006-s2,single,2006-s2-single-GA,A,6,3,1,12,47,False,,Group stage
P0091,2006-s2,single,2006-s2-single-GA,A,6,1,4,5,45,False,,Group stage
P0500,2006-s2,single,2006-s2-single-GA,A,6,3,1,12,58,False,,Group stage
P0300,2006-s2,single,2006-s2-single-GA,A,6,3,3,10,52,False,,Group stage
P0491,2006-s2,single,2006-s2-single-GA,A,6,1,4,5,47,False,,Group stage
P0478,2006-s2,single,2006-s2-single-GB,B,6,5,1,16,62,False,,Group stage
P0274,2006-s2,single,2006-s2-single-GB,B,6,4,1,14,65,False,,Group stage
P0397,2006-s2,single,2006-s2-single-GB,B,5,0,5,0,24,False,,Group stage
P0165,2006-s2,single,2006-s2-single-GB,B,6,3,2,11,57,False,,Group stage
P0024,2006-s2,single,2006-s2-single-GB,B,6,4,2,13,52,False,,Group stage
P0476,2006-s2,single,2006-s2-single-GB,B,6,2,2,9,50,False,,Group stage
P0602,2006-s2,single,2006-s2-single-GB,B,5,0,5,0,30,False,,Group stage
P0226,2006-s2,single,2006-s2-single-GC,C,5,4,0,14,66,False,,Group stage
P0349,2006-s2,single,2006-s2-single-GC,C,6,4,2,13,58,False,,Group stage
P0051,2006-s2,single,2006-s2-single-GC,C,6,3,3,10,55,False,,Group stage
P0434,2006-s2,single,2006-s2-single-GC,C,6,2,4,7,47,False,,Group stage
P0620,2006-s2,single,2006-s2-single-GC,C,6,0,6,0,0,False,,Group stage
P0331,2006-s2,single,2006-s2-single-GC,C,6,4,2,13,65,False,,Group stage
P0334,2006-s2,single,2006-s2-single-GC,C,6,3,2,11,63,False,,Group stage
P0258,2006-s2,single,2006-s2-single-GD,D,6,3,2,11,62,False,,Group stage
P0603,2006-s2,single,2006-s2-single-GD,D,6,5,1,16,68,False,,Group stage
P0455,2006-s2,single,2006-s2-single-GD,D,6,3,3,10,48,False,,Group stage
P0061,2006-s2,single,2006-s2-single-GD,D,4,1,3,3,33,False,,Group stage
P0571,2006-s2,single,2006-s2-single-GD,D,5,2,2,7,50,False,,Group stage
P0013,2006-s2,single,2006-s2-single-GD,D,5,0,5,0,16,False,,Group stage
P0053,2006-s2,single,2006-s2-single-GD,D,6,4,2,13,62,False,,Group stage
P0297,2006-s2,single,2006-s2-single-GE,E,6,4,0,15,67,False,,Group stage
P0261,2006-s2,single,2006-s2-single-GE,E,6,4,0,15,65,False,,Group stage
P0399,2006-s2,single,2006-s2-single-GE,E,5,1,4,3,32,False,,Group stage
P0568,2006-s2,single,2006-s2-single-GE,E,5,2,2,7,50,False,,Group stage
P0243,2006-s2,single,2006-s2-single-GE,E,6,3,0,13,55,False,,Group stage
P0569,2006-s2,single,2006-s2-single-GE,E,3,0,3,0,40,False,,Group stage
P0063,2006-s2,single,2006-s2-single-GE,E,4,0,4,0,28,False,,Group stage
P0382,2006-s2,single,2006-s2-single-GF,F,3,1,1,4,55,False,,Group stage
P0077,2006-s2,single,2006-s2-single-GF,F,5,3,1,10,56,False,,Group stage
P0337,2006-s2,single,2006-s2-single-GF,F,6,0,6,1,20,False,,Group stage
P0317,2006-s2,single,2006-s2-single-GF,F,5,3,1,10,56,False,,Group stage
P0076,2006-s2,single,2006-s2-single-GF,F,6,4,1,14,66,False,,Group stage
P0224,2006-s2,single,2006-s2-single-GF,F,6,4,2,13,57,False,,Group stage
P0146,2006-s2,single,2006-s2-single-GF,F,5,1,4,3,44,False,,Group stage
P0271,2006-s2,single,2006-s2-single-GG,G,6,2,1,10,52,False,,Group stage
P0545,2006-s2,single,2006-s2-single-GG,G,4,2,1,7,58,False,,Group stage
P0055,2006-s2,single,2006-s2-single-GG,G,4,0,3,1,40,False,,Group stage
P0255,2006-s2,single,2006-s2-single-GG,G,6,4,0,15,62,False,,Group stage
P0622,2006-s2,single,2006-s2-single-GG,G,5,0,2,3,46,False,,Group stage
P0388,2006-s2,single,2006-s2-single-GG,G,6,4,2,13,50,False,,Group stage
P0445,2006-s2,single,2006-s2-single-GG,G,5,0,3,2,40,False,,Group stage
P0535,2006-s2,single,2006-s2-single-GH,H,6,4,1,14,63,False,,Group stage
P0411,2006-s2,single,2006-s2-single-GH,H,5,3,2,9,50,False,,Group stage
P0575,2006-s2,single,2006-s2-single-GH,H,4,1,3,3,28,False,,Group stage
P0012,2006-s2,single,2006-s2-single-GH,H,5,1,3,4,46,False,,Group stage
P0033,2006-s2,single,2006-s2-single-GH,H,6,5,0,17,77,False,,Group stage
P0440,2006-s2,single,2006-s2-single-GH,H,4,1,3,3,33,False,,Group stage
P0166,2006-s2,single,2006-s2-single-GH,H,6,1,4,5,40,False,,Group stage
P0140,2006-s2,single,2006-s2-single-GI,I,6,4,0,15,66,False,,Group stage
P0487,2006-s2,single,2006-s2-single-GI,I,6,2,1,10,62,False,,Group stage
P0172,2006-s2,single,2006-s2-single-GI,I,5,2,1,8,58,False,,Group stage
P0126,2006-s2,single,2006-s2-single-GI,I,4,0,4,0,30,False,,Group stage
P0504,2006-s2,single,2006-s2-single-GI,I,6,0,6,0,0,False,,Group stage
P0029,2006-s2,single,2006-s2-single-GI,I,6,4,2,13,58,False,,Group stage
P0252,2006-s2,single,2006-s2-single-GI,I,6,2,1,10,60,False,,Group stage
P0490,2006-s2,single,2006-s2-single-GJ,J,6,0,6,0,0,False,,Group stage
P0335,2006-s2,single,2006-s2-single-GJ,J,6,6,0,,75,False,,Group stage
P0528,2006-s2,single,2006-s2-single-GJ,J,5,1,4,3,50,False,,Group stage
P0425,2006-s2,single,2006-s2-single-GJ,J,3,1,2,3,37,False,,Group stage
P0197,2006-s2,single,2006-s2-single-GJ,J,6,4,2,13,65,False,,Group stage
P0062,2006-s2,single,2006-s2-single-GJ,J,6,5,1,16,70,False,,Group stage
P0635,2006-s2,single,2006-s2-single-GJ,J,6,3,3,10,63,False,,Group stage
P0559,2006-s2,single,2006-s2-single-GW,W,3,0,3,0,33,False,,Group stage
P0515,2006-s2,single,2006-s2-single-GW,W,7,4,0,16,64,False,,Group stage
P0629,2006-s2,single,2006-s2-single-GW,W,2,0,1,1,45,False,,Group stage
P0628,2006-s2,single,2006-s2-single-GW,W,3,1,2,3,40,False,,Group stage
P0357,2006-s2,single,2006-s2-single-GW,W,4,2,0,8,63,False,,Group stage
P0228,2006-s2,single,2006-s2-single-GW,W,3,0,3,0,10,False,,Group stage
P0058,2006-s2,single,2006-s2-single-GW,W,5,3,0,11,66,False,,Group stage
P0451,2006-s2,single,2006-s2-single-GW,W,1,0,1,0,30,False,,Group stage
P0160,2006-s2,single,2006-s2-single-GX,X,7,5,1,17,57,False,,Group stage
P0200,2006-s2,single,2006-s2-single-GX,X,7,1,5,5,40,False,,Group stage
P0458,2006-s2,single,2006-s2-single-GX,X,7,2,4,8,47,False,,Group stage
P0577,2006-s2,single,2006-s2-single-GX,X,7,1,4,6,39,False,,Group stage
P0443,2006-s2,single,2006-s2-single-GX,X,7,2,4,8,46,False,,Group stage
P0483,2006-s2,single,2006-s2-single-GX,X,7,5,2,16,57,False,,Group stage
P0288,2006-s2,single,2006-s2-single-GX,X,7,3,1,13,56,False,,Group stage
P0289,2006-s2,single,2006-s2-single-GX,X,7,4,2,14,59,False,,Group stage
P0206,2006-s2,single,2006-s2-single-GY,Y,7,5,2,16,64,False,,Group stage
P0431,2006-s2,single,2006-s2-single-GY,Y,7,1,5,5,37,False,,Group stage
P0075,2006-s2,single,2006-s2-single-GY,Y,7,3,0,14,52,False,,Group stage
P0502,2006-s2,single,2006-s2-single-GY,Y,7,4,2,14,61,False,,Group stage
P0585,2006-s2,single,2006-s2-single-GY,Y,6,1,3,6,32,False,,Group stage
P0617,2006-s2,single,2006-s2-single-GY,Y,7,3,2,12,56,False,,Group stage
P0614,2006-s2,single,2006-s2-single-GY,Y,6,4,2,12,63,False,,Group stage
P0173,2006-s2,single,2006-s2-single-GY,Y,5,0,5,0,20,False,,Group stage
P0531,2006-s2,single,2006-s2-single-GZ,Z,6,3,1,11,54,False,,Group stage
P0272,2006-s2,single,2006-s2-single-GZ,Z,6,3,2,10,58,False,,Group stage
P0457,2006-s2,single,2006-s2-single-GZ,Z,7,4,1,15,60,False,,Group stage
P0009,2006-s2,single,2006-s2-single-GZ,Z,7,1,5,5,39,False,,Group stage
P0208,2006-s2,single,2006-s2-single-GZ,Z,4,2,1,7,58,False,,Group stage
P0440,2006-s3,A,2006-s3-A-GA,A,6,0,6,0,0,False,,Group stage
P0314,2006-s3,A,2006-s3-A-GA,A,5,2,1,8,60,False,,Group stage
P0297,2006-s3,A,2006-s3-A-GA,A,6,3,0,13,70,True,14,Made playoffs
P0011,2006-s3,A,2006-s3-A-GA,A,5,1,4,3,42,False,,Group stage
P0029,2006-s3,A,2006-s3-A-GA,A,6,4,0,15,73,True,9,Made playoffs
P0545,2006-s3,A,2006-s3-A-GA,A,6,3,0,13,68,True,28,Made playoffs
P0389,2006-s3,A,2006-s3-A-GA,A,6,2,4,7,37,False,,Group stage
P0472,2006-s3,A,2006-s3-A-GB,B,4,1,3,3,38,False,,Group stage
P0279,2006-s3,A,2006-s3-A-GB,B,4,0,4,0,30,False,,Group stage
P0094,2006-s3,A,2006-s3-A-GB,B,3,1,0,5,57,False,,Group stage
P0478,2006-s3,A,2006-s3-A-GB,B,5,4,1,12,74,True,21,Champion
P0289,2006-s3,A,2006-s3-A-GB,B,6,3,1,12,55,True,4,Made playoffs
P0335,2006-s3,A,2006-s3-A-GB,B,3,1,1,4,43,False,,Group stage
P0333,2006-s3,A,2006-s3-A-GB,B,6,3,2,11,53,True,26,Made playoffs
P0378,2006-s3,A,2006-s3-A-GC,C,6,3,3,10,55,True,2,Made playoffs
P0400,2006-s3,A,2006-s3-A-GC,C,6,1,4,5,35,False,,Group stage
P0018,2006-s3,A,2006-s3-A-GC,C,5,5,0,15,86,True,16,Runner-up
P0118,2006-s3,A,2006-s3-A-GC,C,0,0,0,0,0,False,,Group stage
P0276,2006-s3,A,2006-s3-A-GC,C,5,4,1,12,68,True,19,Made playoffs
P0244,2006-s3,A,2006-s3-A-GC,C,6,3,2,11,53,False,,Group stage
P0427,2006-s3,A,2006-s3-A-GC,C,6,3,3,10,62,True,18,Made playoffs
P0275,2006-s3,A,2006-s3-A-GD,D,6,4,2,13,70,True,29,Made playoffs
P0535,2006-s3,A,2006-s3-A-GD,D,6,3,0,13,65,True,7,Made playoffs
P0555,2006-s3,A,2006-s3-A-GD,D,5,2,2,7,50,False,,Group stage
P0149,2006-s3,A,2006-s3-A-GD,D,6,1,3,4,35,False,,Group stage
P0511,2006-s3,A,2006-s3-A-GD,D,6,0,6,0,0,False,,Group stage
P0075,2006-s3,A,2006-s3-A-GD,D,5,3,1,10,72,False,,Group stage
P0637,2006-s3,A,2006-s3-A-GD,D,6,3,1,12,62,False,,Group stage
P0492,2006-s3,A,2006-s3-A-GE,E,4,1,2,4,40,False,,Group stage
P0258,2006-s3,A,2006-s3-A-GE,E,4,3,0,10,70,True,30,Made playoffs
P0445,2006-s3,A,2006-s3-A-GE,E,5,1,3,4,44,False,,Group stage
P0459,2006-s3,A,2006-s3-A-GE,E,5,2,3,6,46,True,15,Made playoffs
P0091,2006-s3,A,2006-s3-A-GE,E,4,0,4,0,25,False,,Group stage
P0174,2006-s3,A,2006-s3-A-GE,E,6,5,1,16,65,False,,Group stage
P0487,2006-s3,A,2006-s3-A-GE,E,3,2,0,7,67,False,,Group stage
P0430,2006-s3,A,2006-s3-A-GF,F,5,3,1,10,60,True,13,Made playoffs
P0324,2006-s3,A,2006-s3-A-GF,F,6,4,0,15,68,True,25,Made playoffs
P0337,2006-s3,A,2006-s3-A-GF,F,6,0,6,1,22,False,,Group stage
P0491,2006-s3,A,2006-s3-A-GF,F,6,3,3,10,47,True,10,Made playoffs
P0583,2006-s3,A,2006-s3-A-GF,F,5,2,3,6,46,False,,Group stage
P0262,2006-s3,A,2006-s3-A-GF,F,4,3,1,9,68,False,,Group stage
P0194,2006-s3,A,2006-s3-A-GF,F,3,1,1,4,57,False,,Group stage
P0255,2006-s3,A,2006-s3-A-GG,G,5,1,3,4,42,False,,Group stage
P0077,2006-s3,A,2006-s3-A-GG,G,2,0,1,1,45,False,,Group stage
P0616,2006-s3,A,2006-s3-A-GG,G,5,0,5,0,28,False,,Group stage
P0617,2006-s3,A,2006-s3-A-GG,G,5,4,1,12,60,True,3,Made playoffs
P0252,2006-s3,A,2006-s3-A-GG,G,6,5,1,16,65,True,17,Made playoffs
P0309,2006-s3,A,2006-s3-A-GG,G,5,1,2,5,46,False,,Group stage
P0186,2006-s3,A,2006-s3-A-GG,G,6,3,1,11,57,True,8,Made playoffs
P0166,2006-s3,A,2006-s3-A-GH,H,6,2,2,8,42,False,,Group stage
P0532,2006-s3,A,2006-s3-A-GH,H,6,4,1,14,67,False,,Group stage
P0622,2006-s3,A,2006-s3-A-GH,H,6,4,0,15,62,False,,Group stage
P0206,2006-s3,A,2006-s3-A-GH,H,6,1,4,5,45,False,,Group stage
P0557,2006-s3,A,2006-s3-A-GH,H,6,0,6,1,23,False,,Group stage
P0261,2006-s3,A,2006-s3-A-GH,H,6,4,2,13,60,True,22,Made playoffs
P0479,2006-s3,A,2006-s3-A-GH,H,6,3,3,10,52,False,,Group stage
P0331,2006-s3,A,2006-s3-A-GI,I,5,3,0,11,64,True,20,Made playoffs
P0488,2006-s3,A,2006-s3-A-GI,I,3,2,0,7,63,False,,Group stage
P0328,2006-s3,A,2006-s3-A-GI,I,1,0,1,0,10,False,,Group stage
P0423,2006-s3,A,2006-s3-A-GI,I,2,0,2,0,0,False,,Group stage
P0161,2006-s3,A,2006-s3-A-GI,I,5,4,1,12,84,True,5,Made playoffs
P0586,2006-s3,A,2006-s3-A-GI,I,3,0,2,1,23,False,,Group stage
P0548,2006-s3,A,2006-s3-A-GI,I,4,1,3,3,47,False,,Group stage
P0428,2006-s3,A,2006-s3-A-GJ,J,5,4,1,13,72,True,12,Made playoffs
P0318,2006-s3,A,2006-s3-A-GJ,J,6,4,1,14,65,True,11,Made playoffs
P0393,2006-s3,A,2006-s3-A-GJ,J,6,3,3,10,62,True,31,Made playoffs
P0551,2006-s3,A,2006-s3-A-GJ,J,6,1,5,4,22,False,,Group stage
P0592,2006-s3,A,2006-s3-A-GJ,J,6,1,4,5,35,False,,Group stage
P0055,2006-s3,A,2006-s3-A-GJ,J,6,2,4,7,35,False,,Group stage
P0169,2006-s3,A,2006-s3-A-GJ,J,6,5,1,16,72,False,,Group stage
P0281,2006-s3,A,2006-s3-A-GW,W,6,4,2,13,57,False,,Group stage
P0390,2006-s3,A,2006-s3-A-GW,W,2,1,1,3,40,False,,Group stage
P0614,2006-s3,A,2006-s3-A-GW,W,4,0,4,0,30,False,,Group stage
P0220,2006-s3,A,2006-s3-A-GW,W,5,2,3,6,50,False,,Group stage
P0631,2006-s3,A,2006-s3-A-GW,W,3,1,1,4,50,False,,Group stage
P0454,2006-s3,A,2006-s3-A-GW,W,3,3,0,9,77,False,,Group stage
P0383,2006-s3,A,2006-s3-A-GW,W,5,2,2,7,48,False,,Group stage
P0329,2006-s3,A,2006-s3-A-GX,X,6,4,1,14,57,False,,Group stage
P0431,2006-s3,A,2006-s3-A-GX,X,6,0,6,0,30,False,,Group stage
P0607,2006-s3,A,2006-s3-A-GX,X,6,4,1,14,60,False,,Group stage
P0502,2006-s3,A,2006-s3-A-GX,X,6,3,2,11,52,False,,Group stage
P0514,2006-s3,A,2006-s3-A-GX,X,5,2,2,7,44,False,,Group stage
P0524,2006-s3,A,2006-s3-A-GX,X,5,1,4,3,42,False,,Group stage
P0209,2006-s3,A,2006-s3-A-GX,X,6,3,1,12,63,False,,Group stage
P0218,2006-s3,A,2006-s3-A-GY,Y,6,2,2,9,57,False,,Group stage
P0434,2006-s3,A,2006-s3-A-GY,Y,6,5,1,16,60,False,,Group stage
P0577,2006-s3,A,2006-s3-A-GY,Y,6,1,2,7,55,False,,Group stage
P0359,2006-s3,A,2006-s3-A-GY,Y,6,2,3,8,47,False,,Group stage
P0529,2006-s3,A,2006-s3-A-GY,Y,6,3,3,10,47,False,,Group stage
P0560,2006-s3,A,2006-s3-A-GY,Y,6,0,6,0,15,False,,Group stage
P0247,2006-s3,A,2006-s3-A-GY,Y,6,4,0,15,70,False,,Group stage
P0353,2006-s3,A,2006-s3-A-GZ,Z,6,4,1,14,60,False,,Group stage
P0650,2006-s3,A,2006-s3-A-GZ,Z,6,0,5,2,37,False,,Group stage
P0558,2006-s3,A,2006-s3-A-GZ,Z,6,1,5,4,37,False,,Group stage
P0288,2006-s3,A,2006-s3-A-GZ,Z,6,3,1,12,62,False,,Group stage
P0572,2006-s3,A,2006-s3-A-GZ,Z,6,1,4,5,38,False,,Group stage
P0214,2006-s3,A,2006-s3-A-GZ,Z,6,4,1,14,55,False,,Group stage
P0196,2006-s3,A,2006-s3-A-GZ,Z,6,5,1,16,67,False,,Group stage
P0440,2006-s3,B,2006-s3-B-GA,A,6,0,6,0,0,False,,Group stage
P0314,2006-s3,B,2006-s3-B-GA,A,5,2,1,8,60,False,,Group stage
P0297,2006-s3,B,2006-s3-B-GA,A,6,3,0,13,70,False,,Group stage
P0011,2006-s3,B,2006-s3-B-GA,A,5,1,4,3,42,False,,Group stage
P0029,2006-s3,B,2006-s3-B-GA,A,6,4,0,15,73,False,,Group stage
P0545,2006-s3,B,2006-s3-B-GA,A,6,3,0,13,68,False,,Group stage
P0389,2006-s3,B,2006-s3-B-GA,A,6,2,4,7,37,False,,Group stage
P0472,2006-s3,B,2006-s3-B-GB,B,4,1,3,3,38,False,,Group stage
P0279,2006-s3,B,2006-s3-B-GB,B,4,0,4,0,30,False,,Group stage
P0094,2006-s3,B,2006-s3-B-GB,B,3,1,0,5,57,False,,Group stage
P0478,2006-s3,B,2006-s3-B-GB,B,5,4,1,12,74,False,,Group stage
P0289,2006-s3,B,2006-s3-B-GB,B,6,3,1,12,55,False,,Group stage
P0335,2006-s3,B,2006-s3-B-GB,B,3,1,1,4,43,False,,Group stage
P0333,2006-s3,B,2006-s3-B-GB,B,6,3,2,11,53,False,,Group stage
P0378,2006-s3,B,2006-s3-B-GC,C,6,3,3,10,55,False,,Group stage
P0400,2006-s3,B,2006-s3-B-GC,C,6,1,4,5,35,False,,Group stage
P0018,2006-s3,B,2006-s3-B-GC,C,5,5,0,15,86,False,,Group stage
P0118,2006-s3,B,2006-s3-B-GC,C,0,0,0,0,0,False,,Group stage
P0276,2006-s3,B,2006-s3-B-GC,C,5,4,1,12,68,False,,Group stage
P0244,2006-s3,B,2006-s3-B-GC,C,6,3,2,11,53,False,,Group stage
P0427,2006-s3,B,2006-s3-B-GC,C,6,3,3,10,62,False,,Group stage
P0275,2006-s3,B,2006-s3-B-GD,D,6,4,2,13,70,False,,Group stage
P0535,2006-s3,B,2006-s3-B-GD,D,6,3,0,13,65,False,,Group stage
P0555,2006-s3,B,2006-s3-B-GD,D,5,2,2,7,50,False,,Group stage
P0149,2006-s3,B,2006-s3-B-GD,D,6,1,3,4,35,False,,Group stage
P0511,2006-s3,B,2006-s3-B-GD,D,6,0,6,0,0,False,,Group stage
P0075,2006-s3,B,2006-s3-B-GD,D,5,3,1,10,72,False,,Group stage
P0637,2006-s3,B,2006-s3-B-GD,D,6,3,1,12,62,False,,Group stage
P0492,2006-s3,B,2006-s3-B-GE,E,4,1,2,4,40,False,,Group stage
P0258,2006-s3,B,2006-s3-B-GE,E,4,3,0,10,70,False,,Group stage
P0445,2006-s3,B,2006-s3-B-GE,E,5,1,3,4,44,False,,Group stage
P0459,2006-s3,B,2006-s3-B-GE,E,5,2,3,6,46,False,,Group stage
P0091,2006-s3,B,2006-s3-B-GE,E,4,0,4,0,25,False,,Group stage
P0174,2006-s3,B,2006-s3-B-GE,E,6,5,1,16,65,False,,Group stage
P0487,2006-s3,B,2006-s3-B-GE,E,3,2,0,7,67,False,,Group stage
P0430,2006-s3,B,2006-s3-B-GF,F,5,3,1,10,60,False,,Group stage
P0324,2006-s3,B,2006-s3-B-GF,F,6,4,0,15,68,False,,Group stage
P0337,2006-s3,B,2006-s3-B-GF,F,6,0,6,1,22,False,,Group stage
P0491,2006-s3,B,2006-s3-B-GF,F,6,3,3,10,47,False,,Group stage
P0583,2006-s3,B,2006-s3-B-GF,F,5,2,3,6,46,False,,Group stage
P0262,2006-s3,B,2006-s3-B-GF,F,4,3,1,9,68,False,,Group stage
P0194,2006-s3,B,2006-s3-B-GF,F,3,1,1,4,57,False,,Group stage
P0255,2006-s3,B,2006-s3-B-GG,G,5,1,3,4,42,False,,Group stage
P0077,2006-s3,B,2006-s3-B-GG,G,2,0,1,1,45,False,,Group stage
P0616,2006-s3,B,2006-s3-B-GG,G,5,0,5,0,28,False,,Group stage
P0617,2006-s3,B,2006-s3-B-GG,G,5,4,1,12,60,False,,Group stage
P0252,2006-s3,B,2006-s3-B-GG,G,6,5,1,16,65,False,,Group stage
P0309,2006-s3,B,2006-s3-B-GG,G,5,1,2,5,46,False,,Group stage
P0186,2006-s3,B,2006-s3-B-GG,G,6,3,1,11,57,False,,Group stage
P0166,2006-s3,B,2006-s3-B-GH,H,6,2,2,8,42,False,,Group stage
P0532,2006-s3,B,2006-s3-B-GH,H,6,4,1,14,67,False,,Group stage
P0622,2006-s3,B,2006-s3-B-GH,H,6,4,0,15,62,False,,Group stage
P0206,2006-s3,B,2006-s3-B-GH,H,6,1,4,5,45,False,,Group stage
P0557,2006-s3,B,2006-s3-B-GH,H,6,0,6,1,23,False,,Group stage
P0261,2006-s3,B,2006-s3-B-GH,H,6,4,2,13,60,False,,Group stage
P0479,2006-s3,B,2006-s3-B-GH,H,6,3,3,10,52,False,,Group stage
P0331,2006-s3,B,2006-s3-B-GI,I,5,3,0,11,64,False,,Group stage
P0488,2006-s3,B,2006-s3-B-GI,I,3,2,0,7,63,False,,Group stage
P0328,2006-s3,B,2006-s3-B-GI,I,1,0,1,0,10,False,,Group stage
P0423,2006-s3,B,2006-s3-B-GI,I,2,0,2,0,0,False,,Group stage
P0161,2006-s3,B,2006-s3-B-GI,I,5,4,1,12,84,False,,Group stage
P0586,2006-s3,B,2006-s3-B-GI,I,3,0,2,1,23,False,,Group stage
P0548,2006-s3,B,2006-s3-B-GI,I,4,1,3,3,47,False,,Group stage
P0428,2006-s3,B,2006-s3-B-GJ,J,5,4,1,13,72,False,,Group stage
P0318,2006-s3,B,2006-s3-B-GJ,J,6,4,1,14,65,False,,Group stage
P0393,2006-s3,B,2006-s3-B-GJ,J,6,3,3,10,62,False,,Group stage
P0551,2006-s3,B,2006-s3-B-GJ,J,6,1,5,4,22,False,,Group stage
P0592,2006-s3,B,2006-s3-B-GJ,J,6,1,4,5,35,False,,Group stage
P0055,2006-s3,B,2006-s3-B-GJ,J,6,2,4,7,35,False,,Group stage
P0169,2006-s3,B,2006-s3-B-GJ,J,6,5,1,16,72,False,,Group stage
P0281,2006-s3,B,2006-s3-B-GW,W,6,4,2,13,57,True,7,Made playoffs
P0390,2006-s3,B,2006-s3-B-GW,W,2,1,1,3,40,False,,Group stage
P0614,2006-s3,B,2006-s3-B-GW,W,4,0,4,0,30,False,,Group stage
P0220,2006-s3,B,2006-s3-B-GW,W,5,2,3,6,50,True,6,Made playoffs
P0631,2006-s3,B,2006-s3-B-GW,W,3,1,1,4,50,False,,Group stage
P0454,2006-s3,B,2006-s3-B-GW,W,3,3,0,9,77,False,,Group stage
P0383,2006-s3,B,2006-s3-B-GW,W,5,2,2,7,48,True,3,Made playoffs
P0329,2006-s3,B,2006-s3-B-GX,X,6,4,1,14,57,True,8,Runner-up
P0431,2006-s3,B,2006-s3-B-GX,X,6,0,6,0,30,False,,Group stage
P0607,2006-s3,B,2006-s3-B-GX,X,6,4,1,14,60,True,12,Made playoffs
P0502,2006-s3,B,2006-s3-B-GX,X,6,3,2,11,52,True,9,Made playoffs
P0514,2006-s3,B,2006-s3-B-GX,X,5,2,2,7,44,False,,Group stage
P0524,2006-s3,B,2006-s3-B-GX,X,5,1,4,3,42,False,,Group stage
P0209,2006-s3,B,2006-s3-B-GX,X,6,3,1,12,63,True,13,Made playoffs
P0218,2006-s3,B,2006-s3-B-GY,Y,6,2,2,9,57,True,14,Made playoffs
P0434,2006-s3,B,2006-s3-B-GY,Y,6,5,1,16,60,False,,Group stage
P0577,2006-s3,B,2006-s3-B-GY,Y,6,1,2,7,55,False,,Group stage
P0359,2006-s3,B,2006-s3-B-GY,Y,6,2,3,8,47,True,2,Made playoffs
P0529,2006-s3,B,2006-s3-B-GY,Y,6,3,3,10,47,True,11,Made playoffs
P0560,2006-s3,B,2006-s3-B-GY,Y,6,0,6,0,15,False,,Group stage
P0247,2006-s3,B,2006-s3-B-GY,Y,6,4,0,15,70,True,5,Made playoffs
P0353,2006-s3,B,2006-s3-B-GZ,Z,6,4,1,14,60,True,10,Made playoffs
P0650,2006-s3,B,2006-s3-B-GZ,Z,6,0,5,2,37,False,,Group stage
P0558,2006-s3,B,2006-s3-B-GZ,Z,6,1,5,4,37,False,,Group stage
P0288,2006-s3,B,2006-s3-B-GZ,Z,6,3,1,12,62,False,,Group stage
P0572,2006-s3,B,2006-s3-B-GZ,Z,6,1,4,5,38,False,,Group stage
P0214,2006-s3,B,2006-s3-B-GZ,Z,6,4,1,14,55,True,4,Made playoffs
P0196,2006-s3,B,2006-s3-B-GZ,Z,6,5,1,16,67,True,1,Champion
P0478,2006-s4,A,2006-s4-A-GA,A,6,4,1,14,72,True,21,Champion
P0161,2006-s4,A,2006-s4-A-GA,A,6,5,1,16,65,True,32,Made playoffs
P0392,2006-s4,A,2006-s4-A-GA,A,4,0,4,0,20,False,,Group stage
P0289,2006-s4,A,2006-s4-A-GA,A,6,2,3,8,50,False,,Group stage
P0209,2006-s4,A,2006-s4-A-GA,A,6,4,2,13,65,True,2,Made playoffs
P0446,2006-s4,A,2006-s4-A-GA,A,6,4,2,13,48,False,,Group stage
P0521,2006-s4,A,2006-s4-A-GA,A,5,0,5,0,20,False,,Group stage
P0018,2006-s4,A,2006-s4-A-GB,B,6,3,2,11,67,True,10,Made playoffs
P0583,2006-s4,A,2006-s4-A-GB,B,6,1,4,4,37,False,,Group stage
P0534,2006-s4,A,2006-s4-A-GB,B,6,3,1,12,58,False,,Group stage
P0247,2006-s4,A,2006-s4-A-GB,B,6,4,2,13,52,True,5,Made playoffs
P0166,2006-s4,A,2006-s4-A-GB,B,6,3,2,11,50,True,8,Made playoffs
P0415,2006-s4,A,2006-s4-A-GB,B,6,1,4,5,32,False,,Group stage
P0187,2006-s4,A,2006-s4-A-GB,B,6,3,3,10,55,False,,Group stage
P0181,2006-s4,A,2006-s4-A-GC,C,6,4,0,15,72,True,16,Made playoffs
P0378,2006-s4,A,2006-s4-A-GC,C,6,3,3,10,63,True,18,Made playoffs
P0354,2006-s4,A,2006-s4-A-GC,C,6,2,4,7,53,False,,Group stage
P0198,2006-s4,A,2006-s4-A-GC,C,6,4,1,14,63,True,30,Made playoffs
P0319,2006-s4,A,2006-s4-A-GC,C,6,4,1,14,57,True,14,Made playoffs
P0126,2006-s4,A,2006-s4-A-GC,C,6,2,4,7,42,False,,Group stage
P0358,2006-s4,A,2006-s4-A-GC,C,0,0,0,0,0,False,,Group stage
P0297,2006-s4,A,2006-s4-A-GD,D,6,4,1,14,65,True,27,Made playoffs
P0080,2006-s4,A,2006-s4-A-GD,D,6,4,2,13,65,True,13,Made playoffs
P0547,2006-s4,A,2006-s4-A-GD,D,5,2,2,7,54,False,,Group stage
P0554,2006-s4,A,2006-s4-A-GD,D,4,3,1,9,65,False,,Group stage
P0364,2006-s4,A,2006-s4-A-GD,D,6,5,1,16,68,False,,Group stage
P0311,2006-s4,A,2006-s4-A-GD,D,6,0,6,1,13,False,,Group stage
P0288,2006-s4,A,2006-s4-A-GD,D,6,1,5,4,27,False,,Group stage
P0505,2006-s4,A,2006-s4-A-GE,E,5,0,5,0,36,False,,Group stage
P0263,2006-s4,A,2006-s4-A-GE,E,6,6,0,19,70,True,1,Made playoffs
P0252,2006-s4,A,2006-s4-A-GE,E,5,2,3,6,50,False,,Group stage
P0300,2006-s4,A,2006-s4-A-GE,E,4,1,3,3,28,False,,Group stage
P0514,2006-s4,A,2006-s4-A-GE,E,6,3,2,11,53,True,6,Made playoffs
P0333,2006-s4,A,2006-s4-A-GE,E,6,2,2,9,52,False,,Group stage
P0051,2006-s4,A,2006-s4-A-GE,E,6,3,2,11,52,True,4,Made playoffs
P0030,2006-s4,A,2006-s4-A-GF,F,6,3,3,10,47,True,20,Made playoffs
P0179,2006-s4,A,2006-s4-A-GF,F,6,2,2,9,53,True,23,Made playoffs
P0245,2006-s4,A,2006-s4-A-GF,F,6,0,4,3,38,False,,Group stage
P0653,2006-s4,A,2006-s4-A-GF,F,6,4,1,14,65,True,9,Runner-up
P0611,2006-s4,A,2006-s4-A-GF,F,6,4,1,14,53,False,,Group stage
P0578,2006-s4,A,2006-s4-A-GF,F,6,2,3,8,47,False,,Group stage
P0460,2006-s4,A,2006-s4-A-GF,F,6,2,3,8,45,False,,Group stage
P0029,2006-s4,A,2006-s4-A-GG,G,6,4,1,14,63,True,11,Made playoffs
P0623,2006-s4,A,2006-s4-A-GG,G,6,4,1,14,60,False,,Group stage
P0210,2006-s4,A,2006-s4-A-GG,G,5,0,5,0,32,False,,Group stage
P0206,2006-s4,A,2006-s4-A-GG,G,5,1,2,5,44,False,,Group stage
P0258,2006-s4,A,2006-s4-A-GG,G,6,3,1,12,55,True,28,Made playoffs
P0336,2006-s4,A,2006-s4-A-GG,G,4,0,2,1,33,False,,Group stage
P0607,2006-s4,A,2006-s4-A-GG,G,6,3,2,11,53,True,31,Made playoffs
P0324,2006-s4,A,2006-s4-A-GH,H,5,4,1,12,64,True,29,Made playoffs
P0232,2006-s4,A,2006-s4-A-GH,H,6,4,1,14,62,True,25,Made playoffs
P0331,2006-s4,A,2006-s4-A-GH,H,4,2,1,7,45,False,,Group stage
P0407,2006-s4,A,2006-s4-A-GH,H,5,3,2,9,48,True,26,Made playoffs
P0493,2006-s4,A,2006-s4-A-GH,H,6,2,4,7,50,False,,Group stage
P0280,2006-s4,A,2006-s4-A-GH,H,6,2,4,7,40,False,,Group stage
P0491,2006-s4,A,2006-s4-A-GH,H,6,1,5,4,42,False,,Group stage
P0264,2006-s4,A,2006-s4-A-GI,I,6,3,2,11,53,True,15,Made playoffs
P0035,2006-s4,A,2006-s4-A-GI,I,6,3,2,11,55,True,22,Made playoffs
P0094,2006-s4,A,2006-s4-A-GI,I,6,1,4,5,23,False,,Group stage
P0175,2006-s4,A,2006-s4-A-GI,I,5,4,0,13,74,False,,Group stage
P0383,2006-s4,A,2006-s4-A-GI,I,6,3,3,10,60,False,,Group stage
P0427,2006-s4,A,2006-s4-A-GI,I,6,3,1,12,63,True,19,Made playoffs
P0633,2006-s4,A,2006-s4-A-GI,I,5,0,5,0,20,False,,Group stage
P0469,2006-s4,B,2006-s4-B-GV,V,7,2,5,7,46,False,,Group stage
P0513,2006-s4,B,2006-s4-B-GV,V,7,3,2,12,53,True,14,Made playoffs
P0558,2006-s4,B,2006-s4-B-GV,V,6,1,4,4,23,False,,Group stage
P0201,2006-s4,B,2006-s4-B-GV,V,7,3,1,13,59,True,10,Made playoffs
P0250,2006-s4,B,2006-s4-B-GV,V,7,5,1,17,69,True,11,Made playoffs
P0542,2006-s4,B,2006-s4-B-GV,V,7,5,1,17,62,True,17,Champion
P0180,2006-s4,B,2006-s4-B-GV,V,6,1,4,4,36,False,,Group stage
P0394,2006-s4,B,2006-s4-B-GV,V,7,1,3,7,43,False,,Group stage
P0303,2006-s4,B,2006-s4-B-GW,W,7,4,2,13,63,False,,Group stage
P0009,2006-s4,B,2006-s4-B-GW,W,7,3,1,12,64,True,3,Made playoffs
P0632,2006-s4,B,2006-s4-B-GW,W,6,0,6,0,15,False,,Group stage
P0338,2006-s4,B,2006-s4-B-GW,W,6,0,6,0,8,False,,Group stage
P0376,2006-s4,B,2006-s4-B-GW,W,7,5,1,17,60,True,16,Made playoffs
P0593,2006-s4,B,2006-s4-B-GW,W,6,2,4,6,47,False,,Group stage
P0577,2006-s4,B,2006-s4-B-GW,W,7,3,4,10,56,False,,Group stage
P0556,2006-s4,B,2006-s4-B-GW,W,7,7,0,22,73,True,12,Made playoffs
P0283,2006-s4,B,2006-s4-B-GX,X,7,3,4,10,28,False,,Group stage
P0527,2006-s4,B,2006-s4-B-GX,X,7,4,2,14,60,True,18,Made playoffs
P0347,2006-s4,B,2006-s4-B-GX,X,7,1,6,4,34,False,,Group stage
P0436,2006-s4,B,2006-s4-B-GX,X,7,2,5,7,33,False,,Group stage
P0616,2006-s4,B,2006-s4-B-GX,X,7,4,3,13,59,True,2,Made playoffs
P0466,2006-s4,B,2006-s4-B-GX,X,7,3,3,11,50,True,8,Made playoffs
P0281,2006-s4,B,2006-s4-B-GX,X,7,5,1,17,74,True,22,Made playoffs
P0618,2006-s4,B,2006-s4-B-GX,X,7,4,2,14,61,False,,Group stage
P0428,2006-s4,B,2006-s4-B-GY,Y,6,1,3,5,32,False,,Group stage
P0582,2006-s4,B,2006-s4-B-GY,Y,4,2,2,6,55,False,,Group stage
P0401,2006-s4,B,2006-s4-B-GY,Y,7,2,3,9,44,True,21,Made playoffs
P0595,2006-s4,B,2006-s4-B-GY,Y,5,0,5,0,18,False,,Group stage
P0489,2006-s4,B,2006-s4-B-GY,Y,6,2,3,7,50,False,,Group stage
P0285,2006-s4,B,2006-s4-B-GY,Y,6,4,1,13,67,True,4,Made playoffs
P0601,2006-s4,B,2006-s4-B-GY,Y,7,7,0,22,77,True,1,Made playoffs
P0157,2006-s4,B,2006-s4-B-GY,Y,4,3,1,10,78,True,13,Made playoffs
P0359,2006-s4,B,2006-s4-B-GZ,Z,7,4,2,14,59,True,6,Made playoffs
P0221,2006-s4,B,2006-s4-B-GZ,Z,6,4,2,12,63,True,15,Made playoffs
P0525,2006-s4,B,2006-s4-B-GZ,Z,7,2,3,9,40,False,,Group stage
P0309,2006-s4,B,2006-s4-B-GZ,Z,4,1,1,5,48,False,,Group stage
P0431,2006-s4,B,2006-s4-B-GZ,Z,6,0,5,1,35,False,,Group stage
P0322,2006-s4,B,2006-s4-B-GZ,Z,6,2,2,8,52,False,,Group stage
P0590,2006-s4,B,2006-s4-B-GZ,Z,6,3,3,9,37,False,,Group stage
P0183,2006-s4,B,2006-s4-B-GZ,Z,6,4,2,12,67,True,20,Made playoffs
P0073,2006-s5,A,2006-s5-A-GA,A,6,3,1,12,60,True,7,Made playoffs
P0378,2006-s5,A,2006-s5-A-GA,A,6,2,1,10,48,True,27,Made playoffs
P0140,2006-s5,A,2006-s5-A-GA,A,6,3,1,12,63,True,38,Made playoffs
P0585,2006-s5,A,2006-s5-A-GA,A,6,3,1,12,58,True,19,Made playoffs
P0166,2006-s5,A,2006-s5-A-GA,A,6,2,2,9,47,False,,Group stage
P0616,2006-s5,A,2006-s5-A-GA,A,6,1,4,5,37,False,,Group stage
P0593,2006-s5,A,2006-s5-A-GA,A,6,1,5,4,37,False,,Group stage
P0430,2006-s5,A,2006-s5-A-GB,B,6,4,0,15,67,True,35,Made playoffs
P0257,2006-s5,A,2006-s5-A-GB,B,6,3,1,12,60,True,14,Made playoffs
P0349,2006-s5,A,2006-s5-A-GB,B,6,2,4,7,37,False,,Group stage
P0282,2006-s5,A,2006-s5-A-GB,B,6,1,3,6,47,False,,Group stage
P0250,2006-s5,A,2006-s5-A-GB,B,6,3,2,11,53,True,26,Made playoffs
P0416,2006-s5,A,2006-s5-A-GB,B,6,1,4,5,32,False,,Group stage
P0494,2006-s5,A,2006-s5-A-GB,B,6,2,3,8,53,False,,Group stage
P0179,2006-s5,A,2006-s5-A-GC,C,6,4,1,14,57,True,4,Made playoffs
P0480,2006-s5,A,2006-s5-A-GC,C,6,3,2,11,53,False,,Group stage
P0578,2006-s5,A,2006-s5-A-GC,C,5,1,3,4,40,False,,Group stage
P0542,2006-s5,A,2006-s5-A-GC,C,6,4,0,15,65,True,6,Made playoffs
P0333,2006-s5,A,2006-s5-A-GC,C,6,3,2,11,58,True,12,Made playoffs
P0220,2006-s5,A,2006-s5-A-GC,C,5,0,5,0,18,False,,Group stage
P0601,2006-s5,A,2006-s5-A-GC,C,6,1,3,6,48,False,,Group stage
P0252,2006-s5,A,2006-s5-A-GD,D,6,1,4,5,37,False,,Group stage
P0172,2006-s5,A,2006-s5-A-GD,D,6,3,2,11,58,True,16,Made playoffs
P0495,2006-s5,A,2006-s5-A-GD,D,6,4,2,13,60,True,34,Made playoffs
P0091,2006-s5,A,2006-s5-A-GD,D,5,2,3,6,44,False,,Group stage
P0646,2006-s5,A,2006-s5-A-GD,D,6,2,2,9,42,False,,Group stage
P0210,2006-s5,A,2006-s5-A-GD,D,5,1,3,4,50,False,,Group stage
P0366,2006-s5,A,2006-s5-A-GD,D,6,4,1,14,58,True,28,Made playoffs
P0233,2006-s5,A,2006-s5-A-GE,E,5,5,0,15,84,True,15,Champion
P0440,2006-s5,A,2006-s5-A-GE,E,4,1,2,5,43,True,3,Made playoffs
P0487,2006-s5,A,2006-s5-A-GE,E,3,3,0,9,77,False,,Group stage
P0394,2006-s5,A,2006-s5-A-GE,E,3,0,1,2,40,False,,Group stage
P0510,2006-s5,A,2006-s5-A-GE,E,4,0,4,0,25,False,,Group stage
P0211,2006-s5,A,2006-s5-A-GE,E,2,1,1,3,40,False,,Group stage
P0461,2006-s5,A,2006-s5-A-GE,E,6,2,2,9,43,True,39,Made playoffs
P0297,2006-s5,A,2006-s5-A-GF,F,6,5,1,16,62,True,10,Made playoffs
P0237,2006-s5,A,2006-s5-A-GF,F,6,2,2,9,53,True,2,Made playoffs
P0186,2006-s5,A,2006-s5-A-GF,F,6,4,1,14,65,True,33,Made playoffs
P0012,2006-s5,A,2006-s5-A-GF,F,6,2,2,9,50,False,,Group stage
P0617,2006-s5,A,2006-s5-A-GF,F,6,2,3,8,52,False,,Group stage
P0359,2006-s5,A,2006-s5-A-GF,F,6,0,5,2,28,False,,Group stage
P0011,2006-s5,A,2006-s5-A-GF,F,6,2,3,8,40,False,,Group stage
P0060,2006-s5,A,2006-s5-A-GG,G,6,4,1,14,62,True,23,Made playoffs
P0653,2006-s5,A,2006-s5-A-GG,G,6,4,1,14,67,True,8,Made playoffs
P0638,2006-s5,A,2006-s5-A-GG,G,6,0,6,1,16,False,,Group stage
P0076,2006-s5,A,2006-s5-A-GG,G,5,3,1,11,64,True,22,Made playoffs
P0402,2006-s5,A,2006-s5-A-GG,G,6,2,4,7,43,False,,Group stage
P0642,2006-s5,A,2006-s5-A-GG,G,6,3,2,11,62,True,36,Made playoffs
P0420,2006-s5,A,2006-s5-A-GG,G,6,3,3,10,45,False,,Group stage
P0206,2006-s5,A,2006-s5-A-GH,H,6,2,1,10,55,True,21,Made playoffs
P0227,2006-s5,A,2006-s5-A-GH,H,6,4,1,14,57,True,5,Made playoffs
P0622,2006-s5,A,2006-s5-A-GH,H,6,5,0,17,62,True,20,Made playoffs
P0335,2006-s5,A,2006-s5-A-GH,H,6,1,3,6,37,False,,Group stage
P0290,2006-s5,A,2006-s5-A-GH,H,5,1,4,3,36,False,,Group stage
P0514,2006-s5,A,2006-s5-A-GH,H,6,2,3,8,52,False,,Group stage
P0157,2006-s5,A,2006-s5-A-GH,H,5,1,4,3,50,False,,Group stage
P0324,2006-s5,A,2006-s5-A-GI,I,6,5,1,16,65,True,30,Made playoffs
P0030,2006-s5,A,2006-s5-A-GI,I,6,4,2,13,65,True,29,Made playoffs
P0383,2006-s5,A,2006-s5-A-GI,I,6,2,4,7,38,False,,Group stage
P0265,2006-s5,A,2006-s5-A-GI,I,6,1,5,4,38,False,,Group stage
P0245,2006-s5,A,2006-s5-A-GI,I,6,3,3,10,50,True,37,Made playoffs
P0196,2006-s5,A,2006-s5-A-GI,I,6,5,1,16,60,True,18,Made playoffs
P0589,2006-s5,A,2006-s5-A-GI,I,6,1,5,3,50,False,,Group stage
P0354,2006-s5,A,2006-s5-A-GJ,J,0,0,0,0,0,False,,Group stage
P0565,2006-s5,A,2006-s5-A-GJ,J,6,3,2,11,55,False,,Group stage
P0609,2006-s5,A,2006-s5-A-GJ,J,6,3,1,12,65,True,9,Made playoffs
P0082,2006-s5,A,2006-s5-A-GJ,J,6,1,5,4,23,False,,Group stage
P0447,2006-s5,A,2006-s5-A-GJ,J,5,2,3,7,52,False,,Group stage
P0029,2006-s5,A,2006-s5-A-GJ,J,6,4,2,13,63,True,24,Made playoffs
P0018,2006-s5,A,2006-s5-A-GJ,J,6,4,0,15,65,True,25,Runner-up
P0474,2006-s5,A,2006-s5-A-GK,K,6,1,5,4,30,False,,Group stage
P0239,2006-s5,A,2006-s5-A-GK,K,5,1,4,3,32,False,,Group stage
P0478,2006-s5,A,2006-s5-A-GK,K,6,5,0,17,72,True,1,Made playoffs
P0375,2006-s5,A,2006-s5-A-GK,K,6,4,0,15,58,True,13,Made playoffs
P0377,2006-s5,A,2006-s5-A-GK,K,6,3,2,11,58,True,31,Made playoffs
P0242,2006-s5,A,2006-s5-A-GK,K,6,3,3,10,55,True,17,Made playoffs
P0075,2006-s5,A,2006-s5-A-GK,K,5,1,4,3,40,False,,Group stage
P0183,2006-s5,B,2006-s5-B-GA,A,6,3,0,13,58,True,14,Made playoffs
P0639,2006-s5,B,2006-s5-B-GA,A,6,0,6,1,23,False,,Group stage
P0519,2006-s5,B,2006-s5-B-GA,A,6,4,2,13,67,True,7,Made playoffs
P0518,2006-s5,B,2006-s5-B-GA,A,6,2,3,8,45,False,,Group stage
P0327,2006-s5,B,2006-s5-B-GA,A,6,3,2,11,55,True,13,Made playoffs
P0467,2006-s5,B,2006-s5-B-GA,A,5,2,3,7,46,False,,Group stage
P0470,2006-s5,B,2006-s5-B-GA,A,6,4,1,14,60,True,6,Made playoffs
P0009,2006-s5,B,2006-s5-B-GB,B,6,2,3,8,58,True,8,Made playoffs
P0436,2006-s5,B,2006-s5-B-GB,B,6,1,4,5,43,False,,Group stage
P0266,2006-s5,B,2006-s5-B-GB,B,6,4,0,15,60,True,11,Runner-up
P0217,2006-s5,B,2006-s5-B-GB,B,6,3,1,12,53,True,9,Made playoffs
P0323,2006-s5,B,2006-s5-B-GB,B,6,0,3,4,28,False,,Group stage
P0437,2006-s5,B,2006-s5-B-GB,B,6,4,2,13,62,True,4,Champion
P0641,2006-s5,B,2006-s5-B-GB,B,6,2,3,8,45,False,,Group stage
P0350,2006-s5,B,2006-s5-B-GC,C,6,3,2,11,58,True,3,Made playoffs
P0434,2006-s5,B,2006-s5-B-GC,C,6,2,2,9,48,False,,Group stage
P0537,2006-s5,B,2006-s5-B-GC,C,6,0,6,1,25,False,,Group stage
P0530,2006-s5,B,2006-s5-B-GC,C,6,1,4,5,33,False,,Group stage
P0524,2006-s5,B,2006-s5-B-GC,C,6,4,1,14,63,True,5,Made playoffs
P0163,2006-s5,B,2006-s5-B-GC,C,6,4,1,14,60,True,10,Made playoffs
P0580,2006-s5,B,2006-s5-B-GC,C,6,2,0,11,62,True,18,Made playoffs
P0475,2006-s5,B,2006-s5-B-GD,D,6,3,2,11,52,True,12,Made playoffs
P0347,2006-s5,B,2006-s5-B-GD,D,6,2,3,8,43,False,,Group stage
P0176,2006-s5,B,2006-s5-B-GD,D,6,0,6,1,32,False,,Group stage
P0249,2006-s5,B,2006-s5-B-GD,D,6,2,1,10,57,True,19,Made playoffs
P0361,2006-s5,B,2006-s5-B-GD,D,6,4,1,14,63,True,15,Made playoffs
P0499,2006-s5,B,2006-s5-B-GD,D,6,2,3,8,40,False,,Group stage
P0291,2006-s5,B,2006-s5-B-GD,D,6,4,1,14,63,True,21,Made playoffs
P0406,2006-s5,B,2006-s5-B-GE,E,6,2,4,7,50,False,,Group stage
P0223,2006-s5,B,2006-s5-B-GE,E,6,4,2,13,70,True,2,Made playoffs
P0522,2006-s5,B,2006-s5-B-GE,E,5,0,5,0,4,False,,Group stage
P0346,2006-s5,B,2006-s5-B-GE,E,5,0,5,0,12,False,,Group stage
P0248,2006-s5,B,2006-s5-B-GE,E,6,5,1,16,63,True,1,Made playoffs
P0205,2006-s5,B,2006-s5-B-GE,E,6,4,2,13,68,True,17,Made playoffs
P0131,2006-s5,B,2006-s5-B-GE,E,6,5,1,16,68,True,16,Made playoffs
P0361,2006-s6,A,2006-s6-A-GA,A,6,1,4,5,,False,,Group stage
P0579,2006-s6,A,2006-s6-A-GA,A,6,3,2,11,,False,,Group stage
P0475,2006-s6,A,2006-s6-A-GA,A,5,1,3,4,,False,,Group stage
P0549,2006-s6,A,2006-s6-A-GA,A,6,3,2,11,,False,,Group stage
P0210,2006-s6,A,2006-s6-A-GA,A,5,0,3,2,,False,,Group stage
P0355,2006-s6,A,2006-s6-A-GA,A,6,6,0,19,,False,,Group stage
P0290,2006-s6,A,2006-s6-A-GA,A,6,3,3,10,,False,,Group stage
P0199,2006-s6,A,2006-s6-A-GB,B,6,4,1,14,,False,,Group stage
P0494,2006-s6,A,2006-s6-A-GB,B,6,0,6,1,,False,,Group stage
P0266,2006-s6,A,2006-s6-A-GB,B,5,1,3,4,,False,,Group stage
P0456,2006-s6,A,2006-s6-A-GB,B,6,5,0,17,,False,,Group stage
P0625,2006-s6,A,2006-s6-A-GB,B,6,4,1,14,,False,,Group stage
P0462,2006-s6,A,2006-s6-A-GB,B,6,2,4,7,,False,,Group stage
P0237,2006-s6,A,2006-s6-A-GB,B,5,2,3,6,,False,,Group stage
P0182,2006-s6,A,2006-s6-A-GC,C,5,1,4,3,,False,,Group stage
P0565,2006-s6,A,2006-s6-A-GC,C,6,3,3,10,,False,,Group stage
P0412,2006-s6,A,2006-s6-A-GC,C,6,3,2,11,,False,,Group stage
P0421,2006-s6,A,2006-s6-A-GC,C,6,5,1,16,,False,,Group stage
P0167,2006-s6,A,2006-s6-A-GC,C,5,2,3,10,,False,,Group stage
P0640,2006-s6,A,2006-s6-A-GC,C,5,1,3,4,,False,,Group stage
P0506,2006-s6,A,2006-s6-A-GC,C,4,3,1,10,,False,,Group stage
P0447,2006-s6,A,2006-s6-A-GD,D,6,0,6,1,,False,,Group stage
P0359,2006-s6,A,2006-s6-A-GD,D,6,2,3,8,,False,,Group stage
P0188,2006-s6,A,2006-s6-A-GD,D,6,4,2,13,,False,,Group stage
P0267,2006-s6,A,2006-s6-A-GD,D,6,4,1,14,,False,,Group stage
P0507,2006-s6,A,2006-s6-A-GD,D,6,3,1,12,,False,,Group stage
P0481,2006-s6,A,2006-s6-A-GD,D,5,2,3,7,,False,,Group stage
P0225,2006-s6,A,2006-s6-A-GD,D,6,4,2,13,,False,,Group stage
P0348,2006-s6,A,2006-s6-A-GE,E,5,2,3,6,,False,,Group stage
P0189,2006-s6,A,2006-s6-A-GE,E,6,5,1,16,,False,,Group stage
P0482,2006-s6,A,2006-s6-A-GE,E,6,6,0,19,,False,,Group stage
P0493,2006-s6,A,2006-s6-A-GE,E,6,2,3,8,,False,,Group stage
P0540,2006-s6,A,2006-s6-A-GE,E,6,3,3,10,,False,,Group stage
P0616,2006-s6,A,2006-s6-A-GE,E,6,1,5,4,,False,,Group stage
P0233,2006-s6,A,2006-s6-A-GE,E,5,0,4,1,,False,,Group stage
P0643,2006-s6,A,2006-s6-A-GF,F,6,3,2,11,,False,,Group stage
P0212,2006-s6,A,2006-s6-A-GF,F,5,1,3,4,,False,,Group stage
P0251,2006-s6,A,2006-s6-A-GF,F,5,2,1,8,,False,,Group stage
P0594,2006-s6,A,2006-s6-A-GF,F,6,0,5,2,,False,,Group stage
P0268,2006-s6,A,2006-s6-A-GF,F,6,5,0,17,,False,,Group stage
P0587,2006-s6,A,2006-s6-A-GF,F,6,4,2,13,,False,,Group stage
P0427,2006-s6,A,2006-s6-A-GF,F,7,1,4,6,,False,,Group stage
P0654,2006-s6,A,2006-s6-A-GG,G,6,6,0,19,,False,,Group stage
P0310,2006-s6,A,2006-s6-A-GG,G,5,2,3,7,,False,,Group stage
P0202,2006-s6,A,2006-s6-A-GG,G,6,3,3,10,,False,,Group stage
P0177,2006-s6,A,2006-s6-A-GG,G,6,4,2,13,,False,,Group stage
P0281,2006-s6,A,2006-s6-A-GG,G,6,0,6,1,,False,,Group stage
P0305,2006-s6,A,2006-s6-A-GG,G,6,3,2,11,,False,,Group stage
P0277,2006-s6,A,2006-s6-A-GG,G,6,2,3,8,,False,,Group stage
P0367,2006-s6,A,2006-s6-A-GH,H,6,4,1,14,,False,,Group stage
P0253,2006-s6,A,2006-s6-A-GH,H,6,4,2,13,,False,,Group stage
P0333,2006-s6,A,2006-s6-A-GH,H,6,2,3,8,,False,,Group stage
P0403,2006-s6,A,2006-s6-A-GH,H,6,1,4,5,,False,,Group stage
P0417,2006-s6,A,2006-s6-A-GH,H,5,3,2,10,,False,,Group stage
P0246,2006-s6,A,2006-s6-A-GH,H,6,2,2,9,,False,,Group stage
P0516,2006-s6,A,2006-s6-A-GH,H,5,1,3,4,,False,,Group stage
P0609,2006-s6,A,2006-s6-A-GI,I,5,2,2,7,,False,,Group stage
P0601,2006-s6,A,2006-s6-A-GI,I,6,1,3,6,,False,,Group stage
P0395,2006-s6,A,2006-s6-A-GI,I,6,4,1,14,,False,,Group stage
P0624,2006-s6,A,2006-s6-A-GI,I,6,3,3,10,,False,,Group stage
P0216,2006-s6,A,2006-s6-A-GI,I,4,1,3,4,,False,,Group stage
P0320,2006-s6,A,2006-s6-A-GI,I,5,2,3,6,,False,,Group stage
P0384,2006-s6,A,2006-s6-A-GI,I,6,5,1,16,,False,,Group stage
P0254,2006-s6,A,2006-s6-A-GJ,J,6,5,0,17,,False,,Group stage
P0207,2006-s6,A,2006-s6-A-GJ,J,6,4,2,13,,False,,Group stage
P0227,2006-s6,A,2006-s6-A-GJ,J,6,2,4,7,,False,,Group stage
P0269,2006-s6,A,2006-s6-A-GJ,J,5,1,4,3,,False,,Group stage
P0391,2006-s6,A,2006-s6-A-GJ,J,6,5,1,16,,False,,Group stage
P0024,2006-s6,A,2006-s6-A-GJ,J,5,1,3,4,,False,,Group stage
P0217,2006-s6,A,2006-s6-A-GJ,J,6,0,4,3,,False,,Group stage
P0558,2006-s6,B,2006-s6-B-GA,A,6,2,4,7,,False,,Group stage
P0413,2006-s6,B,2006-s6-B-GA,A,5,1,4,3,,False,,Group stage
P0471,2006-s6,B,2006-s6-B-GA,A,6,3,3,10,,False,,Group stage
P0573,2006-s6,B,2006-s6-B-GA,A,6,4,2,13,,False,,Group stage
P0292,2006-s6,B,2006-s6-B-GA,A,6,6,0,19,,False,,Group stage
P0312,2006-s6,B,2006-s6-B-GA,A,6,2,4,7,,False,,Group stage
P0326,2006-s6,B,2006-s6-B-GA,A,6,3,3,10,,False,,Group stage
P0606,2006-s6,B,2006-s6-B-GB,B,6,4,2,13,,False,,Group stage
P0641,2006-s6,B,2006-s6-B-GB,B,5,2,2,7,,False,,Group stage
P0526,2006-s6,B,2006-s6-B-GB,B,6,6,0,19,,False,,Group stage
P0539,2006-s6,B,2006-s6-B-GB,B,6,3,2,11,,False,,Group stage
P0567,2006-s6,B,2006-s6-B-GB,B,6,3,3,10,,False,,Group stage
P0432,2006-s6,B,2006-s6-B-GB,B,6,1,5,4,,False,,Group stage
P0467,2006-s6,B,2006-s6-B-GB,B,5,0,5,0,,False,,Group stage
P0438,2006-s6,B,2006-s6-B-GC,C,5,0,3,2,,False,,Group stage
P0343,2006-s6,B,2006-s6-B-GC,C,6,1,4,5,,False,,Group stage
P0496,2006-s6,B,2006-s6-B-GC,C,6,3,1,12,,False,,Group stage
P0370,2006-s6,B,2006-s6-B-GC,C,6,3,0,13,,False,,Group stage
P0345,2006-s6,B,2006-s6-B-GC,C,6,5,0,17,,False,,Group stage
P0405,2006-s6,B,2006-s6-B-GC,C,6,2,1,10,,False,,Group stage
P0563,2006-s6,B,2006-s6-B-GC,C,5,0,5,0,,False,,Group stage
P0647,2006-s6,B,2006-s6-B-GD,D,6,4,1,14,,False,,Group stage
P0439,2006-s6,B,2006-s6-B-GD,D,6,5,0,17,,False,,Group stage
P0369,2006-s6,B,2006-s6-B-GD,D,6,3,2,11,,False,,Group stage
P0537,2006-s6,B,2006-s6-B-GD,D,6,0,6,1,,False,,Group stage
P0068,2006-s6,B,2006-s6-B-GD,D,4,3,1,10,,False,,Group stage
P0193,2006-s6,B,2006-s6-B-GD,D,6,3,2,11,,False,,Group stage
P0453,2006-s6,B,2006-s6-B-GD,D,6,1,5,4,,False,,Group stage
P0191,2006-s6,B,2006-s6-B-GE,E,6,4,0,15,,False,,Group stage
P0298,2006-s6,B,2006-s6-B-GE,E,6,3,2,11,,False,,Group stage
P0373,2006-s6,B,2006-s6-B-GE,E,6,2,2,9,,False,,Group stage
P0435,2006-s6,B,2006-s6-B-GE,E,6,3,0,13,,False,,Group stage
P0229,2006-s6,B,2006-s6-B-GE,E,6,2,3,8,,False,,Group stage
P0406,2006-s6,B,2006-s6-B-GE,E,6,0,6,1,,False,,Group stage
P0536,2006-s6,B,2006-s6-B-GE,E,6,2,3,8,,False,,Group stage
P0644,2006-s7,A,2006-s7-A-GA,A,5,1,3,4,,False,,Group stage
P0206,2006-s7,A,2006-s7-A-GA,A,6,1,5,4,,False,,Group stage
P0184,2006-s7,A,2006-s7-A-GA,A,6,3,1,12,,True,59,Made playoffs
P0258,2006-s7,A,2006-s7-A-GA,A,6,2,1,10,,True,44,Made playoffs
P0297,2006-s7,A,2006-s7-A-GA,A,6,5,1,16,,True,14,Made playoffs
P0073,2006-s7,A,2006-s7-A-GA,A,6,3,1,12,,True,27,Made playoffs
P0411,2006-s7,A,2006-s7-A-GA,A,5,1,4,3,,False,,Group stage
P0609,2006-s7,A,2006-s7-A-GB,B,6,3,3,10,,True,16,Made playoffs
P0140,2006-s7,A,2006-s7-A-GB,B,6,3,1,12,,True,43,Made playoffs
P0126,2006-s7,A,2006-s7-A-GB,B,6,1,3,6,,False,,Group stage
P0356,2006-s7,A,2006-s7-A-GB,B,6,2,2,9,,False,,Group stage
P0278,2006-s7,A,2006-s7-A-GB,B,6,4,2,13,,True,38,Made playoffs
P0060,2006-s7,A,2006-s7-A-GB,B,6,4,2,13,,True,15,Made playoffs
P0450,2006-s7,A,2006-s7-A-GB,B,6,1,5,4,,False,,Group stage
P0300,2006-s7,A,2006-s7-A-GC,C,6,4,2,13,,True,55,Made playoffs
P0029,2006-s7,A,2006-s7-A-GC,C,5,2,2,7,,False,,Group stage
P0321,2006-s7,A,2006-s7-A-GC,C,6,4,1,14,,True,53,Made playoffs
P0437,2006-s7,A,2006-s7-A-GC,C,6,2,3,8,,False,,Group stage
P0501,2006-s7,A,2006-s7-A-GC,C,4,,3,1,,False,,Group stage
P0024,2006-s7,A,2006-s7-A-GC,C,5,1,4,3,,False,,Group stage
P0378,2006-s7,A,2006-s7-A-GC,C,6,3,1,12,,True,11,Made playoffs
P0261,2006-s7,A,2006-s7-A-GD,D,6,2,4,7,,False,,Group stage
P0422,2006-s7,A,2006-s7-A-GD,D,6,5,1,16,,True,10,Made playoffs
P0653,2006-s7,A,2006-s7-A-GD,D,6,6,,19,,True,32,Champion
P0213,2006-s7,A,2006-s7-A-GD,D,6,4,2,13,,True,23,Made playoffs
P0630,2006-s7,A,2006-s7-A-GD,D,6,,6,0,,False,,Group stage
P0293,2006-s7,A,2006-s7-A-GD,D,6,2,4,7,,False,,Group stage
P0359,2006-s7,A,2006-s7-A-GD,D,6,2,4,7,,False,,Group stage
P0178,2006-s7,A,2006-s7-A-GE,E,6,1,5,3,,False,,Group stage
P0616,2006-s7,A,2006-s7-A-GE,E,6,3,3,10,,True,48,Made playoffs
P0294,2006-s7,A,2006-s7-A-GE,E,6,2,4,7,,False,,Group stage
P0075,2006-s7,A,2006-s7-A-GE,E,6,1,4,5,,False,,Group stage
P0172,2006-s7,A,2006-s7-A-GE,E,6,4,2,13,,True,6,Made playoffs
P0204,2006-s7,A,2006-s7-A-GE,E,6,4,2,13,,True,7,Made playoffs
P0385,2006-s7,A,2006-s7-A-GE,E,6,5,,17,,True,41,Made playoffs
P0427,2006-s7,A,2006-s7-A-GF,F,6,4,2,13,,True,31,Made playoffs
P0167,2006-s7,A,2006-s7-A-GF,F,5,1,4,3,,False,,Group stage
P0430,2006-s7,A,2006-s7-A-GF,F,3,2,1,6,,False,,Group stage
P0565,2006-s7,A,2006-s7-A-GF,F,4,2,2,6,,False,,Group stage
P0512,2006-s7,A,2006-s7-A-GF,F,6,5,,17,,True,58,Runner-up
P0215,2006-s7,A,2006-s7-A-GF,F,4,2,1,7,,False,,Group stage
P0340,2006-s7,A,2006-s7-A-GF,F,6,,6,1,,False,,Group stage
P0239,2006-s7,A,2006-s7-A-GG,G,6,4,2,13,,True,39,Made playoffs
P0270,2006-s7,A,2006-s7-A-GG,G,6,5,1,16,,True,46,Made playoffs
P0310,2006-s7,A,2006-s7-A-GG,G,3,,2,1,,False,,Group stage
P0186,2006-s7,A,2006-s7-A-GG,G,5,3,2,9,,True,52,Made playoffs
P0588,2006-s7,A,2006-s7-A-GG,G,5,1,3,4,,False,,Group stage
P0051,2006-s7,A,2006-s7-A-GG,G,4,,4,,,False,,Group stage
P0533,2006-s7,A,2006-s7-A-GG,G,5,3,2,9,,False,,Group stage
P0342,2006-s7,A,2006-s7-A-GH,H,5,2,3,6,,False,,Group stage
P0493,2006-s7,A,2006-s7-A-GH,H,6,6,,19,,True,50,Made playoffs
P0404,2006-s7,A,2006-s7-A-GH,H,5,1,4,3,,False,,Group stage
P0234,2006-s7,A,2006-s7-A-GH,H,3,,3,0,,False,,Group stage
P0434,2006-s7,A,2006-s7-A-GH,H,6,2,4,7,,False,,Group stage
P0377,2006-s7,A,2006-s7-A-GH,H,5,3,1,10,,True,3,Made playoffs
P0076,2006-s7,A,2006-s7-A-GH,H,6,3,2,11,,True,51,Made playoffs
P0535,2006-s7,A,2006-s7-A-GI,I,6,4,2,13,,True,63,Made playoffs
P0195,2006-s7,A,2006-s7-A-GI,I,5,1,4,3,,False,,Group stage
P0250,2006-s7,A,2006-s7-A-GI,I,5,2,3,6,,False,,Group stage
P0627,2006-s7,A,2006-s7-A-GI,I,5,1,4,3,,False,,Group stage
P0615,2006-s7,A,2006-s7-A-GI,I,1,1,,3,,False,,Group stage
P0363,2006-s7,A,2006-s7-A-GI,I,6,4,1,14,,True,30,Made playoffs
P0205,2006-s7,A,2006-s7-A-GI,I,6,5,,17,,True,18,Made playoffs
P0333,2006-s7,A,2006-s7-A-GJ,J,6,4,2,13,,True,47,Made playoffs
P0485,2006-s7,A,2006-s7-A-GJ,J,5,1,4,3,,False,,Group stage
P0581,2006-s7,A,2006-s7-A-GJ,J,6,3,3,10,,True,35,Made playoffs
P0216,2006-s7,A,2006-s7-A-GJ,J,6,3,3,10,,True,12,Made playoffs
P0464,2006-s7,A,2006-s7-A-GJ,J,4,,4,0,,False,,Group stage
P0235,2006-s7,A,2006-s7-A-GJ,J,6,6,,19,,True,40,Made playoffs
P0192,2006-s7,A,2006-s7-A-GJ,J,6,2,4,6,,False,,Group stage
P0497,2006-s7,A,2006-s7-A-GK,K,5,2,3,6,,False,,Group stage
P0621,2006-s7,A,2006-s7-A-GK,K,3,2,,7,,False,,Group stage
P0247,2006-s7,A,2006-s7-A-GK,K,6,4,1,14,,True,61,Made playoffs
P0380,2006-s7,A,2006-s7-A-GK,K,6,3,3,10,,True,4,Made playoffs
P0463,2006-s7,A,2006-s7-A-GK,K,6,,6,,,False,,Group stage
P0541,2006-s7,A,2006-s7-A-GK,K,5,3,2,9,,True,36,Made playoffs
P0418,2006-s7,A,2006-s7-A-GK,K,5,3,2,9,,False,,Group stage
P0509,2006-s7,A,2006-s7-A-GL,L,6,,6,,,False,,Group stage
P0409,2006-s7,A,2006-s7-A-GL,L,6,4,1,14,,True,21,Made playoffs
P0383,2006-s7,A,2006-s7-A-GL,L,6,3,3,10,,True,60,Made playoffs
P0508,2006-s7,A,2006-s7-A-GL,L,6,1,5,4,,False,,Group stage
P0440,2006-s7,A,2006-s7-A-GL,L,6,5,,17,,True,25,Made playoffs
P0210,2006-s7,A,2006-s7-A-GL,L,6,3,2,11,,True,28,Made playoffs
P0622,2006-s7,A,2006-s7-A-GL,L,6,3,2,11,,True,19,Made playoffs
P0307,2006-s7,B,2006-s7-B-GA,A,6,5,1,16,,True,5,Made playoffs
P0217,2006-s7,B,2006-s7-B-GA,A,6,5,1,16,,True,20,Made playoffs
P0604,2006-s7,B,2006-s7-B-GA,A,5,,5,0,,False,,Group stage
P0347,2006-s7,B,2006-s7-B-GA,A,5,1,4,3,,False,,Group stage
P0326,2006-s7,B,2006-s7-B-GA,A,4,1,3,3,,False,,Group stage
P0591,2006-s7,B,2006-s7-B-GA,A,5,4,1,13,,True,18,Made playoffs
P0431,2006-s7,B,2006-s7-B-GA,A,6,3,3,10,,False,,Group stage
P0601,2006-s7,B,2006-s7-B-GB,B,6,1,3,6,,False,,Group stage
P0313,2006-s7,B,2006-s7-B-GB,B,6,3,3,10,,False,,Group stage
P0441,2006-s7,B,2006-s7-B-GB,B,6,2,1,10,,False,,Group stage
P0304,2006-s7,B,2006-s7-B-GB,B,6,0,6,,,False,,Group stage
P0219,2006-s7,B,2006-s7-B-GB,B,6,3,2,11,,True,25,Made playoffs
P0159,2006-s7,B,2006-s7-B-GB,B,6,4,1,14,,True,24,Made playoffs
P0484,2006-s7,B,2006-s7-B-GB,B,6,4,1,14,,True,10,Runner-up
P0408,2006-s7,B,2006-s7-B-GC,C,6,2,4,7,,False,,Group stage
P0371,2006-s7,B,2006-s7-B-GC,C,6,6,,19,,True,1,Made playoffs
P0230,2006-s7,B,2006-s7-B-GC,C,6,3,3,10,,False,,Group stage
P0414,2006-s7,B,2006-s7-B-GC,C,6,,6,0,,False,,Group stage
P0203,2006-s7,B,2006-s7-B-GC,C,6,1,5,4,,False,,Group stage
P0296,2006-s7,B,2006-s7-B-GC,C,6,4,1,14,,True,28,Made playoffs
P0009,2006-s7,B,2006-s7-B-GC,C,6,4,1,14,,True,14,Made playoffs
P0538,2006-s7,B,2006-s7-B-GD,D,6,3,3,10,,True,11,Made playoffs
P0453,2006-s7,B,2006-s7-B-GD,D,4,,4,0,,False,,Group stage
P0498,2006-s7,B,2006-s7-B-GD,D,6,2,3,8,,False,,Group stage
P0550,2006-s7,B,2006-s7-B-GD,D,6,5,,16,,True,8,Made playoffs
P0266,2006-s7,B,2006-s7-B-GD,D,4,,3,1,,False,,Group stage
P0223,2006-s7,B,2006-s7-B-GD,D,6,5,,17,,False,,Group stage
P0626,2006-s7,B,2006-s7-B-GD,D,4,1,3,3,,False,,Group stage
P0452,2006-s7,B,2006-s7-B-GE,E,6,2,3,8,,False,,Group stage
P0241,2006-s7,B,2006-s7-B-GE,E,5,2,2,8,,True,15,Made playoffs
P0396,2006-s7,B,2006-s7-B-GE,E,6,,6,0,,False,,Group stage
P0344,2006-s7,B,2006-s7-B-GE,E,5,4,,13,,True,4,Made playoffs
P0327,2006-s7,B,2006-s7-B-GE,E,6,4,1,14,,True,22,Made playoffs
P0339,2006-s7,B,2006-s7-B-GE,E,5,2,3,6,,False,,Group stage
P0424,2006-s7,B,2006-s7-B-GE,E,2,2,,6,,False,,Group stage
P0282,2006-s7,B,2006-s7-B-GF,F,6,2,3,8,,False,,Group stage
P0447,2006-s7,B,2006-s7-B-GF,F,6,5,1,16,,True,13,Made playoffs
P0465,2006-s7,B,2006-s7-B-GF,F,6,4,2,13,,True,3,Made playoffs
P0438,2006-s7,B,2006-s7-B-GF,F,5,1,2,6,,False,,Group stage
P0222,2006-s7,B,2006-s7-B-GF,F,6,,5,2,,False,,Group stage
P0544,2006-s7,B,2006-s7-B-GF,F,6,1,3,6,,False,,Group stage
P0273,2006-s7,B,2006-s7-B-GF,F,6,5,1,16,,False,,Group stage
P0284,2006-s7,B,2006-s7-B-GG,G,5,1,4,3,,False,,Group stage
P0302,2006-s7,B,2006-s7-B-GG,G,6,5,1,16,,True,27,Champion
P0190,2006-s7,B,2006-s7-B-GG,G,3,,3,0,,False,,Group stage
P0315,2006-s7,B,2006-s7-B-GG,G,5,,5,0,,False,,Group stage
P0196,2006-s7,B,2006-s7-B-GG,G,6,4,2,13,,True,19,Made playoffs
P0240,2006-s7,B,2006-s7-B-GG,G,6,6,,19,,True,17,Made playoffs
P0491,2006-s7,B,2006-s7-B-GG,G,6,3,3,10,,False,,Group stage
P0385,2007-s1,A,2007-s1-A-GA,A,6,3,2,10,57,True,16,Made playoffs
P0235,2007-s1,A,2007-s1-A-GA,A,5,3,2,9,64,False,,Group stage
P0776,2007-s1,A,2007-s1-A-GA,A,6,3,3,9,42,False,,Group stage
P0808,2007-s1,A,2007-s1-A-GA,A,6,4,1,13,65,True,21,Made playoffs
P0007,2007-s1,A,2007-s1-A-GA,A,6,3,2,10,58,True,4,Made playoffs
P0297,2007-s1,A,2007-s1-A-GA,A,6,2,3,7,35,False,,Group stage
P0863,2007-s1,A,2007-s1-A-GA,A,5,0,5,0,28,False,,Group stage
P0029,2007-s1,A,2007-s1-A-GB,B,6,3,1,11,62,True,19,Made playoffs
P0655,2007-s1,A,2007-s1-A-GB,B,6,2,1,9,58,True,30,Made playoffs
P0076,2007-s1,A,2007-s1-A-GB,B,6,4,2,12,68,True,7,Made playoffs
P0710,2007-s1,A,2007-s1-A-GB,B,4,1,1,5,40,False,,Group stage
P0925,2007-s1,A,2007-s1-A-GB,B,5,1,2,5,40,False,,Group stage
P0653,2007-s1,A,2007-s1-A-GB,B,6,2,2,8,43,False,,Group stage
P0609,2007-s1,A,2007-s1-A-GB,B,5,0,4,1,30,False,,Group stage
P0239,2007-s1,A,2007-s1-A-GC,C,6,6,0,18,78,True,17,Made playoffs
P0258,2007-s1,A,2007-s1-A-GC,C,6,3,2,10,48,False,,Group stage
P0259,2007-s1,A,2007-s1-A-GC,C,6,2,3,7,48,False,,Group stage
P0697,2007-s1,A,2007-s1-A-GC,C,6,3,2,10,57,True,32,Made playoffs
P0659,2007-s1,A,2007-s1-A-GC,C,6,0,5,1,35,False,,Group stage
P0271,2007-s1,A,2007-s1-A-GC,C,6,1,5,3,23,False,,Group stage
P0812,2007-s1,A,2007-s1-A-GC,C,6,4,2,12,60,True,11,Made playoffs
P0024,2007-s1,A,2007-s1-A-GD,D,6,0,5,1,35,False,,Group stage
P0411,2007-s1,A,2007-s1-A-GD,D,6,5,0,16,60,True,25,Made playoffs
P0223,2007-s1,A,2007-s1-A-GD,D,6,3,3,9,50,False,,Group stage
P0493,2007-s1,A,2007-s1-A-GD,D,6,3,2,10,57,True,10,Made playoffs
P0484,2007-s1,A,2007-s1-A-GD,D,6,3,2,10,52,True,8,Made playoffs
P0240,2007-s1,A,2007-s1-A-GD,D,6,1,5,3,40,False,,Group stage
P0073,2007-s1,A,2007-s1-A-GD,D,6,4,2,12,57,True,27,Made playoffs
P0300,2007-s1,A,2007-s1-A-GE,E,6,3,3,9,48,False,,Group stage
P0378,2007-s1,A,2007-s1-A-GE,E,5,1,4,3,36,False,,Group stage
P0172,2007-s1,A,2007-s1-A-GE,E,6,4,1,13,67,True,23,Made playoffs
P0800,2007-s1,A,2007-s1-A-GE,E,6,2,4,6,45,False,,Group stage
P0430,2007-s1,A,2007-s1-A-GE,E,6,5,1,15,57,True,13,Made playoffs
P0321,2007-s1,A,2007-s1-A-GE,E,6,3,2,10,55,True,24,Made playoffs
P0140,2007-s1,A,2007-s1-A-GE,E,5,1,4,3,38,False,,Group stage
P0333,2007-s1,A,2007-s1-A-GF,F,6,4,2,12,68,True,28,Made playoffs
P0359,2007-s1,A,2007-s1-A-GF,F,5,0,5,0,28,False,,Group stage
P0018,2007-s1,A,2007-s1-A-GF,F,6,4,0,14,63,True,29,Runner-up
P0541,2007-s1,A,2007-s1-A-GF,F,5,2,3,6,34,False,,Group stage
P0383,2007-s1,A,2007-s1-A-GF,F,4,1,3,3,38,False,,Group stage
P0166,2007-s1,A,2007-s1-A-GF,F,6,2,3,7,47,False,,Group stage
P0939,2007-s1,A,2007-s1-A-GF,F,6,4,1,13,62,True,31,Made playoffs
P0205,2007-s1,A,2007-s1-A-GG,G,6,4,2,12,55,True,12,Made playoffs
P0788,2007-s1,A,2007-s1-A-GG,G,6,2,4,6,43,False,,Group stage
P0512,2007-s1,A,2007-s1-A-GG,G,6,5,0,16,58,True,9,Made playoffs
P0666,2007-s1,A,2007-s1-A-GG,G,6,1,5,3,45,False,,Group stage
P0250,2007-s1,A,2007-s1-A-GG,G,6,4,1,13,62,True,15,Made playoffs
P0616,2007-s1,A,2007-s1-A-GG,G,6,0,6,0,33,False,,Group stage
P0717,2007-s1,A,2007-s1-A-GG,G,6,4,2,12,53,True,14,Made playoffs
P0270,2007-s1,A,2007-s1-A-GH,H,6,3,2,10,52,True,26,Made playoffs
P0418,2007-s1,A,2007-s1-A-GH,H,6,0,6,0,22,False,,Group stage
P0363,2007-s1,A,2007-s1-A-GH,H,6,3,2,10,60,True,3,Made playoffs
P0261,2007-s1,A,2007-s1-A-GH,H,6,4,1,13,60,True,5,Champion
P0617,2007-s1,A,2007-s1-A-GH,H,6,3,2,10,52,True,6,Made playoffs
P0682,2007-s1,A,2007-s1-A-GH,H,6,3,3,9,50,False,,Group stage
P0427,2007-s1,A,2007-s1-A-GH,H,6,3,3,9,55,False,,Group stage
P0242,2007-s1,A,2007-s1-A-GI,I,4,1,2,4,50,False,,Group stage
P0440,2007-s1,A,2007-s1-A-GI,I,6,3,2,10,50,True,20,Made playoffs
P0246,2007-s1,A,2007-s1-A-GI,I,5,3,2,9,52,False,,Group stage
P0853,2007-s1,A,2007-s1-A-GI,I,6,6,0,18,85,True,2,Made playoffs
P0897,2007-s1,A,2007-s1-A-GI,I,6,3,2,10,45,True,22,Made playoffs
P0588,2007-s1,A,2007-s1-A-GI,I,6,1,5,3,43,False,,Group stage
P0878,2007-s1,A,2007-s1-A-GI,I,6,1,4,4,33,False,,Group stage
P0068,2007-s1,B,2007-s1-B-GA,A,6,4,1,13,63,True,23,Made playoffs
P0770,2007-s1,B,2007-s1-B-GA,A,6,2,4,6,40,False,,Group stage
P0340,2007-s1,B,2007-s1-B-GA,A,6,2,4,6,39,False,,Group stage
P0809,2007-s1,B,2007-s1-B-GA,A,6,4,2,12,60,True,12,Made playoffs
P0508,2007-s1,B,2007-s1-B-GA,A,6,2,4,6,45,False,,Group stage
P0558,2007-s1,B,2007-s1-B-GA,A,4,1,3,3,41,False,,Group stage
P0938,2007-s1,B,2007-s1-B-GA,A,6,5,0,16,68,True,2,Made playoffs
P0917,2007-s1,B,2007-s1-B-GB,B,6,4,2,12,58,True,11,Made playoffs
P0648,2007-s1,B,2007-s1-B-GB,B,6,2,4,6,47,False,,Group stage
P0693,2007-s1,B,2007-s1-B-GB,B,6,3,1,11,58,True,14,Made playoffs
P0307,2007-s1,B,2007-s1-B-GB,B,6,4,2,12,47,True,24,Made playoffs
P0183,2007-s1,B,2007-s1-B-GB,B,6,2,3,7,43,False,,Group stage
P0441,2007-s1,B,2007-s1-B-GB,B,6,0,5,1,40,False,,Group stage
P0467,2007-s1,B,2007-s1-B-GB,B,6,4,2,12,57,True,5,Made playoffs
P0296,2007-s1,B,2007-s1-B-GC,C,6,4,2,12,57,True,3,Made playoffs
P0821,2007-s1,B,2007-s1-B-GC,C,5,3,2,9,56,False,,Group stage
P0491,2007-s1,B,2007-s1-B-GC,C,6,2,2,8,49,False,,Group stage
P0766,2007-s1,B,2007-s1-B-GC,C,5,0,5,0,27,False,,Group stage
P0485,2007-s1,B,2007-s1-B-GC,C,6,3,2,10,53,True,8,Made playoffs
P0698,2007-s1,B,2007-s1-B-GC,C,6,2,3,7,48,False,,Group stage
P0876,2007-s1,B,2007-s1-B-GC,C,6,5,1,15,63,True,9,Made playoffs
P0695,2007-s1,B,2007-s1-B-GD,D,6,4,1,13,60,True,31,Made playoffs
P0872,2007-s1,B,2007-s1-B-GD,D,6,3,3,9,57,True,26,Runner-up
P0887,2007-s1,B,2007-s1-B-GD,D,4,3,1,9,60,True,22,Made playoffs
P0842,2007-s1,B,2007-s1-B-GD,D,6,0,6,0,30,False,,Group stage
P0591,2007-s1,B,2007-s1-B-GD,D,6,5,1,15,75,True,18,Made playoffs
P0665,2007-s1,B,2007-s1-B-GD,D,6,3,3,9,43,False,,Group stage
P0663,2007-s1,B,2007-s1-B-GD,D,6,2,3,7,37,False,,Group stage
P0404,2007-s1,B,2007-s1-B-GE,E,6,4,1,13,58,True,21,Made playoffs
P0217,2007-s1,B,2007-s1-B-GE,E,6,3,3,9,45,True,16,Made playoffs
P0795,2007-s1,B,2007-s1-B-GE,E,6,3,3,9,57,False,,Group stage
P0731,2007-s1,B,2007-s1-B-GE,E,6,4,2,12,57,False,,Group stage
P0673,2007-s1,B,2007-s1-B-GE,E,6,1,5,3,28,False,,Group stage
P0813,2007-s1,B,2007-s1-B-GE,E,6,4,2,12,65,True,15,Made playoffs
P0835,2007-s1,B,2007-s1-B-GE,E,6,1,4,4,40,False,,Group stage
P0315,2007-s1,B,2007-s1-B-GF,F,6,4,2,12,55,True,32,Made playoffs
P0913,2007-s1,B,2007-s1-B-GF,F,6,3,2,10,60,True,10,Champion
P0683,2007-s1,B,2007-s1-B-GF,F,6,0,5,1,17,False,,Group stage
P0344,2007-s1,B,2007-s1-B-GF,F,6,4,2,12,58,True,27,Made playoffs
P0819,2007-s1,B,2007-s1-B-GF,F,6,4,1,13,65,True,13,Made playoffs
P0465,2007-s1,B,2007-s1-B-GF,F,6,1,3,5,40,False,,Group stage
P0126,2007-s1,B,2007-s1-B-GF,F,6,2,3,7,55,False,,Group stage
P0009,2007-s1,B,2007-s1-B-GG,G,3,1,2,3,57,False,,Group stage
P0822,2007-s1,B,2007-s1-B-GG,G,2,1,1,3,45,False,,Group stage
P0241,2007-s1,B,2007-s1-B-GG,G,5,0,5,0,30,True,30,Made playoffs
P0831,2007-s1,B,2007-s1-B-GG,G,3,3,0,9,63,False,,Group stage
P0447,2007-s1,B,2007-s1-B-GG,G,5,3,2,9,54,True,20,Made playoffs
P0327,2007-s1,B,2007-s1-B-GG,G,6,4,2,12,55,True,7,Made playoffs
P0914,2007-s1,B,2007-s1-B-GG,G,2,1,1,3,50,False,,Group stage
P0741,2007-s1,B,2007-s1-B-GH,H,6,1,1,7,50,False,,Group stage
P0771,2007-s1,B,2007-s1-B-GH,H,6,3,2,10,52,True,6,Made playoffs
P0452,2007-s1,B,2007-s1-B-GH,H,6,3,1,11,58,True,4,Made playoffs
P0932,2007-s1,B,2007-s1-B-GH,H,5,2,1,8,50,False,,Group stage
P0051,2007-s1,B,2007-s1-B-GH,H,6,2,3,7,53,False,,Group stage
P0544,2007-s1,B,2007-s1-B-GH,H,6,4,1,13,60,True,29,Made playoffs
P0772,2007-s1,B,2007-s1-B-GH,H,6,0,5,1,32,False,,Group stage
P0667,2007-s1,B,2007-s1-B-GI,I,6,1,5,3,30,False,,Group stage
P0431,2007-s1,B,2007-s1-B-GI,I,6,4,2,12,58,True,19,Made playoffs
P0763,2007-s1,B,2007-s1-B-GI,I,6,4,2,12,55,False,,Group stage
P0406,2007-s1,B,2007-s1-B-GI,I,6,1,5,3,35,False,,Group stage
P0862,2007-s1,B,2007-s1-B-GI,I,6,4,2,12,62,True,28,Made playoffs
P0514,2007-s1,B,2007-s1-B-GI,I,6,5,1,15,67,True,25,Made playoffs
P0742,2007-s1,B,2007-s1-B-GI,I,6,2,4,6,43,False,,Group stage
P0920,2007-s2,A,2007-s2-A-GA,A,5,4,1,12,60,True,5,Made playoffs
P0843,2007-s2,A,2007-s2-A-GA,A,6,2,3,7,50,False,,Group stage
P0223,2007-s2,A,2007-s2-A-GA,A,6,2,4,6,45,False,,Group stage
P0363,2007-s2,A,2007-s2-A-GA,A,6,3,2,10,53,True,6,Made playoffs
P0140,2007-s2,A,2007-s2-A-GA,A,6,3,2,10,55,True,20,Made playoffs
P0905,2007-s2,A,2007-s2-A-GA,A,6,2,2,8,42,False,,Group stage
P0491,2007-s2,A,2007-s2-A-GA,A,6,2,3,7,48,False,,Group stage
P0385,2007-s2,A,2007-s2-A-GB,B,6,4,1,13,63,True,21,Made playoffs
P0362,2007-s2,A,2007-s2-A-GB,B,2,0,2,0,35,False,,Group stage
P0029,2007-s2,A,2007-s2-A-GB,B,6,4,2,12,63,True,14,Made playoffs
P0617,2007-s2,A,2007-s2-A-GB,B,3,0,2,1,37,False,,Group stage
P0068,2007-s2,A,2007-s2-A-GB,B,1,1,0,3,60,False,,Group stage
P0196,2007-s2,A,2007-s2-A-GB,B,5,4,1,12,74,True,11,Made playoffs
P0242,2007-s2,A,2007-s2-A-GB,B,6,4,2,12,65,True,16,Made playoffs
P0609,2007-s2,A,2007-s2-A-GC,C,6,0,5,1,33,False,,Group stage
P0655,2007-s2,A,2007-s2-A-GC,C,6,2,2,8,48,False,,Group stage
P0812,2007-s2,A,2007-s2-A-GC,C,6,3,1,11,53,True,3,Made playoffs
P0258,2007-s2,A,2007-s2-A-GC,C,6,4,0,14,73,True,13,Champion
P0024,2007-s2,A,2007-s2-A-GC,C,6,1,2,6,45,False,,Group stage
P0378,2007-s2,A,2007-s2-A-GC,C,6,1,1,7,50,False,,Group stage
P0659,2007-s2,A,2007-s2-A-GC,C,6,3,3,9,47,True,30,Made playoffs
P0321,2007-s2,A,2007-s2-A-GD,D,6,4,1,13,63,True,29,Made playoffs
P0335,2007-s2,A,2007-s2-A-GD,D,5,0,3,2,36,False,,Group stage
P0541,2007-s2,A,2007-s2-A-GD,D,6,1,3,5,45,False,,Group stage
P0131,2007-s2,A,2007-s2-A-GD,D,4,0,2,2,40,False,,Group stage
P0300,2007-s2,A,2007-s2-A-GD,D,6,1,2,6,50,False,,Group stage
P0897,2007-s2,A,2007-s2-A-GD,D,6,4,1,13,57,True,15,Made playoffs
P0205,2007-s2,A,2007-s2-A-GD,D,6,4,1,13,57,True,12,Made playoffs
P0493,2007-s2,A,2007-s2-A-GE,E,6,5,0,16,62,True,25,Made playoffs
P0270,2007-s2,A,2007-s2-A-GE,E,6,5,1,15,68,True,23,Runner-up
P0485,2007-s2,A,2007-s2-A-GE,E,6,2,4,6,43,False,,Group stage
P0333,2007-s2,A,2007-s2-A-GE,E,6,3,3,9,55,True,26,Made playoffs
P0224,2007-s2,A,2007-s2-A-GE,E,6,4,1,13,60,True,28,Made playoffs
P0616,2007-s2,A,2007-s2-A-GE,E,6,1,5,3,38,False,,Group stage
P0427,2007-s2,A,2007-s2-A-GE,E,4,0,4,0,35,False,,Group stage
P0430,2007-s2,A,2007-s2-A-GF,F,6,4,2,12,53,True,7,Made playoffs
P0819,2007-s2,A,2007-s2-A-GF,F,6,2,4,6,47,False,,Group stage
P0240,2007-s2,A,2007-s2-A-GF,F,6,3,3,9,53,False,,Group stage
P0186,2007-s2,A,2007-s2-A-GF,F,6,3,3,9,40,False,,Group stage
P0344,2007-s2,A,2007-s2-A-GF,F,6,2,4,6,43,False,,Group stage
P0902,2007-s2,A,2007-s2-A-GF,F,6,3,2,10,57,True,8,Made playoffs
P0247,2007-s2,A,2007-s2-A-GF,F,6,3,2,10,57,True,4,Made playoffs
P0917,2007-s2,A,2007-s2-A-GG,G,5,0,4,1,28,False,,Group stage
P0165,2007-s2,A,2007-s2-A-GG,G,5,1,3,4,44,False,,Group stage
P0512,2007-s2,A,2007-s2-A-GG,G,6,6,0,18,70,False,,Group stage
P0172,2007-s2,A,2007-s2-A-GG,G,6,4,2,12,57,True,19,Made playoffs
P0856,2007-s2,A,2007-s2-A-GG,G,3,0,2,1,30,False,,Group stage
P0411,2007-s2,A,2007-s2-A-GG,G,5,3,1,10,66,True,24,Made playoffs
P0877,2007-s2,A,2007-s2-A-GG,G,3,1,2,3,47,False,,Group stage
P0440,2007-s2,A,2007-s2-A-GH,H,6,2,4,6,27,False,,Group stage
P0717,2007-s2,A,2007-s2-A-GH,H,6,1,5,3,33,False,,Group stage
P0931,2007-s2,A,2007-s2-A-GH,H,6,2,4,6,47,False,,Group stage
P0777,2007-s2,A,2007-s2-A-GH,H,6,3,3,9,57,False,,Group stage
P0874,2007-s2,A,2007-s2-A-GH,H,6,6,0,18,75,True,1,Made playoffs
P0239,2007-s2,A,2007-s2-A-GH,H,6,4,2,12,62,True,27,Made playoffs
P0250,2007-s2,A,2007-s2-A-GH,H,6,3,3,9,50,True,22,Made playoffs
P0094,2007-s2,A,2007-s2-A-GI,I,6,3,2,10,50,True,10,Made playoffs
P0769,2007-s2,A,2007-s2-A-GI,I,6,4,1,13,58,True,31,Made playoffs
P0725,2007-s2,A,2007-s2-A-GI,I,6,1,5,3,40,False,,Group stage
P0607,2007-s2,A,2007-s2-A-GI,I,6,5,1,15,67,True,9,Made playoffs
P0806,2007-s2,A,2007-s2-A-GI,I,6,0,6,0,30,False,,Group stage
P0863,2007-s2,A,2007-s2-A-GI,I,6,4,2,12,57,True,32,Made playoffs
P0839,2007-s2,A,2007-s2-A-GI,I,6,3,3,9,50,False,,Group stage
P0327,2007-s2,B,2007-s2-B-GA,A,5,4,0,13,72,False,,Group stage
P0798,2007-s2,B,2007-s2-B-GA,A,6,4,1,13,57,True,30,Made playoffs
P0441,2007-s2,B,2007-s2-B-GA,A,6,4,2,12,55,True,31,Made playoffs
P0699,2007-s2,B,2007-s2-B-GA,A,6,2,4,6,40,False,,Group stage
P0688,2007-s2,B,2007-s2-B-GA,A,6,3,3,9,60,True,20,Made playoffs
P0743,2007-s2,B,2007-s2-B-GA,A,5,0,5,0,24,False,,Group stage
P0822,2007-s2,B,2007-s2-B-GA,A,4,1,3,3,38,False,,Group stage
P0051,2007-s2,B,2007-s2-B-GB,B,6,5,1,15,70,True,24,Champion
P0766,2007-s2,B,2007-s2-B-GB,B,6,1,5,3,20,False,,Group stage
P0789,2007-s2,B,2007-s2-B-GB,B,6,0,6,0,33,False,,Group stage
P0404,2007-s2,B,2007-s2-B-GB,B,6,3,3,9,55,False,,Group stage
P0823,2007-s2,B,2007-s2-B-GB,B,6,5,1,15,65,True,22,Made playoffs
P0241,2007-s2,B,2007-s2-B-GB,B,6,4,2,12,53,True,19,Made playoffs
P0814,2007-s2,B,2007-s2-B-GB,B,6,3,3,9,53,False,,Group stage
P0359,2007-s2,B,2007-s2-B-GC,C,6,3,2,10,60,True,3,Made playoffs
P0484,2007-s2,B,2007-s2-B-GC,C,5,4,0,13,74,True,14,Runner-up
P0217,2007-s2,B,2007-s2-B-GC,C,6,3,1,11,55,True,15,Made playoffs
P0467,2007-s2,B,2007-s2-B-GC,C,5,2,3,6,42,False,,Group stage
P0913,2007-s2,B,2007-s2-B-GC,C,6,2,2,8,55,False,,Group stage
P0591,2007-s2,B,2007-s2-B-GC,C,2,0,2,0,40,False,,Group stage
P0700,2007-s2,B,2007-s2-B-GC,C,5,2,1,8,60,False,,Group stage
P0908,2007-s2,B,2007-s2-B-GD,D,6,2,4,6,45,False,,Group stage
P0668,2007-s2,B,2007-s2-B-GD,D,6,0,6,0,25,False,,Group stage
P0701,2007-s2,B,2007-s2-B-GD,D,6,5,1,15,58,True,10,Made playoffs
P0680,2007-s2,B,2007-s2-B-GD,D,6,4,2,12,50,True,12,Made playoffs
P0772,2007-s2,B,2007-s2-B-GD,D,6,2,4,6,50,False,,Group stage
P0842,2007-s2,B,2007-s2-B-GD,D,6,4,2,12,65,True,7,Made playoffs
P0750,2007-s2,B,2007-s2-B-GD,D,6,4,2,12,57,True,27,Made playoffs
P0648,2007-s2,B,2007-s2-B-GE,E,6,0,6,0,20,False,,Group stage
P0406,2007-s2,B,2007-s2-B-GE,E,6,1,5,3,30,False,,Group stage
P0558,2007-s2,B,2007-s2-B-GE,E,6,5,1,15,68,True,25,Made playoffs
P0431,2007-s2,B,2007-s2-B-GE,E,6,3,3,9,53,False,,Group stage
P0447,2007-s2,B,2007-s2-B-GE,E,6,4,2,12,60,True,23,Made playoffs
P0315,2007-s2,B,2007-s2-B-GE,E,6,4,2,12,58,False,,Group stage
P0864,2007-s2,B,2007-s2-B-GE,E,6,4,2,12,53,True,28,Made playoffs
P0868,2007-s2,B,2007-s2-B-GF,F,6,2,3,7,42,False,,Group stage
P0805,2007-s2,B,2007-s2-B-GF,F,6,2,4,6,43,False,,Group stage
P0848,2007-s2,B,2007-s2-B-GF,F,6,0,5,1,30,False,,Group stage
P0824,2007-s2,B,2007-s2-B-GF,F,6,3,2,10,52,True,4,Made playoffs
P0885,2007-s2,B,2007-s2-B-GF,F,6,5,1,15,57,True,5,Made playoffs
P0453,2007-s2,B,2007-s2-B-GF,F,6,5,0,16,72,False,,Group stage
P0835,2007-s2,B,2007-s2-B-GF,F,6,1,4,5,47,False,,Group stage
P0140,2007-s3,A,2007-s3-A-GA,A,6,6,0,18,72,True,1,Made playoffs
P0431,2007-s3,A,2007-s3-A-GA,A,6,0,5,1,30,False,,Group stage
P0729,2007-s3,A,2007-s3-A-GA,A,6,0,5,1,28,False,,Group stage
P0247,2007-s3,A,2007-s3-A-GA,A,6,4,1,13,62,True,23,Made playoffs
P0333,2007-s3,A,2007-s3-A-GA,A,6,4,1,13,72,True,4,Made playoffs
P0344,2007-s3,A,2007-s3-A-GA,A,6,2,4,6,32,False,,Group stage
P0812,2007-s3,A,2007-s3-A-GA,A,6,3,3,9,53,True,22,Made playoffs
P0493,2007-s3,A,2007-s3-A-GB,B,6,3,2,10,50,True,12,Made playoffs
P0655,2007-s3,A,2007-s3-A-GB,B,6,2,3,7,47,False,,Group stage
P0750,2007-s3,A,2007-s3-A-GB,B,6,1,4,4,45,False,,Group stage
P0662,2007-s3,A,2007-s3-A-GB,B,6,1,3,5,45,False,,Group stage
P0767,2007-s3,A,2007-s3-A-GB,B,5,4,1,12,66,True,27,Made playoffs
P0131,2007-s3,A,2007-s3-A-GB,B,6,1,2,6,52,False,,Group stage
P0094,2007-s3,A,2007-s3-A-GB,B,6,5,1,15,53,False,,Group stage
P0844,2007-s3,A,2007-s3-A-GC,C,5,1,3,4,30,False,,Group stage
P0753,2007-s3,A,2007-s3-A-GC,C,6,4,1,13,62,True,29,Made playoffs
P0073,2007-s3,A,2007-s3-A-GC,C,6,3,2,10,57,True,28,Made playoffs
P0825,2007-s3,A,2007-s3-A-GC,C,4,1,3,3,25,False,,Group stage
P0702,2007-s3,A,2007-s3-A-GC,C,6,5,1,15,82,True,15,Champion
P0732,2007-s3,A,2007-s3-A-GC,C,5,0,4,1,16,False,,Group stage
P0819,2007-s3,A,2007-s3-A-GC,C,6,3,3,9,62,False,,Group stage
P0205,2007-s3,A,2007-s3-A-GD,D,6,4,2,12,55,True,19,Made playoffs
P0877,2007-s3,A,2007-s3-A-GD,D,6,1,4,4,43,False,,Group stage
P0857,2007-s3,A,2007-s3-A-GD,D,6,4,1,13,62,True,21,Made playoffs
P0541,2007-s3,A,2007-s3-A-GD,D,5,3,2,9,50,False,,Group stage
P0240,2007-s3,A,2007-s3-A-GD,D,6,2,4,6,40,False,,Group stage
P0404,2007-s3,A,2007-s3-A-GD,D,6,3,3,9,43,False,,Group stage
P0703,2007-s3,A,2007-s3-A-GD,D,6,3,3,9,57,True,32,Made playoffs
P0826,2007-s3,A,2007-s3-A-GE,E,6,2,2,8,53,False,,Group stage
P0196,2007-s3,A,2007-s3-A-GE,E,6,3,3,9,52,True,16,Made playoffs
P0165,2007-s3,A,2007-s3-A-GE,E,6,3,3,9,42,False,,Group stage
P0616,2007-s3,A,2007-s3-A-GE,E,6,2,4,6,40,False,,Group stage
P0032,2007-s3,A,2007-s3-A-GE,E,6,5,1,15,63,True,7,Made playoffs
P0897,2007-s3,A,2007-s3-A-GE,E,6,4,1,13,60,True,5,Made playoffs
P0718,2007-s3,A,2007-s3-A-GE,E,6,0,5,1,40,False,,Group stage
P0363,2007-s3,A,2007-s3-A-GF,F,3,2,0,7,63,False,,Group stage
P0778,2007-s3,A,2007-s3-A-GF,F,3,1,2,3,47,False,,Group stage
P0024,2007-s3,A,2007-s3-A-GF,F,6,2,2,8,52,True,24,Made playoffs
P0484,2007-s3,A,2007-s3-A-GF,F,6,4,2,12,60,True,11,Made playoffs
P0166,2007-s3,A,2007-s3-A-GF,F,4,0,3,1,38,False,,Group stage
P0321,2007-s3,A,2007-s3-A-GF,F,6,6,0,18,73,False,,Group stage
P0485,2007-s3,A,2007-s3-A-GF,F,4,0,4,0,23,False,,Group stage
P0607,2007-s3,A,2007-s3-A-GG,G,6,3,1,11,60,True,20,Made playoffs
P0874,2007-s3,A,2007-s3-A-GG,G,6,4,1,13,63,True,13,Made playoffs
P0704,2007-s3,A,2007-s3-A-GG,G,6,0,6,0,23,False,,Group stage
P0853,2007-s3,A,2007-s3-A-GG,G,6,4,1,13,58,True,31,Runner-up
P0694,2007-s3,A,2007-s3-A-GG,G,6,2,4,6,43,False,,Group stage
P0184,2007-s3,A,2007-s3-A-GG,G,6,3,1,11,57,False,,Group stage
P0934,2007-s3,A,2007-s3-A-GG,G,6,2,4,6,45,False,,Group stage
P0659,2007-s3,A,2007-s3-A-GH,H,6,3,2,10,50,True,3,Made playoffs
P0921,2007-s3,A,2007-s3-A-GH,H,6,5,1,15,75,True,25,Made playoffs
P0757,2007-s3,A,2007-s3-A-GH,H,5,2,3,6,48,False,,Group stage
P0172,2007-s3,A,2007-s3-A-GH,H,4,2,2,6,53,False,,Group stage
P0885,2007-s3,A,2007-s3-A-GH,H,4,0,3,1,30,False,,Group stage
P0754,2007-s3,A,2007-s3-A-GH,H,6,2,3,7,43,True,8,Made playoffs
P0807,2007-s3,A,2007-s3-A-GH,H,3,1,1,4,40,False,,Group stage
P0917,2007-s3,B,2007-s3-B-GA,A,5,1,4,3,48,False,,Group stage
P0359,2007-s3,B,2007-s3-B-GA,A,5,2,3,6,42,False,,Group stage
P0315,2007-s3,B,2007-s3-B-GA,A,6,5,0,16,63,True,17,Made playoffs
P0764,2007-s3,B,2007-s3-B-GA,A,6,4,1,13,62,True,31,Made playoffs
P0499,2007-s3,B,2007-s3-B-GA,A,4,1,3,3,38,False,,Group stage
P0848,2007-s3,B,2007-s3-B-GA,A,6,4,2,12,53,False,,Group stage
P0836,2007-s3,B,2007-s3-B-GA,A,6,0,4,2,38,False,,Group stage
P0447,2007-s3,B,2007-s3-B-GB,B,5,1,4,3,46,False,,Group stage
P0441,2007-s3,B,2007-s3-B-GB,B,6,1,4,4,42,False,,Group stage
P0796,2007-s3,B,2007-s3-B-GB,B,6,4,1,13,62,True,27,Made playoffs
P0223,2007-s3,B,2007-s3-B-GB,B,6,4,1,13,68,True,23,Champion
P0805,2007-s3,B,2007-s3-B-GB,B,6,4,1,13,53,True,29,Made playoffs
P0889,2007-s3,B,2007-s3-B-GB,B,4,0,2,2,28,False,,Group stage
P0340,2007-s3,B,2007-s3-B-GB,B,5,2,3,6,34,False,,Group stage
P0803,2007-s3,B,2007-s3-B-GC,C,6,4,2,12,65,False,,Group stage
P0855,2007-s3,B,2007-s3-B-GC,C,4,0,4,0,8,False,,Group stage
P0882,2007-s3,B,2007-s3-B-GC,C,4,0,4,0,35,False,,Group stage
P0744,2007-s3,B,2007-s3-B-GC,C,6,3,3,9,45,True,32,Made playoffs
P0051,2007-s3,B,2007-s3-B-GC,C,6,5,0,16,75,True,21,Made playoffs
P0864,2007-s3,B,2007-s3-B-GC,C,4,0,4,0,15,False,,Group stage
P0680,2007-s3,B,2007-s3-B-GC,C,6,5,0,16,77,True,1,Made playoffs
P0217,2007-s3,B,2007-s3-B-GD,D,6,5,1,15,60,True,9,Made playoffs
P0761,2007-s3,B,2007-s3-B-GD,D,6,4,2,12,55,True,3,Made playoffs
P0865,2007-s3,B,2007-s3-B-GD,D,5,1,3,4,44,False,,Group stage
P0814,2007-s3,B,2007-s3-B-GD,D,5,0,4,1,34,False,,Group stage
P0774,2007-s3,B,2007-s3-B-GD,D,6,5,1,15,68,True,5,Runner-up
P0577,2007-s3,B,2007-s3-B-GD,D,4,0,4,0,25,False,,Group stage
P0664,2007-s3,B,2007-s3-B-GD,D,6,3,3,9,52,True,12,Made playoffs
P0842,2007-s3,B,2007-s3-B-GE,E,6,3,2,10,58,True,28,Made playoffs
P0895,2007-s3,B,2007-s3-B-GE,E,5,1,3,4,42,False,,Group stage
P0712,2007-s3,B,2007-s3-B-GE,E,6,5,0,16,67,True,25,Made playoffs
P0801,2007-s3,B,2007-s3-B-GE,E,5,0,5,0,24,False,,Group stage
P0908,2007-s3,B,2007-s3-B-GE,E,4,0,4,0,10,False,,Group stage
P0558,2007-s3,B,2007-s3-B-GE,E,6,4,2,12,63,True,19,Made playoffs
P0633,2007-s3,B,2007-s3-B-GE,E,6,3,0,12,66,True,15,Made playoffs
P0669,2007-s3,B,2007-s3-B-GF,F,6,3,3,9,45,True,16,Made playoffs
P0789,2007-s3,B,2007-s3-B-GF,F,4,0,3,1,43,False,,Group stage
P0737,2007-s3,B,2007-s3-B-GF,F,6,5,1,15,55,True,13,Made playoffs
P0822,2007-s3,B,2007-s3-B-GF,F,5,0,4,1,10,False,,Group stage
P0772,2007-s3,B,2007-s3-B-GF,F,6,3,1,11,67,True,20,Made playoffs
P0685,2007-s3,B,2007-s3-B-GF,F,4,1,2,4,40,False,,Group stage
P0791,2007-s3,B,2007-s3-B-GF,F,6,4,1,13,77,True,7,Made playoffs
P0658,2007-s4,A,2007-s4-A-GA,A,6,4,2,12,67,True,28,Made playoffs
P0724,2007-s4,A,2007-s4-A-GA,A,6,4,2,12,68,True,11,Made playoffs
P0845,2007-s4,A,2007-s4-A-GA,A,6,3,2,10,63,False,,Group stage
P0879,2007-s4,A,2007-s4-A-GA,A,0,0,0,,,False,,Group stage
P0532,2007-s4,A,2007-s4-A-GA,A,6,1,4,4,36,False,,Group stage
P0713,2007-s4,A,2007-s4-A-GA,A,5,1,4,3,20,False,,Group stage
P0940,2007-s4,A,2007-s4-A-GA,A,6,5,1,15,67,True,13,Made playoffs
P0029,2007-s4,A,2007-s4-A-GB,B,5,2,2,7,48,False,,Group stage
P0655,2007-s4,A,2007-s4-A-GB,B,6,3,3,9,52,False,,Group stage
P0737,2007-s4,A,2007-s4-A-GB,B,5,1,4,3,40,False,,Group stage
P0714,2007-s4,A,2007-s4-A-GB,B,6,4,2,12,60,True,27,Made playoffs
P0897,2007-s4,A,2007-s4-A-GB,B,6,4,0,14,57,True,29,Made playoffs
P0679,2007-s4,A,2007-s4-A-GB,B,6,1,5,3,40,False,,Group stage
P0609,2007-s4,A,2007-s4-A-GB,B,6,3,2,10,52,True,24,Made playoffs
P0846,2007-s4,A,2007-s4-A-GC,C,5,1,4,3,32,False,,Group stage
P0333,2007-s4,A,2007-s4-A-GC,C,5,2,3,6,48,False,,Group stage
P0690,2007-s4,A,2007-s4-A-GC,C,6,4,1,13,50,True,31,Made playoffs
P0718,2007-s4,A,2007-s4-A-GC,C,6,1,5,3,42,False,,Group stage
P0131,2007-s4,A,2007-s4-A-GC,C,6,5,1,15,70,True,25,Made playoffs
P0933,2007-s4,A,2007-s4-A-GC,C,6,3,3,9,52,False,,Group stage
P0617,2007-s4,A,2007-s4-A-GC,C,5,3,1,10,53,True,32,Made playoffs
P0024,2007-s4,A,2007-s4-A-GD,D,6,2,2,8,48,False,,Group stage
P0363,2007-s4,A,2007-s4-A-GD,D,6,4,2,12,72,True,21,Made playoffs
P0753,2007-s4,A,2007-s4-A-GD,D,6,3,2,10,60,True,16,Made playoffs
P0702,2007-s4,A,2007-s4-A-GD,D,6,3,0,12,58,True,19,Made playoffs
P0851,2007-s4,A,2007-s4-A-GD,D,5,,3,2,32,False,,Group stage
P0739,2007-s4,A,2007-s4-A-GD,D,6,2,1,9,58,False,,Group stage
P0921,2007-s4,A,2007-s4-A-GD,D,0,0,0,,,False,,Group stage
P0732,2007-s4,A,2007-s4-A-GE,E,6,2,4,6,45,False,,Group stage
P0297,2007-s4,A,2007-s4-A-GE,E,6,5,1,15,73,True,7,Champion
P0827,2007-s4,A,2007-s4-A-GE,E,6,1,5,3,27,False,,Group stage
P0440,2007-s4,A,2007-s4-A-GE,E,6,3,2,10,62,False,,Group stage
P0694,2007-s4,A,2007-s4-A-GE,E,6,0,6,0,30,False,,Group stage
P0073,2007-s4,A,2007-s4-A-GE,E,6,4,2,12,53,True,4,Made playoffs
P0584,2007-s4,A,2007-s4-A-GE,E,6,5,0,16,60,True,17,Runner-up
P0774,2007-s4,A,2007-s4-A-GF,F,6,1,5,3,33,False,,Group stage
P0223,2007-s4,A,2007-s4-A-GF,F,6,5,1,15,67,True,23,Made playoffs
P0853,2007-s4,A,2007-s4-A-GF,F,6,4,2,12,58,True,20,Made playoffs
P0493,2007-s4,A,2007-s4-A-GF,F,6,6,0,18,70,True,1,Made playoffs
P0383,2007-s4,A,2007-s4-A-GF,F,6,3,3,9,52,False,,Group stage
P0166,2007-s4,A,2007-s4-A-GF,F,0,0,0,0,,False,,Group stage
P0880,2007-s4,A,2007-s4-A-GF,F,6,2,4,6,48,False,,Group stage
P0205,2007-s4,A,2007-s4-A-GG,G,5,4,1,12,58,True,12,Made playoffs
P0749,2007-s4,A,2007-s4-A-GG,G,4,1,3,3,38,False,,Group stage
P0877,2007-s4,A,2007-s4-A-GG,G,3,0,3,0,30,False,,Group stage
P0847,2007-s4,A,2007-s4-A-GG,G,6,5,1,15,67,True,9,Made playoffs
P0172,2007-s4,A,2007-s4-A-GG,G,4,4,0,12,88,True,15,Made playoffs
P0321,2007-s4,A,2007-s4-A-GG,G,0,0,0,,,False,,Group stage
P0662,2007-s4,A,2007-s4-A-GG,G,0,0,0,,,False,,Group stage
P0165,2007-s4,A,2007-s4-A-GH,H,6,2,3,7,62,False,,Group stage
P0697,2007-s4,A,2007-s4-A-GH,H,5,4,1,12,58,True,5,Made playoffs
P0270,2007-s4,A,2007-s4-A-GH,H,0,0,0,,,False,,Group stage
P0076,2007-s4,A,2007-s4-A-GH,H,5,2,1,8,62,False,,Group stage
P0828,2007-s4,A,2007-s4-A-GH,H,0,0,0,,,False,,Group stage
P0491,2007-s4,A,2007-s4-A-GH,H,6,2,3,7,45,True,8,Made playoffs
P0404,2007-s4,A,2007-s4-A-GH,H,6,3,3,9,52,True,3,Made playoffs
P0727,2007-s4,B,2007-s4-B-GA,A,6,3,2,10,50,True,27,Made playoffs
P0764,2007-s4,B,2007-s4-B-GA,A,3,1,1,4,50,False,,Group stage
P0792,2007-s4,B,2007-s4-B-GA,A,6,2,3,7,53,True,28,Made playoffs
P0664,2007-s4,B,2007-s4-B-GA,A,0,0,0,,,False,,Group stage
P0866,2007-s4,B,2007-s4-B-GA,A,3,1,2,3,43,False,,Group stage
P0266,2007-s4,B,2007-s4-B-GA,A,3,0,1,2,43,False,,Group stage
P0558,2007-s4,B,2007-s4-B-GA,A,6,5,0,15,63,True,9,Champion
P0919,2007-s4,B,2007-s4-B-GB,B,5,0,5,0,28,False,,Group stage
P0315,2007-s4,B,2007-s4-B-GB,B,6,6,0,18,65,True,1,Made playoffs
P0687,2007-s4,B,2007-s4-B-GB,B,5,4,1,12,62,True,31,Made playoffs
P0852,2007-s4,B,2007-s4-B-GB,B,4,1,3,3,28,False,,Group stage
P0848,2007-s4,B,2007-s4-B-GB,B,4,2,2,6,55,False,,Group stage
P0051,2007-s4,B,2007-s4-B-GB,B,3,2,1,6,70,False,,Group stage
P0916,2007-s4,B,2007-s4-B-GB,B,5,1,4,3,44,True,16,Made playoffs
P0881,2007-s4,B,2007-s4-B-GC,C,6,5,1,15,65,True,13,Made playoffs
P0738,2007-s4,B,2007-s4-B-GC,C,6,2,3,7,52,False,,Group stage
P0794,2007-s4,B,2007-s4-B-GC,C,6,3,2,10,55,True,20,Made playoffs
P0447,2007-s4,B,2007-s4-B-GC,C,6,2,3,7,52,False,,Group stage
P0929,2007-s4,B,2007-s4-B-GC,C,6,3,3,9,55,False,,Group stage
P0886,2007-s4,B,2007-s4-B-GC,C,6,4,2,12,57,True,23,Made playoffs
P0633,2007-s4,B,2007-s4-B-GC,C,0,0,0,,,False,,Group stage
P0729,2007-s4,B,2007-s4-B-GD,D,6,4,1,13,65,False,,Group stage
P0217,2007-s4,B,2007-s4-B-GD,D,6,5,0,16,67,True,25,Made playoffs
P0359,2007-s4,B,2007-s4-B-GD,D,6,3,1,11,62,True,3,Made playoffs
P0431,2007-s4,B,2007-s4-B-GD,D,6,0,5,1,30,False,,Group stage
P0899,2007-s4,B,2007-s4-B-GD,D,4,1,2,4,38,False,,Group stage
P0909,2007-s4,B,2007-s4-B-GD,D,6,3,2,10,53,False,,Group stage
P0686,2007-s4,B,2007-s4-B-GD,D,6,1,4,4,48,False,,Group stage
P0745,2007-s4,B,2007-s4-B-GE,E,6,1,5,3,28,False,,Group stage
P0771,2007-s4,B,2007-s4-B-GE,E,6,2,4,6,47,False,,Group stage
P0344,2007-s4,B,2007-s4-B-GE,E,6,4,2,12,65,True,19,Made playoffs
P0765,2007-s4,B,2007-s4-B-GE,E,6,6,0,18,63,True,17,Made playoffs
P0684,2007-s4,B,2007-s4-B-GE,E,6,5,1,15,63,True,5,Made playoffs
P0669,2007-s4,B,2007-s4-B-GE,E,6,1,5,3,37,False,,Group stage
P0820,2007-s4,B,2007-s4-B-GE,E,6,3,3,9,52,False,,Group stage
P0728,2007-s4,B,2007-s4-B-GF,F,5,3,0,11,72,True,4,Made playoffs
P0761,2007-s4,B,2007-s4-B-GF,F,6,2,4,6,40,False,,Group stage
P0775,2007-s4,B,2007-s4-B-GF,F,6,3,3,9,45,False,,Group stage
P0854,2007-s4,B,2007-s4-B-GF,F,6,0,6,0,13,False,,Group stage
P0782,2007-s4,B,2007-s4-B-GF,F,6,2,2,8,53,False,,Group stage
P0796,2007-s4,B,2007-s4-B-GF,F,5,3,0,11,74,True,15,Made playoffs
P0785,2007-s4,B,2007-s4-B-GF,F,6,3,1,11,60,True,21,Runner-up
P0340,2007-s4,B,2007-s4-B-GG,G,5,1,3,4,36,False,,Group stage
P0903,2007-s4,B,2007-s4-B-GG,G,5,2,3,6,42,False,,Group stage
P0485,2007-s4,B,2007-s4-B-GG,G,6,4,2,12,60,True,29,Made playoffs
P0875,2007-s4,B,2007-s4-B-GG,G,6,3,3,9,45,False,,Group stage
P0772,2007-s4,B,2007-s4-B-GG,G,6,3,3,9,52,False,,Group stage
P0928,2007-s4,B,2007-s4-B-GG,G,6,3,2,10,57,True,11,Made playoffs
P0895,2007-s4,B,2007-s4-B-GG,G,6,3,3,9,55,True,12,Made playoffs
P0531,2007-s5,A,2007-s5-A-GA,A,6,3,1,11,58,True,21,Made playoffs
P0728,2007-s5,A,2007-s5-A-GA,A,6,2,2,8,53,True,24,Made playoffs
P0422,2007-s5,A,2007-s5-A-GA,A,5,3,2,9,44,False,,Group stage
P0719,2007-s5,A,2007-s5-A-GA,A,6,3,3,9,55,True,4,Made playoffs
P0895,2007-s5,A,2007-s5-A-GA,A,6,1,5,3,33,False,,Group stage
P0847,2007-s5,A,2007-s5-A-GA,A,5,3,0,11,62,True,11,Runner-up
P0940,2007-s5,A,2007-s5-A-GA,A,6,1,3,5,45,False,,Group stage
P0724,2007-s5,A,2007-s5-A-GB,B,5,4,0,13,74,True,7,Made playoffs
P0404,2007-s5,A,2007-s5-A-GB,B,5,2,3,6,40,False,,Group stage
P0711,2007-s5,A,2007-s5-A-GB,B,5,3,2,9,48,False,,Group stage
P0672,2007-s5,A,2007-s5-A-GB,B,6,4,1,13,60,True,9,Made playoffs
P0897,2007-s5,A,2007-s5-A-GB,B,6,3,3,9,58,True,3,Made playoffs
P0912,2007-s5,A,2007-s5-A-GB,B,6,1,5,3,25,False,,Group stage
P0616,2007-s5,A,2007-s5-A-GB,B,5,1,4,3,46,False,,Group stage
P0363,2007-s5,A,2007-s5-A-GC,C,6,4,2,12,53,True,31,Made playoffs
P0715,2007-s5,A,2007-s5-A-GC,C,6,3,3,9,50,True,28,Made playoffs
P0024,2007-s5,A,2007-s5-A-GC,C,6,2,4,6,42,False,,Group stage
P0787,2007-s5,A,2007-s5-A-GC,C,5,2,3,6,52,False,,Group stage
P0073,2007-s5,A,2007-s5-A-GC,C,6,5,1,15,63,True,25,Made playoffs
P0655,2007-s5,A,2007-s5-A-GC,C,6,3,3,9,50,True,16,Made playoffs
P0491,2007-s5,A,2007-s5-A-GC,C,5,1,4,3,38,False,,Group stage
P0759,2007-s5,A,2007-s5-A-GD,D,6,3,3,9,48,True,32,Made playoffs
P0140,2007-s5,A,2007-s5-A-GD,D,6,4,2,12,65,True,5,Made playoffs
P0297,2007-s5,A,2007-s5-A-GD,D,6,6,0,18,82,True,1,Champion
P0019,2007-s5,A,2007-s5-A-GD,D,6,1,4,4,45,False,,Group stage
P0923,2007-s5,A,2007-s5-A-GD,D,6,2,3,7,52,True,8,Made playoffs
P0223,2007-s5,A,2007-s5-A-GD,D,6,4,2,12,58,True,27,Made playoffs
P0910,2007-s5,A,2007-s5-A-GD,D,0,0,0,0,0,False,,Group stage
P0820,2007-s5,A,2007-s5-A-GE,E,6,4,2,12,55,True,23,Made playoffs
P0501,2007-s5,A,2007-s5-A-GE,E,5,3,1,10,56,True,12,Made playoffs
P0584,2007-s5,A,2007-s5-A-GE,E,4,0,4,0,23,False,,Group stage
P0558,2007-s5,A,2007-s5-A-GE,E,4,1,2,4,40,False,,Group stage
P0689,2007-s5,A,2007-s5-A-GE,E,5,4,1,12,74,True,19,Made playoffs
P0678,2007-s5,A,2007-s5-A-GE,E,6,4,2,12,52,True,13,Made playoffs
P0493,2007-s5,A,2007-s5-A-GE,E,4,0,4,0,40,False,,Group stage
P0484,2007-s5,A,2007-s5-A-GF,F,3,0,3,0,10,False,,Group stage
P0732,2007-s5,A,2007-s5-A-GF,F,3,1,2,3,47,False,,Group stage
P0702,2007-s5,A,2007-s5-A-GF,F,6,5,0,16,75,True,17,Made playoffs
P0440,2007-s5,A,2007-s5-A-GF,F,3,2,0,7,63,False,,Group stage
P0933,2007-s5,A,2007-s5-A-GF,F,3,0,3,0,23,False,,Group stage
P0205,2007-s5,A,2007-s5-A-GF,F,4,3,1,9,63,False,,Group stage
P0705,2007-s5,A,2007-s5-A-GF,F,4,1,3,3,43,False,,Group stage
P0658,2007-s5,A,2007-s5-A-GG,G,6,3,3,9,55,True,20,Made playoffs
P0691,2007-s5,A,2007-s5-A-GG,G,5,2,2,7,46,False,,Group stage
P0609,2007-s5,A,2007-s5-A-GG,G,4,1,3,3,40,False,,Group stage
P0029,2007-s5,A,2007-s5-A-GG,G,5,4,1,12,62,True,29,Made playoffs
P0617,2007-s5,A,2007-s5-A-GG,G,5,2,2,7,60,False,,Group stage
P0679,2007-s5,A,2007-s5-A-GG,G,6,1,5,3,37,False,,Group stage
P0172,2007-s5,A,2007-s5-A-GG,G,5,4,1,12,50,True,15,Made playoffs
P0892,2007-s5,B,2007-s5-B-GA,A,4,1,2,4,35,False,,Group stage
P0730,2007-s5,B,2007-s5-B-GA,A,6,5,1,15,62,True,7,Made playoffs
P0918,2007-s5,B,2007-s5-B-GA,A,6,5,0,16,63,True,25,Made playoffs
P0499,2007-s5,B,2007-s5-B-GA,A,4,1,3,3,40,False,,Group stage
P0790,2007-s5,B,2007-s5-B-GA,A,4,0,4,0,35,False,,Group stage
P0810,2007-s5,B,2007-s5-B-GA,A,4,0,4,0,30,False,,Group stage
P0829,2007-s5,B,2007-s5-B-GA,A,6,4,2,12,65,True,20,Made playoffs
P0794,2007-s5,B,2007-s5-B-GB,B,3,2,1,6,70,False,,Group stage
P0772,2007-s5,B,2007-s5-B-GB,B,4,3,1,9,55,True,19,Made playoffs
P0869,2007-s5,B,2007-s5-B-GB,B,3,0,3,0,33,False,,Group stage
P0799,2007-s5,B,2007-s5-B-GB,B,1,0,0,1,50,False,,Group stage
P0748,2007-s5,B,2007-s5-B-GB,B,5,4,0,13,70,True,21,Made playoffs
P0801,2007-s5,B,2007-s5-B-GB,B,3,0,3,0,13,False,,Group stage
P0904,2007-s5,B,2007-s5-B-GB,B,1,0,1,0,30,False,,Group stage
P0681,2007-s5,B,2007-s5-B-GC,C,4,1,3,3,35,False,,Group stage
P0880,2007-s5,B,2007-s5-B-GC,C,6,4,0,14,72,True,9,Made playoffs
P0657,2007-s5,B,2007-s5-B-GC,C,5,3,1,10,56,True,11,Made playoffs
P0861,2007-s5,B,2007-s5-B-GC,C,6,1,3,5,40,False,,Group stage
P0837,2007-s5,B,2007-s5-B-GC,C,5,3,2,9,46,True,16,Made playoffs
P0779,2007-s5,B,2007-s5-B-GC,C,5,0,4,1,32,False,,Group stage
P0881,2007-s5,B,2007-s5-B-GC,C,5,3,2,9,64,False,,Group stage
P0797,2007-s5,B,2007-s5-B-GD,D,4,3,0,10,68,False,,Group stage
P0092,2007-s5,B,2007-s5-B-GD,D,4,0,3,1,33,False,,Group stage
P0841,2007-s5,B,2007-s5-B-GD,D,4,3,0,10,63,False,,Group stage
P0793,2007-s5,B,2007-s5-B-GD,D,6,0,4,2,38,False,,Group stage
P0706,2007-s5,B,2007-s5-B-GD,D,4,2,2,6,55,False,,Group stage
P0781,2007-s5,B,2007-s5-B-GD,D,6,4,0,14,70,True,13,Champion
P0783,2007-s5,B,2007-s5-B-GD,D,6,1,4,4,30,True,3,Made playoffs
P0762,2007-s5,B,2007-s5-B-GE,E,4,2,2,6,50,False,,Group stage
P0888,2007-s5,B,2007-s5-B-GE,E,5,2,3,6,36,False,,Group stage
P0735,2007-s5,B,2007-s5-B-GE,E,6,5,0,16,68,True,1,Made playoffs
P0720,2007-s5,B,2007-s5-B-GE,E,5,3,2,9,48,True,32,Made playoffs
P0906,2007-s5,B,2007-s5-B-GE,E,3,0,1,2,43,False,,Group stage
P0764,2007-s5,B,2007-s5-B-GE,E,6,3,3,9,58,True,27,Runner-up
P0804,2007-s5,B,2007-s5-B-GE,E,6,1,4,4,42,False,,Group stage
P0922,2007-s5,B,2007-s5-B-GF,F,6,4,1,13,65,True,4,Made playoffs
P0686,2007-s5,B,2007-s5-B-GF,F,6,1,5,3,45,False,,Group stage
P0746,2007-s5,B,2007-s5-B-GF,F,6,2,4,6,43,False,,Group stage
P0486,2007-s5,B,2007-s5-B-GF,F,6,0,6,0,17,False,,Group stage
P0315,2007-s5,B,2007-s5-B-GF,F,6,4,0,14,70,True,23,Made playoffs
P0928,2007-s5,B,2007-s5-B-GF,F,6,3,3,9,45,True,22,Made playoffs
P0815,2007-s5,B,2007-s5-B-GF,F,6,5,0,16,65,True,17,Made playoffs
P0758,2007-s5,B,2007-s5-B-GG,G,6,3,1,11,53,True,12,Made playoffs
P0849,2007-s5,B,2007-s5-B-GG,G,6,3,2,10,55,True,6,Made playoffs
P0761,2007-s5,B,2007-s5-B-GG,G,6,3,1,11,57,False,,Group stage
P0727,2007-s5,B,2007-s5-B-GG,G,6,4,1,13,57,True,29,Made playoffs
P0431,2007-s5,B,2007-s5-B-GG,G,6,2,4,6,42,False,,Group stage
P0670,2007-s5,B,2007-s5-B-GG,G,6,0,6,0,38,False,,Group stage
P0909,2007-s5,B,2007-s5-B-GG,G,6,3,3,9,58,False,,Group stage
P0893,2007-s5,B,2007-s5-B-GH,H,5,2,3,6,52,False,,Group stage
P0327,2007-s5,B,2007-s5-B-GH,H,6,4,2,12,58,True,28,Made playoffs
P0674,2007-s5,B,2007-s5-B-GH,H,6,4,2,12,62,True,8,Made playoffs
P0755,2007-s5,B,2007-s5-B-GH,H,6,4,2,12,55,True,31,Made playoffs
P0883,2007-s5,B,2007-s5-B-GH,H,4,1,3,3,20,False,,Group stage
P0733,2007-s5,B,2007-s5-B-GH,H,6,4,2,12,58,True,5,Made playoffs
P0867,2007-s5,B,2007-s5-B-GH,H,5,0,5,0,32,False,,Group stage
P0584,2007-s6,A,2007-s6-A-GA,A,2,1,1,3,40,False,,Group stage
P0440,2007-s6,A,2007-s6-A-GA,A,2,1,1,3,45,False,,Group stage
P0865,2007-s6,A,2007-s6-A-GA,A,5,0,5,0,30,False,,Group stage
P0721,2007-s6,A,2007-s6-A-GA,A,6,5,1,15,73,False,,Group stage
P0140,2007-s6,A,2007-s6-A-GA,A,6,4,1,13,67,True,21,Made playoffs
P0678,2007-s6,A,2007-s6-A-GA,A,6,3,2,10,57,True,12,Made playoffs
P0616,2007-s6,A,2007-s6-A-GA,A,6,4,2,12,53,True,11,Made playoffs
P0724,2007-s6,A,2007-s6-A-GB,B,6,4,2,12,57,True,7,Made playoffs
P0404,2007-s6,A,2007-s6-A-GB,B,6,2,4,6,43,False,,Group stage
P0858,2007-s6,A,2007-s6-A-GB,B,6,2,4,6,48,False,,Group stage
P0816,2007-s6,A,2007-s6-A-GB,B,6,3,3,9,52,True,16,Made playoffs
P0707,2007-s6,A,2007-s6-A-GB,B,6,4,1,13,60,True,25,Runner-up
P0205,2007-s6,A,2007-s6-A-GB,B,6,1,4,4,35,False,,Group stage
P0740,2007-s6,A,2007-s6-A-GB,B,6,3,1,11,55,True,3,Made playoffs
P0787,2007-s6,A,2007-s6-A-GC,C,4,2,1,7,60,False,,Group stage
P0696,2007-s6,A,2007-s6-A-GC,C,6,4,0,14,63,True,17,Made playoffs
P0732,2007-s6,A,2007-s6-A-GC,C,4,1,2,4,38,False,,Group stage
P0658,2007-s6,A,2007-s6-A-GC,C,6,2,3,7,50,False,,Group stage
P0607,2007-s6,A,2007-s6-A-GC,C,6,3,3,9,53,True,15,Made playoffs
P0672,2007-s6,A,2007-s6-A-GC,C,5,3,1,10,54,True,4,Champion
P0764,2007-s6,A,2007-s6-A-GC,C,4,0,4,0,33,False,,Group stage
P0830,2007-s6,A,2007-s6-A-GD,D,6,4,2,12,53,True,27,Made playoffs
P0694,2007-s6,A,2007-s6-A-GD,D,6,2,4,6,47,False,,Group stage
P0237,2007-s6,A,2007-s6-A-GD,D,5,4,1,12,48,True,28,Made playoffs
P0820,2007-s6,A,2007-s6-A-GD,D,5,1,4,3,38,False,,Group stage
P0131,2007-s6,A,2007-s6-A-GD,D,6,4,2,12,57,True,5,Made playoffs
P0617,2007-s6,A,2007-s6-A-GD,D,6,4,2,12,67,False,,Group stage
P0834,2007-s6,A,2007-s6-A-GD,D,5,1,4,3,36,False,,Group stage
P0708,2007-s6,A,2007-s6-A-GE,E,3,0,3,0,16,False,,Group stage
P0847,2007-s6,A,2007-s6-A-GE,E,5,4,1,12,82,True,19,Made playoffs
P0709,2007-s6,A,2007-s6-A-GE,E,5,4,1,12,80,True,23,Made playoffs
P0662,2007-s6,A,2007-s6-A-GE,E,4,3,1,9,68,False,,Group stage
P0817,2007-s6,A,2007-s6-A-GE,E,4,0,4,0,18,False,,Group stage
P0363,2007-s6,A,2007-s6-A-GE,E,6,4,2,12,53,True,13,Made playoffs
P0753,2007-s6,A,2007-s6-A-GE,E,6,3,3,9,47,True,32,Made playoffs
P0430,2007-s6,A,2007-s6-A-GF,F,0,,,0,,False,,Group stage
P0935,2007-s6,A,2007-s6-A-GF,F,5,3,2,9,66,False,,Group stage
P0692,2007-s6,A,2007-s6-A-GF,F,6,3,2,10,60,True,31,Made playoffs
P0689,2007-s6,A,2007-s6-A-GF,F,4,4,0,12,80,False,,Group stage
P0297,2007-s6,A,2007-s6-A-GF,F,1,0,0,1,50,False,,Group stage
P0859,2007-s6,A,2007-s6-A-GF,F,6,3,3,9,40,True,20,Made playoffs
P0898,2007-s6,A,2007-s6-A-GF,F,5,4,1,12,72,False,,Group stage
P0751,2007-s6,B,2007-s6-B-GA,A,6,4,2,12,58,True,30,Made playoffs
P0838,2007-s6,B,2007-s6-B-GA,A,6,4,2,12,55,True,4,Made playoffs
P0722,2007-s6,B,2007-s6-B-GA,A,5,1,4,3,48,False,,Group stage
P0671,2007-s6,B,2007-s6-B-GA,A,6,0,6,0,20,False,,Group stage
P0896,2007-s6,B,2007-s6-B-GA,A,6,6,0,18,68,True,1,Made playoffs
P0686,2007-s6,B,2007-s6-B-GA,A,6,3,2,10,47,True,6,Made playoffs
P0790,2007-s6,B,2007-s6-B-GA,A,5,1,3,4,54,False,,Group stage
P0873,2007-s6,B,2007-s6-B-GB,B,5,5,0,15,72,True,15,Made playoffs
P0802,2007-s6,B,2007-s6-B-GB,B,6,2,4,6,55,True,8,Made playoffs
P0706,2007-s6,B,2007-s6-B-GB,B,4,2,2,6,53,False,,Group stage
P0880,2007-s6,B,2007-s6-B-GB,B,6,5,1,15,73,True,5,Made playoffs
P0937,2007-s6,B,2007-s6-B-GB,B,1,1,0,3,70,False,,Group stage
P0051,2007-s6,B,2007-s6-B-GB,B,5,1,3,4,42,False,,Group stage
P0890,2007-s6,B,2007-s6-B-GB,B,6,2,3,6,53,False,,Group stage
P0869,2007-s6,B,2007-s6-B-GC,C,5,5,0,15,72,True,28,Made playoffs
P0486,2007-s6,B,2007-s6-B-GC,C,5,0,5,0,26,False,,Group stage
P0927,2007-s6,B,2007-s6-B-GC,C,5,3,2,9,50,True,31,Made playoffs
P0675,2007-s6,B,2007-s6-B-GC,C,5,4,1,12,62,True,11,Made playoffs
P0772,2007-s6,B,2007-s6-B-GC,C,5,2,3,6,43,False,,Group stage
P0870,2007-s6,B,2007-s6-B-GC,C,6,1,5,3,38,False,,Group stage
P0894,2007-s6,B,2007-s6-B-GC,C,1,1,0,3,60,False,,Group stage
P0761,2007-s6,B,2007-s6-B-GD,D,6,3,2,10,55,True,12,Made playoffs
P0431,2007-s6,B,2007-s6-B-GD,D,5,,4,1,34,False,,Group stage
P0784,2007-s6,B,2007-s6-B-GD,D,6,3,1,11,60,True,26,Made playoffs
P0747,2007-s6,B,2007-s6-B-GD,D,6,3,2,10,60,False,,Group stage
P0811,2007-s6,B,2007-s6-B-GD,D,2,0,2,0,20,False,,Group stage
P0726,2007-s6,B,2007-s6-B-GD,D,6,5,1,15,68,True,9,Runner-up
P0850,2007-s6,B,2007-s6-B-GD,D,6,3,2,10,55,True,29,Made playoffs
P0780,2007-s6,B,2007-s6-B-GE,E,5,1,2,5,46,False,,Group stage
P0926,2007-s6,B,2007-s6-B-GE,E,5,4,0,13,78,True,21,Made playoffs
P0315,2007-s6,B,2007-s6-B-GE,E,6,3,3,9,55,True,3,Made playoffs
P0685,2007-s6,B,2007-s6-B-GE,E,6,4,0,14,70,True,20,Made playoffs
P0860,2007-s6,B,2007-s6-B-GE,E,6,2,3,7,57,False,,Group stage
P0660,2007-s6,B,2007-s6-B-GE,E,5,2,3,6,30,False,,Group stage
P0852,2007-s6,B,2007-s6-B-GE,E,2,0,2,0,20,False,,Group stage
P0841,2007-s6,B,2007-s6-B-GF,F,6,3,2,10,57,False,,Group stage
P0861,2007-s6,B,2007-s6-B-GF,F,6,2,3,7,45,False,,Group stage
P0781,2007-s6,B,2007-s6-B-GF,F,6,5,0,16,63,True,24,Champion
P0676,2007-s6,B,2007-s6-B-GF,F,6,3,3,9,53,False,,Group stage
P0752,2007-s6,B,2007-s6-B-GF,F,6,4,0,14,67,True,7,Made playoffs
P0734,2007-s6,B,2007-s6-B-GF,F,6,1,5,3,43,False,,Group stage
P0723,2007-s6,B,2007-s6-B-GF,F,6,0,5,1,22,False,,Group stage
P0247,2007-s6,B,2007-s6-B-GG,G,1,0,1,0,30,False,,Group stage
P0773,2007-s6,B,2007-s6-B-GG,G,6,4,2,12,62,False,,Group stage
P0762,2007-s6,B,2007-s6-B-GG,G,5,2,3,6,58,False,,Group stage
P0922,2007-s6,B,2007-s6-B-GG,G,5,2,1,8,58,False,,Group stage
P0217,2007-s6,B,2007-s6-B-GG,G,5,2,3,6,48,True,23,Made playoffs
P0748,2007-s6,B,2007-s6-B-GG,G,6,6,0,18,67,True,17,Made playoffs
P0786,2007-s6,B,2007-s6-B-GG,G,6,2,3,7,55,False,,Group stage
P0484,2007-s6,B,2007-s6-B-GH,H,3,2,1,6,53,False,,Group stage
P0661,2007-s6,B,2007-s6-B-GH,H,4,0,4,0,25,False,,Group stage
P0716,2007-s6,B,2007-s6-B-GH,H,6,5,1,15,63,False,,Group stage
P0901,2007-s6,B,2007-s6-B-GH,H,6,5,1,15,70,True,22,Made playoffs
P0736,2007-s6,B,2007-s6-B-GH,H,2,0,2,0,40,False,,Group stage
P0818,2007-s6,B,2007-s6-B-GH,H,4,1,3,3,38,False,,Group stage
P0737,2007-s6,B,2007-s6-B-GH,H,5,3,2,9,62,True,16,Made playoffs
P0975,2008-s1,A,2008-s1-A-GA,A,5,1,4,3,20,False,,Group stage
P0029,2008-s1,A,2008-s1-A-GA,A,6,5,1,15,67,True,7,Runner-up
P1088,2008-s1,A,2008-s1-A-GA,A,6,3,2,10,57,True,17,Made playoffs
P1064,2008-s1,A,2008-s1-A-GA,A,6,2,4,6,47,False,,Group stage
P0953,2008-s1,A,2008-s1-A-GA,A,5,4,0,13,64,False,,Group stage
P0737,2008-s1,A,2008-s1-A-GA,A,6,1,5,3,35,False,,Group stage
P1078,2008-s1,A,2008-s1-A-GA,A,6,2,2,8,58,True,25,Made playoffs
P0073,2008-s1,A,2008-s1-A-GB,B,6,3,2,10,58,True,22,Made playoffs
P1071,2008-s1,A,2008-s1-A-GB,B,6,5,0,16,68,True,4,Made playoffs
P1124,2008-s1,A,2008-s1-A-GB,B,6,2,4,6,42,False,,Group stage
P0948,2008-s1,A,2008-s1-A-GB,B,6,3,3,9,47,False,,Group stage
P1063,2008-s1,A,2008-s1-A-GB,B,6,2,4,6,40,False,,Group stage
P0987,2008-s1,A,2008-s1-A-GB,B,6,3,1,11,58,True,15,Made playoffs
P1086,2008-s1,A,2008-s1-A-GB,B,6,1,5,3,37,False,,Group stage
P0585,2008-s1,A,2008-s1-A-GC,C,4,1,3,3,25,False,,Group stage
P0607,2008-s1,A,2008-s1-A-GC,C,3,2,1,6,63,False,,Group stage
P0616,2008-s1,A,2008-s1-A-GC,C,6,1,5,3,37,False,,Group stage
P0363,2008-s1,A,2008-s1-A-GC,C,4,3,1,9,63,True,26,Made playoffs
P1171,2008-s1,A,2008-s1-A-GC,C,3,1,2,3,30,False,,Group stage
P0205,2008-s1,A,2008-s1-A-GC,C,4,4,0,12,65,True,9,Made playoffs
P1021,2008-s1,A,2008-s1-A-GC,C,6,3,3,9,65,True,18,Made playoffs
P0897,2008-s1,A,2008-s1-A-GD,D,6,2,4,6,37,False,,Group stage
P0960,2008-s1,A,2008-s1-A-GD,D,6,5,1,15,62,True,10,Made playoffs
P0658,2008-s1,A,2008-s1-A-GD,D,6,2,2,8,57,False,,Group stage
P0992,2008-s1,A,2008-s1-A-GD,D,5,0,5,0,18,False,,Group stage
P1175,2008-s1,A,2008-s1-A-GD,D,5,1,4,3,48,False,,Group stage
P0994,2008-s1,A,2008-s1-A-GD,D,6,5,0,16,68,True,2,Made playoffs
P0692,2008-s1,A,2008-s1-A-GD,D,6,3,2,10,55,True,23,Made playoffs
P0847,2008-s1,A,2008-s1-A-GE,E,6,5,0,16,70,True,3,Made playoffs
P0140,2008-s1,A,2008-s1-A-GE,E,6,3,2,10,50,True,24,Made playoffs
P1038,2008-s1,A,2008-s1-A-GE,E,4,1,2,4,38,False,,Group stage
P0678,2008-s1,A,2008-s1-A-GE,E,6,4,1,13,65,True,12,Made playoffs
P1024,2008-s1,A,2008-s1-A-GE,E,6,3,3,9,55,True,29,Made playoffs
P0866,2008-s1,A,2008-s1-A-GE,E,4,0,4,0,30,False,,Group stage
P0558,2008-s1,A,2008-s1-A-GE,E,4,0,4,0,23,False,,Group stage
P0707,2008-s1,A,2008-s1-A-GF,F,6,4,1,13,58,True,13,Made playoffs
P0478,2008-s1,A,2008-s1-A-GF,F,6,5,0,16,73,True,5,Champion
P1012,2008-s1,A,2008-s1-A-GF,F,6,1,5,3,30,False,,Group stage
P1164,2008-s1,A,2008-s1-A-GF,F,6,1,5,3,38,False,,Group stage
P1153,2008-s1,A,2008-s1-A-GF,F,6,4,2,12,53,True,20,Made playoffs
P0691,2008-s1,A,2008-s1-A-GF,F,6,3,3,9,52,True,30,Made playoffs
P1143,2008-s1,A,2008-s1-A-GG,G,6,1,5,3,20,False,,Group stage
P0617,2008-s1,A,2008-s1-A-GG,G,6,4,2,12,55,True,19,Made playoffs
P0764,2008-s1,A,2008-s1-A-GG,G,6,4,2,12,58,True,28,Made playoffs
P0972,2008-s1,A,2008-s1-A-GG,G,6,4,2,12,55,True,14,Made playoffs
P1000,2008-s1,A,2008-s1-A-GG,G,6,0,6,0,40,False,,Group stage
P1157,2008-s1,A,2008-s1-A-GG,G,6,5,1,15,65,True,6,Made playoffs
P1034,2008-s1,A,2008-s1-A-GG,G,6,3,3,9,57,False,,Group stage
P0968,2008-s1,A,2008-s1-A-GH,H,5,1,4,3,26,False,,Group stage
P0858,2008-s1,A,2008-s1-A-GH,H,6,5,1,15,68,True,11,Made playoffs
P0962,2008-s1,A,2008-s1-A-GH,H,6,1,5,3,42,False,,Group stage
P0333,2008-s1,A,2008-s1-A-GH,H,6,4,2,12,67,True,21,Made playoffs
P0472,2008-s1,A,2008-s1-A-GH,H,6,6,0,18,68,True,1,Made playoffs
P1119,2008-s1,A,2008-s1-A-GH,H,5,1,4,3,26,False,,Group stage
P0430,2008-s1,A,2008-s1-A-GH,H,6,2,4,6,45,False,,Group stage
P0988,2008-s1,A,2008-s1-A-GI,I,3,3,0,9,60,True,27,Made playoffs
P0989,2008-s1,A,2008-s1-A-GI,I,5,4,1,12,68,True,8,Made playoffs
P0076,2008-s1,A,2008-s1-A-GI,I,4,1,2,4,53,False,,Group stage
P1110,2008-s1,A,2008-s1-A-GI,I,4,2,2,6,50,False,,Group stage
P0921,2008-s1,A,2008-s1-A-GI,I,5,4,1,12,58,True,16,Made playoffs
P0997,2008-s1,A,2008-s1-A-GI,I,6,0,6,0,25,False,,Group stage
P1040,2008-s1,A,2008-s1-A-GI,I,5,1,3,4,46,False,,Group stage
P0327,2008-s1,B,2008-s1-B-GA,A,6,5,1,15,67,True,4,Made playoffs
P1161,2008-s1,B,2008-s1-B-GA,A,4,2,2,6,60,False,,Group stage
P1102,2008-s1,B,2008-s1-B-GA,A,6,4,2,12,70,True,21,Made playoffs
P1132,2008-s1,B,2008-s1-B-GA,A,6,3,2,10,58,True,10,Made playoffs
P1147,2008-s1,B,2008-s1-B-GA,A,4,0,4,0,5,False,,Group stage
P1039,2008-s1,B,2008-s1-B-GA,A,4,2,1,7,48,False,,Group stage
P0922,2008-s1,B,2008-s1-B-GA,A,4,0,4,0,20,False,,Group stage
P0633,2008-s1,B,2008-s1-B-GB,B,4,3,1,9,50,True,14,Made playoffs
P0842,2008-s1,B,2008-s1-B-GB,B,0,0,0,0,,False,,Group stage
P0928,2008-s1,B,2008-s1-B-GB,B,4,2,2,6,53,True,20,Made playoffs
P1129,2008-s1,B,2008-s1-B-GB,B,5,3,2,9,62,True,7,Made playoffs
P0772,2008-s1,B,2008-s1-B-GB,B,4,1,3,3,35,False,,Group stage
P1068,2008-s1,B,2008-s1-B-GB,B,1,1,0,3,60,False,,Group stage
P1118,2008-s1,B,2008-s1-B-GB,B,4,1,3,3,45,False,,Group stage
P0431,2008-s1,B,2008-s1-B-GC,C,6,3,2,10,55,True,15,Made playoffs
P0976,2008-s1,B,2008-s1-B-GC,C,6,2,2,8,52,False,,Group stage
P1076,2008-s1,B,2008-s1-B-GC,C,6,0,5,1,20,False,,Group stage
P1127,2008-s1,B,2008-s1-B-GC,C,6,2,4,6,47,False,,Group stage
P1108,2008-s1,B,2008-s1-B-GC,C,6,3,3,9,57,False,,Group stage
P1061,2008-s1,B,2008-s1-B-GC,C,6,3,1,11,52,True,9,Made playoffs
P0315,2008-s1,B,2008-s1-B-GC,C,6,5,1,15,68,True,2,Made playoffs
P1159,2008-s1,B,2008-s1-B-GD,D,4,2,2,6,45,False,,Group stage
P1082,2008-s1,B,2008-s1-B-GD,D,5,3,2,9,52,True,17,Made playoffs
P0706,2008-s1,B,2008-s1-B-GD,D,4,0,3,1,40,False,,Group stage
P1094,2008-s1,B,2008-s1-B-GD,D,6,5,1,15,63,True,3,Champion
P0954,2008-s1,B,2008-s1-B-GD,D,4,1,3,3,40,False,,Group stage
P1006,2008-s1,B,2008-s1-B-GD,D,5,3,2,9,58,True,13,Made playoffs
P1111,2008-s1,B,2008-s1-B-GD,D,6,2,3,7,45,True,24,Runner-up
P1077,2008-s1,B,2008-s1-B-GE,E,6,0,6,0,27,False,,Group stage
P0971,2008-s1,B,2008-s1-B-GE,E,6,4,2,12,62,True,19,Made playoffs
P1091,2008-s1,B,2008-s1-B-GE,E,6,4,1,13,63,True,11,Made playoffs
P0344,2008-s1,B,2008-s1-B-GE,E,6,3,3,9,52,True,23,Made playoffs
P0982,2008-s1,B,2008-s1-B-GE,E,6,4,1,13,63,True,5,Made playoffs
P1028,2008-s1,B,2008-s1-B-GE,E,5,1,4,3,34,False,,Group stage
P1126,2008-s1,B,2008-s1-B-GE,E,5,3,2,9,46,False,,Group stage
P1114,2008-s1,B,2008-s1-B-GF,F,6,1,5,3,32,False,,Group stage
P0217,2008-s1,B,2008-s1-B-GF,F,6,2,3,7,55,True,18,Made playoffs
P0801,2008-s1,B,2008-s1-B-GF,F,6,0,5,1,17,False,,Group stage
P1101,2008-s1,B,2008-s1-B-GF,F,5,3,1,10,62,True,12,Made playoffs
P0946,2008-s1,B,2008-s1-B-GF,F,5,4,1,12,66,True,6,Made playoffs
P0447,2008-s1,B,2008-s1-B-GF,F,4,2,1,7,45,False,,Group stage
P1136,2008-s1,B,2008-s1-B-GF,F,6,5,1,15,77,False,,Group stage
P1081,2008-s1,B,2008-s1-B-GG,G,4,0,4,0,20,False,,Group stage
P1140,2008-s1,B,2008-s1-B-GG,G,3,0,3,0,13,False,,Group stage
P0752,2008-s1,B,2008-s1-B-GG,G,6,6,0,18,85,True,1,Made playoffs
P0993,2008-s1,B,2008-s1-B-GG,G,6,4,2,12,52,True,8,Made playoffs
P0890,2008-s1,B,2008-s1-B-GG,G,4,2,2,6,53,False,,Group stage
P0978,2008-s1,B,2008-s1-B-GG,G,5,3,2,9,54,True,16,Made playoffs
P1010,2008-s1,B,2008-s1-B-GG,G,2,0,2,0,40,False,,Group stage
P1168,2008-s1,B,2008-s1-B-GH,H,0,0,0,0,,False,,Group stage
P0140,2008-s2,A,2008-s2-A-GA,A,6,5,1,15,57,True,8,Runner-up
P1072,2008-s2,A,2008-s2-A-GA,A,6,6,0,18,65,True,2,Made playoffs
P1069,2008-s2,A,2008-s2-A-GA,A,6,2,3,7,43,True,23,Made playoffs
P1040,2008-s2,A,2008-s2-A-GA,A,6,1,4,4,45,False,,Group stage
P0953,2008-s2,A,2008-s2-A-GA,A,6,1,5,3,38,False,,Group stage
P0029,2008-s2,A,2008-s2-A-GA,A,6,4,2,12,62,True,20,Made playoffs
P0979,2008-s2,A,2008-s2-A-GA,A,6,1,5,3,40,False,,Group stage
P0297,2008-s2,A,2008-s2-A-GB,B,5,5,0,15,66,True,4,Made playoffs
P0961,2008-s2,A,2008-s2-A-GB,B,6,4,1,13,62,True,10,Made playoffs
P1102,2008-s2,A,2008-s2-A-GB,B,5,1,4,3,48,False,,Group stage
P0327,2008-s2,A,2008-s2-A-GB,B,6,1,5,3,38,False,,Group stage
P1089,2008-s2,A,2008-s2-A-GB,B,6,2,3,7,38,True,24,Made playoffs
P1121,2008-s2,A,2008-s2-A-GB,B,6,2,3,7,47,False,,Group stage
P0764,2008-s2,A,2008-s2-A-GB,B,6,3,2,10,53,True,16,Made playoffs
P0422,2008-s2,A,2008-s2-A-GC,C,6,3,1,11,58,True,15,Made playoffs
P0617,2008-s2,A,2008-s2-A-GC,C,4,1,2,4,43,False,,Group stage
P1176,2008-s2,A,2008-s2-A-GC,C,5,2,3,6,41,False,,Group stage
P0344,2008-s2,A,2008-s2-A-GC,C,6,4,2,12,53,True,13,Made playoffs
P0957,2008-s2,A,2008-s2-A-GC,C,5,0,5,0,37,False,,Group stage
P1035,2008-s2,A,2008-s2-A-GC,C,6,3,3,9,43,True,22,Made playoffs
P1085,2008-s2,A,2008-s2-A-GC,C,6,4,1,13,68,True,5,Made playoffs
P0707,2008-s2,A,2008-s2-A-GD,D,6,4,1,13,70,True,9,Made playoffs
P0325,2008-s2,A,2008-s2-A-GD,D,6,5,1,15,65,True,7,Made playoffs
P1148,2008-s2,A,2008-s2-A-GD,D,5,0,5,0,24,False,,Group stage
P0315,2008-s2,A,2008-s2-A-GD,D,6,1,3,5,43,False,,Group stage
P0867,2008-s2,A,2008-s2-A-GD,D,5,1,1,6,44,True,21,Made playoffs
P0371,2008-s2,A,2008-s2-A-GD,D,0,,,,,False,,Group stage
P0678,2008-s2,A,2008-s2-A-GD,D,5,1,3,4,43,False,,Group stage
P0073,2008-s2,A,2008-s2-A-GE,E,6,4,2,12,65,True,11,Made playoffs
P0858,2008-s2,A,2008-s2-A-GE,E,6,5,1,15,72,True,3,Made playoffs
P0737,2008-s2,A,2008-s2-A-GE,E,4,0,4,0,18,False,,Group stage
P0616,2008-s2,A,2008-s2-A-GE,E,6,2,4,6,45,False,,Group stage
P1094,2008-s2,A,2008-s2-A-GE,E,4,0,3,1,33,False,,Group stage
P0558,2008-s2,A,2008-s2-A-GE,E,3,2,1,6,43,False,,Group stage
P1093,2008-s2,A,2008-s2-A-GE,E,5,3,1,10,56,True,18,Made playoffs
P1026,2008-s2,A,2008-s2-A-GF,F,6,3,2,10,42,True,17,Made playoffs
P0205,2008-s2,A,2008-s2-A-GF,F,5,3,2,9,74,False,,Group stage
P0131,2008-s2,A,2008-s2-A-GF,F,6,4,2,12,52,True,14,Made playoffs
P1063,2008-s2,A,2008-s2-A-GF,F,5,0,5,0,32,False,,Group stage
P1149,2008-s2,A,2008-s2-A-GF,F,6,6,0,18,77,True,6,Made playoffs
P1044,2008-s2,A,2008-s2-A-GF,F,5,0,5,0,24,False,,Group stage
P1054,2008-s2,A,2008-s2-A-GF,F,5,2,2,7,46,False,,Group stage
P0984,2008-s2,A,2008-s2-A-GG,G,6,3,3,9,52,True,19,Champion
P1064,2008-s2,A,2008-s2-A-GG,G,6,2,4,6,45,False,,Group stage
P1055,2008-s2,A,2008-s2-A-GG,G,5,0,4,1,26,False,,Group stage
P0273,2008-s2,A,2008-s2-A-GG,G,6,5,1,15,68,True,12,Made playoffs
P1000,2008-s2,A,2008-s2-A-GG,G,5,2,3,6,44,False,,Group stage
P0847,2008-s2,A,2008-s2-A-GG,G,6,6,0,18,70,True,1,Made playoffs
P0901,2008-s2,A,2008-s2-A-GG,G,6,1,4,4,40,False,,Group stage
P1164,2008-s2,B,2008-s2-B-GA,A,5,1,1,6,46,False,,Group stage
P0431,2008-s2,B,2008-s2-B-GA,A,6,1,5,3,33,False,,Group stage
P0955,2008-s2,B,2008-s2-B-GA,A,6,3,3,9,50,True,17,Made playoffs
P0447,2008-s2,B,2008-s2-B-GA,A,5,3,2,9,50,False,,Group stage
P1053,2008-s2,B,2008-s2-B-GA,A,6,1,3,5,43,False,,Group stage
P0956,2008-s2,B,2008-s2-B-GA,A,6,3,1,11,60,True,9,Made playoffs
P0880,2008-s2,B,2008-s2-B-GA,A,6,3,0,12,67,True,5,Made playoffs
P1118,2008-s2,B,2008-s2-B-GB,B,6,4,1,13,67,True,11,Made playoffs
P0531,2008-s2,B,2008-s2-B-GB,B,6,0,6,0,12,False,,Group stage
P0772,2008-s2,B,2008-s2-B-GB,B,6,2,3,7,50,False,,Group stage
P0965,2008-s2,B,2008-s2-B-GB,B,6,2,3,7,52,False,,Group stage
P0928,2008-s2,B,2008-s2-B-GB,B,6,2,2,8,53,False,,Group stage
P1051,2008-s2,B,2008-s2-B-GB,B,6,5,0,16,60,True,1,Made playoffs
P1058,2008-s2,B,2008-s2-B-GB,B,6,2,2,8,57,True,18,Made playoffs
P1062,2008-s2,B,2008-s2-B-GC,C,5,3,2,9,68,False,,Group stage
P1019,2008-s2,B,2008-s2-B-GC,C,6,3,2,10,52,True,16,Made playoffs
P1007,2008-s2,B,2008-s2-B-GC,C,5,4,0,13,74,True,10,Made playoffs
P1092,2008-s2,B,2008-s2-B-GC,C,6,2,4,6,42,False,,Group stage
P1079,2008-s2,B,2008-s2-B-GC,C,6,5,1,15,58,True,3,Made playoffs
P1056,2008-s2,B,2008-s2-B-GC,C,6,1,5,3,33,False,,Group stage
P0793,2008-s2,B,2008-s2-B-GC,C,6,1,5,3,30,False,,Group stage
P0217,2008-s2,B,2008-s2-B-GD,D,6,4,2,12,60,True,12,Made playoffs
P0902,2008-s2,B,2008-s2-B-GD,D,5,3,2,9,62,False,,Group stage
P1052,2008-s2,B,2008-s2-B-GD,D,6,3,3,9,53,False,,Group stage
P1047,2008-s2,B,2008-s2-B-GD,D,5,4,1,12,64,True,15,Champion
P1165,2008-s2,B,2008-s2-B-GD,D,6,0,5,1,30,False,,Group stage
P0976,2008-s2,B,2008-s2-B-GD,D,6,0,5,1,13,False,,Group stage
P1155,2008-s2,B,2008-s2-B-GD,D,6,5,1,15,72,True,6,Made playoffs
P0820,2008-s2,B,2008-s2-B-GE,E,6,4,1,13,58,True,7,Made playoffs
P0247,2008-s2,B,2008-s2-B-GE,E,6,5,1,15,67,True,2,Made playoffs
P1083,2008-s2,B,2008-s2-B-GE,E,6,4,2,12,53,True,14,Made playoffs
P1161,2008-s2,B,2008-s2-B-GE,E,5,1,4,3,32,False,,Group stage
P0870,2008-s2,B,2008-s2-B-GE,E,5,0,4,1,40,False,,Group stage
P1115,2008-s2,B,2008-s2-B-GE,E,6,3,3,9,52,True,20,Made playoffs
P0577,2008-s2,B,2008-s2-B-GE,E,6,2,4,6,43,False,,Group stage
P1129,2008-s2,B,2008-s2-B-GF,F,6,4,2,12,58,True,13,Made playoffs
P1109,2008-s2,B,2008-s2-B-GF,F,6,3,3,9,63,True,19,Made playoffs
P0183,2008-s2,B,2008-s2-B-GF,F,5,0,5,0,26,False,,Group stage
P1015,2008-s2,B,2008-s2-B-GF,F,6,1,5,3,32,False,,Group stage
P0982,2008-s2,B,2008-s2-B-GF,F,5,4,0,13,62,True,8,Runner-up
P1178,2008-s2,B,2008-s2-B-GF,F,6,4,1,13,62,False,,Group stage
P1127,2008-s2,B,2008-s2-B-GF,F,6,3,3,9,45,False,,Group stage
P1085,2008-s3,A,2008-s3-A-GA,A,4,3,1,9,65,True,15,Made playoffs
P0985,2008-s3,A,2008-s3-A-GA,A,6,5,0,16,63,True,5,Champion
P1073,2008-s3,A,2008-s3-A-GA,A,6,2,3,7,47,False,,Group stage
P0982,2008-s3,A,2008-s3-A-GA,A,5,2,2,7,50,False,,Group stage
P1030,2008-s3,A,2008-s3-A-GA,A,6,3,3,9,58,True,12,Made playoffs
P0616,2008-s3,A,2008-s3-A-GA,A,6,2,3,7,40,False,,Group stage
P0867,2008-s3,A,2008-s3-A-GA,A,5,0,5,0,28,False,,Group stage
P0962,2008-s3,A,2008-s3-A-GB,B,6,2,4,6,35,False,,Group stage
P0558,2008-s3,A,2008-s3-A-GB,B,6,1,4,4,42,False,,Group stage
P0787,2008-s3,A,2008-s3-A-GB,B,6,3,2,10,50,True,19,Made playoffs
P1155,2008-s3,A,2008-s3-A-GB,B,6,3,0,12,60,True,11,Made playoffs
P0327,2008-s3,A,2008-s3-A-GB,B,6,1,3,5,48,False,,Group stage
P0980,2008-s3,A,2008-s3-A-GB,B,6,2,3,7,50,True,26,Made playoffs
P0617,2008-s3,A,2008-s3-A-GB,B,6,5,1,15,65,True,4,Made playoffs
P0990,2008-s3,A,2008-s3-A-GC,C,6,4,2,12,65,True,8,Made playoffs
P0131,2008-s3,A,2008-s3-A-GC,C,5,1,4,3,34,False,,Group stage
P1103,2008-s3,A,2008-s3-A-GC,C,5,0,5,0,14,False,,Group stage
P0321,2008-s3,A,2008-s3-A-GC,C,6,5,0,16,72,True,3,Runner-up
P1070,2008-s3,A,2008-s3-A-GC,C,6,2,3,7,53,False,,Group stage
P0658,2008-s3,A,2008-s3-A-GC,C,6,4,2,12,53,True,17,Made playoffs
P1089,2008-s3,A,2008-s3-A-GC,C,6,3,3,9,50,True,24,Made playoffs
P0073,2008-s3,A,2008-s3-A-GD,D,6,3,1,11,53,True,7,Made playoffs
P0847,2008-s3,A,2008-s3-A-GD,D,6,3,2,10,55,True,13,Made playoffs
P0678,2008-s3,A,2008-s3-A-GD,D,6,2,4,6,47,False,,Group stage
P1144,2008-s3,A,2008-s3-A-GD,D,6,2,4,6,37,False,,Group stage
P1065,2008-s3,A,2008-s3-A-GD,D,6,3,3,9,47,True,25,Made playoffs
P1022,2008-s3,A,2008-s3-A-GD,D,6,3,2,10,57,True,16,Made playoffs
P1174,2008-s3,A,2008-s3-A-GD,D,6,3,3,9,55,True,23,Made playoffs
P1026,2008-s3,A,2008-s3-A-GE,E,6,5,0,16,77,True,2,Made playoffs
P1172,2008-s3,A,2008-s3-A-GE,E,6,2,3,7,33,False,,Group stage
P0691,2008-s3,A,2008-s3-A-GE,E,6,5,1,15,62,True,10,Made playoffs
P0273,2008-s3,A,2008-s3-A-GE,E,6,2,3,7,48,False,,Group stage
P1011,2008-s3,A,2008-s3-A-GE,E,6,1,4,4,35,False,,Group stage
P1041,2008-s3,A,2008-s3-A-GE,E,6,1,5,3,47,False,,Group stage
P0607,2008-s3,A,2008-s3-A-GE,E,6,2,2,8,48,True,21,Made playoffs
P0662,2008-s3,A,2008-s3-A-GF,F,6,2,4,6,30,False,,Group stage
P0478,2008-s3,A,2008-s3-A-GF,F,6,5,1,15,70,True,9,Made playoffs
P1083,2008-s3,A,2008-s3-A-GF,F,6,0,5,1,10,False,,Group stage
P0029,2008-s3,A,2008-s3-A-GF,F,6,4,2,12,65,True,20,Made playoffs
P0726,2008-s3,A,2008-s3-A-GF,F,6,1,4,4,40,False,,Group stage
P1125,2008-s3,A,2008-s3-A-GF,F,6,3,3,9,62,True,22,Made playoffs
P0140,2008-s3,A,2008-s3-A-GF,F,6,5,1,15,73,True,6,Made playoffs
P0344,2008-s3,A,2008-s3-A-GG,G,6,1,5,3,33,False,,Group stage
P0707,2008-s3,A,2008-s3-A-GG,G,6,6,0,18,82,True,1,Made playoffs
P1001,2008-s3,A,2008-s3-A-GG,G,6,3,2,10,52,True,18,Made playoffs
P1141,2008-s3,A,2008-s3-A-GG,G,5,1,4,3,34,False,,Group stage
P0986,2008-s3,A,2008-s3-A-GG,G,5,2,2,7,46,False,,Group stage
P1040,2008-s3,A,2008-s3-A-GG,G,6,2,4,6,47,False,,Group stage
P0422,2008-s3,A,2008-s3-A-GG,G,6,4,2,12,53,True,14,Made playoffs
P1106,2008-s3,B,2008-s3-B-GA,A,6,4,2,12,63,True,6,Made playoffs
P1128,2008-s3,B,2008-s3-B-GA,A,6,2,4,6,42,False,,Group stage
P1049,2008-s3,B,2008-s3-B-GA,A,6,3,2,10,60,True,17,Made playoffs
P0577,2008-s3,B,2008-s3-B-GA,A,5,1,3,4,28,False,,Group stage
P1053,2008-s3,B,2008-s3-B-GA,A,6,3,1,11,55,True,10,Made playoffs
P0953,2008-s3,B,2008-s3-B-GA,A,5,2,3,6,44,False,,Group stage
P1150,2008-s3,B,2008-s3-B-GA,A,6,2,2,8,53,True,21,Made playoffs
P1100,2008-s3,B,2008-s3-B-GB,B,6,2,3,7,50,True,22,Made playoffs
P0955,2008-s3,B,2008-s3-B-GB,B,6,3,1,11,57,True,8,Made playoffs
P1091,2008-s3,B,2008-s3-B-GB,B,6,2,3,7,47,False,,Group stage
P1127,2008-s3,B,2008-s3-B-GB,B,6,2,2,8,43,True,18,Made playoffs
P1116,2008-s3,B,2008-s3-B-GB,B,6,2,4,6,48,False,,Group stage
P1066,2008-s3,B,2008-s3-B-GB,B,6,2,3,7,48,True,23,Made playoffs
P0983,2008-s3,B,2008-s3-B-GB,B,6,4,1,13,57,True,5,Made playoffs
P1031,2008-s3,B,2008-s3-B-GC,C,6,4,2,12,60,True,7,Made playoffs
P1090,2008-s3,B,2008-s3-B-GC,C,5,2,3,6,36,False,,Group stage
P1084,2008-s3,B,2008-s3-B-GC,C,5,2,3,6,44,False,,Group stage
P1016,2008-s3,B,2008-s3-B-GC,C,6,3,2,10,53,True,16,Made playoffs
P1135,2008-s3,B,2008-s3-B-GC,C,6,2,4,6,47,False,,Group stage
P1059,2008-s3,B,2008-s3-B-GC,C,6,5,1,15,70,True,2,Made playoffs
P1120,2008-s3,B,2008-s3-B-GC,C,4,0,3,1,30,False,,Group stage
P1080,2008-s3,B,2008-s3-B-GD,D,5,4,1,12,66,True,3,Runner-up
P1152,2008-s3,B,2008-s3-B-GD,D,3,0,3,0,13,False,,Group stage
P0970,2008-s3,B,2008-s3-B-GD,D,4,0,4,0,13,False,,Group stage
P1168,2008-s3,B,2008-s3-B-GD,D,1,1,0,3,80,False,,Group stage
P0998,2008-s3,B,2008-s3-B-GD,D,4,2,2,6,43,False,,Group stage
P1087,2008-s3,B,2008-s3-B-GD,D,4,3,1,9,65,True,11,Made playoffs
P0217,2008-s3,B,2008-s3-B-GD,D,5,3,2,9,74,True,15,Made playoffs
P0902,2008-s3,B,2008-s3-B-GE,E,6,3,2,10,58,True,13,Made playoffs
P1162,2008-s3,B,2008-s3-B-GE,E,6,0,4,2,30,False,,Group stage
P0963,2008-s3,B,2008-s3-B-GE,E,6,5,1,15,63,True,4,Made playoffs
P1160,2008-s3,B,2008-s3-B-GE,E,6,3,3,9,45,True,20,Made playoffs
P0431,2008-s3,B,2008-s3-B-GE,E,6,1,4,4,40,False,,Group stage
P1170,2008-s3,B,2008-s3-B-GE,E,6,3,3,9,65,True,19,Made playoffs
P0685,2008-s3,B,2008-s3-B-GE,E,6,3,1,11,48,True,12,Made playoffs
P0981,2008-s3,B,2008-s3-B-GF,F,0,0,0,0,,False,,Group stage
P1130,2008-s3,B,2008-s3-B-GF,F,4,1,3,3,43,False,,Group stage
P1104,2008-s3,B,2008-s3-B-GF,F,4,3,0,10,78,True,1,Champion
P0965,2008-s3,B,2008-s3-B-GF,F,4,1,3,3,30,False,,Group stage
P1122,2008-s3,B,2008-s3-B-GF,F,5,3,2,9,58,True,14,Made playoffs
P1156,2008-s3,B,2008-s3-B-GF,F,2,0,2,0,15,False,,Group stage
P1009,2008-s3,B,2008-s3-B-GF,F,5,3,1,10,56,True,9,Made playoffs
P0858,2008-s4,A,2008-s4-A-GA,A,5,5,0,15,70,True,1,Runner-up
P1020,2008-s4,A,2008-s4-A-GA,A,5,4,1,12,66,True,8,Made playoffs
P1029,2008-s4,A,2008-s4-A-GA,A,4,2,2,6,58,False,,Group stage
P1172,2008-s4,A,2008-s4-A-GA,A,6,0,6,0,7,False,,Group stage
P1142,2008-s4,A,2008-s4-A-GA,A,4,2,2,6,60,False,,Group stage
P1063,2008-s4,A,2008-s4-A-GA,A,5,1,4,3,44,False,,Group stage
P0607,2008-s4,A,2008-s4-A-GA,A,5,3,2,9,58,True,19,Made playoffs
P0984,2008-s4,A,2008-s4-A-GB,B,6,4,2,12,53,True,20,Made playoffs
P0131,2008-s4,A,2008-s4-A-GB,B,6,4,1,13,72,True,9,Made playoffs
P0707,2008-s4,A,2008-s4-A-GB,B,6,5,0,16,80,True,2,Made playoffs
P1051,2008-s4,A,2008-s4-A-GB,B,5,1,4,3,50,False,,Group stage
P0787,2008-s4,A,2008-s4-A-GB,B,5,2,3,6,38,False,,Group stage
P0967,2008-s4,A,2008-s4-A-GB,B,6,3,3,9,53,True,23,Made playoffs
P1169,2008-s4,A,2008-s4-A-GB,B,6,0,6,0,2,False,,Group stage
P0140,2008-s4,A,2008-s4-A-GC,C,5,3,2,9,70,True,16,Made playoffs
P0029,2008-s4,A,2008-s4-A-GC,C,4,3,1,9,65,True,10,Made playoffs
P1034,2008-s4,A,2008-s4-A-GC,C,4,0,4,0,35,False,,Group stage
P0297,2008-s4,A,2008-s4-A-GC,C,1,1,0,3,60,False,,Group stage
P1176,2008-s4,A,2008-s4-A-GC,C,3,0,3,0,20,False,,Group stage
P1011,2008-s4,A,2008-s4-A-GC,C,5,2,3,6,32,False,,Group stage
P1088,2008-s4,A,2008-s4-A-GC,C,6,5,1,15,62,True,5,Made playoffs
P0512,2008-s4,A,2008-s4-A-GD,D,5,4,1,12,84,True,11,Made playoffs
P0988,2008-s4,A,2008-s4-A-GD,D,2,0,2,0,20,False,,Group stage
P0073,2008-s4,A,2008-s4-A-GD,D,2,1,1,3,30,False,,Group stage
P1095,2008-s4,A,2008-s4-A-GD,D,3,1,2,3,43,False,,Group stage
P0948,2008-s4,A,2008-s4-A-GD,D,3,0,3,0,23,False,,Group stage
P1064,2008-s4,A,2008-s4-A-GD,D,1,1,0,3,70,False,,Group stage
P1104,2008-s4,A,2008-s4-A-GD,D,4,3,1,9,53,True,7,Made playoffs
P0321,2008-s4,A,2008-s4-A-GE,E,5,5,0,15,76,True,12,Made playoffs
P0558,2008-s4,A,2008-s4-A-GE,E,5,1,4,3,32,False,,Group stage
P0422,2008-s4,A,2008-s4-A-GE,E,5,4,1,12,68,True,15,Made playoffs
P0950,2008-s4,A,2008-s4-A-GE,E,6,3,3,9,50,True,24,Made playoffs
P0964,2008-s4,A,2008-s4-A-GE,E,6,0,6,0,27,False,,Group stage
P1080,2008-s4,A,2008-s4-A-GE,E,6,5,1,15,68,True,6,Made playoffs
P0973,2008-s4,A,2008-s4-A-GE,E,5,1,4,3,30,False,,Group stage
P0478,2008-s4,A,2008-s4-A-GF,F,6,5,1,15,63,True,13,Made playoffs
P0966,2008-s4,A,2008-s4-A-GF,F,5,2,2,7,46,True,22,Made playoffs
P0363,2008-s4,A,2008-s4-A-GF,F,6,2,2,8,48,True,21,Made playoffs
P1022,2008-s4,A,2008-s4-A-GF,F,6,3,2,10,57,True,17,Made playoffs
P0726,2008-s4,A,2008-s4-A-GF,F,6,1,5,3,38,False,,Group stage
P0616,2008-s4,A,2008-s4-A-GF,F,6,0,6,0,33,False,,Group stage
P0921,2008-s4,A,2008-s4-A-GF,F,5,5,0,15,66,True,4,Made playoffs
P1042,2008-s4,A,2008-s4-A-GG,G,4,1,1,5,58,False,,Group stage
P1014,2008-s4,A,2008-s4-A-GG,G,5,2,3,6,52,False,,Group stage
P1002,2008-s4,A,2008-s4-A-GG,G,5,5,0,15,66,True,3,Champion
P1013,2008-s4,A,2008-s4-A-GG,G,6,4,1,13,60,True,14,Made playoffs
P0995,2008-s4,A,2008-s4-A-GG,G,6,3,2,10,52,True,18,Made playoffs
P1003,2008-s4,A,2008-s4-A-GG,G,3,0,3,0,30,False,,Group stage
P1017,2008-s4,A,2008-s4-A-GG,G,5,0,5,0,24,False,,Group stage
P0958,2008-s4,B,2008-s4-B-GA,A,6,0,6,0,30,False,,Group stage
P1123,2008-s4,B,2008-s4-B-GA,A,6,4,2,12,70,True,1,Made playoffs
P1004,2008-s4,B,2008-s4-B-GA,A,6,4,2,12,52,True,10,Made playoffs
P1108,2008-s4,B,2008-s4-B-GA,A,6,2,4,6,45,False,,Group stage
P1036,2008-s4,B,2008-s4-B-GA,A,6,4,2,12,62,True,11,Made playoffs
P0991,2008-s4,B,2008-s4-B-GA,A,6,3,3,9,38,False,,Group stage
P1117,2008-s4,B,2008-s4-B-GA,A,6,4,2,12,53,True,16,Made playoffs
P1023,2008-s4,B,2008-s4-B-GB,B,6,2,2,8,52,True,18,Made playoffs
P1099,2008-s4,B,2008-s4-B-GB,B,6,3,2,10,47,True,15,Made playoffs
P0685,2008-s4,B,2008-s4-B-GB,B,6,1,5,3,40,False,,Group stage
P1059,2008-s4,B,2008-s4-B-GB,B,6,4,2,12,58,True,8,Made playoffs
P1049,2008-s4,B,2008-s4-B-GB,B,6,2,4,6,42,False,,Group stage
P1145,2008-s4,B,2008-s4-B-GB,B,6,3,3,9,53,True,17,Made playoffs
P1127,2008-s4,B,2008-s4-B-GB,B,6,4,1,13,58,True,4,Made playoffs
P0772,2008-s4,B,2008-s4-B-GC,C,6,2,3,7,42,False,,Group stage
P1097,2008-s4,B,2008-s4-B-GC,C,6,4,2,12,53,True,9,Made playoffs
P1130,2008-s4,B,2008-s4-B-GC,C,6,2,3,7,52,False,,Group stage
P1048,2008-s4,B,2008-s4-B-GC,C,5,2,3,6,54,False,,Group stage
P1027,2008-s4,B,2008-s4-B-GC,C,5,1,3,4,40,False,,Group stage
P0949,2008-s4,B,2008-s4-B-GC,C,6,4,2,12,55,True,5,Made playoffs
P0947,2008-s4,B,2008-s4-B-GC,C,6,2,1,9,53,True,13,Champion
P1154,2008-s4,B,2008-s4-B-GD,D,4,1,3,3,40,False,,Group stage
P0431,2008-s4,B,2008-s4-B-GD,D,5,1,4,3,44,False,,Group stage
P1056,2008-s4,B,2008-s4-B-GD,D,6,2,4,6,30,False,,Group stage
P1106,2008-s4,B,2008-s4-B-GD,D,4,3,1,9,60,True,12,Made playoffs
P1084,2008-s4,B,2008-s4-B-GD,D,3,1,2,3,37,False,,Group stage
P1113,2008-s4,B,2008-s4-B-GD,D,4,3,0,10,78,True,6,Made playoffs
P0928,2008-s4,B,2008-s4-B-GD,D,6,4,1,13,63,True,2,Made playoffs
P1033,2008-s4,B,2008-s4-B-GE,E,6,5,1,15,60,True,3,Runner-up
P1159,2008-s4,B,2008-s4-B-GE,E,4,1,3,3,38,False,,Group stage
P1008,2008-s4,B,2008-s4-B-GE,E,6,4,1,13,67,True,7,Made playoffs
P1091,2008-s4,B,2008-s4-B-GE,E,6,2,3,7,50,True,14,Made playoffs
P0955,2008-s4,B,2008-s4-B-GE,E,4,2,2,6,48,False,,Group stage
P0217,2008-s4,B,2008-s4-B-GE,E,5,2,3,6,42,False,,Group stage
P1137,2008-s4,B,2008-s4-B-GE,E,5,1,4,3,38,False,,Group stage
P1168,2008-s4,B,2008-s4-B-GF,F,0,0,0,0,,False,,Group stage
P0974,2008-s5,A,2008-s5-A-GA,A,6,3,3,9,50,True,23,Made playoffs
P0949,2008-s5,A,2008-s5-A-GA,A,6,5,0,16,62,True,4,Made playoffs
P0977,2008-s5,A,2008-s5-A-GA,A,6,0,6,0,22,False,,Group stage
P0678,2008-s5,A,2008-s5-A-GA,A,5,2,3,6,52,False,,Group stage
P0707,2008-s5,A,2008-s5-A-GA,A,6,4,2,12,62,True,9,Made playoffs
P1040,2008-s5,A,2008-s5-A-GA,A,5,2,3,6,54,False,,Group stage
P1022,2008-s5,A,2008-s5-A-GA,A,6,3,2,10,50,True,15,Runner-up
P0073,2008-s5,A,2008-s5-A-GB,B,3,1,2,3,47,False,,Group stage
P0422,2008-s5,A,2008-s5-A-GB,B,2,0,1,1,25,False,,Group stage
P0764,2008-s5,A,2008-s5-A-GB,B,6,3,2,10,55,True,7,Made playoffs
P1014,2008-s5,A,2008-s5-A-GB,B,5,3,2,9,48,True,19,Made playoffs
P0321,2008-s5,A,2008-s5-A-GB,B,4,1,3,3,35,False,,Group stage
P1075,2008-s5,A,2008-s5-A-GB,B,4,3,1,9,60,False,,Group stage
P1158,2008-s5,A,2008-s5-A-GB,B,6,3,3,9,60,True,14,Made playoffs
P1074,2008-s5,A,2008-s5-A-GC,C,3,3,0,9,67,False,,Group stage
P0558,2008-s5,A,2008-s5-A-GC,C,4,0,4,0,28,False,,Group stage
P0029,2008-s5,A,2008-s5-A-GC,C,6,5,1,15,65,True,2,Made playoffs
P0820,2008-s5,A,2008-s5-A-GC,C,3,0,3,0,27,False,,Group stage
P1163,2008-s5,A,2008-s5-A-GC,C,4,1,3,3,43,False,,Group stage
P0491,2008-s5,A,2008-s5-A-GC,C,6,3,3,9,53,True,17,Made playoffs
P0969,2008-s5,A,2008-s5-A-GC,C,6,4,2,12,55,True,12,Champion
P0748,2008-s5,A,2008-s5-A-GD,D,5,1,3,4,48,False,,Group stage
P1088,2008-s5,A,2008-s5-A-GD,D,6,5,0,16,63,True,3,Made playoffs
P0956,2008-s5,A,2008-s5-A-GD,D,3,0,3,0,27,False,,Group stage
P0999,2008-s5,A,2008-s5-A-GD,D,5,3,2,9,48,True,18,Made playoffs
P1013,2008-s5,A,2008-s5-A-GD,D,6,3,1,11,58,True,11,Made playoffs
P1045,2008-s5,A,2008-s5-A-GD,D,5,2,1,8,52,True,24,Made playoffs
P0965,2008-s5,A,2008-s5-A-GD,D,6,1,5,3,42,False,,Group stage
P1002,2008-s5,A,2008-s5-A-GE,E,6,4,0,14,58,True,6,Made playoffs
P1148,2008-s5,A,2008-s5-A-GE,E,6,0,5,1,35,False,,Group stage
P1138,2008-s5,A,2008-s5-A-GE,E,6,3,3,9,47,True,20,Made playoffs
P0617,2008-s5,A,2008-s5-A-GE,E,5,2,3,6,52,False,,Group stage
P1037,2008-s5,A,2008-s5-A-GE,E,5,3,1,10,60,True,10,Made playoffs
P0951,2008-s5,A,2008-s5-A-GE,E,6,2,4,6,47,False,,Group stage
P0363,2008-s5,A,2008-s5-A-GE,E,4,3,1,9,55,False,,Group stage
P0512,2008-s5,A,2008-s5-A-GF,F,6,6,0,18,73,True,1,Made playoffs
P1111,2008-s5,A,2008-s5-A-GF,F,5,1,4,3,34,False,,Group stage
P1010,2008-s5,A,2008-s5-A-GF,F,5,1,4,3,22,False,,Group stage
P0982,2008-s5,A,2008-s5-A-GF,F,6,2,4,6,45,False,,Group stage
P1105,2008-s5,A,2008-s5-A-GF,F,6,5,1,15,75,True,8,Made playoffs
P0616,2008-s5,A,2008-s5-A-GF,F,6,3,3,9,43,True,21,Made playoffs
P1042,2008-s5,A,2008-s5-A-GF,F,6,2,4,6,50,False,,Group stage
P1097,2008-s5,A,2008-s5-A-GG,G,6,2,4,6,43,False,,Group stage
P1166,2008-s5,A,2008-s5-A-GG,G,6,3,3,9,52,True,22,Made playoffs
P0607,2008-s5,A,2008-s5-A-GG,G,6,5,1,15,62,True,5,Made playoffs
P0858,2008-s5,A,2008-s5-A-GG,G,5,3,1,10,60,True,16,Made playoffs
P0996,2008-s5,A,2008-s5-A-GG,G,6,3,2,10,53,True,13,Made playoffs
P1034,2008-s5,A,2008-s5-A-GG,G,5,1,4,3,28,False,,Group stage
P0658,2008-s5,A,2008-s5-A-GG,G,6,2,4,6,50,False,,Group stage
P0928,2008-s5,B,2008-s5-B-GA,A,4,0,4,0,23,False,,Group stage
P1160,2008-s5,B,2008-s5-B-GA,A,6,3,3,9,50,True,20,Made playoffs
P1053,2008-s5,B,2008-s5-B-GA,A,6,4,2,12,63,True,13,Made playoffs
P1130,2008-s5,B,2008-s5-B-GA,A,6,1,5,3,35,False,,Group stage
P1025,2008-s5,B,2008-s5-B-GA,A,5,5,0,15,74,True,1,Runner-up
P1177,2008-s5,B,2008-s5-B-GA,A,5,2,3,6,34,False,,Group stage
P1048,2008-s5,B,2008-s5-B-GA,A,6,4,2,12,63,True,9,Made playoffs
P1146,2008-s5,B,2008-s5-B-GB,B,4,3,1,9,58,False,,Group stage
P0685,2008-s5,B,2008-s5-B-GB,B,5,2,2,7,48,False,,Group stage
P1135,2008-s5,B,2008-s5-B-GB,B,4,2,2,6,53,False,,Group stage
P1005,2008-s5,B,2008-s5-B-GB,B,6,2,3,7,60,True,15,Made playoffs
P1151,2008-s5,B,2008-s5-B-GB,B,5,3,1,10,68,True,7,Made playoffs
P1173,2008-s5,B,2008-s5-B-GB,B,6,0,6,0,0,False,,Group stage
P0327,2008-s5,B,2008-s5-B-GB,B,6,4,1,13,70,True,3,Made playoffs
P1098,2008-s5,B,2008-s5-B-GC,C,6,3,3,9,55,True,19,Made playoffs
P1008,2008-s5,B,2008-s5-B-GC,C,6,4,0,14,65,True,2,Made playoffs
P0793,2008-s5,B,2008-s5-B-GC,C,5,1,3,4,30,False,,Group stage
P0431,2008-s5,B,2008-s5-B-GC,C,6,1,4,4,37,False,,Group stage
P1057,2008-s5,B,2008-s5-B-GC,C,6,3,2,10,47,True,18,Made playoffs
P1167,2008-s5,B,2008-s5-B-GC,C,6,4,2,12,67,True,8,Made playoffs
P1096,2008-s5,B,2008-s5-B-GC,C,5,1,3,4,46,False,,Group stage
P1067,2008-s5,B,2008-s5-B-GD,D,4,2,2,6,63,False,,Group stage
P1046,2008-s5,B,2008-s5-B-GD,D,5,3,1,10,54,True,11,Made playoffs
P1032,2008-s5,B,2008-s5-B-GD,D,5,1,2,5,38,False,,Group stage
P1060,2008-s5,B,2008-s5-B-GD,D,5,2,2,7,56,True,14,Made playoffs
P1043,2008-s5,B,2008-s5-B-GD,D,4,0,4,0,28,False,,Group stage
P1112,2008-s5,B,2008-s5-B-GD,D,5,4,1,12,60,True,6,Champion
P1133,2008-s5,B,2008-s5-B-GD,D,0,0,0,0,,False,,Group stage
P1050,2008-s5,B,2008-s5-B-GE,E,6,2,3,7,53,True,21,Made playoffs
P0938,2008-s5,B,2008-s5-B-GE,E,6,4,1,13,70,True,10,Made playoffs
P1108,2008-s5,B,2008-s5-B-GE,E,6,4,1,13,75,True,16,Made playoffs
P1018,2008-s5,B,2008-s5-B-GE,E,6,1,5,3,35,False,,Group stage
P0718,2008-s5,B,2008-s5-B-GE,E,6,1,4,4,25,False,,Group stage
P0959,2008-s5,B,2008-s5-B-GE,E,6,1,4,4,28,False,,Group stage
P1134,2008-s5,B,2008-s5-B-GE,E,6,5,0,16,63,True,4,Made playoffs
P1091,2008-s5,B,2008-s5-B-GF,F,6,3,2,10,48,True,12,Made playoffs
P0217,2008-s5,B,2008-s5-B-GF,F,6,2,4,6,47,False,,Group stage
P1123,2008-s5,B,2008-s5-B-GF,F,6,5,0,16,68,True,5,Made playoffs
P0995,2008-s5,B,2008-s5-B-GF,F,3,1,2,3,43,False,,Group stage
P1139,2008-s5,B,2008-s5-B-GF,F,3,0,3,0,27,False,,Group stage
P0952,2008-s5,B,2008-s5-B-GF,F,4,2,1,7,50,True,17,Made playoffs
P1106,2008-s5,B,2008-s5-B-GF,F,4,1,2,4,53,False,,Group stage
P0558,2009-s1,A,2009-s1-A-GA,A,6,4,2,12,55,True,20,Made playoffs
P0689,2009-s1,A,2009-s1-A-GA,A,4,2,2,6,48,False,,Group stage
P0658,2009-s1,A,2009-s1-A-GA,A,5,0,5,0,36,False,,Group stage
P0029,2009-s1,A,2009-s1-A-GA,A,6,5,1,15,60,True,6,Made playoffs
P1244,2009-s1,A,2009-s1-A-GA,A,4,2,2,6,50,False,,Group stage
P0697,2009-s1,A,2009-s1-A-GA,A,3,0,3,0,33,False,,Group stage
P1294,2009-s1,A,2009-s1-A-GA,A,6,4,2,12,57,True,16,Made playoffs
P1158,2009-s1,A,2009-s1-A-GB,B,6,2,3,7,53,False,,Group stage
P1383,2009-s1,A,2009-s1-A-GB,B,6,1,5,3,38,False,,Group stage
P1310,2009-s1,A,2009-s1-A-GB,B,5,0,5,0,24,False,,Group stage
P0672,2009-s1,A,2009-s1-A-GB,B,6,4,1,13,57,True,17,Runner-up
P0969,2009-s1,A,2009-s1-A-GB,B,6,4,1,13,60,True,11,Made playoffs
P1303,2009-s1,A,2009-s1-A-GB,B,5,1,3,4,42,False,,Group stage
P1368,2009-s1,A,2009-s1-A-GB,B,6,6,0,18,70,True,2,Champion
P0858,2009-s1,A,2009-s1-A-GC,C,5,5,0,15,80,True,10,Made playoffs
P0363,2009-s1,A,2009-s1-A-GC,C,4,1,3,3,33,False,,Group stage
P1151,2009-s1,A,2009-s1-A-GC,C,5,0,4,1,22,False,,Group stage
P0616,2009-s1,A,2009-s1-A-GC,C,6,0,5,1,33,False,,Group stage
P1074,2009-s1,A,2009-s1-A-GC,C,6,3,3,9,55,True,26,Made playoffs
P0707,2009-s1,A,2009-s1-A-GC,C,6,4,2,12,53,True,19,Made playoffs
P0951,2009-s1,A,2009-s1-A-GC,C,6,5,1,15,68,True,5,Made playoffs
P0512,2009-s1,A,2009-s1-A-GD,D,6,5,1,15,73,True,4,Made playoffs
P0982,2009-s1,A,2009-s1-A-GD,D,5,0,5,0,14,False,,Group stage
P1330,2009-s1,A,2009-s1-A-GD,D,6,4,2,12,58,True,18,Made playoffs
P1259,2009-s1,A,2009-s1-A-GD,D,6,3,3,9,53,False,,Group stage
P1324,2009-s1,A,2009-s1-A-GD,D,5,1,4,3,32,False,,Group stage
P1292,2009-s1,A,2009-s1-A-GD,D,6,4,2,12,65,True,13,Made playoffs
P1241,2009-s1,A,2009-s1-A-GD,D,6,3,3,9,45,False,,Group stage
P1318,2009-s1,A,2009-s1-A-GE,E,5,1,4,3,40,False,,Group stage
P0607,2009-s1,A,2009-s1-A-GE,E,6,3,2,10,53,True,25,Made playoffs
P0140,2009-s1,A,2009-s1-A-GE,E,6,3,2,10,60,True,21,Made playoffs
P0820,2009-s1,A,2009-s1-A-GE,E,5,0,5,0,30,False,,Group stage
P0984,2009-s1,A,2009-s1-A-GE,E,6,5,0,16,63,True,3,Made playoffs
P0491,2009-s1,A,2009-s1-A-GE,E,6,5,0,16,62,True,9,Made playoffs
P1040,2009-s1,A,2009-s1-A-GE,E,4,0,4,0,30,False,,Group stage
P1088,2009-s1,A,2009-s1-A-GF,F,6,4,2,12,70,True,7,Made playoffs
P1104,2009-s1,A,2009-s1-A-GF,F,5,2,3,6,40,False,,Group stage
P0962,2009-s1,A,2009-s1-A-GF,F,4,3,1,9,65,False,,Group stage
P1360,2009-s1,A,2009-s1-A-GF,F,6,4,2,12,63,True,14,Made playoffs
P1054,2009-s1,A,2009-s1-A-GF,F,6,3,3,9,55,True,24,Made playoffs
P1236,2009-s1,A,2009-s1-A-GF,F,3,0,3,0,3,False,,Group stage
P1354,2009-s1,A,2009-s1-A-GF,F,4,1,3,3,25,False,,Group stage
P1205,2009-s1,A,2009-s1-A-GG,G,6,4,1,13,53,True,12,Made playoffs
P1282,2009-s1,A,2009-s1-A-GG,G,6,0,6,0,25,False,,Group stage
P1051,2009-s1,A,2009-s1-A-GG,G,5,1,4,3,36,False,,Group stage
P1284,2009-s1,A,2009-s1-A-GG,G,6,3,3,9,48,True,27,Made playoffs
P1194,2009-s1,A,2009-s1-A-GG,G,6,3,2,10,55,True,23,Made playoffs
P1349,2009-s1,A,2009-s1-A-GG,G,5,2,3,6,46,False,,Group stage
P1002,2009-s1,A,2009-s1-A-GG,G,6,6,0,18,83,True,1,Made playoffs
P1022,2009-s1,A,2009-s1-A-GH,H,5,4,0,13,60,True,15,Made playoffs
P1361,2009-s1,A,2009-s1-A-GH,H,3,0,2,1,27,False,,Group stage
P0678,2009-s1,A,2009-s1-A-GH,H,4,1,3,3,43,False,,Group stage
P1275,2009-s1,A,2009-s1-A-GH,H,4,2,2,6,43,False,,Group stage
P1357,2009-s1,A,2009-s1-A-GH,H,6,0,5,1,38,False,,Group stage
P0764,2009-s1,A,2009-s1-A-GH,H,6,3,2,10,57,True,22,Made playoffs
P1085,2009-s1,A,2009-s1-A-GH,H,6,4,0,14,68,True,8,Made playoffs
P0938,2009-s1,B,2009-s1-B-GA,A,5,1,3,4,44,False,,Group stage
P1290,2009-s1,B,2009-s1-B-GA,A,6,3,2,10,48,True,16,Made playoffs
P0870,2009-s1,B,2009-s1-B-GA,A,6,4,2,12,55,True,5,Made playoffs
P1108,2009-s1,B,2009-s1-B-GA,A,4,1,2,4,50,False,,Group stage
P0217,2009-s1,B,2009-s1-B-GA,A,5,1,3,4,48,False,,Group stage
P1195,2009-s1,B,2009-s1-B-GA,A,6,3,2,10,55,True,12,Made playoffs
P0772,2009-s1,B,2009-s1-B-GA,A,6,3,2,10,48,True,21,Made playoffs
P0999,2009-s1,B,2009-s1-B-GB,B,6,3,1,11,58,True,10,Made playoffs
P1005,2009-s1,B,2009-s1-B-GB,B,6,3,2,10,57,True,15,Champion
P1196,2009-s1,B,2009-s1-B-GB,B,6,4,2,12,63,True,4,Made playoffs
P1302,2009-s1,B,2009-s1-B-GB,B,5,1,4,3,36,False,,Group stage
P1184,2009-s1,B,2009-s1-B-GB,B,6,2,3,7,45,True,23,Made playoffs
P0928,2009-s1,B,2009-s1-B-GB,B,4,2,2,6,35,False,,Group stage
P1060,2009-s1,B,2009-s1-B-GB,B,5,2,3,6,48,False,,Group stage
P1371,2009-s1,B,2009-s1-B-GC,C,6,4,1,13,72,True,2,Made playoffs
P1167,2009-s1,B,2009-s1-B-GC,C,6,4,1,13,60,True,8,Runner-up
P1096,2009-s1,B,2009-s1-B-GC,C,6,4,1,13,60,True,13,Made playoffs
P1362,2009-s1,B,2009-s1-B-GC,C,5,2,3,6,50,False,,Group stage
P1346,2009-s1,B,2009-s1-B-GC,C,4,1,2,4,45,False,,Group stage
P1219,2009-s1,B,2009-s1-B-GC,C,6,1,5,3,27,False,,Group stage
P1186,2009-s1,B,2009-s1-B-GC,C,5,1,4,3,32,False,,Group stage
P1298,2009-s1,B,2009-s1-B-GD,D,4,0,4,0,25,False,,Group stage
P1289,2009-s1,B,2009-s1-B-GD,D,6,6,0,18,75,True,1,Made playoffs
P1106,2009-s1,B,2009-s1-B-GD,D,5,2,3,6,52,False,,Group stage
P1190,2009-s1,B,2009-s1-B-GD,D,4,0,4,0,23,False,,Group stage
P1347,2009-s1,B,2009-s1-B-GD,D,6,5,1,15,62,True,7,Made playoffs
P1204,2009-s1,B,2009-s1-B-GD,D,5,3,2,9,62,True,18,Made playoffs
P1057,2009-s1,B,2009-s1-B-GD,D,2,0,2,0,10,False,,Group stage
P1287,2009-s1,B,2009-s1-B-GE,E,6,1,4,4,45,False,,Group stage
P1208,2009-s1,B,2009-s1-B-GE,E,6,0,6,0,30,False,,Group stage
P0344,2009-s1,B,2009-s1-B-GE,E,6,3,1,11,57,True,11,Made playoffs
P1032,2009-s1,B,2009-s1-B-GE,E,6,3,1,11,53,True,14,Made playoffs
P0907,2009-s1,B,2009-s1-B-GE,E,6,3,2,10,53,True,19,Made playoffs
P1127,2009-s1,B,2009-s1-B-GE,E,6,4,1,13,63,True,3,Made playoffs
P1185,2009-s1,B,2009-s1-B-GE,E,6,3,2,10,48,True,20,Made playoffs
P1351,2009-s1,B,2009-s1-B-GF,F,5,4,1,12,66,True,6,Made playoffs
P1230,2009-s1,B,2009-s1-B-GF,F,5,4,1,12,66,True,9,Made playoffs
P1278,2009-s1,B,2009-s1-B-GF,F,4,3,1,9,65,True,22,Made playoffs
P1331,2009-s1,B,2009-s1-B-GF,F,2,0,2,0,5,False,,Group stage
P0431,2009-s1,B,2009-s1-B-GF,F,6,3,3,9,53,True,17,Made playoffs
P1252,2009-s1,B,2009-s1-B-GF,F,4,0,4,0,38,False,,Group stage
P0718,2009-s1,B,2009-s1-B-GF,F,2,0,2,0,0,False,,Group stage
P0748,2009-s2,A,2009-s2-A-GA,A,6,3,2,10,55,True,8,Made playoffs
P1388,2009-s2,A,2009-s2-A-GA,A,3,2,1,6,57,False,,Group stage
P1258,2009-s2,A,2009-s2-A-GA,A,4,1,3,3,40,False,,Group stage
P1381,2009-s2,A,2009-s2-A-GA,A,6,2,4,6,50,True,16,Made playoffs
P1261,2009-s2,A,2009-s2-A-GA,A,2,1,1,3,45,False,,Group stage
P1074,2009-s2,A,2009-s2-A-GA,A,3,1,1,4,43,False,,Group stage
P0140,2009-s2,A,2009-s2-A-GA,A,2,2,0,6,60,False,,Group stage
P1176,2009-s2,A,2009-s2-A-GB,B,4,1,3,3,40,False,,Group stage
P0969,2009-s2,A,2009-s2-A-GB,B,4,1,3,3,30,False,,Group stage
P1223,2009-s2,A,2009-s2-A-GB,B,5,4,1,12,72,True,17,Made playoffs
P0984,2009-s2,A,2009-s2-A-GB,B,6,5,1,15,65,True,3,Made playoffs
P0962,2009-s2,A,2009-s2-A-GB,B,6,4,2,12,57,True,13,Made playoffs
P1127,2009-s2,A,2009-s2-A-GB,B,4,0,4,0,33,False,,Group stage
P0255,2009-s2,A,2009-s2-A-GB,B,5,2,3,6,40,False,,Group stage
P1380,2009-s2,A,2009-s2-A-GC,C,6,5,1,15,70,True,4,Made playoffs
P0558,2009-s2,A,2009-s2-A-GC,C,6,2,4,6,40,False,,Group stage
P0858,2009-s2,A,2009-s2-A-GC,C,5,4,1,12,66,True,18,Made playoffs
P0707,2009-s2,A,2009-s2-A-GC,C,6,5,1,15,70,True,10,Made playoffs
P1266,2009-s2,A,2009-s2-A-GC,C,6,3,3,9,62,True,24,Made playoffs
P1075,2009-s2,A,2009-s2-A-GC,C,6,1,5,3,13,False,,Group stage
P1358,2009-s2,A,2009-s2-A-GC,C,5,0,5,0,28,False,,Group stage
P1237,2009-s2,A,2009-s2-A-GD,D,5,1,4,3,28,False,,Group stage
P1312,2009-s2,A,2009-s2-A-GD,D,6,5,1,15,72,True,2,Runner-up
P1326,2009-s2,A,2009-s2-A-GD,D,6,2,3,7,48,True,26,Made playoffs
P0196,2009-s2,A,2009-s2-A-GD,D,6,3,1,11,58,True,11,Made playoffs
P1255,2009-s2,A,2009-s2-A-GD,D,5,3,2,9,48,False,,Group stage
P1063,2009-s2,A,2009-s2-A-GD,D,6,1,5,3,35,False,,Group stage
P1390,2009-s2,A,2009-s2-A-GD,D,6,3,2,10,57,True,19,Made playoffs
P1304,2009-s2,A,2009-s2-A-GE,E,5,3,1,10,60,True,6,Made playoffs
P1093,2009-s2,A,2009-s2-A-GE,E,6,3,2,10,45,True,15,Made playoffs
P1192,2009-s2,A,2009-s2-A-GE,E,5,2,2,7,56,False,,Group stage
P0950,2009-s2,A,2009-s2-A-GE,E,6,3,3,9,50,True,25,Made playoffs
P1172,2009-s2,A,2009-s2-A-GE,E,6,0,4,2,35,False,,Group stage
P1293,2009-s2,A,2009-s2-A-GE,E,6,4,1,13,60,True,20,Made playoffs
P1179,2009-s2,A,2009-s2-A-GE,E,6,0,2,4,47,False,,Group stage
P0366,2009-s2,A,2009-s2-A-GF,F,6,3,2,10,58,True,12,Made playoffs
P1206,2009-s2,A,2009-s2-A-GF,F,4,1,3,3,38,False,,Group stage
P1167,2009-s2,A,2009-s2-A-GF,F,4,0,4,0,15,False,,Group stage
P1340,2009-s2,A,2009-s2-A-GF,F,6,3,2,10,57,True,21,Made playoffs
P1354,2009-s2,A,2009-s2-A-GF,F,4,1,1,5,50,False,,Group stage
P1296,2009-s2,A,2009-s2-A-GF,F,6,4,2,12,63,True,5,Made playoffs
P1279,2009-s2,A,2009-s2-A-GF,F,6,4,2,12,53,False,,Group stage
P1376,2009-s2,A,2009-s2-A-GG,G,5,1,4,3,40,False,,Group stage
P1088,2009-s2,A,2009-s2-A-GG,G,6,4,2,12,53,True,14,Made playoffs
P1231,2009-s2,A,2009-s2-A-GG,G,5,3,2,9,58,True,27,Made playoffs
P1215,2009-s2,A,2009-s2-A-GG,G,6,1,5,3,27,False,,Group stage
P0764,2009-s2,A,2009-s2-A-GG,G,6,4,2,12,53,True,23,Made playoffs
P1318,2009-s2,A,2009-s2-A-GG,G,6,5,1,15,75,True,1,Made playoffs
P1289,2009-s2,A,2009-s2-A-GG,G,6,2,4,6,43,False,,Group stage
P1384,2009-s2,A,2009-s2-A-GH,H,6,1,3,5,48,False,,Group stage
P0512,2009-s2,A,2009-s2-A-GH,H,5,3,1,10,58,True,22,Made playoffs
P0951,2009-s2,A,2009-s2-A-GH,H,6,1,4,4,35,False,,Group stage
P1368,2009-s2,A,2009-s2-A-GH,H,5,4,1,12,66,True,9,Champion
P1232,2009-s2,A,2009-s2-A-GH,H,6,4,1,13,60,True,7,Made playoffs
P1199,2009-s2,A,2009-s2-A-GH,H,4,1,1,5,55,False,,Group stage
P1038,2009-s2,A,2009-s2-A-GH,H,4,0,3,1,25,False,,Group stage
P0772,2009-s2,B,2009-s2-B-GA,A,6,2,4,6,48,False,,Group stage
P1197,2009-s2,B,2009-s2-B-GA,A,6,4,1,13,52,True,5,Made playoffs
P1032,2009-s2,B,2009-s2-B-GA,A,6,2,4,6,35,False,,Group stage
P1147,2009-s2,B,2009-s2-B-GA,A,6,4,2,12,57,True,10,Made playoffs
P1355,2009-s2,B,2009-s2-B-GA,A,6,4,1,13,70,True,14,Made playoffs
P1204,2009-s2,B,2009-s2-B-GA,A,6,1,5,3,28,False,,Group stage
P1273,2009-s2,B,2009-s2-B-GA,A,6,3,3,9,60,True,20,Made playoffs
P1300,2009-s2,B,2009-s2-B-GB,B,6,6,0,18,78,True,1,Runner-up
P1305,2009-s2,B,2009-s2-B-GB,B,5,2,3,6,44,False,,Group stage
P0907,2009-s2,B,2009-s2-B-GB,B,4,2,2,6,38,False,,Group stage
P1224,2009-s2,B,2009-s2-B-GB,B,4,0,4,0,28,False,,Group stage
P1220,2009-s2,B,2009-s2-B-GB,B,6,1,5,3,42,False,,Group stage
P1229,2009-s2,B,2009-s2-B-GB,B,6,4,2,12,60,True,8,Made playoffs
P1346,2009-s2,B,2009-s2-B-GB,B,5,3,2,9,48,True,17,Made playoffs
P1247,2009-s2,B,2009-s2-B-GC,C,6,3,3,9,55,True,18,Made playoffs
P1322,2009-s2,B,2009-s2-B-GC,C,5,5,0,15,82,True,2,Champion
P1217,2009-s2,B,2009-s2-B-GC,C,5,3,1,10,62,True,19,Made playoffs
P1287,2009-s2,B,2009-s2-B-GC,C,6,4,1,13,60,True,12,Made playoffs
P0431,2009-s2,B,2009-s2-B-GC,C,6,2,3,7,52,False,,Group stage
P1333,2009-s2,B,2009-s2-B-GC,C,6,1,4,4,47,False,,Group stage
P1378,2009-s2,B,2009-s2-B-GC,C,6,0,6,0,0,False,,Group stage
P1295,2009-s2,B,2009-s2-B-GD,D,6,0,6,0,7,False,,Group stage
P1282,2009-s2,B,2009-s2-B-GD,D,6,4,2,12,57,True,15,Made playoffs
P1347,2009-s2,B,2009-s2-B-GD,D,6,4,2,12,63,True,11,Made playoffs
P0870,2009-s2,B,2009-s2-B-GD,D,6,5,0,16,65,True,4,Made playoffs
P1242,2009-s2,B,2009-s2-B-GD,D,6,2,2,8,57,False,,Group stage
P1320,2009-s2,B,2009-s2-B-GD,D,6,3,3,9,58,True,22,Made playoffs
P1364,2009-s2,B,2009-s2-B-GD,D,6,1,4,4,43,False,,Group stage
P1280,2009-s2,B,2009-s2-B-GE,E,6,0,6,0,30,False,,Group stage
P1372,2009-s2,B,2009-s2-B-GE,E,6,2,1,9,52,True,21,Made playoffs
P1344,2009-s2,B,2009-s2-B-GE,E,6,4,1,13,60,True,3,Made playoffs
P1310,2009-s2,B,2009-s2-B-GE,E,6,1,3,5,40,False,,Group stage
P1187,2009-s2,B,2009-s2-B-GE,E,6,3,1,11,70,True,13,Made playoffs
P1265,2009-s2,B,2009-s2-B-GE,E,6,3,0,12,62,True,7,Made playoffs
P1209,2009-s2,B,2009-s2-B-GE,E,6,2,3,7,37,False,,Group stage
P0820,2009-s2,B,2009-s2-B-GF,F,5,2,2,7,54,False,,Group stage
P0217,2009-s2,B,2009-s2-B-GF,F,4,3,1,9,60,True,9,Made playoffs
P1370,2009-s2,B,2009-s2-B-GF,F,5,0,4,1,22,False,,Group stage
P1288,2009-s2,B,2009-s2-B-GF,F,6,3,3,9,50,True,23,Made playoffs
P1373,2009-s2,B,2009-s2-B-GF,F,6,5,1,15,70,True,16,Made playoffs
P1306,2009-s2,B,2009-s2-B-GF,F,6,2,4,6,45,False,,Group stage
P1130,2009-s2,B,2009-s2-B-GF,F,6,3,3,9,48,True,6,Made playoffs
P1103,2009-s3,A,2009-s3-A-GA,A,5,4,1,12,58,True,15,Made playoffs
P0748,2009-s3,A,2009-s3-A-GA,A,6,3,3,9,53,True,17,Made playoffs
P1300,2009-s3,A,2009-s3-A-GA,A,5,3,2,9,56,False,,Group stage
P1096,2009-s3,A,2009-s3-A-GA,A,4,0,4,0,35,False,,Group stage
P0558,2009-s3,A,2009-s3-A-GA,A,6,2,4,6,40,False,,Group stage
P1095,2009-s3,A,2009-s3-A-GA,A,4,1,3,3,43,False,,Group stage
P1304,2009-s3,A,2009-s3-A-GA,A,4,4,0,12,65,True,4,Made playoffs
P1088,2009-s3,A,2009-s3-A-GB,B,6,2,4,6,35,False,,Group stage
P1289,2009-s3,A,2009-s3-A-GB,B,5,4,1,12,68,True,9,Made playoffs
P1243,2009-s3,A,2009-s3-A-GB,B,4,2,2,6,43,False,,Group stage
P0073,2009-s3,A,2009-s3-A-GB,B,6,4,2,12,57,True,8,Made playoffs
P0658,2009-s3,A,2009-s3-A-GB,B,6,4,2,12,65,True,18,Made playoffs
P0344,2009-s3,A,2009-s3-A-GB,B,5,1,4,3,38,False,,Group stage
P1176,2009-s3,A,2009-s3-A-GB,B,4,1,3,3,40,False,,Group stage
P1368,2009-s3,A,2009-s3-A-GC,C,6,5,0,16,72,True,1,Made playoffs
P1323,2009-s3,A,2009-s3-A-GC,C,4,2,2,6,45,False,,Group stage
P1345,2009-s3,A,2009-s3-A-GC,C,5,0,5,0,34,False,,Group stage
P1034,2009-s3,A,2009-s3-A-GC,C,5,3,2,9,64,True,19,Made playoffs
P1291,2009-s3,A,2009-s3-A-GC,C,5,1,4,3,26,False,,Group stage
P0029,2009-s3,A,2009-s3-A-GC,C,6,5,1,15,70,True,12,Made playoffs
P1373,2009-s3,A,2009-s3-A-GC,C,3,0,2,1,17,False,,Group stage
P0707,2009-s3,A,2009-s3-A-GD,D,6,5,1,15,67,True,11,Made playoffs
P0969,2009-s3,A,2009-s3-A-GD,D,6,5,1,15,63,True,6,Made playoffs
P0255,2009-s3,A,2009-s3-A-GD,D,4,1,2,4,48,False,,Group stage
P1381,2009-s3,A,2009-s3-A-GD,D,6,0,6,0,33,False,,Group stage
P1147,2009-s3,A,2009-s3-A-GD,D,5,2,3,6,36,False,,Group stage
P0273,2009-s3,A,2009-s3-A-GD,D,5,2,3,6,56,False,,Group stage
P1234,2009-s3,A,2009-s3-A-GD,D,6,3,2,10,45,True,20,Made playoffs
P1297,2009-s3,A,2009-s3-A-GE,E,4,2,1,7,53,False,,Group stage
P1172,2009-s3,A,2009-s3-A-GE,E,6,5,0,16,62,True,7,Made playoffs
P1197,2009-s3,A,2009-s3-A-GE,E,4,0,4,0,28,False,,Group stage
P1287,2009-s3,A,2009-s3-A-GE,E,3,0,3,0,37,False,,Group stage
P1343,2009-s3,A,2009-s3-A-GE,E,6,3,3,9,60,True,21,Made playoffs
P1256,2009-s3,A,2009-s3-A-GE,E,4,1,3,3,35,False,,Group stage
P1380,2009-s3,A,2009-s3-A-GE,E,5,4,1,12,60,True,14,Made playoffs
P1193,2009-s3,A,2009-s3-A-GF,F,6,5,0,16,72,True,2,Champion
P1227,2009-s3,A,2009-s3-A-GF,F,6,5,1,15,62,True,13,Runner-up
P1245,2009-s3,A,2009-s3-A-GF,F,5,1,4,3,30,False,,Group stage
P0951,2009-s3,A,2009-s3-A-GF,F,6,3,2,10,67,True,26,Made playoffs
P1390,2009-s3,A,2009-s3-A-GF,F,6,0,6,0,28,False,,Group stage
P0363,2009-s3,A,2009-s3-A-GF,F,5,2,3,6,40,False,,Group stage
P1327,2009-s3,A,2009-s3-A-GF,F,6,3,3,9,47,True,22,Made playoffs
P0757,2009-s3,A,2009-s3-A-GG,G,6,3,2,10,60,True,23,Made playoffs
P0140,2009-s3,A,2009-s3-A-GG,G,6,5,0,16,73,True,3,Made playoffs
P0024,2009-s3,A,2009-s3-A-GG,G,6,2,4,6,45,False,,Group stage
P1316,2009-s3,A,2009-s3-A-GG,G,5,3,2,9,56,False,,Group stage
P1358,2009-s3,A,2009-s3-A-GG,G,5,1,4,3,42,False,,Group stage
P1182,2009-s3,A,2009-s3-A-GG,G,6,0,6,0,0,False,,Group stage
P0962,2009-s3,A,2009-s3-A-GG,G,6,5,1,15,73,True,10,Made playoffs
P0078,2009-s3,A,2009-s3-A-GH,H,6,3,1,11,57,True,24,Made playoffs
P0847,2009-s3,A,2009-s3-A-GH,H,6,5,0,16,72,True,16,Made playoffs
P1040,2009-s3,A,2009-s3-A-GH,H,5,1,4,3,46,False,,Group stage
P1075,2009-s3,A,2009-s3-A-GH,H,6,5,1,15,70,True,5,Made playoffs
P0858,2009-s3,A,2009-s3-A-GH,H,6,0,6,0,0,False,,Group stage
P1202,2009-s3,A,2009-s3-A-GH,H,5,1,4,3,38,False,,Group stage
P0617,2009-s3,A,2009-s3-A-GH,H,6,3,2,10,65,True,25,Made playoffs
P1311,2009-s3,B,2009-s3-B-GA,A,4,1,3,3,30,False,,Group stage
P1179,2009-s3,B,2009-s3-B-GA,A,5,2,1,8,58,True,13,Made playoffs
P1210,2009-s3,B,2009-s3-B-GA,A,6,0,6,0,22,False,,Group stage
P1224,2009-s3,B,2009-s3-B-GA,A,6,4,2,12,60,True,6,Made playoffs
P1385,2009-s3,B,2009-s3-B-GA,A,4,2,2,6,48,False,,Group stage
P1268,2009-s3,B,2009-s3-B-GA,A,5,2,2,7,60,False,,Group stage
P1332,2009-s3,B,2009-s3-B-GA,A,6,5,0,16,68,True,2,Made playoffs
P1282,2009-s3,B,2009-s3-B-GB,B,6,3,2,10,43,True,9,Made playoffs
P1216,2009-s3,B,2009-s3-B-GB,B,5,2,1,8,66,True,16,Made playoffs
P1265,2009-s3,B,2009-s3-B-GB,B,4,0,4,0,15,False,,Group stage
P1346,2009-s3,B,2009-s3-B-GB,B,5,2,3,6,38,False,,Group stage
P1260,2009-s3,B,2009-s3-B-GB,B,4,1,3,3,30,False,,Group stage
P1355,2009-s3,B,2009-s3-B-GB,B,5,3,0,11,78,True,5,Made playoffs
P1225,2009-s3,B,2009-s3-B-GB,B,5,3,1,10,70,True,11,Champion
P1340,2009-s3,B,2009-s3-B-GC,C,6,6,0,18,80,True,1,Runner-up
P1221,2009-s3,B,2009-s3-B-GC,C,3,1,2,3,37,False,,Group stage
P1387,2009-s3,B,2009-s3-B-GC,C,5,1,4,3,30,False,,Group stage
P1106,2009-s3,B,2009-s3-B-GC,C,3,2,1,6,67,True,10,Made playoffs
P1269,2009-s3,B,2009-s3-B-GC,C,4,2,2,6,50,True,15,Made playoffs
P1341,2009-s3,B,2009-s3-B-GC,C,2,0,2,0,25,False,,Group stage
P1329,2009-s3,B,2009-s3-B-GC,C,1,0,1,0,10,False,,Group stage
P0820,2009-s3,B,2009-s3-B-GD,D,5,4,0,13,70,True,4,Made playoffs
P1187,2009-s3,B,2009-s3-B-GD,D,5,2,2,7,52,True,14,Made playoffs
P0431,2009-s3,B,2009-s3-B-GD,D,6,3,2,10,50,True,8,Made playoffs
P0217,2009-s3,B,2009-s3-B-GD,D,3,1,2,3,47,False,,Group stage
P1315,2009-s3,B,2009-s3-B-GD,D,3,1,2,3,23,False,,Group stage
P0976,2009-s3,B,2009-s3-B-GD,D,4,0,4,0,25,False,,Group stage
P1371,2009-s3,B,2009-s3-B-GD,D,6,3,2,10,63,True,19,Made playoffs
P1353,2009-s3,B,2009-s3-B-GE,E,6,5,1,15,67,True,3,Made playoffs
P1120,2009-s3,B,2009-s3-B-GE,E,3,1,2,3,40,False,,Group stage
P1057,2009-s3,B,2009-s3-B-GE,E,6,2,3,7,45,False,,Group stage
P1365,2009-s3,B,2009-s3-B-GE,E,4,0,4,0,33,False,,Group stage
P1130,2009-s3,B,2009-s3-B-GE,E,3,0,2,1,17,False,,Group stage
P1167,2009-s3,B,2009-s3-B-GE,E,4,4,0,12,68,True,7,Made playoffs
P0772,2009-s3,B,2009-s3-B-GE,E,6,3,3,9,60,True,12,Made playoffs
P1168,2009-s3,B,2009-s3-B-GF,F,0,0,0,0,,False,,Group stage
P0051,2009-s4,A,2009-s4-A-GA,A,3,0,3,0,33,False,,Group stage
P1369,2009-s4,A,2009-s4-A-GA,A,6,6,0,18,72,True,3,Runner-up
P1353,2009-s4,A,2009-s4-A-GA,A,6,3,3,9,55,True,14,Made playoffs
P1223,2009-s4,A,2009-s4-A-GA,A,4,2,2,6,48,False,,Group stage
P1352,2009-s4,A,2009-s4-A-GA,A,4,0,4,0,13,False,,Group stage
P1063,2009-s4,A,2009-s4-A-GA,A,6,3,3,9,45,True,21,Made playoffs
P0984,2009-s4,A,2009-s4-A-GA,A,5,3,2,9,66,True,26,Made playoffs
P1327,2009-s4,A,2009-s4-A-GB,B,6,3,3,9,45,True,22,Made playoffs
P0711,2009-s4,A,2009-s4-A-GB,B,6,5,1,15,63,True,9,Made playoffs
P1348,2009-s4,A,2009-s4-A-GB,B,5,0,5,0,40,False,,Group stage
P1224,2009-s4,A,2009-s4-A-GB,B,5,2,3,6,48,False,,Group stage
P0658,2009-s4,A,2009-s4-A-GB,B,6,6,0,18,63,True,4,Made playoffs
P1054,2009-s4,A,2009-s4-A-GB,B,6,2,4,6,47,False,,Group stage
P1088,2009-s4,A,2009-s4-A-GB,B,6,2,4,6,42,False,,Group stage
P1380,2009-s4,A,2009-s4-A-GC,C,6,3,3,9,60,True,19,Made playoffs
P0951,2009-s4,A,2009-s4-A-GC,C,6,6,0,18,77,True,1,Made playoffs
P1301,2009-s4,A,2009-s4-A-GC,C,6,3,2,10,48,True,12,Made playoffs
P1167,2009-s4,A,2009-s4-A-GC,C,4,2,2,6,35,False,,Group stage
P0297,2009-s4,A,2009-s4-A-GC,C,4,1,3,3,25,False,,Group stage
P0073,2009-s4,A,2009-s4-A-GC,C,6,2,4,6,52,False,,Group stage
P1179,2009-s4,A,2009-s4-A-GC,C,4,0,3,1,35,False,,Group stage
P1085,2009-s4,A,2009-s4-A-GD,D,4,2,2,6,50,False,,Group stage
P1261,2009-s4,A,2009-s4-A-GD,D,5,4,1,12,60,True,11,Made playoffs
P1034,2009-s4,A,2009-s4-A-GD,D,3,0,3,0,20,False,,Group stage
P1272,2009-s4,A,2009-s4-A-GD,D,6,3,3,9,48,True,20,Made playoffs
P1183,2009-s4,A,2009-s4-A-GD,D,4,0,4,0,35,False,,Group stage
P0697,2009-s4,A,2009-s4-A-GD,D,6,6,0,18,75,True,2,Made playoffs
P1074,2009-s4,A,2009-s4-A-GD,D,2,0,2,0,30,False,,Group stage
P1176,2009-s4,A,2009-s4-A-GE,E,4,0,4,0,25,False,,Group stage
P1257,2009-s4,A,2009-s4-A-GE,E,6,3,3,9,52,False,,Group stage
P1339,2009-s4,A,2009-s4-A-GE,E,5,3,2,9,54,True,16,Made playoffs
P1207,2009-s4,A,2009-s4-A-GE,E,3,1,2,3,37,False,,Group stage
P1198,2009-s4,A,2009-s4-A-GE,E,6,4,2,12,53,True,6,Made playoffs
P0296,2009-s4,A,2009-s4-A-GE,E,5,3,2,9,54,True,23,Made playoffs
P1390,2009-s4,A,2009-s4-A-GE,E,5,3,2,9,64,False,,Group stage
P1268,2009-s4,A,2009-s4-A-GF,F,6,4,2,12,65,True,5,Made playoffs
P0140,2009-s4,A,2009-s4-A-GF,F,5,4,1,12,56,True,17,Made playoffs
P1354,2009-s4,A,2009-s4-A-GF,F,2,0,2,0,40,False,,Group stage
P1172,2009-s4,A,2009-s4-A-GF,F,4,4,0,12,75,True,10,Made playoffs
P0024,2009-s4,A,2009-s4-A-GF,F,5,0,4,1,34,False,,Group stage
P1366,2009-s4,A,2009-s4-A-GF,F,6,2,3,7,33,False,,Group stage
P1274,2009-s4,A,2009-s4-A-GF,F,4,1,3,3,45,False,,Group stage
P1193,2009-s4,A,2009-s4-A-GG,G,4,2,0,8,65,True,24,Made playoffs
P1158,2009-s4,A,2009-s4-A-GG,G,4,0,3,1,33,False,,Group stage
P1243,2009-s4,A,2009-s4-A-GG,G,4,0,3,1,43,False,,Group stage
P1235,2009-s4,A,2009-s4-A-GG,G,3,2,1,6,50,False,,Group stage
P1343,2009-s4,A,2009-s4-A-GG,G,2,1,1,3,50,False,,Group stage
P1336,2009-s4,A,2009-s4-A-GG,G,6,3,3,9,52,True,15,Made playoffs
P1213,2009-s4,A,2009-s4-A-GG,G,5,4,1,12,56,True,8,Made playoffs
P1340,2009-s4,A,2009-s4-A-GH,H,6,2,3,7,48,False,,Group stage
P1300,2009-s4,A,2009-s4-A-GH,H,6,3,2,10,57,True,18,Made playoffs
P1281,2009-s4,A,2009-s4-A-GH,H,6,4,2,12,53,True,7,Made playoffs
P1381,2009-s4,A,2009-s4-A-GH,H,6,2,3,7,42,False,,Group stage
P1197,2009-s4,A,2009-s4-A-GH,H,6,2,4,6,38,False,,Group stage
P1334,2009-s4,A,2009-s4-A-GH,H,6,3,3,9,55,True,25,Champion
P1289,2009-s4,A,2009-s4-A-GH,H,6,3,2,10,57,True,13,Made playoffs
P1181,2009-s4,B,2009-s4-B-GA,A,5,2,3,6,46,True,15,Made playoffs
P1211,2009-s4,B,2009-s4-B-GA,A,5,2,3,6,44,True,17,Made playoffs
P1276,2009-s4,B,2009-s4-B-GA,A,5,4,1,12,52,True,8,Made playoffs
P1319,2009-s4,B,2009-s4-B-GA,A,5,2,3,6,48,True,13,Made playoffs
P1019,2009-s4,B,2009-s4-B-GA,A,3,0,3,0,27,False,,Group stage
P1371,2009-s4,B,2009-s4-B-GA,A,6,6,0,18,80,True,1,Made playoffs
P1387,2009-s4,B,2009-s4-B-GA,A,5,1,4,3,38,False,,Group stage
P1214,2009-s4,B,2009-s4-B-GB,B,6,3,3,9,60,True,10,Made playoffs
P1379,2009-s4,B,2009-s4-B-GB,B,5,1,4,3,28,False,,Group stage
P1314,2009-s4,B,2009-s4-B-GB,B,5,3,2,9,52,True,16,Champion
P0344,2009-s4,B,2009-s4-B-GB,B,6,5,1,15,73,True,3,Made playoffs
P1328,2009-s4,B,2009-s4-B-GB,B,6,5,1,15,60,True,6,Made playoffs
P1299,2009-s4,B,2009-s4-B-GB,B,4,1,3,3,38,False,,Group stage
P1201,2009-s4,B,2009-s4-B-GB,B,6,1,5,3,32,False,,Group stage
P1200,2009-s4,B,2009-s4-B-GC,C,5,3,2,9,56,True,11,Made playoffs
P1188,2009-s4,B,2009-s4-B-GC,C,6,5,0,16,70,True,2,Made playoffs
P1386,2009-s4,B,2009-s4-B-GC,C,4,2,2,6,58,False,,Group stage
P0431,2009-s4,B,2009-s4-B-GC,C,5,1,4,3,32,False,,Group stage
P0327,2009-s4,B,2009-s4-B-GC,C,6,4,0,14,67,True,7,Runner-up
P1191,2009-s4,B,2009-s4-B-GC,C,5,0,5,0,22,False,,Group stage
P1222,2009-s4,B,2009-s4-B-GC,C,5,1,3,4,40,False,,Group stage
P0447,2009-s4,B,2009-s4-B-GD,D,0,0,0,0,,False,,Group stage
P1346,2009-s4,B,2009-s4-B-GD,D,1,0,1,0,30,False,,Group stage
P1311,2009-s4,B,2009-s4-B-GD,D,2,0,2,0,35,False,,Group stage
P1253,2009-s4,B,2009-s4-B-GD,D,1,0,1,0,30,False,,Group stage
P1307,2009-s4,B,2009-s4-B-GD,D,1,0,1,0,10,False,,Group stage
P0772,2009-s4,B,2009-s4-B-GD,D,5,5,0,15,72,True,4,Made playoffs
P1106,2009-s4,B,2009-s4-B-GD,D,2,1,1,3,50,False,,Group stage
P1218,2009-s4,B,2009-s4-B-GE,E,6,1,4,4,47,False,,Group stage
P1374,2009-s4,B,2009-s4-B-GE,E,5,2,1,8,56,True,12,Made playoffs
P1234,2009-s4,B,2009-s4-B-GE,E,6,4,0,14,62,True,5,Made playoffs
P1308,2009-s4,B,2009-s4-B-GE,E,5,0,5,0,26,False,,Group stage
P1285,2009-s4,B,2009-s4-B-GE,E,6,3,2,10,48,True,9,Made playoffs
P1264,2009-s4,B,2009-s4-B-GE,E,5,2,1,8,54,True,14,Made playoffs
P1187,2009-s4,B,2009-s4-B-GE,E,3,1,0,5,60,False,,Group stage
P1168,2009-s5,B,2009-s5-B-GF,F,0,0,0,0,,False,,Group stage
P0196,2009-s6,A,2009-s6-A-GA,A,6,1,4,4,45,False,,Group stage
P1030,2009-s6,A,2009-s6-A-GA,A,6,3,1,11,55,True,18,Made playoffs
P1300,2009-s6,A,2009-s6-A-GA,A,6,3,3,9,53,True,26,Made playoffs
P1375,2009-s6,A,2009-s6-A-GA,A,6,1,2,6,43,False,,Group stage
P0029,2009-s6,A,2009-s6-A-GA,A,6,4,1,13,60,True,7,Made playoffs
P0073,2009-s6,A,2009-s6-A-GA,A,6,4,1,13,53,True,9,Runner-up
P1053,2009-s6,A,2009-s6-A-GA,A,6,1,5,3,40,False,,Group stage
P1215,2009-s6,A,2009-s6-A-GB,B,6,4,2,12,48,True,12,Made playoffs
P0565,2009-s6,A,2009-s6-A-GB,B,4,1,3,3,23,False,,Group stage
P1226,2009-s6,A,2009-s6-A-GB,B,6,5,0,16,87,True,8,Made playoffs
P0772,2009-s6,A,2009-s6-A-GB,B,6,3,3,9,57,True,19,Made playoffs
P0921,2009-s6,A,2009-s6-A-GB,B,4,2,1,7,68,False,,Group stage
P1054,2009-s6,A,2009-s6-A-GB,B,3,0,3,0,13,False,,Group stage
P1391,2009-s6,A,2009-s6-A-GB,B,3,0,3,0,17,False,,Group stage
P1238,2009-s6,A,2009-s6-A-GC,C,5,2,3,6,40,False,,Group stage
P1267,2009-s6,A,2009-s6-A-GC,C,6,1,5,3,40,False,,Group stage
P0585,2009-s6,A,2009-s6-A-GC,C,4,2,2,6,55,False,,Group stage
P0024,2009-s6,A,2009-s6-A-GC,C,5,2,3,6,40,False,,Group stage
P0962,2009-s6,A,2009-s6-A-GC,C,6,4,2,12,53,True,11,Made playoffs
P1382,2009-s6,A,2009-s6-A-GC,C,6,3,2,10,53,True,17,Made playoffs
P0140,2009-s6,A,2009-s6-A-GC,C,6,4,1,13,67,True,6,Champion
P0951,2009-s6,A,2009-s6-A-GD,D,6,6,0,18,78,True,1,Made playoffs
P1283,2009-s6,A,2009-s6-A-GD,D,6,3,3,9,50,True,24,Made playoffs
P1158,2009-s6,A,2009-s6-A-GD,D,5,1,4,3,22,False,,Group stage
P1311,2009-s6,A,2009-s6-A-GD,D,5,0,4,1,22,False,,Group stage
P1334,2009-s6,A,2009-s6-A-GD,D,6,4,1,13,72,True,10,Made playoffs
P1096,2009-s6,A,2009-s6-A-GD,D,6,3,2,10,53,True,20,Made playoffs
P1381,2009-s6,A,2009-s6-A-GD,D,6,1,4,4,43,False,,Group stage
P1075,2009-s6,A,2009-s6-A-GF,F,5,4,1,12,72,True,13,Made playoffs
P1251,2009-s6,A,2009-s6-A-GF,F,5,5,0,15,66,True,5,Made playoffs
P1180,2009-s6,A,2009-s6-A-GF,F,2,2,0,6,75,False,,Group stage
P0969,2009-s6,A,2009-s6-A-GF,F,4,2,2,6,50,False,,Group stage
P1377,2009-s6,A,2009-s6-A-GF,F,6,1,5,3,32,False,,Group stage
P0948,2009-s6,A,2009-s6-A-GF,F,5,2,3,6,44,True,22,Made playoffs
P1212,2009-s6,A,2009-s6-A-GF,F,5,0,5,0,30,False,,Group stage
P1325,2009-s6,A,2009-s6-A-GG,G,6,0,4,2,23,False,,Group stage
P0051,2009-s6,A,2009-s6-A-GG,G,5,2,3,6,40,False,,Group stage
P1390,2009-s6,A,2009-s6-A-GG,G,5,0,3,2,42,False,,Group stage
P0753,2009-s6,A,2009-s6-A-GG,G,3,0,2,1,20,False,,Group stage
P0658,2009-s6,A,2009-s6-A-GG,G,6,5,1,15,78,True,15,Made playoffs
P1088,2009-s6,A,2009-s6-A-GG,G,6,5,0,16,70,True,3,Made playoffs
P1063,2009-s6,A,2009-s6-A-GG,G,5,3,2,9,60,True,25,Made playoffs
P0662,2009-s6,A,2009-s6-A-GH,H,2,1,1,3,35,False,,Group stage
P1263,2009-s6,A,2009-s6-A-GH,H,3,0,3,0,13,False,,Group stage
P0984,2009-s6,A,2009-s6-A-GH,H,5,4,1,12,50,True,4,Made playoffs
P1380,2009-s6,A,2009-s6-A-GH,H,5,3,2,9,62,True,16,Made playoffs
P0273,2009-s6,A,2009-s6-A-GH,H,3,1,2,3,40,False,,Group stage
P1233,2009-s6,A,2009-s6-A-GH,H,4,2,2,6,50,False,,Group stage
P1348,2009-s6,A,2009-s6-A-GH,H,6,3,3,9,68,True,23,Made playoffs
P1032,2009-s6,B,2009-s6-B-GA,A,5,1,4,3,36,False,,Group stage
P1097,2009-s6,B,2009-s6-B-GA,A,6,4,2,12,58,True,7,Made playoffs
P1203,2009-s6,B,2009-s6-B-GA,A,6,1,4,4,37,False,,Group stage
P1277,2009-s6,B,2009-s6-B-GA,A,6,5,1,15,65,True,3,Made playoffs
P1200,2009-s6,B,2009-s6-B-GA,A,6,3,2,10,55,True,17,Made playoffs
P1264,2009-s6,B,2009-s6-B-GA,A,6,3,1,11,55,True,13,Made playoffs
P0447,2009-s6,B,2009-s6-B-GA,A,5,1,4,3,40,False,,Group stage
P1387,2009-s6,B,2009-s6-B-GB,B,5,0,5,0,14,False,,Group stage
P1254,2009-s6,B,2009-s6-B-GB,B,5,1,4,3,30,False,,Group stage
P1246,2009-s6,B,2009-s6-B-GB,B,6,5,1,15,70,True,4,Made playoffs
P1314,2009-s6,B,2009-s6-B-GB,B,4,2,2,6,43,False,,Group stage
P1328,2009-s6,B,2009-s6-B-GB,B,6,2,3,7,57,False,,Group stage
P0296,2009-s6,B,2009-s6-B-GB,B,6,4,1,13,58,True,6,Runner-up
P1286,2009-s6,B,2009-s6-B-GB,B,6,3,1,11,67,True,12,Champion
P1218,2009-s6,B,2009-s6-B-GC,C,6,0,6,0,23,False,,Group stage
P0217,2009-s6,B,2009-s6-B-GC,C,6,3,3,9,57,True,14,Made playoffs
P1239,2009-s6,B,2009-s6-B-GC,C,6,5,1,15,70,True,2,Made playoffs
P1309,2009-s6,B,2009-s6-B-GC,C,5,3,2,9,60,False,,Group stage
P1342,2009-s6,B,2009-s6-B-GC,C,6,3,3,9,48,True,18,Made playoffs
P1262,2009-s6,B,2009-s6-B-GC,C,6,4,2,12,48,True,8,Made playoffs
P1371,2009-s6,B,2009-s6-B-GC,C,5,2,3,6,44,False,,Group stage
P0359,2009-s6,B,2009-s6-B-GD,D,5,0,5,0,26,False,,Group stage
P1106,2009-s6,B,2009-s6-B-GD,D,6,4,0,14,77,True,11,Made playoffs
P1199,2009-s6,B,2009-s6-B-GD,D,6,4,2,12,58,True,9,Made playoffs
P0841,2009-s6,B,2009-s6-B-GD,D,4,0,3,1,30,False,,Group stage
P1313,2009-s6,B,2009-s6-B-GD,D,5,1,4,3,32,False,,Group stage
P1321,2009-s6,B,2009-s6-B-GD,D,6,4,1,13,58,True,5,Made playoffs
P1228,2009-s6,B,2009-s6-B-GD,D,6,3,1,11,55,True,16,Made playoffs
P1250,2009-s6,B,2009-s6-B-GE,E,5,3,2,9,64,True,10,Made playoffs
P1248,2009-s6,B,2009-s6-B-GE,E,5,2,3,6,46,False,,Group stage
P1095,2009-s6,B,2009-s6-B-GE,E,4,2,2,6,55,False,,Group stage
P1363,2009-s6,B,2009-s6-B-GE,E,5,2,3,6,54,True,15,Made playoffs
P0248,2009-s6,B,2009-s6-B-GE,E,6,6,0,18,77,True,1,Made playoffs
P1356,2009-s6,B,2009-s6-B-GE,E,3,2,1,6,60,False,,Group stage
P1367,2009-s6,B,2009-s6-B-GE,E,6,0,6,0,3,False,,Group stage
P1168,2009-s6,B,2009-s6-B-GF,F,0,0,0,0,,False,,Group stage
P1388,2010-s1,A,2010-s1-A-GA,A,1,0,1,0,40,False,,Group stage
P0658,2010-s1,A,2010-s1-A-GA,A,5,4,1,12,58,True,17,Made playoffs
P1057,2010-s1,A,2010-s1-A-GA,A,1,0,1,0,40,False,,Group stage
P1545,2010-s1,A,2010-s1-A-GA,A,3,2,1,6,43,True,4,Made playoffs
P1262,2010-s1,A,2010-s1-A-GA,A,3,0,3,0,30,False,,Group stage
P1340,2010-s1,A,2010-s1-A-GA,A,5,4,1,12,68,True,2,Made playoffs
P1074,2010-s1,A,2010-s1-A-GA,A,2,0,2,0,35,False,,Group stage
P1054,2010-s1,A,2010-s1-A-GB,B,6,1,4,4,42,False,,Group stage
P1286,2010-s1,A,2010-s1-A-GB,B,2,1,1,3,50,False,,Group stage
P1425,2010-s1,A,2010-s1-A-GB,B,6,3,3,9,53,True,23,Made playoffs
P0754,2010-s1,A,2010-s1-A-GB,B,3,1,2,3,43,False,,Group stage
P1233,2010-s1,A,2010-s1-A-GB,B,3,1,1,4,43,True,6,Made playoffs
P0140,2010-s1,A,2010-s1-A-GB,B,5,4,1,12,64,True,15,Made playoffs
P1496,2010-s1,A,2010-s1-A-GB,B,3,2,1,6,50,True,29,Made playoffs
P1405,2010-s1,A,2010-s1-A-GC,C,2,0,2,0,40,False,,Group stage
P0024,2010-s1,A,2010-s1-A-GC,C,3,1,1,4,47,False,,Group stage
P1429,2010-s1,A,2010-s1-A-GC,C,5,1,3,4,38,True,22,Made playoffs
P0029,2010-s1,A,2010-s1-A-GC,C,4,2,1,7,63,True,5,Made playoffs
P1215,2010-s1,A,2010-s1-A-GC,C,6,4,1,13,58,True,10,Made playoffs
P1481,2010-s1,A,2010-s1-A-GC,C,3,2,1,6,53,False,,Group stage
P1289,2010-s1,A,2010-s1-A-GC,C,1,0,1,0,30,False,,Group stage
P1278,2010-s1,A,2010-s1-A-GD,D,2,0,2,0,0,False,,Group stage
P1554,2010-s1,A,2010-s1-A-GD,D,3,0,3,0,23,True,28,Made playoffs
P1450,2010-s1,A,2010-s1-A-GD,D,4,3,1,9,63,True,25,Made playoffs
P1051,2010-s1,A,2010-s1-A-GD,D,1,0,1,0,40,False,,Group stage
P0294,2010-s1,A,2010-s1-A-GD,D,4,1,2,4,50,False,,Group stage
P1249,2010-s1,A,2010-s1-A-GD,D,5,4,1,12,74,True,18,Made playoffs
P1075,2010-s1,A,2010-s1-A-GD,D,3,2,0,7,57,True,9,Made playoffs
P1381,2010-s1,A,2010-s1-A-GE,E,6,1,5,3,30,False,,Group stage
P1426,2010-s1,A,2010-s1-A-GE,E,4,3,1,9,60,True,8,Made playoffs
P1539,2010-s1,A,2010-s1-A-GE,E,3,2,1,6,57,False,,Group stage
P1514,2010-s1,A,2010-s1-A-GE,E,4,3,1,9,63,True,7,Made playoffs
P1453,2010-s1,A,2010-s1-A-GE,E,3,1,2,3,47,False,,Group stage
P1063,2010-s1,A,2010-s1-A-GE,E,6,4,2,12,58,True,13,Made playoffs
P1096,2010-s1,A,2010-s1-A-GE,E,4,1,3,3,43,True,27,Made playoffs
P1513,2010-s1,A,2010-s1-A-GF,F,4,1,3,3,35,False,,Group stage
P1097,2010-s1,A,2010-s1-A-GF,F,5,1,4,3,40,False,,Group stage
P1441,2010-s1,A,2010-s1-A-GF,F,5,4,0,13,68,True,11,Runner-up
P0617,2010-s1,A,2010-s1-A-GF,F,2,1,1,3,50,False,,Group stage
P0672,2010-s1,A,2010-s1-A-GF,F,4,4,0,12,78,True,1,Champion
P1380,2010-s1,A,2010-s1-A-GF,F,6,3,2,10,62,True,19,Made playoffs
P1512,2010-s1,A,2010-s1-A-GF,F,4,0,4,0,10,False,,Group stage
P1088,2010-s1,A,2010-s1-A-GG,G,4,1,2,4,48,True,20,Made playoffs
P1530,2010-s1,A,2010-s1-A-GG,G,6,4,2,12,58,True,12,Made playoffs
P0196,2010-s1,A,2010-s1-A-GG,G,4,1,2,4,48,False,,Group stage
P1491,2010-s1,A,2010-s1-A-GG,G,3,1,2,3,50,True,30,Made playoffs
P1508,2010-s1,A,2010-s1-A-GG,G,4,2,2,6,48,False,,Group stage
P1521,2010-s1,A,2010-s1-A-GG,G,6,5,1,15,57,True,3,Made playoffs
P1524,2010-s1,A,2010-s1-A-GG,G,5,1,4,3,38,False,,Group stage
P1334,2010-s1,A,2010-s1-A-GH,H,5,2,1,8,52,True,16,Made playoffs
P0853,2010-s1,A,2010-s1-A-GH,H,4,2,1,7,58,True,21,Made playoffs
P0951,2010-s1,A,2010-s1-A-GH,H,3,0,3,0,40,False,,Group stage
P1300,2010-s1,A,2010-s1-A-GH,H,6,3,2,10,50,True,26,Made playoffs
P0969,2010-s1,A,2010-s1-A-GH,H,4,2,2,6,48,True,24,Made playoffs
P0245,2010-s1,A,2010-s1-A-GH,H,1,0,1,0,40,False,,Group stage
P0368,2010-s1,A,2010-s1-A-GH,H,5,3,2,9,52,False,,Group stage
P1422,2010-s1,B,2010-s1-B-GA,A,2,0,2,0,35,True,15,Made playoffs
P1486,2010-s1,B,2010-s1-B-GA,A,2,0,2,0,30,False,,Group stage
P1427,2010-s1,B,2010-s1-B-GA,A,1,0,1,0,40,False,,Group stage
P1328,2010-s1,B,2010-s1-B-GA,A,4,4,0,12,65,True,1,Made playoffs
P1522,2010-s1,B,2010-s1-B-GA,A,0,0,0,0,,False,,Group stage
P1479,2010-s1,B,2010-s1-B-GA,A,1,1,0,3,70,False,,Group stage
P0344,2010-s1,B,2010-s1-B-GA,A,2,1,1,3,50,True,12,Made playoffs
P1295,2010-s1,B,2010-s1-B-GB,B,0,0,0,0,,False,,Group stage
P1561,2010-s1,B,2010-s1-B-GB,B,1,1,0,3,80,False,,Group stage
P0217,2010-s1,B,2010-s1-B-GB,B,2,0,2,0,30,True,17,Made playoffs
P1199,2010-s1,B,2010-s1-B-GB,B,2,0,2,0,40,True,8,Made playoffs
P0841,2010-s1,B,2010-s1-B-GB,B,1,1,0,3,60,True,11,Made playoffs
P0205,2010-s1,B,2010-s1-B-GB,B,2,1,0,4,55,True,16,Made playoffs
P1420,2010-s1,B,2010-s1-B-GB,B,2,1,0,4,55,True,2,Made playoffs
P1182,2010-s1,B,2010-s1-B-GC,C,3,2,1,6,53,True,4,Champion
P1525,2010-s1,B,2010-s1-B-GC,C,3,1,2,3,40,True,7,Runner-up
P1218,2010-s1,B,2010-s1-B-GC,C,4,2,2,6,53,True,6,Made playoffs
P1448,2010-s1,B,2010-s1-B-GC,C,0,0,0,0,,False,,Group stage
P0064,2010-s1,B,2010-s1-B-GC,C,3,2,1,6,60,True,3,Made playoffs
P1201,2010-s1,B,2010-s1-B-GC,C,1,0,1,0,30,False,,Group stage
P1493,2010-s1,B,2010-s1-B-GC,C,0,0,0,0,,False,,Group stage
P1416,2010-s1,B,2010-s1-B-GD,D,5,2,2,7,54,True,13,Made playoffs
P1264,2010-s1,B,2010-s1-B-GD,D,5,2,2,7,52,True,14,Made playoffs
P1506,2010-s1,B,2010-s1-B-GD,D,6,4,2,12,65,True,9,Made playoffs
P1469,2010-s1,B,2010-s1-B-GD,D,6,0,6,0,0,False,,Group stage
P1392,2010-s1,B,2010-s1-B-GD,D,6,3,1,11,62,True,10,Made playoffs
P1313,2010-s1,B,2010-s1-B-GD,D,5,2,3,6,54,True,18,Made playoffs
P1414,2010-s1,B,2010-s1-B-GD,D,5,3,0,11,68,True,5,Made playoffs
P1168,2010-s1,B,2010-s1-B-GE,E,0,0,0,0,,False,,Group stage
P1334,2010-s2,A,2010-s2-A-GA,A,6,6,0,18,70,True,1,Runner-up
P1425,2010-s2,A,2010-s2-A-GA,A,6,4,2,12,65,True,19,Made playoffs
P1553,2010-s2,A,2010-s2-A-GA,A,4,0,4,0,30,False,,Group stage
P1424,2010-s2,A,2010-s2-A-GA,A,5,0,5,0,6,False,,Group stage
P0101,2010-s2,A,2010-s2-A-GA,A,6,5,1,15,70,True,12,Made playoffs
P1554,2010-s2,A,2010-s2-A-GA,A,6,3,3,9,55,False,,Group stage
P1499,2010-s2,A,2010-s2-A-GA,A,5,1,4,3,38,False,,Group stage
P1408,2010-s2,A,2010-s2-A-GB,B,6,5,0,16,68,False,,Group stage
P1148,2010-s2,A,2010-s2-A-GB,B,6,4,1,13,72,True,21,Made playoffs
P1215,2010-s2,A,2010-s2-A-GB,B,6,1,3,5,32,False,,Group stage
P1413,2010-s2,A,2010-s2-A-GB,B,4,0,4,0,18,False,,Group stage
P1411,2010-s2,A,2010-s2-A-GB,B,5,1,4,3,36,False,,Group stage
P1528,2010-s2,A,2010-s2-A-GB,B,5,2,2,7,52,False,,Group stage
P1420,2010-s2,A,2010-s2-A-GB,B,6,3,2,10,60,True,24,Made playoffs
P1459,2010-s2,A,2010-s2-A-GC,C,5,5,0,15,70,True,5,Made playoffs
P0584,2010-s2,A,2010-s2-A-GC,C,2,0,1,1,45,False,,Group stage
P1566,2010-s2,A,2010-s2-A-GC,C,2,0,2,0,15,False,,Group stage
P1381,2010-s2,A,2010-s2-A-GC,C,4,1,2,4,38,False,,Group stage
P1436,2010-s2,A,2010-s2-A-GC,C,5,1,3,4,46,True,27,Made playoffs
P0988,2010-s2,A,2010-s2-A-GC,C,5,3,1,10,64,True,14,Made playoffs
P1417,2010-s2,A,2010-s2-A-GC,C,3,1,2,3,43,False,,Group stage
P0140,2010-s2,A,2010-s2-A-GD,D,5,4,0,13,66,True,6,Made playoffs
P1380,2010-s2,A,2010-s2-A-GD,D,6,3,3,9,53,True,16,Made playoffs
P1340,2010-s2,A,2010-s2-A-GD,D,6,3,1,11,55,True,10,Made playoffs
P1096,2010-s2,A,2010-s2-A-GD,D,5,2,3,6,38,False,,Group stage
P1526,2010-s2,A,2010-s2-A-GD,D,5,1,3,4,46,False,,Group stage
P0090,2010-s2,A,2010-s2-A-GD,D,6,2,4,6,47,False,,Group stage
P1548,2010-s2,A,2010-s2-A-GD,D,5,2,3,6,44,False,,Group stage
P1434,2010-s2,A,2010-s2-A-GE,E,6,5,1,15,70,True,4,Made playoffs
P1093,2010-s2,A,2010-s2-A-GE,E,5,0,5,0,8,False,,Group stage
P1397,2010-s2,A,2010-s2-A-GE,E,6,4,2,12,73,True,25,Made playoffs
P1451,2010-s2,A,2010-s2-A-GE,E,6,4,2,12,60,False,,Group stage
P1088,2010-s2,A,2010-s2-A-GE,E,6,4,2,12,72,True,26,Made playoffs
P1559,2010-s2,A,2010-s2-A-GE,E,6,3,3,9,47,False,,Group stage
P1454,2010-s2,A,2010-s2-A-GE,E,5,0,5,0,6,False,,Group stage
P1441,2010-s2,A,2010-s2-A-GF,F,6,6,0,18,80,True,3,Champion
P0010,2010-s2,A,2010-s2-A-GF,F,5,4,1,12,58,True,9,Made playoffs
P0951,2010-s2,A,2010-s2-A-GF,F,6,3,2,10,58,True,13,Made playoffs
P1543,2010-s2,A,2010-s2-A-GF,F,6,0,4,2,30,False,,Group stage
P1429,2010-s2,A,2010-s2-A-GF,F,6,0,4,2,35,False,,Group stage
P1369,2010-s2,A,2010-s2-A-GF,F,5,3,1,10,58,False,,Group stage
P1536,2010-s2,A,2010-s2-A-GF,F,6,0,4,2,33,False,,Group stage
P1497,2010-s2,A,2010-s2-A-GG,G,4,3,1,9,73,True,28,Made playoffs
P1318,2010-s2,A,2010-s2-A-GG,G,4,4,0,12,70,True,7,Made playoffs
P1075,2010-s2,A,2010-s2-A-GG,G,4,2,2,6,63,False,,Group stage
P0757,2010-s2,A,2010-s2-A-GG,G,6,4,2,12,53,True,20,Made playoffs
P1533,2010-s2,A,2010-s2-A-GG,G,6,0,6,0,2,False,,Group stage
P1540,2010-s2,A,2010-s2-A-GG,G,4,1,3,3,48,False,,Group stage
P1286,2010-s2,A,2010-s2-A-GG,G,4,2,2,6,65,False,,Group stage
P1014,2010-s2,A,2010-s2-A-GH,H,5,3,2,9,62,False,,Group stage
P1300,2010-s2,A,2010-s2-A-GH,H,6,3,3,9,53,True,17,Made playoffs
P1063,2010-s2,A,2010-s2-A-GH,H,6,2,4,6,45,False,,Group stage
P1022,2010-s2,A,2010-s2-A-GH,H,5,4,1,12,60,True,8,Made playoffs
P1466,2010-s2,A,2010-s2-A-GH,H,4,1,2,4,28,False,,Group stage
P0073,2010-s2,A,2010-s2-A-GH,H,6,5,1,15,72,True,11,Made playoffs
P1487,2010-s2,A,2010-s2-A-GH,H,6,0,5,1,27,False,,Group stage
P1485,2010-s2,B,2010-s2-B-GA,A,4,3,1,9,48,False,,Group stage
P1482,2010-s2,B,2010-s2-B-GA,A,6,4,2,12,60,True,13,Made playoffs
P1544,2010-s2,B,2010-s2-B-GA,A,6,0,6,0,30,False,,Group stage
P1549,2010-s2,B,2010-s2-B-GA,A,6,3,3,9,53,False,,Group stage
P1199,2010-s2,B,2010-s2-B-GA,A,5,1,4,3,40,False,,Group stage
P1419,2010-s2,B,2010-s2-B-GA,A,5,4,1,12,62,True,7,Made playoffs
P1516,2010-s2,B,2010-s2-B-GA,A,6,4,2,12,57,True,4,Made playoffs
P1138,2010-s2,B,2010-s2-B-GB,B,6,4,2,12,60,True,5,Runner-up
P1113,2010-s2,B,2010-s2-B-GB,B,5,4,1,12,68,True,14,Made playoffs
P1416,2010-s2,B,2010-s2-B-GB,B,4,1,3,3,48,False,,Group stage
P1400,2010-s2,B,2010-s2-B-GB,B,4,3,1,9,65,True,19,Made playoffs
P1510,2010-s2,B,2010-s2-B-GB,B,6,0,6,0,2,False,,Group stage
P1432,2010-s2,B,2010-s2-B-GB,B,6,5,1,15,73,True,2,Made playoffs
P1394,2010-s2,B,2010-s2-B-GB,B,5,1,4,3,40,False,,Group stage
P1474,2010-s2,B,2010-s2-B-GC,C,5,3,2,9,62,False,,Group stage
P1449,2010-s2,B,2010-s2-B-GC,C,3,0,3,0,30,False,,Group stage
P1418,2010-s2,B,2010-s2-B-GC,C,4,1,3,3,43,False,,Group stage
P1483,2010-s2,B,2010-s2-B-GC,C,4,4,0,12,70,True,6,Champion
P1455,2010-s2,B,2010-s2-B-GC,C,4,0,4,0,30,False,,Group stage
P1398,2010-s2,B,2010-s2-B-GC,C,6,4,1,13,60,True,1,Made playoffs
P1495,2010-s2,B,2010-s2-B-GC,C,6,3,2,10,45,True,8,Made playoffs
P1460,2010-s2,B,2010-s2-B-GD,D,6,5,1,15,67,True,3,Made playoffs
P1447,2010-s2,B,2010-s2-B-GD,D,6,4,2,12,63,True,12,Made playoffs
P1321,2010-s2,B,2010-s2-B-GD,D,5,3,2,9,56,False,,Group stage
P1442,2010-s2,B,2010-s2-B-GD,D,6,0,6,0,3,False,,Group stage
P0928,2010-s2,B,2010-s2-B-GD,D,5,2,3,6,50,False,,Group stage
P1435,2010-s2,B,2010-s2-B-GD,D,6,3,3,9,48,True,9,Made playoffs
P1463,2010-s2,B,2010-s2-B-GD,D,6,3,3,9,63,True,20,Made playoffs
P1346,2010-s2,B,2010-s2-B-GE,E,4,1,2,4,55,False,,Group stage
P1204,2010-s2,B,2010-s2-B-GE,E,5,2,2,7,48,False,,Group stage
P1478,2010-s2,B,2010-s2-B-GE,E,6,4,1,13,68,True,10,Made playoffs
P0282,2010-s2,B,2010-s2-B-GE,E,6,1,2,6,52,False,,Group stage
P1535,2010-s2,B,2010-s2-B-GE,E,5,2,0,9,60,True,11,Made playoffs
P1506,2010-s2,B,2010-s2-B-GE,E,6,3,1,11,62,False,,Group stage
P1443,2010-s2,B,2010-s2-B-GE,E,6,0,5,1,8,False,,Group stage
P1168,2010-s2,B,2010-s2-B-GF,F,0,0,0,0,,False,,Group stage
P0368,2010-s3,A,2010-s3-A-GA,A,6,1,5,3,43,False,,Group stage
P1411,2010-s3,A,2010-s3-A-GA,A,6,0,6,0,23,False,,Group stage
P1300,2010-s3,A,2010-s3-A-GA,A,6,4,2,12,63,True,13,Made playoffs
P1498,2010-s3,A,2010-s3-A-GA,A,6,4,2,12,53,True,25,Made playoffs
P1528,2010-s3,A,2010-s3-A-GA,A,6,4,1,13,58,True,12,Made playoffs
P1425,2010-s3,A,2010-s3-A-GA,A,6,4,1,13,58,True,6,Made playoffs
P1312,2010-s3,A,2010-s3-A-GA,A,6,3,3,9,50,True,28,Made playoffs
P1537,2010-s3,A,2010-s3-A-GB,B,5,1,4,3,36,False,,Group stage
P1088,2010-s3,A,2010-s3-A-GB,B,6,2,3,7,40,False,,Group stage
P1393,2010-s3,A,2010-s3-A-GB,B,5,3,1,10,66,True,18,Made playoffs
P1400,2010-s3,A,2010-s3-A-GB,B,4,2,2,6,43,False,,Group stage
P1441,2010-s3,A,2010-s3-A-GB,B,4,3,1,9,63,True,24,Made playoffs
P1392,2010-s3,A,2010-s3-A-GB,B,6,1,4,4,42,False,,Group stage
P1262,2010-s3,A,2010-s3-A-GB,B,6,4,1,13,63,True,4,Champion
P1304,2010-s3,A,2010-s3-A-GC,C,6,3,1,11,63,True,17,Made playoffs
P1401,2010-s3,A,2010-s3-A-GC,C,6,1,5,3,23,False,,Group stage
P0073,2010-s3,A,2010-s3-A-GC,C,6,4,1,13,62,True,5,Made playoffs
P1523,2010-s3,A,2010-s3-A-GC,C,6,1,5,3,20,False,,Group stage
P1517,2010-s3,A,2010-s3-A-GC,C,6,3,3,9,60,True,27,Made playoffs
P0969,2010-s3,A,2010-s3-A-GC,C,6,4,1,13,68,True,11,Made playoffs
P1063,2010-s3,A,2010-s3-A-GC,C,6,3,3,9,53,False,,Group stage
P1215,2010-s3,A,2010-s3-A-GD,D,6,3,3,9,42,False,,Group stage
P1398,2010-s3,A,2010-s3-A-GD,D,6,3,3,9,53,False,,Group stage
P0051,2010-s3,A,2010-s3-A-GD,D,5,1,4,3,50,False,,Group stage
P1014,2010-s3,A,2010-s3-A-GD,D,3,2,1,6,70,False,,Group stage
P1409,2010-s3,A,2010-s3-A-GD,D,5,5,0,15,74,False,,Group stage
P1451,2010-s3,A,2010-s3-A-GD,D,5,4,1,12,74,True,16,Made playoffs
P1420,2010-s3,A,2010-s3-A-GD,D,6,0,6,0,5,False,,Group stage
P1415,2010-s3,A,2010-s3-A-GE,E,6,3,3,9,55,True,21,Made playoffs
P1509,2010-s3,A,2010-s3-A-GE,E,3,1,2,3,40,False,,Group stage
P0010,2010-s3,A,2010-s3-A-GE,E,3,0,3,0,33,False,,Group stage
P0951,2010-s3,A,2010-s3-A-GE,E,6,3,2,10,53,True,8,Made playoffs
P1542,2010-s3,A,2010-s3-A-GE,E,4,1,3,3,33,False,,Group stage
P1148,2010-s3,A,2010-s3-A-GE,E,4,3,0,10,58,True,19,Made playoffs
P1138,2010-s3,A,2010-s3-A-GE,E,4,3,1,9,68,False,,Group stage
P1381,2010-s3,A,2010-s3-A-GF,F,6,1,3,5,48,False,,Group stage
P1096,2010-s3,A,2010-s3-A-GF,F,6,3,2,10,50,True,26,Made playoffs
P1515,2010-s3,A,2010-s3-A-GF,F,6,4,1,13,72,True,10,Made playoffs
P0077,2010-s3,A,2010-s3-A-GF,F,6,0,5,1,8,False,,Group stage
P1334,2010-s3,A,2010-s3-A-GF,F,6,5,1,15,75,True,3,Made playoffs
P1483,2010-s3,A,2010-s3-A-GF,F,6,4,2,12,57,True,15,Made playoffs
P1343,2010-s3,A,2010-s3-A-GF,F,6,1,4,4,40,False,,Group stage
P1022,2010-s3,A,2010-s3-A-GG,G,6,6,0,18,80,True,1,Made playoffs
P1032,2010-s3,A,2010-s3-A-GG,G,6,2,4,6,50,False,,Group stage
P1249,2010-s3,A,2010-s3-A-GG,G,6,5,1,15,62,True,9,Made playoffs
P1520,2010-s3,A,2010-s3-A-GG,G,6,4,2,12,62,True,14,Made playoffs
P1054,2010-s3,A,2010-s3-A-GG,G,6,1,5,3,33,False,,Group stage
P1495,2010-s3,A,2010-s3-A-GG,G,6,0,6,0,7,False,,Group stage
P0250,2010-s3,A,2010-s3-A-GG,G,6,3,3,9,57,False,,Group stage
P1539,2010-s3,A,2010-s3-A-GH,H,6,3,3,9,55,True,20,Made playoffs
P1395,2010-s3,A,2010-s3-A-GH,H,5,0,5,0,20,False,,Group stage
P1444,2010-s3,A,2010-s3-A-GH,H,6,2,4,6,38,False,,Group stage
P0689,2010-s3,A,2010-s3-A-GH,H,4,4,0,12,75,True,7,Made playoffs
P1511,2010-s3,A,2010-s3-A-GH,H,5,3,2,9,60,False,,Group stage
P1475,2010-s3,A,2010-s3-A-GH,H,6,3,3,9,48,True,23,Made playoffs
P0262,2010-s3,A,2010-s3-A-GH,H,4,3,1,9,63,False,,Group stage
P1113,2010-s3,B,2010-s3-B-GA,A,6,4,1,13,63,True,5,Champion
P1083,2010-s3,B,2010-s3-B-GA,A,6,4,1,13,62,True,7,Made playoffs
P1429,2010-s3,B,2010-s3-B-GA,A,6,3,3,9,53,True,16,Made playoffs
P1313,2010-s3,B,2010-s3-B-GA,A,6,2,3,7,50,True,19,Made playoffs
P1547,2010-s3,B,2010-s3-B-GA,A,5,0,5,0,22,False,,Group stage
P1464,2010-s3,B,2010-s3-B-GA,A,5,1,3,4,40,False,,Group stage
P1531,2010-s3,B,2010-s3-B-GA,A,6,4,2,12,53,True,12,Made playoffs
P0217,2010-s3,B,2010-s3-B-GB,B,6,3,1,11,60,True,13,Made playoffs
P1471,2010-s3,B,2010-s3-B-GB,B,5,1,2,5,40,False,,Group stage
P1370,2010-s3,B,2010-s3-B-GB,B,6,0,6,0,12,False,,Group stage
P1430,2010-s3,B,2010-s3-B-GB,B,6,2,2,8,63,False,,Group stage
P1484,2010-s3,B,2010-s3-B-GB,B,6,4,1,13,67,True,6,Made playoffs
P1488,2010-s3,B,2010-s3-B-GB,B,5,1,4,3,26,False,,Group stage
P1456,2010-s3,B,2010-s3-B-GB,B,6,5,0,16,77,True,3,Made playoffs
P1516,2010-s3,B,2010-s3-B-GC,C,6,6,0,18,82,True,2,Runner-up
P1463,2010-s3,B,2010-s3-B-GC,C,4,1,3,3,33,False,,Group stage
P1391,2010-s3,B,2010-s3-B-GC,C,6,0,6,0,3,False,,Group stage
P1468,2010-s3,B,2010-s3-B-GC,C,5,3,2,9,60,True,17,Made playoffs
P1418,2010-s3,B,2010-s3-B-GC,C,5,3,2,9,64,True,15,Made playoffs
P0282,2010-s3,B,2010-s3-B-GC,C,4,1,3,3,43,False,,Group stage
P1396,2010-s3,B,2010-s3-B-GC,C,6,4,2,12,62,True,11,Made playoffs
P1554,2010-s3,B,2010-s3-B-GD,D,5,4,1,12,76,True,8,Made playoffs
P1440,2010-s3,B,2010-s3-B-GD,D,6,5,1,15,72,True,4,Made playoffs
P0726,2010-s3,B,2010-s3-B-GD,D,5,3,2,9,56,True,18,Made playoffs
P1321,2010-s3,B,2010-s3-B-GD,D,5,2,2,7,48,False,,Group stage
P1438,2010-s3,B,2010-s3-B-GD,D,6,0,6,0,5,False,,Group stage
P1536,2010-s3,B,2010-s3-B-GD,D,6,3,2,10,67,True,14,Made playoffs
P1550,2010-s3,B,2010-s3-B-GD,D,5,1,4,3,28,False,,Group stage
P1433,2010-s3,B,2010-s3-B-GE,E,5,4,1,12,74,True,9,Made playoffs
P1480,2010-s3,B,2010-s3-B-GE,E,6,3,3,9,60,False,,Group stage
P1489,2010-s3,B,2010-s3-B-GE,E,6,2,4,6,45,False,,Group stage
P1482,2010-s3,B,2010-s3-B-GE,E,6,0,5,1,2,False,,Group stage
P1419,2010-s3,B,2010-s3-B-GE,E,6,6,0,18,82,True,1,Made playoffs
P1413,2010-s3,B,2010-s3-B-GE,E,5,4,1,12,74,True,10,Made playoffs
P1494,2010-s3,B,2010-s3-B-GE,E,6,0,5,1,6,False,,Group stage
P1168,2010-s3,B,2010-s3-B-GF,F,0,0,0,0,,False,,Group stage
P1223,2010-s4,A,2010-s4-A-GA,A,6,4,0,14,70,True,7,Made playoffs
P1497,2010-s4,A,2010-s4-A-GA,A,4,2,1,7,63,False,,Group stage
P1304,2010-s4,A,2010-s4-A-GA,A,4,1,3,3,45,False,,Group stage
P1419,2010-s4,A,2010-s4-A-GA,A,6,3,3,9,57,True,16,Made playoffs
P1083,2010-s4,A,2010-s4-A-GA,A,4,1,3,3,40,False,,Group stage
P1515,2010-s4,A,2010-s4-A-GA,A,6,1,5,3,17,False,,Group stage
P1452,2010-s4,A,2010-s4-A-GA,A,4,3,0,10,63,True,14,Made playoffs
P1539,2010-s4,A,2010-s4-A-GB,B,5,3,2,9,66,True,19,Made playoffs
P1437,2010-s4,A,2010-s4-A-GB,B,6,2,4,6,50,True,21,Made playoffs
P1538,2010-s4,A,2010-s4-A-GB,B,3,2,1,6,67,False,,Group stage
P1501,2010-s4,A,2010-s4-A-GB,B,6,0,6,0,3,False,,Group stage
P1520,2010-s4,A,2010-s4-A-GB,B,3,3,0,9,77,False,,Group stage
P1439,2010-s4,A,2010-s4-A-GB,B,5,2,3,6,46,False,,Group stage
P1399,2010-s4,A,2010-s4-A-GB,B,4,4,0,12,73,True,5,Made playoffs
P1262,2010-s4,A,2010-s4-A-GC,C,5,4,1,12,68,True,12,Runner-up
P1483,2010-s4,A,2010-s4-A-GC,C,5,2,3,6,50,False,,Group stage
P1477,2010-s4,A,2010-s4-A-GC,C,6,0,6,0,5,False,,Group stage
P1096,2010-s4,A,2010-s4-A-GC,C,5,3,2,9,62,False,,Group stage
P0754,2010-s4,A,2010-s4-A-GC,C,6,4,1,13,63,True,2,Made playoffs
P1446,2010-s4,A,2010-s4-A-GC,C,6,3,3,9,52,True,17,Made playoffs
P1138,2010-s4,A,2010-s4-A-GC,C,5,2,2,7,56,False,,Group stage
P1425,2010-s4,A,2010-s4-A-GD,D,5,2,3,6,50,False,,Group stage
P1300,2010-s4,A,2010-s4-A-GD,D,5,3,2,9,46,False,,Group stage
P1555,2010-s4,A,2010-s4-A-GD,D,6,0,6,0,13,False,,Group stage
P0969,2010-s4,A,2010-s4-A-GD,D,5,4,0,13,76,True,10,Made playoffs
P1180,2010-s4,A,2010-s4-A-GD,D,6,4,2,12,62,True,11,Made playoffs
P1063,2010-s4,A,2010-s4-A-GD,D,5,1,4,3,48,False,,Group stage
P1404,2010-s4,A,2010-s4-A-GD,D,6,4,1,13,58,True,3,Champion
P1406,2010-s4,A,2010-s4-A-GE,E,6,4,2,12,72,True,23,Made playoffs
P1554,2010-s4,A,2010-s4-A-GE,E,4,1,3,3,43,False,,Group stage
P1556,2010-s4,A,2010-s4-A-GE,E,2,1,1,3,35,False,,Group stage
P1381,2010-s4,A,2010-s4-A-GE,E,6,3,3,9,47,True,18,Made playoffs
P0073,2010-s4,A,2010-s4-A-GE,E,4,4,0,12,73,True,6,Made playoffs
P1321,2010-s4,A,2010-s4-A-GE,E,4,1,3,3,30,False,,Group stage
P1413,2010-s4,A,2010-s4-A-GE,E,2,0,2,0,20,False,,Group stage
P1423,2010-s4,A,2010-s4-A-GF,F,6,1,5,3,37,False,,Group stage
P0987,2010-s4,A,2010-s4-A-GF,F,5,3,0,11,62,False,,Group stage
P1396,2010-s4,A,2010-s4-A-GF,F,6,1,5,3,27,False,,Group stage
P1410,2010-s4,A,2010-s4-A-GF,F,6,4,1,13,70,True,1,Made playoffs
P0250,2010-s4,A,2010-s4-A-GF,F,6,4,1,13,57,True,9,Made playoffs
P1148,2010-s4,A,2010-s4-A-GF,F,6,1,5,3,42,False,,Group stage
P1022,2010-s4,A,2010-s4-A-GF,F,5,4,1,12,60,True,13,Made playoffs
P1480,2010-s4,A,2010-s4-A-GG,G,3,1,2,3,27,False,,Group stage
P0076,2010-s4,A,2010-s4-A-GG,G,1,0,1,0,40,False,,Group stage
P1457,2010-s4,A,2010-s4-A-GG,G,4,3,0,10,60,True,15,Made playoffs
P1511,2010-s4,A,2010-s4-A-GG,G,6,4,2,12,67,True,4,Made playoffs
P1393,2010-s4,A,2010-s4-A-GG,G,5,2,2,7,56,True,20,Made playoffs
P1215,2010-s4,A,2010-s4-A-GG,G,5,1,4,3,32,False,,Group stage
P1113,2010-s4,A,2010-s4-A-GG,G,4,1,1,5,50,False,,Group stage
P1054,2010-s4,A,2010-s4-A-GH,H,5,2,3,6,64,True,24,Made playoffs
P1403,2010-s4,A,2010-s4-A-GH,H,4,4,0,12,83,True,22,Made playoffs
P1421,2010-s4,A,2010-s4-A-GH,H,5,0,5,0,0,False,,Group stage
P0140,2010-s4,A,2010-s4-A-GH,H,5,0,5,0,0,False,,Group stage
P0951,2010-s4,A,2010-s4-A-GH,H,6,4,1,13,67,True,8,Made playoffs
P1417,2010-s4,A,2010-s4-A-GH,H,4,3,1,9,75,False,,Group stage
P1369,2010-s4,A,2010-s4-A-GH,H,3,2,0,7,83,False,,Group stage
P1465,2010-s4,B,2010-s4-B-GA,A,5,4,0,13,58,True,3,Made playoffs
P1472,2010-s4,B,2010-s4-B-GA,A,6,1,2,6,47,False,,Group stage
P1467,2010-s4,B,2010-s4-B-GA,A,5,0,5,0,30,False,,Group stage
P0327,2010-s4,B,2010-s4-B-GA,A,6,3,1,11,60,True,10,Made playoffs
P1534,2010-s4,B,2010-s4-B-GA,A,6,2,3,7,42,True,14,Made playoffs
P1130,2010-s4,B,2010-s4-B-GA,A,3,2,0,7,70,False,,Group stage
P1492,2010-s4,B,2010-s4-B-GA,A,5,2,3,6,52,False,,Group stage
P0383,2010-s4,B,2010-s4-B-GB,B,6,4,2,12,67,True,7,Runner-up
P1532,2010-s4,B,2010-s4-B-GB,B,4,0,4,0,23,False,,Group stage
P1531,2010-s4,B,2010-s4-B-GB,B,6,5,1,15,58,True,6,Made playoffs
P1516,2010-s4,B,2010-s4-B-GB,B,6,4,2,12,53,False,,Group stage
P1461,2010-s4,B,2010-s4-B-GB,B,5,0,5,0,30,False,,Group stage
P1440,2010-s4,B,2010-s4-B-GB,B,6,5,1,15,70,True,1,Champion
P1560,2010-s4,B,2010-s4-B-GB,B,5,1,4,3,34,False,,Group stage
P1462,2010-s4,B,2010-s4-B-GC,C,5,3,2,9,56,False,,Group stage
P1428,2010-s4,B,2010-s4-B-GC,C,6,1,5,3,38,False,,Group stage
P1392,2010-s4,B,2010-s4-B-GC,C,6,4,2,12,55,True,8,Made playoffs
P1430,2010-s4,B,2010-s4-B-GC,C,6,3,3,9,48,False,,Group stage
P1402,2010-s4,B,2010-s4-B-GC,C,5,4,1,12,58,True,11,Made playoffs
P1536,2010-s4,B,2010-s4-B-GC,C,6,4,2,12,57,True,4,Made playoffs
P1407,2010-s4,B,2010-s4-B-GC,C,6,1,5,3,40,False,,Group stage
P1313,2010-s4,B,2010-s4-B-GD,D,6,2,0,10,53,False,,Group stage
P1412,2010-s4,B,2010-s4-B-GD,D,6,3,1,11,50,True,12,Made playoffs
P1507,2010-s4,B,2010-s4-B-GD,D,6,3,1,11,62,True,9,Made playoffs
P1458,2010-s4,B,2010-s4-B-GD,D,6,1,5,3,32,False,,Group stage
P0726,2010-s4,B,2010-s4-B-GD,D,6,4,2,12,62,False,,Group stage
P1551,2010-s4,B,2010-s4-B-GD,D,6,1,4,4,40,False,,Group stage
P1445,2010-s4,B,2010-s4-B-GD,D,6,2,3,7,52,False,,Group stage
P1456,2010-s4,B,2010-s4-B-GE,E,5,3,1,10,58,True,13,Made playoffs
P1500,2010-s4,B,2010-s4-B-GE,E,4,2,1,7,58,True,15,Made playoffs
P1490,2010-s4,B,2010-s4-B-GE,E,4,1,3,3,53,False,,Group stage
P1546,2010-s4,B,2010-s4-B-GE,E,1,1,0,3,100,False,,Group stage
P1470,2010-s4,B,2010-s4-B-GE,E,6,0,6,0,0,False,,Group stage
P1502,2010-s4,B,2010-s4-B-GE,E,2,1,1,3,70,False,,Group stage
P1057,2010-s4,B,2010-s4-B-GE,E,4,4,0,12,83,True,5,Made playoffs
P1168,2010-s4,B,2010-s4-B-GF,F,0,0,0,0,,False,,Group stage
P1581,2011-s1,A,2011-s1-A-GA,A,5,3,2,9,66,True,19,Made playoffs
P1444,2011-s1,A,2011-s1-A-GA,A,6,1,5,3,10,False,,Group stage
P0754,2011-s1,A,2011-s1-A-GA,A,3,2,1,6,73,False,,Group stage
P1531,2011-s1,A,2011-s1-A-GA,A,4,0,4,0,23,False,,Group stage
P1404,2011-s1,A,2011-s1-A-GA,A,6,5,1,15,78,True,11,Made playoffs
P1717,2011-s1,A,2011-s1-A-GA,A,6,2,4,6,35,False,,Group stage
P1022,2011-s1,A,2011-s1-A-GA,A,4,4,0,12,80,True,12,Made playoffs
P1593,2011-s1,A,2011-s1-A-GB,B,6,4,2,12,65,True,5,Made playoffs
P1441,2011-s1,A,2011-s1-A-GB,B,6,5,1,15,68,True,2,Runner-up
P1637,2011-s1,A,2011-s1-A-GB,B,6,0,6,0,20,False,,Group stage
P1605,2011-s1,A,2011-s1-A-GB,B,6,1,5,3,40,False,,Group stage
P1667,2011-s1,A,2011-s1-A-GB,B,6,3,2,10,47,True,21,Made playoffs
P1672,2011-s1,A,2011-s1-A-GB,B,6,3,3,9,52,True,23,Made playoffs
P1425,2011-s1,A,2011-s1-A-GB,B,6,4,1,13,58,True,4,Made playoffs
P1158,2011-s1,A,2011-s1-A-GC,C,6,5,1,15,67,True,3,Made playoffs
P0969,2011-s1,A,2011-s1-A-GC,C,3,0,2,1,30,False,,Group stage
P1650,2011-s1,A,2011-s1-A-GC,C,6,6,0,18,85,True,7,Made playoffs
P1381,2011-s1,A,2011-s1-A-GC,C,6,2,3,7,57,True,17,Made playoffs
P1457,2011-s1,A,2011-s1-A-GC,C,4,0,4,0,20,False,,Group stage
P1619,2011-s1,A,2011-s1-A-GC,C,5,1,4,3,26,False,,Group stage
P1685,2011-s1,A,2011-s1-A-GC,C,4,2,2,6,38,False,,Group stage
P0672,2011-s1,A,2011-s1-A-GD,D,5,4,0,13,68,True,9,Made playoffs
P1536,2011-s1,A,2011-s1-A-GD,D,5,1,2,5,46,True,20,Made playoffs
P1300,2011-s1,A,2011-s1-A-GD,D,6,5,1,15,72,True,6,Made playoffs
P1659,2011-s1,A,2011-s1-A-GD,D,5,1,2,5,44,True,24,Made playoffs
P1423,2011-s1,A,2011-s1-A-GD,D,4,1,3,3,38,False,,Group stage
P0051,2011-s1,A,2011-s1-A-GD,D,4,1,2,4,33,False,,Group stage
P1699,2011-s1,A,2011-s1-A-GD,D,3,0,3,0,33,False,,Group stage
P0140,2011-s1,A,2011-s1-A-GE,E,5,4,1,12,78,True,14,Made playoffs
P1274,2011-s1,A,2011-s1-A-GE,E,4,0,4,0,25,False,,Group stage
P1645,2011-s1,A,2011-s1-A-GE,E,3,0,3,0,17,False,,Group stage
P1655,2011-s1,A,2011-s1-A-GE,E,4,4,0,12,75,True,13,Made playoffs
P1415,2011-s1,A,2011-s1-A-GE,E,5,4,1,12,70,True,15,Made playoffs
P1138,2011-s1,A,2011-s1-A-GE,E,6,3,3,9,47,False,,Group stage
P1417,2011-s1,A,2011-s1-A-GE,E,3,0,3,0,10,False,,Group stage
P1511,2011-s1,A,2011-s1-A-GF,F,4,0,4,0,13,False,,Group stage
P1096,2011-s1,A,2011-s1-A-GF,F,6,3,1,11,50,True,8,Made playoffs
P1539,2011-s1,A,2011-s1-A-GF,F,4,1,2,4,40,False,,Group stage
P1435,2011-s1,A,2011-s1-A-GF,F,4,0,3,1,23,False,,Group stage
P1396,2011-s1,A,2011-s1-A-GF,F,6,2,4,6,42,False,,Group stage
P1620,2011-s1,A,2011-s1-A-GF,F,6,4,2,12,73,True,18,Made playoffs
P0073,2011-s1,A,2011-s1-A-GF,F,6,6,0,18,85,True,1,Champion
P1723,2011-s1,A,2011-s1-A-GG,G,6,0,6,0,5,False,,Group stage
P1401,2011-s1,A,2011-s1-A-GG,G,6,1,5,3,33,False,,Group stage
P1654,2011-s1,A,2011-s1-A-GG,G,5,4,1,12,58,True,16,Made playoffs
P0951,2011-s1,A,2011-s1-A-GG,G,5,3,1,10,60,True,10,Made playoffs
P1466,2011-s1,A,2011-s1-A-GG,G,4,3,1,9,83,False,,Group stage
P1520,2011-s1,A,2011-s1-A-GG,G,3,2,1,6,70,False,,Group stage
P1446,2011-s1,A,2011-s1-A-GG,G,3,2,0,7,80,False,,Group stage
P1715,2011-s1,B,2011-s1-B-GA,A,6,3,3,9,55,True,18,Made playoffs
P1573,2011-s1,B,2011-s1-B-GA,A,5,1,4,3,22,False,,Group stage
P1489,2011-s1,B,2011-s1-B-GA,A,5,0,5,0,20,False,,Group stage
P1516,2011-s1,B,2011-s1-B-GA,A,6,4,2,12,62,True,9,Made playoffs
P1632,2011-s1,B,2011-s1-B-GA,A,6,5,1,15,72,True,5,Made playoffs
P1707,2011-s1,B,2011-s1-B-GA,A,4,0,4,0,23,False,,Group stage
P1199,2011-s1,B,2011-s1-B-GA,A,6,6,0,18,78,True,3,Made playoffs
P0282,2011-s1,B,2011-s1-B-GB,B,6,4,1,13,52,True,7,Made playoffs
P1716,2011-s1,B,2011-s1-B-GB,B,6,2,4,6,42,False,,Group stage
P1596,2011-s1,B,2011-s1-B-GB,B,6,0,6,0,33,False,,Group stage
P1113,2011-s1,B,2011-s1-B-GB,B,6,4,2,12,65,True,10,Made playoffs
P1554,2011-s1,B,2011-s1-B-GB,B,6,3,2,10,52,False,,Group stage
P1572,2011-s1,B,2011-s1-B-GB,B,6,3,2,10,53,False,,Group stage
P1576,2011-s1,B,2011-s1-B-GB,B,6,3,2,10,53,True,12,Made playoffs
P1721,2011-s1,B,2011-s1-B-GC,C,6,4,1,13,65,True,6,Made playoffs
P1626,2011-s1,B,2011-s1-B-GC,C,6,5,1,15,73,True,4,Made playoffs
P1492,2011-s1,B,2011-s1-B-GC,C,3,0,3,0,33,False,,Group stage
P1589,2011-s1,B,2011-s1-B-GC,C,4,3,0,10,78,True,13,Champion
P1664,2011-s1,B,2011-s1-B-GC,C,4,1,3,3,25,False,,Group stage
P1313,2011-s1,B,2011-s1-B-GC,C,6,2,4,6,42,False,,Group stage
P1652,2011-s1,B,2011-s1-B-GC,C,5,1,4,3,22,False,,Group stage
P1668,2011-s1,B,2011-s1-B-GD,D,6,3,3,9,53,False,,Group stage
P1694,2011-s1,B,2011-s1-B-GD,D,5,2,3,6,38,False,,Group stage
P1725,2011-s1,B,2011-s1-B-GD,D,6,6,0,18,73,True,1,Made playoffs
P1623,2011-s1,B,2011-s1-B-GD,D,6,3,3,9,60,True,14,Made playoffs
P1579,2011-s1,B,2011-s1-B-GD,D,5,4,1,12,62,True,11,Made playoffs
P1642,2011-s1,B,2011-s1-B-GD,D,6,2,4,6,38,False,,Group stage
P1720,2011-s1,B,2011-s1-B-GD,D,6,0,6,0,25,False,,Group stage
P1430,2011-s1,B,2011-s1-B-GE,E,6,3,3,9,48,True,15,Made playoffs
P1709,2011-s1,B,2011-s1-B-GE,E,5,1,4,3,38,False,,Group stage
P1603,2011-s1,B,2011-s1-B-GE,E,6,5,0,16,75,True,2,Runner-up
P1613,2011-s1,B,2011-s1-B-GE,E,5,3,2,9,58,False,,Group stage
P1407,2011-s1,B,2011-s1-B-GE,E,6,0,6,0,2,False,,Group stage
P1209,2011-s1,B,2011-s1-B-GE,E,6,3,3,9,60,False,,Group stage
P0726,2011-s1,B,2011-s1-B-GE,E,6,4,1,13,68,True,8,Made playoffs
P1168,2011-s1,B,2011-s1-B-GF,F,0,0,0,0,,False,,Group stage
P0073,2011-s2,A,2011-s2-A-GA,A,6,4,2,12,67,True,7,Made playoffs
P1300,2011-s2,A,2011-s2-A-GA,A,5,3,2,9,62,True,13,Made playoffs
P1063,2011-s2,A,2011-s2-A-GA,A,2,0,2,0,30,False,,Group stage
P1381,2011-s2,A,2011-s2-A-GA,A,5,2,3,6,42,False,,Group stage
P1054,2011-s2,A,2011-s2-A-GA,A,6,5,1,15,58,True,1,Made playoffs
P1704,2011-s2,A,2011-s2-A-GA,A,5,1,4,3,36,False,,Group stage
P1666,2011-s2,A,2011-s2-A-GA,A,5,2,3,6,38,False,,Group stage
P1441,2011-s2,A,2011-s2-A-GB,B,6,4,1,13,67,True,17,Made playoffs
P0951,2011-s2,A,2011-s2-A-GB,B,5,4,0,13,66,True,5,Made playoffs
P0335,2011-s2,A,2011-s2-A-GB,B,4,1,3,3,35,False,,Group stage
P1589,2011-s2,A,2011-s2-A-GB,B,4,2,2,6,50,False,,Group stage
P1435,2011-s2,A,2011-s2-A-GB,B,6,2,4,6,43,True,23,Made playoffs
P1657,2011-s2,A,2011-s2-A-GB,B,6,0,6,0,30,False,,Group stage
P0726,2011-s2,A,2011-s2-A-GB,B,5,4,1,12,58,True,10,Made playoffs
P1655,2011-s2,A,2011-s2-A-GC,C,4,3,1,9,70,True,20,Made playoffs
P0584,2011-s2,A,2011-s2-A-GC,C,5,2,3,6,52,True,24,Made playoffs
P1520,2011-s2,A,2011-s2-A-GC,C,6,3,3,9,55,True,18,Made playoffs
P1594,2011-s2,A,2011-s2-A-GC,C,4,3,1,9,55,True,14,Made playoffs
P1423,2011-s2,A,2011-s2-A-GC,C,5,1,3,4,34,False,,Group stage
P1621,2011-s2,A,2011-s2-A-GC,C,4,1,3,3,25,False,,Group stage
P0617,2011-s2,A,2011-s2-A-GC,C,6,3,2,10,57,True,6,Made playoffs
P1393,2011-s2,A,2011-s2-A-GD,D,4,3,1,9,68,True,15,Made playoffs
P1425,2011-s2,A,2011-s2-A-GD,D,5,5,0,15,62,True,4,Made playoffs
P1567,2011-s2,A,2011-s2-A-GD,D,5,4,1,12,62,True,9,Runner-up
P1097,2011-s2,A,2011-s2-A-GD,D,5,1,4,3,38,False,,Group stage
P1725,2011-s2,A,2011-s2-A-GD,D,3,0,3,0,33,False,,Group stage
P1157,2011-s2,A,2011-s2-A-GD,D,5,2,3,6,46,True,25,Made playoffs
P1728,2011-s2,A,2011-s2-A-GD,D,3,0,3,0,30,False,,Group stage
P1583,2011-s2,A,2011-s2-A-GE,E,5,4,1,12,56,False,,Group stage
P1096,2011-s2,A,2011-s2-A-GE,E,6,2,2,8,55,False,,Group stage
P1199,2011-s2,A,2011-s2-A-GE,E,5,1,4,3,46,False,,Group stage
P1648,2011-s2,A,2011-s2-A-GE,E,6,2,3,7,50,True,21,Made playoffs
P1713,2011-s2,A,2011-s2-A-GE,E,5,5,0,15,76,True,2,Made playoffs
P1685,2011-s2,A,2011-s2-A-GE,E,3,1,2,3,30,False,,Group stage
P1576,2011-s2,A,2011-s2-A-GE,E,6,1,4,4,32,False,,Group stage
P1404,2011-s2,A,2011-s2-A-GF,F,5,5,0,15,64,True,3,Made playoffs
P1223,2011-s2,A,2011-s2-A-GF,F,6,3,2,10,58,True,12,Made playoffs
P1602,2011-s2,A,2011-s2-A-GF,F,6,3,3,9,52,True,19,Made playoffs
P1113,2011-s2,A,2011-s2-A-GF,F,6,0,5,1,38,False,,Group stage
P1539,2011-s2,A,2011-s2-A-GF,F,6,2,3,7,45,True,22,Made playoffs
P1396,2011-s2,A,2011-s2-A-GF,F,6,1,5,3,33,False,,Group stage
P1581,2011-s2,A,2011-s2-A-GF,F,5,4,0,13,64,True,8,Made playoffs
P1168,2011-s2,A,2011-s2-A-GG,G,0,0,0,0,,False,,Group stage
P1463,2011-s2,B,2011-s2-B-GA,A,6,3,3,9,52,False,,Group stage
P1313,2011-s2,B,2011-s2-B-GA,A,6,4,2,12,77,True,15,Made playoffs
P1663,2011-s2,B,2011-s2-B-GA,A,6,4,2,12,63,True,13,Made playoffs
P1516,2011-s2,B,2011-s2-B-GA,A,6,3,3,9,53,True,18,Made playoffs
P1168,2011-s2,B,2011-s2-B-GA,A,6,0,5,1,8,False,,Group stage
P1677,2011-s2,B,2011-s2-B-GA,A,6,6,0,18,82,True,4,Made playoffs
P1579,2011-s2,B,2011-s2-B-GA,A,6,0,5,1,0,False,,Group stage
P1649,2011-s2,B,2011-s2-B-GB,B,2,0,1,1,25,False,,Group stage
P1623,2011-s2,B,2011-s2-B-GB,B,4,1,2,4,38,False,,Group stage
P1717,2011-s2,B,2011-s2-B-GB,B,4,0,4,0,30,False,,Group stage
P1204,2011-s2,B,2011-s2-B-GB,B,5,3,1,10,62,True,12,Made playoffs
P1413,2011-s2,B,2011-s2-B-GB,B,6,5,0,16,80,True,5,Champion
P1502,2011-s2,B,2011-s2-B-GB,B,3,0,2,1,37,False,,Group stage
P1472,2011-s2,B,2011-s2-B-GB,B,4,2,1,7,45,True,14,Made playoffs
P1430,2011-s2,B,2011-s2-B-GC,C,6,1,4,4,40,False,,Group stage
P1536,2011-s2,B,2011-s2-B-GC,C,6,5,0,16,72,True,1,Made playoffs
P1696,2011-s2,B,2011-s2-B-GC,C,6,1,4,4,35,False,,Group stage
P1638,2011-s2,B,2011-s2-B-GC,C,6,1,5,3,38,False,,Group stage
P1606,2011-s2,B,2011-s2-B-GC,C,6,2,1,9,45,True,16,Made playoffs
P1622,2011-s2,B,2011-s2-B-GC,C,6,4,2,12,65,True,7,Made playoffs
P1554,2011-s2,B,2011-s2-B-GC,C,6,4,2,12,55,True,6,Made playoffs
P1456,2011-s2,B,2011-s2-B-GD,D,6,5,1,15,72,True,3,Made playoffs
P1721,2011-s2,B,2011-s2-B-GD,D,5,0,5,0,22,False,,Group stage
P1626,2011-s2,B,2011-s2-B-GD,D,6,4,2,12,55,True,8,Made playoffs
P1624,2011-s2,B,2011-s2-B-GD,D,6,2,4,6,42,False,,Group stage
P1574,2011-s2,B,2011-s2-B-GD,D,6,2,3,7,38,False,,Group stage
P1635,2011-s2,B,2011-s2-B-GD,D,6,3,2,10,57,True,11,Made playoffs
P1617,2011-s2,B,2011-s2-B-GD,D,5,3,2,9,62,True,17,Made playoffs
P1572,2011-s2,B,2011-s2-B-GE,E,6,5,0,16,75,True,2,Made playoffs
P0907,2011-s2,B,2011-s2-B-GE,E,6,3,3,9,50,True,20,Made playoffs
P1708,2011-s2,B,2011-s2-B-GE,E,4,0,3,1,8,False,,Group stage
P1600,2011-s2,B,2011-s2-B-GE,E,5,1,3,4,52,False,,Group stage
P1642,2011-s2,B,2011-s2-B-GE,E,6,3,2,10,58,True,10,Runner-up
P1597,2011-s2,B,2011-s2-B-GE,E,6,0,5,1,26,False,,Group stage
P1607,2011-s2,B,2011-s2-B-GE,E,5,4,0,13,66,True,9,Made playoffs
P1410,2011-s3,A,2011-s3-A-GA,A,5,5,0,15,78,True,4,Made playoffs
P0969,2011-s3,A,2011-s3-A-GA,A,6,3,3,9,65,False,,Group stage
P1567,2011-s3,A,2011-s3-A-GA,A,4,3,1,9,55,True,20,Made playoffs
P1318,2011-s3,A,2011-s3-A-GA,A,3,0,2,1,20,False,,Group stage
P1615,2011-s3,A,2011-s3-A-GA,A,4,3,1,9,58,True,19,Made playoffs
P1554,2011-s3,A,2011-s3-A-GA,A,6,1,4,4,37,False,,Group stage
P1270,2011-s3,A,2011-s3-A-GA,A,4,0,4,0,23,False,,Group stage
P1157,2011-s3,A,2011-s3-A-GB,B,6,4,2,12,48,True,10,Made playoffs
P0010,2011-s3,A,2011-s3-A-GB,B,6,4,1,13,62,True,5,Made playoffs
P1096,2011-s3,A,2011-s3-A-GB,B,6,4,2,12,57,True,9,Made playoffs
P1556,2011-s3,A,2011-s3-A-GB,B,6,2,4,6,43,False,,Group stage
P1675,2011-s3,A,2011-s3-A-GB,B,6,3,3,9,52,False,,Group stage
P1627,2011-s3,A,2011-s3-A-GB,B,6,0,6,0,38,False,,Group stage
P0726,2011-s3,A,2011-s3-A-GB,B,6,3,2,10,50,True,22,Made playoffs
P1334,2011-s3,A,2011-s3-A-GC,C,6,6,0,18,68,True,1,Runner-up
P1393,2011-s3,A,2011-s3-A-GC,C,5,0,5,0,22,False,,Group stage
P1688,2011-s3,A,2011-s3-A-GC,C,5,1,3,4,34,False,,Group stage
P1642,2011-s3,A,2011-s3-A-GC,C,6,2,4,6,38,False,,Group stage
P0076,2011-s3,A,2011-s3-A-GC,C,6,3,3,9,58,False,,Group stage
P0296,2011-s3,A,2011-s3-A-GC,C,6,3,2,10,60,True,21,Made playoffs
P1300,2011-s3,A,2011-s3-A-GC,C,6,4,2,12,62,True,17,Made playoffs
P1520,2011-s3,A,2011-s3-A-GD,D,6,5,1,15,63,False,,Group stage
P1063,2011-s3,A,2011-s3-A-GD,D,6,2,3,7,57,False,,Group stage
P0368,2011-s3,A,2011-s3-A-GD,D,6,3,2,10,62,True,13,Made playoffs
P1381,2011-s3,A,2011-s3-A-GD,D,6,1,5,3,23,False,,Group stage
P1691,2011-s3,A,2011-s3-A-GD,D,6,5,1,15,60,True,8,Made playoffs
P1607,2011-s3,A,2011-s3-A-GD,D,6,3,3,9,47,True,23,Made playoffs
P1714,2011-s3,A,2011-s3-A-GD,D,6,1,5,3,38,False,,Group stage
P1446,2011-s3,A,2011-s3-A-GE,E,6,3,3,9,53,True,16,Made playoffs
P1594,2011-s3,A,2011-s3-A-GE,E,6,3,3,9,50,False,,Group stage
P1425,2011-s3,A,2011-s3-A-GE,E,4,1,2,4,48,False,,Group stage
P1411,2011-s3,A,2011-s3-A-GE,E,5,4,1,12,66,True,7,Made playoffs
P1113,2011-s3,A,2011-s3-A-GE,E,4,0,4,0,28,False,,Group stage
P1286,2011-s3,A,2011-s3-A-GE,E,5,4,1,12,56,True,12,Made playoffs
P1686,2011-s3,A,2011-s3-A-GE,E,6,2,3,7,45,False,,Group stage
P1404,2011-s3,A,2011-s3-A-GF,F,5,4,1,12,66,True,11,Made playoffs
P1630,2011-s3,A,2011-s3-A-GF,F,6,4,2,12,60,True,6,Made playoffs
P1593,2011-s3,A,2011-s3-A-GF,F,5,3,1,10,62,True,24,Made playoffs
P1603,2011-s3,A,2011-s3-A-GF,F,6,3,3,9,52,True,25,Made playoffs
P1539,2011-s3,A,2011-s3-A-GF,F,6,0,6,0,22,False,,Group stage
P1672,2011-s3,A,2011-s3-A-GF,F,4,1,3,3,30,False,,Group stage
P1419,2011-s3,A,2011-s3-A-GF,F,6,3,2,10,57,True,14,Made playoffs
P1577,2011-s3,A,2011-s3-A-GG,G,4,3,1,9,60,True,18,Made playoffs
P1713,2011-s3,A,2011-s3-A-GG,G,4,3,1,9,65,False,,Group stage
P1097,2011-s3,A,2011-s3-A-GG,G,5,0,4,1,28,False,,Group stage
P1198,2011-s3,A,2011-s3-A-GG,G,6,3,3,9,58,True,15,Champion
P1440,2011-s3,A,2011-s3-A-GG,G,3,1,2,3,37,False,,Group stage
P1614,2011-s3,A,2011-s3-A-GG,G,6,0,5,1,37,False,,Group stage
P0754,2011-s3,A,2011-s3-A-GG,G,6,6,0,18,63,True,2,Made playoffs
P1626,2011-s3,B,2011-s3-B-GA,A,6,3,3,9,50,False,,Group stage
P1582,2011-s3,B,2011-s3-B-GA,A,6,5,1,15,57,True,4,Made playoffs
P1660,2011-s3,B,2011-s3-B-GA,A,6,3,3,9,57,True,10,Made playoffs
P1472,2011-s3,B,2011-s3-B-GA,A,5,2,3,6,48,False,,Group stage
P1682,2011-s3,B,2011-s3-B-GA,A,5,0,5,0,30,False,,Group stage
P1570,2011-s3,B,2011-s3-B-GA,A,6,3,3,9,48,True,21,Made playoffs
P1653,2011-s3,B,2011-s3-B-GA,A,6,4,2,12,57,True,9,Made playoffs
P0907,2011-s3,B,2011-s3-B-GB,B,6,6,0,18,72,True,1,Made playoffs
P1680,2011-s3,B,2011-s3-B-GB,B,6,4,2,12,67,True,8,Made playoffs
P1624,2011-s3,B,2011-s3-B-GB,B,6,2,4,6,37,False,,Group stage
P1313,2011-s3,B,2011-s3-B-GB,B,6,1,4,4,42,False,,Group stage
P1644,2011-s3,B,2011-s3-B-GB,B,6,4,1,13,58,True,7,Made playoffs
P1658,2011-s3,B,2011-s3-B-GB,B,6,0,6,0,28,False,,Group stage
P1598,2011-s3,B,2011-s3-B-GB,B,6,3,3,9,47,False,,Group stage
P1721,2011-s3,B,2011-s3-B-GC,C,6,3,2,10,60,True,17,Made playoffs
P1417,2011-s3,B,2011-s3-B-GC,C,4,2,2,6,55,False,,Group stage
P1606,2011-s3,B,2011-s3-B-GC,C,5,3,2,9,58,True,22,Made playoffs
P1576,2011-s3,B,2011-s3-B-GC,C,6,5,0,16,68,True,3,Champion
P1430,2011-s3,B,2011-s3-B-GC,C,6,3,3,9,50,True,11,Made playoffs
P1575,2011-s3,B,2011-s3-B-GC,C,6,1,5,3,17,False,,Group stage
P1633,2011-s3,B,2011-s3-B-GC,C,5,1,4,3,44,False,,Group stage
P1463,2011-s3,B,2011-s3-B-GD,D,6,2,4,6,57,False,,Group stage
P1610,2011-s3,B,2011-s3-B-GD,D,3,0,3,0,13,False,,Group stage
P1609,2011-s3,B,2011-s3-B-GD,D,5,3,2,9,58,True,13,Runner-up
P1531,2011-s3,B,2011-s3-B-GD,D,6,6,0,18,75,True,2,Made playoffs
P1716,2011-s3,B,2011-s3-B-GD,D,4,0,4,0,10,False,,Group stage
P1705,2011-s3,B,2011-s3-B-GD,D,4,1,3,3,23,False,,Group stage
P1516,2011-s3,B,2011-s3-B-GD,D,6,5,1,15,75,True,18,Made playoffs
P1628,2011-s3,B,2011-s3-B-GE,E,3,0,3,0,23,False,,Group stage
P1697,2011-s3,B,2011-s3-B-GE,E,5,3,2,9,66,True,12,Made playoffs
P1696,2011-s3,B,2011-s3-B-GE,E,4,1,3,3,33,False,,Group stage
P1492,2011-s3,B,2011-s3-B-GE,E,5,2,3,6,40,False,,Group stage
P1703,2011-s3,B,2011-s3-B-GE,E,6,4,2,12,58,False,,Group stage
P1669,2011-s3,B,2011-s3-B-GE,E,6,4,2,12,57,True,15,Made playoffs
P1639,2011-s3,B,2011-s3-B-GE,E,5,3,2,9,56,False,,Group stage
P1568,2011-s3,B,2011-s3-B-GF,F,5,3,2,9,44,True,16,Made playoffs
P1616,2011-s3,B,2011-s3-B-GF,F,6,5,1,15,73,True,5,Made playoffs
P1717,2011-s3,B,2011-s3-B-GF,F,4,2,2,6,50,False,,Group stage
P0282,2011-s3,B,2011-s3-B-GF,F,4,0,4,0,33,False,,Group stage
P1666,2011-s3,B,2011-s3-B-GF,F,3,1,2,3,47,False,,Group stage
P1592,2011-s3,B,2011-s3-B-GF,F,3,1,2,3,37,False,,Group stage
P1710,2011-s3,B,2011-s3-B-GF,F,5,3,2,9,52,False,,Group stage
P1693,2011-s4,A,2011-s4-A-GA,A,4,0,4,0,30,False,,Group stage
P1713,2011-s4,A,2011-s4-A-GA,A,5,4,1,12,68,True,6,Champion
P0184,2011-s4,A,2011-s4-A-GA,A,1,1,0,3,60,False,,Group stage
P0076,2011-s4,A,2011-s4-A-GA,A,5,3,0,11,62,True,12,Made playoffs
P1603,2011-s4,A,2011-s4-A-GA,A,5,1,4,3,33,False,,Group stage
P1578,2011-s4,A,2011-s4-A-GA,A,4,2,1,7,53,True,20,Made playoffs
P1380,2011-s4,A,2011-s4-A-GA,A,4,1,2,4,43,False,,Group stage
P1520,2011-s4,A,2011-s4-A-GB,B,3,0,3,0,40,False,,Group stage
P1404,2011-s4,A,2011-s4-A-GB,B,5,3,2,9,48,True,18,Made playoffs
P1223,2011-s4,A,2011-s4-A-GB,B,5,4,0,13,68,True,7,Made playoffs
P1706,2011-s4,A,2011-s4-A-GB,B,4,2,1,7,53,True,24,Made playoffs
P1096,2011-s4,A,2011-s4-A-GB,B,4,1,3,3,43,False,,Group stage
P1435,2011-s4,A,2011-s4-A-GB,B,4,3,1,9,60,True,16,Made playoffs
P1683,2011-s4,A,2011-s4-A-GB,B,5,1,4,3,38,False,,Group stage
P1198,2011-s4,A,2011-s4-A-GC,C,6,5,1,15,63,True,8,Made playoffs
P1595,2011-s4,A,2011-s4-A-GC,C,6,4,2,12,53,True,9,Made playoffs
P0969,2011-s4,A,2011-s4-A-GC,C,6,5,1,15,67,True,3,Made playoffs
P1631,2011-s4,A,2011-s4-A-GC,C,5,2,3,6,46,False,,Group stage
P0726,2011-s4,A,2011-s4-A-GC,C,5,1,4,3,38,False,,Group stage
P1075,2011-s4,A,2011-s4-A-GC,C,6,2,4,6,50,True,25,Made playoffs
P1138,2011-s4,A,2011-s4-A-GC,C,4,0,4,0,20,False,,Group stage
P0951,2011-s4,A,2011-s4-A-GD,D,4,1,2,4,40,False,,Group stage
P1584,2011-s4,A,2011-s4-A-GD,D,4,3,1,9,60,True,17,Made playoffs
P1262,2011-s4,A,2011-s4-A-GD,D,6,3,1,11,57,True,11,Made playoffs
P0988,2011-s4,A,2011-s4-A-GD,D,5,4,0,13,66,True,5,Made playoffs
P1399,2011-s4,A,2011-s4-A-GD,D,4,1,2,4,55,False,,Group stage
P1466,2011-s4,A,2011-s4-A-GD,D,4,0,4,0,28,False,,Group stage
P1686,2011-s4,A,2011-s4-A-GD,D,3,0,2,1,33,False,,Group stage
P1724,2011-s4,A,2011-s4-A-GE,E,4,0,4,0,20,False,,Group stage
P1425,2011-s4,A,2011-s4-A-GE,E,6,5,1,15,68,True,2,Made playoffs
P1022,2011-s4,A,2011-s4-A-GE,E,3,1,2,3,43,False,,Group stage
P0754,2011-s4,A,2011-s4-A-GE,E,3,2,1,6,63,False,,Group stage
P1701,2011-s4,A,2011-s4-A-GE,E,5,4,1,12,60,True,10,Made playoffs
P1063,2011-s4,A,2011-s4-A-GE,E,5,1,4,3,42,False,,Group stage
P1508,2011-s4,A,2011-s4-A-GE,E,4,2,2,6,45,True,21,Made playoffs
P1300,2011-s4,A,2011-s4-A-GF,F,6,3,3,9,47,True,14,Made playoffs
P0010,2011-s4,A,2011-s4-A-GF,F,4,3,1,9,65,True,15,Made playoffs
P1157,2011-s4,A,2011-s4-A-GF,F,6,2,2,8,52,True,22,Made playoffs
P1588,2011-s4,A,2011-s4-A-GF,F,6,5,1,15,60,True,4,Made playoffs
P1576,2011-s4,A,2011-s4-A-GF,F,5,0,4,1,36,False,,Group stage
P0873,2011-s4,A,2011-s4-A-GF,F,5,2,2,7,56,True,23,Made playoffs
P1556,2011-s4,A,2011-s4-A-GF,F,4,1,3,3,33,False,,Group stage
P1656,2011-s4,A,2011-s4-A-GG,G,6,5,0,16,70,True,1,Runner-up
P0984,2011-s4,A,2011-s4-A-GG,G,5,3,1,10,70,True,13,Made playoffs
P1249,2011-s4,A,2011-s4-A-GG,G,4,1,2,4,40,False,,Group stage
P1085,2011-s4,A,2011-s4-A-GG,G,5,3,2,9,46,True,19,Made playoffs
P0728,2011-s4,A,2011-s4-A-GG,G,6,3,3,9,44,False,,Group stage
P1569,2011-s4,A,2011-s4-A-GG,G,6,1,5,3,40,False,,Group stage
P1675,2011-s4,A,2011-s4-A-GG,G,6,1,4,4,37,False,,Group stage
P1313,2011-s4,B,2011-s4-B-GA,A,5,0,4,1,34,False,,Group stage
P1430,2011-s4,B,2011-s4-B-GA,A,6,2,2,8,50,True,16,Made playoffs
P1625,2011-s4,B,2011-s4-B-GA,A,5,1,3,4,38,False,,Group stage
P1700,2011-s4,B,2011-s4-B-GA,A,6,6,0,18,75,True,2,Made playoffs
P0296,2011-s4,B,2011-s4-B-GA,A,6,5,1,15,72,True,8,Made playoffs
P0282,2011-s4,B,2011-s4-B-GA,A,4,0,3,1,30,False,,Group stage
P1573,2011-s4,B,2011-s4-B-GA,A,6,2,3,7,40,True,24,Made playoffs
P1653,2011-s4,B,2011-s4-B-GB,B,5,4,1,12,76,True,10,Made playoffs
P0907,2011-s4,B,2011-s4-B-GB,B,6,6,0,18,77,True,1,Made playoffs
P1718,2011-s4,B,2011-s4-B-GB,B,3,1,2,3,30,False,,Group stage
P1680,2011-s4,B,2011-s4-B-GB,B,2,0,2,0,20,False,,Group stage
P1676,2011-s4,B,2011-s4-B-GB,B,4,0,3,1,28,False,,Group stage
P1599,2011-s4,B,2011-s4-B-GB,B,6,2,3,7,53,True,22,Made playoffs
P1463,2011-s4,B,2011-s4-B-GB,B,4,0,2,2,25,False,,Group stage
P1097,2011-s4,B,2011-s4-B-GC,C,5,3,2,9,54,True,15,Made playoffs
P1698,2011-s4,B,2011-s4-B-GC,C,5,2,3,6,38,False,,Group stage
P1673,2011-s4,B,2011-s4-B-GC,C,5,4,0,13,64,True,5,Made playoffs
P1663,2011-s4,B,2011-s4-B-GC,C,5,1,4,3,42,False,,Group stage
P1681,2011-s4,B,2011-s4-B-GC,C,5,4,1,12,64,True,12,Made playoffs
P1696,2011-s4,B,2011-s4-B-GC,C,4,0,3,1,38,False,,Group stage
P1661,2011-s4,B,2011-s4-B-GC,C,1,0,1,0,40,False,,Group stage
P1516,2011-s4,B,2011-s4-B-GD,D,5,5,0,15,64,True,4,Made playoffs
P1293,2011-s4,B,2011-s4-B-GD,D,6,3,1,11,60,True,13,Made playoffs
P1607,2011-s4,B,2011-s4-B-GD,D,6,4,2,12,63,True,9,Made playoffs
P1643,2011-s4,B,2011-s4-B-GD,D,6,2,4,6,45,True,25,Made playoffs
P1629,2011-s4,B,2011-s4-B-GD,D,5,2,2,7,50,False,,Group stage
P1674,2011-s4,B,2011-s4-B-GD,D,6,2,3,7,47,True,23,Made playoffs
P0616,2011-s4,B,2011-s4-B-GD,D,6,0,6,0,23,False,,Group stage
P1580,2011-s4,B,2011-s4-B-GE,E,4,4,0,12,80,True,6,Made playoffs
P1641,2011-s4,B,2011-s4-B-GE,E,5,1,4,3,34,False,,Group stage
P1395,2011-s4,B,2011-s4-B-GE,E,6,2,4,6,43,False,,Group stage
P1714,2011-s4,B,2011-s4-B-GE,E,2,1,1,3,50,False,,Group stage
P1664,2011-s4,B,2011-s4-B-GE,E,5,1,4,3,34,False,,Group stage
P1604,2011-s4,B,2011-s4-B-GE,E,4,4,0,12,75,True,11,Made playoffs
P1554,2011-s4,B,2011-s4-B-GE,E,6,3,3,9,47,True,14,Made playoffs
P1699,2011-s4,B,2011-s4-B-GF,F,4,2,2,6,53,False,,Group stage
P1608,2011-s4,B,2011-s4-B-GF,F,5,3,2,9,50,True,18,Made playoffs
P1710,2011-s4,B,2011-s4-B-GF,F,6,1,5,3,30,False,,Group stage
P1609,2011-s4,B,2011-s4-B-GF,F,6,4,2,12,66,True,17,Champion
P1636,2011-s4,B,2011-s4-B-GF,F,6,5,1,15,62,True,3,Made playoffs
P1531,2011-s4,B,2011-s4-B-GF,F,5,3,2,9,54,True,21,Made playoffs
P1670,2011-s4,B,2011-s4-B-GF,F,6,1,5,3,37,False,,Group stage
P1640,2011-s4,B,2011-s4-B-GG,G,2,0,2,0,10,False,,Group stage
P1492,2011-s4,B,2011-s4-B-GG,G,3,0,3,0,25,False,,Group stage
P1690,2011-s4,B,2011-s4-B-GG,G,4,2,2,6,50,False,,Group stage
P1702,2011-s4,B,2011-s4-B-GG,G,4,0,4,0,33,False,,Group stage
P1627,2011-s4,B,2011-s4-B-GG,G,5,4,0,13,63,True,7,Runner-up
P1539,2011-s4,B,2011-s4-B-GG,G,5,3,2,9,64,True,20,Made playoffs
P1113,2011-s4,B,2011-s4-B-GG,G,5,4,0,13,63,True,19,Made playoffs
P1334,2011-s5,A,2011-s5-A-GA,A,6,6,0,18,77,True,2,Made playoffs
P1369,2011-s5,A,2011-s5-A-GA,A,4,3,1,9,55,True,15,Made playoffs
P0988,2011-s5,A,2011-s5-A-GA,A,4,1,2,4,38,False,,Group stage
P1588,2011-s5,A,2011-s5-A-GA,A,6,3,3,9,45,True,14,Made playoffs
P1631,2011-s5,A,2011-s5-A-GA,A,6,0,6,0,40,False,,Group stage
P0726,2011-s5,A,2011-s5-A-GA,A,4,1,3,3,38,False,,Group stage
P1104,2011-s5,A,2011-s5-A-GA,A,4,2,1,7,53,False,,Group stage
P1441,2011-s5,A,2011-s5-A-GB,B,6,4,2,12,52,True,7,Made playoffs
P1434,2011-s5,A,2011-s5-A-GB,B,6,5,0,16,63,True,3,Made playoffs
P1425,2011-s5,A,2011-s5-A-GB,B,6,3,3,9,53,True,19,Made playoffs
P0951,2011-s5,A,2011-s5-A-GB,B,6,2,3,7,53,False,,Group stage
P0728,2011-s5,A,2011-s5-A-GB,B,5,1,4,3,44,False,,Group stage
P1189,2011-s5,A,2011-s5-A-GB,B,6,4,2,12,57,True,8,Made playoffs
P1632,2011-s5,A,2011-s5-A-GB,B,5,0,5,0,22,False,,Group stage
P1585,2011-s5,A,2011-s5-A-GC,C,4,4,0,12,73,True,11,Champion
P0584,2011-s5,A,2011-s5-A-GC,C,6,5,1,15,68,True,4,Made playoffs
P1063,2011-s5,A,2011-s5-A-GC,C,4,0,3,1,40,False,,Group stage
P0073,2011-s5,A,2011-s5-A-GC,C,6,3,3,9,48,True,21,Runner-up
P1435,2011-s5,A,2011-s5-A-GC,C,4,1,3,3,25,False,,Group stage
P1679,2011-s5,A,2011-s5-A-GC,C,6,3,2,10,50,True,18,Made playoffs
P1618,2011-s5,A,2011-s5-A-GC,C,4,0,4,0,30,False,,Group stage
P1262,2011-s5,A,2011-s5-A-GD,D,5,2,3,6,50,False,,Group stage
P1158,2011-s5,A,2011-s5-A-GD,D,6,3,3,9,50,True,13,Made playoffs
P1719,2011-s5,A,2011-s5-A-GD,D,6,4,2,12,55,True,9,Made playoffs
P1096,2011-s5,A,2011-s5-A-GD,D,6,3,2,10,52,True,22,Made playoffs
P1701,2011-s5,A,2011-s5-A-GD,D,6,4,1,13,57,True,5,Made playoffs
P1627,2011-s5,A,2011-s5-A-GD,D,5,1,4,3,38,False,,Group stage
P0076,2011-s5,A,2011-s5-A-GD,D,4,1,3,3,45,False,,Group stage
P1404,2011-s5,A,2011-s5-A-GE,E,6,0,6,0,40,False,,Group stage
P1300,2011-s5,A,2011-s5-A-GE,E,6,4,1,13,62,True,12,Made playoffs
P1380,2011-s5,A,2011-s5-A-GE,E,6,3,3,9,48,True,20,Made playoffs
P0873,2011-s5,A,2011-s5-A-GE,E,6,4,2,12,50,True,16,Made playoffs
P1689,2011-s5,A,2011-s5-A-GE,E,5,5,0,15,65,True,6,Made playoffs
P1399,2011-s5,A,2011-s5-A-GE,E,6,2,4,6,45,False,,Group stage
P1497,2011-s5,A,2011-s5-A-GE,E,5,1,3,4,33,False,,Group stage
P1578,2011-s5,A,2011-s5-A-GF,F,6,4,2,12,55,True,10,Made playoffs
P0907,2011-s5,A,2011-s5-A-GF,F,6,1,4,4,35,False,,Group stage
P1569,2011-s5,A,2011-s5-A-GF,F,6,3,1,11,48,True,17,Made playoffs
P1075,2011-s5,A,2011-s5-A-GF,F,6,6,0,18,83,True,1,Made playoffs
P1595,2011-s5,A,2011-s5-A-GF,F,5,1,4,3,35,False,,Group stage
P0010,2011-s5,A,2011-s5-A-GF,F,6,3,2,10,45,True,23,Made playoffs
P0617,2011-s5,A,2011-s5-A-GF,F,5,0,5,0,33,False,,Group stage
P1168,2011-s5,A,2011-s5-A-GG,G,0,0,0,0,,False,,Group stage
P1586,2011-s5,B,2011-s5-B-GA,A,6,2,4,6,42,False,,Group stage
P1647,2011-s5,B,2011-s5-B-GA,A,6,1,5,3,32,False,,Group stage
P1596,2011-s5,B,2011-s5-B-GA,A,6,2,4,6,43,False,,Group stage
P1401,2011-s5,B,2011-s5-B-GA,A,6,2,4,6,44,False,,Group stage
P0296,2011-s5,B,2011-s5-B-GA,A,6,5,0,16,72,True,9,Runner-up
P1671,2011-s5,B,2011-s5-B-GA,A,6,3,1,11,55,True,12,Made playoffs
P1664,2011-s5,B,2011-s5-B-GA,A,6,4,1,13,65,False,,Group stage
P1722,2011-s5,B,2011-s5-B-GB,B,3,1,2,3,33,False,,Group stage
P1607,2011-s5,B,2011-s5-B-GB,B,5,0,5,0,32,False,,Group stage
P1601,2011-s5,B,2011-s5-B-GB,B,5,2,3,6,36,False,,Group stage
P1626,2011-s5,B,2011-s5-B-GB,B,5,2,3,6,54,False,,Group stage
P1430,2011-s5,B,2011-s5-B-GB,B,6,5,1,15,60,True,4,Made playoffs
P1536,2011-s5,B,2011-s5-B-GB,B,6,3,2,10,60,True,13,Made playoffs
P1335,2011-s5,B,2011-s5-B-GB,B,6,4,1,13,62,True,8,Made playoffs
P1010,2011-s5,B,2011-s5-B-GC,C,6,4,2,12,53,True,11,Made playoffs
P1539,2011-s5,B,2011-s5-B-GC,C,5,2,3,6,46,False,,Group stage
P1717,2011-s5,B,2011-s5-B-GC,C,5,1,4,3,30,False,,Group stage
P1651,2011-s5,B,2011-s5-B-GC,C,6,5,1,15,68,True,3,Made playoffs
P1313,2011-s5,B,2011-s5-B-GC,C,5,1,4,3,46,False,,Group stage
P1587,2011-s5,B,2011-s5-B-GC,C,5,5,0,15,82,True,7,Made playoffs
P1646,2011-s5,B,2011-s5-B-GC,C,4,0,4,0,13,False,,Group stage
P1698,2011-s5,B,2011-s5-B-GD,D,6,3,3,9,50,True,19,Made playoffs
P1711,2011-s5,B,2011-s5-B-GD,D,6,1,4,4,35,False,,Group stage
P1590,2011-s5,B,2011-s5-B-GD,D,6,3,3,9,50,True,17,Made playoffs
P1684,2011-s5,B,2011-s5-B-GD,D,6,1,4,4,47,False,,Group stage
P1570,2011-s5,B,2011-s5-B-GD,D,6,3,3,9,47,True,20,Made playoffs
P1611,2011-s5,B,2011-s5-B-GD,D,6,3,3,9,57,True,14,Made playoffs
P1591,2011-s5,B,2011-s5-B-GD,D,6,6,0,18,65,True,2,Champion
P1138,2011-s5,B,2011-s5-B-GE,E,6,6,0,18,72,True,1,Made playoffs
P1381,2011-s5,B,2011-s5-B-GE,E,5,1,3,4,28,False,,Group stage
P1463,2011-s5,B,2011-s5-B-GE,E,5,0,5,0,30,False,,Group stage
P1531,2011-s5,B,2011-s5-B-GE,E,6,4,2,12,62,True,18,Made playoffs
P1675,2011-s5,B,2011-s5-B-GE,E,6,3,3,9,55,True,16,Made playoffs
P1687,2011-s5,B,2011-s5-B-GE,E,4,2,2,6,53,False,,Group stage
P1662,2011-s5,B,2011-s5-B-GE,E,6,2,3,7,43,True,22,Made playoffs
P0024,2011-s5,B,2011-s5-B-GF,F,6,2,2,8,53,True,21,Made playoffs
P1573,2011-s5,B,2011-s5-B-GF,F,6,1,4,4,34,False,,Group stage
P1572,2011-s5,B,2011-s5-B-GF,F,6,4,2,12,59,True,10,Made playoffs
P1516,2011-s5,B,2011-s5-B-GF,F,5,4,0,13,60,True,6,Made playoffs
P1612,2011-s5,B,2011-s5-B-GF,F,6,0,6,0,35,False,,Group stage
P1439,2011-s5,B,2011-s5-B-GF,F,5,3,1,10,56,True,15,Made playoffs
P1097,2011-s5,B,2011-s5-B-GF,F,4,2,1,7,58,False,,Group stage
P1588,2012-s1,A,2012-s1-A-GA,A,6,2,3,7,33.3,True,24,Made playoffs
P1802,2012-s1,A,2012-s1-A-GA,A,6,2,3,7,33.3,True,25,Made playoffs
P1801,2012-s1,A,2012-s1-A-GA,A,6,4,2,12,66.7,True,3,Made playoffs
P1761,2012-s1,A,2012-s1-A-GA,A,5,1,3,4,20.0,False,,Group stage
P1103,2012-s1,A,2012-s1-A-GA,A,6,2,1,9,33.3,True,16,Made playoffs
P1419,2012-s1,A,2012-s1-A-GA,A,5,4,1,12,80.0,True,12,Made playoffs
P1846,2012-s1,A,2012-s1-A-GA,A,4,0,4,0,0.0,False,,Group stage
P1585,2012-s1,A,2012-s1-A-GB,B,6,6,0,18,100.0,True,1,Champion
P1578,2012-s1,A,2012-s1-A-GB,B,6,4,2,12,66.7,True,8,Made playoffs
P1063,2012-s1,A,2012-s1-A-GB,B,3,0,3,0,0.0,False,,Group stage
P1825,2012-s1,A,2012-s1-A-GB,B,5,1,4,3,20.0,False,,Group stage
P1425,2012-s1,A,2012-s1-A-GB,B,5,2,3,6,40.0,False,,Group stage
P1817,2012-s1,A,2012-s1-A-GB,B,5,1,4,3,20.0,False,,Group stage
P1627,2012-s1,A,2012-s1-A-GB,B,6,4,2,12,66.7,True,9,Made playoffs
P1202,2012-s1,A,2012-s1-A-GC,C,0,,,,,True,4,Made playoffs
P1567,2012-s1,A,2012-s1-A-GC,C,0,,,,,False,,Group stage
P1821,2012-s1,A,2012-s1-A-GC,C,0,,,,,False,,Group stage
P1316,2012-s1,A,2012-s1-A-GC,C,0,,,,,True,17,Made playoffs
P1719,2012-s1,A,2012-s1-A-GC,C,0,,,,,False,,Group stage
P1587,2012-s1,A,2012-s1-A-GC,C,0,,,,,False,,Group stage
P0969,2012-s1,A,2012-s1-A-GD,D,6,4,1,13,66.7,True,2,Made playoffs
P0182,2012-s1,A,2012-s1-A-GD,D,6,2,2,8,33.3,True,19,Made playoffs
P1822,2012-s1,A,2012-s1-A-GD,D,3,0,3,0,0.0,False,,Group stage
P1852,2012-s1,A,2012-s1-A-GD,D,5,4,1,12,80.0,False,,Group stage
P1771,2012-s1,A,2012-s1-A-GD,D,5,1,4,3,20.0,False,,Group stage
P1398,2012-s1,A,2012-s1-A-GD,D,5,2,2,7,40.0,False,,Group stage
P1739,2012-s1,A,2012-s1-A-GD,D,6,2,4,6,33.3,False,,Group stage
P0709,2012-s1,A,2012-s1-A-GE,E,4,1,3,3,25.0,False,,Group stage
P1839,2012-s1,A,2012-s1-A-GE,E,4,3,1,9,75.0,True,18,Made playoffs
P1732,2012-s1,A,2012-s1-A-GE,E,5,4,1,12,80.0,True,6,Runner-up
P1270,2012-s1,A,2012-s1-A-GE,E,3,1,2,3,33.3,False,,Group stage
P1765,2012-s1,A,2012-s1-A-GE,E,5,1,1,6,20.0,True,20,Made playoffs
P1815,2012-s1,A,2012-s1-A-GE,E,3,1,2,3,33.3,False,,Group stage
P0248,2012-s1,A,2012-s1-A-GE,E,3,0,3,0,0.0,False,,Group stage
P1830,2012-s1,A,2012-s1-A-GF,F,6,2,3,7,33.3,True,23,Made playoffs
P1740,2012-s1,A,2012-s1-A-GF,F,6,3,3,9,50.0,True,22,Made playoffs
P0223,2012-s1,A,2012-s1-A-GF,F,6,2,4,6,33.3,False,,Group stage
P1096,2012-s1,A,2012-s1-A-GF,F,6,2,1,9,33.3,True,15,Made playoffs
P1757,2012-s1,A,2012-s1-A-GF,F,6,4,2,12,66.7,True,5,Made playoffs
P1835,2012-s1,A,2012-s1-A-GF,F,6,4,2,12,66.7,True,10,Made playoffs
P1775,2012-s1,A,2012-s1-A-GF,F,6,1,4,4,16.7,False,,Group stage
P1842,2012-s1,A,2012-s1-A-GG,G,0,0,0,0,0.0,True,14,Made playoffs
P1854,2012-s1,A,2012-s1-A-GG,G,0,0,0,0,0.0,True,21,Made playoffs
P1791,2012-s1,A,2012-s1-A-GG,G,0,0,0,0,0.0,True,7,Made playoffs
P1753,2012-s1,A,2012-s1-A-GG,G,0,0,0,0,0.0,False,,Group stage
P0464,2012-s1,A,2012-s1-A-GG,G,0,0,0,0,0.0,False,,Group stage
P0076,2012-s1,A,2012-s1-A-GG,G,0,0,0,0,0.0,False,,Group stage
P0029,2012-s1,A,2012-s1-A-GG,G,0,0,0,0,0.0,False,,Group stage
P1735,2012-s1,B,2012-s1-B-GA,A,6,4,2,12,66.7,True,4,Made playoffs
P1823,2012-s1,B,2012-s1-B-GA,A,5,2,3,6,40.0,False,,Group stage
P1778,2012-s1,B,2012-s1-B-GA,A,5,4,1,12,80.0,True,13,Made playoffs
P1803,2012-s1,B,2012-s1-B-GA,A,1,0,1,0,0.0,False,,Group stage
P1807,2012-s1,B,2012-s1-B-GA,A,5,1,4,3,20.0,False,,Group stage
P1762,2012-s1,B,2012-s1-B-GA,A,4,1,3,3,25.0,False,,Group stage
P1754,2012-s1,B,2012-s1-B-GA,A,4,3,1,9,75.0,True,19,Made playoffs
P1810,2012-s1,B,2012-s1-B-GB,B,6,4,2,12,66.7,True,10,Made playoffs
P1586,2012-s1,B,2012-s1-B-GB,B,4,0,4,0,0.0,False,,Group stage
P1439,2012-s1,B,2012-s1-B-GB,B,6,3,3,9,50.0,False,,Group stage
P1733,2012-s1,B,2012-s1-B-GB,B,5,5,0,15,100.0,True,8,Made playoffs
P1604,2012-s1,B,2012-s1-B-GB,B,5,5,0,15,100.0,True,2,Made playoffs
P1430,2012-s1,B,2012-s1-B-GB,B,4,0,4,0,0.0,False,,Group stage
P1756,2012-s1,B,2012-s1-B-GB,B,4,0,4,0,0.0,False,,Group stage
P1717,2012-s1,B,2012-s1-B-GC,C,6,3,3,9,50.0,True,25,Made playoffs
P1767,2012-s1,B,2012-s1-B-GC,C,6,3,2,10,50.0,True,16,Made playoffs
P1664,2012-s1,B,2012-s1-B-GC,C,5,2,2,7,40.0,False,,Group stage
P1838,2012-s1,B,2012-s1-B-GC,C,6,4,2,12,66.7,False,,Group stage
P1394,2012-s1,B,2012-s1-B-GC,C,6,4,2,12,66.7,True,5,Made playoffs
P1764,2012-s1,B,2012-s1-B-GC,C,5,1,4,3,20.0,False,,Group stage
P1200,2012-s1,B,2012-s1-B-GC,C,6,2,4,6,33.3,False,,Group stage
P1789,2012-s1,B,2012-s1-B-GD,D,0,,,,,False,,Group stage
P1808,2012-s1,B,2012-s1-B-GD,D,0,,,,,True,18,Made playoffs
P1741,2012-s1,B,2012-s1-B-GD,D,0,,,,,False,,Group stage
P1274,2012-s1,B,2012-s1-B-GD,D,0,,,,,False,,Group stage
P1646,2012-s1,B,2012-s1-B-GD,D,0,,,,,False,,Group stage
P1179,2012-s1,B,2012-s1-B-GE,E,0,,,,,True,3,Made playoffs
P1051,2012-s1,B,2012-s1-B-GE,E,0,,,,,True,24,Runner-up
P1774,2012-s1,B,2012-s1-B-GE,E,0,,,,,True,15,Made playoffs
P0772,2012-s1,B,2012-s1-B-GE,E,0,,,,,True,23,Made playoffs
P1458,2012-s1,B,2012-s1-B-GE,E,0,,,,,True,9,Made playoffs
P1183,2012-s1,B,2012-s1-B-GE,E,0,,,,,False,,Group stage
P1381,2012-s1,B,2012-s1-B-GF,F,5,3,2,9,60.0,False,,Group stage
P1843,2012-s1,B,2012-s1-B-GF,F,4,0,4,0,0.0,False,,Group stage
P1805,2012-s1,B,2012-s1-B-GF,F,3,0,3,0,0.0,False,,Group stage
P1848,2012-s1,B,2012-s1-B-GF,F,4,4,0,12,100.0,False,,Group stage
P1531,2012-s1,B,2012-s1-B-GF,F,6,3,2,10,50.0,True,17,Made playoffs
P1820,2012-s1,B,2012-s1-B-GF,F,1,0,1,0,0.0,False,,Group stage
P1836,2012-s1,B,2012-s1-B-GF,F,5,3,2,9,60.0,False,,Group stage
P1794,2012-s1,B,2012-s1-B-GG,G,0,0,0,0,0.0,False,,Group stage
P1396,2012-s1,B,2012-s1-B-GG,G,0,0,0,0,0.0,True,12,Made playoffs
P1686,2012-s1,B,2012-s1-B-GG,G,0,0,0,0,0.0,True,22,Made playoffs
P1730,2012-s1,B,2012-s1-B-GG,G,0,0,0,0,0.0,False,,Group stage
P1818,2012-s1,B,2012-s1-B-GG,G,0,0,0,0,0.0,True,14,Made playoffs
P1824,2012-s1,B,2012-s1-B-GG,G,0,0,0,0,0.0,True,1,Made playoffs
P1840,2012-s1,B,2012-s1-B-GG,G,0,0,0,0,0.0,False,,Group stage
P1765,2012-s2,A,2012-s2-A-GA,A,6,1,3,5,16.7,False,,Group stage
P1849,2012-s2,A,2012-s2-A-GA,A,1,0,1,0,0.0,False,,Group stage
P0772,2012-s2,A,2012-s2-A-GA,A,6,4,1,13,66.7,True,5,Made playoffs
P1808,2012-s2,A,2012-s2-A-GA,A,4,4,0,12,100.0,True,12,Made playoffs
P1425,2012-s2,A,2012-s2-A-GA,A,6,0,4,2,0.0,False,,Group stage
P1732,2012-s2,A,2012-s2-A-GA,A,6,1,1,7,16.7,False,,Group stage
P1249,2012-s2,A,2012-s2-A-GA,A,6,2,2,8,33.3,True,20,Made playoffs
P1584,2012-s2,A,2012-s2-A-GB,B,6,4,1,13,66.7,True,4,Made playoffs
P1854,2012-s2,A,2012-s2-A-GB,B,5,1,4,3,20.0,False,,Group stage
P1771,2012-s2,A,2012-s2-A-GB,B,6,3,2,10,50.0,True,16,Made playoffs
P1419,2012-s2,A,2012-s2-A-GB,B,6,3,2,10,50.0,True,22,Made playoffs
P1770,2012-s2,A,2012-s2-A-GB,B,5,3,1,10,60.0,True,23,Made playoffs
P1775,2012-s2,A,2012-s2-A-GB,B,5,0,5,0,0.0,False,,Group stage
P1096,2012-s2,A,2012-s2-A-GB,B,6,3,1,11,50.0,True,14,Made playoffs
P1251,2012-s2,A,2012-s2-A-GC,C,6,5,0,16,83.3,True,1,Made playoffs
P0064,2012-s2,A,2012-s2-A-GC,C,6,3,3,9,50.0,True,18,Made playoffs
P1398,2012-s2,A,2012-s2-A-GC,C,4,1,3,3,25.0,False,,Group stage
P1825,2012-s2,A,2012-s2-A-GC,C,6,2,4,6,33.3,False,,Group stage
P1755,2012-s2,A,2012-s2-A-GC,C,4,1,2,4,25.0,False,,Group stage
P1802,2012-s2,A,2012-s2-A-GC,C,6,1,3,5,16.7,False,,Group stage
P1830,2012-s2,A,2012-s2-A-GC,C,6,4,2,12,66.7,True,8,Made playoffs
P1791,2012-s2,A,2012-s2-A-GD,D,6,2,2,8,33.3,True,25,Made playoffs
P1396,2012-s2,A,2012-s2-A-GD,D,6,4,2,12,66.7,True,6,Made playoffs
P1523,2012-s2,A,2012-s2-A-GD,D,6,2,4,6,33.3,False,,Group stage
P0951,2012-s2,A,2012-s2-A-GD,D,6,3,3,9,50.0,True,19,Made playoffs
P1757,2012-s2,A,2012-s2-A-GD,D,3,1,2,3,33.3,False,,Group stage
P1821,2012-s2,A,2012-s2-A-GD,D,3,0,3,0,0.0,False,,Group stage
P1801,2012-s2,A,2012-s2-A-GD,D,4,4,0,12,100.0,True,11,Made playoffs
P0182,2012-s2,A,2012-s2-A-GE,E,5,3,1,10,60.0,True,17,Made playoffs
P1773,2012-s2,A,2012-s2-A-GE,E,6,2,3,7,33.3,False,,Group stage
P1051,2012-s2,A,2012-s2-A-GE,E,5,0,4,1,0.0,False,,Group stage
P1748,2012-s2,A,2012-s2-A-GE,E,3,0,3,0,0.0,False,,Group stage
P1839,2012-s2,A,2012-s2-A-GE,E,4,2,2,6,50.0,False,,Group stage
P1587,2012-s2,A,2012-s2-A-GE,E,6,5,1,15,83.3,True,2,Made playoffs
P1842,2012-s2,A,2012-s2-A-GE,E,6,4,2,12,66.7,True,9,Made playoffs
P1202,2012-s2,A,2012-s2-A-GF,F,3,1,1,4,33.3,False,,Group stage
P0368,2012-s2,A,2012-s2-A-GF,F,6,5,1,15,83.3,True,3,Made playoffs
P1810,2012-s2,A,2012-s2-A-GF,F,6,1,2,6,16.7,False,,Group stage
P1103,2012-s2,A,2012-s2-A-GF,F,4,1,2,4,25.0,False,,Group stage
P1745,2012-s2,A,2012-s2-A-GF,F,5,3,0,11,60.0,True,15,Runner-up
P1063,2012-s2,A,2012-s2-A-GF,F,6,2,3,7,33.3,True,21,Made playoffs
P1381,2012-s2,A,2012-s2-A-GF,F,3,0,3,0,0.0,False,,Group stage
P0969,2012-s2,A,2012-s2-A-GG,G,0,0,0,0,0.0,True,10,Made playoffs
P0464,2012-s2,A,2012-s2-A-GG,G,0,0,0,0,0.0,True,7,Made playoffs
P0024,2012-s2,A,2012-s2-A-GG,G,0,0,0,0,0.0,False,,Group stage
P1588,2012-s2,A,2012-s2-A-GG,G,0,0,0,0,0.0,False,,Group stage
P1627,2012-s2,A,2012-s2-A-GG,G,0,0,0,0,0.0,False,,Group stage
P1316,2012-s2,A,2012-s2-A-GG,G,0,0,0,0,0.0,True,13,Champion
P0223,2012-s2,A,2012-s2-A-GG,G,0,0,0,0,0.0,True,24,Made playoffs
P1183,2012-s2,B,2012-s2-B-GA,A,5,3,2,9,60.0,True,15,Made playoffs
P1643,2012-s2,B,2012-s2-B-GA,A,5,1,4,3,20.0,False,,Group stage
P1805,2012-s2,B,2012-s2-B-GA,A,6,4,2,12,66.7,True,8,Made playoffs
P1766,2012-s2,B,2012-s2-B-GA,A,5,3,2,9,60.0,True,20,Made playoffs
P1780,2012-s2,B,2012-s2-B-GA,A,2,0,2,0,0.0,False,,Group stage
P1439,2012-s2,B,2012-s2-B-GA,A,6,5,1,15,83.3,True,4,Made playoffs
P1664,2012-s2,B,2012-s2-B-GA,A,5,1,4,3,20.0,False,,Group stage
P1394,2012-s2,B,2012-s2-B-GB,B,2,2,0,6,100.0,False,,Group stage
P1804,2012-s2,B,2012-s2-B-GB,B,4,0,4,0,0.0,False,,Group stage
P1586,2012-s2,B,2012-s2-B-GB,B,5,1,4,3,20.0,False,,Group stage
P1774,2012-s2,B,2012-s2-B-GB,B,4,1,1,5,25.0,False,,Group stage
P1717,2012-s2,B,2012-s2-B-GB,B,6,4,1,13,66.7,True,6,Made playoffs
P1798,2012-s2,B,2012-s2-B-GB,B,5,3,1,10,60.0,True,13,Made playoffs
P1807,2012-s2,B,2012-s2-B-GB,B,5,3,2,9,60.0,True,16,Made playoffs
P1353,2012-s2,B,2012-s2-B-GC,C,6,4,2,12,66.7,True,11,Made playoffs
P1787,2012-s2,B,2012-s2-B-GC,C,6,5,0,16,83.3,True,2,Made playoffs
P1813,2012-s2,B,2012-s2-B-GC,C,6,3,3,9,50.0,True,18,Made playoffs
P1735,2012-s2,B,2012-s2-B-GC,C,6,3,3,9,50.0,True,19,Made playoffs
P1646,2012-s2,B,2012-s2-B-GC,C,6,0,6,0,0.0,False,,Group stage
P1744,2012-s2,B,2012-s2-B-GC,C,6,1,4,4,16.7,False,,Group stage
P1200,2012-s2,B,2012-s2-B-GC,C,6,4,2,12,66.7,True,9,Made playoffs
P1739,2012-s2,B,2012-s2-B-GD,D,5,5,0,15,100.0,True,5,Made playoffs
P1824,2012-s2,B,2012-s2-B-GD,D,2,0,2,0,0.0,False,,Group stage
P1778,2012-s2,B,2012-s2-B-GD,D,6,4,2,12,66.7,True,12,Made playoffs
P1746,2012-s2,B,2012-s2-B-GD,D,2,2,0,6,100.0,False,,Group stage
P1814,2012-s2,B,2012-s2-B-GD,D,3,1,2,3,33.3,False,,Group stage
P1795,2012-s2,B,2012-s2-B-GD,D,4,0,4,0,0.0,False,,Group stage
P1776,2012-s2,B,2012-s2-B-GD,D,2,0,2,0,0.0,False,,Group stage
P1531,2012-s2,B,2012-s2-B-GE,E,6,6,0,18,100.0,True,1,Champion
P1666,2012-s2,B,2012-s2-B-GE,E,4,1,3,3,25.0,False,,Group stage
P1836,2012-s2,B,2012-s2-B-GE,E,5,3,2,9,60.0,True,14,Made playoffs
P1764,2012-s2,B,2012-s2-B-GE,E,5,0,5,0,0.0,False,,Group stage
P1782,2012-s2,B,2012-s2-B-GE,E,5,2,2,7,40.0,True,17,Made playoffs
P1204,2012-s2,B,2012-s2-B-GE,E,3,2,1,6,66.7,False,,Group stage
P1847,2012-s2,B,2012-s2-B-GE,E,2,0,1,1,0.0,False,,Group stage
P1736,2012-s2,B,2012-s2-B-GF,F,0,0,0,0,0.0,False,,Group stage
P1799,2012-s2,B,2012-s2-B-GF,F,0,0,0,0,0.0,False,,Group stage
P1818,2012-s2,B,2012-s2-B-GF,F,0,0,0,0,0.0,True,7,Made playoffs
P1747,2012-s2,B,2012-s2-B-GF,F,0,0,0,0,0.0,True,10,Made playoffs
P1730,2012-s2,B,2012-s2-B-GF,F,0,0,0,0,0.0,False,,Group stage
P1733,2012-s2,B,2012-s2-B-GF,F,0,0,0,0,0.0,True,21,Made playoffs
P1731,2012-s2,B,2012-s2-B-GF,F,0,0,0,0,0.0,True,3,Runner-up
P1808,2012-s3,A,2012-s3-A-GA,A,5,3,1,10,60.0,True,23,Made playoffs
P0772,2012-s3,A,2012-s3-A-GA,A,6,2,4,6,33.3,False,,Group stage
P1251,2012-s3,A,2012-s3-A-GA,A,6,3,2,10,50.0,True,17,Champion
P1731,2012-s3,A,2012-s3-A-GA,A,4,0,4,0,0.0,False,,Group stage
P0368,2012-s3,A,2012-s3-A-GA,A,6,6,0,18,100.0,True,2,Made playoffs
P1752,2012-s3,A,2012-s3-A-GA,A,6,4,2,12,66.7,True,11,Made playoffs
P0024,2012-s3,A,2012-s3-A-GA,A,5,1,4,3,20.0,False,,Group stage
P1353,2012-s3,A,2012-s3-A-GB,B,4,0,4,0,0.0,False,,Group stage
P1732,2012-s3,A,2012-s3-A-GB,B,6,6,0,18,100.0,True,1,Made playoffs
P1755,2012-s3,A,2012-s3-A-GB,B,4,0,3,1,0.0,False,,Group stage
P1765,2012-s3,A,2012-s3-A-GB,B,6,3,2,10,50.0,True,18,Made playoffs
P1096,2012-s3,A,2012-s3-A-GB,B,5,4,1,12,80.0,True,13,Made playoffs
P1835,2012-s3,A,2012-s3-A-GB,B,3,0,2,1,0.0,False,,Group stage
P1531,2012-s3,A,2012-s3-A-GB,B,6,2,3,7,33.3,False,,Group stage
P1775,2012-s3,A,2012-s3-A-GC,C,6,3,3,9,50.0,True,24,Made playoffs
P1845,2012-s3,A,2012-s3-A-GC,C,4,0,4,0,0.0,False,,Group stage
P0951,2012-s3,A,2012-s3-A-GC,C,6,3,3,9,50.0,False,,Group stage
P1588,2012-s3,A,2012-s3-A-GC,C,6,4,2,12,66.7,True,12,Made playoffs
P0182,2012-s3,A,2012-s3-A-GC,C,5,4,0,13,80.0,True,6,Made playoffs
P1771,2012-s3,A,2012-s3-A-GC,C,4,0,3,1,0.0,False,,Group stage
P1419,2012-s3,A,2012-s3-A-GC,C,5,3,2,9,60.0,True,19,Made playoffs
P0969,2012-s3,A,2012-s3-A-GD,D,6,5,1,15,83.3,True,3,Runner-up
P1830,2012-s3,A,2012-s3-A-GD,D,6,2,2,8,33.3,False,,Group stage
P1104,2012-s3,A,2012-s3-A-GD,D,4,3,1,9,75.0,True,20,Made playoffs
P0464,2012-s3,A,2012-s3-A-GD,D,5,2,3,6,40.0,False,,Group stage
P1396,2012-s3,A,2012-s3-A-GD,D,4,0,3,1,0.0,False,,Group stage
P1063,2012-s3,A,2012-s3-A-GD,D,6,4,1,13,66.7,True,8,Made playoffs
P1437,2012-s3,A,2012-s3-A-GD,D,5,0,5,0,0.0,False,,Group stage
P1793,2012-s3,A,2012-s3-A-GE,E,6,4,2,12,66.7,True,9,Made playoffs
P1567,2012-s3,A,2012-s3-A-GE,E,5,4,1,12,80.0,True,5,Made playoffs
P1425,2012-s3,A,2012-s3-A-GE,E,4,2,2,6,50.0,False,,Group stage
P1398,2012-s3,A,2012-s3-A-GE,E,5,2,3,6,40.0,False,,Group stage
P1839,2012-s3,A,2012-s3-A-GE,E,5,4,1,12,80.0,True,16,Made playoffs
P1818,2012-s3,A,2012-s3-A-GE,E,6,2,4,6,33.3,False,,Group stage
P1739,2012-s3,A,2012-s3-A-GE,E,5,0,5,0,0.0,False,,Group stage
P1587,2012-s3,A,2012-s3-A-GF,F,6,3,2,10,50.0,True,7,Made playoffs
P0223,2012-s3,A,2012-s3-A-GF,F,5,2,2,7,40.0,False,,Group stage
P1791,2012-s3,A,2012-s3-A-GF,F,6,2,1,9,33.3,True,14,Made playoffs
P1822,2012-s3,A,2012-s3-A-GF,F,2,0,2,0,0.0,False,,Group stage
P1783,2012-s3,A,2012-s3-A-GF,F,5,2,2,7,40.0,True,21,Made playoffs
P1819,2012-s3,A,2012-s3-A-GF,F,5,2,2,7,40.0,True,25,Made playoffs
P1627,2012-s3,A,2012-s3-A-GF,F,5,1,1,6,20.0,False,,Group stage
P1802,2012-s3,A,2012-s3-A-GG,G,0,0,0,0,0.0,True,22,Made playoffs
P0064,2012-s3,A,2012-s3-A-GG,G,0,0,0,0,0.0,False,,Group stage
P1316,2012-s3,A,2012-s3-A-GG,G,0,0,0,0,0.0,True,10,Made playoffs
P1825,2012-s3,A,2012-s3-A-GG,G,0,0,0,0,0.0,True,15,Made playoffs
P1772,2012-s3,A,2012-s3-A-GG,G,0,0,0,0,0.0,False,,Group stage
P1578,2012-s3,A,2012-s3-A-GG,G,0,0,0,0,0.0,False,,Group stage
P1523,2012-s3,A,2012-s3-A-GG,G,0,0,0,0,0.0,True,4,Made playoffs
P1778,2012-s3,B,2012-s3-B-GA,A,5,5,0,15,100.0,True,4,Made playoffs
P1844,2012-s3,B,2012-s3-B-GA,A,4,1,3,3,25.0,False,,Group stage
P1586,2012-s3,B,2012-s3-B-GA,A,5,3,2,9,60.0,True,11,Made playoffs
P1798,2012-s3,B,2012-s3-B-GA,A,4,0,4,0,0.0,False,,Group stage
P1823,2012-s3,B,2012-s3-B-GA,A,6,3,3,9,50.0,True,15,Made playoffs
P1800,2012-s3,B,2012-s3-B-GA,A,5,2,3,6,40.0,True,22,Made playoffs
P0248,2012-s3,B,2012-s3-B-GA,A,1,1,0,3,100.0,False,,Group stage
P1781,2012-s3,B,2012-s3-B-GB,B,5,1,4,3,20.0,False,,Group stage
P1664,2012-s3,B,2012-s3-B-GB,B,5,3,1,10,60.0,True,9,Made playoffs
P1762,2012-s3,B,2012-s3-B-GB,B,3,1,2,3,33.3,False,,Group stage
P1733,2012-s3,B,2012-s3-B-GB,B,5,4,1,12,80.0,True,5,Made playoffs
P1747,2012-s3,B,2012-s3-B-GB,B,1,0,1,0,0.0,False,,Group stage
P1827,2012-s3,B,2012-s3-B-GB,B,3,1,2,3,33.3,False,,Group stage
P1790,2012-s3,B,2012-s3-B-GB,B,3,1,1,4,33.3,True,18,Made playoffs
P1794,2012-s3,B,2012-s3-B-GC,C,4,1,3,3,25.0,False,,Group stage
P1646,2012-s3,B,2012-s3-B-GC,C,5,1,4,3,20.0,False,,Group stage
P1439,2012-s3,B,2012-s3-B-GC,C,6,4,2,12,66.7,True,8,Made playoffs
P1746,2012-s3,B,2012-s3-B-GC,C,4,4,0,12,100.0,True,13,Made playoffs
P1394,2012-s3,B,2012-s3-B-GC,C,3,1,2,3,33.3,False,,Group stage
P1792,2012-s3,B,2012-s3-B-GC,C,4,0,4,0,0.0,False,,Group stage
P1805,2012-s3,B,2012-s3-B-GC,C,6,5,1,15,83.3,True,2,Made playoffs
P1786,2012-s3,B,2012-s3-B-GD,D,5,2,2,7,40.0,True,20,Made playoffs
P1813,2012-s3,B,2012-s3-B-GD,D,5,2,2,7,40.0,True,16,Made playoffs
P1686,2012-s3,B,2012-s3-B-GD,D,5,4,0,13,80.0,False,,Group stage
P1811,2012-s3,B,2012-s3-B-GD,D,4,2,2,6,50.0,False,,Group stage
P1381,2012-s3,B,2012-s3-B-GD,D,5,2,3,6,40.0,False,,Group stage
P1807,2012-s3,B,2012-s3-B-GD,D,6,3,2,10,50.0,True,10,Made playoffs
P1744,2012-s3,B,2012-s3-B-GD,D,4,0,4,0,0.0,False,,Group stage
P1735,2012-s3,B,2012-s3-B-GE,E,6,3,3,9,50.0,True,19,Made playoffs
P1736,2012-s3,B,2012-s3-B-GE,E,4,0,4,0,0.0,False,,Group stage
P1717,2012-s3,B,2012-s3-B-GE,E,6,1,5,3,16.7,False,,Group stage
P1183,2012-s3,B,2012-s3-B-GE,E,6,5,0,16,83.3,True,1,Runner-up
P1774,2012-s3,B,2012-s3-B-GE,E,5,2,3,6,40.0,False,,Group stage
P1737,2012-s3,B,2012-s3-B-GE,E,6,4,1,13,66.7,True,7,Made playoffs
P1730,2012-s3,B,2012-s3-B-GE,E,5,3,2,9,60.0,True,14,Made playoffs
P1840,2012-s3,B,2012-s3-B-GF,F,0,0,0,0,0.0,True,17,Made playoffs
P1779,2012-s3,B,2012-s3-B-GF,F,0,0,0,0,0.0,True,12,Made playoffs
P1607,2012-s3,B,2012-s3-B-GF,F,0,0,0,0,0.0,True,21,Made playoffs
P1551,2012-s3,B,2012-s3-B-GF,F,0,0,0,0,0.0,False,,Group stage
P1836,2012-s3,B,2012-s3-B-GF,F,0,0,0,0,0.0,False,,Group stage
P1759,2012-s3,B,2012-s3-B-GF,F,0,0,0,0,0.0,True,6,Made playoffs
P0051,2012-s3,B,2012-s3-B-GF,F,0,0,0,0,0.0,False,,Group stage
P1588,2012-s4,A,2012-s4-A-GA,A,5,2,2,7,40.0,False,,Group stage
P0962,2012-s4,A,2012-s4-A-GA,A,6,0,6,0,0.0,False,,Group stage
P0368,2012-s4,A,2012-s4-A-GA,A,6,4,2,12,66.7,True,9,Champion
P1791,2012-s4,A,2012-s4-A-GA,A,6,4,2,12,66.7,True,7,Made playoffs
P1104,2012-s4,A,2012-s4-A-GA,A,4,3,1,9,75.0,True,22,Made playoffs
P1316,2012-s4,A,2012-s4-A-GA,A,6,4,2,12,66.7,True,15,Made playoffs
P1138,2012-s4,A,2012-s4-A-GA,A,5,1,3,4,20.0,False,,Group stage
P1278,2012-s4,A,2012-s4-A-GB,B,6,3,1,11,50.0,True,17,Made playoffs
P1085,2012-s4,A,2012-s4-A-GB,B,6,1,3,5,16.7,False,,Group stage
P1839,2012-s4,A,2012-s4-A-GB,B,4,2,0,8,50.0,True,23,Made playoffs
P0951,2012-s4,A,2012-s4-A-GB,B,4,1,3,3,25.0,False,,Group stage
P0969,2012-s4,A,2012-s4-A-GB,B,6,4,2,12,66.7,True,6,Runner-up
P1249,2012-s4,A,2012-s4-A-GB,B,6,4,2,12,66.7,True,10,Made playoffs
P1738,2012-s4,A,2012-s4-A-GB,B,4,0,4,0,0.0,False,,Group stage
P1604,2012-s4,A,2012-s4-A-GC,C,6,1,4,4,16.7,False,,Group stage
P1793,2012-s4,A,2012-s4-A-GC,C,5,4,1,12,80.0,True,12,Made playoffs
P0182,2012-s4,A,2012-s4-A-GC,C,4,3,0,10,75.0,True,19,Made playoffs
P1805,2012-s4,A,2012-s4-A-GC,C,6,2,2,8,33.3,True,25,Made playoffs
P1755,2012-s4,A,2012-s4-A-GC,C,4,1,2,4,25.0,False,,Group stage
P1183,2012-s4,A,2012-s4-A-GC,C,5,0,5,0,0.0,False,,Group stage
P1808,2012-s4,A,2012-s4-A-GC,C,6,4,1,13,66.7,True,5,Made playoffs
P1765,2012-s4,A,2012-s4-A-GD,D,6,5,1,15,83.3,True,4,Made playoffs
P1063,2012-s4,A,2012-s4-A-GD,D,5,3,2,9,60.0,True,21,Made playoffs
P1523,2012-s4,A,2012-s4-A-GD,D,2,0,2,0,0.0,False,,Group stage
P1587,2012-s4,A,2012-s4-A-GD,D,4,1,3,3,25.0,False,,Group stage
P1398,2012-s4,A,2012-s4-A-GD,D,4,1,3,3,25.0,False,,Group stage
P1627,2012-s4,A,2012-s4-A-GD,D,2,1,1,3,50.0,False,,Group stage
P1528,2012-s4,A,2012-s4-A-GD,D,5,3,2,9,60.0,True,14,Made playoffs
P1531,2012-s4,A,2012-s4-A-GE,E,6,2,3,7,33.3,False,,Group stage
P1818,2012-s4,A,2012-s4-A-GE,E,6,0,6,0,0.0,False,,Group stage
P1567,2012-s4,A,2012-s4-A-GE,E,6,4,2,12,66.7,True,16,Made playoffs
P1802,2012-s4,A,2012-s4-A-GE,E,6,5,1,15,83.3,True,8,Made playoffs
P1251,2012-s4,A,2012-s4-A-GE,E,6,6,0,18,100.0,True,3,Made playoffs
P1396,2012-s4,A,2012-s4-A-GE,E,6,2,3,7,33.3,False,,Group stage
P1536,2012-s4,A,2012-s4-A-GE,E,6,1,5,3,16.7,False,,Group stage
P1825,2012-s4,A,2012-s4-A-GF,F,5,3,1,10,60.0,True,13,Made playoffs
P1830,2012-s4,A,2012-s4-A-GF,F,6,3,3,9,50.0,True,24,Made playoffs
P1202,2012-s4,A,2012-s4-A-GF,F,6,6,0,18,100.0,True,1,Made playoffs
P1096,2012-s4,A,2012-s4-A-GF,F,6,3,1,11,50.0,True,18,Made playoffs
P1771,2012-s4,A,2012-s4-A-GF,F,3,0,3,0,0.0,False,,Group stage
P1835,2012-s4,A,2012-s4-A-GF,F,4,0,3,1,0.0,False,,Group stage
P1824,2012-s4,A,2012-s4-A-GF,F,4,0,4,0,0.0,False,,Group stage
P0464,2012-s4,A,2012-s4-A-GG,G,0,0,0,0,0.0,False,,Group stage
P1578,2012-s4,A,2012-s4-A-GG,G,0,0,0,0,0.0,True,2,Made playoffs
P1732,2012-s4,A,2012-s4-A-GG,G,0,0,0,0,0.0,True,11,Made playoffs
P1775,2012-s4,A,2012-s4-A-GG,G,0,0,0,0,0.0,False,,Group stage
P1734,2012-s4,A,2012-s4-A-GG,G,0,0,0,0,0.0,False,,Group stage
P1419,2012-s4,A,2012-s4-A-GG,G,0,0,0,0,0.0,False,,Group stage
P1270,2012-s4,A,2012-s4-A-GG,G,0,0,0,0,0.0,False,,Group stage
P1381,2012-s4,B,2012-s4-B-GA,A,5,3,2,9,60.0,True,12,Made playoffs
P1850,2012-s4,B,2012-s4-B-GA,A,3,0,3,0,0.0,False,,Group stage
P1439,2012-s4,B,2012-s4-B-GA,A,5,2,3,6,40.0,False,,Group stage
P1750,2012-s4,B,2012-s4-B-GA,A,3,3,0,9,100.0,False,,Group stage
P1844,2012-s4,B,2012-s4-B-GA,A,1,0,1,0,0.0,False,,Group stage
P1742,2012-s4,B,2012-s4-B-GA,A,2,2,0,6,100.0,False,,Group stage
P1760,2012-s4,B,2012-s4-B-GA,A,3,1,2,3,33.3,False,,Group stage
P0772,2012-s4,B,2012-s4-B-GB,B,3,2,1,6,66.7,True,21,Made playoffs
P1813,2012-s4,B,2012-s4-B-GB,B,6,4,2,12,66.7,True,7,Runner-up
P1777,2012-s4,B,2012-s4-B-GB,B,4,1,3,3,25.0,False,,Group stage
P1717,2012-s4,B,2012-s4-B-GB,B,6,5,1,15,83.3,True,2,Made playoffs
P1798,2012-s4,B,2012-s4-B-GB,B,4,1,3,3,25.0,False,,Group stage
P1832,2012-s4,B,2012-s4-B-GB,B,4,0,4,0,0.0,False,,Group stage
P1837,2012-s4,B,2012-s4-B-GB,B,5,3,2,9,60.0,True,14,Made playoffs
P1437,2012-s4,B,2012-s4-B-GC,C,4,3,0,10,75.0,True,8,Made playoffs
P1735,2012-s4,B,2012-s4-B-GC,C,6,4,1,13,66.7,True,3,Made playoffs
P0327,2012-s4,B,2012-s4-B-GC,C,1,0,1,0,0.0,False,,Group stage
P1796,2012-s4,B,2012-s4-B-GC,C,2,1,1,3,50.0,False,,Group stage
P1834,2012-s4,B,2012-s4-B-GC,C,2,0,2,0,0.0,False,,Group stage
P1664,2012-s4,B,2012-s4-B-GC,C,3,2,1,6,66.7,True,17,Made playoffs
P1781,2012-s4,B,2012-s4-B-GC,C,4,0,4,0,0.0,False,,Group stage
P1772,2012-s4,B,2012-s4-B-GD,D,6,4,2,12,66.7,True,9,Made playoffs
P1840,2012-s4,B,2012-s4-B-GD,D,3,0,3,0,0.0,False,,Group stage
P1786,2012-s4,B,2012-s4-B-GD,D,5,3,2,9,60.0,True,20,Made playoffs
P1831,2012-s4,B,2012-s4-B-GD,D,4,0,4,0,0.0,False,,Group stage
P1794,2012-s4,B,2012-s4-B-GD,D,5,3,1,10,60.0,True,15,Made playoffs
P1401,2012-s4,B,2012-s4-B-GD,D,5,4,0,13,80.0,True,5,Made playoffs
P1800,2012-s4,B,2012-s4-B-GD,D,4,1,3,3,25.0,False,,Group stage
P1739,2012-s4,B,2012-s4-B-GE,E,6,4,2,12,66.7,True,6,Made playoffs
P1806,2012-s4,B,2012-s4-B-GE,E,1,0,1,0,0.0,False,,Group stage
P1646,2012-s4,B,2012-s4-B-GE,E,2,0,2,0,0.0,False,,Group stage
P1829,2012-s4,B,2012-s4-B-GE,E,4,2,1,7,50.0,True,16,Made playoffs
P1430,2012-s4,B,2012-s4-B-GE,E,4,1,3,3,25.0,False,,Group stage
P1643,2012-s4,B,2012-s4-B-GE,E,4,2,2,6,50.0,True,22,Made playoffs
P1458,2012-s4,B,2012-s4-B-GE,E,3,2,0,7,66.7,True,11,Made playoffs
P1807,2012-s4,B,2012-s4-B-GF,F,0,0,0,0,0.0,True,10,Made playoffs
P1736,2012-s4,B,2012-s4-B-GF,F,0,0,0,0,0.0,True,19,Made playoffs
P0164,2012-s4,B,2012-s4-B-GF,F,0,0,0,0,0.0,False,,Group stage
P1779,2012-s4,B,2012-s4-B-GF,F,0,0,0,0,0.0,True,1,Made playoffs
P1733,2012-s4,B,2012-s4-B-GF,F,0,0,0,0,0.0,True,13,Made playoffs
P1797,2012-s4,B,2012-s4-B-GF,F,0,0,0,0,0.0,False,,Group stage
P1764,2012-s4,B,2012-s4-B-GF,F,0,0,0,0,0.0,False,,Group stage
P1419,2012-s5,A,2012-s5-A-GA,A,4,1,2,4,25.0,False,,Group stage
P1202,2012-s5,A,2012-s5-A-GA,A,5,5,0,15,100.0,True,1,Made playoffs
P1526,2012-s5,A,2012-s5-A-GA,A,4,1,3,3,25.0,False,,Group stage
P1757,2012-s5,A,2012-s5-A-GA,A,5,2,2,7,40.0,True,18,Made playoffs
P1316,2012-s5,A,2012-s5-A-GA,A,1,0,1,0,0.0,False,,Group stage
P0064,2012-s5,A,2012-s5-A-GA,A,5,1,3,4,20.0,True,22,Made playoffs
P0969,2012-s5,A,2012-s5-A-GA,A,4,2,1,7,50.0,True,12,Made playoffs
P0325,2012-s5,A,2012-s5-A-GB,B,3,1,1,4,33.3,False,,Group stage
P1249,2012-s5,A,2012-s5-A-GB,B,2,1,1,3,50.0,False,,Group stage
P0984,2012-s5,A,2012-s5-A-GB,B,4,3,1,9,75.0,True,11,Made playoffs
P0464,2012-s5,A,2012-s5-A-GB,B,4,0,4,0,0.0,False,,Group stage
P1793,2012-s5,A,2012-s5-A-GB,B,6,3,3,9,50.0,True,6,Made playoffs
P1096,2012-s5,A,2012-s5-A-GB,B,3,2,0,7,66.7,False,,Group stage
P1587,2012-s5,A,2012-s5-A-GB,B,6,2,2,8,33.3,True,16,Made playoffs
P1788,2012-s5,A,2012-s5-A-GC,C,6,3,3,9,50.0,True,15,Made playoffs
P0368,2012-s5,A,2012-s5-A-GC,C,6,5,1,15,83.3,True,3,Made playoffs
P1808,2012-s5,A,2012-s5-A-GC,C,4,3,1,9,75.0,True,19,Made playoffs
P1567,2012-s5,A,2012-s5-A-GC,C,6,4,2,12,66.7,True,9,Made playoffs
P1270,2012-s5,A,2012-s5-A-GC,C,5,0,5,0,0.0,False,,Group stage
P1749,2012-s5,A,2012-s5-A-GC,C,4,2,2,6,50.0,False,,Group stage
P1846,2012-s5,A,2012-s5-A-GC,C,3,0,3,0,0.0,False,,Group stage
P1765,2012-s5,A,2012-s5-A-GD,D,6,4,1,13,66.7,True,5,Made playoffs
P0182,2012-s5,A,2012-s5-A-GD,D,5,4,1,12,80.0,True,10,Runner-up
P1578,2012-s5,A,2012-s5-A-GD,D,5,1,3,4,20.0,False,,Group stage
P1686,2012-s5,A,2012-s5-A-GD,D,2,2,0,6,100.0,False,,Group stage
P1830,2012-s5,A,2012-s5-A-GD,D,4,0,4,0,0.0,False,,Group stage
P1805,2012-s5,A,2012-s5-A-GD,D,5,1,4,3,20.0,False,,Group stage
P1085,2012-s5,A,2012-s5-A-GD,D,5,3,2,9,60.0,True,13,Made playoffs
P1758,2012-s5,A,2012-s5-A-GE,E,6,4,1,13,66.7,True,8,Made playoffs
P1809,2012-s5,A,2012-s5-A-GE,E,5,1,4,3,20.0,False,,Group stage
P1732,2012-s5,A,2012-s5-A-GE,E,6,5,0,16,83.3,True,2,Made playoffs
P1835,2012-s5,A,2012-s5-A-GE,E,3,0,3,0,0.0,False,,Group stage
P1531,2012-s5,A,2012-s5-A-GE,E,6,3,2,10,50.0,True,14,Made playoffs
P1851,2012-s5,A,2012-s5-A-GE,E,5,2,2,7,40.0,True,20,Made playoffs
P1841,2012-s5,A,2012-s5-A-GE,E,5,1,4,3,20.0,False,,Group stage
P1791,2012-s5,A,2012-s5-A-GF,F,0,0,0,0,0.0,True,7,Made playoffs
P1825,2012-s5,A,2012-s5-A-GF,F,0,0,0,0,0.0,True,21,Made playoffs
P1802,2012-s5,A,2012-s5-A-GF,F,0,0,0,0,0.0,True,4,Champion
P1750,2012-s5,A,2012-s5-A-GF,F,0,0,0,0,0.0,False,,Group stage
P1138,2012-s5,A,2012-s5-A-GF,F,0,0,0,0,0.0,False,,Group stage
P1104,2012-s5,A,2012-s5-A-GF,F,0,0,0,0,0.0,True,17,Made playoffs
P0689,2012-s5,A,2012-s5-A-GF,F,0,0,0,0,0.0,False,,Group stage
P1828,2012-s5,B,2012-s5-B-GA,A,5,2,3,6,40.0,True,15,Made playoffs
P1824,2012-s5,B,2012-s5-B-GA,A,5,4,0,13,80.0,True,8,Made playoffs
P0772,2012-s5,B,2012-s5-B-GA,A,3,1,1,4,33.3,False,,Group stage
P1807,2012-s5,B,2012-s5-B-GA,A,6,5,1,15,83.3,True,2,Made playoffs
P1762,2012-s5,B,2012-s5-B-GA,A,4,0,4,0,0.0,False,,Group stage
P1458,2012-s5,B,2012-s5-B-GA,A,2,0,2,0,0.0,False,,Group stage
P1857,2012-s5,B,2012-s5-B-GA,A,3,1,2,3,33.3,False,,Group stage
P1855,2012-s5,B,2012-s5-B-GB,B,2,0,2,0,0.0,False,,Group stage
P1717,2012-s5,B,2012-s5-B-GB,B,6,4,1,13,66.7,True,7,Runner-up
P1786,2012-s5,B,2012-s5-B-GB,B,5,3,2,9,60.0,True,14,Made playoffs
P1586,2012-s5,B,2012-s5-B-GB,B,4,1,1,5,25.0,False,,Group stage
P1536,2012-s5,B,2012-s5-B-GB,B,6,4,0,14,66.7,True,3,Made playoffs
P1784,2012-s5,B,2012-s5-B-GB,B,4,0,3,1,0.0,False,,Group stage
P1797,2012-s5,B,2012-s5-B-GB,B,3,0,3,0,0.0,False,,Group stage
P1768,2012-s5,B,2012-s5-B-GC,C,5,3,0,11,60.0,True,11,Made playoffs
P1771,2012-s5,B,2012-s5-B-GC,C,1,0,1,0,0.0,False,,Group stage
P1833,2012-s5,B,2012-s5-B-GC,C,4,0,3,1,0.0,False,,Group stage
P1381,2012-s5,B,2012-s5-B-GC,C,3,0,2,1,0.0,False,,Group stage
P1763,2012-s5,B,2012-s5-B-GC,C,6,4,1,13,66.7,True,6,Made playoffs
P1818,2012-s5,B,2012-s5-B-GC,C,5,4,1,12,80.0,True,4,Champion
P1736,2012-s5,B,2012-s5-B-GC,C,4,0,3,1,0.0,False,,Group stage
P1733,2012-s5,B,2012-s5-B-GD,D,6,2,3,7,33.3,False,,Group stage
P1813,2012-s5,B,2012-s5-B-GD,D,6,4,1,13,66.7,True,5,Made playoffs
P1837,2012-s5,B,2012-s5-B-GD,D,5,1,3,4,20.0,False,,Group stage
P1730,2012-s5,B,2012-s5-B-GD,D,6,1,5,3,16.7,False,,Group stage
P1826,2012-s5,B,2012-s5-B-GD,D,6,3,2,10,50.0,False,,Group stage
P1604,2012-s5,B,2012-s5-B-GD,D,4,3,1,9,75.0,True,13,Made playoffs
P0327,2012-s5,B,2012-s5-B-GD,D,5,3,2,9,60.0,False,,Group stage
P1769,2012-s5,B,2012-s5-B-GE,E,0,0,0,0,0.0,True,9,Made playoffs
P1739,2012-s5,B,2012-s5-B-GE,E,0,0,0,0,0.0,False,,Group stage
P1779,2012-s5,B,2012-s5-B-GE,E,0,0,0,0,0.0,True,12,Made playoffs
P1183,2012-s5,B,2012-s5-B-GE,E,0,0,0,0,0.0,True,16,Made playoffs
P1735,2012-s5,B,2012-s5-B-GE,E,0,0,0,0,0.0,False,,Group stage
P1743,2012-s5,B,2012-s5-B-GE,E,0,0,0,0,0.0,False,,Group stage
P1734,2012-s5,B,2012-s5-B-GE,E,0,0,0,0,0.0,True,1,Made playoffs
P0969,2013-s1,A,2013-s1-A-GA,A,6,3,2,10,50.0,True,13,Made playoffs
P1567,2013-s1,A,2013-s1-A-GA,A,4,3,1,9,75.0,True,21,Made playoffs
P1757,2013-s1,A,2013-s1-A-GA,A,5,3,2,9,60.0,True,17,Made playoffs
P0064,2013-s1,A,2013-s1-A-GA,A,4,0,3,1,0.0,False,,Group stage
P1918,2013-s1,A,2013-s1-A-GA,A,3,0,3,0,0.0,False,,Group stage
P1821,2013-s1,A,2013-s1-A-GA,A,5,4,1,12,80.0,True,4,Made playoffs
P1801,2013-s1,A,2013-s1-A-GA,A,3,1,2,3,33.3,False,,Group stage
P1791,2013-s1,A,2013-s1-A-GB,B,6,5,1,15,83.3,True,1,Made playoffs
P1793,2013-s1,A,2013-s1-A-GB,B,6,2,2,8,33.3,False,,Group stage
P1096,2013-s1,A,2013-s1-A-GB,B,6,4,2,12,66.7,True,7,Made playoffs
P1830,2013-s1,A,2013-s1-A-GB,B,6,3,2,10,50.0,True,16,Made playoffs
P1396,2013-s1,A,2013-s1-A-GB,B,6,2,3,7,33.3,False,,Group stage
P1874,2013-s1,A,2013-s1-A-GB,B,6,0,6,0,0.0,False,,Group stage
P0772,2013-s1,A,2013-s1-A-GB,B,6,3,3,9,50.0,True,23,Made playoffs
P1732,2013-s1,A,2013-s1-A-GC,C,5,3,1,10,60.0,True,10,Made playoffs
P1419,2013-s1,A,2013-s1-A-GC,C,5,3,2,9,60.0,False,,Group stage
P1531,2013-s1,A,2013-s1-A-GC,C,5,3,2,9,60.0,True,15,Made playoffs
P1588,2013-s1,A,2013-s1-A-GC,C,5,4,1,12,80.0,True,3,Made playoffs
P1734,2013-s1,A,2013-s1-A-GC,C,5,2,2,7,40.0,False,,Group stage
P1183,2013-s1,A,2013-s1-A-GC,C,5,0,5,0,0.0,False,,Group stage
P0076,2013-s1,A,2013-s1-A-GC,C,2,0,2,0,0.0,False,,Group stage
P1802,2013-s1,A,2013-s1-A-GD,D,5,3,2,9,60.0,False,,Group stage
P0464,2013-s1,A,2013-s1-A-GD,D,5,1,4,3,20.0,False,,Group stage
P1860,2013-s1,A,2013-s1-A-GD,D,3,1,2,3,33.3,False,,Group stage
P1270,2013-s1,A,2013-s1-A-GD,D,6,4,2,12,66.7,True,6,Made playoffs
P1526,2013-s1,A,2013-s1-A-GD,D,6,3,3,9,50.0,True,19,Made playoffs
P0709,2013-s1,A,2013-s1-A-GD,D,5,4,1,12,80.0,True,11,Made playoffs
P1435,2013-s1,A,2013-s1-A-GD,D,4,1,3,3,25.0,False,,Group stage
P1202,2013-s1,A,2013-s1-A-GE,E,5,3,1,10,60.0,True,18,Made playoffs
P1825,2013-s1,A,2013-s1-A-GE,E,5,4,1,12,80.0,True,5,Made playoffs
P1587,2013-s1,A,2013-s1-A-GE,E,6,3,2,10,50.0,True,12,Made playoffs
P1788,2013-s1,A,2013-s1-A-GE,E,5,2,3,6,40.0,False,,Group stage
P1809,2013-s1,A,2013-s1-A-GE,E,4,1,3,3,25.0,False,,Group stage
P1895,2013-s1,A,2013-s1-A-GE,E,6,3,3,9,50.0,True,22,Made playoffs
P1868,2013-s1,A,2013-s1-A-GE,E,3,0,3,0,0.0,False,,Group stage
P0368,2013-s1,A,2013-s1-A-GF,F,0,0,0,0,0.0,True,8,Made playoffs
P1578,2013-s1,A,2013-s1-A-GF,F,0,0,0,0,0.0,True,9,Made playoffs
P1425,2013-s1,A,2013-s1-A-GF,F,0,0,0,0,0.0,True,20,Made playoffs
P1835,2013-s1,A,2013-s1-A-GF,F,0,0,0,0,0.0,False,,Group stage
P1749,2013-s1,A,2013-s1-A-GF,F,0,0,0,0,0.0,True,2,Champion
P1586,2013-s1,A,2013-s1-A-GF,F,0,0,0,0,0.0,False,,Group stage
P1158,2013-s1,A,2013-s1-A-GF,F,0,0,0,0,0.0,False,,Group stage
P1807,2013-s1,B,2013-s1-B-GA,A,6,5,1,15,83.3,True,5,Made playoffs
P1395,2013-s1,B,2013-s1-B-GA,A,4,2,1,7,50.0,True,13,Made playoffs
P1731,2013-s1,B,2013-s1-B-GA,A,3,2,1,6,66.7,False,,Group stage
P1730,2013-s1,B,2013-s1-B-GA,A,4,2,1,7,50.0,True,14,Made playoffs
P1735,2013-s1,B,2013-s1-B-GA,A,5,2,3,6,40.0,False,,Group stage
P1863,2013-s1,B,2013-s1-B-GA,A,6,1,5,3,16.7,False,,Group stage
P1890,2013-s1,B,2013-s1-B-GA,A,4,1,3,3,25.0,False,,Group stage
P1523,2013-s1,B,2013-s1-B-GB,B,5,5,0,15,100.0,True,3,Made playoffs
P1763,2013-s1,B,2013-s1-B-GB,B,6,4,2,12,66.7,True,7,Made playoffs
P1138,2013-s1,B,2013-s1-B-GB,B,4,2,2,6,50.0,False,,Group stage
P1381,2013-s1,B,2013-s1-B-GB,B,3,1,2,3,33.3,False,,Group stage
P1903,2013-s1,B,2013-s1-B-GB,B,4,0,4,0,0.0,False,,Group stage
P1805,2013-s1,B,2013-s1-B-GB,B,6,3,3,9,50.0,True,9,Made playoffs
P1875,2013-s1,B,2013-s1-B-GB,B,2,0,2,0,0.0,False,,Group stage
P1736,2013-s1,B,2013-s1-B-GC,C,5,1,4,3,20.0,False,,Group stage
P1862,2013-s1,B,2013-s1-B-GC,C,6,6,0,18,100.0,False,,Group stage
P1798,2013-s1,B,2013-s1-B-GC,C,4,1,3,3,25.0,False,,Group stage
P1887,2013-s1,B,2013-s1-B-GC,C,4,2,2,6,50.0,True,15,Made playoffs
P1762,2013-s1,B,2013-s1-B-GC,C,5,2,3,6,40.0,False,,Group stage
P1930,2013-s1,B,2013-s1-B-GC,C,6,5,1,15,83.3,False,,Group stage
P1900,2013-s1,B,2013-s1-B-GC,C,6,1,5,3,16.7,False,,Group stage
P1913,2013-s1,B,2013-s1-B-GD,D,5,0,5,0,0.0,False,,Group stage
P1768,2013-s1,B,2013-s1-B-GD,D,4,2,2,6,50.0,False,,Group stage
P1878,2013-s1,B,2013-s1-B-GD,D,4,0,4,0,0.0,False,,Group stage
P1733,2013-s1,B,2013-s1-B-GD,D,6,3,3,9,50.0,False,,Group stage
P1786,2013-s1,B,2013-s1-B-GD,D,4,3,1,9,75.0,False,,Group stage
P1604,2013-s1,B,2013-s1-B-GD,D,5,5,0,15,100.0,True,2,Champion
P1664,2013-s1,B,2013-s1-B-GD,D,2,2,0,6,100.0,False,,Group stage
P1813,2013-s1,B,2013-s1-B-GE,E,0,0,0,0,0.0,True,4,Made playoffs
P1881,2013-s1,B,2013-s1-B-GE,E,0,0,0,0,0.0,True,10,Made playoffs
P1824,2013-s1,B,2013-s1-B-GE,E,0,0,0,0,0.0,False,,Group stage
P1914,2013-s1,B,2013-s1-B-GE,E,0,0,0,0,0.0,False,,Group stage
P1931,2013-s1,B,2013-s1-B-GE,E,0,0,0,0,0.0,False,,Group stage
P1882,2013-s1,B,2013-s1-B-GE,E,0,0,0,0,0.0,False,,Group stage
P1880,2013-s1,B,2013-s1-B-GE,E,0,0,0,0,0.0,True,16,Made playoffs
P0709,2013-s2,A,2013-s2-A-GA,A,4,4,0,12,100.0,True,3,Runner-up
P1096,2013-s2,A,2013-s2-A-GA,A,5,2,3,6,40.0,False,,Group stage
P0464,2013-s2,A,2013-s2-A-GA,A,4,2,2,6,50.0,True,18,Made playoffs
P1523,2013-s2,A,2013-s2-A-GA,A,3,0,3,0,0.0,False,,Group stage
P1813,2013-s2,A,2013-s2-A-GA,A,5,1,3,4,20.0,False,,Group stage
P1737,2013-s2,A,2013-s2-A-GA,A,3,2,0,7,66.7,False,,Group stage
P0182,2013-s2,A,2013-s2-A-GA,A,6,3,3,9,50.0,True,15,Made playoffs
P1531,2013-s2,A,2013-s2-A-GB,B,6,4,0,14,66.7,True,4,Made playoffs
P1567,2013-s2,A,2013-s2-A-GB,B,6,4,2,12,66.7,True,10,Made playoffs
P1768,2013-s2,A,2013-s2-A-GB,B,5,0,4,1,0.0,False,,Group stage
P1316,2013-s2,A,2013-s2-A-GB,B,6,2,2,8,33.3,True,21,Made playoffs
P1396,2013-s2,A,2013-s2-A-GB,B,6,4,2,12,66.7,True,9,Made playoffs
P1769,2013-s2,A,2013-s2-A-GB,B,4,0,3,1,0.0,False,,Group stage
P1757,2013-s2,A,2013-s2-A-GB,B,5,2,3,6,40.0,False,,Group stage
P1808,2013-s2,A,2013-s2-A-GC,C,5,3,2,9,60.0,False,,Group stage
P1830,2013-s2,A,2013-s2-A-GC,C,2,1,1,3,50.0,False,,Group stage
P1788,2013-s2,A,2013-s2-A-GC,C,6,3,3,9,50.0,True,19,Made playoffs
P1588,2013-s2,A,2013-s2-A-GC,C,5,4,1,12,80.0,True,7,Made playoffs
P1871,2013-s2,A,2013-s2-A-GC,C,6,5,1,15,83.3,True,2,Made playoffs
P1717,2013-s2,A,2013-s2-A-GC,C,4,0,4,0,0.0,False,,Group stage
P0273,2013-s2,A,2013-s2-A-GC,C,4,0,4,0,0.0,False,,Group stage
P1578,2013-s2,A,2013-s2-A-GD,D,2,2,0,6,100.0,True,16,Made playoffs
P1802,2013-s2,A,2013-s2-A-GD,D,4,3,0,10,75.0,True,6,Made playoffs
P1526,2013-s2,A,2013-s2-A-GD,D,3,2,0,7,66.7,False,,Group stage
P1270,2013-s2,A,2013-s2-A-GD,D,5,2,3,6,40.0,True,17,Made playoffs
P1104,2013-s2,A,2013-s2-A-GD,D,1,0,1,0,0.0,False,,Group stage
P1927,2013-s2,A,2013-s2-A-GD,D,3,0,3,0,0.0,False,,Group stage
P1835,2013-s2,A,2013-s2-A-GD,D,1,0,1,0,0.0,False,,Group stage
P1791,2013-s2,A,2013-s2-A-GE,E,5,3,1,10,60.0,False,,Group stage
P1825,2013-s2,A,2013-s2-A-GE,E,6,2,4,6,33.3,False,,Group stage
P1587,2013-s2,A,2013-s2-A-GE,E,6,4,1,13,66.7,True,5,Made playoffs
P1895,2013-s2,A,2013-s2-A-GE,E,5,3,1,10,60.0,True,12,Made playoffs
P1435,2013-s2,A,2013-s2-A-GE,E,5,1,3,4,20.0,False,,Group stage
P1202,2013-s2,A,2013-s2-A-GE,E,6,3,3,9,50.0,True,20,Champion
P1425,2013-s2,A,2013-s2-A-GE,E,5,1,4,3,20.0,False,,Group stage
P0368,2013-s2,A,2013-s2-A-GF,F,0,0,0,0,0.0,True,8,Made playoffs
P0772,2013-s2,A,2013-s2-A-GF,F,0,0,0,0,0.0,False,,Group stage
P0969,2013-s2,A,2013-s2-A-GF,F,0,0,0,0,0.0,True,1,Made playoffs
P1734,2013-s2,A,2013-s2-A-GF,F,0,0,0,0,0.0,True,22,Made playoffs
P0064,2013-s2,A,2013-s2-A-GF,F,0,0,0,0,0.0,False,,Group stage
P1805,2013-s2,A,2013-s2-A-GF,F,0,0,0,0,0.0,False,,Group stage
P1818,2013-s2,A,2013-s2-A-GF,F,0,0,0,0,0.0,True,14,Made playoffs
P1807,2013-s2,B,2013-s2-B-GA,A,6,4,1,13,66.7,False,,Group stage
P1395,2013-s2,B,2013-s2-B-GA,A,6,3,3,9,50.0,True,14,Made playoffs
P1921,2013-s2,B,2013-s2-B-GA,A,5,5,0,15,100.0,True,4,Made playoffs
P1912,2013-s2,B,2013-s2-B-GA,A,6,2,4,6,33.3,False,,Group stage
P1931,2013-s2,B,2013-s2-B-GA,A,6,0,6,0,0.0,False,,Group stage
P1586,2013-s2,B,2013-s2-B-GA,A,5,3,1,10,60.0,True,20,Made playoffs
P1890,2013-s2,B,2013-s2-B-GA,A,6,2,4,6,33.3,False,,Group stage
P1930,2013-s2,B,2013-s2-B-GB,B,6,4,2,12,66.7,False,,Group stage
P1914,2013-s2,B,2013-s2-B-GB,B,6,0,5,1,0.0,False,,Group stage
P1736,2013-s2,B,2013-s2-B-GB,B,6,2,3,7,33.3,False,,Group stage
P1381,2013-s2,B,2013-s2-B-GB,B,6,4,2,12,66.7,True,11,Made playoffs
P1837,2013-s2,B,2013-s2-B-GB,B,6,1,3,5,16.7,False,,Group stage
P1772,2013-s2,B,2013-s2-B-GB,B,6,5,1,15,83.3,True,2,Champion
P1859,2013-s2,B,2013-s2-B-GB,B,6,3,3,9,50.0,True,22,Made playoffs
P1881,2013-s2,B,2013-s2-B-GC,C,1,0,1,0,0.0,False,,Group stage
P1880,2013-s2,B,2013-s2-B-GC,C,6,4,2,12,66.7,True,5,Made playoffs
P1798,2013-s2,B,2013-s2-B-GC,C,2,0,2,0,0.0,False,,Group stage
P1883,2013-s2,B,2013-s2-B-GC,C,4,1,3,3,25.0,False,,Group stage
P1794,2013-s2,B,2013-s2-B-GC,C,3,1,2,3,33.3,False,,Group stage
P1743,2013-s2,B,2013-s2-B-GC,C,4,2,1,7,50.0,False,,Group stage
P1872,2013-s2,B,2013-s2-B-GC,C,4,3,0,10,75.0,True,12,Made playoffs
P1903,2013-s2,B,2013-s2-B-GD,D,3,0,3,0,0.0,False,,Group stage
P1786,2013-s2,B,2013-s2-B-GD,D,4,4,0,12,100.0,True,7,Made playoffs
P1913,2013-s2,B,2013-s2-B-GD,D,5,0,5,0,0.0,False,,Group stage
P1733,2013-s2,B,2013-s2-B-GD,D,6,3,3,9,50.0,True,21,Made playoffs
P1901,2013-s2,B,2013-s2-B-GD,D,6,4,2,12,66.7,True,10,Made playoffs
P1730,2013-s2,B,2013-s2-B-GD,D,6,5,1,15,83.3,True,3,Made playoffs
P1824,2013-s2,B,2013-s2-B-GD,D,4,1,3,3,25.0,False,,Group stage
P1763,2013-s2,B,2013-s2-B-GE,E,0,0,0,0,0.0,True,1,Runner-up
P1864,2013-s2,B,2013-s2-B-GE,E,0,0,0,0,0.0,False,,Group stage
P1926,2013-s2,B,2013-s2-B-GE,E,0,0,0,0,0.0,True,23,Made playoffs
P1893,2013-s2,B,2013-s2-B-GE,E,0,0,0,0,0.0,True,6,Made playoffs
P1401,2013-s2,B,2013-s2-B-GE,E,0,0,0,0,0.0,False,,Group stage
P1884,2013-s2,B,2013-s2-B-GE,E,0,0,0,0,0.0,False,,Group stage
P1731,2013-s2,B,2013-s2-B-GE,E,0,0,0,0,0.0,True,13,Made playoffs
P1202,2013-s3,A,2013-s3-A-GA,A,6,4,0,14,66.7,True,5,Made playoffs
P1419,2013-s3,A,2013-s3-A-GA,A,5,1,4,3,20.0,False,,Group stage
P1587,2013-s3,A,2013-s3-A-GA,A,6,4,1,13,66.7,True,10,Runner-up
P1316,2013-s3,A,2013-s3-A-GA,A,6,3,1,11,50.0,True,16,Made playoffs
P0064,2013-s3,A,2013-s3-A-GA,A,6,3,3,9,50.0,True,25,Made playoffs
P1901,2013-s3,A,2013-s3-A-GA,A,6,1,5,3,16.7,False,,Group stage
P1813,2013-s3,A,2013-s3-A-GA,A,5,1,3,4,20.0,False,,Group stage
P0709,2013-s3,A,2013-s3-A-GB,B,6,5,1,15,83.3,True,9,Made playoffs
P1793,2013-s3,A,2013-s3-A-GB,B,5,1,4,3,20.0,False,,Group stage
P0969,2013-s3,A,2013-s3-A-GB,B,6,6,0,18,100.0,True,1,Made playoffs
P1830,2013-s3,A,2013-s3-A-GB,B,5,3,2,9,60.0,True,18,Made playoffs
P1104,2013-s3,A,2013-s3-A-GB,B,3,0,3,0,0.0,False,,Group stage
P1805,2013-s3,A,2013-s3-A-GB,B,5,1,4,3,20.0,False,,Group stage
P1818,2013-s3,A,2013-s3-A-GB,B,5,1,4,3,20.0,False,,Group stage
P1791,2013-s3,A,2013-s3-A-GC,C,5,5,0,15,100.0,True,2,Made playoffs
P1808,2013-s3,A,2013-s3-A-GC,C,4,0,3,1,0.0,False,,Group stage
P1531,2013-s3,A,2013-s3-A-GC,C,6,4,1,13,66.7,True,12,Made playoffs
P1772,2013-s3,A,2013-s3-A-GC,C,5,0,3,2,0.0,False,,Group stage
P1860,2013-s3,A,2013-s3-A-GC,C,6,4,1,13,66.7,True,14,Made playoffs
P0464,2013-s3,A,2013-s3-A-GC,C,5,1,3,4,20.0,False,,Group stage
P1773,2013-s3,A,2013-s3-A-GC,C,3,0,3,0,0.0,False,,Group stage
P1588,2013-s3,A,2013-s3-A-GD,D,5,3,2,9,60.0,True,19,Made playoffs
P1270,2013-s3,A,2013-s3-A-GD,D,6,3,3,9,50.0,True,26,Made playoffs
P1757,2013-s3,A,2013-s3-A-GD,D,4,3,1,9,75.0,True,6,Made playoffs
P1769,2013-s3,A,2013-s3-A-GD,D,4,2,2,6,50.0,False,,Group stage
P0029,2013-s3,A,2013-s3-A-GD,D,2,1,1,3,50.0,False,,Group stage
P0364,2013-s3,A,2013-s3-A-GD,D,3,0,3,0,0.0,False,,Group stage
P1763,2013-s3,A,2013-s3-A-GD,D,6,3,3,9,50.0,True,22,Made playoffs
P0368,2013-s3,A,2013-s3-A-GE,E,6,2,2,8,33.3,False,,Group stage
P1567,2013-s3,A,2013-s3-A-GE,E,5,5,0,15,100.0,True,4,Made playoffs
P1862,2013-s3,A,2013-s3-A-GE,E,6,2,3,7,33.3,False,,Group stage
P1825,2013-s3,A,2013-s3-A-GE,E,6,4,2,12,66.7,False,,Group stage
P1734,2013-s3,A,2013-s3-A-GE,E,5,1,4,3,20.0,False,,Group stage
P1732,2013-s3,A,2013-s3-A-GE,E,6,4,1,13,66.7,True,13,Champion
P1731,2013-s3,A,2013-s3-A-GE,E,6,0,6,0,0.0,False,,Group stage
P1578,2013-s3,A,2013-s3-A-GF,F,5,3,1,10,60.0,True,20,Made playoffs
P1768,2013-s3,A,2013-s3-A-GF,F,5,0,1,4,0.0,False,,Group stage
P1650,2013-s3,A,2013-s3-A-GF,F,5,3,2,9,60.0,True,8,Made playoffs
P1783,2013-s3,A,2013-s3-A-GF,F,6,2,2,8,33.3,False,,Group stage
P0772,2013-s3,A,2013-s3-A-GF,F,6,1,3,5,16.7,False,,Group stage
P1809,2013-s3,A,2013-s3-A-GF,F,4,3,1,9,75.0,True,23,Made playoffs
P1761,2013-s3,A,2013-s3-A-GF,F,6,2,3,7,33.3,False,,Group stage
P1802,2013-s3,A,2013-s3-A-GG,G,6,5,0,16,83.3,True,3,Made playoffs
P1895,2013-s3,A,2013-s3-A-GG,G,6,4,1,13,66.7,True,11,Made playoffs
P1841,2013-s3,A,2013-s3-A-GG,G,6,2,3,7,33.3,False,,Group stage
P1788,2013-s3,A,2013-s3-A-GG,G,6,3,3,9,50.0,True,21,Made playoffs
P1396,2013-s3,A,2013-s3-A-GG,G,6,3,3,9,50.0,True,27,Made playoffs
P1526,2013-s3,A,2013-s3-A-GG,G,6,2,4,6,33.3,False,,Group stage
P1730,2013-s3,A,2013-s3-A-GG,G,6,0,5,1,0.0,False,,Group stage
P1425,2013-s3,A,2013-s3-A-GH,H,0,0,0,0,0.0,True,24,Made playoffs
P1740,2013-s3,A,2013-s3-A-GH,H,0,0,0,0,0.0,False,,Group stage
P1752,2013-s3,A,2013-s3-A-GH,H,0,0,0,0,0.0,True,7,Made playoffs
P1902,2013-s3,A,2013-s3-A-GH,H,0,0,0,0,0.0,False,,Group stage
P1063,2013-s3,A,2013-s3-A-GH,H,0,0,0,0,0.0,True,17,Made playoffs
P1435,2013-s3,A,2013-s3-A-GH,H,0,0,0,0,0.0,False,,Group stage
P1096,2013-s3,A,2013-s3-A-GH,H,0,0,0,0,0.0,False,,Group stage
P1893,2013-s3,B,2013-s3-B-GA,A,6,0,6,0,0.0,False,,Group stage
P1664,2013-s3,B,2013-s3-B-GA,A,6,5,0,16,83.3,True,3,Made playoffs
P1890,2013-s3,B,2013-s3-B-GA,A,5,1,4,3,20.0,False,,Group stage
P1858,2013-s3,B,2013-s3-B-GA,A,6,3,3,9,50.0,True,20,Made playoffs
P1899,2013-s3,B,2013-s3-B-GA,A,6,5,1,15,83.3,True,7,Made playoffs
P1797,2013-s3,B,2013-s3-B-GA,A,5,1,4,3,20.0,False,,Group stage
P1837,2013-s3,B,2013-s3-B-GA,A,6,4,1,13,66.7,True,9,Made playoffs
P1872,2013-s3,B,2013-s3-B-GB,B,5,5,0,15,100.0,False,,Group stage
P1381,2013-s3,B,2013-s3-B-GB,B,5,2,2,7,40.0,True,22,Made playoffs
P1889,2013-s3,B,2013-s3-B-GB,B,6,4,1,13,66.7,False,,Group stage
P1395,2013-s3,B,2013-s3-B-GB,B,4,1,3,3,25.0,False,,Group stage
P1204,2013-s3,B,2013-s3-B-GB,B,6,2,4,6,33.3,False,,Group stage
P1883,2013-s3,B,2013-s3-B-GB,B,6,0,6,0,0.0,False,,Group stage
P1896,2013-s3,B,2013-s3-B-GB,B,6,4,2,12,66.7,True,11,Champion
P1908,2013-s3,B,2013-s3-B-GC,C,0,,,,,True,13,Made playoffs
P1466,2013-s3,B,2013-s3-B-GC,C,0,,,,,True,5,Made playoffs
P1923,2013-s3,B,2013-s3-B-GC,C,0,,,,,False,,Group stage
P1922,2013-s3,B,2013-s3-B-GC,C,0,,,,,False,,Group stage
P1736,2013-s3,B,2013-s3-B-GC,C,0,,,,,True,19,Made playoffs
P1833,2013-s3,B,2013-s3-B-GC,C,0,,,,,False,,Group stage
P1786,2013-s3,B,2013-s3-B-GD,D,2,1,1,3,50.0,False,,Group stage
P1717,2013-s3,B,2013-s3-B-GD,D,4,1,3,3,25.0,False,,Group stage
P1892,2013-s3,B,2013-s3-B-GD,D,5,4,1,12,80.0,True,8,Made playoffs
P1870,2013-s3,B,2013-s3-B-GD,D,5,4,1,12,80.0,True,4,Made playoffs
P1869,2013-s3,B,2013-s3-B-GD,D,4,3,1,9,75.0,True,12,Made playoffs
P1897,2013-s3,B,2013-s3-B-GD,D,5,0,5,0,0.0,False,,Group stage
P1873,2013-s3,B,2013-s3-B-GD,D,3,1,2,3,33.3,False,,Group stage
P1859,2013-s3,B,2013-s3-B-GE,E,0,0,0,0,0.0,True,14,Made playoffs
P1733,2013-s3,B,2013-s3-B-GE,E,0,0,0,0,0.0,True,1,Runner-up
P1914,2013-s3,B,2013-s3-B-GE,E,0,0,0,0,0.0,False,,Group stage
P1800,2013-s3,B,2013-s3-B-GE,E,0,0,0,0,0.0,False,,Group stage
P1743,2013-s3,B,2013-s3-B-GE,E,0,0,0,0,0.0,True,6,Made playoffs
P1861,2013-s3,B,2013-s3-B-GE,E,0,0,0,0,0.0,False,,Group stage
P1831,2013-s3,B,2013-s3-B-GE,E,0,0,0,0,0.0,False,,Group stage
P1587,2013-s4,A,2013-s4-A-GA,A,6,6,0,18,100.0,True,2,Champion
P1886,2013-s4,A,2013-s4-A-GA,A,5,3,2,9,60.0,True,17,Made playoffs
P1588,2013-s4,A,2013-s4-A-GA,A,5,2,3,6,40.0,True,24,Made playoffs
P1788,2013-s4,A,2013-s4-A-GA,A,6,4,1,13,66.7,True,9,Made playoffs
P1526,2013-s4,A,2013-s4-A-GA,A,5,1,3,4,20.0,False,,Group stage
P1835,2013-s4,A,2013-s4-A-GA,A,3,1,2,3,33.3,False,,Group stage
P1772,2013-s4,A,2013-s4-A-GA,A,3,0,3,0,0.0,False,,Group stage
P1732,2013-s4,A,2013-s4-A-GB,B,6,3,1,11,50.0,True,14,Made playoffs
P1802,2013-s4,A,2013-s4-A-GB,B,6,6,0,18,100.0,False,,Group stage
P1270,2013-s4,A,2013-s4-A-GB,B,6,4,1,13,66.7,True,12,Made playoffs
P1825,2013-s4,A,2013-s4-A-GB,B,5,1,4,3,20.0,False,,Group stage
P1096,2013-s4,A,2013-s4-A-GB,B,3,0,2,1,0.0,False,,Group stage
P1818,2013-s4,A,2013-s4-A-GB,B,5,2,3,6,40.0,False,,Group stage
P1733,2013-s4,A,2013-s4-A-GB,B,5,0,5,0,0.0,False,,Group stage
P1791,2013-s4,A,2013-s4-A-GC,C,5,5,0,15,100.0,True,4,Made playoffs
P0969,2013-s4,A,2013-s4-A-GC,C,5,4,1,12,80.0,True,8,Runner-up
P1757,2013-s4,A,2013-s4-A-GC,C,5,1,4,3,20.0,False,,Group stage
P1531,2013-s4,A,2013-s4-A-GC,C,4,2,2,6,50.0,False,,Group stage
P1743,2013-s4,A,2013-s4-A-GC,C,5,0,5,0,0.0,False,,Group stage
P0076,2013-s4,A,2013-s4-A-GC,C,2,0,1,1,0.0,False,,Group stage
P1763,2013-s4,A,2013-s4-A-GC,C,6,3,2,10,50.0,True,16,Made playoffs
P1202,2013-s4,A,2013-s4-A-GD,D,4,3,1,9,75.0,True,19,Made playoffs
P0709,2013-s4,A,2013-s4-A-GD,D,4,2,2,6,50.0,False,,Group stage
P1604,2013-s4,A,2013-s4-A-GD,D,5,2,2,7,40.0,False,,Group stage
P1104,2013-s4,A,2013-s4-A-GD,D,2,0,2,0,0.0,False,,Group stage
P1650,2013-s4,A,2013-s4-A-GD,D,6,5,1,15,83.3,True,7,Made playoffs
P1419,2013-s4,A,2013-s4-A-GD,D,6,3,2,10,50.0,True,15,Made playoffs
P1664,2013-s4,A,2013-s4-A-GD,D,5,2,3,6,40.0,False,,Group stage
P1316,2013-s4,A,2013-s4-A-GE,E,3,1,2,3,33.3,True,21,Made playoffs
P1578,2013-s4,A,2013-s4-A-GE,E,1,0,1,0,0.0,False,,Group stage
P1895,2013-s4,A,2013-s4-A-GE,E,2,0,2,0,0.0,False,,Group stage
P0182,2013-s4,A,2013-s4-A-GE,E,5,4,1,12,80.0,True,10,Made playoffs
P1830,2013-s4,A,2013-s4-A-GE,E,6,6,0,18,100.0,True,1,Made playoffs
P1862,2013-s4,A,2013-s4-A-GE,E,2,0,2,0,0.0,False,,Group stage
P1896,2013-s4,A,2013-s4-A-GE,E,0,0,0,0,0.0,False,,Group stage
P1871,2013-s4,A,2013-s4-A-GF,F,6,4,1,13,66.7,True,11,Made playoffs
P1860,2013-s4,A,2013-s4-A-GF,F,3,0,3,0,0.0,False,,Group stage
P1567,2013-s4,A,2013-s4-A-GF,F,6,5,0,16,83.3,True,5,Made playoffs
P0064,2013-s4,A,2013-s4-A-GF,F,4,3,1,9,75.0,True,18,Made playoffs
P1932,2013-s4,A,2013-s4-A-GF,F,5,2,3,6,40.0,False,,Group stage
P0464,2013-s4,A,2013-s4-A-GF,F,5,0,5,0,0.0,False,,Group stage
P1901,2013-s4,A,2013-s4-A-GF,F,5,2,3,6,40.0,False,,Group stage
P0368,2013-s4,A,2013-s4-A-GG,G,0,0,0,0,0.0,True,6,Made playoffs
P1793,2013-s4,A,2013-s4-A-GG,G,0,0,0,0,0.0,True,13,Made playoffs
P1396,2013-s4,A,2013-s4-A-GG,G,0,0,0,0,0.0,True,20,Made playoffs
P1841,2013-s4,A,2013-s4-A-GG,G,0,0,0,0,0.0,True,22,Made playoffs
P1425,2013-s4,A,2013-s4-A-GG,G,0,0,0,0,0.0,False,,Group stage
P0951,2013-s4,A,2013-s4-A-GG,G,0,0,0,0,0.0,False,,Group stage
P1768,2013-s4,A,2013-s4-A-GG,G,0,0,0,0,0.0,False,,Group stage
P0364,2013-s4,B,2013-s4-B-GA,A,6,4,2,12,66.7,True,10,Made playoffs
P1761,2013-s4,B,2013-s4-B-GA,A,6,4,0,14,66.7,True,5,Made playoffs
P1917,2013-s4,B,2013-s4-B-GA,A,5,1,3,4,20.0,False,,Group stage
P1888,2013-s4,B,2013-s4-B-GA,A,5,0,4,1,0.0,False,,Group stage
P1858,2013-s4,B,2013-s4-B-GA,A,5,0,5,0,0.0,False,,Group stage
P1867,2013-s4,B,2013-s4-B-GA,A,6,4,1,13,66.7,True,9,Made playoffs
P1926,2013-s4,B,2013-s4-B-GA,A,6,3,2,10,50.0,True,20,Made playoffs
P1743,2013-s4,B,2013-s4-B-GB,B,6,5,1,15,83.3,True,8,Made playoffs
P1870,2013-s4,B,2013-s4-B-GB,B,6,4,2,12,66.7,True,11,Made playoffs
P1813,2013-s4,B,2013-s4-B-GB,B,6,5,1,15,83.3,True,2,Made playoffs
P1910,2013-s4,B,2013-s4-B-GB,B,5,0,5,0,0.0,False,,Group stage
P1381,2013-s4,B,2013-s4-B-GB,B,6,2,4,6,33.3,False,,Group stage
P1859,2013-s4,B,2013-s4-B-GB,B,6,4,2,12,66.7,True,19,Made playoffs
P1924,2013-s4,B,2013-s4-B-GB,B,5,0,5,0,0.0,False,,Group stage
P1889,2013-s4,B,2013-s4-B-GC,C,5,2,3,6,40.0,False,,Group stage
P0772,2013-s4,B,2013-s4-B-GC,C,6,4,2,12,66.7,True,13,Made playoffs
P1869,2013-s4,B,2013-s4-B-GC,C,5,5,0,15,100.0,True,3,Made playoffs
P1179,2013-s4,B,2013-s4-B-GC,C,6,3,3,9,50.0,True,17,Made playoffs
P1908,2013-s4,B,2013-s4-B-GC,C,5,1,4,3,20.0,False,,Group stage
P1486,2013-s4,B,2013-s4-B-GC,C,4,2,2,6,50.0,False,,Group stage
P1800,2013-s4,B,2013-s4-B-GC,C,3,0,3,0,0.0,False,,Group stage
P1872,2013-s4,B,2013-s4-B-GD,D,3,2,1,6,66.7,True,18,Made playoffs
P1923,2013-s4,B,2013-s4-B-GD,D,1,1,0,3,100.0,False,,Group stage
P1717,2013-s4,B,2013-s4-B-GD,D,4,2,1,7,50.0,True,15,Made playoffs
P0380,2013-s4,B,2013-s4-B-GD,D,2,1,1,3,50.0,False,,Group stage
P1736,2013-s4,B,2013-s4-B-GD,D,4,1,2,4,25.0,False,,Group stage
P1920,2013-s4,B,2013-s4-B-GD,D,4,0,4,0,0.0,False,,Group stage
P1919,2013-s4,B,2013-s4-B-GD,D,6,4,2,12,66.7,True,6,Made playoffs
P1730,2013-s4,B,2013-s4-B-GE,E,6,4,2,12,66.7,True,12,Made playoffs
P1523,2013-s4,B,2013-s4-B-GE,E,6,6,0,18,100.0,True,1,Runner-up
P1890,2013-s4,B,2013-s4-B-GE,E,6,2,4,6,33.3,False,,Group stage
P1916,2013-s4,B,2013-s4-B-GE,E,5,2,3,6,40.0,False,,Group stage
P1905,2013-s4,B,2013-s4-B-GE,E,0,0,0,0,0.0,False,,Group stage
P1914,2013-s4,B,2013-s4-B-GE,E,5,1,4,3,20.0,False,,Group stage
P1899,2013-s4,B,2013-s4-B-GE,E,6,5,1,15,83.3,True,7,Made playoffs
P1891,2013-s4,B,2013-s4-B-GF,F,0,0,0,0,0.0,False,,Group stage
P1586,2013-s4,B,2013-s4-B-GF,F,0,0,0,0,0.0,True,16,Made playoffs
P1837,2013-s4,B,2013-s4-B-GF,F,0,0,0,0,0.0,False,,Group stage
P1904,2013-s4,B,2013-s4-B-GF,F,0,0,0,0,0.0,True,14,Made playoffs
P1906,2013-s4,B,2013-s4-B-GF,F,0,0,0,0,0.0,False,,Group stage
P1861,2013-s4,B,2013-s4-B-GF,F,0,0,0,0,0.0,True,4,Made playoffs
P1907,2013-s4,B,2013-s4-B-GF,F,0,0,0,0,0.0,False,,Group stage
P1791,2013-s5,A,2013-s5-A-GA,A,5,3,2,9,60.0,True,14,Champion
P1732,2013-s5,A,2013-s5-A-GA,A,6,3,2,10,50.0,True,15,Made playoffs
P1270,2013-s5,A,2013-s5-A-GA,A,5,4,1,12,80.0,True,5,Made playoffs
P1841,2013-s5,A,2013-s5-A-GA,A,5,2,3,6,40.0,False,,Group stage
P1772,2013-s5,A,2013-s5-A-GA,A,3,1,1,4,33.3,False,,Group stage
P1531,2013-s5,A,2013-s5-A-GA,A,3,1,2,3,33.3,False,,Group stage
P1627,2013-s5,A,2013-s5-A-GA,A,3,1,2,3,33.3,False,,Group stage
P1588,2013-s5,A,2013-s5-A-GB,B,5,3,2,9,60.0,True,16,Made playoffs
P1865,2013-s5,A,2013-s5-A-GB,B,3,0,2,1,0.0,False,,Group stage
P1425,2013-s5,A,2013-s5-A-GB,B,6,2,3,7,33.3,True,21,Made playoffs
P1839,2013-s5,A,2013-s5-A-GB,B,6,6,0,18,100.0,True,1,Made playoffs
P0772,2013-s5,A,2013-s5-A-GB,B,5,2,2,7,40.0,True,18,Made playoffs
P1763,2013-s5,A,2013-s5-A-GB,B,6,1,3,5,16.7,False,,Group stage
P1419,2013-s5,A,2013-s5-A-GB,B,5,1,3,4,20.0,False,,Group stage
P1793,2013-s5,A,2013-s5-A-GC,C,6,4,2,12,66.7,True,13,Made playoffs
P1202,2013-s5,A,2013-s5-A-GC,C,6,6,0,18,100.0,True,2,Made playoffs
P1788,2013-s5,A,2013-s5-A-GC,C,4,2,2,6,50.0,True,17,Runner-up
P1934,2013-s5,A,2013-s5-A-GC,C,5,2,3,6,40.0,False,,Group stage
P1604,2013-s5,A,2013-s5-A-GC,C,5,2,2,7,40.0,False,,Group stage
P0064,2013-s5,A,2013-s5-A-GC,C,4,0,3,1,0.0,False,,Group stage
P1877,2013-s5,A,2013-s5-A-GC,C,5,0,5,0,0.0,False,,Group stage
P0754,2013-s5,A,2013-s5-A-GD,D,6,0,6,0,0.0,False,,Group stage
P1567,2013-s5,A,2013-s5-A-GD,D,6,5,0,16,83.3,True,3,Made playoffs
P1757,2013-s5,A,2013-s5-A-GD,D,5,1,4,3,20.0,False,,Group stage
P1096,2013-s5,A,2013-s5-A-GD,D,6,5,1,15,83.3,True,9,Made playoffs
P1734,2013-s5,A,2013-s5-A-GD,D,6,4,1,13,66.7,True,10,Made playoffs
P1523,2013-s5,A,2013-s5-A-GD,D,5,2,3,6,40.0,False,,Group stage
P1805,2013-s5,A,2013-s5-A-GD,D,6,2,4,6,33.3,False,,Group stage
P1871,2013-s5,A,2013-s5-A-GE,E,6,5,1,15,83.3,True,7,Made playoffs
P1316,2013-s5,A,2013-s5-A-GE,E,6,5,1,15,83.3,True,4,Made playoffs
P1650,2013-s5,A,2013-s5-A-GE,E,5,0,4,1,0.0,False,,Group stage
P1396,2013-s5,A,2013-s5-A-GE,E,6,3,3,9,50.0,True,20,Made playoffs
P1024,2013-s5,A,2013-s5-A-GE,E,5,1,3,4,20.0,False,,Group stage
P1898,2013-s5,A,2013-s5-A-GE,E,4,0,4,0,0.0,False,,Group stage
P1860,2013-s5,A,2013-s5-A-GE,E,5,4,1,12,80.0,True,11,Made playoffs
P1587,2013-s5,A,2013-s5-A-GF,F,0,0,0,0,0.0,True,6,Made playoffs
P1825,2013-s5,A,2013-s5-A-GF,F,0,0,0,0,0.0,False,,Group stage
P1866,2013-s5,A,2013-s5-A-GF,F,0,0,0,0,0.0,False,,Group stage
P1830,2013-s5,A,2013-s5-A-GF,F,0,0,0,0,0.0,True,8,Made playoffs
P1818,2013-s5,A,2013-s5-A-GF,F,0,0,0,0,0.0,False,,Group stage
P0490,2013-s5,A,2013-s5-A-GF,F,0,0,0,0,0.0,True,12,Made playoffs
P1854,2013-s5,A,2013-s5-A-GF,F,0,0,0,0,0.0,False,,Group stage
P0364,2013-s5,B,2013-s5-B-GA,A,6,4,1,13,66.7,True,3,Made playoffs
P1743,2013-s5,B,2013-s5-B-GA,A,6,4,1,13,66.7,True,6,Made playoffs
P1666,2013-s5,B,2013-s5-B-GA,A,6,4,2,12,66.7,True,9,Made playoffs
P1586,2013-s5,B,2013-s5-B-GA,A,6,3,3,9,50.0,False,,Group stage
P1858,2013-s5,B,2013-s5-B-GA,A,5,2,3,6,40.0,False,,Group stage
P1800,2013-s5,B,2013-s5-B-GA,A,6,1,5,3,16.7,False,,Group stage
P1717,2013-s5,B,2013-s5-B-GA,A,5,1,4,3,20.0,False,,Group stage
P1813,2013-s5,B,2013-s5-B-GB,B,4,4,0,12,100.0,True,10,Made playoffs
P1768,2013-s5,B,2013-s5-B-GB,B,5,1,4,3,20.0,False,,Group stage
P1862,2013-s5,B,2013-s5-B-GB,B,4,3,1,9,75.0,False,,Group stage
P1908,2013-s5,B,2013-s5-B-GB,B,5,0,4,1,0.0,False,,Group stage
P1879,2013-s5,B,2013-s5-B-GB,B,5,4,1,12,80.0,True,4,Made playoffs
P1837,2013-s5,B,2013-s5-B-GB,B,3,0,2,1,0.0,False,,Group stage
P1761,2013-s5,B,2013-s5-B-GB,B,6,3,3,9,50.0,True,16,Made playoffs
P1593,2013-s5,B,2013-s5-B-GC,C,6,5,1,15,83.3,True,2,Champion
P1736,2013-s5,B,2013-s5-B-GC,C,4,1,3,3,25.0,False,,Group stage
P1753,2013-s5,B,2013-s5-B-GC,C,5,4,1,12,80.0,True,12,Made playoffs
P1904,2013-s5,B,2013-s5-B-GC,C,4,0,4,0,0.0,False,,Group stage
P1919,2013-s5,B,2013-s5-B-GC,C,6,4,2,12,66.7,True,7,Made playoffs
P1733,2013-s5,B,2013-s5-B-GC,C,6,3,3,9,50.0,False,,Group stage
P1899,2013-s5,B,2013-s5-B-GD,D,6,2,3,7,33.3,False,,Group stage
P1786,2013-s5,B,2013-s5-B-GD,D,5,2,2,7,40.0,False,,Group stage
P1355,2013-s5,B,2013-s5-B-GD,D,5,2,3,6,40.0,False,,Group stage
P1861,2013-s5,B,2013-s5-B-GD,D,5,2,3,6,40.0,False,,Group stage
P1901,2013-s5,B,2013-s5-B-GD,D,6,3,1,11,50.0,True,13,Made playoffs
P1885,2013-s5,B,2013-s5-B-GD,D,3,1,2,3,33.3,False,,Group stage
P1891,2013-s5,B,2013-s5-B-GD,D,6,4,2,12,66.7,True,5,Made playoffs
P1867,2013-s5,B,2013-s5-B-GE,E,0,0,0,0,0.0,True,1,Made playoffs
P1664,2013-s5,B,2013-s5-B-GE,E,0,0,0,0,0.0,True,11,Made playoffs
P1739,2013-s5,B,2013-s5-B-GE,E,0,0,0,0,0.0,False,,Group stage
P1917,2013-s5,B,2013-s5-B-GE,E,0,0,0,0,0.0,False,,Group stage
P1890,2013-s5,B,2013-s5-B-GE,E,0,0,0,0,0.0,False,,Group stage
P1213,2013-s5,B,2013-s5-B-GE,E,0,0,0,0,0.0,True,8,Runner-up
P1381,2013-s5,B,2013-s5-B-GE,E,0,0,0,0,0.0,False,,Group stage
P1791,2014-s1,A,2014-s1-A-GA,A,6,4,1,13,66.7,True,4,Runner-up
P0969,2014-s1,A,2014-s1-A-GA,A,6,3,2,10,50.0,True,15,Champion
P1825,2014-s1,A,2014-s1-A-GA,A,6,3,3,9,50.0,True,22,Made playoffs
P0754,2014-s1,A,2014-s1-A-GA,A,6,3,2,10,50.0,True,13,Made playoffs
P1753,2014-s1,A,2014-s1-A-GA,A,6,3,3,9,50.0,False,,Group stage
P1818,2014-s1,A,2014-s1-A-GA,A,5,1,3,4,20.0,False,,Group stage
P1526,2014-s1,A,2014-s1-A-GA,A,5,1,4,3,20.0,False,,Group stage
P1587,2014-s1,A,2014-s1-A-GB,B,6,5,1,15,83.3,True,3,Made playoffs
P1316,2014-s1,A,2014-s1-A-GB,B,6,3,1,11,50.0,True,12,Made playoffs
P1763,2014-s1,A,2014-s1-A-GB,B,6,1,3,5,16.7,False,,Group stage
P1942,2014-s1,A,2014-s1-A-GB,B,6,3,3,9,50.0,False,,Group stage
P1901,2014-s1,A,2014-s1-A-GB,B,6,0,6,0,0.0,False,,Group stage
P1213,2014-s1,A,2014-s1-A-GB,B,6,3,2,10,50.0,True,21,Made playoffs
P1761,2014-s1,A,2014-s1-A-GB,B,6,3,2,10,50.0,True,14,Made playoffs
P1886,2014-s1,A,2014-s1-A-GC,C,5,2,3,6,40.0,False,,Group stage
P1425,2014-s1,A,2014-s1-A-GC,C,6,4,2,12,66.7,True,9,Made playoffs
P1805,2014-s1,A,2014-s1-A-GC,C,6,6,0,18,100.0,True,1,Made playoffs
P1523,2014-s1,A,2014-s1-A-GC,C,6,2,4,6,33.3,False,,Group stage
P1419,2014-s1,A,2014-s1-A-GC,C,6,5,1,15,83.3,True,7,Made playoffs
P1854,2014-s1,A,2014-s1-A-GC,C,4,0,4,0,0.0,False,,Group stage
P1396,2014-s1,A,2014-s1-A-GC,C,6,0,6,0,0.0,False,,Group stage
P1567,2014-s1,A,2014-s1-A-GD,D,6,3,2,10,50.0,True,19,Made playoffs
P1270,2014-s1,A,2014-s1-A-GD,D,6,4,2,12,66.7,True,10,Made playoffs
P1752,2014-s1,A,2014-s1-A-GD,D,6,4,2,12,66.7,True,6,Made playoffs
P1593,2014-s1,A,2014-s1-A-GD,D,5,2,3,6,40.0,False,,Group stage
P1862,2014-s1,A,2014-s1-A-GD,D,6,0,6,0,0.0,False,,Group stage
P0772,2014-s1,A,2014-s1-A-GD,D,6,3,2,10,50.0,True,20,Made playoffs
P1870,2014-s1,A,2014-s1-A-GD,D,6,4,2,12,66.7,True,8,Made playoffs
P1830,2014-s1,A,2014-s1-A-GE,E,4,3,1,9,75.0,True,16,Made playoffs
P1757,2014-s1,A,2014-s1-A-GE,E,4,3,1,9,75.0,True,17,Made playoffs
P1860,2014-s1,A,2014-s1-A-GE,E,4,4,0,12,100.0,True,5,Made playoffs
P1024,2014-s1,A,2014-s1-A-GE,E,4,2,2,6,50.0,False,,Group stage
P1948,2014-s1,A,2014-s1-A-GE,E,5,1,4,3,20.0,False,,Group stage
P1734,2014-s1,A,2014-s1-A-GE,E,6,2,4,6,33.3,False,,Group stage
P1664,2014-s1,A,2014-s1-A-GE,E,2,0,2,0,0.0,False,,Group stage
P1788,2014-s1,A,2014-s1-A-GF,F,0,0,0,0,0.0,True,2,Made playoffs
P1588,2014-s1,A,2014-s1-A-GF,F,0,0,0,0,0.0,False,,Group stage
P1867,2014-s1,A,2014-s1-A-GF,F,0,0,0,0,0.0,False,,Group stage
P1531,2014-s1,A,2014-s1-A-GF,F,0,0,0,0,0.0,True,18,Made playoffs
P1841,2014-s1,A,2014-s1-A-GF,F,0,0,0,0,0.0,True,11,Made playoffs
P1604,2014-s1,A,2014-s1-A-GF,F,0,0,0,0,0.0,False,,Group stage
P1740,2014-s1,A,2014-s1-A-GF,F,0,0,0,0,0.0,False,,Group stage
P1943,2014-s1,B,2014-s1-B-GA,A,4,1,3,3,25.0,True,15,Made playoffs
P1592,2014-s1,B,2014-s1-B-GA,A,2,0,2,0,0.0,False,,Group stage
P1941,2014-s1,B,2014-s1-B-GA,A,6,6,0,18,100.0,True,1,Made playoffs
P1939,2014-s1,B,2014-s1-B-GA,A,1,0,1,0,0.0,False,,Group stage
P1904,2014-s1,B,2014-s1-B-GA,A,5,4,1,12,80.0,True,6,Made playoffs
P1938,2014-s1,B,2014-s1-B-GA,A,3,1,2,3,33.3,False,,Group stage
P1804,2014-s1,B,2014-s1-B-GA,A,4,1,3,3,25.0,False,,Group stage
P1771,2014-s1,B,2014-s1-B-GB,B,6,3,1,11,50.0,True,10,Runner-up
P1800,2014-s1,B,2014-s1-B-GB,B,6,1,4,4,16.7,False,,Group stage
P1736,2014-s1,B,2014-s1-B-GB,B,6,4,2,12,66.7,True,5,Made playoffs
P1717,2014-s1,B,2014-s1-B-GB,B,6,3,2,10,50.0,True,14,Made playoffs
P1743,2014-s1,B,2014-s1-B-GB,B,6,2,4,6,33.3,True,2,Made playoffs
P1946,2014-s1,B,2014-s1-B-GB,B,6,3,2,10,50.0,False,,Group stage
P1861,2014-s1,B,2014-s1-B-GB,B,6,2,3,7,33.3,False,,Group stage
P1899,2014-s1,B,2014-s1-B-GC,C,5,2,2,7,40.0,False,,Group stage
P1813,2014-s1,B,2014-s1-B-GC,C,5,4,0,13,80.0,True,4,Made playoffs
P1730,2014-s1,B,2014-s1-B-GC,C,5,3,1,10,60.0,True,16,Made playoffs
P1947,2014-s1,B,2014-s1-B-GC,C,6,0,6,0,0.0,False,,Group stage
P1937,2014-s1,B,2014-s1-B-GC,C,6,3,2,10,50.0,True,13,Made playoffs
P1914,2014-s1,B,2014-s1-B-GC,C,6,1,5,3,16.7,False,,Group stage
P1879,2014-s1,B,2014-s1-B-GC,C,5,4,1,12,80.0,True,12,Made playoffs
P1786,2014-s1,B,2014-s1-B-GD,D,4,2,1,7,50.0,False,,Group stage
P1381,2014-s1,B,2014-s1-B-GD,D,5,4,1,12,80.0,True,7,Made playoffs
P1908,2014-s1,B,2014-s1-B-GD,D,6,2,4,6,33.3,False,,Group stage
P1940,2014-s1,B,2014-s1-B-GD,D,6,0,5,1,0.0,False,,Group stage
P1859,2014-s1,B,2014-s1-B-GD,D,6,4,2,12,66.7,True,9,Made playoffs
P1890,2014-s1,B,2014-s1-B-GD,D,4,0,3,1,0.0,False,,Group stage
P1733,2014-s1,B,2014-s1-B-GE,E,0,0,0,0,0.0,True,8,Champion
P1921,2014-s1,B,2014-s1-B-GE,E,0,0,0,0,0.0,False,,Group stage
P1944,2014-s1,B,2014-s1-B-GE,E,0,0,0,0,0.0,False,,Group stage
P1945,2014-s1,B,2014-s1-B-GE,E,0,0,0,0,0.0,False,,Group stage
P1355,2014-s1,B,2014-s1-B-GE,E,0,0,0,0,0.0,True,3,Made playoffs
P1858,2014-s1,B,2014-s1-B-GE,E,0,0,0,0,0.0,False,,Group stage
P1586,2014-s1,B,2014-s1-B-GE,E,0,0,0,0,0.0,True,11,Made playoffs
P0154,2005-s2,single,,,,,,,,True,3,Made playoffs
P0083,2005-s2,single,,,,,,,,True,15,Made playoffs
P0023,2005-s3,single,,,,,,,,True,9,Made playoffs
P0136,2005-s4,single,,,,,,,,True,15,Made playoffs
P0059,2005-s4,single,,,,,,,,True,29,Made playoffs
P0257,2006-s1,A,,,,,,,,True,1,Made playoffs
P0060,2006-s1,A,,,,,,,,True,2,Made playoffs
P0330,2006-s1,A,,,,,,,,True,3,Made playoffs
P0243,2006-s1,A,,,,,,,,True,4,Made playoffs
P0362,2006-s1,A,,,,,,,,True,5,Made playoffs
P0325,2006-s1,A,,,,,,,,True,6,Made playoffs
P0140,2006-s1,A,,,,,,,,True,7,Made playoffs
P0238,2006-s1,A,,,,,,,,True,8,Made playoffs
P0478,2006-s1,A,,,,,,,,True,9,Champion
P0332,2006-s1,A,,,,,,,,True,10,Made playoffs
P0053,2006-s1,A,,,,,,,,True,11,Made playoffs
P0094,2006-s1,A,,,,,,,,True,12,Made playoffs
P0444,2006-s1,A,,,,,,,,True,13,Made playoffs
P0410,2006-s1,A,,,,,,,,True,14,Made playoffs
P0024,2006-s1,A,,,,,,,,True,15,Made playoffs
P0297,2006-s1,A,,,,,,,,True,16,Made playoffs
P0258,2006-s1,A,,,,,,,,True,17,Made playoffs
P0476,2006-s1,A,,,,,,,,True,18,Made playoffs
P0062,2006-s1,A,,,,,,,,True,19,Made playoffs
P0334,2006-s1,A,,,,,,,,True,20,Made playoffs
P0545,2006-s1,A,,,,,,,,True,21,Made playoffs
P0569,2006-s1,A,,,,,,,,True,22,Made playoffs
P0316,2006-s1,A,,,,,,,,True,23,Made playoffs
P0490,2006-s1,A,,,,,,,,True,24,Made playoffs
P0349,2006-s1,A,,,,,,,,True,25,Made playoffs
P0196,2006-s1,A,,,,,,,,True,26,Made playoffs
P0033,2006-s1,A,,,,,,,,True,27,Made playoffs
P0381,2006-s1,A,,,,,,,,True,28,Made playoffs
P0017,2006-s1,A,,,,,,,,True,29,Made playoffs
P0386,2006-s1,A,,,,,,,,True,30,Made playoffs
P0619,2006-s1,A,,,,,,,,True,31,Made playoffs
P0073,2006-s1,A,,,,,,,,True,32,Runner-up
P0425,2006-s1,B,,,,,,,,True,1,Made playoffs
P0259,2006-s1,B,,,,,,,,True,2,Made playoffs
P0502,2006-s1,B,,,,,,,,True,3,Runner-up
P0057,2006-s1,B,,,,,,,,True,4,Made playoffs
P0160,2006-s1,B,,,,,,,,True,5,Made playoffs
P0088,2006-s1,B,,,,,,,,True,6,Made playoffs
P0185,2006-s1,B,,,,,,,,True,7,Made playoffs
P0372,2006-s1,B,,,,,,,,True,8,Made playoffs
P0443,2006-s1,B,,,,,,,,True,9,Made playoffs
P0398,2006-s1,B,,,,,,,,True,10,Made playoffs
P0450,2006-s1,B,,,,,,,,True,11,Made playoffs
P0231,2006-s1,B,,,,,,,,True,12,Made playoffs
P0387,2006-s1,B,,,,,,,,True,13,Made playoffs
P0546,2006-s1,B,,,,,,,,True,14,Champion
P0341,2006-s1,B,,,,,,,,True,15,Made playoffs
P0033,2006-s2,A,,,,,,,,True,1,Made playoffs
P0165,2006-s2,A,,,,,,,,True,2,Made playoffs
P0349,2006-s2,A,,,,,,,,True,3,Made playoffs
P0029,2006-s2,A,,,,,,,,True,4,Made playoffs
P0076,2006-s2,A,,,,,,,,True,5,Made playoffs
P0024,2006-s2,A,,,,,,,,True,6,Runner-up
P0226,2006-s2,A,,,,,,,,True,7,Made playoffs
P0158,2006-s2,A,,,,,,,,True,8,Made playoffs
P0297,2006-s2,A,,,,,,,,True,9,Made playoffs
P0077,2006-s2,A,,,,,,,,True,10,Made playoffs
P0261,2006-s2,A,,,,,,,,True,11,Made playoffs
P0331,2006-s2,A,,,,,,,,True,12,Made playoffs
P0488,2006-s2,A,,,,,,,,True,13,Made playoffs
P0274,2006-s2,A,,,,,,,,True,14,Made playoffs
P0271,2006-s2,A,,,,,,,,True,15,Made playoffs
P0478,2006-s2,A,,,,,,,,True,16,Made playoffs
P0335,2006-s2,A,,,,,,,,True,17,Made playoffs
P0334,2006-s2,A,,,,,,,,True,18,Made playoffs
P0053,2006-s2,A,,,,,,,,True,19,Made playoffs
P0224,2006-s2,A,,,,,,,,True,20,Made playoffs
P0500,2006-s2,A,,,,,,,,True,21,Made playoffs
P0243,2006-s2,A,,,,,,,,True,22,Made playoffs
P0487,2006-s2,A,,,,,,,,True,23,Made playoffs
P0255,2006-s2,A,,,,,,,,True,24,Made playoffs
P0140,2006-s2,A,,,,,,,,True,25,Made playoffs
P0258,2006-s2,A,,,,,,,,True,26,Champion
P0062,2006-s2,A,,,,,,,,True,27,Made playoffs
P0197,2006-s2,A,,,,,,,,True,28,Made playoffs
P0535,2006-s2,A,,,,,,,,True,29,Made playoffs
P0388,2006-s2,A,,,,,,,,True,30,Made playoffs
P0411,2006-s2,A,,,,,,,,True,31,Made playoffs
P0429,2006-s2,B,,,,,,,,True,1,Made playoffs
P0617,2006-s2,B,,,,,,,,True,2,Runner-up
P0058,2006-s2,B,,,,,,,,True,3,Made playoffs
P0502,2006-s2,B,,,,,,,,True,4,Made playoffs
P0483,2006-s2,B,,,,,,,,True,5,Made playoffs
P0357,2006-s2,B,,,,,,,,True,6,Made playoffs
P0206,2006-s2,B,,,,,,,,True,7,Made playoffs
P0514,2006-s2,B,,,,,,,,True,8,Made playoffs
P0288,2006-s2,B,,,,,,,,True,9,Made playoffs
P0457,2006-s2,B,,,,,,,,True,10,Champion
P0531,2006-s2,B,,,,,,,,True,11,Made playoffs
P0614,2006-s2,B,,,,,,,,True,12,Made playoffs
P0289,2006-s2,B,,,,,,,,True,13,Made playoffs
P0272,2006-s2,B,,,,,,,,True,14,Made playoffs
P0170,2006-s3,A,,,,,,,,True,1,Made playoffs
P0364,2006-s3,A,,,,,,,,True,6,Made playoffs
P0651,2006-s3,A,,,,,,,,True,23,Made playoffs
P0517,2006-s3,A,,,,,,,,True,24,Made playoffs
P0599,2006-s3,A,,,,,,,,True,27,Made playoffs
P0596,2006-s4,A,,,,,,,,True,3,Made playoffs
P0256,2006-s4,A,,,,,,,,True,7,Made playoffs
P0444,2006-s4,A,,,,,,,,True,12,Made playoffs
P0638,2006-s4,A,,,,,,,,True,17,Made playoffs
P0622,2006-s4,A,,,,,,,,True,24,Made playoffs
P0634,2006-s4,B,,,,,,,,True,5,Runner-up
P0543,2006-s4,B,,,,,,,,True,7,Made playoffs
P0524,2006-s4,B,,,,,,,,True,9,Made playoffs
P0645,2006-s4,B,,,,,,,,True,19,Made playoffs
P0553,2006-s5,A,,,,,,,,True,11,Made playoffs
P0295,2006-s5,A,,,,,,,,True,32,Made playoffs
P0478,2006-s6,A,,,,,,,,True,1,Made playoffs
P0473,2006-s6,A,,,,,,,,True,2,Made playoffs
P0172,2006-s6,A,,,,,,,,True,3,Made playoffs
P0600,2006-s6,A,,,,,,,,True,4,Made playoffs
P0073,2006-s6,A,,,,,,,,True,5,Runner-up
P0410,2006-s6,A,,,,,,,,True,6,Made playoffs
P0422,2006-s6,A,,,,,,,,True,7,Made playoffs
P0519,2006-s6,A,,,,,,,,True,8,Made playoffs
P0270,2006-s6,A,,,,,,,,True,9,Made playoffs
P0485,2006-s6,A,,,,,,,,True,10,Made playoffs
P0368,2006-s6,A,,,,,,,,True,11,Made playoffs
P0162,2006-s6,A,,,,,,,,True,12,Made playoffs
P0029,2006-s6,A,,,,,,,,True,13,Made playoffs
P0523,2006-s6,A,,,,,,,,True,14,Made playoffs
P0247,2006-s6,A,,,,,,,,True,15,Made playoffs
P0224,2006-s6,A,,,,,,,,True,16,Made playoffs
P0653,2006-s6,A,,,,,,,,True,17,Made playoffs
P0215,2006-s6,A,,,,,,,,True,18,Made playoffs
P0196,2006-s6,A,,,,,,,,True,19,Made playoffs
P0205,2006-s6,A,,,,,,,,True,20,Made playoffs
P0297,2006-s6,A,,,,,,,,True,21,Champion
P0642,2006-s6,A,,,,,,,,True,22,Made playoffs
P0365,2006-s6,A,,,,,,,,True,23,Made playoffs
P0552,2006-s6,A,,,,,,,,True,24,Made playoffs
P0477,2006-s6,A,,,,,,,,True,25,Made playoffs
P0622,2006-s6,A,,,,,,,,True,26,Made playoffs
P0378,2006-s6,A,,,,,,,,True,27,Made playoffs
P0206,2006-s6,A,,,,,,,,True,28,Made playoffs
P0030,2006-s6,A,,,,,,,,True,29,Made playoffs
P0612,2006-s6,A,,,,,,,,True,30,Made playoffs
P0474,2006-s6,A,,,,,,,,True,31,Made playoffs
P0306,2006-s6,A,,,,,,,,True,32,Made playoffs
P0448,2006-s6,B,,,,,,,,True,1,Runner-up
P0574,2006-s6,B,,,,,,,,True,2,Made playoffs
P0371,2006-s6,B,,,,,,,,True,3,Made playoffs
P0576,2006-s6,B,,,,,,,,True,4,Made playoffs
P0437,2006-s6,B,,,,,,,,True,5,Made playoffs
P0009,2006-s6,B,,,,,,,,True,6,Made playoffs
P0597,2006-s6,B,,,,,,,,True,7,Made playoffs
P0464,2006-s6,B,,,,,,,,True,8,Made playoffs
P0239,2006-s6,B,,,,,,,,True,9,Champion
P0520,2006-s6,B,,,,,,,,True,10,Made playoffs
P0126,2006-s6,B,,,,,,,,True,11,Made playoffs
P0434,2006-s6,B,,,,,,,,True,12,Made playoffs
P0652,2006-s6,B,,,,,,,,True,13,Made playoffs
P0299,2006-s6,B,,,,,,,,True,14,Made playoffs
P0648,2006-s6,B,,,,,,,,True,15,Made playoffs
P0449,2006-s6,B,,,,,,,,True,16,Made playoffs
P0561,2006-s7,A,,,,,,,,True,20,Made playoffs
P0301,2006-s7,B,,,,,,,,True,6,Made playoffs
P0605,2006-s7,B,,,,,,,,True,7,Made playoffs
P0433,2006-s7,B,,,,,,,,True,21,Made playoffs
P0442,2006-s7,B,,,,,,,,True,23,Made playoffs
P0608,2006-s7,B,,,,,,,,True,29,Made playoffs
P0847,2007-s2,A,,,,,,,,True,18,Made playoffs
P0685,2007-s2,B,,,,,,,,True,1,Made playoffs
P0756,2007-s2,B,,,,,,,,True,18,Made playoffs
P0907,2007-s2,B,,,,,,,,True,11,Made playoffs
P0697,2007-s3,A,,,,,,,,True,6,Made playoffs
P0724,2007-s3,A,,,,,,,,True,9,Made playoffs
P0945,2007-s3,A,,,,,,,,True,17,Made playoffs
P0884,2007-s3,B,,,,,,,,True,4,Made playoffs
P0768,2007-s3,B,,,,,,,,True,11,Made playoffs
P0833,2007-s4,A,,,,,,,,True,6,Made playoffs
P0871,2007-s4,A,,,,,,,,True,10,Made playoffs
P0891,2007-s4,A,,,,,,,,True,14,Made playoffs
P0656,2007-s4,A,,,,,,,,True,22,Made playoffs
P0900,2007-s4,A,,,,,,,,True,26,Made playoffs
P0924,2007-s4,A,,,,,,,,True,30,Made playoffs
P0915,2007-s4,B,,,,,,,,True,6,Made playoffs
P0730,2007-s4,B,,,,,,,,True,7,Made playoffs
P0943,2007-s4,B,,,,,,,,True,8,Made playoffs
P0930,2007-s4,B,,,,,,,,True,24,Made playoffs
P0911,2007-s4,B,,,,,,,,True,32,Made playoffs
P0760,2007-s5,B,,,,,,,,True,15,Made playoffs
P0941,2007-s5,B,,,,,,,,True,24,Made playoffs
P0239,2007-s6,A,,,,,,,,True,1,Made playoffs
P0936,2007-s6,A,,,,,,,,True,9,Made playoffs
P0944,2007-s6,A,,,,,,,,True,29,Made playoffs
P0832,2007-s6,B,,,,,,,,True,13,Made playoffs
P0677,2007-s6,B,,,,,,,,True,14,Made playoffs
P0942,2007-s6,B,,,,,,,,True,19,Made playoffs
P0840,2007-s6,B,,,,,,,,True,27,Made playoffs
P1107,2008-s1,B,,,,,,,,True,22,Made playoffs
P1131,2008-s2,B,,,,,,,,True,4,Made playoffs
P1274,2009-s3,B,,,,,,,,True,17,Made playoffs
P1334,2009-s5,A,,,,,,,,True,1,Champion
P1390,2009-s5,A,,,,,,,,True,16,Made playoffs
P1014,2009-s5,A,,,,,,,,True,17,Made playoffs
P0658,2009-s5,A,,,,,,,,True,8,Made playoffs
P1314,2009-s5,A,,,,,,,,True,25,Made playoffs
P1223,2009-s5,A,,,,,,,,True,9,Made playoffs
P0273,2009-s5,A,,,,,,,,True,24,Made playoffs
P1337,2009-s5,A,,,,,,,,True,4,Made playoffs
P1338,2009-s5,A,,,,,,,,True,13,Made playoffs
P1088,2009-s5,A,,,,,,,,True,20,Made playoffs
P1030,2009-s5,A,,,,,,,,True,5,Made playoffs
P0051,2009-s5,A,,,,,,,,True,28,Made playoffs
P1369,2009-s5,A,,,,,,,,True,12,Made playoffs
P0711,2009-s5,A,,,,,,,,True,21,Made playoffs
P0073,2009-s5,A,,,,,,,,True,2,Made playoffs
P0772,2009-s5,A,,,,,,,,True,15,Made playoffs
P1380,2009-s5,A,,,,,,,,True,18,Made playoffs
P0764,2009-s5,A,,,,,,,,True,7,Made playoffs
P1350,2009-s5,A,,,,,,,,True,26,Made playoffs
P1335,2009-s5,A,,,,,,,,True,10,Made playoffs
P1172,2009-s5,A,,,,,,,,True,23,Made playoffs
P0707,2009-s5,A,,,,,,,,True,3,Made playoffs
P1180,2009-s5,A,,,,,,,,True,14,Made playoffs
P0491,2009-s5,A,,,,,,,,True,19,Made playoffs
P1251,2009-s5,A,,,,,,,,True,6,Runner-up
P0951,2009-s5,A,,,,,,,,True,27,Made playoffs
P1389,2009-s5,A,,,,,,,,True,11,Made playoffs
P0368,2009-s5,A,,,,,,,,True,22,Made playoffs
P1053,2009-s5,B,,,,,,,,True,1,Made playoffs
P1359,2009-s5,B,,,,,,,,True,16,Made playoffs
P1258,2009-s5,B,,,,,,,,True,17,Made playoffs
P0217,2009-s5,B,,,,,,,,True,8,Made playoffs
P1371,2009-s5,B,,,,,,,,True,9,Made playoffs
P1240,2009-s5,B,,,,,,,,True,4,Made playoffs
P1271,2009-s5,B,,,,,,,,True,13,Made playoffs
P1189,2009-s5,B,,,,,,,,True,5,Champion
P1249,2009-s5,B,,,,,,,,True,12,Made playoffs
P0327,2009-s5,B,,,,,,,,True,2,Made playoffs
P1201,2009-s5,B,,,,,,,,True,15,Made playoffs
P1313,2009-s5,B,,,,,,,,True,18,Made playoffs
P1211,2009-s5,B,,,,,,,,True,7,Made playoffs
P1317,2009-s5,B,,,,,,,,True,10,Made playoffs
P1270,2009-s5,B,,,,,,,,True,3,Runner-up
P1319,2009-s5,B,,,,,,,,True,14,Made playoffs
P1374,2009-s5,B,,,,,,,,True,6,Made playoffs
P1199,2009-s5,B,,,,,,,,True,11,Made playoffs
P1350,2009-s6,A,,,,,,,,True,21,Made playoffs
P0672,2009-s6,A,,,,,,,,True,2,Made playoffs
P1270,2009-s6,A,,,,,,,,True,14,Made playoffs
P1564,2010-s1,A,,,,,,,,True,14,Made playoffs
P0672,2010-s2,A,,,,,,,,True,2,Made playoffs
P1565,2010-s2,A,,,,,,,,True,15,Made playoffs
P1562,2010-s2,A,,,,,,,,True,18,Made playoffs
P1518,2010-s2,A,,,,,,,,True,23,Made playoffs
P1557,2010-s2,A,,,,,,,,True,22,Made playoffs
P1476,2010-s2,B,,,,,,,,True,16,Made playoffs
P1505,2010-s2,B,,,,,,,,True,17,Made playoffs
P1523,2010-s2,B,,,,,,,,True,15,Made playoffs
P1529,2010-s2,B,,,,,,,,True,18,Made playoffs
P0672,2010-s3,A,,,,,,,,True,2,Runner-up
P1399,2010-s3,A,,,,,,,,True,22,Made playoffs
P1558,2010-s4,A,,,,,,,,True,25,Made playoffs
P1552,2010-s4,A,,,,,,,,True,28,Made playoffs
P1503,2010-s4,A,,,,,,,,True,26,Made playoffs
P1504,2010-s4,A,,,,,,,,True,27,Made playoffs
P1541,2010-s4,B,,,,,,,,True,16,Made playoffs
P1563,2010-s4,B,,,,,,,,True,17,Made playoffs
P1473,2010-s4,B,,,,,,,,True,20,Made playoffs
P1519,2010-s4,B,,,,,,,,True,2,Made playoffs
P1431,2010-s4,B,,,,,,,,True,18,Made playoffs
P1527,2010-s4,B,,,,,,,,True,19,Made playoffs
P1695,2011-s1,A,,,,,,,,True,22,Made playoffs
P1571,2011-s1,B,,,,,,,,True,16,Made playoffs
P1726,2011-s1,B,,,,,,,,True,17,Made playoffs
P1678,2011-s2,A,,,,,,,,True,16,Made playoffs
P1410,2011-s2,A,,,,,,,,True,11,Champion
P1727,2011-s2,B,,,,,,,,True,19,Made playoffs
P1340,2011-s3,A,,,,,,,,True,3,Made playoffs
P1634,2011-s3,B,,,,,,,,True,20,Made playoffs
P1712,2011-s3,B,,,,,,,,True,14,Made playoffs
P1599,2011-s3,B,,,,,,,,True,19,Made playoffs
P1692,2011-s3,B,,,,,,,,True,6,Made playoffs
P1665,2011-s5,B,,,,,,,,True,5,Made playoffs
P1853,2012-s1,A,,,,,,,,True,11,Made playoffs
P1748,2012-s1,A,,,,,,,,True,13,Made playoffs
P0064,2012-s1,B,,,,,,,,True,6,Champion
P1607,2012-s1,B,,,,,,,,True,7,Made playoffs
P1812,2012-s1,B,,,,,,,,True,11,Made playoffs
P0616,2012-s1,B,,,,,,,,True,20,Made playoffs
P1736,2012-s1,B,,,,,,,,True,21,Made playoffs
P1729,2012-s2,A,,,,,,,,True,32,Made playoffs
P1729,2012-s2,B,,,,,,,,True,32,Made playoffs
P1856,2012-s3,B,,,,,,,,True,3,Champion
P1785,2012-s4,A,,,,,,,,True,20,Made playoffs
P1751,2012-s4,B,,,,,,,,True,4,Champion
P1763,2012-s4,B,,,,,,,,True,18,Made playoffs
P1816,2012-s5,B,,,,,,,,True,10,Made playoffs
P1936,2013-s1,A,,,,,,,,True,14,Made playoffs
P1734,2013-s1,B,,,,,,,,True,1,Made playoffs
P1873,2013-s1,B,,,,,,,,True,6,Made playoffs
P1911,2013-s1,B,,,,,,,,True,8,Made playoffs
P1929,2013-s1,B,,,,,,,,True,11,Made playoffs
P1876,2013-s1,B,,,,,,,,True,12,Runner-up
P1909,2013-s2,A,,,,,,,,True,11,Made playoffs
P1894,2013-s2,A,,,,,,,,True,13,Made playoffs
P1908,2013-s2,B,,,,,,,,True,8,Made playoffs
P1873,2013-s2,B,,,,,,,,True,9,Made playoffs
P1333,2013-s2,B,,,,,,,,True,19,Made playoffs
P0873,2013-s3,A,,,,,,,,True,15,Made playoffs
P1791,2013-s3,B,,,,,,,,True,2,Made playoffs
P1935,2013-s3,B,,,,,,,,True,10,Made playoffs
P1933,2013-s4,A,,,,,,,,True,3,Made playoffs
P1734,2013-s4,A,,,,,,,,True,23,Made playoffs
P1915,2013-s5,A,,,,,,,,True,19,Made playoffs
P1928,2013-s5,B,,,,,,,,True,14,Made playoffs
P1925,2013-s5,B,,,,,,,,True,15,Made playoffs
